{"meta": {"date": "2022-09-29", "version": "5.2.0+20220929"}, "data": {"baseSetSize": 54, "cards": [], "code": "AMH1", "isFoilOnly": false, "isNonFoilOnly": true, "isOnlineOnly": false, "keyruneCode": "MH1", "name": "Modern Horizons Art Series", "parentCode": "MH1", "releaseDate": "2019-06-05", "tokens": [{"artist": "Suzanne Helmigh", "availability": ["paper"], "borderColor": "borderless", "colorIdentity": [], "colors": [], "faceName": "Chillerpillar", "finishes": ["nonfoil", "signed"], "frameVersion": "2015", "hasFoil": false, "hasNonFoil": true, "identifiers": {"mtgjsonV4Id": "8f91a6b8-c0c3-510e-bd39-95e801cfe297", "scryfallId": "8de2ff37-fdb7-4f77-9d48-e99afac9a79e", "scryfallIllustrationId": "6212644b-1700-4f2d-bbe3-d51bc45875e6", "scryfallOracleId": "7b21e8b3-8093-4773-b3d7-3647a21a3562"}, "language": "English", "layout": "art_series", "name": "Chillerpillar // Chillerpillar", "number": "1", "otherFaceIds": ["75138b6b-c6a8-5f2f-b82f-08d9c04ecc8d"], "reverseRelated": [], "setCode": "AMH1", "side": "a", "signature": "Suzanne Helmigh", "subtypes": [], "supertypes": [], "type": "Card", "types": ["Card"], "uuid": "d4588e8f-e5a0-53e5-ac90-0a5183f0d118"}, {"artist": "Suzanne Helmigh", "availability": ["paper"], "borderColor": "borderless", "colorIdentity": [], "colors": [], "faceName": "Chillerpillar", "finishes": ["nonfoil", "signed"], "frameVersion": "2015", "hasFoil": false, "hasNonFoil": true, "identifiers": {"mtgjsonV4Id": "62818e18-5ec6-591d-9e6a-ac7fdd552400", "scryfallId": "8de2ff37-fdb7-4f77-9d48-e99afac9a79e", "scryfallIllustrationId": "711030d0-8d7b-4820-aa0e-41f8bb161977", "scryfallOracleId": "7b21e8b3-8093-4773-b3d7-3647a21a3562"}, "language": "English", "layout": "art_series", "name": "Chillerpillar // Chillerpillar", "number": "1", "otherFaceIds": ["d4588e8f-e5a0-53e5-ac90-0a5183f0d118"], "reverseRelated": [], "setCode": "AMH1", "side": "b", "signature": "Suzanne Helmigh", "subtypes": [], "supertypes": [], "type": "Card", "types": ["Card"], "uuid": "75138b6b-c6a8-5f2f-b82f-08d9c04ecc8d"}, {"artist": "Tommy Arnold", "availability": ["paper"], "borderColor": "borderless", "colorIdentity": [], "colors": [], "faceName": "Watcher for Tomorrow", "finishes": ["nonfoil", "signed"], "frameVersion": "2015", "hasFoil": false, "hasNonFoil": true, "identifiers": {"mtgjsonV4Id": "82ac6a16-0ca0-5997-91ec-6b73f361e450", "scryfallId": "dab2899e-0a3f-48ea-b521-2b526ba63c4d", "scryfallIllustrationId": "35b7fa1e-dafd-4345-9f76-da85c3e9f1fe", "scryfallOracleId": "ae79d17e-b66e-4fcc-8f38-af8257c59781"}, "language": "English", "layout": "art_series", "name": "Watcher for Tomorrow // Watcher for Tomorrow", "number": "2", "otherFaceIds": ["25ee4a42-d60a-5989-abe4-901a9a363881"], "reverseRelated": [], "setCode": "AMH1", "side": "a", "signature": "Tommy Arnold", "subtypes": [], "supertypes": [], "type": "Card", "types": ["Card"], "uuid": "098adb8e-bec0-512e-a347-4724ec19fa5a"}, {"artist": "Tommy Arnold", "availability": ["paper"], "borderColor": "borderless", "colorIdentity": [], "colors": [], "faceName": "Watcher for Tomorrow", "finishes": ["nonfoil", "signed"], "frameVersion": "2015", "hasFoil": false, "hasNonFoil": true, "identifiers": {"mtgjsonV4Id": "02692708-f60b-5a37-a245-737a407e192f", "scryfallId": "dab2899e-0a3f-48ea-b521-2b526ba63c4d", "scryfallIllustrationId": "544e08ff-07d6-4325-8d79-f45b704dcd36", "scryfallOracleId": "ae79d17e-b66e-4fcc-8f38-af8257c59781"}, "language": "English", "layout": "art_series", "name": "Watcher for Tomorrow // Watcher for Tomorrow", "number": "2", "otherFaceIds": ["098adb8e-bec0-512e-a347-4724ec19fa5a"], "reverseRelated": [], "setCode": "AMH1", "side": "b", "signature": "Tommy Arnold", "subtypes": [], "supertypes": [], "type": "Card", "types": ["Card"], "uuid": "25ee4a42-d60a-5989-abe4-901a9a363881"}, {"artist": "Mitchell Malloy", "availability": ["paper"], "borderColor": "borderless", "colorIdentity": [], "colors": [], "faceName": "Scour All Possibilities", "finishes": ["nonfoil", "signed"], "frameVersion": "2015", "hasFoil": false, "hasNonFoil": true, "identifiers": {"mtgjsonV4Id": "cff3dabd-e87c-56b8-8436-1e8873b59f8e", "scryfallId": "a1344cfe-6ee6-44fc-b5fe-e7980a5143c6", "scryfallIllustrationId": "d336ce4b-120c-4fa9-9e2c-b2b96f77f2d4", "scryfallOracleId": "c576e8a2-ad75-46d5-81d6-85c8a6420d24"}, "language": "English", "layout": "art_series", "name": "Scour All Possibilities // Scour All Possibilities", "number": "3", "otherFaceIds": ["3f38e791-902c-5f99-a923-d2b17ad5c001"], "reverseRelated": [], "setCode": "AMH1", "side": "a", "signature": "Mitchell Malloy", "subtypes": [], "supertypes": [], "type": "Card", "types": ["Card"], "uuid": "3b98e446-7c40-52bc-b74f-f534005fe04c"}, {"artist": "Mitchell Malloy", "availability": ["paper"], "borderColor": "borderless", "colorIdentity": [], "colors": [], "faceName": "Scour All Possibilities", "finishes": ["nonfoil", "signed"], "frameVersion": "2015", "hasFoil": false, "hasNonFoil": true, "identifiers": {"mtgjsonV4Id": "7aa35886-2fa4-501a-ba4a-76746a6cdc70", "scryfallId": "a1344cfe-6ee6-44fc-b5fe-e7980a5143c6", "scryfallIllustrationId": "0a6e0714-a464-4f50-b5c2-d98c41f07636", "scryfallOracleId": "c576e8a2-ad75-46d5-81d6-85c8a6420d24"}, "language": "English", "layout": "art_series", "name": "Scour All Possibilities // Scour All Possibilities", "number": "3", "otherFaceIds": ["3b98e446-7c40-52bc-b74f-f534005fe04c"], "reverseRelated": [], "setCode": "AMH1", "side": "b", "signature": "Mitchell Malloy", "subtypes": [], "supertypes": [], "type": "Card", "types": ["Card"], "uuid": "3f38e791-902c-5f99-a923-d2b17ad5c001"}, {"artist": "Christopher Moeller", "availability": ["paper"], "borderColor": "borderless", "colorIdentity": [], "colors": [], "faceName": "Bazaar Trademage", "finishes": ["nonfoil", "signed"], "frameVersion": "2015", "hasFoil": false, "hasNonFoil": true, "identifiers": {"mtgjsonV4Id": "f5f61f80-5f8f-5f9e-8c76-96ae04de3970", "scryfallId": "eab36651-d758-4984-ac07-0ecea7e3a386", "scryfallIllustrationId": "33003bd3-62ef-4183-8b39-1e44238a0c7a", "scryfallOracleId": "54ca5817-013e-4e28-b9b7-8c079f98c1c0"}, "language": "English", "layout": "art_series", "name": "Bazaar Trademage // Bazaar Trademage", "number": "4", "otherFaceIds": ["ebcdea30-9274-5101-bc99-dd6094940071"], "reverseRelated": [], "setCode": "AMH1", "side": "a", "signature": "Christopher Moeller", "subtypes": [], "supertypes": [], "type": "Card", "types": ["Card"], "uuid": "788af8cb-45e4-5aff-9ea0-4c5777208769"}, {"artist": "Christopher Moeller", "availability": ["paper"], "borderColor": "borderless", "colorIdentity": [], "colors": [], "faceName": "Bazaar Trademage", "finishes": ["nonfoil", "signed"], "frameVersion": "2015", "hasFoil": false, "hasNonFoil": true, "identifiers": {"mtgjsonV4Id": "38212d60-1af3-5b6b-ae89-0d5bedccee67", "scryfallId": "eab36651-d758-4984-ac07-0ecea7e3a386", "scryfallIllustrationId": "ad933b13-ef71-49cd-a9e0-46457524825d", "scryfallOracleId": "54ca5817-013e-4e28-b9b7-8c079f98c1c0"}, "language": "English", "layout": "art_series", "name": "Bazaar Trademage // Bazaar Trademage", "number": "4", "otherFaceIds": ["788af8cb-45e4-5aff-9ea0-4c5777208769"], "reverseRelated": [], "setCode": "AMH1", "side": "b", "signature": "Christopher Moeller", "subtypes": [], "supertypes": [], "type": "Card", "types": ["Card"], "uuid": "ebcdea30-9274-5101-bc99-dd6094940071"}, {"artist": "Magali Villeneuve", "availability": ["paper"], "borderColor": "borderless", "colorIdentity": [], "colors": [], "faceName": "Serra the Benevolent", "finishes": ["nonfoil", "signed"], "frameVersion": "2015", "hasFoil": false, "hasNonFoil": true, "identifiers": {"mtgjsonV4Id": "c499f737-7e7f-5dd2-a6c8-23b2622ff67b", "scryfallId": "a6ef520b-6a32-433e-b674-5d6584b12d34", "scryfallIllustrationId": "8629d8dc-0897-4665-8b2c-d46bb6b32dde", "scryfallOracleId": "f7bd2ef0-85f0-4295-a75b-bf77d963616c"}, "language": "English", "layout": "art_series", "name": "Serra the Benevolent // Serra the Benevolent", "number": "5", "otherFaceIds": ["7c438f8b-f101-5472-aa1e-64e71f8649c5"], "reverseRelated": [], "setCode": "AMH1", "side": "a", "signature": "Magali Villeneuve", "subtypes": [], "supertypes": [], "type": "Card", "types": ["Card"], "uuid": "fb8e9d2f-73df-50b8-8fc5-4d50cb80c5ff"}, {"artist": "Magali Villeneuve", "availability": ["paper"], "borderColor": "borderless", "colorIdentity": [], "colors": [], "faceName": "Serra the Benevolent", "finishes": ["nonfoil", "signed"], "frameVersion": "2015", "hasFoil": false, "hasNonFoil": true, "identifiers": {"mtgjsonV4Id": "91c07aaf-25db-52e0-a7d4-de16a322da10", "scryfallId": "a6ef520b-6a32-433e-b674-5d6584b12d34", "scryfallIllustrationId": "85ed8faf-edec-4879-84ae-d0f91f996132", "scryfallOracleId": "f7bd2ef0-85f0-4295-a75b-bf77d963616c"}, "language": "English", "layout": "art_series", "name": "Serra the Benevolent // Serra the Benevolent", "number": "5", "otherFaceIds": ["fb8e9d2f-73df-50b8-8fc5-4d50cb80c5ff"], "reverseRelated": [], "setCode": "AMH1", "side": "b", "signature": "Magali Villeneuve", "subtypes": [], "supertypes": [], "type": "Card", "types": ["Card"], "uuid": "7c438f8b-f101-5472-aa1e-64e71f8649c5"}, {"artist": "Chase Stone", "availability": ["paper"], "borderColor": "borderless", "colorIdentity": [], "colors": [], "faceName": "Wrenn and Six", "finishes": ["nonfoil", "signed"], "frameVersion": "2015", "hasFoil": false, "hasNonFoil": true, "identifiers": {"mtgjsonV4Id": "ddea583a-bf0e-589e-a976-611a8f0d6480", "scryfallId": "409bbc0f-dd40-4de5-931b-a1eb2939dc8c", "scryfallIllustrationId": "82b8e134-f440-412c-b5d8-b2d746c86ddb", "scryfallOracleId": "e070d8d8-327d-41bc-84e3-652fcc23c802"}, "language": "English", "layout": "art_series", "name": "Wrenn and Six // Wrenn and Six", "number": "6", "otherFaceIds": ["672930f1-9b7d-56b1-a41a-7ad6e7a8a8c6"], "reverseRelated": [], "setCode": "AMH1", "side": "a", "signature": "Chase Stone", "subtypes": [], "supertypes": [], "type": "Card", "types": ["Card"], "uuid": "093c8cec-a6bf-5150-9994-74a93702c9dc"}, {"artist": "Chase Stone", "availability": ["paper"], "borderColor": "borderless", "colorIdentity": [], "colors": [], "faceName": "Wrenn and Six", "finishes": ["nonfoil", "signed"], "frameVersion": "2015", "hasFoil": false, "hasNonFoil": true, "identifiers": {"mtgjsonV4Id": "0873ae8a-8346-546f-8ae3-5ec841848ea0", "scryfallId": "409bbc0f-dd40-4de5-931b-a1eb2939dc8c", "scryfallIllustrationId": "9ac34331-aa37-4402-a836-2066d2de75bc", "scryfallOracleId": "e070d8d8-327d-41bc-84e3-652fcc23c802"}, "language": "English", "layout": "art_series", "name": "Wrenn and Six // Wrenn and Six", "number": "6", "otherFaceIds": ["093c8cec-a6bf-5150-9994-74a93702c9dc"], "reverseRelated": [], "setCode": "AMH1", "side": "b", "signature": "Chase Stone", "subtypes": [], "supertypes": [], "type": "Card", "types": ["Card"], "uuid": "672930f1-9b7d-56b1-a41a-7ad6e7a8a8c6"}, {"artist": "Livia Prima", "availability": ["paper"], "borderColor": "borderless", "colorIdentity": [], "colors": [], "faceName": "Endling", "finishes": ["nonfoil", "signed"], "frameVersion": "2015", "hasFoil": false, "hasNonFoil": true, "identifiers": {"mtgjsonV4Id": "4b234187-2ec0-5d2f-887a-3c9912bfdcef", "scryfallId": "57b42a79-ba8a-464b-8228-9fdb6ce8badf", "scryfallIllustrationId": "aa751d2b-9cad-4560-838d-1235b7eff8f6", "scryfallOracleId": "d75ea976-d1b8-4c9c-a485-f8621b1f67fd"}, "language": "English", "layout": "art_series", "name": "Endling // Endling", "number": "7", "otherFaceIds": ["6659ad9d-172d-579d-a46e-46b46c650cc5"], "reverseRelated": [], "setCode": "AMH1", "side": "a", "signature": "Livia Prima", "subtypes": [], "supertypes": [], "type": "Card", "types": ["Card"], "uuid": "885587f4-6657-594c-be4a-40d726361ae9"}, {"artist": "Livia Prima", "availability": ["paper"], "borderColor": "borderless", "colorIdentity": [], "colors": [], "faceName": "Endling", "finishes": ["nonfoil", "signed"], "frameVersion": "2015", "hasFoil": false, "hasNonFoil": true, "identifiers": {"mtgjsonV4Id": "2a28d25a-742b-5ccd-bc9b-fea32793ed52", "scryfallId": "57b42a79-ba8a-464b-8228-9fdb6ce8badf", "scryfallIllustrationId": "8ebb965a-c398-415d-9e52-e6f714eca53e", "scryfallOracleId": "d75ea976-d1b8-4c9c-a485-f8621b1f67fd"}, "language": "English", "layout": "art_series", "name": "Endling // Endling", "number": "7", "otherFaceIds": ["885587f4-6657-594c-be4a-40d726361ae9"], "reverseRelated": [], "setCode": "AMH1", "side": "b", "signature": "Livia Prima", "subtypes": [], "supertypes": [], "type": "Card", "types": ["Card"], "uuid": "6659ad9d-172d-579d-a46e-46b46c650cc5"}, {"artist": "Steve Prescott", "availability": ["paper"], "borderColor": "borderless", "colorIdentity": [], "colors": [], "faceName": "Warteye Witch", "finishes": ["nonfoil", "signed"], "frameVersion": "2015", "hasFoil": false, "hasNonFoil": true, "identifiers": {"mtgjsonV4Id": "deabdba2-61d1-574d-a29c-ce4692238777", "scryfallId": "637b8138-696b-45c6-822d-d5fd4f128b59", "scryfallIllustrationId": "1b02ad5d-1f46-4dcf-933f-bbe90c349d9c", "scryfallOracleId": "7d953b1f-159f-4f1e-bb18-2a669d75587d"}, "language": "English", "layout": "art_series", "name": "Warteye Witch // Warteye Witch", "number": "8", "otherFaceIds": ["e2009c1b-a0ad-5bb9-afc9-f570df08dbb0"], "reverseRelated": [], "setCode": "AMH1", "side": "a", "signature": "Steve Prescott", "subtypes": [], "supertypes": [], "type": "Card", "types": ["Card"], "uuid": "2f217897-400a-51eb-8342-b3cce52ed3a3"}, {"artist": "Steve Prescott", "availability": ["paper"], "borderColor": "borderless", "colorIdentity": [], "colors": [], "faceName": "Warteye Witch", "finishes": ["nonfoil", "signed"], "frameVersion": "2015", "hasFoil": false, "hasNonFoil": true, "identifiers": {"mtgjsonV4Id": "48ba3afa-65b0-5840-9b84-7b23f99aa84c", "scryfallId": "637b8138-696b-45c6-822d-d5fd4f128b59", "scryfallIllustrationId": "f8dc8805-7e54-4fe8-9181-ba091344b318", "scryfallOracleId": "7d953b1f-159f-4f1e-bb18-2a669d75587d"}, "language": "English", "layout": "art_series", "name": "Warteye Witch // Warteye Witch", "number": "8", "otherFaceIds": ["2f217897-400a-51eb-8342-b3cce52ed3a3"], "reverseRelated": [], "setCode": "AMH1", "side": "b", "signature": "Steve Prescott", "subtypes": [], "supertypes": [], "type": "Card", "types": ["Card"], "uuid": "e2009c1b-a0ad-5bb9-afc9-f570df08dbb0"}, {"artist": "Igor Kieryluk", "availability": ["paper"], "borderColor": "borderless", "colorIdentity": [], "colors": [], "faceName": "Throes of Chaos", "finishes": ["nonfoil", "signed"], "frameVersion": "2015", "hasFoil": false, "hasNonFoil": true, "identifiers": {"mtgjsonV4Id": "acfeeade-7fc3-548b-b0b0-b9d4da2db4cb", "scryfallId": "5e3c90fd-eefe-4617-990c-c19624421205", "scryfallIllustrationId": "4afead93-f27d-4b6b-b2d5-66e2f1ccbcd0", "scryfallOracleId": "9f219319-26a2-4fb0-b871-c2170474f8a5"}, "language": "English", "layout": "art_series", "name": "Throes of Chaos // Throes of Chaos", "number": "9", "otherFaceIds": ["e865650e-1344-56f6-a8a1-59be08899c42"], "reverseRelated": [], "setCode": "AMH1", "side": "a", "signature": "Igor Kieryluk", "subtypes": [], "supertypes": [], "type": "Card", "types": ["Card"], "uuid": "c42c940c-daab-5bb5-a106-fe2d4c0174f7"}, {"artist": "Igor Kieryluk", "availability": ["paper"], "borderColor": "borderless", "colorIdentity": [], "colors": [], "faceName": "Throes of Chaos", "finishes": ["nonfoil", "signed"], "frameVersion": "2015", "hasFoil": false, "hasNonFoil": true, "identifiers": {"mtgjsonV4Id": "1bd2575c-422f-58aa-b68f-c77785e2a85e", "scryfallId": "5e3c90fd-eefe-4617-990c-c19624421205", "scryfallIllustrationId": "69fd6bed-4da2-49c1-a2d8-c90b17b7f31a", "scryfallOracleId": "9f219319-26a2-4fb0-b871-c2170474f8a5"}, "language": "English", "layout": "art_series", "name": "Throes of Chaos // Throes of Chaos", "number": "9", "otherFaceIds": ["c42c940c-daab-5bb5-a106-fe2d4c0174f7"], "reverseRelated": [], "setCode": "AMH1", "side": "b", "signature": "Igor Kieryluk", "subtypes": [], "supertypes": [], "type": "Card", "types": ["Card"], "uuid": "e865650e-1344-56f6-a8a1-59be08899c42"}, {"artist": "Jesper Ejsing", "availability": ["paper"], "borderColor": "borderless", "colorIdentity": [], "colors": [], "faceName": "Ayula, Queen Among Bears", "finishes": ["nonfoil", "signed"], "frameVersion": "2015", "hasFoil": false, "hasNonFoil": true, "identifiers": {"mtgjsonV4Id": "5b34c1ba-4d92-5b04-86cd-e1626ea426ab", "scryfallId": "d89ede87-7719-496c-b0f9-905c31520d0d", "scryfallIllustrationId": "879df451-00f9-47e3-896b-e62c691cef0b", "scryfallOracleId": "d44c6b5c-7ae6-4a5b-b3b7-a04c6db7b5b9"}, "language": "English", "layout": "art_series", "name": "Ayula, Queen Among Bears // Ayula, Queen Among Bears", "number": "10", "otherFaceIds": ["9c64b82b-f59d-5e71-8d80-59d71a734ae4"], "reverseRelated": [], "setCode": "AMH1", "side": "a", "signature": "Jesper Ejsing", "subtypes": [], "supertypes": [], "type": "Card", "types": ["Card"], "uuid": "126b93c5-0f36-5550-b2f0-da037430f332"}, {"artist": "Jesper Ejsing", "availability": ["paper"], "borderColor": "borderless", "colorIdentity": [], "colors": [], "faceName": "Ayula, Queen Among Bears", "finishes": ["nonfoil", "signed"], "frameVersion": "2015", "hasFoil": false, "hasNonFoil": true, "identifiers": {"mtgjsonV4Id": "0b59a3a5-e8c3-5fb7-adb7-05f8e361e3d4", "scryfallId": "d89ede87-7719-496c-b0f9-905c31520d0d", "scryfallIllustrationId": "55de628c-ae10-4c63-8849-76b0fe4f4d14", "scryfallOracleId": "d44c6b5c-7ae6-4a5b-b3b7-a04c6db7b5b9"}, "language": "English", "layout": "art_series", "name": "Ayula, Queen Among Bears // Ayula, Queen Among Bears", "number": "10", "otherFaceIds": ["126b93c5-0f36-5550-b2f0-da037430f332"], "reverseRelated": [], "setCode": "AMH1", "side": "b", "signature": "Jesper Ejsing", "subtypes": [], "supertypes": [], "type": "Card", "types": ["Card"], "uuid": "9c64b82b-f59d-5e71-8d80-59d71a734ae4"}, {"artist": "Ryan Pancoast", "availability": ["paper"], "borderColor": "borderless", "colorIdentity": [], "colors": [], "faceName": "Ranger-Captain of Eos", "finishes": ["nonfoil", "signed"], "frameVersion": "2015", "hasFoil": false, "hasNonFoil": true, "identifiers": {"mtgjsonV4Id": "088d3c49-6627-59c0-85e9-ee8eb8634ded", "scryfallId": "8611281b-3613-4bfe-b49b-62e5cbbf2e99", "scryfallIllustrationId": "49cea5e1-526f-416b-9bcb-890a2e859b50", "scryfallOracleId": "f9d833f5-f586-4010-84f2-3216854e4a46"}, "language": "English", "layout": "art_series", "name": "Ranger-Captain of Eos // Ranger-Captain of Eos", "number": "11", "otherFaceIds": ["3972aae0-a52d-5593-914d-0fd42d24ee3d"], "reverseRelated": [], "setCode": "AMH1", "side": "a", "signature": "Ryan Pancoast", "subtypes": [], "supertypes": [], "type": "Card", "types": ["Card"], "uuid": "701dcbc1-659a-5b77-8eda-2157fec85d8d"}, {"artist": "Ryan Pancoast", "availability": ["paper"], "borderColor": "borderless", "colorIdentity": [], "colors": [], "faceName": "Ranger-Captain of Eos", "finishes": ["nonfoil", "signed"], "frameVersion": "2015", "hasFoil": false, "hasNonFoil": true, "identifiers": {"mtgjsonV4Id": "878e310c-7c86-531a-8fa6-bfb563f7940d", "scryfallId": "8611281b-3613-4bfe-b49b-62e5cbbf2e99", "scryfallIllustrationId": "e1ec914f-1afc-45cc-a13e-c22e2de3cf96", "scryfallOracleId": "f9d833f5-f586-4010-84f2-3216854e4a46"}, "language": "English", "layout": "art_series", "name": "Ranger-Captain of Eos // Ranger-Captain of Eos", "number": "11", "otherFaceIds": ["701dcbc1-659a-5b77-8eda-2157fec85d8d"], "reverseRelated": [], "setCode": "AMH1", "side": "b", "signature": "Ryan Pancoast", "subtypes": [], "supertypes": [], "type": "Card", "types": ["Card"], "uuid": "3972aae0-a52d-5593-914d-0fd42d24ee3d"}, {"artist": "Paul Scott Canavan", "availability": ["paper"], "borderColor": "borderless", "colorIdentity": [], "colors": [], "faceName": "Zhalfirin Decoy", "finishes": ["nonfoil", "signed"], "frameVersion": "2015", "hasFoil": false, "hasNonFoil": true, "identifiers": {"mtgjsonV4Id": "aa446f14-1977-546f-bd1d-2fcdabe59d92", "scryfallId": "5509eee0-0747-4838-a190-415f2d5f2999", "scryfallIllustrationId": "2588ec9b-8d13-4376-94dc-ececb5e5c534", "scryfallOracleId": "3c81bfa4-eb62-441f-b5d6-9c05a4dd7dd2"}, "language": "English", "layout": "art_series", "name": "Zhalfirin Decoy // Zhalfirin Decoy", "number": "12", "otherFaceIds": ["877d415f-4e30-51d0-8f34-8dcb1372065a"], "reverseRelated": [], "setCode": "AMH1", "side": "a", "signature": "Paul Scott Canavan", "subtypes": [], "supertypes": [], "type": "Card", "types": ["Card"], "uuid": "ae874e15-f2d4-520a-9f11-5ddaf67949d8"}, {"artist": "Paul Scott Canavan", "availability": ["paper"], "borderColor": "borderless", "colorIdentity": [], "colors": [], "faceName": "Zhalfirin Decoy", "finishes": ["nonfoil", "signed"], "frameVersion": "2015", "hasFoil": false, "hasNonFoil": true, "identifiers": {"mtgjsonV4Id": "263aa740-d149-5b69-80a3-f9938c326830", "scryfallId": "5509eee0-0747-4838-a190-415f2d5f2999", "scryfallIllustrationId": "4d4d6c42-e614-43ff-88a2-3a9970e117ee", "scryfallOracleId": "3c81bfa4-eb62-441f-b5d6-9c05a4dd7dd2"}, "language": "English", "layout": "art_series", "name": "Zhalfirin Decoy // Zhalfirin Decoy", "number": "12", "otherFaceIds": ["ae874e15-f2d4-520a-9f11-5ddaf67949d8"], "reverseRelated": [], "setCode": "AMH1", "side": "b", "signature": "Paul Scott Canavan", "subtypes": [], "supertypes": [], "type": "Card", "types": ["Card"], "uuid": "877d415f-4e30-51d0-8f34-8dcb1372065a"}, {"artist": "Grzegorz Rutkowski", "availability": ["paper"], "borderColor": "borderless", "colorIdentity": [], "colors": [], "faceName": "Urza, Lord High Artificer", "finishes": ["nonfoil", "signed"], "frameVersion": "2015", "hasFoil": false, "hasNonFoil": true, "identifiers": {"mtgjsonV4Id": "e76c219d-9b56-5895-ae51-c2867bdca26a", "scryfallId": "127864cd-f322-4aa1-9f45-e72cd452c172", "scryfallIllustrationId": "23cafdb1-9506-49d4-b3a8-b6bb3e5e7806", "scryfallOracleId": "d0232f9c-b2b9-42bf-ba6d-3176776d2bb0"}, "language": "English", "layout": "art_series", "name": "Urza, Lord High Artificer // Urza, Lord High Artificer", "number": "13", "otherFaceIds": ["7528bdb5-73ed-56b2-a928-104856752563"], "reverseRelated": [], "setCode": "AMH1", "side": "a", "signature": "Grzegorz Rutkowski", "subtypes": [], "supertypes": [], "type": "Card", "types": ["Card"], "uuid": "3b18b265-cb22-5d0f-a5de-1a82b65cb90c"}, {"artist": "Grzegorz Rutkowski", "availability": ["paper"], "borderColor": "borderless", "colorIdentity": [], "colors": [], "faceName": "Urza, Lord High Artificer", "finishes": ["nonfoil", "signed"], "frameVersion": "2015", "hasFoil": false, "hasNonFoil": true, "identifiers": {"mtgjsonV4Id": "7e073e1b-173b-50f2-98b2-77d335d4d41d", "scryfallId": "127864cd-f322-4aa1-9f45-e72cd452c172", "scryfallIllustrationId": "03bbe9f8-1bfa-4cd5-991f-db205f273594", "scryfallOracleId": "d0232f9c-b2b9-42bf-ba6d-3176776d2bb0"}, "language": "English", "layout": "art_series", "name": "Urza, Lord High Artificer // Urza, Lord High Artificer", "number": "13", "otherFaceIds": ["3b18b265-cb22-5d0f-a5de-1a82b65cb90c"], "reverseRelated": [], "setCode": "AMH1", "side": "b", "signature": "Grzegorz Rutkowski", "subtypes": [], "supertypes": [], "type": "Card", "types": ["Card"], "uuid": "7528bdb5-73ed-56b2-a928-104856752563"}, {"artist": "Mark Winters", "availability": ["paper"], "borderColor": "borderless", "colorIdentity": [], "colors": [], "faceName": "Yawgmoth, Thran Physician", "finishes": ["nonfoil", "signed"], "frameVersion": "2015", "hasFoil": false, "hasNonFoil": true, "identifiers": {"mtgjsonV4Id": "4734e633-4869-5cbe-93dd-d0720a065ba7", "scryfallId": "2bc9e1b0-e01c-4557-8d68-0576c8c44b33", "scryfallIllustrationId": "2edd7928-2a41-4087-a212-f11ae5b9a88c", "scryfallOracleId": "3df8fca7-6993-4911-8074-543c8f92f20e"}, "language": "English", "layout": "art_series", "name": "Yawgmoth, Thran Physician // Yawgmoth, Thran Physician", "number": "14", "otherFaceIds": ["4ef12dab-e676-5894-aa75-e7894c0a6014"], "reverseRelated": [], "setCode": "AMH1", "side": "a", "signature": "Mark Winters", "subtypes": [], "supertypes": [], "type": "Card", "types": ["Card"], "uuid": "399a57ec-53b6-583f-8911-d1ed6c4c1ed6"}, {"artist": "Mark Winters", "availability": ["paper"], "borderColor": "borderless", "colorIdentity": [], "colors": [], "faceName": "Yawgmoth, Thran Physician", "finishes": ["nonfoil", "signed"], "frameVersion": "2015", "hasFoil": false, "hasNonFoil": true, "identifiers": {"mtgjsonV4Id": "b5fef47a-84a8-5856-885c-df10226f525a", "scryfallId": "2bc9e1b0-e01c-4557-8d68-0576c8c44b33", "scryfallIllustrationId": "3469fc96-9fdb-4a31-832b-0020db592f27", "scryfallOracleId": "3df8fca7-6993-4911-8074-543c8f92f20e"}, "language": "English", "layout": "art_series", "name": "Yawgmoth, Thran Physician // Yawgmoth, Thran Physician", "number": "14", "otherFaceIds": ["399a57ec-53b6-583f-8911-d1ed6c4c1ed6"], "reverseRelated": [], "setCode": "AMH1", "side": "b", "signature": "Mark Winters", "subtypes": [], "supertypes": [], "type": "Card", "types": ["Card"], "uuid": "4ef12dab-e676-5894-aa75-e7894c0a6014"}, {"artist": "Eric Deschamps", "availability": ["paper"], "borderColor": "borderless", "colorIdentity": [], "colors": [], "faceName": "Umezawa's Charm", "finishes": ["nonfoil", "signed"], "frameVersion": "2015", "hasFoil": false, "hasNonFoil": true, "identifiers": {"mtgjsonV4Id": "2ed88276-235a-50fd-813c-8102f038e208", "scryfallId": "ae496fbb-c42d-4bd8-b8a6-3d9fa66530de", "scryfallIllustrationId": "cf54337e-ec25-4df1-a8e9-1500139eeb21", "scryfallOracleId": "5d81d062-bffc-47d8-9984-7da9fa9ced94"}, "language": "English", "layout": "art_series", "name": "Umezawa's Charm // Umezawa's Charm", "number": "15", "otherFaceIds": ["9edff403-6612-5c4f-8be8-8b1a32ac6a4a"], "reverseRelated": [], "setCode": "AMH1", "side": "a", "signature": "Eric Deschamps", "subtypes": [], "supertypes": [], "type": "Card", "types": ["Card"], "uuid": "1778e8d9-63e4-5e2b-a903-c084717fa60c"}, {"artist": "Eric Deschamps", "availability": ["paper"], "borderColor": "borderless", "colorIdentity": [], "colors": [], "faceName": "Umezawa's Charm", "finishes": ["nonfoil", "signed"], "frameVersion": "2015", "hasFoil": false, "hasNonFoil": true, "identifiers": {"mtgjsonV4Id": "f85c89c2-c947-54ad-b55a-6b82d87aebf7", "scryfallId": "ae496fbb-c42d-4bd8-b8a6-3d9fa66530de", "scryfallIllustrationId": "2d5197d4-86f4-4cc5-bdb3-089e8f958fbe", "scryfallOracleId": "5d81d062-bffc-47d8-9984-7da9fa9ced94"}, "language": "English", "layout": "art_series", "name": "Umezawa's Charm // Umezawa's Charm", "number": "15", "otherFaceIds": ["1778e8d9-63e4-5e2b-a903-c084717fa60c"], "reverseRelated": [], "setCode": "AMH1", "side": "b", "signature": "Eric Deschamps", "subtypes": [], "supertypes": [], "type": "Card", "types": ["Card"], "uuid": "9edff403-6612-5c4f-8be8-8b1a32ac6a4a"}, {"artist": "Anna Steinbauer", "availability": ["paper"], "borderColor": "borderless", "colorIdentity": [], "colors": [], "faceName": "Sisay, Weatherlight Captain", "finishes": ["nonfoil", "signed"], "frameVersion": "2015", "hasFoil": false, "hasNonFoil": true, "identifiers": {"mtgjsonV4Id": "67b9f499-e889-5291-b55a-5325f46f2acd", "scryfallId": "85794e17-433d-4f89-980d-0bbdcafee985", "scryfallIllustrationId": "05895774-51cc-4f35-872a-d43d87db3af0", "scryfallOracleId": "599a403c-f570-4a55-ab9a-885e1195ea8f"}, "language": "English", "layout": "art_series", "name": "Sisay, Weatherlight Captain // Sisay, Weatherlight Captain", "number": "16", "otherFaceIds": ["0433976b-1adf-5b26-8a88-ed247f22a86d"], "reverseRelated": [], "setCode": "AMH1", "side": "a", "signature": "Anna Steinbauer", "subtypes": [], "supertypes": [], "type": "Card", "types": ["Card"], "uuid": "21b1547f-eee5-5bc4-a7d4-131c39683ac9"}, {"artist": "Anna Steinbauer", "availability": ["paper"], "borderColor": "borderless", "colorIdentity": [], "colors": [], "faceName": "Sisay, Weatherlight Captain", "finishes": ["nonfoil", "signed"], "frameVersion": "2015", "hasFoil": false, "hasNonFoil": true, "identifiers": {"mtgjsonV4Id": "f7e59b39-f868-5fed-b7fe-bfb5b87d83ec", "scryfallId": "85794e17-433d-4f89-980d-0bbdcafee985", "scryfallIllustrationId": "523afbc2-c5ec-4425-aa59-17d4d6fcc2eb", "scryfallOracleId": "599a403c-f570-4a55-ab9a-885e1195ea8f"}, "language": "English", "layout": "art_series", "name": "Sisay, Weatherlight Captain // Sisay, Weatherlight Captain", "number": "16", "otherFaceIds": ["21b1547f-eee5-5bc4-a7d4-131c39683ac9"], "reverseRelated": [], "setCode": "AMH1", "side": "b", "signature": "Anna Steinbauer", "subtypes": [], "supertypes": [], "type": "Card", "types": ["Card"], "uuid": "0433976b-1adf-5b26-8a88-ed247f22a86d"}, {"artist": "Jesper Ejsing", "availability": ["paper"], "borderColor": "borderless", "colorIdentity": [], "colors": [], "faceName": "Goblin Matron", "finishes": ["nonfoil", "signed"], "frameVersion": "2015", "hasFoil": false, "hasNonFoil": true, "identifiers": {"mtgjsonV4Id": "9549a481-0f61-58a2-885d-31d60b8864e8", "scryfallId": "719aedc1-f185-41de-9957-8aec723eba5f", "scryfallIllustrationId": "c94acb09-235e-4776-8bd6-db700f63c2cf", "scryfallOracleId": "65ced61f-814c-4abc-bb88-d25168c4bedc"}, "language": "English", "layout": "art_series", "name": "Goblin Matron // Goblin Matron", "number": "17", "otherFaceIds": ["56914db2-d36f-5479-8088-4e569238bbab"], "reverseRelated": [], "setCode": "AMH1", "side": "a", "signature": "Jesper Ejsing", "subtypes": [], "supertypes": [], "type": "Card", "types": ["Card"], "uuid": "3b799389-a65e-5c59-8616-ef70d8c0b896"}, {"artist": "Jesper Ejsing", "availability": ["paper"], "borderColor": "borderless", "colorIdentity": [], "colors": [], "faceName": "Goblin Matron", "finishes": ["nonfoil", "signed"], "frameVersion": "2015", "hasFoil": false, "hasNonFoil": true, "identifiers": {"mtgjsonV4Id": "1b9efded-0fd5-5a96-9ee5-6252162e3ebf", "scryfallId": "719aedc1-f185-41de-9957-8aec723eba5f", "scryfallIllustrationId": "2ad54ba2-dbef-4eef-aa99-c2f565c51d39", "scryfallOracleId": "65ced61f-814c-4abc-bb88-d25168c4bedc"}, "language": "English", "layout": "art_series", "name": "Goblin Matron // Goblin Matron", "number": "17", "otherFaceIds": ["3b799389-a65e-5c59-8616-ef70d8c0b896"], "reverseRelated": [], "setCode": "AMH1", "side": "b", "signature": "Jesper Ejsing", "subtypes": [], "supertypes": [], "type": "Card", "types": ["Card"], "uuid": "56914db2-d36f-5479-8088-4e569238bbab"}, {"artist": "Even Amundsen", "availability": ["paper"], "borderColor": "borderless", "colorIdentity": [], "colors": [], "faceName": "Pashalik Mons", "finishes": ["nonfoil", "signed"], "frameVersion": "2015", "hasFoil": false, "hasNonFoil": true, "identifiers": {"mtgjsonV4Id": "59c797aa-dc8a-55b9-a742-c3749448d7ad", "scryfallId": "f8fbe2a3-0425-43f9-871a-9e3748854210", "scryfallIllustrationId": "14702ee1-27ab-419d-8c70-33afde314c73", "scryfallOracleId": "9bdc6617-2b79-4f83-a692-b7a9866bc9c8"}, "language": "English", "layout": "art_series", "name": "Pashalik Mons // Pashalik Mons", "number": "18", "otherFaceIds": ["3e12e57f-5854-57de-ac50-7a217d21be7c"], "reverseRelated": [], "setCode": "AMH1", "side": "a", "signature": "Even Amundsen", "subtypes": [], "supertypes": [], "type": "Card", "types": ["Card"], "uuid": "172c18f4-0264-55b9-8d6b-68cc611867b4"}, {"artist": "Even Amundsen", "availability": ["paper"], "borderColor": "borderless", "colorIdentity": [], "colors": [], "faceName": "Pashalik Mons", "finishes": ["nonfoil", "signed"], "frameVersion": "2015", "hasFoil": false, "hasNonFoil": true, "identifiers": {"mtgjsonV4Id": "658874b5-45b4-5a1a-8106-b912bd7f01ba", "scryfallId": "f8fbe2a3-0425-43f9-871a-9e3748854210", "scryfallIllustrationId": "e8c1af2d-44c9-4e86-ac18-0fa6698746ab", "scryfallOracleId": "9bdc6617-2b79-4f83-a692-b7a9866bc9c8"}, "language": "English", "layout": "art_series", "name": "Pashalik Mons // Pashalik Mons", "number": "18", "otherFaceIds": ["172c18f4-0264-55b9-8d6b-68cc611867b4"], "reverseRelated": [], "setCode": "AMH1", "side": "b", "signature": "Even Amundsen", "subtypes": [], "supertypes": [], "type": "Card", "types": ["Card"], "uuid": "3e12e57f-5854-57de-ac50-7a217d21be7c"}, {"artist": "Micah Epstein", "availability": ["paper"], "borderColor": "borderless", "colorIdentity": [], "colors": [], "faceName": "Smoke Shroud", "finishes": ["nonfoil", "signed"], "frameVersion": "2015", "hasFoil": false, "hasNonFoil": true, "identifiers": {"mtgjsonV4Id": "483dc86f-403b-5c8c-95ee-dfaf099a12a1", "scryfallId": "6a58022b-a2fa-45bf-99a0-3c6159c6c897", "scryfallIllustrationId": "cc1db13e-d636-400b-8925-8d943f70ccb6", "scryfallOracleId": "37912010-13de-4281-8c7b-512d3d638224"}, "language": "English", "layout": "art_series", "name": "Smoke Shroud // Smoke Shroud", "number": "19", "otherFaceIds": ["87505ef3-5e05-5467-87e6-d9fbccbbeb89"], "reverseRelated": [], "setCode": "AMH1", "side": "a", "signature": "Micah Epstein", "subtypes": [], "supertypes": [], "type": "Card", "types": ["Card"], "uuid": "c512b9ad-3fa2-5df3-a6d4-73726c2e5e7a"}, {"artist": "Micah Epstein", "availability": ["paper"], "borderColor": "borderless", "colorIdentity": [], "colors": [], "faceName": "Smoke Shroud", "finishes": ["nonfoil", "signed"], "frameVersion": "2015", "hasFoil": false, "hasNonFoil": true, "identifiers": {"mtgjsonV4Id": "70d1bd8f-73cc-5ce6-9728-b7f89ce99d7d", "scryfallId": "6a58022b-a2fa-45bf-99a0-3c6159c6c897", "scryfallIllustrationId": "062c91ac-e2a5-402c-b886-32ea4bf0c8cd", "scryfallOracleId": "37912010-13de-4281-8c7b-512d3d638224"}, "language": "English", "layout": "art_series", "name": "Smoke Shroud // Smoke Shroud", "number": "19", "otherFaceIds": ["c512b9ad-3fa2-5df3-a6d4-73726c2e5e7a"], "reverseRelated": [], "setCode": "AMH1", "side": "b", "signature": "Micah Epstein", "subtypes": [], "supertypes": [], "type": "Card", "types": ["Card"], "uuid": "87505ef3-5e05-5467-87e6-d9fbccbbeb89"}, {"artist": "Dmitry Burmak", "availability": ["paper"], "borderColor": "borderless", "colorIdentity": [], "colors": [], "faceName": "Throatseeker", "finishes": ["nonfoil", "signed"], "frameVersion": "2015", "hasFoil": false, "hasNonFoil": true, "identifiers": {"mtgjsonV4Id": "a7e23955-79fd-58dd-bb41-0f1c62e1afa6", "scryfallId": "df5019c7-f009-4e3a-ad7e-23427dabc757", "scryfallIllustrationId": "9f5cf807-695b-473c-b738-3edd516f88f2", "scryfallOracleId": "c23933bb-83fb-45a7-80b5-34d1578af526"}, "language": "English", "layout": "art_series", "name": "Throatseeker // Throatseeker", "number": "20", "otherFaceIds": ["1f72d768-419b-59fd-8bc5-3d73e3f66cb9"], "reverseRelated": [], "setCode": "AMH1", "side": "a", "signature": "Dmitry Burmak", "subtypes": [], "supertypes": [], "type": "Card", "types": ["Card"], "uuid": "3a7a1a06-eda5-5f0b-90a4-e72016161d63"}, {"artist": "Dmitry Burmak", "availability": ["paper"], "borderColor": "borderless", "colorIdentity": [], "colors": [], "faceName": "Throatseeker", "finishes": ["nonfoil", "signed"], "frameVersion": "2015", "hasFoil": false, "hasNonFoil": true, "identifiers": {"mtgjsonV4Id": "9c73ba19-81d9-5010-bf50-e02c3c1deebd", "scryfallId": "df5019c7-f009-4e3a-ad7e-23427dabc757", "scryfallIllustrationId": "b45ce391-1593-4cb7-a7ea-4fc52ad52f0a", "scryfallOracleId": "c23933bb-83fb-45a7-80b5-34d1578af526"}, "language": "English", "layout": "art_series", "name": "Throatseeker // Throatseeker", "number": "20", "otherFaceIds": ["3a7a1a06-eda5-5f0b-90a4-e72016161d63"], "reverseRelated": [], "setCode": "AMH1", "side": "b", "signature": "Dmitry Burmak", "subtypes": [], "supertypes": [], "type": "Card", "types": ["Card"], "uuid": "1f72d768-419b-59fd-8bc5-3d73e3f66cb9"}, {"artist": "Jason Rainville", "availability": ["paper"], "borderColor": "borderless", "colorIdentity": [], "colors": [], "faceName": "Ingenious Infiltrator", "finishes": ["nonfoil", "signed"], "frameVersion": "2015", "hasFoil": false, "hasNonFoil": true, "identifiers": {"mtgjsonV4Id": "fdb8d15c-3863-5cfa-b29f-102cd9ea6329", "scryfallId": "5d4f97b9-996a-4203-8a08-e65db85d3e19", "scryfallIllustrationId": "f21626ae-5537-4dca-b6e6-f1796bab037b", "scryfallOracleId": "7909cee3-c742-40f2-afd6-37c7dd0b83b8"}, "language": "English", "layout": "art_series", "name": "Ingenious Infiltrator // Ingenious Infiltrator", "number": "21", "otherFaceIds": ["15c08844-8b76-57ca-a00a-46060982202d"], "reverseRelated": [], "setCode": "AMH1", "side": "a", "signature": "Jason Rainville", "subtypes": [], "supertypes": [], "type": "Card", "types": ["Card"], "uuid": "febcae8a-121f-50dc-8ae5-ee03d7adf2c8"}, {"artist": "Jason Rainville", "availability": ["paper"], "borderColor": "borderless", "colorIdentity": [], "colors": [], "faceName": "Ingenious Infiltrator", "finishes": ["nonfoil", "signed"], "frameVersion": "2015", "hasFoil": false, "hasNonFoil": true, "identifiers": {"mtgjsonV4Id": "fe8d1de8-ca91-5193-aad9-2645222fda8b", "scryfallId": "5d4f97b9-996a-4203-8a08-e65db85d3e19", "scryfallIllustrationId": "04b34aed-a889-480a-b98a-377139b1cae5", "scryfallOracleId": "7909cee3-c742-40f2-afd6-37c7dd0b83b8"}, "language": "English", "layout": "art_series", "name": "Ingenious Infiltrator // Ingenious Infiltrator", "number": "21", "otherFaceIds": ["febcae8a-121f-50dc-8ae5-ee03d7adf2c8"], "reverseRelated": [], "setCode": "AMH1", "side": "b", "signature": "Jason Rainville", "subtypes": [], "supertypes": [], "type": "Card", "types": ["Card"], "uuid": "15c08844-8b76-57ca-a00a-46060982202d"}, {"artist": "Greg Opalinski", "availability": ["paper"], "borderColor": "borderless", "colorIdentity": [], "colors": [], "faceName": "Ninja of the New Moon", "finishes": ["nonfoil", "signed"], "frameVersion": "2015", "hasFoil": false, "hasNonFoil": true, "identifiers": {"mtgjsonV4Id": "96d1f237-d01c-5af1-8b89-7f50adb9ed0c", "scryfallId": "a250398e-1a6a-4607-bfb5-11015cee5522", "scryfallIllustrationId": "98a55b19-89e5-4e8e-a4b9-dafa9a4501b3", "scryfallOracleId": "b2fed47f-1f9f-4658-832a-0879d3114845"}, "language": "English", "layout": "art_series", "name": "Ninja of the New Moon // Ninja of the New Moon", "number": "22", "otherFaceIds": ["501fa3be-2904-5e49-b3fa-5d7f911961e5"], "reverseRelated": [], "setCode": "AMH1", "side": "a", "signature": "Greg Opalinski", "subtypes": [], "supertypes": [], "type": "Card", "types": ["Card"], "uuid": "a2f53d2a-dfe5-5c98-9682-d33b405b7524"}, {"artist": "Greg Opalinski", "availability": ["paper"], "borderColor": "borderless", "colorIdentity": [], "colors": [], "faceName": "Ninja of the New Moon", "finishes": ["nonfoil", "signed"], "frameVersion": "2015", "hasFoil": false, "hasNonFoil": true, "identifiers": {"mtgjsonV4Id": "f8007ddb-dd79-54a9-9938-e1a9d45874a7", "scryfallId": "a250398e-1a6a-4607-bfb5-11015cee5522", "scryfallIllustrationId": "86fd5503-509d-46c8-99be-e77c2388fb99", "scryfallOracleId": "b2fed47f-1f9f-4658-832a-0879d3114845"}, "language": "English", "layout": "art_series", "name": "Ninja of the New Moon // Ninja of the New Moon", "number": "22", "otherFaceIds": ["a2f53d2a-dfe5-5c98-9682-d33b405b7524"], "reverseRelated": [], "setCode": "AMH1", "side": "b", "signature": "Greg Opalinski", "subtypes": [], "supertypes": [], "type": "Card", "types": ["Card"], "uuid": "501fa3be-2904-5e49-b3fa-5d7f911961e5"}, {"artist": "Victor Adame Minguez", "availability": ["paper"], "borderColor": "borderless", "colorIdentity": [], "colors": [], "faceName": "Morophon, the Boundless", "finishes": ["nonfoil", "signed"], "frameVersion": "2015", "hasFoil": false, "hasNonFoil": true, "identifiers": {"mtgjsonV4Id": "43c9a533-206a-5b27-a3d7-32fd17600472", "scryfallId": "1d0b9a8b-3814-4ce9-a1fa-9a2326cc97d6", "scryfallIllustrationId": "a2f7c0f0-d2ce-4c93-928a-825e5edb3cf2", "scryfallOracleId": "9d436985-bf0c-4530-b9b3-9dc61bd95c4c"}, "language": "English", "layout": "art_series", "name": "Morophon, the Boundless // Morophon, the Boundless", "number": "23", "otherFaceIds": ["b6117097-7098-57d1-a947-8b25675ab88f"], "reverseRelated": [], "setCode": "AMH1", "side": "a", "signature": "Victor Adame Minguez", "subtypes": [], "supertypes": [], "type": "Card", "types": ["Card"], "uuid": "77c69756-3b83-56e2-898d-07817054f1ea"}, {"artist": "Victor Adame Minguez", "availability": ["paper"], "borderColor": "borderless", "colorIdentity": [], "colors": [], "faceName": "Morophon, the Boundless", "finishes": ["nonfoil", "signed"], "frameVersion": "2015", "hasFoil": false, "hasNonFoil": true, "identifiers": {"mtgjsonV4Id": "1b3f2ae4-91e7-5a62-8ae7-a2075361331a", "scryfallId": "1d0b9a8b-3814-4ce9-a1fa-9a2326cc97d6", "scryfallIllustrationId": "3b8077e6-b206-48ec-97a7-3ee56185769c", "scryfallOracleId": "9d436985-bf0c-4530-b9b3-9dc61bd95c4c"}, "language": "English", "layout": "art_series", "name": "Morophon, the Boundless // Morophon, the Boundless", "number": "23", "otherFaceIds": ["77c69756-3b83-56e2-898d-07817054f1ea"], "reverseRelated": [], "setCode": "AMH1", "side": "b", "signature": "Victor Adame Minguez", "subtypes": [], "supertypes": [], "type": "Card", "types": ["Card"], "uuid": "b6117097-7098-57d1-a947-8b25675ab88f"}, {"artist": "Lucas Graciano", "availability": ["paper"], "borderColor": "borderless", "colorIdentity": [], "colors": [], "faceName": "Lancer Sliver", "finishes": ["nonfoil", "signed"], "frameVersion": "2015", "hasFoil": false, "hasNonFoil": true, "identifiers": {"mtgjsonV4Id": "b3bfbee5-b18c-55e6-9b60-db943f86f699", "scryfallId": "21963a5a-6837-4d1c-8df6-2a171455766e", "scryfallIllustrationId": "d888cd67-38d7-45a1-b95c-5957d2acde83", "scryfallOracleId": "395b66fb-f779-4279-97e7-33dff34d46e3"}, "language": "English", "layout": "art_series", "name": "Lancer Sliver // Lancer Sliver", "number": "24", "otherFaceIds": ["2a7405f8-cec9-570b-8d37-af8ac72b58e7"], "reverseRelated": [], "setCode": "AMH1", "side": "a", "signature": "Lucas Graciano", "subtypes": [], "supertypes": [], "type": "Card", "types": ["Card"], "uuid": "756548fa-c341-5dc0-8a5a-e7692d77377a"}, {"artist": "Lucas Graciano", "availability": ["paper"], "borderColor": "borderless", "colorIdentity": [], "colors": [], "faceName": "Lancer Sliver", "finishes": ["nonfoil", "signed"], "frameVersion": "2015", "hasFoil": false, "hasNonFoil": true, "identifiers": {"mtgjsonV4Id": "8c06ccb1-5601-5a9f-b8a9-d879f1e7049f", "scryfallId": "21963a5a-6837-4d1c-8df6-2a171455766e", "scryfallIllustrationId": "0250a855-398c-4a1c-89d6-b807bcbae8b1", "scryfallOracleId": "395b66fb-f779-4279-97e7-33dff34d46e3"}, "language": "English", "layout": "art_series", "name": "Lancer Sliver // Lancer Sliver", "number": "24", "otherFaceIds": ["756548fa-c341-5dc0-8a5a-e7692d77377a"], "reverseRelated": [], "setCode": "AMH1", "side": "b", "signature": "Lucas Graciano", "subtypes": [], "supertypes": [], "type": "Card", "types": ["Card"], "uuid": "2a7405f8-cec9-570b-8d37-af8ac72b58e7"}, {"artist": "Josh Hass", "availability": ["paper"], "borderColor": "borderless", "colorIdentity": [], "colors": [], "faceName": "Enduring Sliver", "finishes": ["nonfoil", "signed"], "frameVersion": "2015", "hasFoil": false, "hasNonFoil": true, "identifiers": {"mtgjsonV4Id": "25e52115-bb7e-5c3f-879c-1ba2dc6cc440", "scryfallId": "999d66c1-609e-473c-887c-17ced11df426", "scryfallIllustrationId": "659289bb-ad81-4673-bd76-41bcb6d75504", "scryfallOracleId": "5b819e3a-07e1-43c1-800f-c46fea543867"}, "language": "English", "layout": "art_series", "name": "Enduring Sliver // Enduring Sliver", "number": "25", "otherFaceIds": ["cebda411-f35d-5e9f-81a0-6d8310c83185"], "reverseRelated": [], "setCode": "AMH1", "side": "a", "signature": "Josh Hass", "subtypes": [], "supertypes": [], "type": "Card", "types": ["Card"], "uuid": "b09465a4-9372-5d3b-ad25-2be5760c2791"}, {"artist": "Josh Hass", "availability": ["paper"], "borderColor": "borderless", "colorIdentity": [], "colors": [], "faceName": "Enduring Sliver", "finishes": ["nonfoil", "signed"], "frameVersion": "2015", "hasFoil": false, "hasNonFoil": true, "identifiers": {"mtgjsonV4Id": "f30c8e1d-0d28-58a3-89b8-9d77786b7418", "scryfallId": "999d66c1-609e-473c-887c-17ced11df426", "scryfallIllustrationId": "7a127839-8302-45a7-aec9-9969b7ec9111", "scryfallOracleId": "5b819e3a-07e1-43c1-800f-c46fea543867"}, "language": "English", "layout": "art_series", "name": "Enduring Sliver // Enduring Sliver", "number": "25", "otherFaceIds": ["b09465a4-9372-5d3b-ad25-2be5760c2791"], "reverseRelated": [], "setCode": "AMH1", "side": "b", "signature": "Josh Hass", "subtypes": [], "supertypes": [], "type": "Card", "types": ["Card"], "uuid": "cebda411-f35d-5e9f-81a0-6d8310c83185"}, {"artist": "Steven Belledin", "availability": ["paper"], "borderColor": "borderless", "colorIdentity": [], "colors": [], "faceName": "First Sliver's Chosen", "finishes": ["nonfoil", "signed"], "frameVersion": "2015", "hasFoil": false, "hasNonFoil": true, "identifiers": {"mtgjsonV4Id": "5c534ecf-7068-5e8c-a193-0047925dd336", "scryfallId": "74d905a8-6330-4d9e-8e46-6de75ff79a50", "scryfallIllustrationId": "521af062-2049-4771-91be-afda79c24aff", "scryfallOracleId": "521c641e-3c7c-4c3b-b8c0-dabf3750def7"}, "language": "English", "layout": "art_series", "name": "First Sliver's Chosen // First Sliver's Chosen", "number": "26", "otherFaceIds": ["3ecb130f-22d6-57e9-b4b4-4b398a0391e6"], "reverseRelated": [], "setCode": "AMH1", "side": "a", "signature": "Steven Belledin", "subtypes": [], "supertypes": [], "type": "Card", "types": ["Card"], "uuid": "a451dcd7-a258-5721-9732-b8ccf71c1763"}, {"artist": "Steven Belledin", "availability": ["paper"], "borderColor": "borderless", "colorIdentity": [], "colors": [], "faceName": "First Sliver's Chosen", "finishes": ["nonfoil", "signed"], "frameVersion": "2015", "hasFoil": false, "hasNonFoil": true, "identifiers": {"mtgjsonV4Id": "fdd8e534-6089-50bd-9f17-d4c3840fb8e2", "scryfallId": "74d905a8-6330-4d9e-8e46-6de75ff79a50", "scryfallIllustrationId": "801bb63b-c0c8-4b6a-b584-eb22f3c8bce0", "scryfallOracleId": "521c641e-3c7c-4c3b-b8c0-dabf3750def7"}, "language": "English", "layout": "art_series", "name": "First Sliver's Chosen // First Sliver's Chosen", "number": "26", "otherFaceIds": ["a451dcd7-a258-5721-9732-b8ccf71c1763"], "reverseRelated": [], "setCode": "AMH1", "side": "b", "signature": "Steven Belledin", "subtypes": [], "supertypes": [], "type": "Card", "types": ["Card"], "uuid": "3ecb130f-22d6-57e9-b4b4-4b398a0391e6"}, {"artist": "Zack Stella", "availability": ["paper"], "borderColor": "borderless", "colorIdentity": [], "colors": [], "faceName": "Dregscape Sliver", "finishes": ["nonfoil", "signed"], "frameVersion": "2015", "hasFoil": false, "hasNonFoil": true, "identifiers": {"mtgjsonV4Id": "ea1f7694-6d50-55aa-bfd3-45ff4c6bdaf1", "scryfallId": "38a44ab3-1bb1-489f-b39d-dec9c2e7f0c0", "scryfallIllustrationId": "c2b22583-a349-4edd-9efb-77aa8160ceb4", "scryfallOracleId": "0c90539d-8ace-4d51-995d-5a5575053c06"}, "language": "English", "layout": "art_series", "name": "Dregscape Sliver // Dregscape Sliver", "number": "27", "otherFaceIds": ["08499582-19f3-5952-adb5-a248db693ea9"], "reverseRelated": [], "setCode": "AMH1", "side": "a", "signature": "Zack Stella", "subtypes": [], "supertypes": [], "type": "Card", "types": ["Card"], "uuid": "648155eb-617d-5a5a-8543-5c7c19a0048a"}, {"artist": "Zack Stella", "availability": ["paper"], "borderColor": "borderless", "colorIdentity": [], "colors": [], "faceName": "Dregscape Sliver", "finishes": ["nonfoil", "signed"], "frameVersion": "2015", "hasFoil": false, "hasNonFoil": true, "identifiers": {"mtgjsonV4Id": "252dccb2-5bf6-5785-8526-e3e68ff147f0", "scryfallId": "38a44ab3-1bb1-489f-b39d-dec9c2e7f0c0", "scryfallIllustrationId": "93aed5b0-7870-4dbc-b5fd-3bb4e44b5305", "scryfallOracleId": "0c90539d-8ace-4d51-995d-5a5575053c06"}, "language": "English", "layout": "art_series", "name": "Dregscape Sliver // Dregscape Sliver", "number": "27", "otherFaceIds": ["648155eb-617d-5a5a-8543-5c7c19a0048a"], "reverseRelated": [], "setCode": "AMH1", "side": "b", "signature": "Zack Stella", "subtypes": [], "supertypes": [], "type": "Card", "types": ["Card"], "uuid": "08499582-19f3-5952-adb5-a248db693ea9"}, {"artist": "Seb McKinnon", "availability": ["paper"], "borderColor": "borderless", "colorIdentity": [], "colors": [], "faceName": "Soulherder", "finishes": ["nonfoil", "signed"], "frameVersion": "2015", "hasFoil": false, "hasNonFoil": true, "identifiers": {"mtgjsonV4Id": "836dc462-ee75-5d21-8b91-4b3ddfc4b190", "scryfallId": "f17d1460-4810-448c-9bba-afd3ff0bcfd3", "scryfallIllustrationId": "d9d3722c-e6a4-4204-97ba-a33763eb5c37", "scryfallOracleId": "3f9417ef-99ac-4b5b-8208-b0302055d9c7"}, "language": "English", "layout": "art_series", "name": "Soulherder // Soulherder", "number": "28", "otherFaceIds": ["db41ea6b-03cc-51f5-852b-e19cc6ffe25d"], "reverseRelated": [], "setCode": "AMH1", "side": "a", "signature": "Seb McKinnon", "subtypes": [], "supertypes": [], "type": "Card", "types": ["Card"], "uuid": "1a4a3c17-bd15-50de-b925-995751333356"}, {"artist": "Seb McKinnon", "availability": ["paper"], "borderColor": "borderless", "colorIdentity": [], "colors": [], "faceName": "Soulherder", "finishes": ["nonfoil", "signed"], "frameVersion": "2015", "hasFoil": false, "hasNonFoil": true, "identifiers": {"mtgjsonV4Id": "c337c2a0-eb27-53fa-af4b-d00bb83725b4", "scryfallId": "f17d1460-4810-448c-9bba-afd3ff0bcfd3", "scryfallIllustrationId": "8c67369e-1937-44dd-8fd3-bdcb315a6594", "scryfallOracleId": "3f9417ef-99ac-4b5b-8208-b0302055d9c7"}, "language": "English", "layout": "art_series", "name": "Soulherder // Soulherder", "number": "28", "otherFaceIds": ["1a4a3c17-bd15-50de-b925-995751333356"], "reverseRelated": [], "setCode": "AMH1", "side": "b", "signature": "Seb McKinnon", "subtypes": [], "supertypes": [], "type": "Card", "types": ["Card"], "uuid": "db41ea6b-03cc-51f5-852b-e19cc6ffe25d"}, {"artist": "Seb McKinnon", "availability": ["paper"], "borderColor": "borderless", "colorIdentity": [], "colors": [], "faceName": "Force of Despair", "finishes": ["nonfoil", "signed"], "frameVersion": "2015", "hasFoil": false, "hasNonFoil": true, "identifiers": {"mtgjsonV4Id": "9de6ad41-c3c4-5a6d-a5d2-5f7bccf53bc6", "scryfallId": "9a3c9e4a-2e6e-4f2f-8544-9273ee226d9f", "scryfallIllustrationId": "5c8b16f8-7024-4567-9c1d-acc9290f8855", "scryfallOracleId": "9e4ed6f1-545e-4e61-9aef-ba42e2e17d8b"}, "language": "English", "layout": "art_series", "name": "Force of Despair // Force of Despair", "number": "29", "otherFaceIds": ["1d98273c-4a0d-5353-8f4b-7e64a03a56d4"], "reverseRelated": [], "setCode": "AMH1", "side": "a", "signature": "Seb McKinnon", "subtypes": [], "supertypes": [], "type": "Card", "types": ["Card"], "uuid": "01958b3e-4fc1-56df-a433-f9d5e0a7f875"}, {"artist": "Seb McKinnon", "availability": ["paper"], "borderColor": "borderless", "colorIdentity": [], "colors": [], "faceName": "Force of Despair", "finishes": ["nonfoil", "signed"], "frameVersion": "2015", "hasFoil": false, "hasNonFoil": true, "identifiers": {"mtgjsonV4Id": "d0b86d51-0a3b-58df-a254-d5816317eda9", "scryfallId": "9a3c9e4a-2e6e-4f2f-8544-9273ee226d9f", "scryfallIllustrationId": "2113762c-f6b1-4979-8796-61ab7fa8a594", "scryfallOracleId": "9e4ed6f1-545e-4e61-9aef-ba42e2e17d8b"}, "language": "English", "layout": "art_series", "name": "Force of Despair // Force of Despair", "number": "29", "otherFaceIds": ["01958b3e-4fc1-56df-a433-f9d5e0a7f875"], "reverseRelated": [], "setCode": "AMH1", "side": "b", "signature": "Seb McKinnon", "subtypes": [], "supertypes": [], "type": "Card", "types": ["Card"], "uuid": "1d98273c-4a0d-5353-8f4b-7e64a03a56d4"}, {"artist": "Seb McKinnon", "availability": ["paper"], "borderColor": "borderless", "colorIdentity": [], "colors": [], "faceName": "Answered Prayers", "finishes": ["nonfoil", "signed"], "frameVersion": "2015", "hasFoil": false, "hasNonFoil": true, "identifiers": {"mtgjsonV4Id": "91b5614f-e401-5da5-8ac8-1859ae3e1e11", "scryfallId": "e4a07170-0731-411f-acd5-041b9e7f22e2", "scryfallIllustrationId": "09bf4d98-ca6c-44cb-8a6e-88c433e1c012", "scryfallOracleId": "3cee850f-a4f3-4a2d-886c-92634a8c529a"}, "language": "English", "layout": "art_series", "name": "Answered Prayers // Answered Prayers", "number": "30", "otherFaceIds": ["285cb1e8-6db8-5435-af18-6661ca0590d8"], "reverseRelated": [], "setCode": "AMH1", "side": "a", "signature": "Seb McKinnon", "subtypes": [], "supertypes": [], "type": "Card", "types": ["Card"], "uuid": "8e6a5504-0b1b-5a69-9bf1-668018c380ab"}, {"artist": "Seb McKinnon", "availability": ["paper"], "borderColor": "borderless", "colorIdentity": [], "colors": [], "faceName": "Answered Prayers", "finishes": ["nonfoil", "signed"], "frameVersion": "2015", "hasFoil": false, "hasNonFoil": true, "identifiers": {"mtgjsonV4Id": "021e7a20-ea71-5d53-87c5-9af0b9b1de23", "scryfallId": "e4a07170-0731-411f-acd5-041b9e7f22e2", "scryfallIllustrationId": "d1c85f8e-2847-46cd-bdc0-fad29915f71e", "scryfallOracleId": "3cee850f-a4f3-4a2d-886c-92634a8c529a"}, "language": "English", "layout": "art_series", "name": "Answered Prayers // Answered Prayers", "number": "30", "otherFaceIds": ["8e6a5504-0b1b-5a69-9bf1-668018c380ab"], "reverseRelated": [], "setCode": "AMH1", "side": "b", "signature": "Seb McKinnon", "subtypes": [], "supertypes": [], "type": "Card", "types": ["Card"], "uuid": "285cb1e8-6db8-5435-af18-6661ca0590d8"}, {"artist": "Noah Bradley", "availability": ["paper"], "borderColor": "borderless", "colorIdentity": [], "colors": [], "faceName": "Winds of Abandon", "finishes": ["nonfoil", "signed"], "frameVersion": "2015", "hasFoil": false, "hasNonFoil": true, "identifiers": {"mtgjsonV4Id": "6fd7fe0c-40b7-5449-97e3-09f2025a8d4e", "scryfallId": "cb9cca2d-7372-44ba-9eb7-9a1e63dcc4c4", "scryfallIllustrationId": "86e2bd26-e31b-4898-b4d8-cadf009be09e", "scryfallOracleId": "7e2c98f5-3d49-478e-9f28-c69b73f34ada"}, "language": "English", "layout": "art_series", "name": "Winds of Abandon // Winds of Abandon", "number": "31", "otherFaceIds": ["b1d9a278-0d3d-594a-925f-c371e8346bf5"], "reverseRelated": [], "setCode": "AMH1", "side": "a", "signature": "Noah Bradley", "subtypes": [], "supertypes": [], "type": "Card", "types": ["Card"], "uuid": "a42d5f74-4f2a-5643-8b1b-5b13cafc4592"}, {"artist": "Noah Bradley", "availability": ["paper"], "borderColor": "borderless", "colorIdentity": [], "colors": [], "faceName": "Winds of Abandon", "finishes": ["nonfoil", "signed"], "frameVersion": "2015", "hasFoil": false, "hasNonFoil": true, "identifiers": {"mtgjsonV4Id": "1b0698f2-a841-57fc-9958-b9d162f38338", "scryfallId": "cb9cca2d-7372-44ba-9eb7-9a1e63dcc4c4", "scryfallIllustrationId": "484614ff-b5be-4587-9b79-c71825632310", "scryfallOracleId": "7e2c98f5-3d49-478e-9f28-c69b73f34ada"}, "language": "English", "layout": "art_series", "name": "Winds of Abandon // Winds of Abandon", "number": "31", "otherFaceIds": ["a42d5f74-4f2a-5643-8b1b-5b13cafc4592"], "reverseRelated": [], "setCode": "AMH1", "side": "b", "signature": "Noah Bradley", "subtypes": [], "supertypes": [], "type": "Card", "types": ["Card"], "uuid": "b1d9a278-0d3d-594a-925f-c371e8346bf5"}, {"artist": "Nils Hamm", "availability": ["paper"], "borderColor": "borderless", "colorIdentity": [], "colors": [], "faceName": "Everdream", "finishes": ["nonfoil", "signed"], "frameVersion": "2015", "hasFoil": false, "hasNonFoil": true, "identifiers": {"mtgjsonV4Id": "bdcecd92-569b-5ae0-a19d-238a473512fd", "scryfallId": "2257de44-db2a-4943-86fc-0bf2f84603d4", "scryfallIllustrationId": "c1f33950-9fc3-4c38-bab4-4e3722a9b1b1", "scryfallOracleId": "43f4edc4-2855-4815-8b62-e4d8c21a54bc"}, "language": "English", "layout": "art_series", "name": "Everdream // Everdream", "number": "32", "otherFaceIds": ["e836174b-2c8f-5190-b17e-134b4873049a"], "reverseRelated": [], "setCode": "AMH1", "side": "a", "signature": "Nils Hamm", "subtypes": [], "supertypes": [], "type": "Card", "types": ["Card"], "uuid": "ea8bb1e5-7456-5ada-bef3-ad2cbd5cbba3"}, {"artist": "Nils Hamm", "availability": ["paper"], "borderColor": "borderless", "colorIdentity": [], "colors": [], "faceName": "Everdream", "finishes": ["nonfoil", "signed"], "frameVersion": "2015", "hasFoil": false, "hasNonFoil": true, "identifiers": {"mtgjsonV4Id": "7028b320-cbd2-56ef-b3fb-491f3b33833c", "scryfallId": "2257de44-db2a-4943-86fc-0bf2f84603d4", "scryfallIllustrationId": "0cdc6321-bd06-40b8-9436-985571754bf7", "scryfallOracleId": "43f4edc4-2855-4815-8b62-e4d8c21a54bc"}, "language": "English", "layout": "art_series", "name": "Everdream // Everdream", "number": "32", "otherFaceIds": ["ea8bb1e5-7456-5ada-bef3-ad2cbd5cbba3"], "reverseRelated": [], "setCode": "AMH1", "side": "b", "signature": "Nils Hamm", "subtypes": [], "supertypes": [], "type": "Card", "types": ["Card"], "uuid": "e836174b-2c8f-5190-b17e-134b4873049a"}, {"artist": "Jason Rainville", "availability": ["paper"], "borderColor": "borderless", "colorIdentity": [], "colors": [], "faceName": "Mind Rake", "finishes": ["nonfoil", "signed"], "frameVersion": "2015", "hasFoil": false, "hasNonFoil": true, "identifiers": {"mtgjsonV4Id": "a4ed5577-b182-543b-bc79-67f4c70f6361", "scryfallId": "a7146984-4666-4e01-b7dd-eed5c35fc765", "scryfallIllustrationId": "9349cad2-2baf-438a-805e-b867bdd5cc33", "scryfallOracleId": "0c2ada26-4480-4558-8daf-7eb5a22a2469"}, "language": "English", "layout": "art_series", "name": "Mind Rake // Mind Rake", "number": "33", "otherFaceIds": ["4acb58b1-9f60-5a84-be51-893a63c773b7"], "reverseRelated": [], "setCode": "AMH1", "side": "a", "signature": "Jason Rainville", "subtypes": [], "supertypes": [], "type": "Card", "types": ["Card"], "uuid": "f244a5bb-7888-5358-b0fe-a9d81f05c54a"}, {"artist": "Jason Rainville", "availability": ["paper"], "borderColor": "borderless", "colorIdentity": [], "colors": [], "faceName": "Mind Rake", "finishes": ["nonfoil", "signed"], "frameVersion": "2015", "hasFoil": false, "hasNonFoil": true, "identifiers": {"mtgjsonV4Id": "eb8e6aea-4c04-525f-b935-cb40616d50ae", "scryfallId": "a7146984-4666-4e01-b7dd-eed5c35fc765", "scryfallIllustrationId": "89c5b787-02c9-43b2-92ac-831d1d6d6031", "scryfallOracleId": "0c2ada26-4480-4558-8daf-7eb5a22a2469"}, "language": "English", "layout": "art_series", "name": "Mind Rake // Mind Rake", "number": "33", "otherFaceIds": ["f244a5bb-7888-5358-b0fe-a9d81f05c54a"], "reverseRelated": [], "setCode": "AMH1", "side": "b", "signature": "Jason Rainville", "subtypes": [], "supertypes": [], "type": "Card", "types": ["Card"], "uuid": "4acb58b1-9f60-5a84-be51-893a63c773b7"}, {"artist": "Terese Nielsen", "availability": ["paper"], "borderColor": "borderless", "colorIdentity": [], "colors": [], "faceName": "Echo of Eons", "finishes": ["nonfoil", "signed"], "frameVersion": "2015", "hasFoil": false, "hasNonFoil": true, "identifiers": {"mtgjsonV4Id": "134ef558-680b-5214-a934-37976b9189b3", "scryfallId": "cd9bee55-0256-4f4c-b417-144d6d86c957", "scryfallIllustrationId": "ecdc0194-ff90-411e-a2d6-c831025a0e05", "scryfallOracleId": "e301730c-b552-440a-9002-1feeeae7e5ea"}, "language": "English", "layout": "art_series", "name": "Echo of Eons // Echo of Eons", "number": "34", "otherFaceIds": ["4ddedc66-7ce2-5f18-9925-24c4ea67892e"], "reverseRelated": [], "setCode": "AMH1", "side": "a", "signature": "Terese Nielsen", "subtypes": [], "supertypes": [], "type": "Card", "types": ["Card"], "uuid": "703948f3-e813-583d-90f0-3e50f884b5ce"}, {"artist": "Terese Nielsen", "availability": ["paper"], "borderColor": "borderless", "colorIdentity": [], "colors": [], "faceName": "Echo of Eons", "finishes": ["nonfoil", "signed"], "frameVersion": "2015", "hasFoil": false, "hasNonFoil": true, "identifiers": {"mtgjsonV4Id": "4d187144-6f24-5ee9-a32a-e59c3c83814e", "scryfallId": "cd9bee55-0256-4f4c-b417-144d6d86c957", "scryfallIllustrationId": "925812f2-8031-4e5b-b84c-87cf799d324d", "scryfallOracleId": "e301730c-b552-440a-9002-1feeeae7e5ea"}, "language": "English", "layout": "art_series", "name": "Echo of Eons // Echo of Eons", "number": "34", "otherFaceIds": ["703948f3-e813-583d-90f0-3e50f884b5ce"], "reverseRelated": [], "setCode": "AMH1", "side": "b", "signature": "Terese Nielsen", "subtypes": [], "supertypes": [], "type": "Card", "types": ["Card"], "uuid": "4ddedc66-7ce2-5f18-9925-24c4ea67892e"}, {"artist": "Martina Pilcerova", "availability": ["paper"], "borderColor": "borderless", "colorIdentity": [], "colors": [], "faceName": "Face of Divinity", "finishes": ["nonfoil", "signed"], "frameVersion": "2015", "hasFoil": false, "hasNonFoil": true, "identifiers": {"mtgjsonV4Id": "cad5198a-a760-52aa-9cdc-93400e54cf4b", "scryfallId": "16d1ca9f-ae66-4e5e-8bf2-b795414e6e47", "scryfallIllustrationId": "6bc270a2-c83b-483c-a240-aab0723513c9", "scryfallOracleId": "b69c5947-7fe7-49c9-b1b2-5c524d43577c"}, "language": "English", "layout": "art_series", "name": "Face of Divinity // Face of Divinity", "number": "35", "otherFaceIds": ["ef30585b-6c80-5479-92c2-5612f0a2bebd"], "reverseRelated": [], "setCode": "AMH1", "side": "a", "signature": "Martina Pilcerova", "subtypes": [], "supertypes": [], "type": "Card", "types": ["Card"], "uuid": "6077db44-7ff7-5e15-82e8-9f8456c8f213"}, {"artist": "Martina Pilcerova", "availability": ["paper"], "borderColor": "borderless", "colorIdentity": [], "colors": [], "faceName": "Face of Divinity", "finishes": ["nonfoil", "signed"], "frameVersion": "2015", "hasFoil": false, "hasNonFoil": true, "identifiers": {"mtgjsonV4Id": "4a016c0a-a395-5ed2-a390-a7b1e49bb728", "scryfallId": "16d1ca9f-ae66-4e5e-8bf2-b795414e6e47", "scryfallIllustrationId": "18d644aa-0db3-4091-8ff4-24700fe7506d", "scryfallOracleId": "b69c5947-7fe7-49c9-b1b2-5c524d43577c"}, "language": "English", "layout": "art_series", "name": "Face of Divinity // Face of Divinity", "number": "35", "otherFaceIds": ["6077db44-7ff7-5e15-82e8-9f8456c8f213"], "reverseRelated": [], "setCode": "AMH1", "side": "b", "signature": "Martina Pilcerova", "subtypes": [], "supertypes": [], "type": "Card", "types": ["Card"], "uuid": "ef30585b-6c80-5479-92c2-5612f0a2bebd"}, {"artist": "Bastien L. Deharme", "availability": ["paper"], "borderColor": "borderless", "colorIdentity": [], "colors": [], "faceName": "Ephemerate", "finishes": ["nonfoil", "signed"], "frameVersion": "2015", "hasFoil": false, "hasNonFoil": true, "identifiers": {"mtgjsonV4Id": "7d919315-451b-59d5-9a92-6fc0f07e630f", "scryfallId": "019ee55a-d8bc-4aab-a3cf-20f761722dd5", "scryfallIllustrationId": "8bde5494-e5a2-4f28-ab3b-90a12f55064a", "scryfallOracleId": "72e9b5bf-8680-404e-a8be-d469649d04c8"}, "language": "English", "layout": "art_series", "name": "Ephemerate // Ephemerate", "number": "36", "otherFaceIds": ["4396ede5-2d60-5cfb-828b-d8e1e96bd12e"], "reverseRelated": [], "setCode": "AMH1", "side": "a", "signature": "Bastien L. Deharme", "subtypes": [], "supertypes": [], "type": "Card", "types": ["Card"], "uuid": "bbac7ac7-7da2-5f7b-937b-cb93053c62d0"}, {"artist": "Bastien L. Deharme", "availability": ["paper"], "borderColor": "borderless", "colorIdentity": [], "colors": [], "faceName": "Ephemerate", "finishes": ["nonfoil", "signed"], "frameVersion": "2015", "hasFoil": false, "hasNonFoil": true, "identifiers": {"mtgjsonV4Id": "4b55bb10-0bb5-55d2-83d5-e8106675e9b6", "scryfallId": "019ee55a-d8bc-4aab-a3cf-20f761722dd5", "scryfallIllustrationId": "9f4c206a-83a7-4f57-8e59-e4e2334a07fe", "scryfallOracleId": "72e9b5bf-8680-404e-a8be-d469649d04c8"}, "language": "English", "layout": "art_series", "name": "Ephemerate // Ephemerate", "number": "36", "otherFaceIds": ["bbac7ac7-7da2-5f7b-937b-cb93053c62d0"], "reverseRelated": [], "setCode": "AMH1", "side": "b", "signature": "Bastien L. Deharme", "subtypes": [], "supertypes": [], "type": "Card", "types": ["Card"], "uuid": "4396ede5-2d60-5cfb-828b-d8e1e96bd12e"}, {"artist": "Milivoj Ćeran", "availability": ["paper"], "borderColor": "borderless", "colorIdentity": [], "colors": [], "faceName": "Ravenous Giant", "finishes": ["nonfoil", "signed"], "frameVersion": "2015", "hasFoil": false, "hasNonFoil": true, "identifiers": {"mtgjsonV4Id": "93a500d5-18ff-5494-8272-510717567985", "scryfallId": "04ca6ce5-0641-47ab-81f0-3b8ad59b88da", "scryfallIllustrationId": "7bce3e11-1534-451e-aea1-315b6fc645d0", "scryfallOracleId": "4bbdb8b0-d24a-4569-8bfc-99f5452339d2"}, "language": "English", "layout": "art_series", "name": "Ravenous Giant // Ravenous Giant", "number": "37", "otherFaceIds": ["40569966-b120-50f1-91db-68407db9696e"], "reverseRelated": [], "setCode": "AMH1", "side": "a", "signature": "Milivoj Ćeran", "subtypes": [], "supertypes": [], "type": "Card", "types": ["Card"], "uuid": "5c5a1489-360c-53eb-b032-862ad543b6cb"}, {"artist": "Milivoj Ćeran", "availability": ["paper"], "borderColor": "borderless", "colorIdentity": [], "colors": [], "faceName": "Ravenous Giant", "finishes": ["nonfoil", "signed"], "frameVersion": "2015", "hasFoil": false, "hasNonFoil": true, "identifiers": {"mtgjsonV4Id": "c9ce13cd-aa5d-51b9-8b4b-2c8207b2e46a", "scryfallId": "04ca6ce5-0641-47ab-81f0-3b8ad59b88da", "scryfallIllustrationId": "13d828be-f751-4e0f-b209-4414463d38aa", "scryfallOracleId": "4bbdb8b0-d24a-4569-8bfc-99f5452339d2"}, "language": "English", "layout": "art_series", "name": "Ravenous Giant // Ravenous Giant", "number": "37", "otherFaceIds": ["5c5a1489-360c-53eb-b032-862ad543b6cb"], "reverseRelated": [], "setCode": "AMH1", "side": "b", "signature": "Milivoj Ćeran", "subtypes": [], "supertypes": [], "type": "Card", "types": ["Card"], "uuid": "40569966-b120-50f1-91db-68407db9696e"}, {"artist": "Jesper Ejsing", "availability": ["paper"], "borderColor": "borderless", "colorIdentity": [], "colors": [], "faceName": "Spinehorn Minotaur", "finishes": ["nonfoil", "signed"], "frameVersion": "2015", "hasFoil": false, "hasNonFoil": true, "identifiers": {"mtgjsonV4Id": "92b84678-76fb-5390-8a59-22685ea3cfbd", "scryfallId": "b157345d-b997-4868-9c8a-e86e8c7ffed5", "scryfallIllustrationId": "04d1f8d8-119f-48e9-9c05-b6271678248f", "scryfallOracleId": "41208d2f-56a9-4682-9885-b1cf0c64fc7b"}, "language": "English", "layout": "art_series", "name": "Spinehorn Minotaur // Spinehorn Minotaur", "number": "38", "otherFaceIds": ["a0ac1388-72c4-5d61-896e-6e505ad0de57"], "reverseRelated": [], "setCode": "AMH1", "side": "a", "signature": "Jesper Ejsing", "subtypes": [], "supertypes": [], "type": "Card", "types": ["Card"], "uuid": "71cd1c6b-8c66-50a5-beec-ffbcbb3ce5ac"}, {"artist": "Jesper Ejsing", "availability": ["paper"], "borderColor": "borderless", "colorIdentity": [], "colors": [], "faceName": "Spinehorn Minotaur", "finishes": ["nonfoil", "signed"], "frameVersion": "2015", "hasFoil": false, "hasNonFoil": true, "identifiers": {"mtgjsonV4Id": "482d85c5-5650-54cd-8b3a-aba24fb466ae", "scryfallId": "b157345d-b997-4868-9c8a-e86e8c7ffed5", "scryfallIllustrationId": "a7595c7e-1345-4c68-a893-49d8419d1a0f", "scryfallOracleId": "41208d2f-56a9-4682-9885-b1cf0c64fc7b"}, "language": "English", "layout": "art_series", "name": "Spinehorn Minotaur // Spinehorn Minotaur", "number": "38", "otherFaceIds": ["71cd1c6b-8c66-50a5-beec-ffbcbb3ce5ac"], "reverseRelated": [], "setCode": "AMH1", "side": "b", "signature": "Jesper Ejsing", "subtypes": [], "supertypes": [], "type": "Card", "types": ["Card"], "uuid": "a0ac1388-72c4-5d61-896e-6e505ad0de57"}, {"artist": "Wisnu Tan", "availability": ["paper"], "borderColor": "borderless", "colorIdentity": [], "colors": [], "faceName": "Lesser Masticore", "finishes": ["nonfoil", "signed"], "frameVersion": "2015", "hasFoil": false, "hasNonFoil": true, "identifiers": {"mtgjsonV4Id": "0e4f2b5b-349a-5695-a432-bf6896cdc8e7", "scryfallId": "2ea1cc05-8d11-4006-b25f-80c206525bb5", "scryfallIllustrationId": "096ebb02-64d8-4aae-99bf-feb60e251c1a", "scryfallOracleId": "489922bf-7418-4297-810f-6ecd7778dd83"}, "language": "English", "layout": "art_series", "name": "Lesser Masticore // Lesser Masticore", "number": "39", "otherFaceIds": ["41fb96f2-2327-5068-adce-0bfb139b072e"], "reverseRelated": [], "setCode": "AMH1", "side": "a", "signature": "Wisnu Tan", "subtypes": [], "supertypes": [], "type": "Card", "types": ["Card"], "uuid": "8dc09c51-def6-593f-afa6-2eb2eea886e1"}, {"artist": "Wisnu Tan", "availability": ["paper"], "borderColor": "borderless", "colorIdentity": [], "colors": [], "faceName": "Lesser Masticore", "finishes": ["nonfoil", "signed"], "frameVersion": "2015", "hasFoil": false, "hasNonFoil": true, "identifiers": {"mtgjsonV4Id": "e961e09d-f954-58f4-83d6-fb90618e29b4", "scryfallId": "2ea1cc05-8d11-4006-b25f-80c206525bb5", "scryfallIllustrationId": "6e5d2586-1875-4d3a-819e-4bc73ec649c4", "scryfallOracleId": "489922bf-7418-4297-810f-6ecd7778dd83"}, "language": "English", "layout": "art_series", "name": "Lesser Masticore // Lesser Masticore", "number": "39", "otherFaceIds": ["8dc09c51-def6-593f-afa6-2eb2eea886e1"], "reverseRelated": [], "setCode": "AMH1", "side": "b", "signature": "Wisnu Tan", "subtypes": [], "supertypes": [], "type": "Card", "types": ["Card"], "uuid": "41fb96f2-2327-5068-adce-0bfb139b072e"}, {"artist": "Bram Sels", "availability": ["paper"], "borderColor": "borderless", "colorIdentity": [], "colors": [], "faceName": "Mirrodin Besieged", "finishes": ["nonfoil", "signed"], "frameVersion": "2015", "hasFoil": false, "hasNonFoil": true, "identifiers": {"mtgjsonV4Id": "33b44426-2e2e-5317-a03b-9e52736147ea", "scryfallId": "ca6acb60-974b-4fb0-80dd-9ce99cee4019", "scryfallIllustrationId": "e12abd9d-3fcf-44ec-be4f-7b4a1a483f1f", "scryfallOracleId": "574f690b-9c76-478a-bdc2-b5ee6d80c659"}, "language": "English", "layout": "art_series", "name": "Mirrodin Besieged // Mirrodin Besieged", "number": "40", "otherFaceIds": ["23f3efa0-01bb-589b-9355-537ae862ff58"], "reverseRelated": [], "setCode": "AMH1", "side": "a", "signature": "Bram Sels", "subtypes": [], "supertypes": [], "type": "Card", "types": ["Card"], "uuid": "924afc87-c3a1-543e-8547-172cf37f7a7b"}, {"artist": "Bram Sels", "availability": ["paper"], "borderColor": "borderless", "colorIdentity": [], "colors": [], "faceName": "Mirrodin Besieged", "finishes": ["nonfoil", "signed"], "frameVersion": "2015", "hasFoil": false, "hasNonFoil": true, "identifiers": {"mtgjsonV4Id": "36d38b8e-e30b-57a4-9d7b-0790de8e61ae", "scryfallId": "ca6acb60-974b-4fb0-80dd-9ce99cee4019", "scryfallIllustrationId": "24fa30bd-d7d7-4ea9-9311-06058c9999f6", "scryfallOracleId": "574f690b-9c76-478a-bdc2-b5ee6d80c659"}, "language": "English", "layout": "art_series", "name": "Mirrodin Besieged // Mirrodin Besieged", "number": "40", "otherFaceIds": ["924afc87-c3a1-543e-8547-172cf37f7a7b"], "reverseRelated": [], "setCode": "AMH1", "side": "b", "signature": "Bram Sels", "subtypes": [], "supertypes": [], "type": "Card", "types": ["Card"], "uuid": "23f3efa0-01bb-589b-9355-537ae862ff58"}, {"artist": "Nicholas Gregory", "availability": ["paper"], "borderColor": "borderless", "colorIdentity": [], "colors": [], "faceName": "Lightning Skelemental", "finishes": ["nonfoil", "signed"], "frameVersion": "2015", "hasFoil": false, "hasNonFoil": true, "identifiers": {"mtgjsonV4Id": "4f16ae3a-ad15-5a53-82ef-2333e292b8a0", "scryfallId": "89a397e8-a2c6-4778-9909-9ccf5ca9daf3", "scryfallIllustrationId": "7a611d8e-9c17-47e1-bc4f-9e1e17fd620e", "scryfallOracleId": "bcece837-f15a-4493-bf28-9c9063129cb7"}, "language": "English", "layout": "art_series", "name": "Lightning Skelemental // Lightning Skelemental", "number": "41", "otherFaceIds": ["40fa48cb-8427-516d-a16f-2d69431ac2ea"], "reverseRelated": [], "setCode": "AMH1", "side": "a", "signature": "Nicholas Gregory", "subtypes": [], "supertypes": [], "type": "Card", "types": ["Card"], "uuid": "18d84878-ee55-5cbb-8937-bd78bc9f94b8"}, {"artist": "Nicholas Gregory", "availability": ["paper"], "borderColor": "borderless", "colorIdentity": [], "colors": [], "faceName": "Lightning Skelemental", "finishes": ["nonfoil", "signed"], "frameVersion": "2015", "hasFoil": false, "hasNonFoil": true, "identifiers": {"mtgjsonV4Id": "c4086d05-f77d-5d8a-9d74-2e1cd68ad7ad", "scryfallId": "89a397e8-a2c6-4778-9909-9ccf5ca9daf3", "scryfallIllustrationId": "4976ebce-fda0-4632-9315-8dd87b93c75b", "scryfallOracleId": "bcece837-f15a-4493-bf28-9c9063129cb7"}, "language": "English", "layout": "art_series", "name": "Lightning Skelemental // Lightning Skelemental", "number": "41", "otherFaceIds": ["18d84878-ee55-5cbb-8937-bd78bc9f94b8"], "reverseRelated": [], "setCode": "AMH1", "side": "b", "signature": "Nicholas Gregory", "subtypes": [], "supertypes": [], "type": "Card", "types": ["Card"], "uuid": "40fa48cb-8427-516d-a16f-2d69431ac2ea"}, {"artist": "Vincent Proce", "availability": ["paper"], "borderColor": "borderless", "colorIdentity": [], "colors": [], "faceName": "Hogaak, Arisen Necropolis", "finishes": ["nonfoil", "signed"], "frameVersion": "2015", "hasFoil": false, "hasNonFoil": true, "identifiers": {"mtgjsonV4Id": "ebbe6d2e-add5-591f-8576-555f1bd1ab37", "scryfallId": "e8d00d0d-93c6-4058-939b-6a0c45354efc", "scryfallIllustrationId": "e959cb04-0c1a-475e-8003-a1cb380d4035", "scryfallOracleId": "c2ccdebe-1edf-46a5-b813-86397b51795d"}, "language": "English", "layout": "art_series", "name": "Hogaak, Arisen Necropolis // Hogaak, Arisen Necropolis", "number": "42", "otherFaceIds": ["4b0b98e9-9d2d-572d-9679-ecc08a300b80"], "reverseRelated": [], "setCode": "AMH1", "side": "a", "signature": "Vincent Proce", "subtypes": [], "supertypes": [], "type": "Card", "types": ["Card"], "uuid": "c228eac0-059e-564d-9304-395311907f2d"}, {"artist": "Vincent Proce", "availability": ["paper"], "borderColor": "borderless", "colorIdentity": [], "colors": [], "faceName": "Hogaak, Arisen Necropolis", "finishes": ["nonfoil", "signed"], "frameVersion": "2015", "hasFoil": false, "hasNonFoil": true, "identifiers": {"mtgjsonV4Id": "298d8df6-b12e-54a5-be2e-012bcd34dca3", "scryfallId": "e8d00d0d-93c6-4058-939b-6a0c45354efc", "scryfallIllustrationId": "a43def01-e193-47ac-8b47-611eb5be7812", "scryfallOracleId": "c2ccdebe-1edf-46a5-b813-86397b51795d"}, "language": "English", "layout": "art_series", "name": "Hogaak, Arisen Necropolis // Hogaak, Arisen Necropolis", "number": "42", "otherFaceIds": ["c228eac0-059e-564d-9304-395311907f2d"], "reverseRelated": [], "setCode": "AMH1", "side": "b", "signature": "Vincent Proce", "subtypes": [], "supertypes": [], "type": "Card", "types": ["Card"], "uuid": "4b0b98e9-9d2d-572d-9679-ecc08a300b80"}, {"artist": "Joe Slucher", "availability": ["paper"], "borderColor": "borderless", "colorIdentity": [], "colors": [], "faceName": "Excavating Anurid", "finishes": ["nonfoil", "signed"], "frameVersion": "2015", "hasFoil": false, "hasNonFoil": true, "identifiers": {"mtgjsonV4Id": "6fe75ea4-be9d-5e9e-a876-74743ab48460", "scryfallId": "fac86e00-2ee9-4a9f-a5af-a2a4e8fa18e7", "scryfallIllustrationId": "e1a7874e-264b-4c3f-82a0-400b1145b411", "scryfallOracleId": "a57abeb7-f112-4d6e-bd9c-3c0c00a2393a"}, "language": "English", "layout": "art_series", "name": "Excavating Anurid // Excavating Anurid", "number": "43", "otherFaceIds": ["647eb9a2-1cde-55be-96db-3e85731a4a92"], "reverseRelated": [], "setCode": "AMH1", "side": "a", "signature": "Joe Slucher", "subtypes": [], "supertypes": [], "type": "Card", "types": ["Card"], "uuid": "82ac0056-b48a-540d-879f-d864651b545c"}, {"artist": "Joe Slucher", "availability": ["paper"], "borderColor": "borderless", "colorIdentity": [], "colors": [], "faceName": "Excavating Anurid", "finishes": ["nonfoil", "signed"], "frameVersion": "2015", "hasFoil": false, "hasNonFoil": true, "identifiers": {"mtgjsonV4Id": "92d7de3e-596e-5dee-b47a-2bab7a346659", "scryfallId": "fac86e00-2ee9-4a9f-a5af-a2a4e8fa18e7", "scryfallIllustrationId": "e85e7304-4256-4886-a2ac-1abe2cbfd242", "scryfallOracleId": "a57abeb7-f112-4d6e-bd9c-3c0c00a2393a"}, "language": "English", "layout": "art_series", "name": "Excavating Anurid // Excavating Anurid", "number": "43", "otherFaceIds": ["82ac0056-b48a-540d-879f-d864651b545c"], "reverseRelated": [], "setCode": "AMH1", "side": "b", "signature": "Joe Slucher", "subtypes": [], "supertypes": [], "type": "Card", "types": ["Card"], "uuid": "647eb9a2-1cde-55be-96db-3e85731a4a92"}, {"artist": "Anastasia Ovchinnikova", "availability": ["paper"], "borderColor": "borderless", "colorIdentity": [], "colors": [], "faceName": "Headless Specter", "finishes": ["nonfoil", "signed"], "frameVersion": "2015", "hasFoil": false, "hasNonFoil": true, "identifiers": {"mtgjsonV4Id": "af85fa77-5ca1-59e8-bd07-a320c33fef2a", "scryfallId": "6729fe3e-2ba2-4311-a566-4043b2586015", "scryfallIllustrationId": "5f27e126-ba33-4906-a757-5f96a45dfa60", "scryfallOracleId": "397148cb-64d4-48d6-8f66-c0aed87b0bef"}, "language": "English", "layout": "art_series", "name": "Headless Specter // Headless Specter", "number": "44", "otherFaceIds": ["56a350bc-67c8-5f4f-838a-ac9f395661b0"], "reverseRelated": [], "setCode": "AMH1", "side": "a", "signature": "Anastasia Ovchinnikova", "subtypes": [], "supertypes": [], "type": "Card", "types": ["Card"], "uuid": "9537798a-46b6-5f01-8411-4a47ac2b0af1"}, {"artist": "Anastasia Ovchinnikova", "availability": ["paper"], "borderColor": "borderless", "colorIdentity": [], "colors": [], "faceName": "Headless Specter", "finishes": ["nonfoil", "signed"], "frameVersion": "2015", "hasFoil": false, "hasNonFoil": true, "identifiers": {"mtgjsonV4Id": "566ae8aa-5ba9-5b2b-9da2-0c1b10d9c40b", "scryfallId": "6729fe3e-2ba2-4311-a566-4043b2586015", "scryfallIllustrationId": "26ddc1a4-4b8d-411c-a418-21e3e7e60904", "scryfallOracleId": "397148cb-64d4-48d6-8f66-c0aed87b0bef"}, "language": "English", "layout": "art_series", "name": "Headless Specter // Headless Specter", "number": "44", "otherFaceIds": ["9537798a-46b6-5f01-8411-4a47ac2b0af1"], "reverseRelated": [], "setCode": "AMH1", "side": "b", "signature": "Anastasia Ovchinnikova", "subtypes": [], "supertypes": [], "type": "Card", "types": ["Card"], "uuid": "56a350bc-67c8-5f4f-838a-ac9f395661b0"}, {"artist": "Nicholas Gregory", "availability": ["paper"], "borderColor": "borderless", "colorIdentity": [], "colors": [], "faceName": "Plague Engineer", "finishes": ["nonfoil", "signed"], "frameVersion": "2015", "hasFoil": false, "hasNonFoil": true, "identifiers": {"mtgjsonV4Id": "8f07cb42-25ae-572d-8ab7-f805bad3bb74", "scryfallId": "efb61c20-84ae-45e7-9e8a-3f254f1b2a76", "scryfallIllustrationId": "e87ce3d8-25e2-4faf-92a3-8a7696bee70a", "scryfallOracleId": "f703e789-a04e-4fe4-9cab-8087079be6cc"}, "language": "English", "layout": "art_series", "name": "Plague Engineer // Plague Engineer", "number": "45", "otherFaceIds": ["8485ed67-7aa6-5607-a62f-2910397db857"], "reverseRelated": [], "setCode": "AMH1", "side": "a", "signature": "Nicholas Gregory", "subtypes": [], "supertypes": [], "type": "Card", "types": ["Card"], "uuid": "d57d470f-ef2a-51a5-a227-a92cde0c5c27"}, {"artist": "Nicholas Gregory", "availability": ["paper"], "borderColor": "borderless", "colorIdentity": [], "colors": [], "faceName": "Plague Engineer", "finishes": ["nonfoil", "signed"], "frameVersion": "2015", "hasFoil": false, "hasNonFoil": true, "identifiers": {"mtgjsonV4Id": "852bf3b9-6633-5f26-b8d6-58ab70482fab", "scryfallId": "efb61c20-84ae-45e7-9e8a-3f254f1b2a76", "scryfallIllustrationId": "c7540f36-c25f-4921-bb71-d81687ea2728", "scryfallOracleId": "f703e789-a04e-4fe4-9cab-8087079be6cc"}, "language": "English", "layout": "art_series", "name": "Plague Engineer // Plague Engineer", "number": "45", "otherFaceIds": ["d57d470f-ef2a-51a5-a227-a92cde0c5c27"], "reverseRelated": [], "setCode": "AMH1", "side": "b", "signature": "Nicholas Gregory", "subtypes": [], "supertypes": [], "type": "Card", "types": ["Card"], "uuid": "8485ed67-7aa6-5607-a62f-2910397db857"}, {"artist": "Chris Rahn", "availability": ["paper"], "borderColor": "borderless", "colorIdentity": [], "colors": [], "faceName": "Sword of Truth and Justice", "finishes": ["nonfoil", "signed"], "frameVersion": "2015", "hasFoil": false, "hasNonFoil": true, "identifiers": {"mtgjsonV4Id": "b1dd58b0-8ac2-5412-9077-de1e7d364109", "scryfallId": "d4c1d671-60f1-4415-860f-e73eb6cbc85e", "scryfallIllustrationId": "a932db37-ab11-4ee8-9059-50cbb4ac4528", "scryfallOracleId": "7fa57b12-7c95-4e2f-9def-7eb020f597a1"}, "language": "English", "layout": "art_series", "name": "Sword of Truth and Justice // Sword of Truth and Justice", "number": "46", "otherFaceIds": ["b2535e2f-b0d7-5e6d-a2ab-5fd43a90e657"], "reverseRelated": [], "setCode": "AMH1", "side": "a", "signature": "Chris Rahn", "subtypes": [], "supertypes": [], "type": "Card", "types": ["Card"], "uuid": "bd2c61f6-d17d-5243-94ad-b0349f0bd113"}, {"artist": "Chris Rahn", "availability": ["paper"], "borderColor": "borderless", "colorIdentity": [], "colors": [], "faceName": "Sword of Truth and Justice", "finishes": ["nonfoil", "signed"], "frameVersion": "2015", "hasFoil": false, "hasNonFoil": true, "identifiers": {"mtgjsonV4Id": "8d22d9b8-4bdc-5b09-a0eb-9a92a5b0ce79", "scryfallId": "d4c1d671-60f1-4415-860f-e73eb6cbc85e", "scryfallIllustrationId": "96b76de9-f89b-4c81-af4e-20022e0afdc3", "scryfallOracleId": "7fa57b12-7c95-4e2f-9def-7eb020f597a1"}, "language": "English", "layout": "art_series", "name": "Sword of Truth and Justice // Sword of Truth and Justice", "number": "46", "otherFaceIds": ["bd2c61f6-d17d-5243-94ad-b0349f0bd113"], "reverseRelated": [], "setCode": "AMH1", "side": "b", "signature": "Chris Rahn", "subtypes": [], "supertypes": [], "type": "Card", "types": ["Card"], "uuid": "b2535e2f-b0d7-5e6d-a2ab-5fd43a90e657"}, {"artist": "Chris Rahn", "availability": ["paper"], "borderColor": "borderless", "colorIdentity": [], "colors": [], "faceName": "Sword of Sinew and Steel", "finishes": ["nonfoil", "signed"], "frameVersion": "2015", "hasFoil": false, "hasNonFoil": true, "identifiers": {"mtgjsonV4Id": "8f9f63c7-15e0-51b7-b40f-620928bf906c", "scryfallId": "fcf2108d-21c1-4d27-8be2-80be5d295889", "scryfallIllustrationId": "0cb86ed3-221b-4587-9648-4ef1cc5e1248", "scryfallOracleId": "0de363c8-9117-4d78-ad92-2b31e5c6476a"}, "language": "English", "layout": "art_series", "name": "Sword of Sinew and Steel // Sword of Sinew and Steel", "number": "47", "otherFaceIds": ["f8069b4f-33e8-5697-b697-d99211bb9a53"], "reverseRelated": [], "setCode": "AMH1", "side": "a", "signature": "Chris Rahn", "subtypes": [], "supertypes": [], "type": "Card", "types": ["Card"], "uuid": "561462ca-e26e-5b7d-8bf6-5c78b11290cc"}, {"artist": "Chris Rahn", "availability": ["paper"], "borderColor": "borderless", "colorIdentity": [], "colors": [], "faceName": "Sword of Sinew and Steel", "finishes": ["nonfoil", "signed"], "frameVersion": "2015", "hasFoil": false, "hasNonFoil": true, "identifiers": {"mtgjsonV4Id": "802ddc1e-cdb0-59ac-88b4-1da3a4ca771e", "scryfallId": "fcf2108d-21c1-4d27-8be2-80be5d295889", "scryfallIllustrationId": "b90711e2-4467-4c4b-913a-b348a5c30481", "scryfallOracleId": "0de363c8-9117-4d78-ad92-2b31e5c6476a"}, "language": "English", "layout": "art_series", "name": "Sword of Sinew and Steel // Sword of Sinew and Steel", "number": "47", "otherFaceIds": ["561462ca-e26e-5b7d-8bf6-5c78b11290cc"], "reverseRelated": [], "setCode": "AMH1", "side": "b", "signature": "Chris Rahn", "subtypes": [], "supertypes": [], "type": "Card", "types": ["Card"], "uuid": "f8069b4f-33e8-5697-b697-d99211bb9a53"}, {"artist": "Sam Burley", "availability": ["paper"], "borderColor": "borderless", "colorIdentity": [], "colors": [], "faceName": "Prismatic Vista", "finishes": ["nonfoil", "signed"], "frameVersion": "2015", "hasFoil": false, "hasNonFoil": true, "identifiers": {"mtgjsonV4Id": "68887e7d-bdc8-55c3-a646-07a03bc02e8c", "scryfallId": "248bca31-fe3f-4937-9347-c45432822cab", "scryfallIllustrationId": "c8a60faa-af56-45b2-b48d-6d9499dee66c", "scryfallOracleId": "c1331f89-d5db-49e4-8121-0d1aea5d5043"}, "language": "English", "layout": "art_series", "name": "Prismatic Vista // Prismatic Vista", "number": "48", "otherFaceIds": ["d5d02f21-dd60-5429-8bb8-0f4564ab682b"], "reverseRelated": [], "setCode": "AMH1", "side": "a", "signature": "Sam Burley", "subtypes": [], "supertypes": [], "type": "Card", "types": ["Card"], "uuid": "4d913a49-01c2-53bc-b592-699d28417ce8"}, {"artist": "Sam Burley", "availability": ["paper"], "borderColor": "borderless", "colorIdentity": [], "colors": [], "faceName": "Prismatic Vista", "finishes": ["nonfoil", "signed"], "frameVersion": "2015", "hasFoil": false, "hasNonFoil": true, "identifiers": {"mtgjsonV4Id": "6c15bc81-1562-5aff-b8c9-3a37db6e5e55", "scryfallId": "248bca31-fe3f-4937-9347-c45432822cab", "scryfallIllustrationId": "9b969b2d-7ecf-4f1a-9486-0d88c495fa20", "scryfallOracleId": "c1331f89-d5db-49e4-8121-0d1aea5d5043"}, "language": "English", "layout": "art_series", "name": "Prismatic Vista // Prismatic Vista", "number": "48", "otherFaceIds": ["4d913a49-01c2-53bc-b592-699d28417ce8"], "reverseRelated": [], "setCode": "AMH1", "side": "b", "signature": "Sam Burley", "subtypes": [], "supertypes": [], "type": "Card", "types": ["Card"], "uuid": "d5d02f21-dd60-5429-8bb8-0f4564ab682b"}, {"artist": "Greg Staples", "availability": ["paper"], "borderColor": "borderless", "colorIdentity": [], "colors": [], "faceName": "Wall of One Thousand Cuts", "finishes": ["nonfoil", "signed"], "frameVersion": "2015", "hasFoil": false, "hasNonFoil": true, "identifiers": {"mtgjsonV4Id": "1a4fc6de-86a3-5a63-a702-ed1fcac55ad9", "scryfallId": "e2476f7a-d4b9-4259-86f5-223fe9db496a", "scryfallIllustrationId": "73d289c3-bffb-458a-af4a-280e309d889a", "scryfallOracleId": "b47a2fd9-5770-431d-876b-c782cdec8747"}, "language": "English", "layout": "art_series", "name": "Wall of One Thousand Cuts // Wall of One Thousand Cuts", "number": "49", "otherFaceIds": ["40ae769e-1994-5f4c-92cf-8196378d49f9"], "reverseRelated": [], "setCode": "AMH1", "side": "a", "signature": "Greg Staples", "subtypes": [], "supertypes": [], "type": "Card", "types": ["Card"], "uuid": "bec93647-58e6-503d-b276-1ab475cdd2de"}, {"artist": "Greg Staples", "availability": ["paper"], "borderColor": "borderless", "colorIdentity": [], "colors": [], "faceName": "Wall of One Thousand Cuts", "finishes": ["nonfoil", "signed"], "frameVersion": "2015", "hasFoil": false, "hasNonFoil": true, "identifiers": {"mtgjsonV4Id": "95363251-72c4-5aaf-a1c3-eb813cdb1163", "scryfallId": "e2476f7a-d4b9-4259-86f5-223fe9db496a", "scryfallIllustrationId": "39f57cea-42e7-4ee1-b6b9-03b1d8b44eb5", "scryfallOracleId": "b47a2fd9-5770-431d-876b-c782cdec8747"}, "language": "English", "layout": "art_series", "name": "Wall of One Thousand Cuts // Wall of One Thousand Cuts", "number": "49", "otherFaceIds": ["bec93647-58e6-503d-b276-1ab475cdd2de"], "reverseRelated": [], "setCode": "AMH1", "side": "b", "signature": "Greg Staples", "subtypes": [], "supertypes": [], "type": "Card", "types": ["Card"], "uuid": "40ae769e-1994-5f4c-92cf-8196378d49f9"}, {"artist": "Lindsey Look", "availability": ["paper"], "borderColor": "borderless", "colorIdentity": [], "colors": [], "faceName": "Rebuild", "finishes": ["nonfoil", "signed"], "frameVersion": "2015", "hasFoil": false, "hasNonFoil": true, "identifiers": {"mtgjsonV4Id": "316e550c-c411-505e-9121-cf61f9986087", "scryfallId": "19b29a8b-c5c0-4a89-9e77-0fc0c5ccf54e", "scryfallIllustrationId": "bae6c2d7-28dd-4c7b-aef4-e6c587eeb01d", "scryfallOracleId": "1a78e2c3-1df1-432d-b6bb-a8fb2be1ce52"}, "language": "English", "layout": "art_series", "name": "Rebuild // Rebuild", "number": "50", "otherFaceIds": ["363d4ebf-73b4-5920-8ff9-9cbc8cd9a672"], "reverseRelated": [], "setCode": "AMH1", "side": "a", "signature": "Lindsey Look", "subtypes": [], "supertypes": [], "type": "Card", "types": ["Card"], "uuid": "f1c18211-e861-55bf-9a71-1c39511b0071"}, {"artist": "Lindsey Look", "availability": ["paper"], "borderColor": "borderless", "colorIdentity": [], "colors": [], "faceName": "Rebuild", "finishes": ["nonfoil", "signed"], "frameVersion": "2015", "hasFoil": false, "hasNonFoil": true, "identifiers": {"mtgjsonV4Id": "30a84772-5277-5799-b1e7-fb39e62b77fa", "scryfallId": "19b29a8b-c5c0-4a89-9e77-0fc0c5ccf54e", "scryfallIllustrationId": "dd41bdfc-229d-46f0-99a3-574269d55fba", "scryfallOracleId": "1a78e2c3-1df1-432d-b6bb-a8fb2be1ce52"}, "language": "English", "layout": "art_series", "name": "Rebuild // Rebuild", "number": "50", "otherFaceIds": ["f1c18211-e861-55bf-9a71-1c39511b0071"], "reverseRelated": [], "setCode": "AMH1", "side": "b", "signature": "Lindsey Look", "subtypes": [], "supertypes": [], "type": "Card", "types": ["Card"], "uuid": "363d4ebf-73b4-5920-8ff9-9cbc8cd9a672"}, {"artist": "Seb McKinnon", "availability": ["paper"], "borderColor": "borderless", "colorIdentity": [], "colors": [], "faceName": "Silent Clearing", "finishes": ["nonfoil", "signed"], "frameVersion": "2015", "hasFoil": false, "hasNonFoil": true, "identifiers": {"mtgjsonV4Id": "00300ed5-6f66-5b80-a12f-2ea3318d80df", "scryfallId": "7f91a1a9-8de1-4272-a266-5990dee076f7", "scryfallIllustrationId": "fb7ffeea-6a1d-46cf-9468-8249c78cdee1", "scryfallOracleId": "102c274a-558c-4393-8fed-6bfd2e44ea28"}, "language": "English", "layout": "art_series", "name": "Silent Clearing // Silent Clearing", "number": "51", "otherFaceIds": ["73c978c2-e1ec-59b5-9341-de3ea776839b"], "reverseRelated": [], "setCode": "AMH1", "side": "a", "signature": "Seb McKinnon", "subtypes": [], "supertypes": [], "type": "Card", "types": ["Card"], "uuid": "0b952d69-5db0-59c2-810b-d4b10d452872"}, {"artist": "Seb McKinnon", "availability": ["paper"], "borderColor": "borderless", "colorIdentity": [], "colors": [], "faceName": "Silent Clearing", "finishes": ["nonfoil", "signed"], "frameVersion": "2015", "hasFoil": false, "hasNonFoil": true, "identifiers": {"mtgjsonV4Id": "4b174e5a-30fd-5795-a674-00e7e001c5e1", "scryfallId": "7f91a1a9-8de1-4272-a266-5990dee076f7", "scryfallIllustrationId": "1bfd5ff0-621c-43af-b64f-109452741366", "scryfallOracleId": "102c274a-558c-4393-8fed-6bfd2e44ea28"}, "language": "English", "layout": "art_series", "name": "Silent Clearing // Silent Clearing", "number": "51", "otherFaceIds": ["0b952d69-5db0-59c2-810b-d4b10d452872"], "reverseRelated": [], "setCode": "AMH1", "side": "b", "signature": "Seb McKinnon", "subtypes": [], "supertypes": [], "type": "Card", "types": ["Card"], "uuid": "73c978c2-e1ec-59b5-9341-de3ea776839b"}, {"artist": "John Avon", "availability": ["paper"], "borderColor": "borderless", "colorIdentity": [], "colors": [], "faceName": "Waterlogged Grove", "finishes": ["nonfoil", "signed"], "frameVersion": "2015", "hasFoil": false, "hasNonFoil": true, "identifiers": {"mtgjsonV4Id": "dacad02b-14da-5465-a220-f051c2277a0d", "scryfallId": "54967b01-e160-42ad-afe2-59d1e19d45ec", "scryfallIllustrationId": "7ab16b6d-df6b-4da6-89d5-868d946bba15", "scryfallOracleId": "9a260dfb-57d0-4ecc-bcaa-599431ea31c6"}, "language": "English", "layout": "art_series", "name": "Waterlogged Grove // Waterlogged Grove", "number": "52", "otherFaceIds": ["e72eeb51-b6d7-5875-a1b8-871797907110"], "reverseRelated": [], "setCode": "AMH1", "side": "a", "signature": "John Avon", "subtypes": [], "supertypes": [], "type": "Card", "types": ["Card"], "uuid": "f4fd7a72-ccf6-55a0-a14a-bfe1e6519f55"}, {"artist": "John Avon", "availability": ["paper"], "borderColor": "borderless", "colorIdentity": [], "colors": [], "faceName": "Waterlogged Grove", "finishes": ["nonfoil", "signed"], "frameVersion": "2015", "hasFoil": false, "hasNonFoil": true, "identifiers": {"mtgjsonV4Id": "e7b549fb-1e42-55c6-86ee-5756ea72278e", "scryfallId": "54967b01-e160-42ad-afe2-59d1e19d45ec", "scryfallIllustrationId": "e59dea4e-de49-46d5-b676-91722cd46e1c", "scryfallOracleId": "9a260dfb-57d0-4ecc-bcaa-599431ea31c6"}, "language": "English", "layout": "art_series", "name": "Waterlogged Grove // Waterlogged Grove", "number": "52", "otherFaceIds": ["f4fd7a72-ccf6-55a0-a14a-bfe1e6519f55"], "reverseRelated": [], "setCode": "AMH1", "side": "b", "signature": "John Avon", "subtypes": [], "supertypes": [], "type": "Card", "types": ["Card"], "uuid": "e72eeb51-b6d7-5875-a1b8-871797907110"}, {"artist": "Igor Kieryluk", "availability": ["paper"], "borderColor": "borderless", "colorIdentity": [], "colors": [], "faceName": "Arcum's Astrolabe", "finishes": ["nonfoil", "signed"], "frameVersion": "2015", "hasFoil": false, "hasNonFoil": true, "identifiers": {"mtgjsonV4Id": "6b650722-63ef-5368-9582-5a8c986ee2ff", "scryfallId": "9917e633-3367-41fe-ad14-a16acb464e08", "scryfallIllustrationId": "19c9015f-c583-45c8-a550-6c7556d85b34", "scryfallOracleId": "a98610e4-80a5-4426-87a3-072d9db140ab"}, "language": "English", "layout": "art_series", "name": "Arcum's Astrolabe // Arcum's Astrolabe", "number": "53", "otherFaceIds": ["52135807-62f7-5d49-bb14-68155bdbb8ea"], "reverseRelated": [], "setCode": "AMH1", "side": "a", "signature": "Igor Kieryluk", "subtypes": [], "supertypes": [], "type": "Card", "types": ["Card"], "uuid": "3453b304-ca17-5da2-9c6d-815f70cff2d2"}, {"artist": "Igor Kieryluk", "availability": ["paper"], "borderColor": "borderless", "colorIdentity": [], "colors": [], "faceName": "Arcum's Astrolabe", "finishes": ["nonfoil", "signed"], "frameVersion": "2015", "hasFoil": false, "hasNonFoil": true, "identifiers": {"mtgjsonV4Id": "6475c5e2-d38c-500c-a871-f21a2ca5fe91", "scryfallId": "9917e633-3367-41fe-ad14-a16acb464e08", "scryfallIllustrationId": "93725868-4036-4acf-b804-0ddb4a5a2327", "scryfallOracleId": "a98610e4-80a5-4426-87a3-072d9db140ab"}, "language": "English", "layout": "art_series", "name": "Arcum's Astrolabe // Arcum's Astrolabe", "number": "53", "otherFaceIds": ["3453b304-ca17-5da2-9c6d-815f70cff2d2"], "reverseRelated": [], "setCode": "AMH1", "side": "b", "signature": "Igor Kieryluk", "subtypes": [], "supertypes": [], "type": "Card", "types": ["Card"], "uuid": "52135807-62f7-5d49-bb14-68155bdbb8ea"}, {"artist": "Ryan Pancoast", "availability": ["paper"], "borderColor": "borderless", "colorIdentity": [], "colors": [], "faceName": "Mox Tantalite", "finishes": ["nonfoil", "signed"], "frameVersion": "2015", "hasFoil": false, "hasNonFoil": true, "identifiers": {"mtgjsonV4Id": "fde83392-a305-5c50-97b6-00b771bf6783", "scryfallId": "f9fefb58-f327-4801-ab6c-a7d122644325", "scryfallIllustrationId": "53fd6091-e282-4d33-9fc3-bd263d0dfe4f", "scryfallOracleId": "ada4c86c-d845-4563-8502-b9de4fe0b3ac"}, "language": "English", "layout": "art_series", "name": "Mox Tantalite // Mox Tantalite", "number": "54", "otherFaceIds": ["b3740c95-1e2c-504b-bb05-0b585dc8aaeb"], "reverseRelated": [], "setCode": "AMH1", "side": "a", "signature": "Ryan Pancoast", "subtypes": [], "supertypes": [], "type": "Card", "types": ["Card"], "uuid": "f96f4dc9-b88d-5c66-a52a-0aea3e7cc851"}, {"artist": "Ryan Pancoast", "availability": ["paper"], "borderColor": "borderless", "colorIdentity": [], "colors": [], "faceName": "Mox Tantalite", "finishes": ["nonfoil", "signed"], "frameVersion": "2015", "hasFoil": false, "hasNonFoil": true, "identifiers": {"mtgjsonV4Id": "36ab182b-0e16-5a7b-82fe-d539dc1aa08b", "scryfallId": "f9fefb58-f327-4801-ab6c-a7d122644325", "scryfallIllustrationId": "c1e8aece-ed17-4deb-a044-e718532043c8", "scryfallOracleId": "ada4c86c-d845-4563-8502-b9de4fe0b3ac"}, "language": "English", "layout": "art_series", "name": "Mox Tantalite // Mox Tantalite", "number": "54", "otherFaceIds": ["f96f4dc9-b88d-5c66-a52a-0aea3e7cc851"], "reverseRelated": [], "setCode": "AMH1", "side": "b", "signature": "Ryan Pancoast", "subtypes": [], "supertypes": [], "type": "Card", "types": ["Card"], "uuid": "b3740c95-1e2c-504b-bb05-0b585dc8aaeb"}], "totalSetSize": 0, "translations": {}, "type": "memorabilia"}}