{"meta": {"date": "2022-09-29", "version": "5.2.0+20220929"}, "data": {"baseSetSize": 20, "cards": [{"artist": "Winona Nelson", "availability": ["arena"], "borderColor": "black", "colorIdentity": ["W"], "colors": ["W"], "convertedManaCost": 1.0, "edhrecRank": 12064, "finishes": ["nonfoil"], "foreignData": [], "frameVersion": "2015", "hasFoil": false, "hasNonFoil": true, "identifiers": {"mtgArenaId": "54349", "mtgjsonV4Id": "9436bd56-c8f0-5452-8617-f7eb67582cd6", "scryfallId": "b7c38ff8-36f2-4145-b6a2-4d0f1183513b", "scryfallIllustrationId": "c11ebddc-c471-47b7-bf90-dd95f1d6af03", "scryfallOracleId": "145a15f9-89a9-4eb7-9924-e768f17e7e68"}, "isOnlineOnly": true, "isReprint": true, "isStarter": true, "keywords": ["Heroic"], "language": "English", "layout": "normal", "legalities": {"commander": "Legal", "duel": "Legal", "explorer": "Legal", "gladiator": "Legal", "historic": "Legal", "historicbrawl": "Legal", "legacy": "Legal", "modern": "Legal", "paupercommander": "Restricted", "penny": "Legal", "pioneer": "Legal", "vintage": "Legal"}, "manaCost": "{W}", "manaValue": 1.0, "name": "Favored Hoplite", "number": "1", "power": "1", "printings": ["EA1", "THS"], "purchaseUrls": {}, "rarity": "uncommon", "rulings": [{"date": "2013-09-15", "text": "Heroic abilities will resolve before the spell that caused them to trigger."}, {"date": "2013-09-15", "text": "Heroic abilities will trigger only once per spell, even if that spell targets the creature with the heroic ability multiple times."}, {"date": "2013-09-15", "text": "Heroic abilities won’t trigger when a copy of a spell is created on the stack or when a spell’s targets are changed to include a creature with a heroic ability."}], "setCode": "EA1", "subtypes": ["Human", "Soldier"], "supertypes": [], "text": "Heroic — Whenever you cast a spell that targets Favored Hoplite, put a +1/+1 counter on Favored Hoplite and prevent all damage that would be dealt to it this turn.", "toughness": "2", "type": "Creature — Human Soldier", "types": ["Creature"], "uuid": "cc7fda18-0ed1-5d79-8f50-b2a0b43c4fc2"}, {"artist": "Nils Hamm", "availability": ["arena"], "borderColor": "black", "colorIdentity": ["W"], "colors": ["W"], "convertedManaCost": 2.0, "edhrecRank": 5880, "finishes": ["nonfoil"], "flavorText": "\"The family is a tree, and in times of need, every branch can be a weapon.\"\n—Daghatar the Adamant", "foreignData": [], "frameVersion": "2015", "hasFoil": false, "hasNonFoil": true, "identifiers": {"mtgArenaId": "59193", "mtgjsonV4Id": "cca3795f-cb48-5532-a022-2c52242ad2d5", "scryfallId": "dfad0c6f-0dbe-48e8-aa32-3c9a0d66dff8", "scryfallIllustrationId": "e841d2ba-29ad-4b8a-8df9-79337cb2b4f2", "scryfallOracleId": "9d612686-2d7f-49a3-b9c4-1e99a30134f6"}, "isOnlineOnly": true, "isReprint": true, "isStarter": true, "language": "English", "layout": "normal", "legalities": {"commander": "Legal", "duel": "Legal", "explorer": "Legal", "gladiator": "Legal", "historic": "Legal", "historicbrawl": "Legal", "legacy": "Legal", "modern": "Legal", "penny": "Legal", "pioneer": "Legal", "vintage": "Legal"}, "manaCost": "{X}{W}{W}", "manaValue": 2.0, "name": "Rally the Ancestors", "number": "2", "printings": ["EA1", "FRF", "PFRF"], "purchaseUrls": {}, "rarity": "rare", "rulings": [], "securityStamp": "oval", "setCode": "EA1", "subtypes": [], "supertypes": [], "text": "Return each creature card with mana value X or less from your graveyard to the battlefield. Exile those creatures at the beginning of your next upkeep. Exile Rally the Ancestors.", "type": "Instant", "types": ["Instant"], "uuid": "523ccb72-6dc5-5cd8-8f8c-9b24b0715d0a"}, {"artist": "Jasper Sandner", "availability": ["arena"], "borderColor": "black", "colorIdentity": ["U"], "colors": ["U"], "convertedManaCost": 2.0, "edhrecRank": 12376, "finishes": ["nonfoil"], "flavorText": "Too often, some self-described genius comes up with a \"labor-saving device\" that ends up creating far more work.", "foreignData": [], "frameVersion": "2015", "hasFoil": false, "hasNonFoil": true, "identifiers": {"mtgArenaId": "57507", "mtgjsonV4Id": "7fc31dd9-2a51-552e-8d22-1fe8ed8e434b", "scryfallId": "0cbeeddb-0f22-46fd-80e1-1fc650fda577", "scryfallIllustrationId": "623cb37f-db3d-42bf-82f1-437f31bf9b28", "scryfallOracleId": "02628058-c9d8-4265-afd1-3fb697ec89f7"}, "isOnlineOnly": true, "isReprint": true, "isStarter": true, "keywords": ["Enchant"], "language": "English", "layout": "normal", "legalities": {"commander": "Legal", "duel": "Legal", "explorer": "Legal", "gladiator": "Legal", "historic": "Legal", "historicbrawl": "Legal", "legacy": "Legal", "modern": "Legal", "penny": "Legal", "pioneer": "Legal", "vintage": "Legal"}, "manaCost": "{1}{U}", "manaValue": 2.0, "name": "Ensoul Artifact", "number": "3", "printings": ["EA1", "M15", "MB1"], "purchaseUrls": {}, "rarity": "uncommon", "rulings": [{"date": "2014-07-18", "text": "The artifact retains any types, subtypes, or supertypes it has. Notably, if an Equipment becomes an artifact creature, it can’t be attached to another creature. If it was attached to a creature, it becomes unattached."}, {"date": "2014-07-18", "text": "If the artifact was already a creature, its base power and toughness will each become 5. This overwrites any previous effects that set the creature’s base power and toughness to specific values. Any power- or toughness-setting effects that start to apply after Ensoul Artifact becomes attached to the artifact will overwrite this effect."}, {"date": "2014-07-18", "text": "Effects that modify a creature’s power and/or toughness, such as the ones created by Titanic Growth or a +1/+1 counter, will apply to the creature no matter when they started to take effect. The same is true for any counters that change its power and/or toughness and effects that switch power and toughness."}, {"date": "2014-07-18", "text": "The resulting artifact creature will be able to attack on your turn if it’s been under your control continuously since the turn began. That is, it doesn’t matter how long it’s been a creature, just how long it’s been on the battlefield."}], "setCode": "EA1", "subtypes": ["Aura"], "supertypes": [], "text": "Enchant artifact\nEnchanted artifact is a creature with base power and toughness 5/5 in addition to its other types.", "type": "Enchantment — Aura", "types": ["Enchantment"], "uuid": "5e941a24-a20c-5b89-a3af-81eb20b27997"}, {"artist": "Kieran Yanner", "availability": ["arena"], "borderColor": "black", "colorIdentity": ["U"], "colors": ["U"], "convertedManaCost": 1.0, "edhrecRank": 3714, "finishes": ["nonfoil"], "foreignData": [], "frameVersion": "2015", "hasFoil": false, "hasNonFoil": true, "identifiers": {"mtgArenaId": "63343", "mtgjsonV4Id": "78c79c07-b571-5cd9-ba04-dedf2fa70fa5", "scryfallId": "a7dee31c-b6e8-49c4-9a0d-0957a5f8e03b", "scryfallIllustrationId": "bf31b0c6-dbdc-4ee7-8ef7-5fa97562c200", "scryfallOracleId": "1803850e-9499-4bf7-a4d9-6bf655cbe87d"}, "isOnlineOnly": true, "isReprint": true, "isStarter": true, "keywords": ["Flying"], "language": "English", "layout": "normal", "legalities": {"commander": "Legal", "duel": "Legal", "explorer": "Legal", "gladiator": "Legal", "historic": "Legal", "historicbrawl": "Legal", "legacy": "Legal", "modern": "Legal", "pioneer": "Legal", "vintage": "Legal"}, "manaCost": "{U}", "manaValue": 1.0, "name": "Mausoleum Wanderer", "number": "4", "power": "1", "printings": ["EA1", "EMN", "PEMN"], "purchaseUrls": {}, "rarity": "rare", "rulings": [], "securityStamp": "oval", "setCode": "EA1", "subtypes": ["Spirit"], "supertypes": [], "text": "Flying\nWhenever another Spirit enters the battlefield under your control, Mausoleum Wanderer gets +1/+1 until end of turn.\nSacrifice Mausoleum Wanderer: Counter target instant or sorcery spell unless its controller pays {X}, where X is Mausoleum Wanderer's power.", "toughness": "1", "type": "Creature — Spirit", "types": ["Creature"], "uuid": "c37075f9-4cfc-5650-8ae8-5bdb7159662f"}, {"artist": "Todd Lockwood", "availability": ["arena"], "borderColor": "black", "colorIdentity": ["B"], "colors": ["B"], "convertedManaCost": 4.0, "edhrecRank": 3269, "finishes": ["nonfoil"], "foreignData": [], "frameVersion": "2015", "hasFoil": false, "hasNonFoil": true, "identifiers": {"mtgArenaId": "62335", "mtgjsonV4Id": "b75984d5-5c11-5acd-bc68-ce5cab6caa60", "scryfallId": "51fb2230-00ed-4664-b7bc-3bd3a8590b8a", "scryfallIllustrationId": "6d9aada1-349a-40b1-8f07-d0b04f3cc4ed", "scryfallOracleId": "e1cfd1cb-44a5-429f-a5c1-e6d29bad1c71"}, "isOnlineOnly": true, "isReprint": true, "isStarter": true, "keywords": ["Lifelink"], "language": "English", "layout": "normal", "leadershipSkills": {"brawl": false, "commander": true, "oathbreaker": false}, "legalities": {"commander": "Legal", "duel": "Legal", "explorer": "Legal", "gladiator": "Legal", "historic": "Legal", "historicbrawl": "Legal", "legacy": "Legal", "modern": "Legal", "pioneer": "Legal", "vintage": "Legal"}, "manaCost": "{2}{B}{B}", "manaValue": 4.0, "name": "Kalitas, Traitor of Ghet", "number": "5", "power": "3", "printings": ["EA1", "OGW", "POGW"], "purchaseUrls": {}, "rarity": "mythic", "rulings": [{"date": "2016-01-22", "text": "Abilities that trigger whenever a creature an opponent controls dies won’t trigger unless that creature is a token (see below)."}, {"date": "2016-01-22", "text": "You can’t sacrifice Kalitas to activate the last ability, even if it’s somehow become a Zombie."}, {"date": "2016-01-22", "text": "If a creature token an opponent controls dies, it goes to that player’s graveyard as normal before ceasing to exist."}, {"date": "2016-01-22", "text": "If Kalitas dies at the same time as creatures your opponents control, those creature cards will be exiled and you’ll get that many Zombies."}], "securityStamp": "oval", "setCode": "EA1", "subtypes": ["Vampire", "Warrior"], "supertypes": ["Legendary"], "text": "Lifelink\nIf a nontoken creature an opponent controls would die, instead exile that card and create a 2/2 black Zombie creature token.\n{2}{B}, Sacrifice another Vampire or Zombie: Put two +1/+1 counters on Kalitas, Traitor of Ghet.", "toughness": "4", "type": "Legendary Creature — Vampire Warrior", "types": ["Creature"], "uuid": "e0065808-1e9c-50bb-bb52-ef778dcec3cc"}, {"artist": "Lucas Graciano", "availability": ["arena"], "borderColor": "black", "colorIdentity": ["B"], "colors": ["B"], "convertedManaCost": 1.0, "edhrecRank": 6121, "finishes": ["nonfoil"], "foreignData": [], "frameVersion": "2015", "hasAlternativeDeckLimit": true, "hasFoil": false, "hasNonFoil": true, "identifiers": {"mtgArenaId": "54053", "mtgjsonV4Id": "4b4a7b81-e96d-5a1c-9778-e35e36c50049", "scryfallId": "6a109007-afa2-4e06-83bc-9a18c255e001", "scryfallIllustrationId": "d76e095d-531c-483f-a7d1-eb87ca5f422e", "scryfallOracleId": "595a15f0-77f3-4544-8acc-10630e12cc14"}, "isOnlineOnly": true, "isReprint": true, "isStarter": true, "language": "English", "layout": "normal", "legalities": {"commander": "Legal", "duel": "Legal", "explorer": "Legal", "gladiator": "Legal", "historic": "Legal", "historicbrawl": "Legal", "legacy": "Legal", "modern": "Legal", "pauper": "Legal", "paupercommander": "Legal", "penny": "Legal", "pioneer": "Legal", "vintage": "Legal"}, "manaCost": "{B}", "manaValue": 1.0, "name": "Shadowborn Apostle", "number": "6", "power": "1", "printings": ["2X2", "EA1", "M14", "SLD"], "purchaseUrls": {}, "rarity": "common", "rulings": [{"date": "2013-07-01", "text": "Shadowborn Apostle’s first ability lets you ignore only the “four-of” rule. It doesn’t let you ignore format legality."}, {"date": "2013-07-01", "text": "You sacrifice the six creatures when you activate the ability. You can’t respond to that ability by activating the ability of one of the other Shadowborn Apostles you just sacrificed."}, {"date": "2013-07-01", "text": "You don’t have to sacrifice the Shadowborn Apostle whose ability you activated. It can be six other Shadowborn Apostles."}], "setCode": "EA1", "subtypes": ["Human", "Cleric"], "supertypes": [], "text": "A deck can have any number of cards named Shadowborn Apostle.\n{B}, Sacrifice six creatures named Shadowborn Apostle: Search your library for a Demon creature card, put it onto the battlefield, then shuffle.", "toughness": "1", "type": "Creature — Human Cleric", "types": ["Creature"], "uuid": "1b55c06b-28a5-51f8-9915-f472a04cfa9c"}, {"artist": "Izzy", "availability": ["arena"], "borderColor": "black", "colorIdentity": ["B"], "colors": ["B"], "convertedManaCost": 3.0, "edhrecRank": 4082, "finishes": ["nonfoil"], "foreignData": [], "frameVersion": "2015", "hasFoil": false, "hasNonFoil": true, "identifiers": {"mtgArenaId": "61307", "mtgjsonV4Id": "f2b0ab3c-aff4-596b-9a48-99a07b7892e0", "scryfallId": "ef2cabad-ab37-4f13-aad1-af77f49ea42f", "scryfallIllustrationId": "b95d8261-49d9-4f26-9a54-99a5279c96c7", "scryfallOracleId": "51b114cd-c174-4d74-a854-07c68b41fc9d"}, "isOnlineOnly": true, "isReprint": true, "isStarter": true, "language": "English", "layout": "normal", "legalities": {"commander": "Legal", "duel": "Legal", "explorer": "Legal", "gladiator": "Legal", "historic": "Legal", "historicbrawl": "Legal", "legacy": "Legal", "modern": "Legal", "penny": "Legal", "pioneer": "Legal", "vintage": "Legal"}, "manaCost": "{2}{B}", "manaValue": 3.0, "name": "Tainted Remedy", "number": "7", "printings": ["EA1", "ORI"], "purchaseUrls": {}, "rarity": "rare", "rulings": [{"date": "2015-06-22", "text": "If more than one replacement effect tries to apply to a life gain event, the player who would gain life chooses the order in which they apply. For example, if a player who controls Alhammarret’s Archive would gain 3 life while Tainted Remedy is on the battlefield, that player may choose to have the 3 life become doubled to 6 life and then lose 6 life. The player may also choose to apply Tainted Remedy first, turning “gain 3 life” into “lose 3 life.” Alhammarret’s Archive would then not apply."}, {"date": "2015-06-22", "text": "Having more than one Tainted Remedy on the battlefield doesn’t have any noticeable effect on life gain. Once the effect of one Tainted Remedy applies, there is no life gain for the others to apply to."}], "securityStamp": "oval", "setCode": "EA1", "subtypes": [], "supertypes": [], "text": "If an opponent would gain life, that player loses that much life instead.", "type": "Enchantment", "types": ["Enchantment"], "uuid": "e34fd434-226a-500b-8ac4-4564b3cdc1f4"}, {"artist": "Anastasia Ovchinnikova", "availability": ["arena"], "borderColor": "black", "colorIdentity": ["B", "R", "W"], "colors": ["R"], "convertedManaCost": 3.0, "edhrecRank": 2194, "finishes": ["nonfoil"], "flavorText": "\"Greet death with sword in hand.\"", "foreignData": [], "frameVersion": "2015", "hasFoil": false, "hasNonFoil": true, "identifiers": {"mtgArenaId": "59329", "mtgjsonV4Id": "6f38cf82-9eba-55ae-86a3-2b30720b6530", "scryfallId": "d057d918-9ab6-4429-827a-2ee392971c17", "scryfallIllustrationId": "37dae181-fbe0-4b6a-8ff2-facaeaba47ef", "scryfallOracleId": "6969a7e2-6866-4001-a139-24b3be13deae"}, "isOnlineOnly": true, "isReprint": true, "isStarter": true, "keywords": ["First strike"], "language": "English", "layout": "normal", "leadershipSkills": {"brawl": false, "commander": true, "oathbreaker": false}, "legalities": {"commander": "Legal", "duel": "Legal", "explorer": "Legal", "gladiator": "Legal", "historic": "Legal", "historicbrawl": "Legal", "legacy": "Legal", "modern": "Legal", "penny": "Legal", "pioneer": "Legal", "vintage": "Legal"}, "manaCost": "{2}{R}", "manaValue": 3.0, "name": "Alesha, Who Smiles at Death", "number": "8", "power": "3", "printings": ["2X2", "C16", "C20", "DMC", "EA1", "FRF", "MB1", "PFRF", "SLD", "TSR"], "purchaseUrls": {}, "rarity": "rare", "rulings": [{"date": "2021-03-19", "text": "While resolving Alesha’s triggered ability, you can’t pay the cost multiple times to return more than one creature card."}, {"date": "2021-03-19", "text": "Alesha’s triggered ability checks the card’s power only in your graveyard. The creature will still be tapped and attacking if its power is greater than 2 after it’s on the battlefield."}, {"date": "2021-03-19", "text": "You choose which player or planeswalker the returned creature is attacking. It doesn’t have to be attacking the same player or planeswalker Alesha is attacking."}, {"date": "2021-03-19", "text": "Although the returned creature is an attacking creature, it was never declared as an attacking creature. This means that abilities that trigger whenever a creature attacks won’t trigger when it enters the battlefield attacking."}, {"date": "2021-03-19", "text": "Any effects that say that the returned creature can’t attack (such as that of Propaganda, or if the creature has defender) affect only the declaration of attackers. They won’t stop the returned creature from entering the battlefield attacking."}], "securityStamp": "oval", "setCode": "EA1", "subtypes": ["Human", "Warrior"], "supertypes": ["Legendary"], "text": "First strike\nWhenever Alesha, Who Smiles at Death attacks, you may pay {W/B}{W/B}. If you do, return target creature card with power 2 or less from your graveyard to the battlefield tapped and attacking.", "toughness": "2", "type": "Legendary Creature — Human Warrior", "types": ["Creature"], "uuid": "0ac97aaf-cc15-5c79-87cc-929a36f1e028"}, {"artist": "Daniel Ljunggren", "availability": ["arena"], "borderColor": "black", "colorIdentity": ["R"], "colors": ["R"], "convertedManaCost": 2.0, "edhrecRank": 12194, "finishes": ["nonfoil"], "flavorText": "Purphoros's blessing: sometimes a boon, sometimes a bane. Always ablaze.", "foreignData": [], "frameVersion": "2015", "hasFoil": false, "hasNonFoil": true, "identifiers": {"mtgArenaId": "55043", "mtgjsonV4Id": "96818c3e-8c66-5684-9ae2-8db608ccd964", "scryfallId": "e558fa5d-1629-40ba-943f-11daad5045a2", "scryfallIllustrationId": "48f0b07f-7503-4ba9-9b29-1f35ad0f27f3", "scryfallOracleId": "902b82fd-bb18-4833-b427-af8c9751f870"}, "isOnlineOnly": true, "isReprint": true, "isStarter": true, "language": "English", "layout": "normal", "legalities": {"commander": "Legal", "duel": "Legal", "explorer": "Legal", "gladiator": "Legal", "historic": "Legal", "historicbrawl": "Legal", "legacy": "Legal", "modern": "Legal", "pioneer": "Legal", "vintage": "Legal"}, "manaCost": "{R}{R}", "manaValue": 2.0, "name": "Searing Blood", "number": "9", "printings": ["BNG", "EA1", "Q06"], "purchaseUrls": {}, "rarity": "uncommon", "rulings": [{"date": "2014-02-01", "text": "If the target creature dies that turn, Searing Blood will deal 3 damage to whoever controls the creature when it dies, who isn’t necessarily the player who controlled it when Searing Blood resolved. It doesn’t matter what causes the creature to die."}], "setCode": "EA1", "subtypes": [], "supertypes": [], "text": "Searing Blood deals 2 damage to target creature. When that creature dies this turn, Searing Blood deals 3 damage to the creature's controller.", "type": "Instant", "types": ["Instant"], "uuid": "4bcbd8eb-b758-55c7-ba13-c981eaa1b98e"}, {"artist": "Jaime Jones", "availability": ["arena"], "borderColor": "black", "colorIdentity": ["R"], "colors": ["R"], "convertedManaCost": 2.0, "edhrecRank": 1210, "finishes": ["nonfoil"], "foreignData": [], "frameVersion": "2015", "hasFoil": false, "hasNonFoil": true, "identifiers": {"mtgArenaId": "59381", "mtgjsonV4Id": "33b3302c-11b0-59d4-98df-c2bfe61ee188", "scryfallId": "f7678641-5beb-4ad0-bb33-ad79e7eccfe1", "scryfallIllustrationId": "87e8201f-5025-4d67-8268-60cb6cea53b8", "scryfallOracleId": "2fdc0d17-b683-4263-949e-4f74ec76badf"}, "isOnlineOnly": true, "isReprint": true, "isStarter": true, "keywords": ["Ferocious"], "language": "English", "layout": "normal", "legalities": {"commander": "Legal", "duel": "Legal", "explorer": "Legal", "gladiator": "Legal", "historic": "Legal", "historicbrawl": "Legal", "legacy": "Legal", "modern": "Legal", "pauper": "Legal", "paupercommander": "Legal", "pioneer": "Legal", "vintage": "Legal"}, "manaCost": "{1}{R}", "manaValue": 2.0, "name": "Temur Battle Rage", "number": "10", "printings": ["2XM", "CMR", "EA1", "FRF", "MB1", "PHED", "PRM", "TSR"], "purchaseUrls": {}, "rarity": "common", "rulings": [{"date": "2021-03-19", "text": "Temur Battle Rage checks whether you control a creature with power 4 or greater as it resolves. If you do, the target creature has trample until end of turn even if you no longer control a creature with power 4 or greater later in the turn."}, {"date": "2021-03-19", "text": "If an attacking creature with double strike and trample destroys all of its blocking creatures with first-strike combat damage, all of its normal combat damage is assigned to the player or planeswalker that creature's attacking."}], "setCode": "EA1", "subtypes": [], "supertypes": [], "text": "Target creature gains double strike until end of turn.\nFerocious — That creature also gains trample until end of turn if you control a creature with power 4 or greater.", "type": "Instant", "types": ["Instant"], "uuid": "8c4c8fbb-575d-5363-8642-9b32d09414be"}, {"artist": "Karl Kopinski", "availability": ["arena"], "borderColor": "black", "colorIdentity": ["R"], "colors": ["R"], "convertedManaCost": 1.0, "edhrecRank": 3326, "finishes": ["nonfoil"], "foreignData": [], "frameVersion": "2015", "hasFoil": false, "hasNonFoil": true, "identifiers": {"mtgArenaId": "54613", "mtgjsonV4Id": "5a1a10eb-c5b9-5a63-a56a-b32bd0aece20", "scryfallId": "d9b150d4-e328-4d14-a55b-d81bd7aa6807", "scryfallIllustrationId": "60aaee1a-2dfb-491d-8b9a-92a2926b3580", "scryfallOracleId": "b0206b34-68b4-4b1f-ae79-6e2d0432ad4b"}, "isOnlineOnly": true, "isReprint": true, "isStarter": true, "keywords": ["Scry"], "language": "English", "layout": "normal", "legalities": {"commander": "Legal", "duel": "Legal", "explorer": "Legal", "gladiator": "Legal", "historic": "Legal", "historicbrawl": "Legal", "legacy": "Legal", "modern": "Legal", "pauper": "Legal", "paupercommander": "Legal", "penny": "Legal", "pioneer": "Legal", "vintage": "Legal"}, "manaCost": "{R}", "manaValue": 1.0, "name": "Titan's Strength", "number": "11", "printings": ["2X2", "EA1", "ORI", "THS"], "purchaseUrls": {}, "rarity": "common", "rulings": [{"date": "2013-09-15", "text": "When you scry, you may put all the cards you look at back on top of your library, you may put all of those cards on the bottom of your library, or you may put some of those cards on top and the rest of them on the bottom."}, {"date": "2013-09-15", "text": "You choose how to order cards returned to your library after scrying no matter where you put them."}, {"date": "2013-09-15", "text": "You perform the actions stated on a card in sequence. For some spells and abilities, that means you’ll scry last. For others, that means you’ll scry and then perform other actions."}, {"date": "2013-09-15", "text": "Scry appears on some spells and abilities with one or more targets. If all of the spell or ability’s targets are illegal when it tries to resolve, it won’t resolve and none of its effects will happen. You won’t scry."}], "setCode": "EA1", "subtypes": [], "supertypes": [], "text": "Target creature gets +3/+1 until end of turn. Scry 1. (Look at the top card of your library. You may put that card on the bottom of your library.)", "type": "Instant", "types": ["Instant"], "uuid": "544034b3-1b4b-5542-9db2-524ac11dc13c"}, {"artist": "Howard Lyon", "availability": ["arena"], "borderColor": "black", "colorIdentity": ["G"], "colors": ["G"], "convertedManaCost": 2.0, "edhrecRank": 6537, "finishes": ["nonfoil"], "foreignData": [], "frameVersion": "2015", "hasFoil": false, "hasNonFoil": true, "identifiers": {"mtgArenaId": "57737", "mtgjsonV4Id": "a5c2b0e0-3f24-5592-8211-3c47b886d61c", "scryfallId": "84e86330-f5db-4437-bdcd-7d1f79481734", "scryfallIllustrationId": "bd020263-dd66-41df-a3c3-9e3d60480305", "scryfallOracleId": "b8d8ece6-397e-4bc9-b86c-7caa1d675d0f"}, "isOnlineOnly": true, "isReprint": true, "isStarter": true, "language": "English", "layout": "normal", "legalities": {"commander": "Legal", "duel": "Legal", "explorer": "Legal", "gladiator": "Legal", "historic": "Legal", "historicbrawl": "Legal", "legacy": "Legal", "modern": "Legal", "penny": "Legal", "pioneer": "Legal", "vintage": "Legal"}, "manaCost": "{1}{G}", "manaValue": 2.0, "name": "Back to Nature", "number": "12", "printings": ["EA1", "M11", "M15"], "purchaseUrls": {}, "rarity": "uncommon", "rulings": [], "setCode": "EA1", "subtypes": [], "supertypes": [], "text": "Destroy all enchantments.", "type": "Instant", "types": ["Instant"], "uuid": "050ccfd4-ec58-53b6-a738-1f9c99c0efcf"}, {"artist": "Wesley Burt", "availability": ["arena"], "borderColor": "black", "colorIdentity": ["G"], "colors": ["G"], "convertedManaCost": 1.0, "edhrecRank": 77, "finishes": ["nonfoil"], "flavorText": "\"Life grows everywhere. My kin merely find those places where it grows strongest.\"\n—Nissa Revane", "foreignData": [], "frameVersion": "2015", "hasFoil": false, "hasNonFoil": true, "identifiers": {"mtgArenaId": "54163", "mtgjsonV4Id": "6a1ad8ba-1100-571b-b4d2-d43af42d41df", "scryfallId": "b44eaa85-0e8a-4376-a49e-1d7b06cdba72", "scryfallIllustrationId": "0b73ebfd-efc5-4bea-9974-1a5b82066482", "scryfallOracleId": "3f3b2c10-21f8-4e13-be83-4ef3fa36e123"}, "isOnlineOnly": true, "isReprint": true, "isStarter": true, "language": "English", "layout": "normal", "legalities": {"commander": "Legal", "duel": "Legal", "explorer": "Legal", "gladiator": "Legal", "historic": "Legal", "historicbrawl": "Legal", "legacy": "Legal", "modern": "Legal", "pauper": "Legal", "paupercommander": "Legal", "penny": "Legal", "pioneer": "Legal", "vintage": "Legal"}, "manaCost": "{G}", "manaValue": 1.0, "name": "Elvish Mystic", "number": "13", "power": "1", "printings": ["C14", "CMA", "DDU", "EA1", "F14", "KHC", "M14", "M15", "PRM", "SLD", "TSR"], "purchaseUrls": {}, "rarity": "common", "rulings": [], "setCode": "EA1", "subtypes": ["Elf", "Druid"], "supertypes": [], "text": "{T}: Add {G}.", "toughness": "1", "type": "Creature — Elf Druid", "types": ["Creature"], "uuid": "21dc713d-653e-5023-9ead-c26f072d512d"}, {"artist": "Eric Deschamps", "availability": ["arena"], "borderColor": "black", "colorIdentity": ["G"], "colors": ["G"], "convertedManaCost": 3.0, "edhrecRank": 591, "finishes": ["nonfoil"], "foreignData": [], "frameVersion": "2015", "hasFoil": false, "hasNonFoil": true, "identifiers": {"mtgArenaId": "63055", "mtgjsonV4Id": "90ee41de-9b7d-53c8-9f94-dc807fc3d4c4", "scryfallId": "cc20d64c-cabd-4427-992c-207cad1b4427", "scryfallIllustrationId": "d84b1b02-5c43-4704-8c9e-ebdd24805299", "scryfallOracleId": "e6555cca-e608-4c87-b835-9cd47fd1f543"}, "isOnlineOnly": true, "isReprint": true, "isStarter": true, "keywords": ["Investigate"], "language": "English", "layout": "normal", "legalities": {"commander": "Legal", "duel": "Legal", "explorer": "Legal", "gladiator": "Legal", "historic": "Legal", "historicbrawl": "Legal", "legacy": "Legal", "modern": "Legal", "pioneer": "Legal", "vintage": "Legal"}, "manaCost": "{2}{G}", "manaValue": 3.0, "name": "Tireless Tracker", "number": "14", "power": "3", "printings": ["EA1", "MB1", "PLIST", "PSOI", "SLD", "SOI"], "purchaseUrls": {}, "rarity": "rare", "rulings": [{"date": "2016-04-08", "text": "The token is named Clue and has the artifact subtype Clue. Clue isn’t a creature type."}, {"date": "2016-04-08", "text": "The tokens are normal artifacts. For example, they can be sacrificed to cast Angelic Purge or targeted by Root Out."}, {"date": "2016-04-08", "text": "If you sacrifice a Clue for another card’s cost or effect, such as that of Angelic Purge or Tamiyo’s Journal, you can’t also pay {2} and sacrifice it to draw a card."}], "securityStamp": "oval", "setCode": "EA1", "subtypes": ["Human", "Scout"], "supertypes": [], "text": "Whenever a land enters the battlefield under your control, investigate. (Create a Clue token. It's an artifact with \"{2}, Sacrifice this artifact: Draw a card.\")\nWhenever you sacrifice a Clue, put a +1/+1 counter on Tireless Tracker.", "toughness": "2", "type": "Creature — Human Scout", "types": ["Creature"], "uuid": "eee4b855-b92d-5fe0-ad0b-1b36ed727ab3"}, {"artist": "Willian Murai", "availability": ["arena"], "borderColor": "black", "colorIdentity": ["U", "W"], "colors": ["U", "W"], "convertedManaCost": 2.0, "edhrecRank": 15672, "finishes": ["nonfoil"], "foreignData": [], "frameVersion": "2015", "hasFoil": false, "hasNonFoil": true, "identifiers": {"mtgArenaId": "54701", "mtgjsonV4Id": "cc446d11-ee8b-5146-9d11-27558879081c", "scryfallId": "83edd462-3c43-46e8-9a1b-bb0b76470733", "scryfallIllustrationId": "e0d4076f-2c62-43c0-8492-c0eafb3ba837", "scryfallOracleId": "416de3dd-c15d-4596-9386-5cac53302724"}, "isOnlineOnly": true, "isReprint": true, "isStarter": true, "keywords": ["Heroic", "Scry"], "language": "English", "layout": "normal", "legalities": {"commander": "Legal", "duel": "Legal", "explorer": "Legal", "gladiator": "Legal", "historic": "Legal", "historicbrawl": "Legal", "legacy": "Legal", "modern": "Legal", "paupercommander": "Restricted", "penny": "Legal", "pioneer": "Legal", "vintage": "Legal"}, "manaCost": "{W}{U}", "manaValue": 2.0, "name": "Battlewise Hoplite", "number": "15", "power": "2", "printings": ["EA1", "THS"], "purchaseUrls": {}, "rarity": "uncommon", "rulings": [{"date": "2013-09-15", "text": "Heroic abilities will resolve before the spell that caused them to trigger."}, {"date": "2013-09-15", "text": "Heroic abilities will trigger only once per spell, even if that spell targets the creature with the heroic ability multiple times."}, {"date": "2013-09-15", "text": "Heroic abilities won’t trigger when a copy of a spell is created on the stack or when a spell’s targets are changed to include a creature with a heroic ability."}, {"date": "2013-09-15", "text": "When you scry, you may put all the cards you look at back on top of your library, you may put all of those cards on the bottom of your library, or you may put some of those cards on top and the rest of them on the bottom."}, {"date": "2013-09-15", "text": "You choose how to order cards returned to your library after scrying no matter where you put them."}, {"date": "2013-09-15", "text": "You perform the actions stated on a card in sequence. For some spells and abilities, that means you’ll scry last. For others, that means you’ll scry and then perform other actions."}, {"date": "2013-09-15", "text": "Scry appears on some spells and abilities with one or more targets. If all of the spell or ability’s targets are illegal when it tries to resolve, it won’t resolve and none of its effects will happen. You won’t scry."}], "setCode": "EA1", "subtypes": ["Human", "Soldier"], "supertypes": [], "text": "Heroic — Whenever you cast a spell that targets Battlewise Hoplite, put a +1/+1 counter on Battlewise Hoplite, then scry 1. (To scry 1, look at the top card of your library, then you may put that card on the bottom of your library.)", "toughness": "2", "type": "Creature — Human Soldier", "types": ["Creature"], "uuid": "9adab84b-f63c-521a-8130-09aa50589db9"}, {"artist": "Volkan Baǵa", "availability": ["arena"], "borderColor": "black", "colorIdentity": ["B", "G", "W"], "colors": ["B", "G", "W"], "convertedManaCost": 4.0, "edhrecRank": 10819, "finishes": ["nonfoil"], "flavorText": "The mere approach of an Abzan war beast is enough to send enemies fleeing in panic.", "foreignData": [], "frameVersion": "2015", "hasFoil": false, "hasNonFoil": true, "identifiers": {"mtgArenaId": "58337", "mtgjsonV4Id": "0979e6ef-724c-535a-aae6-003f4ec8c1d7", "scryfallId": "4d05bc8f-8bf3-4ee1-9830-c77c35c9abff", "scryfallIllustrationId": "a3ba2831-160d-4e8f-9460-d90a1b0002a3", "scryfallOracleId": "e1087ce2-e3c2-4ab1-bd08-1dc9ab70f12f"}, "isOnlineOnly": true, "isReprint": true, "isStarter": true, "keywords": ["Trample"], "language": "English", "layout": "normal", "legalities": {"commander": "Legal", "duel": "Legal", "explorer": "Legal", "gladiator": "Legal", "historic": "Legal", "historicbrawl": "Legal", "legacy": "Legal", "modern": "Legal", "penny": "Legal", "pioneer": "Legal", "vintage": "Legal"}, "manaCost": "{1}{W}{B}{G}", "manaValue": 4.0, "name": "Siege Rhino", "number": "16", "power": "4", "printings": ["CP3", "EA1", "KTK", "PKTK", "PRM"], "purchaseUrls": {}, "rarity": "rare", "rulings": [], "securityStamp": "oval", "setCode": "EA1", "subtypes": ["Rhino"], "supertypes": [], "text": "Trample\nWhen Siege Rhino enters the battlefield, each opponent loses 3 life and you gain 3 life.", "toughness": "5", "type": "Creature — Rhino", "types": ["Creature"], "uuid": "396dde85-de8c-537b-bb32-20d44d195e76"}, {"artist": "Steve Prescott", "availability": ["arena"], "borderColor": "black", "colorIdentity": ["B", "R"], "colors": ["B", "R"], "convertedManaCost": 4.0, "edhrecRank": 18406, "finishes": ["nonfoil"], "foreignData": [], "frameVersion": "2015", "hasFoil": false, "hasNonFoil": true, "identifiers": {"mtgArenaId": "51683", "mtgjsonV4Id": "4c6b515a-2370-5799-9dff-af2460fc8e26", "scryfallId": "29b2a5af-6352-4fd0-bfcd-7724ce98266a", "scryfallIllustrationId": "c26b1cae-2975-469d-9673-3af3fbc7a011", "scryfallOracleId": "c38c7899-b774-489b-9eb7-084522635a3f"}, "isOnlineOnly": true, "isReprint": true, "isStarter": true, "language": "English", "layout": "normal", "legalities": {"commander": "Legal", "duel": "Legal", "explorer": "Legal", "gladiator": "Legal", "historic": "Legal", "historicbrawl": "Legal", "legacy": "Legal", "modern": "Legal", "penny": "Legal", "pioneer": "Legal", "vintage": "Legal"}, "manaCost": "{2}{B}{R}", "manaValue": 4.0, "name": "Slaughter Games", "number": "17", "printings": ["EA1", "RTR"], "purchaseUrls": {}, "rarity": "rare", "rulings": [{"date": "2012-10-01", "text": "You can leave any cards with that name in the zone they are in. You don’t have to exile them."}], "securityStamp": "oval", "setCode": "EA1", "subtypes": [], "supertypes": [], "text": "This spell can't be countered.\nChoose a nonland card name. Search target opponent's graveyard, hand, and library for any number of cards with that name and exile them. Then that player shuffles.", "type": "Sorcery", "types": ["Sorcery"], "uuid": "ee205a27-1de5-5bc3-98ce-907125a2cfef"}, {"artist": "Sam Burley", "availability": ["arena"], "borderColor": "black", "colorIdentity": ["U", "W"], "colors": ["U", "W"], "convertedManaCost": 4.0, "edhrecRank": 416, "finishes": ["nonfoil"], "foreignData": [], "frameVersion": "2015", "hasFoil": false, "hasNonFoil": true, "identifiers": {"mtgArenaId": "51691", "mtgjsonV4Id": "8c4e1326-66a0-56a8-8651-f3c80e91ff31", "scryfallId": "dc5ae068-9477-4a20-b662-85dc89a7c5f6", "scryfallIllustrationId": "aebd8eba-21c7-481f-aad7-38a2101952eb", "scryfallOracleId": "0230de18-8d15-4cfa-9d42-7ccddd9f9570"}, "isOnlineOnly": true, "isReprint": true, "isStarter": true, "language": "English", "layout": "normal", "legalities": {"commander": "Legal", "duel": "Legal", "explorer": "Legal", "gladiator": "Legal", "historic": "Legal", "historicbrawl": "Legal", "legacy": "Legal", "modern": "Legal", "pioneer": "Legal", "vintage": "Legal"}, "manaCost": "{1}{W}{W}{U}", "manaValue": 4.0, "name": "Supreme Verdict", "number": "18", "printings": ["2X2", "EA1", "IMA", "MB1", "PRM", "PRTR", "RTR"], "purchaseUrls": {}, "rarity": "rare", "rulings": [], "securityStamp": "oval", "setCode": "EA1", "subtypes": [], "supertypes": [], "text": "This spell can't be countered.\nDestroy all creatures.", "type": "Sorcery", "types": ["Sorcery"], "uuid": "cd1515ad-e1fa-5e3c-89cc-d931809cdb1a", "watermark": "azorius"}, {"artist": "Daarken", "availability": ["arena"], "borderColor": "black", "colorIdentity": [], "colors": [], "convertedManaCost": 0.0, "edhrecRank": 1463, "finishes": ["nonfoil"], "foreignData": [], "frameVersion": "2015", "hasFoil": false, "hasNonFoil": true, "identifiers": {"mtgArenaId": "61529", "mtgjsonV4Id": "e5acbea6-cfb8-5c80-92bb-1796b04eecaf", "scryfallId": "780851e9-8f5d-46ee-b5d2-100797c77baa", "scryfallIllustrationId": "92fa7da9-a705-4890-a07f-d29921ee89ac", "scryfallOracleId": "dde55256-5259-44e7-a267-fca45a7f0d04"}, "isOnlineOnly": true, "isReprint": true, "isStarter": true, "language": "English", "layout": "normal", "legalities": {"commander": "Legal", "duel": "Legal", "explorer": "Legal", "gladiator": "Legal", "historic": "Legal", "historicbrawl": "Legal", "legacy": "Legal", "modern": "Legal", "pioneer": "Legal", "vintage": "Legal"}, "manaCost": "{X}{X}", "manaValue": 0.0, "name": "Hangarback Walker", "number": "19", "power": "0", "printings": ["EA1", "MPS", "ORI", "PLG20"], "purchaseUrls": {}, "rarity": "rare", "rulings": [{"date": "2015-06-22", "text": "The value of each X in Hangarback Walker’s mana cost must be equal. For example, if X is 2, you’ll pay {4} to cast Hangarback Walker and it will enter the battlefield with two +1/+1 counters on it."}, {"date": "2015-06-22", "text": "If enough -1/-1 counters are put on Hangarback Walker at the same time to make its toughness 0 or less, the number of +1/+1 counters on it before it got any -1/-1 counters will be used to determine how many Thopter tokens you get. For example, if there are three +1/+1 counters on Hangarback Walker and it gets four -1/-1 counters, you’ll get three Thopter tokens. That’s because Hangarback Walker’s triggered ability checks the creature’s existence just before it leaves the battlefield, and it still has all those counters on it at that point."}], "securityStamp": "oval", "setCode": "EA1", "subtypes": ["Construct"], "supertypes": [], "text": "Hangarback Walker enters the battlefield with X +1/+1 counters on it.\nWhen Hangarback Walker dies, create a 1/1 colorless Thopter artifact creature token with flying for each +1/+1 counter on Hangarback Walker.\n{1}, {T}: Put a +1/+1 counter on Hangarback Walker.", "toughness": "0", "type": "Artifact Creature — Construct", "types": ["Artifact", "Creature"], "uuid": "32b15bae-6a94-5574-9809-a182b2e2f71f"}, {"artist": "John Avon", "availability": ["arena"], "borderColor": "black", "colorIdentity": [], "colors": [], "convertedManaCost": 0.0, "edhrecRank": 262, "finishes": ["nonfoil"], "flavorText": "Structures built from darksteel yield to neither assault nor age.", "foreignData": [], "frameVersion": "2015", "hasFoil": false, "hasNonFoil": true, "identifiers": {"mtgArenaId": "57883", "mtgjsonV4Id": "979d3647-7a2e-548d-a595-0636336f1dfc", "scryfallId": "b7517f87-809b-482d-b172-6ec48d9f3abf", "scryfallIllustrationId": "420513a6-7177-499d-8bc7-3ba18163cd76", "scryfallOracleId": "8dc067bf-f78f-4ac4-b6e7-b305c42cf0bc"}, "isOnlineOnly": true, "isReprint": true, "isStarter": true, "keywords": ["Indestructible"], "language": "English", "layout": "normal", "legalities": {"commander": "Legal", "duel": "Legal", "explorer": "Legal", "gladiator": "Legal", "historic": "Legal", "historicbrawl": "Legal", "legacy": "Legal", "modern": "Legal", "pauper": "Legal", "paupercommander": "Legal", "penny": "Legal", "pioneer": "Legal", "vintage": "Legal"}, "manaValue": 0.0, "name": "Darksteel Citadel", "number": "20", "printings": ["2XM", "C14", "C16", "C18", "C21", "CM2", "DDF", "DDU", "DST", "EA1", "M15", "MB1", "MM2", "SLD", "WC04"], "purchaseUrls": {}, "rarity": "uncommon", "rulings": [{"date": "2014-07-18", "text": "Although Darksteel Citadel is an artifact, it can't be cast as a spell. Playing it follows the normal rules for playing a land."}], "setCode": "EA1", "subtypes": [], "supertypes": [], "text": "Indestructible\n{T}: Add {C}.", "type": "Artifact Land", "types": ["Artifact", "Land"], "uuid": "5dcf8708-2f12-570d-a539-afdd22e1646b"}], "code": "EA1", "isFoilOnly": false, "isNonFoilOnly": true, "isOnlineOnly": true, "keyruneCode": "MTGA", "name": "Explorer Anthology 1", "releaseDate": "2022-07-28", "tokens": [], "totalSetSize": 20, "translations": {}, "type": "box"}}