{"meta": {"date": "2022-09-29", "version": "5.2.0+20220929"}, "data": {"baseSetSize": 12, "block": "Friday Night Magic", "cards": [{"artist": "Kaja Foglio", "availability": ["paper"], "borderColor": "black", "colorIdentity": [], "colors": [], "convertedManaCost": 3.0, "edhrecRank": 11057, "finishes": ["foil"], "flavorText": "\"I am reminded of the fable of the silver egg. Its owner cracks it open to see what jewels it holds, only to discover a simple yellow yolk.\"\n—Karn, silver golem", "foreignData": [], "frameVersion": "1997", "hasFoil": true, "hasNonFoil": false, "identifiers": {"cardKingdomFoilId": "122331", "cardsphereId": "17334", "mcmId": "15805", "mtgjsonV4Id": "df3b1f3d-c6db-5bfe-96ec-bbc8b694f0fa", "scryfallId": "75522385-2f94-4c7c-b7d2-e8827ea1164f", "scryfallIllustrationId": "287814b9-06e1-4c88-8068-bd2a7323e282", "scryfallOracleId": "54b5e429-7a44-480d-bea4-4f8eeb7449b5", "tcgplayerProductId": "38072"}, "isPromo": true, "isReprint": true, "isStarter": true, "language": "English", "layout": "normal", "legalities": {"commander": "Legal", "duel": "Legal", "legacy": "Legal", "modern": "Legal", "pauper": "Legal", "paupercommander": "Legal", "penny": "Legal", "premodern": "Legal", "vintage": "Legal"}, "manaCost": "{3}", "manaValue": 3.0, "name": "Bottle Gnomes", "number": "1", "power": "1", "printings": ["10E", "9ED", "C14", "CM2", "DD2", "F03", "JVC", "MB1", "MRD", "PRM", "PS11", "TMP", "TPR", "WC98", "WC99"], "promoTypes": ["tourney", "fnm"], "purchaseUrls": {"cardKingdomFoil": "https://mtgjson.com/links/a71a3235a0398981", "tcgplayer": "https://mtgjson.com/links/2a934967150949df"}, "rarity": "rare", "rulings": [], "setCode": "F03", "subtypes": ["Gnome"], "supertypes": [], "text": "Sacrifice Bottle Gnomes: You gain 3 life.", "toughness": "3", "type": "Artifact Creature — Gnome", "types": ["Artifact", "Creature"], "uuid": "02c7b5e2-7604-57a2-bab4-8dc5af03dc0a"}, {"artist": "Richard Kane Ferguson", "availability": ["paper"], "borderColor": "black", "colorIdentity": ["G"], "colors": ["G"], "convertedManaCost": 2.0, "edhrecRank": 4172, "finishes": ["foil"], "flavorText": "The air was filled with the cracks and snaps of flesh hardening as the new sliver joined the battle.", "foreignData": [], "frameVersion": "1997", "hasFoil": true, "hasNonFoil": false, "identifiers": {"cardKingdomFoilId": "125300", "cardsphereId": "17434", "mcmId": "15806", "mtgjsonV4Id": "ac548bfc-46b0-5341-8570-ae47e99ce3cb", "scryfallId": "fe45d58c-9831-418a-a588-f530af3dc36f", "scryfallIllustrationId": "9c03af98-99eb-40c7-a81c-b31c69d96448", "scryfallOracleId": "06e0459f-d691-4470-884a-27c09b6612d2", "tcgplayerProductId": "38119"}, "isPromo": true, "isReprint": true, "isStarter": true, "language": "English", "layout": "normal", "legalities": {"commander": "Legal", "duel": "Legal", "legacy": "Legal", "pauper": "Legal", "paupercommander": "Legal", "premodern": "Legal", "vintage": "Legal"}, "manaCost": "{1}{G}", "manaValue": 2.0, "name": "Muscle Sliver", "number": "2", "power": "1", "printings": ["F03", "H09", "PLIST", "PRM", "TMP", "TPR"], "promoTypes": ["tourney", "fnm"], "purchaseUrls": {"cardKingdomFoil": "https://mtgjson.com/links/faa99f88170a332a", "tcgplayer": "https://mtgjson.com/links/d07b98b33be85df5"}, "rarity": "rare", "rulings": [{"date": "2004-10-04", "text": "Yes, it does give the +1/+1 bonus to itself."}, {"date": "2013-07-01", "text": "Abilities that Slivers grant, as well as power/toughness boosts, are cumulative. However, for some abilities, like flying, having more than one instance of the ability doesn’t provide any additional benefit."}, {"date": "2013-07-01", "text": "If the creature type of a Sliver changes so it’s no longer a Sliver, it will no longer be affected by its own ability. Its ability will continue to affect other Sliver creatures."}], "setCode": "F03", "subtypes": ["Sliver"], "supertypes": [], "text": "All Sliver creatures get +1/+1.", "toughness": "1", "type": "Creature — Sliver", "types": ["Creature"], "uuid": "93ac2c07-7587-51e1-8ba4-43c3e2d07059"}, {"artist": "Allen Williams", "availability": ["paper"], "borderColor": "black", "colorIdentity": ["U", "W"], "colors": ["U", "W"], "convertedManaCost": 2.0, "edhrecRank": 3580, "finishes": ["foil"], "flavorText": "Bred as living shields, these slivers have proven unruly-they know they cannot be caught.", "foreignData": [], "frameVersion": "1997", "hasFoil": true, "hasNonFoil": false, "identifiers": {"cardKingdomFoilId": "125598", "cardsphereId": "17353", "mcmId": "19671", "mtgjsonV4Id": "2de3f90d-fc8d-5610-97ee-546366ffc60d", "scryfallId": "c5ff53ec-9ae0-4a74-b0e6-9bf0dfc8c4c0", "scryfallIllustrationId": "69717bfe-9506-419b-8a38-149b8ac7f7ef", "scryfallOracleId": "ba3aa1eb-722a-47d3-83be-96daddb50265", "tcgplayerProductId": "38084"}, "isPromo": true, "isReprint": true, "isStarter": true, "language": "English", "layout": "normal", "legalities": {"commander": "Legal", "duel": "Legal", "legacy": "Legal", "paupercommander": "Restricted", "premodern": "Legal", "vintage": "Legal"}, "manaCost": "{W}{U}", "manaValue": 2.0, "name": "Crystalline Sliver", "number": "3", "power": "2", "printings": ["F03", "H09", "PLIST", "PRM", "SLD", "STH", "TPR"], "promoTypes": ["tourney", "fnm"], "purchaseUrls": {"cardKingdomFoil": "https://mtgjson.com/links/fdc726f7bb926efc", "tcgplayer": "https://mtgjson.com/links/ef3188bdc2fcc316"}, "rarity": "rare", "rulings": [{"date": "2004-10-04", "text": "The ability only applies while this card is on the battlefield."}, {"date": "2013-07-01", "text": "Abilities that Slivers grant, as well as power/toughness boosts, are cumulative. However, for some abilities, like flying, having more than one instance of the ability doesn’t provide any additional benefit."}, {"date": "2013-07-01", "text": "If the creature type of a Sliver changes so it’s no longer a Sliver, it will no longer be affected by its own ability. Its ability will continue to affect other Sliver creatures."}], "setCode": "F03", "subtypes": ["Sliver"], "supertypes": [], "text": "All Slivers have shroud. (They can't be the targets of spells or abilities.)", "toughness": "2", "type": "Creature — Sliver", "types": ["Creature"], "uuid": "b56ca906-7094-5543-9de8-85491b9d9093"}, {"artist": "Tom Wänerstrand", "availability": ["paper"], "borderColor": "black", "colorIdentity": ["U"], "colors": ["U"], "convertedManaCost": 3.0, "edhrecRank": 1988, "finishes": ["foil"], "foreignData": [], "frameVersion": "1997", "hasFoil": true, "hasNonFoil": false, "identifiers": {"cardKingdomFoilId": "117231", "cardsphereId": "17342", "mcmId": "15808", "mtgjsonV4Id": "3c7786be-f070-5222-8007-455c92782cb8", "scryfallId": "a51c1a95-e484-41e4-9c49-ffb115a7d1cc", "scryfallIllustrationId": "e0081945-1eeb-4e2c-b8c8-c1a64c3cf8f7", "scryfallOracleId": "77637eff-2963-4402-88f3-ca346f762fc8", "tcgplayerProductId": "38077"}, "isPromo": true, "isReprint": true, "isStarter": true, "keywords": ["Buyback"], "language": "English", "layout": "normal", "legalities": {"commander": "Legal", "duel": "Legal", "legacy": "Legal", "pauper": "Legal", "paupercommander": "Legal", "premodern": "Legal", "vintage": "Legal"}, "manaCost": "{1}{U}{U}", "manaValue": 3.0, "name": "Capsize", "number": "4", "printings": ["F03", "MP2", "PRM", "TD0", "TMP", "TPR", "WC98"], "promoTypes": ["tourney", "fnm"], "purchaseUrls": {"cardKingdomFoil": "https://mtgjson.com/links/b5a2403a13a95a09", "tcgplayer": "https://mtgjson.com/links/1d53d788d5502732"}, "rarity": "rare", "rulings": [], "setCode": "F03", "subtypes": [], "supertypes": [], "text": "Buyback {3} (You may pay an additional {3} as you cast this spell. If you do, put this card into your hand as it resolves.)\nReturn target permanent to its owner's hand.", "type": "Instant", "types": ["Instant"], "uuid": "169fb5aa-a075-595b-9ea9-8f62779431e2"}, {"artist": "Rebecca Guay", "availability": ["paper"], "borderColor": "black", "colorIdentity": ["G"], "colors": ["G"], "convertedManaCost": 2.0, "edhrecRank": 530, "finishes": ["foil"], "flavorText": "Titania rewards all who honor the forest by making them a living part of it.", "foreignData": [], "frameVersion": "1997", "hasFoil": true, "hasNonFoil": false, "identifiers": {"cardKingdomFoilId": "117176", "cardsphereId": "17443", "mcmId": "15809", "mtgjsonV4Id": "3b88e4ab-abb0-5ac5-a5be-50c5b3f0fee5", "scryfallId": "4c23b2d4-fdbc-4c62-8e5b-c9235c53c96e", "scryfallIllustrationId": "e77fc693-835b-4b89-8803-7407bbd405c2", "scryfallOracleId": "3a198a16-17b9-481e-b516-5bc945c7e247", "tcgplayerProductId": "38139"}, "isPromo": true, "isReprint": true, "isStarter": true, "language": "English", "layout": "normal", "legalities": {"commander": "Legal", "duel": "Legal", "legacy": "Legal", "pauper": "Legal", "paupercommander": "Legal", "premodern": "Legal", "vintage": "Legal"}, "manaCost": "{1}{G}", "manaValue": 2.0, "name": "Priest of Titania", "number": "5", "power": "1", "printings": ["C14", "CMA", "F03", "MB1", "PRM", "USG", "WC00"], "promoTypes": ["tourney", "fnm"], "purchaseUrls": {"cardKingdomFoil": "https://mtgjson.com/links/700b49787e200d8a", "tcgplayer": "https://mtgjson.com/links/a8d4462441b94ef0"}, "rarity": "rare", "rulings": [{"date": "2004-10-04", "text": "Since it is an Elf, it counts itself."}], "setCode": "F03", "subtypes": ["Elf", "Druid"], "supertypes": [], "text": "{T}: Add {G} for each Elf on the battlefield.", "toughness": "1", "type": "Creature — Elf Druid", "types": ["Creature"], "uuid": "fedc0db9-3328-584e-a324-79a6953efa29"}, {"artist": "Brian Snõddy", "availability": ["paper"], "borderColor": "black", "colorIdentity": ["R"], "colors": ["R"], "convertedManaCost": 2.0, "edhrecRank": 366, "finishes": ["foil"], "flavorText": "One mogg to aim the catapult, one mogg to steer the rock.", "foreignData": [], "frameVersion": "1997", "hasFoil": true, "hasNonFoil": false, "identifiers": {"cardKingdomFoilId": "117246", "cardsphereId": "17398", "mcmId": "15810", "mtgjsonV4Id": "f12b663b-24e2-5968-a74b-db87710b1579", "scryfallId": "9a1960e6-00b5-44c6-9fd1-dca49f58f433", "scryfallIllustrationId": "05503106-ae26-4b93-b02f-b39a50f61654", "scryfallOracleId": "edad60c6-80de-4033-af1b-a703ac332983", "tcgplayerProductId": "38106"}, "isPromo": true, "isReprint": true, "isStarter": true, "language": "English", "layout": "normal", "legalities": {"commander": "Legal", "duel": "Legal", "legacy": "Legal", "modern": "Legal", "penny": "Legal", "premodern": "Legal", "vintage": "Legal"}, "manaCost": "{1}{R}", "manaValue": 2.0, "name": "Goblin Bombardment", "number": "6", "printings": ["C13", "DDN", "F03", "MB1", "MH2", "PRM", "TMP", "TPR"], "promoTypes": ["tourney", "fnm"], "purchaseUrls": {"cardKingdomFoil": "https://mtgjson.com/links/37e06889d6b8fe96", "tcgplayer": "https://mtgjson.com/links/94c1cbcb2ca6713b"}, "rarity": "rare", "rulings": [], "setCode": "F03", "subtypes": [], "supertypes": [], "text": "Sacrifice a creature: Goblin Bombardment deals 1 damage to any target.", "type": "Enchantment", "types": ["Enchantment"], "uuid": "29f4433d-4d2b-59f0-b123-ddd426b97bcd"}, {"artist": "Jeff Laubenstein", "availability": ["paper"], "borderColor": "black", "colorIdentity": ["G"], "colors": ["G"], "convertedManaCost": 5.0, "edhrecRank": 22729, "finishes": ["foil"], "flavorText": "It possesses no intelligence, only counter-intelligence.", "foreignData": [], "frameVersion": "1997", "hasFoil": true, "hasNonFoil": false, "identifiers": {"cardKingdomFoilId": "117259", "cardsphereId": "17461", "mcmId": "15811", "mtgjsonV4Id": "a7165d19-5e58-571b-9f76-3b0bfa9a546e", "scryfallId": "c355e0e2-6854-437f-9fff-86f98bd16f34", "scryfallIllustrationId": "60f0f407-1b72-487c-a7e1-0621e6b9b947", "scryfallOracleId": "9e66f2d6-cc51-4747-914d-2c04e439da2b", "tcgplayerProductId": "38151"}, "isPromo": true, "isReprint": true, "isStarter": true, "keywords": ["Protection"], "language": "English", "layout": "normal", "legalities": {"commander": "Legal", "duel": "Legal", "legacy": "Legal", "modern": "Legal", "paupercommander": "Restricted", "penny": "Legal", "premodern": "Legal", "vintage": "Legal"}, "manaCost": "{4}{G}", "manaValue": 5.0, "name": "Scragnoth", "number": "7", "power": "3", "printings": ["F03", "PRM", "TMP", "TSB"], "promoTypes": ["tourney", "fnm"], "purchaseUrls": {"cardKingdomFoil": "https://mtgjson.com/links/888b9268f2b20909", "tcgplayer": "https://mtgjson.com/links/08d2ddded2ba2fc7"}, "rarity": "rare", "rulings": [{"date": "2004-10-04", "text": "Side-effects of spells that would counter this card will still happen, because they happen even if the spell they’re trying to counter can’t be countered."}, {"date": "2004-10-04", "text": "Spells can target Scragnoth and affect it while it is on the stack. Only effects that counter spells are ignored."}, {"date": "2004-10-04", "text": "Spells with a side effect that only happens if a spell is countered do not have their side effect happen when the countering fails."}], "setCode": "F03", "subtypes": ["Beast"], "supertypes": [], "text": "This spell can't be countered.\nProtection from blue", "toughness": "4", "type": "Creature — Beast", "types": ["Creature"], "uuid": "0f480f32-7bbc-50cc-9aa6-d0de8742a198"}, {"artist": "Carl Critchlow", "availability": ["paper"], "borderColor": "black", "colorIdentity": ["B"], "colors": ["B"], "convertedManaCost": 2.0, "edhrecRank": 15378, "finishes": ["foil"], "flavorText": "\"I can't hear them scream, but at least I don't have to listen to them beg.\"\n—Phage the Untouchable", "foreignData": [], "frameVersion": "2003", "hasFoil": true, "hasNonFoil": false, "identifiers": {"cardKingdomFoilId": "117261", "cardsphereId": "17472", "mcmId": "15813", "mtgjsonV4Id": "a8ba8c3e-9a7a-5466-82f8-83a6fc46268b", "scryfallId": "1089ee82-518b-4b0e-bc53-1c5ef66beca5", "scryfallIllustrationId": "d5796d5f-93f5-4aeb-819b-14366f902934", "scryfallOracleId": "acdf9fb0-96eb-4520-bd4b-b6480c7c9b29", "tcgplayerProductId": "38157"}, "isPromo": true, "isReprint": true, "isStarter": true, "language": "English", "layout": "normal", "legalities": {"commander": "Legal", "duel": "Legal", "legacy": "Legal", "modern": "Legal", "penny": "Legal", "premodern": "Legal", "vintage": "Legal"}, "manaCost": "{1}{B}", "manaValue": 2.0, "name": "Smother", "number": "8", "printings": ["DDP", "F03", "ONS", "PRM", "WC03", "WWK"], "promoTypes": ["tourney", "fnm"], "purchaseUrls": {"cardKingdomFoil": "https://mtgjson.com/links/c4eb746b81525d12", "tcgplayer": "https://mtgjson.com/links/d4b3d2d27f4a260b"}, "rarity": "rare", "rulings": [{"date": "2010-03-01", "text": "A creature's mana value is determined solely by the mana symbols printed in its upper right corner (unless that creature is copying something else; see below). If its mana cost includes {X}, X is considered to be 0. If it has no mana symbols in its upper right corner (because it's an animated land, for example), its mana value is 0. Ignore any alternative costs or additional costs (such as kicker) paid when the creature was cast."}, {"date": "2010-03-01", "text": "A token has a mana value of 0, unless it is copying something else."}, {"date": "2010-03-01", "text": "If a creature is copying something else, its mana value is the mana value of whatever it's copying."}], "setCode": "F03", "subtypes": [], "supertypes": [], "text": "Destroy target creature with mana value 3 or less. It can't be regenerated.", "type": "Instant", "types": ["Instant"], "uuid": "8970e8f9-a5e8-5229-939d-1febe1586894", "watermark": "fnm"}, {"artist": "Ron Spencer", "availability": ["paper"], "borderColor": "black", "colorIdentity": ["W"], "colors": ["W"], "convertedManaCost": 2.0, "edhrecRank": 15266, "finishes": ["foil"], "flavorText": "His bolas whirl like galaxies, but it's his enemies who see stars.", "foreignData": [], "frameVersion": "2003", "hasFoil": true, "hasNonFoil": false, "identifiers": {"cardKingdomFoilId": "117265", "cardsphereId": "17502", "mcmId": "15814", "mtgjsonV4Id": "55d4c647-c7e2-5386-bc6a-e1c2ac82e331", "scryfallId": "297f11b1-aa18-4dd2-87e8-cf43f9b78a4b", "scryfallIllustrationId": "7c1e94b6-ab67-4e19-a5e3-e28b05fcab72", "scryfallOracleId": "4a4c187e-e10b-4fd2-b70b-6401bb0595c5", "tcgplayerProductId": "38174"}, "isPromo": true, "isReprint": true, "isStarter": true, "keywords": ["Morph"], "language": "English", "layout": "normal", "legalities": {"commander": "Legal", "duel": "Legal", "legacy": "Legal", "paupercommander": "Restricted", "penny": "Legal", "premodern": "Legal", "vintage": "Legal"}, "manaCost": "{W}{W}", "manaValue": 2.0, "name": "Whipcorder", "number": "9", "power": "2", "printings": ["F03", "ONS", "PRM"], "promoTypes": ["tourney", "fnm"], "purchaseUrls": {"cardKingdomFoil": "https://mtgjson.com/links/a93b1dea8d16fdf8", "tcgplayer": "https://mtgjson.com/links/45f4496764c059e7"}, "rarity": "rare", "rulings": [], "setCode": "F03", "subtypes": ["Human", "Soldier", "Rebel"], "supertypes": [], "text": "{W}, {T}: Tap target creature.\nMorph {W} (You may cast this card face down as a 2/2 creature for {3}. Turn it face up any time for its morph cost.)", "toughness": "2", "type": "Creature — Human Soldier Rebel", "types": ["Creature"], "uuid": "490355a4-313b-5bb6-9476-d24d9c6be0ea", "watermark": "fnm"}, {"artist": "Jim Nelson", "availability": ["paper"], "borderColor": "black", "colorIdentity": ["R"], "colors": ["R"], "convertedManaCost": 2.0, "edhrecRank": 12950, "finishes": ["foil"], "flavorText": "\"If it didn't hurt, how would I know it worked?\"", "foreignData": [], "frameVersion": "2003", "hasFoil": true, "hasNonFoil": false, "identifiers": {"cardKingdomFoilId": "117262", "cardsphereId": "17474", "mcmId": "15815", "mtgjsonV4Id": "9225336a-0e30-5737-806e-a3fd20a0e07a", "scryfallId": "f337250e-3491-4ff8-b79a-1711d55c6ca8", "scryfallIllustrationId": "178cf6bf-5376-4d39-9906-3f1960a937d4", "scryfallOracleId": "b27bc09a-ebea-498c-87f2-753852569a73", "tcgplayerProductId": "38159"}, "isPromo": true, "isReprint": true, "isStarter": true, "language": "English", "layout": "normal", "legalities": {"commander": "Legal", "duel": "Legal", "legacy": "Legal", "pauper": "Legal", "paupercommander": "Legal", "premodern": "Legal", "vintage": "Legal"}, "manaCost": "{1}{R}", "manaValue": 2.0, "name": "Sparksmith", "number": "10", "power": "1", "printings": ["F03", "ONS", "PRM", "WC03"], "promoTypes": ["tourney", "fnm"], "purchaseUrls": {"cardKingdomFoil": "https://mtgjson.com/links/d3aa3e6409f17359", "tcgplayer": "https://mtgjson.com/links/788e5267cc9defbb"}, "rarity": "rare", "rulings": [], "setCode": "F03", "subtypes": ["Goblin"], "supertypes": [], "text": "{T}: Sparksmith deals X damage to target creature and X damage to you, where X is the number of Goblins on the battlefield.", "toughness": "1", "type": "Creature — Goblin", "types": ["Creature"], "uuid": "c20cee4e-927f-5e60-9c7d-0d4b78b62a02", "watermark": "fnm"}, {"artist": "Kev Walker", "availability": ["paper"], "borderColor": "black", "colorIdentity": ["G"], "colors": ["G"], "convertedManaCost": 7.0, "edhrecRank": 6225, "finishes": ["foil"], "foreignData": [], "frameVersion": "2003", "hasFoil": true, "hasNonFoil": false, "identifiers": {"cardKingdomFoilId": "117251", "cardsphereId": "17417", "mcmId": "15816", "mtgjsonV4Id": "01f7068e-7b62-5084-b494-e8ead10d56d9", "scryfallId": "df9b9093-e322-43da-95b9-13a0a1ec447e", "scryfallIllustrationId": "a9896c71-d6f2-4a54-a21b-f2feee426bb0", "scryfallOracleId": "82406175-63b3-4972-be8b-db0e70c908cb", "tcgplayerProductId": "38120"}, "isPromo": true, "isReprint": true, "isStarter": true, "keywords": ["Cycling"], "language": "English", "layout": "normal", "legalities": {"commander": "Legal", "duel": "Legal", "gladiator": "Legal", "historic": "Legal", "historicbrawl": "Legal", "legacy": "Legal", "modern": "Legal", "pauper": "Legal", "paupercommander": "Legal", "penny": "Legal", "premodern": "Legal", "vintage": "Legal"}, "manaCost": "{5}{G}{G}", "manaValue": 7.0, "name": "Krosan Tusker", "number": "11", "power": "6", "printings": ["A25", "ARC", "C13", "CMD", "DDD", "DDL", "DDU", "F03", "GVL", "HA3", "MB1", "MH1", "ONS", "PRM", "TD0", "VMA"], "promoTypes": ["tourney", "fnm"], "purchaseUrls": {"cardKingdomFoil": "https://mtgjson.com/links/9a184fe3a16a809e", "tcgplayer": "https://mtgjson.com/links/ed6f32149228e7da"}, "rarity": "rare", "rulings": [{"date": "2008-10-01", "text": "Cycling is an activated ability. Effects that interact with activated abilities (such as Stifle or Rings of Brighthearth) will interact with cycling. Effects that interact with spells (such as Remove Soul or Faerie Tauntings) will not."}, {"date": "2008-10-01", "text": "When you cycle this card, first the cycling ability goes on the stack, then the triggered ability goes on the stack on top of it. The triggered ability will resolve before you draw a card from the cycling ability."}, {"date": "2008-10-01", "text": "The cycling ability and the triggered ability are separate. If the triggered ability doesn't resolve (due to being countered with Stifle, for example, or if all its targets have become illegal), the cycling ability will still resolve and you'll draw a card."}], "setCode": "F03", "subtypes": ["Boar", "Beast"], "supertypes": [], "text": "Cycling {2}{G} ({2}{G}, Discard this card: Draw a card.)\nWhen you cycle Krosan Tusker, you may search your library for a basic land card, reveal that card, put it into your hand, then shuffle. (Do this before you draw.)", "toughness": "5", "type": "Creature — Boar Beast", "types": ["Creature"], "uuid": "85c5adf4-8075-5b1f-91fc-1c15062b6154", "watermark": "fnm"}, {"artist": "Tim Hildebrandt", "availability": ["paper"], "borderColor": "black", "colorIdentity": ["B"], "colors": ["B"], "convertedManaCost": 2.0, "edhrecRank": 7735, "finishes": ["foil"], "flavorText": "Once it consecrated the dead. Now it desecrates them.", "foreignData": [], "frameVersion": "2003", "hasFoil": true, "hasNonFoil": false, "identifiers": {"cardKingdomFoilId": "125571", "cardsphereId": "17508", "mcmId": "15817", "mtgjsonV4Id": "3328c649-5616-538d-9246-d2feceae9900", "scryfallId": "691135e8-1c41-41c4-9426-48bffe23bfd8", "scryfallIllustrationId": "d5f4a773-190d-400c-bc7d-97743f81b862", "scryfallOracleId": "29e13ec1-a239-4217-a2bd-24ff90745ec0", "tcgplayerProductId": "38179"}, "isPromo": true, "isReprint": true, "isStarter": true, "language": "English", "layout": "normal", "legalities": {"commander": "Legal", "duel": "Legal", "legacy": "Legal", "modern": "Legal", "paupercommander": "Restricted", "penny": "Legal", "premodern": "Legal", "vintage": "Legal"}, "manaCost": "{B}{B}", "manaValue": 2.0, "name": "Withered Wretch", "number": "12", "power": "2", "printings": ["F03", "HOP", "LGN", "PRM", "TSB"], "promoTypes": ["tourney", "fnm"], "purchaseUrls": {"cardKingdomFoil": "https://mtgjson.com/links/f9a1aeabb155e997", "tcgplayer": "https://mtgjson.com/links/dd7b43574bcfe829"}, "rarity": "rare", "rulings": [], "setCode": "F03", "subtypes": ["Zombie", "Cleric"], "supertypes": [], "text": "{1}: Exile target card from a graveyard.", "toughness": "2", "type": "Creature — Zombie Cleric", "types": ["Creature"], "uuid": "33756d00-398d-5011-9edd-aa4cb44f16ce", "watermark": "fnm"}, {"artist": "Kevin McCann", "availability": ["paper"], "borderColor": "black", "colorIdentity": ["W"], "colors": ["W"], "convertedManaCost": 2.0, "edhrecRank": 767, "finishes": ["foil"], "foreignData": [], "frameVersion": "1997", "hasFoil": true, "hasNonFoil": false, "identifiers": {"cardKingdomFoilId": "117237", "cardsphereId": "17360", "mcmId": "15812", "mtgjsonV4Id": "c540591c-38a9-51ad-ad25-975b66d80697", "scryfallId": "32316acb-9206-459b-83b3-64be3bf4d396", "scryfallIllustrationId": "b21d5e6f-c946-4f6b-95b5-c636714f0fc9", "scryfallOracleId": "a7e97fa9-4b72-4548-b854-5be5f18a6f1a", "tcgplayerProductId": "38088"}, "isPromo": true, "isReprint": true, "isStarter": true, "language": "English", "layout": "normal", "legalities": {"commander": "Legal", "duel": "Legal", "explorer": "Legal", "gladiator": "Legal", "historic": "Legal", "historicbrawl": "Legal", "legacy": "Legal", "modern": "Legal", "pauper": "Legal", "paupercommander": "Legal", "penny": "Legal", "pioneer": "Legal", "premodern": "Legal", "vintage": "Legal"}, "manaCost": "{1}{W}", "manaValue": 2.0, "name": "Disenchant", "number": "13", "printings": ["2ED", "3ED", "4BB", "4ED", "5ED", "6ED", "7ED", "A25", "ATH", "BRB", "CED", "CEI", "CMR", "CN2", "CST", "F03", "FBB", "ICE", "IMA", "LEA", "LEB", "M20", "MB1", "ME2", "ME3", "MIR", "MMQ", "OLEP", "P07", "PARL", "PLIST", "PMEI", "PRM", "PTC", "SUM", "TMP", "TPR", "TSB", "USG", "WC97", "WC98", "ZNR"], "promoTypes": ["tourney", "fnm"], "purchaseUrls": {"cardKingdomFoil": "https://mtgjson.com/links/4d16208033f895d0", "tcgplayer": "https://mtgjson.com/links/efdd6d8610efc4d9"}, "rarity": "rare", "rulings": [{"date": "2004-10-04", "text": "This is not modal. If the target changes from an artifact to an enchantment or vice versa, this still destroys it."}], "setCode": "F03", "subtypes": [], "supertypes": [], "text": "Destroy target artifact or enchantment.", "type": "Instant", "types": ["Instant"], "uuid": "c47c7d62-d982-5552-b125-9e5b9060eb94"}], "code": "F03", "isFoilOnly": true, "isOnlineOnly": false, "keyruneCode": "PARL", "name": "Friday Night Magic 2003", "releaseDate": "2003-01-01", "tokens": [], "totalSetSize": 13, "translations": {}, "type": "promo"}}