{"meta": {"date": "2022-09-29", "version": "5.2.0+20220929"}, "data": {"baseSetSize": 12, "block": "Friday Night Magic", "cards": [{"artist": "Hideaki Takamura", "availability": ["paper"], "borderColor": "black", "colorIdentity": ["U"], "colors": ["U"], "convertedManaCost": 2.0, "edhrecRank": 3318, "finishes": ["foil"], "flavorText": "Well, at least all of that arm-waving and arcane babbling you did was impressive.", "foreignData": [], "frameVersion": "2003", "hasFoil": true, "hasNonFoil": false, "identifiers": {"cardKingdomFoilId": "125602", "cardsphereId": "17451", "mcmId": "18829", "mtgjsonV4Id": "9f332f01-c03a-50f4-ab38-92080b078732", "scryfallId": "d41e8cc0-4e05-412b-8ea3-d5b5c45da601", "scryfallIllustrationId": "6d32ca6e-902c-4721-a88b-9b34e780bc23", "scryfallOracleId": "d71cd08e-3e84-41ff-b9db-9e343c0af6b4", "tcgplayerProductId": "38145"}, "isPromo": true, "isReprint": true, "isStarter": true, "language": "English", "layout": "normal", "legalities": {"commander": "Legal", "duel": "Legal", "legacy": "Legal", "modern": "Legal", "vintage": "Legal"}, "manaCost": "{1}{U}", "manaValue": 2.0, "name": "Remand", "number": "1", "printings": ["DDM", "F08", "MM2", "PRM", "RAV", "TSR"], "promoTypes": ["tourney", "fnm"], "purchaseUrls": {"cardKingdomFoil": "https://mtgjson.com/links/015363bd783deebe", "tcgplayer": "https://mtgjson.com/links/a55e812e05cc30c2"}, "rarity": "rare", "rulings": [{"date": "2021-03-19", "text": "Remand can target a spell that can’t be countered. That spell won’t be countered or returned to its owner’s hand, but you’ll draw a card."}, {"date": "2021-03-19", "text": "If you target a card that was cast with flashback with Remand, the card will still be exiled."}], "setCode": "F08", "subtypes": [], "supertypes": [], "text": "Counter target spell. If that spell is countered this way, put it into its owner's hand instead of into that player's graveyard.\nDraw a card.", "type": "Instant", "types": ["Instant"], "uuid": "51005087-fe89-5f55-bf2d-61dff4173f16", "watermark": "fnm"}, {"artist": "Lars Grant-West", "availability": ["paper"], "borderColor": "black", "colorIdentity": [], "colors": [], "convertedManaCost": 0.0, "edhrecRank": 1010, "finishes": ["foil"], "flavorText": "Dominaria's most extravagant crypt nevertheless holds an empty grave.", "foreignData": [], "frameVersion": "2003", "hasFoil": true, "hasNonFoil": false, "identifiers": {"cardKingdomFoilId": "125564", "cardsphereId": "17493", "mcmId": "18992", "mtgjsonV4Id": "b6d71b43-a2b6-5787-b8a2-53ce7ca4a430", "scryfallId": "5c53f2a4-105e-45b4-8bc0-a733f616c9b3", "scryfallIllustrationId": "c83654ae-50b4-4443-9f96-47694342b245", "scryfallOracleId": "1573f7f9-672c-421a-b1ac-3d0d8aea59ca", "tcgplayerProductId": "38006"}, "isPromo": true, "isReprint": true, "isStarter": true, "language": "English", "layout": "normal", "legalities": {"commander": "Legal", "duel": "Legal", "explorer": "Legal", "gladiator": "Legal", "historic": "Legal", "historicbrawl": "Legal", "legacy": "Legal", "modern": "Legal", "pauper": "Legal", "paupercommander": "Legal", "pioneer": "Legal", "premodern": "Legal", "vintage": "Legal"}, "manaCost": "{0}", "manaValue": 0.0, "name": "Tormod's Crypt", "number": "2", "printings": ["C14", "CHR", "DRK", "F08", "M13", "M15", "M21", "MB1", "PRM", "TSB"], "promoTypes": ["tourney", "fnm"], "purchaseUrls": {"cardKingdomFoil": "https://mtgjson.com/links/0d51d0aca24a8161", "tcgplayer": "https://mtgjson.com/links/f11b8a52f02aeeac"}, "rarity": "rare", "rulings": [], "setCode": "F08", "subtypes": [], "supertypes": [], "text": "{T}, Sacrifice Tormod's Crypt: Exile target player's graveyard.", "type": "Artifact", "types": ["Artifact"], "uuid": "78496513-b702-55c2-bb1f-deb98a8223ab", "watermark": "fnm"}, {"artist": "Terese Nielsen", "availability": ["paper"], "borderColor": "black", "colorIdentity": ["G"], "colors": ["G"], "convertedManaCost": 3.0, "edhrecRank": 44, "finishes": ["foil"], "flavorText": "Gaea needs no book to record every act.", "foreignData": [], "frameVersion": "2003", "hasFoil": true, "hasNonFoil": false, "identifiers": {"cardKingdomFoilId": "126616", "cardsphereId": "17371", "mcmId": "19012", "mtgjsonV4Id": "98275ba5-2744-5a42-a2a7-707264c15f24", "scryfallId": "d19ad62d-580e-4453-ba03-e59e660f0069", "scryfallIllustrationId": "97d632e6-c235-431d-9cb0-8f828202e7d0", "scryfallOracleId": "30b24e8e-3b0e-4d8e-90f3-f66eb7c1858c", "tcgplayerProductId": "38095"}, "isPromo": true, "isReprint": true, "isStarter": true, "language": "English", "layout": "normal", "legalities": {"commander": "Legal", "duel": "Legal", "legacy": "Legal", "modern": "Legal", "paupercommander": "Restricted", "vintage": "Legal"}, "manaCost": "{1}{G}{G}", "manaValue": 3.0, "name": "Eternal Witness", "number": "3", "power": "2", "printings": ["2X2", "5DN", "C15", "CM2", "CMA", "CMD", "CMR", "DDJ", "F08", "MB1", "MIC", "MMA", "PLIST", "PRM", "PUMA", "PZ1", "SLD", "TD0", "TSR", "UMA", "WC04"], "promoTypes": ["tourney", "fnm"], "purchaseUrls": {"cardKingdomFoil": "https://mtgjson.com/links/9c8f0c3e8759958b", "tcgplayer": "https://mtgjson.com/links/025899367d579884"}, "rarity": "rare", "rulings": [{"date": "2021-03-19", "text": "If a resolving spell puts Eternal Witness onto the battlefield, Eternal Witness's ability can target that card if it's put into your graveyard as it resolves."}], "setCode": "F08", "subtypes": ["Human", "Shaman"], "supertypes": [], "text": "When Eternal Witness enters the battlefield, you may return target card from your graveyard to your hand.", "toughness": "1", "type": "Creature — Human Shaman", "types": ["Creature"], "uuid": "96e9c592-013d-514c-b42e-b08589ba4d0a", "watermark": "fnm"}, {"artist": "Volkan Baǵa", "availability": ["paper"], "borderColor": "black", "colorIdentity": ["B"], "colors": ["B"], "convertedManaCost": 4.0, "edhrecRank": 3437, "finishes": ["foil"], "foreignData": [], "frameVersion": "2003", "hasFoil": true, "hasNonFoil": false, "identifiers": {"cardKingdomFoilId": "126154", "cardsphereId": "17487", "mcmId": "19460", "mtgjsonV4Id": "09bcbda7-f599-59c6-8225-b03f5f924f56", "scryfallId": "22f00439-93b7-4ade-b8c9-9b7ca7e274fb", "scryfallIllustrationId": "44176bd1-24e4-4024-90a5-8331e9406583", "scryfallOracleId": "78db3190-59bc-4033-95bc-32d8ed872b6a", "tcgplayerProductId": "38164"}, "isPromo": true, "isReprint": true, "isStarter": true, "keywords": ["Storm"], "language": "English", "layout": "normal", "legalities": {"commander": "Legal", "duel": "Legal", "gladiator": "Legal", "historic": "Legal", "historicbrawl": "Legal", "legacy": "Legal", "penny": "Legal", "premodern": "Banned", "vintage": "Legal"}, "manaCost": "{2}{B}{B}", "manaValue": 4.0, "name": "Tendrils of Agony", "number": "4", "printings": ["F08", "PRM", "SCG", "STA", "VMA"], "promoTypes": ["tourney", "fnm"], "purchaseUrls": {"cardKingdomFoil": "https://mtgjson.com/links/feec3c14d592f66d", "tcgplayer": "https://mtgjson.com/links/dd5415b1842aca3e"}, "rarity": "rare", "rulings": [{"date": "2013-06-07", "text": "The copies are put directly onto the stack. They aren't cast and won't be counted by other spells with storm cast later in the turn."}, {"date": "2013-06-07", "text": "Spells cast from zones other than a player's hand and spells that were countered are counted by the storm ability."}, {"date": "2013-06-07", "text": "A copy of a spell can be countered like any other spell, but it must be countered individually. Countering a spell with storm won't affect the copies."}, {"date": "2013-06-07", "text": "The triggered ability that creates the copies can itself be countered by anything that can counter a triggered ability. If it is countered, no copies will be put onto the stack."}, {"date": "2013-06-07", "text": "You may choose new targets for any of the copies. You can choose differently for each copy."}], "setCode": "F08", "subtypes": [], "supertypes": [], "text": "Target player loses 2 life and you gain 2 life.\nStorm (When you cast this spell, copy it for each spell cast before it this turn. You may choose new targets for the copies.)", "type": "Sorcery", "types": ["Sorcery"], "uuid": "a422c351-9468-5935-a7bf-ff630c49c137", "watermark": "fnm"}, {"artist": "Philip Straub", "availability": ["paper"], "borderColor": "black", "colorIdentity": ["G"], "colors": [], "convertedManaCost": 0.0, "edhrecRank": 4759, "finishes": ["foil"], "flavorText": "The limbs of Pendelhaven extend as far as the meek roam, and reach as high as they strive.", "foreignData": [], "frameVersion": "2003", "hasFoil": true, "hasNonFoil": false, "identifiers": {"cardKingdomFoilId": "125595", "cardsphereId": "17441", "mcmId": "19329", "mtgjsonV4Id": "bac9ba70-990c-550b-918e-b0cf8ec04c82", "scryfallId": "e8e362ed-4a3d-4b5e-848a-44c362095835", "scryfallIllustrationId": "551129e7-34ff-4ac4-8d8c-f36b46f8e984", "scryfallOracleId": "f70e72e1-9abe-485b-9fea-e8b35352f5b3", "tcgplayerProductId": "38138"}, "isPromo": true, "isReprint": true, "isStarter": true, "language": "English", "layout": "normal", "legalities": {"commander": "Legal", "duel": "Legal", "legacy": "Legal", "modern": "Legal", "vintage": "Legal"}, "manaValue": 0.0, "name": "Pendelhaven", "number": "5", "printings": ["A25", "ATH", "F08", "J17", "LEG", "PRM", "TSB"], "promoTypes": ["tourney", "fnm"], "purchaseUrls": {"cardKingdomFoil": "https://mtgjson.com/links/5d21c5d79894311f", "tcgplayer": "https://mtgjson.com/links/be0fc05eae832dc5"}, "rarity": "rare", "rulings": [{"date": "2004-10-04", "text": "The current power/toughness being 1/1 is a targeting requirement so it is checked when announcing and again right before resolving."}], "setCode": "F08", "subtypes": [], "supertypes": ["Legendary"], "text": "{T}: Add {G}.\n{T}: Target 1/1 creature gets +1/+2 until end of turn.", "type": "Legendary Land", "types": ["Land"], "uuid": "0f122b4b-0e0b-5453-8145-33b5639479f1", "watermark": "fnm"}, {"artist": "Michael Komarck", "availability": ["paper"], "borderColor": "black", "colorIdentity": ["W"], "colors": ["W"], "convertedManaCost": 4.0, "edhrecRank": 6554, "finishes": ["foil"], "flavorText": "\"Think of this new life not as a gift from the angels but as a command to fight for their cause once more.\"\n—War blessing of Serra", "foreignData": [], "frameVersion": "2003", "hasFoil": true, "hasNonFoil": false, "identifiers": {"cardKingdomFoilId": "125603", "cardsphereId": "17452", "mcmId": "19456", "mtgjsonV4Id": "d83a455e-e946-5e17-9048-b4817622a006", "scryfallId": "a1115170-10a4-4b77-b6e6-35f4a10141a0", "scryfallIllustrationId": "32b7e985-94bf-4fd1-82fe-e79556582c6f", "scryfallOracleId": "837417d8-8260-486d-a3ed-3b5711eaf34a", "tcgplayerProductId": "38146"}, "isPromo": true, "isReprint": true, "isStarter": true, "language": "English", "layout": "normal", "legalities": {"commander": "Legal", "duel": "Legal", "legacy": "Legal", "modern": "Legal", "pauper": "Legal", "paupercommander": "Legal", "penny": "Legal", "vintage": "Legal"}, "manaCost": "{2}{W}{W}", "manaValue": 4.0, "name": "Resurrection", "number": "6", "printings": ["2ED", "3ED", "CED", "CEI", "F08", "FBB", "LEA", "LEB", "MB1", "PLIST", "PRM", "SUM", "TD0", "TSB", "UMA"], "promoTypes": ["tourney", "fnm"], "purchaseUrls": {"cardKingdomFoil": "https://mtgjson.com/links/424324488c18c2fe", "tcgplayer": "https://mtgjson.com/links/b40588a42274297a"}, "rarity": "rare", "rulings": [], "setCode": "F08", "subtypes": [], "supertypes": [], "text": "Return target creature card from your graveyard to the battlefield.", "type": "Sorcery", "types": ["Sorcery"], "uuid": "b096adfe-05d5-53c1-aa49-4261d68d8deb", "watermark": "fnm"}, {"artist": "Matt Stewart", "availability": ["paper"], "borderColor": "black", "colorIdentity": ["G"], "colors": ["G"], "convertedManaCost": 2.0, "edhrecRank": 2824, "finishes": ["foil"], "flavorText": "Root systems in Mwonvuli twist through currents of mana rather than soil.", "foreignData": [], "frameVersion": "2003", "hasFoil": true, "hasNonFoil": false, "identifiers": {"cardKingdomFoilId": "185165", "cardsphereId": "17499", "mcmId": "19457", "mtgjsonV4Id": "7d555660-7c73-5087-a308-53b01a7e657c", "scryfallId": "000619be-f2b4-407d-a76c-7245d8cab7bd", "scryfallIllustrationId": "6d297367-b6e1-4b4f-a157-d7bb7d94a205", "scryfallOracleId": "3a21a6ae-b2f2-4f0c-acfd-5f3e8d63fd2f", "tcgplayerProductId": "38172"}, "isPromo": true, "isReprint": true, "isStarter": true, "keywords": ["Defender"], "language": "English", "layout": "normal", "legalities": {"commander": "Legal", "duel": "Legal", "legacy": "Legal", "modern": "Legal", "pauper": "Legal", "paupercommander": "Legal", "premodern": "Legal", "vintage": "Legal"}, "manaCost": "{1}{G}", "manaValue": 2.0, "name": "Wall of Roots", "number": "7", "power": "0", "printings": ["ARC", "F08", "IMA", "MIR", "NCC", "P30A", "PRM", "TSB", "WC98"], "promoTypes": ["tourney", "fnm"], "purchaseUrls": {"cardKingdomFoil": "https://mtgjson.com/links/249cc5b49cb73a58", "tcgplayer": "https://mtgjson.com/links/bf7b998a410a658c"}, "rarity": "rare", "rulings": [{"date": "2017-11-17", "text": "If you must sacrifice a creature to pay a casting or activation cost that also includes mana, such as that of Bubbling Cauldron's abilities, you may put a -0/-1 counter on Wall of Roots to make its toughness 0 and then sacrifice it to pay that cost."}], "setCode": "F08", "subtypes": ["Plant", "Wall"], "supertypes": [], "text": "Defender\nPut a -0/-1 counter on Wall of Roots: Add {G}. Activate only once each turn.", "toughness": "5", "type": "Creature — Plant Wall", "types": ["Creature"], "uuid": "00b61fe8-5f5a-5449-b2a9-1af9dc7caee8", "watermark": "fnm"}, {"artist": "Glen Angus", "availability": ["paper"], "borderColor": "black", "colorIdentity": [], "colors": [], "convertedManaCost": 0.0, "edhrecRank": 4900, "finishes": ["foil"], "foreignData": [], "frameVersion": "2003", "hasFoil": true, "hasNonFoil": false, "identifiers": {"cardKingdomFoilId": "126147", "cardsphereId": "17356", "mcmId": "19653", "mtgjsonV4Id": "9c6a979f-3e0f-5066-a326-854fbe8b298d", "scryfallId": "b94cad14-1324-4611-9024-3839d01a82d9", "scryfallIllustrationId": "4eca4559-4f5e-416f-ba00-c6005d85359e", "scryfallOracleId": "195107ad-879d-4b02-a44a-a3ba70fedf88", "tcgplayerProductId": "38087"}, "isPromo": true, "isReprint": true, "isStarter": true, "language": "English", "layout": "normal", "legalities": {"commander": "Legal", "duel": "Legal", "legacy": "Legal", "modern": "Legal", "pauper": "Legal", "paupercommander": "Legal", "vintage": "Legal"}, "manaValue": 0.0, "name": "Desert", "number": "8", "printings": ["AFC", "ARN", "F08", "PLIST", "PRM", "TSB", "V12"], "promoTypes": ["tourney", "fnm"], "purchaseUrls": {"cardKingdomFoil": "https://mtgjson.com/links/b6688e8f528b8eda", "tcgplayer": "https://mtgjson.com/links/79c4a4c173704ee4"}, "rarity": "rare", "rulings": [{"date": "2004-10-04", "text": "The ability can be used on any player's attacking creatures. This includes your own and creatures in an attack you are not involved in (for multiplayer games)."}, {"date": "2017-04-18", "text": "Desert is a land subtype with no special meaning. It doesn't grant the land an intrinsic mana ability. Other cards may care about which lands are Deserts."}], "setCode": "F08", "subtypes": ["Desert"], "supertypes": [], "text": "{T}: Add {C}.\n{T}: Desert deals 1 damage to target attacking creature. Activate only during the end of combat step.", "type": "Land — Desert", "types": ["Land"], "uuid": "1547c7cc-3475-5aef-b891-de868a5b8041", "watermark": "fnm"}, {"artist": "Bud Cook", "availability": ["paper"], "borderColor": "black", "colorIdentity": ["U"], "colors": ["U"], "convertedManaCost": 3.0, "edhrecRank": 1549, "finishes": ["foil"], "flavorText": "Raissa transformed herself into a vessel for the Watchword Codex, allowing the arcane lore to flow through her body.", "foreignData": [], "frameVersion": "2003", "hasFoil": true, "hasNonFoil": false, "identifiers": {"cardKingdomFoilId": "126625", "cardsphereId": "17490", "mcmId": "19655", "mtgjsonV4Id": "a677ddb6-ca88-51f9-8166-b925613e3d61", "scryfallId": "17dddc25-5ce2-4c7f-a4fc-1e6c8f94af0e", "scryfallIllustrationId": "6fd0c54c-4f7e-438c-b43e-028410dcdf01", "scryfallOracleId": "939e6f71-185e-41f2-9d54-72cce06f1dce", "tcgplayerProductId": "38167"}, "isPromo": true, "isReprint": true, "isStarter": true, "language": "English", "layout": "normal", "legalities": {"alchemy": "Legal", "brawl": "Legal", "commander": "Legal", "duel": "Legal", "explorer": "Legal", "future": "Legal", "gladiator": "Legal", "historic": "Legal", "historicbrawl": "Legal", "legacy": "Legal", "modern": "Legal", "penny": "Legal", "pioneer": "Legal", "standard": "Legal", "vintage": "Legal"}, "manaCost": "{2}{U}", "manaValue": 3.0, "name": "Thirst for Knowledge", "number": "9", "printings": ["2XM", "C18", "CMR", "DDF", "F08", "HOP", "JMP", "MMA", "MRD", "NEO", "PRM", "TD2", "WC04"], "promoTypes": ["tourney", "fnm"], "purchaseUrls": {"cardKingdomFoil": "https://mtgjson.com/links/af69ff92b2db6544", "tcgplayer": "https://mtgjson.com/links/dacf212db3d7b18c"}, "rarity": "rare", "rulings": [{"date": "2020-11-10", "text": "You can discard either one artifact card or two cards which may or may not be artifacts. If you really want to, you can discard two artifact cards."}], "setCode": "F08", "subtypes": [], "supertypes": [], "text": "Draw three cards. Then discard two cards unless you discard an artifact card.", "type": "Instant", "types": ["Instant"], "uuid": "d8ff483a-ac89-5241-9f32-ee8dca0d0f75", "watermark": "fnm"}, {"artist": "John Avon", "availability": ["paper"], "borderColor": "black", "colorIdentity": [], "colors": [], "convertedManaCost": 4.0, "edhrecRank": 9235, "finishes": ["foil"], "foreignData": [], "frameVersion": "2003", "hasFoil": true, "hasNonFoil": false, "identifiers": {"cardKingdomFoilId": "125676", "cardsphereId": "17464", "mcmId": "19964", "mtgjsonV4Id": "fbefb074-68df-59ab-a18d-da0099b495c7", "scryfallId": "df09746c-25fa-46d4-98ae-f264dbabfdb1", "scryfallIllustrationId": "104715a7-18f5-4d3c-acf1-e3af745f126b", "scryfallOracleId": "5fa4607a-6731-4599-80f3-19d6097b4b28", "tcgplayerProductId": "38152"}, "isPromo": true, "isReprint": true, "isStarter": true, "language": "English", "layout": "normal", "legalities": {"commander": "Legal", "duel": "Legal", "legacy": "Legal", "modern": "Legal", "pauper": "Legal", "paupercommander": "Legal", "premodern": "Legal", "vintage": "Legal"}, "manaCost": "{4}", "manaValue": 4.0, "name": "Serrated Arrows", "number": "10", "printings": ["ATH", "DDD", "F08", "GVL", "HML", "MB1", "PRM", "PTC", "TSB", "WC97"], "promoTypes": ["tourney", "fnm"], "purchaseUrls": {"cardKingdomFoil": "https://mtgjson.com/links/18790ab1e8308a1c", "tcgplayer": "https://mtgjson.com/links/a52f3e6b3329be30"}, "rarity": "rare", "rulings": [{"date": "2008-08-01", "text": "The upkeep trigger checks the number of counters at the start of upkeep, and only goes on the stack if there are no arrowhead counters at that time. It will check again on resolution, and will do nothing if you’ve somehow manage to get a new arrowhead counter on the Arrows."}], "setCode": "F08", "subtypes": [], "supertypes": [], "text": "Serrated Arrows enters the battlefield with three arrowhead counters on it.\nAt the beginning of your upkeep, if there are no arrowhead counters on Serrated Arrows, sacrifice it.\n{T}, Remove an arrowhead counter from Serrated Arrows: Put a -1/-1 counter on target creature.", "type": "Artifact", "types": ["Artifact"], "uuid": "a8572ba9-bc16-5828-b2a4-cdca2f44ae5b", "watermark": "fnm"}, {"artist": "Brian Despain", "availability": ["paper"], "borderColor": "black", "colorIdentity": [], "colors": [], "convertedManaCost": 2.0, "edhrecRank": 289, "finishes": ["foil"], "foreignData": [], "frameVersion": "2003", "hasFoil": true, "hasNonFoil": false, "identifiers": {"cardKingdomFoilId": "126219", "cardsphereId": "17408", "mcmId": "19965", "mtgjsonV4Id": "80880fa8-0db9-5b0f-8816-1c6033089616", "scryfallId": "aba8afbf-0403-4d19-8602-d722ca9fa986", "scryfallIllustrationId": "d47a2d4a-ee66-4909-bd3d-dbdac35b5008", "scryfallOracleId": "ddd649f4-dbaf-48ec-8ff7-95581257772d", "tcgplayerProductId": "38112"}, "isPromo": true, "isReprint": true, "isStarter": true, "keywords": ["Imprint"], "language": "English", "layout": "normal", "legalities": {"commander": "Legal", "duel": "Legal", "legacy": "Legal", "modern": "Legal", "vintage": "Legal"}, "manaCost": "{2}", "manaValue": 2.0, "name": "Isochron Scepter", "number": "11", "printings": ["2XM", "DDJ", "EMA", "F08", "MRD", "PLIST", "PRM", "V10"], "promoTypes": ["tourney", "fnm"], "purchaseUrls": {"cardKingdomFoil": "https://mtgjson.com/links/56cf70c1ed90ecc2", "tcgplayer": "https://mtgjson.com/links/46a7b25333a4dba7"}, "rarity": "rare", "rulings": [{"date": "2020-08-07", "text": "If Isochron Scepter leaves the battlefield while the activated ability is on the stack, the ability can still make a copy. On the other hand, if the imprinted card leaves the exile zone while the activated ability is on the stack, the copy can't be made."}, {"date": "2020-08-07", "text": "You cast the copy while the ability is resolving and still on the stack. You can't wait to cast it later in the turn."}, {"date": "2020-08-07", "text": "If you don't want to cast the copy, you can choose not to; the copy ceases to exist the next time state-based actions are checked."}, {"date": "2020-08-07", "text": "If you cast a spell “without paying its mana cost,” you can't choose to cast it for any alternative costs. You can, however, pay additional costs. If the card has any mandatory additional costs, those must be paid to cast the spell."}, {"date": "2020-08-07", "text": "If a spell has {X} in its mana cost, you must choose 0 as the value of X when casting it without paying its mana cost."}], "setCode": "F08", "subtypes": [], "supertypes": [], "text": "Imprint — When Isochron Scepter enters the battlefield, you may exile an instant card with mana value 2 or less from your hand.\n{2}, {T}: You may copy the exiled card. If you do, you may cast the copy without paying its mana cost.", "type": "Artifact", "types": ["Artifact"], "uuid": "622e5fea-15a9-55dc-a4ad-06e5ad512173", "watermark": "fnm"}, {"artist": "Hideaki Takamura", "availability": ["paper"], "borderColor": "black", "colorIdentity": ["R"], "colors": ["R"], "convertedManaCost": 2.0, "edhrecRank": 12616, "finishes": ["foil"], "flavorText": "To the Krark Clan, every artifact has a trigger and a barrel.", "foreignData": [], "frameVersion": "2003", "hasFoil": true, "hasNonFoil": false, "identifiers": {"cardKingdomFoilId": "126252", "cardsphereId": "17467", "mcmId": "19974", "mtgjsonV4Id": "781719b7-e22f-5689-b457-cb7c8031f899", "scryfallId": "f8baa9d1-b45d-4947-9eb6-7f580c83a2c3", "scryfallIllustrationId": "0d1d6c7f-f4de-4665-9abd-aee642e16dd9", "scryfallOracleId": "d3c623f3-c7c9-47c0-8096-6dee3267baff", "tcgplayerProductId": "38154"}, "isPromo": true, "isReprint": true, "isStarter": true, "language": "English", "layout": "normal", "legalities": {"commander": "Legal", "duel": "Legal", "legacy": "Legal", "modern": "Legal", "penny": "Legal", "pioneer": "Legal", "vintage": "Legal"}, "manaCost": "{1}{R}", "manaValue": 2.0, "name": "Shrapnel Blast", "number": "12", "printings": ["DDU", "F08", "M15", "MMA", "MRD", "PRM", "WC04"], "promoTypes": ["tourney", "fnm"], "purchaseUrls": {"cardKingdomFoil": "https://mtgjson.com/links/148d7edd30340b0e", "tcgplayer": "https://mtgjson.com/links/aff41e9a2f9631d0"}, "rarity": "rare", "rulings": [{"date": "2014-07-18", "text": "You must sacrifice exactly one artifact to cast this spell; you can’t cast it without sacrificing an artifact, and you can’t sacrifice additional artifacts."}, {"date": "2014-07-18", "text": "Players can only respond once this spell has been cast and all its costs have been paid. No one can try to destroy the artifact you sacrificed to prevent you from casting this spell."}], "setCode": "F08", "subtypes": [], "supertypes": [], "text": "As an additional cost to cast this spell, sacrifice an artifact.\nShrapnel Blast deals 5 damage to any target.", "type": "Instant", "types": ["Instant"], "uuid": "52b7d87a-10fd-569b-8662-f90140a214c2", "watermark": "fnm"}], "code": "F08", "isFoilOnly": true, "isOnlineOnly": false, "keyruneCode": "PARL", "name": "Friday Night Magic 2008", "releaseDate": "2008-01-01", "tokens": [], "totalSetSize": 12, "translations": {}, "type": "promo"}}