{"meta": {"date": "2022-09-29", "version": "5.2.0+20220929"}, "data": {"baseSetSize": 0, "cards": [], "code": "FJMP", "isFoilOnly": false, "isNonFoilOnly": true, "isOnlineOnly": false, "keyruneCode": "JMP", "name": "Jumpstart Front Cards", "parentCode": "JMP", "releaseDate": "2020-06-18", "tokens": [{"artist": "Joseph Meehan", "availability": ["paper"], "borderColor": "black", "colorIdentity": [], "colors": [], "finishes": ["nonfoil"], "frameVersion": "2015", "hasFoil": false, "hasNonFoil": true, "identifiers": {"mtgjsonV4Id": "877de172-5726-55b6-a0aa-ca7e7a5d59a0", "scryfallId": "2eb7db6d-5e11-433a-82ba-467093c68234", "scryfallIllustrationId": "80670526-6a3d-4090-9699-f2c601f6a898", "scryfallOracleId": "a7d14bba-b704-4214-96d6-2ab77c62de96"}, "language": "English", "layout": "token", "name": "Above the Clouds", "number": "1", "reverseRelated": [], "setCode": "FJMP", "subtypes": [], "supertypes": [], "text": "(Theme color: {U})", "type": "Card", "types": ["Card"], "uuid": "bdf90cc2-62ef-5474-a5fd-ce7c8cb4137e"}, {"artist": "Donato Giancola", "availability": ["paper"], "borderColor": "black", "colorIdentity": [], "colors": [], "finishes": ["nonfoil"], "frameVersion": "2015", "hasFoil": false, "hasNonFoil": true, "identifiers": {"mtgjsonV4Id": "7ca72df1-3204-5032-874e-7387a083dba9", "scryfallId": "6355b4c4-7dc9-4d8a-9223-1c0fee664cdf", "scryfallIllustrationId": "5d8fb0f2-8174-411e-bf47-94479fcee905", "scryfallOracleId": "18f9574a-cfd3-4088-a46e-f2f434d36bf8"}, "language": "English", "layout": "token", "name": "Angels", "number": "2", "reverseRelated": [], "securityStamp": "oval", "setCode": "FJMP", "subtypes": [], "supertypes": [], "text": "(Theme color: {W})", "type": "Card", "types": ["Card"], "uuid": "7f565211-0bda-5a2d-9639-f041ef31f7f4"}, {"artist": "Cristi Balanescu", "availability": ["paper"], "borderColor": "black", "colorIdentity": [], "colors": [], "finishes": ["nonfoil"], "frameVersion": "2015", "hasFoil": false, "hasNonFoil": true, "identifiers": {"mtgjsonV4Id": "f69c2271-33a7-534f-8dfb-f6106b738dba", "scryfallId": "6c0966d2-3be6-499f-9c35-b7201f450e9b", "scryfallIllustrationId": "cd087726-b5c5-499b-9fe9-be60de88b78b", "scryfallOracleId": "370e92a6-8695-4348-a7a3-a58c1a7f4641"}, "language": "English", "layout": "token", "name": "Archaeology", "number": "3", "reverseRelated": [], "setCode": "FJMP", "subtypes": [], "supertypes": [], "text": "(Theme color: {U})", "type": "Card", "types": ["Card"], "uuid": "03fef305-e0b4-5e0e-87af-bfee156ee5fd"}, {"artist": "Kieran Yanner", "availability": ["paper"], "borderColor": "black", "colorIdentity": [], "colors": [], "finishes": ["nonfoil"], "frameVersion": "2015", "hasFoil": false, "hasNonFoil": true, "identifiers": {"mtgjsonV4Id": "4432e06e-2d14-5bd0-bf45-96fe71f7f1ca", "scryfallId": "0867e879-cbee-4ee1-be8c-b7ff1bcfa6d0", "scryfallIllustrationId": "cae9c9bb-a86b-4521-a37a-2b0f8e65521f", "scryfallOracleId": "10167322-8ea9-4c58-a752-d64abc4a0bbd"}, "language": "English", "layout": "token", "name": "Basri", "number": "4", "reverseRelated": [], "securityStamp": "oval", "setCode": "FJMP", "subtypes": [], "supertypes": [], "text": "(Theme color: {W})", "type": "Card", "types": ["Card"], "uuid": "44efd2e7-46ff-5534-9963-571d04acfa85"}, {"artist": "Dan Scott", "availability": ["paper"], "borderColor": "black", "colorIdentity": [], "colors": [], "finishes": ["nonfoil"], "frameVersion": "2015", "hasFoil": false, "hasNonFoil": true, "identifiers": {"mtgjsonV4Id": "87a4b8e4-d3f6-53f3-8744-57184bbba537", "scryfallId": "ef524ce0-b418-458c-b56e-0fbea3aa1142", "scryfallIllustrationId": "14a79592-9436-4d8e-bf32-84b3da9f7c33", "scryfallOracleId": "5b9f7295-47b8-4b51-8be8-5f23022ecdac", "tcgplayerProductId": "218162"}, "language": "English", "layout": "token", "name": "Cats", "number": "5", "reverseRelated": [], "securityStamp": "oval", "setCode": "FJMP", "subtypes": [], "supertypes": [], "text": "(Theme color: {G})", "type": "Card", "types": ["Card"], "uuid": "d161006a-75af-521f-86b7-773d6795c258"}, {"artist": "Jason Rainville", "availability": ["paper"], "borderColor": "black", "colorIdentity": [], "colors": [], "finishes": ["nonfoil"], "frameVersion": "2015", "hasFoil": false, "hasNonFoil": true, "identifiers": {"mtgjsonV4Id": "a72645c0-0325-5ded-b09d-7de4c9a487e1", "scryfallId": "b6865498-9464-4d01-a293-6220d9bb1c9a", "scryfallIllustrationId": "6dec9e83-aa24-4ffe-a76c-340fca41e265", "scryfallOracleId": "9336f33e-92aa-4cbd-aae0-971c3ed65873"}, "language": "English", "layout": "token", "name": "Chandra", "number": "6", "reverseRelated": [], "securityStamp": "oval", "setCode": "FJMP", "subtypes": [], "supertypes": [], "text": "(Theme color: {R})", "type": "Card", "types": ["Card"], "uuid": "f9a7141c-b563-5a07-989f-81e2cee4d9ed"}, {"artist": "Nicholas Gregory", "availability": ["paper"], "borderColor": "black", "colorIdentity": [], "colors": [], "finishes": ["nonfoil"], "frameVersion": "2015", "hasFoil": false, "hasNonFoil": true, "identifiers": {"mtgjsonV4Id": "403deb49-e6c5-58b2-8d09-e7100a2cc357", "scryfallId": "c0e3f41c-0606-4f49-b0bf-a2fb701c9bb1", "scryfallIllustrationId": "07982fc1-503a-4112-abbc-e5d98e653866", "scryfallOracleId": "f51d4542-2498-4749-84ef-1aff225ae0d9"}, "language": "English", "layout": "token", "name": "Devilish", "number": "7", "reverseRelated": [], "setCode": "FJMP", "subtypes": [], "supertypes": [], "text": "(Theme color: {R})", "type": "Card", "types": ["Card"], "uuid": "c2a26bb5-bb3d-549b-8dcb-a1bb631bd3fa"}, {"artist": "Jesper Ejsing", "availability": ["paper"], "borderColor": "black", "colorIdentity": [], "colors": [], "finishes": ["nonfoil"], "frameVersion": "2015", "hasFoil": false, "hasNonFoil": true, "identifiers": {"mtgjsonV4Id": "376e4ff2-8b1c-5d78-9d8e-cfcf8e0484e9", "scryfallId": "5474b689-e0f0-452b-a9d0-c1a554245f4f", "scryfallIllustrationId": "45a932aa-9be8-4895-a52d-5b9af1ab0dbc", "scryfallOracleId": "4f629a7f-3488-4262-8789-b945acdeaec4"}, "language": "English", "layout": "token", "name": "Dinosaurs", "number": "8", "reverseRelated": [], "setCode": "FJMP", "subtypes": [], "supertypes": [], "text": "(Theme color: {G})", "type": "Card", "types": ["Card"], "uuid": "a299196b-5cfc-5258-8b84-4ee1605f3850"}, {"artist": "Dimitar Marinski", "availability": ["paper"], "borderColor": "black", "colorIdentity": [], "colors": [], "finishes": ["nonfoil"], "frameVersion": "2015", "hasFoil": false, "hasNonFoil": true, "identifiers": {"mtgjsonV4Id": "36985438-9419-5725-b0aa-1e43bbafb364", "scryfallId": "e05a2980-8541-40b1-9504-c28cb4dd2466", "scryfallIllustrationId": "319472ce-643a-4c28-9b5a-46283229b6cf", "scryfallOracleId": "5f9bf94a-8051-4464-947c-efdc50f68235"}, "language": "English", "layout": "token", "name": "Discarding", "number": "9", "reverseRelated": [], "securityStamp": "oval", "setCode": "FJMP", "subtypes": [], "supertypes": [], "text": "(Theme color: {B})", "type": "Card", "types": ["Card"], "uuid": "3a7678f5-66a3-5502-af2d-88c4d4f031e4"}, {"artist": "Matt Stewart", "availability": ["paper"], "borderColor": "black", "colorIdentity": [], "colors": [], "finishes": ["nonfoil"], "frameVersion": "2015", "hasFoil": false, "hasNonFoil": true, "identifiers": {"mtgjsonV4Id": "41c0a42b-1777-5f00-a5f0-cdfbdf920c22", "scryfallId": "bcee10b9-beef-42cf-8042-abc3fb252900", "scryfallIllustrationId": "b15e8d48-4544-4986-b6fb-9dbf29cc95b3", "scryfallOracleId": "de2d0e17-22ef-4d1f-aee0-9f50595a486d", "tcgplayerProductId": "218167"}, "language": "English", "layout": "token", "name": "Doctor", "number": "10", "reverseRelated": [], "setCode": "FJMP", "subtypes": [], "supertypes": [], "text": "(Theme color: {W})", "type": "Card", "types": ["Card"], "uuid": "eb926f9b-c4ef-595a-9ca5-59f95ba99ca9"}, {"artist": "Rudy Siswanto", "availability": ["paper"], "borderColor": "black", "colorIdentity": [], "colors": [], "finishes": ["nonfoil"], "frameVersion": "2015", "hasFoil": false, "hasNonFoil": true, "identifiers": {"mtgjsonV4Id": "d7a6fd3d-fc7a-5a58-bf1b-936fc2305a05", "scryfallId": "a5d3bb88-4c15-4205-a4a1-d7b0b79e7ada", "scryfallIllustrationId": "d1e2e631-e2ff-4a20-b47a-66a0c1019dbe", "scryfallOracleId": "e77e733d-41c9-4225-9b3e-679169dc9f77"}, "language": "English", "layout": "token", "name": "Dogs", "number": "11", "reverseRelated": [], "securityStamp": "oval", "setCode": "FJMP", "subtypes": [], "supertypes": [], "text": "(Theme color: {W})", "type": "Card", "types": ["Card"], "uuid": "3b1463d7-2e5a-59bb-81f3-d10096dc2609"}, {"artist": "Andrey Kuzinskiy", "availability": ["paper"], "borderColor": "black", "colorIdentity": [], "colors": [], "finishes": ["nonfoil"], "frameVersion": "2015", "hasFoil": false, "hasNonFoil": true, "identifiers": {"mtgjsonV4Id": "68e2178a-ab49-5a91-b84b-9f47b1238c54", "scryfallId": "1f0d86f7-e751-4b8e-b828-c879234f29ec", "scryfallIllustrationId": "e5d1fef4-251a-4f20-930c-694b45e05564", "scryfallOracleId": "b6082566-57a2-42f8-b78b-739db7427538"}, "language": "English", "layout": "token", "name": "Dragons", "number": "12", "reverseRelated": [], "securityStamp": "oval", "setCode": "FJMP", "subtypes": [], "supertypes": [], "text": "(Theme color: {R})", "type": "Card", "types": ["Card"], "uuid": "6dc4afdd-6852-5967-88a4-918b30d9de54"}, {"artist": "Volkan Baǵa", "availability": ["paper"], "borderColor": "black", "colorIdentity": [], "colors": [], "finishes": ["nonfoil"], "frameVersion": "2015", "hasFoil": false, "hasNonFoil": true, "identifiers": {"mtgjsonV4Id": "7ad62d9a-7861-5065-a09e-32d5ac2abc35", "scryfallId": "be1d8ebf-efa5-4624-985c-07a85be09258", "scryfallIllustrationId": "e5e93a8f-9dd6-4d25-abba-f4a12b1cc087", "scryfallOracleId": "d60ad13c-07fe-47d5-812e-75e0d32835c3"}, "language": "English", "layout": "token", "name": "Elves", "number": "13", "reverseRelated": [], "securityStamp": "oval", "setCode": "FJMP", "subtypes": [], "supertypes": [], "text": "(Theme color: {G})", "type": "Card", "types": ["Card"], "uuid": "376e51e4-45ab-5f5d-9ac4-538f6950e4e5"}, {"artist": "Martina Pilcerova", "availability": ["paper"], "borderColor": "black", "colorIdentity": [], "colors": [], "finishes": ["nonfoil"], "frameVersion": "2015", "hasFoil": false, "hasNonFoil": true, "identifiers": {"mtgjsonV4Id": "641b559e-616a-5f02-93da-cc6595cb4bbf", "scryfallId": "2a871c86-c203-4456-b911-fb8e215e62bf", "scryfallIllustrationId": "fb7ddd7c-03f3-4616-b5bf-35c7ddc95cea", "scryfallOracleId": "2863282d-fb91-4009-9cb9-2fd1b06dc2d6"}, "language": "English", "layout": "token", "name": "Enchanted", "number": "14", "reverseRelated": [], "securityStamp": "oval", "setCode": "FJMP", "subtypes": [], "supertypes": [], "text": "(Theme color: {W})", "type": "Card", "types": ["Card"], "uuid": "38290abe-3eb0-582f-844d-92f71fa041ba"}, {"artist": "Zezhou Chen", "availability": ["paper"], "borderColor": "black", "colorIdentity": [], "colors": [], "finishes": ["nonfoil"], "frameVersion": "2015", "hasFoil": false, "hasNonFoil": true, "identifiers": {"mtgjsonV4Id": "8de8f87f-7516-5299-9fa2-a633aa713c8a", "scryfallId": "166523b2-31a5-41db-a19d-8ec08e2e0653", "scryfallIllustrationId": "086a69b8-7a89-4a3b-bce2-13f5f7f6f87a", "scryfallOracleId": "0fafbffe-ac7f-422c-95da-d1b64256ed52"}, "language": "English", "layout": "token", "name": "Feathered Friends", "number": "15", "reverseRelated": [], "setCode": "FJMP", "subtypes": [], "supertypes": [], "text": "(Theme color: {W})", "type": "Card", "types": ["Card"], "uuid": "6548aca9-021a-5788-9a3b-7ae4fd2411f2"}, {"artist": "Lie Setiawan", "availability": ["paper"], "borderColor": "black", "colorIdentity": [], "colors": [], "finishes": ["nonfoil"], "frameVersion": "2015", "hasFoil": false, "hasNonFoil": true, "identifiers": {"mtgjsonV4Id": "753f5781-5bf0-5b34-a4d7-dadf946dcd3f", "scryfallId": "16481c20-92a9-4d1c-8441-1601dce78c42", "scryfallIllustrationId": "405ba9bd-49be-4e2e-af80-0323f208d9be", "scryfallOracleId": "ad319c1e-c0ee-4d3c-bb7f-4832ea89ab84", "tcgplayerProductId": "218173"}, "language": "English", "layout": "token", "name": "Garruk", "number": "16", "reverseRelated": [], "securityStamp": "oval", "setCode": "FJMP", "subtypes": [], "supertypes": [], "text": "(Theme color: {G})", "type": "Card", "types": ["Card"], "uuid": "3c63f131-32ad-5223-897f-c5cb48e7ad04"}, {"artist": "Filip Burburan", "availability": ["paper"], "borderColor": "black", "colorIdentity": [], "colors": [], "finishes": ["nonfoil"], "frameVersion": "2015", "hasFoil": false, "hasNonFoil": true, "identifiers": {"mtgjsonV4Id": "4e8ce4a8-e626-5f32-99b8-dc7a9c398607", "scryfallId": "39f791a4-cfcc-4660-bbaa-7445e07783da", "scryfallIllustrationId": "d224133b-4212-4faf-8a24-f4757d21a8f5", "scryfallOracleId": "c3bb5173-a292-4ca9-86c9-1f7021a7e4d4"}, "language": "English", "layout": "token", "name": "Goblins", "number": "17", "reverseRelated": [], "setCode": "FJMP", "subtypes": [], "supertypes": [], "text": "(Theme color: {R})", "type": "Card", "types": ["Card"], "uuid": "be27d8a8-dd92-5678-9c16-6fd87385fdf9"}, {"artist": "Izzy", "availability": ["paper"], "borderColor": "black", "colorIdentity": [], "colors": [], "finishes": ["nonfoil"], "frameVersion": "2015", "hasFoil": false, "hasNonFoil": true, "identifiers": {"mtgjsonV4Id": "09b15dab-939e-5d8a-a2b8-5ba72083d92f", "scryfallId": "c71a8155-8f20-448b-acf2-a536c2554270", "scryfallIllustrationId": "371acff6-e8dc-42d0-aaa4-167120ca3847", "scryfallOracleId": "02ba4a13-9599-4d61-9dce-fd5be5513562"}, "language": "English", "layout": "token", "name": "Heavily Armored", "number": "18", "reverseRelated": [], "setCode": "FJMP", "subtypes": [], "supertypes": [], "text": "(Theme color: {W})", "type": "Card", "types": ["Card"], "uuid": "e3f0defe-9742-5abf-ad6b-01a7fc51747a"}, {"artist": "Jason Chan", "availability": ["paper"], "borderColor": "black", "colorIdentity": [], "colors": [], "finishes": ["nonfoil"], "frameVersion": "2015", "hasFoil": false, "hasNonFoil": true, "identifiers": {"mtgjsonV4Id": "e2d3159d-c38a-55f8-9979-d1b711def990", "scryfallId": "e61cf6e6-410a-4e34-aa40-d5089c5952ed", "scryfallIllustrationId": "56c75822-6fe0-46a3-bcac-3617cbe01aa9", "scryfallOracleId": "50715202-1544-40b5-99c3-e14e4fa74ea6", "tcgplayerProductId": "218176"}, "language": "English", "layout": "token", "name": "Lands", "number": "19", "reverseRelated": [], "securityStamp": "oval", "setCode": "FJMP", "subtypes": [], "supertypes": [], "text": "(Theme color: {G})", "type": "Card", "types": ["Card"], "uuid": "b1b52dd8-d280-5b91-9d98-f5fc2c47aae1"}, {"artist": "Zoltan Boros", "availability": ["paper"], "borderColor": "black", "colorIdentity": [], "colors": [], "finishes": ["nonfoil"], "frameVersion": "2015", "hasFoil": false, "hasNonFoil": true, "identifiers": {"mtgjsonV4Id": "51f7be8e-6317-568a-8f84-10b486eddbd6", "scryfallId": "dfb8fe98-efb6-48e7-bb08-8c8aa6f52c9d", "scryfallIllustrationId": "8b67c8f1-b1e7-4f93-8df5-2f439c69274e", "scryfallOracleId": "15c84d06-430e-4b85-9437-2e2ed88facf8", "tcgplayerProductId": "218177"}, "language": "English", "layout": "token", "name": "Legion", "number": "20", "reverseRelated": [], "setCode": "FJMP", "subtypes": [], "supertypes": [], "text": "(Theme color: {W})", "type": "Card", "types": ["Card"], "uuid": "c0240bf5-9ce6-5996-aecc-544647dd1c34"}, {"artist": "John Stanko", "availability": ["paper"], "borderColor": "black", "colorIdentity": [], "colors": [], "finishes": ["nonfoil"], "frameVersion": "2015", "hasFoil": false, "hasNonFoil": true, "identifiers": {"mtgjsonV4Id": "31f94f5b-a7ed-5a09-ad62-3c15b70b1799", "scryfallId": "a0fd47fd-c615-466e-989f-c6a4fa1cda17", "scryfallIllustrationId": "531bebb6-cb95-43a0-bf01-7e4165670a45", "scryfallOracleId": "2284420f-1773-409f-b330-964a1267b13d"}, "language": "English", "layout": "token", "name": "Lightning", "number": "21", "reverseRelated": [], "securityStamp": "oval", "setCode": "FJMP", "subtypes": [], "supertypes": [], "text": "(Theme color: {R})", "type": "Card", "types": ["Card"], "uuid": "4a6b36f1-3bfb-57e5-92b2-1557703b97dc"}, {"artist": "Kieran Yanner", "availability": ["paper"], "borderColor": "black", "colorIdentity": [], "colors": [], "finishes": ["nonfoil"], "frameVersion": "2015", "hasFoil": false, "hasNonFoil": true, "identifiers": {"mtgjsonV4Id": "539bac44-7555-56be-a131-ef1a9d326b32", "scryfallId": "f394a07c-bb58-4f52-ac2b-344a8f738319", "scryfallIllustrationId": "a5c54c60-0558-4f11-8703-60fafa1f5235", "scryfallOracleId": "a8da2c3b-a18b-4175-aaa8-75883085a18a"}, "language": "English", "layout": "token", "name": "Liliana", "number": "22", "reverseRelated": [], "securityStamp": "oval", "setCode": "FJMP", "subtypes": [], "supertypes": [], "text": "(Theme color: {B})", "type": "Card", "types": ["Card"], "uuid": "45349bdb-ebe0-5464-bae2-23c0c33e043d"}, {"artist": "Sara Winters", "availability": ["paper"], "borderColor": "black", "colorIdentity": [], "colors": [], "finishes": ["nonfoil"], "frameVersion": "2015", "hasFoil": false, "hasNonFoil": true, "identifiers": {"mtgjsonV4Id": "8d71e76b-4d13-5b40-96ac-fc03212c83bf", "scryfallId": "df6b34ca-747b-451c-beb4-3dfef9743933", "scryfallIllustrationId": "861237f0-5595-4ba5-89c8-ea9c93be9af7", "scryfallOracleId": "cdcfeb56-60a8-494a-aacd-2190971c7fc6"}, "language": "English", "layout": "token", "name": "Milling", "number": "23", "reverseRelated": [], "securityStamp": "oval", "setCode": "FJMP", "subtypes": [], "supertypes": [], "text": "(Theme color: {U})", "type": "Card", "types": ["Card"], "uuid": "71bbb0f9-cdfb-5096-8a8e-c6bad5d452e2"}, {"artist": "Dave Kendall", "availability": ["paper"], "borderColor": "black", "colorIdentity": [], "colors": [], "finishes": ["nonfoil"], "frameVersion": "2015", "hasFoil": false, "hasNonFoil": true, "identifiers": {"mtgjsonV4Id": "d622f6b9-64be-51f6-b013-d43e74119b1e", "scryfallId": "1531c478-ae50-4c59-9396-4c0ac059e6f0", "scryfallIllustrationId": "dc0dd46c-2ae4-4078-a3f3-fa9b4774be3f", "scryfallOracleId": "2a97f937-740e-463d-9311-3f4596c6d626"}, "language": "English", "layout": "token", "name": "Minions", "number": "24", "reverseRelated": [], "setCode": "FJMP", "subtypes": [], "supertypes": [], "text": "(Theme color: {B})", "type": "Card", "types": ["Card"], "uuid": "89e0024b-1e66-51dd-b708-3ccd6f03b83e"}, {"artist": "Jason Rainville", "availability": ["paper"], "borderColor": "black", "colorIdentity": [], "colors": [], "finishes": ["nonfoil"], "frameVersion": "2015", "hasFoil": false, "hasNonFoil": true, "identifiers": {"mtgjsonV4Id": "1e421d48-4e2c-5aa5-b521-a290433d3691", "scryfallId": "3b2273cc-feeb-42ee-8d4f-eae2c670fcf0", "scryfallIllustrationId": "a2bad889-415d-40ca-98fd-8455379ea621", "scryfallOracleId": "249938dc-cdb2-4a45-a9bf-f60215717e1b"}, "language": "English", "layout": "token", "name": "Minotaurs", "number": "25", "reverseRelated": [], "securityStamp": "oval", "setCode": "FJMP", "subtypes": [], "supertypes": [], "text": "(Theme color: {R})", "type": "Card", "types": ["Card"], "uuid": "68574be7-e984-516e-99b5-7239d511ee9b"}, {"artist": "Stephan Martiniere", "availability": ["paper"], "borderColor": "black", "colorIdentity": [], "colors": [], "finishes": ["nonfoil"], "frameVersion": "2015", "hasFoil": false, "hasNonFoil": true, "identifiers": {"mtgjsonV4Id": "b5c86126-94a5-5576-845a-37193666e8b9", "scryfallId": "e5226d8b-ec55-4aca-bb9a-0f941d89c8ae", "scryfallIllustrationId": "4f1c5e5c-3739-472f-b93f-a30769bcf113", "scryfallOracleId": "f85a4830-260a-4223-88a8-6c1b1d53a84a", "tcgplayerProductId": "218188"}, "language": "English", "layout": "token", "name": "Phyrexian", "number": "26", "reverseRelated": [], "securityStamp": "oval", "setCode": "FJMP", "subtypes": [], "supertypes": [], "text": "(Theme color: {B})", "type": "Card", "types": ["Card"], "uuid": "3d5043bd-dae3-505d-bba6-a9a4665c0e05"}, {"artist": "Greg Opalinski", "availability": ["paper"], "borderColor": "black", "colorIdentity": [], "colors": [], "finishes": ["nonfoil"], "frameVersion": "2015", "hasFoil": false, "hasNonFoil": true, "identifiers": {"mtgjsonV4Id": "da9e4f37-22af-5f0a-9f44-f5fb7fe99edf", "scryfallId": "86e37d8b-916c-49bd-9af6-99f75889d8e3", "scryfallIllustrationId": "d7bb9a74-9d08-4d5a-b93f-0dfd2d22d013", "scryfallOracleId": "16e2109f-3d6e-4b42-b37c-f5b4ff70321d"}, "language": "English", "layout": "token", "name": "Pirates", "number": "27", "reverseRelated": [], "securityStamp": "oval", "setCode": "FJMP", "subtypes": [], "supertypes": [], "text": "(Theme color: {U})", "type": "Card", "types": ["Card"], "uuid": "e842e4e1-cf74-5a96-b4b5-2caa46a803fe"}, {"artist": "Bryan Sola", "availability": ["paper"], "borderColor": "black", "colorIdentity": [], "colors": [], "finishes": ["nonfoil"], "frameVersion": "2015", "hasFoil": false, "hasNonFoil": true, "identifiers": {"mtgjsonV4Id": "93d280db-c15d-5ccc-b8bb-7ea6373e3a4e", "scryfallId": "ee80a74b-8a84-4895-b89b-8b9fb5086029", "scryfallIllustrationId": "b58a7f84-8377-4d01-9a05-039772b92d3e", "scryfallOracleId": "50b404ee-700e-44ef-a536-de6cfab7350b"}, "language": "English", "layout": "token", "name": "Plus One", "number": "28", "reverseRelated": [], "setCode": "FJMP", "subtypes": [], "supertypes": [], "text": "(Theme color: {G})", "type": "Card", "types": ["Card"], "uuid": "4458a23b-68df-506d-84fb-5db24a7df2de"}, {"artist": "Wayne Reynolds", "availability": ["paper"], "borderColor": "black", "colorIdentity": [], "colors": [], "finishes": ["nonfoil"], "frameVersion": "2015", "hasFoil": false, "hasNonFoil": true, "identifiers": {"mtgjsonV4Id": "da1a42af-ecba-5979-8932-7caa7fe843ae", "scryfallId": "981d2d34-107a-47ec-9a21-88e00de4d3d5", "scryfallIllustrationId": "9f6fcca4-dd52-426f-8056-3db10bf9389a", "scryfallOracleId": "df1e25fa-e869-4795-96cc-0886e3a6425b", "tcgplayerProductId": "215967"}, "language": "English", "layout": "token", "name": "Predatory", "number": "29", "reverseRelated": [], "setCode": "FJMP", "subtypes": [], "supertypes": [], "text": "(Theme color: {G})", "type": "Card", "types": ["Card"], "uuid": "b15f2ea7-6921-5130-95a3-eaaecfabeba5"}, {"artist": "Andreas Rocha", "availability": ["paper"], "borderColor": "black", "colorIdentity": [], "colors": [], "finishes": ["nonfoil"], "frameVersion": "2015", "hasFoil": false, "hasNonFoil": true, "identifiers": {"mtgjsonV4Id": "bca48375-a6ad-587e-a89a-6f6d2a4cf8f7", "scryfallId": "70f3fcff-a81b-4fe8-9994-fce43aaa2e0b", "scryfallIllustrationId": "903a164a-7080-4c28-bf82-fb7ad22a334c", "scryfallOracleId": "ac447fad-a5dd-4562-94db-712442d465d0"}, "language": "English", "layout": "token", "name": "Rainbow", "number": "30", "reverseRelated": [], "securityStamp": "oval", "setCode": "FJMP", "subtypes": [], "supertypes": [], "text": "(Theme colors: {W}{U}{B}{R}{G})", "type": "Card", "types": ["Card"], "uuid": "a3656e06-6675-5585-91fa-24f810ae6c78"}, {"artist": "Tianhua X", "availability": ["paper"], "borderColor": "black", "colorIdentity": [], "colors": [], "finishes": ["nonfoil"], "frameVersion": "2015", "hasFoil": false, "hasNonFoil": true, "identifiers": {"mtgjsonV4Id": "444d961e-60dd-5848-85a1-2937df5e9365", "scryfallId": "150bfd7c-fdae-468c-836b-8f63cc0aab08", "scryfallIllustrationId": "8bcb2452-2b3d-4cfe-9e67-0f536d1c427a", "scryfallOracleId": "795cac03-20de-422b-b269-587b4517b274"}, "language": "English", "layout": "token", "name": "Reanimated", "number": "31", "reverseRelated": [], "setCode": "FJMP", "subtypes": [], "supertypes": [], "text": "(Theme color: {B})", "type": "Card", "types": ["Card"], "uuid": "10c57a4b-b35b-5a75-b049-77bd559aabba"}, {"artist": "Bryan Sola", "availability": ["paper"], "borderColor": "black", "colorIdentity": [], "colors": [], "finishes": ["nonfoil"], "frameVersion": "2015", "hasFoil": false, "hasNonFoil": true, "identifiers": {"mtgjsonV4Id": "11504df0-5c83-5590-80a5-eee906d1a070", "scryfallId": "e11080b5-ec02-4b72-8e65-a0542852f281", "scryfallIllustrationId": "b93714eb-9467-4120-a079-17d5c6541cf1", "scryfallOracleId": "75d3d00a-1b65-458a-86ad-8a8883216c3e"}, "language": "English", "layout": "token", "name": "Rogues", "number": "32", "reverseRelated": [], "securityStamp": "oval", "setCode": "FJMP", "subtypes": [], "supertypes": [], "text": "(Theme color: {B})", "type": "Card", "types": ["Card"], "uuid": "59c95ec6-fb0c-5210-927f-0f3ab75021da"}, {"artist": "Clint Cearley", "availability": ["paper"], "borderColor": "black", "colorIdentity": [], "colors": [], "finishes": ["nonfoil"], "frameVersion": "2015", "hasFoil": false, "hasNonFoil": true, "identifiers": {"mtgjsonV4Id": "d8b0f7d6-5fe6-5701-b367-e3b058a2b9f1", "scryfallId": "32da965c-6499-41e4-b16d-754e89cc8aa7", "scryfallIllustrationId": "ca58a328-5ef0-46a0-9312-3ec177189417", "scryfallOracleId": "efd899ba-d3ee-456d-bc8e-7dcabbe13773", "tcgplayerProductId": "218194"}, "language": "English", "layout": "token", "name": "Seismic", "number": "33", "reverseRelated": [], "securityStamp": "oval", "setCode": "FJMP", "subtypes": [], "supertypes": [], "text": "(Theme color: {R})", "type": "Card", "types": ["Card"], "uuid": "a9dffa3e-5712-57eb-86f1-663e04e73219"}, {"artist": "Scott M. Fischer", "availability": ["paper"], "borderColor": "black", "colorIdentity": [], "colors": [], "finishes": ["nonfoil"], "frameVersion": "2015", "hasFoil": false, "hasNonFoil": true, "identifiers": {"mtgjsonV4Id": "68a6d569-5869-54dc-85f8-9057f0d7b56d", "scryfallId": "4321f9e4-bddb-4d4f-b82d-fe1150b425e3", "scryfallIllustrationId": "8d5ef96f-f664-4d87-9b08-dc44cc359e3b", "scryfallOracleId": "21a5f96b-f080-4414-a60f-e6a83f8b0482"}, "language": "English", "layout": "token", "name": "Smashing", "number": "34", "reverseRelated": [], "setCode": "FJMP", "subtypes": [], "supertypes": [], "text": "(Theme color: {R})", "type": "Card", "types": ["Card"], "uuid": "b2d97376-19b0-5073-9aa5-14e89e73e41f"}, {"artist": "Colin Boyer", "availability": ["paper"], "borderColor": "black", "colorIdentity": [], "colors": [], "finishes": ["nonfoil"], "frameVersion": "2015", "hasFoil": false, "hasNonFoil": true, "identifiers": {"mtgjsonV4Id": "9c259d63-2401-5ce4-a503-9375fed1a1f1", "scryfallId": "e1beb6c6-aa58-4c48-a3ab-df8b7fa98357", "scryfallIllustrationId": "c0d15444-d209-4012-9d82-1a2d6731ab84", "scryfallOracleId": "763244e6-d783-4c86-9046-817f55414c38", "tcgplayerProductId": "218196"}, "language": "English", "layout": "token", "name": "Spellcasting", "number": "35", "reverseRelated": [], "setCode": "FJMP", "subtypes": [], "supertypes": [], "text": "(Theme color: {R})", "type": "Card", "types": ["Card"], "uuid": "7f14491e-d208-52ac-aa36-ade30024630a"}, {"artist": "Igor Kieryluk", "availability": ["paper"], "borderColor": "black", "colorIdentity": [], "colors": [], "finishes": ["nonfoil"], "frameVersion": "2015", "hasFoil": false, "hasNonFoil": true, "identifiers": {"mtgjsonV4Id": "a6322f08-ab7f-5590-8626-714dad6ba708", "scryfallId": "3c449d13-95d8-49b2-af7c-30a0a2aeaed3", "scryfallIllustrationId": "7055e9cd-0ac5-4755-850b-8dea4ec07aec", "scryfallOracleId": "b640b672-f423-49b8-b342-34a2358cdfb0", "tcgplayerProductId": "218197"}, "language": "English", "layout": "token", "name": "Spirits", "number": "36", "reverseRelated": [], "securityStamp": "oval", "setCode": "FJMP", "subtypes": [], "supertypes": [], "text": "(Theme color: {U})", "type": "Card", "types": ["Card"], "uuid": "7a681af0-b795-5960-a14a-c9e3cf464ab1"}, {"artist": "Svetlin Velinov", "availability": ["paper"], "borderColor": "black", "colorIdentity": [], "colors": [], "finishes": ["nonfoil"], "frameVersion": "2015", "hasFoil": false, "hasNonFoil": true, "identifiers": {"mtgjsonV4Id": "41baddc5-53a4-55a3-bce5-112ced36a0c9", "scryfallId": "af16e16e-3d36-4016-8e7d-97c48bc22e2b", "scryfallIllustrationId": "bff21a87-04bd-487c-9b56-a70cdd9b9a50", "scryfallOracleId": "6dc8f425-1ef1-455f-8e06-a513c7c7db11"}, "language": "English", "layout": "token", "name": "Spooky", "number": "37", "reverseRelated": [], "setCode": "FJMP", "subtypes": [], "supertypes": [], "text": "(Theme color: {B})", "type": "Card", "types": ["Card"], "uuid": "2ce54b59-460c-5ea0-9e52-cefda06d94d4"}, {"artist": "Yongjae Choi", "availability": ["paper"], "borderColor": "black", "colorIdentity": [], "colors": [], "finishes": ["nonfoil"], "frameVersion": "2015", "hasFoil": false, "hasNonFoil": true, "identifiers": {"mtgjsonV4Id": "b2b37de0-13b3-5a9c-8033-f1b4e2941e2b", "scryfallId": "cf979a25-629e-4e92-8e52-87f6a078c724", "scryfallIllustrationId": "48c96f58-ea12-4ecf-a17d-ce6d125bb491", "scryfallOracleId": "7ea9ac0d-aa60-4b89-ae3f-15be1c422de2"}, "language": "English", "layout": "token", "name": "Teferi", "number": "38", "reverseRelated": [], "securityStamp": "oval", "setCode": "FJMP", "subtypes": [], "supertypes": [], "text": "(Theme color: {U})", "type": "Card", "types": ["Card"], "uuid": "c42b0b40-4c86-5124-a7cb-8e57933ec74a"}, {"artist": "Raoul Vitale", "availability": ["paper"], "borderColor": "black", "colorIdentity": [], "colors": [], "finishes": ["nonfoil"], "frameVersion": "2015", "hasFoil": false, "hasNonFoil": true, "identifiers": {"mtgjsonV4Id": "6d034f55-6377-5983-a21c-4b04601f20ab", "scryfallId": "4570eb3b-c91b-41f2-b72c-65b41787f0a6", "scryfallIllustrationId": "1f75e68a-9a54-4a3f-b2d2-3225a8bb9e6c", "scryfallOracleId": "42003e9d-e98a-42ba-9369-f30d5ffeb9ef"}, "language": "English", "layout": "token", "name": "Tree-Hugging", "number": "39", "reverseRelated": [], "setCode": "FJMP", "subtypes": [], "supertypes": [], "text": "(Theme color: {G})", "type": "Card", "types": ["Card"], "uuid": "f26a57b3-3a28-5769-b3fe-83b7ed8072d2"}, {"artist": "Grzegorz Rutkowski", "availability": ["paper"], "borderColor": "black", "colorIdentity": [], "colors": [], "finishes": ["nonfoil"], "frameVersion": "2015", "hasFoil": false, "hasNonFoil": true, "identifiers": {"mtgjsonV4Id": "ea077fde-4cee-5fa1-afc0-9da84c0a6f98", "scryfallId": "e9aa78fd-d16a-4238-828e-c2a2e5b4be9d", "scryfallIllustrationId": "c68db46a-9b0e-4afe-9afb-246b3f5e9f3f", "scryfallOracleId": "6c0bf39d-64a4-4c8b-a2ff-56aaaea7067d"}, "language": "English", "layout": "token", "name": "Under the Sea", "number": "40", "reverseRelated": [], "securityStamp": "oval", "setCode": "FJMP", "subtypes": [], "supertypes": [], "text": "(Theme color: {U})", "type": "Card", "types": ["Card"], "uuid": "120d1a7d-097e-5cd9-9a00-894bc48425e7"}, {"artist": "Even Amundsen", "availability": ["paper"], "borderColor": "black", "colorIdentity": [], "colors": [], "finishes": ["nonfoil"], "frameVersion": "2015", "hasFoil": false, "hasNonFoil": true, "identifiers": {"mtgjsonV4Id": "85fbb905-357a-5bd3-b568-3acd99d54eb3", "scryfallId": "5bf33e8e-04cd-4ffd-83c3-8e41cef4fd40", "scryfallIllustrationId": "47c88e88-8102-43d1-b86f-afcb56484dfb", "scryfallOracleId": "50c61be2-f6f1-4894-bfed-7d9311e83941", "tcgplayerProductId": "218217"}, "language": "English", "layout": "token", "name": "Unicorns", "number": "41", "reverseRelated": [], "securityStamp": "oval", "setCode": "FJMP", "subtypes": [], "supertypes": [], "text": "(Theme color: {W})", "type": "Card", "types": ["Card"], "uuid": "d2c1a4f7-8991-52b1-acc6-a805386c0560"}, {"artist": "Anna Steinbauer", "availability": ["paper"], "borderColor": "black", "colorIdentity": [], "colors": [], "finishes": ["nonfoil"], "frameVersion": "2015", "hasFoil": false, "hasNonFoil": true, "identifiers": {"mtgjsonV4Id": "442f9ad5-bb91-51db-984c-969b6aa0979c", "scryfallId": "e7e01b54-ed83-4a3c-9d34-80322b3ba193", "scryfallIllustrationId": "f070d1f2-828e-4fe5-8459-eeccf955350a", "scryfallOracleId": "31ad3382-c67e-4b9d-a4ee-416c0d2b0282"}, "language": "English", "layout": "token", "name": "Vampires", "number": "42", "reverseRelated": [], "setCode": "FJMP", "subtypes": [], "supertypes": [], "text": "(Theme color: {B})", "type": "Card", "types": ["Card"], "uuid": "a694b028-c72e-5e68-9b1c-33f272d81e49"}, {"artist": "Anthony Jones", "availability": ["paper"], "borderColor": "black", "colorIdentity": [], "colors": [], "finishes": ["nonfoil"], "frameVersion": "2015", "hasFoil": false, "hasNonFoil": true, "identifiers": {"mtgjsonV4Id": "dc40125f-e68d-5f8f-b00c-9097a2c89bc4", "scryfallId": "cef6812d-5f8d-40c8-8935-e5f01a808301", "scryfallIllustrationId": "afdd6024-97da-4b61-a709-60a66b21e1f3", "scryfallOracleId": "fab9d455-fd1d-4b09-9e16-8c1037a4bd71", "tcgplayerProductId": "218219"}, "language": "English", "layout": "token", "name": "Walls", "number": "43", "reverseRelated": [], "securityStamp": "oval", "setCode": "FJMP", "subtypes": [], "supertypes": [], "text": "(Theme color: {G})", "type": "Card", "types": ["Card"], "uuid": "e2f0c21a-3dda-52f8-a80a-4d27cab00001"}, {"artist": "Mila Pesic", "availability": ["paper"], "borderColor": "black", "colorIdentity": [], "colors": [], "finishes": ["nonfoil"], "frameVersion": "2015", "hasFoil": false, "hasNonFoil": true, "identifiers": {"mtgjsonV4Id": "10873d6f-269e-5874-a4d0-e8f376328825", "scryfallId": "45f1e279-9306-45ac-8198-2da6672f452b", "scryfallIllustrationId": "dca070b4-6de6-4e51-86cf-32dd1013f1de", "scryfallOracleId": "3203308c-075c-47ba-98b2-4165e28bbb5b", "tcgplayerProductId": "218221"}, "language": "English", "layout": "token", "name": "Well-Read", "number": "44", "reverseRelated": [], "setCode": "FJMP", "subtypes": [], "supertypes": [], "text": "(Theme color: {U})", "type": "Card", "types": ["Card"], "uuid": "395958d7-2f53-5083-bb42-3ea18fedac99"}, {"artist": "Mila Pesic", "availability": ["paper"], "borderColor": "black", "colorIdentity": [], "colors": [], "finishes": ["nonfoil"], "frameVersion": "2015", "hasFoil": false, "hasNonFoil": true, "identifiers": {"mtgjsonV4Id": "5648af8c-420e-59f9-8c45-d36470cab4a5", "scryfallId": "fcef82fa-6288-44a9-b6b6-bc9389c018bc", "scryfallIllustrationId": "360ca935-e21d-4c5b-ab32-94f41d4e74df", "scryfallOracleId": "cb6b38a0-a579-46b0-83f9-6bb9338ce961"}, "language": "English", "layout": "token", "name": "Witchcraft", "number": "45", "reverseRelated": [], "securityStamp": "oval", "setCode": "FJMP", "subtypes": [], "supertypes": [], "text": "(Theme color: {B})", "type": "Card", "types": ["Card"], "uuid": "5b0ba61f-163f-51dc-a6a1-16e5022e3346"}, {"artist": "Grzegorz Rutkowski", "availability": ["paper"], "borderColor": "black", "colorIdentity": [], "colors": [], "finishes": ["nonfoil"], "frameVersion": "2015", "hasFoil": false, "hasNonFoil": true, "identifiers": {"mtgjsonV4Id": "909b6060-88c2-539e-a9f5-fe849d010feb", "scryfallId": "169fe84f-335f-431b-b905-529ca77c6ba1", "scryfallIllustrationId": "71015753-6d1b-462e-bc84-8bcf029a0232", "scryfallOracleId": "b8156d00-2e67-4363-ad1c-0e2fb16d14fc"}, "language": "English", "layout": "token", "name": "Wizards", "number": "46", "reverseRelated": [], "setCode": "FJMP", "subtypes": [], "supertypes": [], "text": "(Theme color: {U})", "type": "Card", "types": ["Card"], "uuid": "a139a35c-3f49-518f-8f09-c1342b08f0d6"}], "totalSetSize": 0, "translations": {}, "type": "memorabilia"}}