{"meta": {"date": "2022-09-29", "version": "5.2.0+20220929"}, "data": {"baseSetSize": 40, "cards": [{"artist": "林玄泰", "availability": ["paper"], "borderColor": "black", "colorIdentity": ["U"], "colors": ["U"], "convertedManaCost": 6.0, "duelDeck": "a", "edhrecRank": 9666, "finishes": ["foil"], "foreignData": [{"language": "Chinese Simplified", "multiverseId": 447089, "name": "沐燕灵", "text": "+2：目标生物本回合不能被阻挡。\n−3：抓两张牌。\n−10：横置所有由对手操控的生物。你于本回合后进行额外的一个回合。", "type": "传奇鹏洛客 ～燕灵"}], "frameVersion": "2015", "hasFoil": true, "hasNonFoil": false, "identifiers": {"cardKingdomFoilId": "219110", "cardsphereId": "55697", "mcmId": "358245", "mcmMetaId": "262645", "mtgjsonV4Id": "2be8180f-c31d-591b-af18-15c085ffe455", "multiverseId": "447049", "scryfallId": "a2ee3c3c-768b-434b-a121-6d897b2ae345", "scryfallIllustrationId": "106912e9-1d84-4ad8-81c9-b2a496be8ca9", "scryfallOracleId": "34e1477a-c0fb-4364-bb93-04a85c0c2517", "tcgplayerProductId": "167153"}, "isStarter": true, "language": "English", "layout": "normal", "leadershipSkills": {"brawl": false, "commander": false, "oathbreaker": true}, "legalities": {"commander": "Legal", "duel": "Legal", "legacy": "Legal", "vintage": "Legal"}, "loyalty": "5", "manaCost": "{4}{U}{U}", "manaValue": 6.0, "name": "Mu Yanling", "number": "1", "originalText": "+2: Target creature can't be blocked this turn.\n−3: Draw two cards.\n−10: Tap all creatures your opponents control. You take an extra turn after this one.", "originalType": "Legendary Planeswalker — Yanling", "printings": ["GS1", "PZ2"], "purchaseUrls": {"cardKingdomFoil": "https://mtgjson.com/links/a0097fef02509740", "cardmarket": "https://mtgjson.com/links/3f23365d780db22f", "tcgplayer": "https://mtgjson.com/links/8d10c5481b450d1f"}, "rarity": "mythic", "rulings": [], "securityStamp": "oval", "setCode": "GS1", "subtypes": ["Yanling"], "supertypes": ["Legendary"], "text": "[+2]: Target creature can't be blocked this turn.\n[−3]: Draw two cards.\n[−10]: Tap all creatures your opponents control. You take an extra turn after this one.", "type": "Legendary Planeswalker — Yanling", "types": ["Planeswalker"], "uuid": "e5951fd8-3cf6-55f7-8d8a-e24e94cc3acc"}, {"artist": "Kee Lo", "availability": ["paper"], "borderColor": "black", "colorIdentity": ["W"], "colors": ["W"], "convertedManaCost": 2.0, "duelDeck": "a", "edhrecRank": 20226, "finishes": ["nonfoil"], "flavorText": "These nimble sparrows, not often seen, delight in tricking the pangolins that wander the forest.", "foreignData": [{"flavorText": "这灵巧小雀寻常难见，只因它们正忙于戏耍林间蹒跚的鲮鲤，并且乐此不疲。", "language": "Chinese Simplified", "multiverseId": 447090, "name": "肥遗彩雀", "text": "飞行（此生物只能被具飞行或延势异能的生物阻挡。）", "type": "生物 ～鸟"}], "frameVersion": "2015", "hasFoil": false, "hasNonFoil": true, "identifiers": {"cardKingdomId": "219600", "cardsphereId": "55677", "mcmId": "359438", "mcmMetaId": "263039", "mtgjsonV4Id": "868687cc-c29e-5459-b4fb-83c0929e8776", "multiverseId": "447050", "scryfallId": "846169fb-8f63-4a0f-af94-e08af8927144", "scryfallIllustrationId": "29c41ae6-0ac8-4df4-bcc9-47298d4cc861", "scryfallOracleId": "82657b8b-de2d-46ab-ab56-e2790e326d95", "tcgplayerProductId": "168312"}, "isStarter": true, "keywords": ["Flying"], "language": "English", "layout": "normal", "legalities": {"commander": "Legal", "duel": "Legal", "legacy": "Legal", "pauper": "Legal", "paupercommander": "Legal", "vintage": "Legal"}, "manaCost": "{1}{W}", "manaValue": 2.0, "name": "Colorful Feiyi Sparrow", "number": "2", "originalText": "Flying (This creature can't be blocked except by creatures with flying or reach.)", "originalType": "Creature — Bird", "power": "1", "printings": ["GS1", "PZ2"], "purchaseUrls": {"cardKingdom": "https://mtgjson.com/links/d1d2ec439eff2a80", "cardmarket": "https://mtgjson.com/links/25d93c7a365c8b72", "tcgplayer": "https://mtgjson.com/links/8ccda3b8db7c6b2d"}, "rarity": "common", "rulings": [], "setCode": "GS1", "subtypes": ["Bird"], "supertypes": [], "text": "Flying (This creature can't be blocked except by creatures with flying or reach.)", "toughness": "3", "type": "Creature — Bird", "types": ["Creature"], "uuid": "c0c12bf5-e962-5c11-b072-96df6cfc0e4d"}, {"artist": "Tan Yan Yao", "availability": ["paper"], "borderColor": "black", "colorIdentity": ["U"], "colors": ["U"], "convertedManaCost": 2.0, "duelDeck": "a", "edhrecRank": 11716, "finishes": ["nonfoil"], "flavorText": "A precious shell without, a delicious taste within.", "foreignData": [{"flavorText": "其壳也珍，其味也美。", "language": "Chinese Simplified", "multiverseId": 447091, "name": "紫晶蟹", "text": "当紫晶蟹死去时，抓一张牌。", "type": "生物 ～蟹"}], "frameVersion": "2015", "hasFoil": false, "hasNonFoil": true, "identifiers": {"cardKingdomId": "219621", "cardsphereId": "55700", "mcmId": "359432", "mcmMetaId": "263033", "mtgjsonV4Id": "e9d8b344-afea-5dc9-842d-381a39683a97", "multiverseId": "447051", "scryfallId": "e26c576d-94c8-4f63-9f54-732fb1eade12", "scryfallIllustrationId": "1f0a6eb3-681e-4329-88da-7b1dc8f789ed", "scryfallOracleId": "df4569d7-ee75-4ba0-bbc3-7766ac686523", "tcgplayerProductId": "168314"}, "isStarter": true, "language": "English", "layout": "normal", "legalities": {"commander": "Legal", "duel": "Legal", "legacy": "Legal", "pauper": "Legal", "paupercommander": "Legal", "vintage": "Legal"}, "manaCost": "{1}{U}", "manaValue": 2.0, "name": "Purple-Crystal Crab", "number": "3", "originalText": "When Purple-Crystal Crab dies, draw a card.", "originalType": "Creature — Crab", "power": "1", "printings": ["GS1", "MB1", "PZ2"], "purchaseUrls": {"cardKingdom": "https://mtgjson.com/links/ea733aac494e0b32", "cardmarket": "https://mtgjson.com/links/1db493f33afb691c", "tcgplayer": "https://mtgjson.com/links/83e40ec446b1c949"}, "rarity": "common", "rulings": [], "setCode": "GS1", "subtypes": ["Crab"], "supertypes": [], "text": "When Purple-Crystal Crab dies, draw a card.", "toughness": "1", "type": "Creature — Crab", "types": ["Creature"], "uuid": "1d80d4c2-c15d-5b2c-88a2-4f3171a28ef7"}, {"artist": "Tingting Yeh", "availability": ["paper"], "borderColor": "black", "colorIdentity": ["U"], "colors": ["U"], "convertedManaCost": 2.0, "duelDeck": "a", "edhrecRank": 21031, "finishes": ["nonfoil"], "flavorText": "The rainbow seen above the Great Lake of Cloud Dream just after the rain is nothing but the vivid-colored flying fishes' ritual dance.", "foreignData": [{"flavorText": "雨后初晴，云梦大泽上那一抹虹不是别的，正是数不清的霓彩飞鱼的祭天舞蹈。", "language": "Chinese Simplified", "multiverseId": 447092, "name": "霓彩飞鱼", "text": "只要霓彩飞鱼正进行攻击，它便具有飞行异能。（它只能被具飞行或延势异能的生物阻挡。）", "type": "生物 ～鱼／蜥蜴"}], "frameVersion": "2015", "hasFoil": false, "hasNonFoil": true, "identifiers": {"cardKingdomId": "219618", "cardsphereId": "55708", "mcmId": "359431", "mcmMetaId": "263032", "mtgjsonV4Id": "ff4b9dcd-f4d3-5a02-9619-2871a085cacc", "multiverseId": "447052", "scryfallId": "c6783b19-4d23-445c-9c4c-bb485a1e4149", "scryfallIllustrationId": "f5b0c629-4830-425e-a9d6-26a11116ff32", "scryfallOracleId": "e8ec9ba4-dc6b-437d-863f-5ec37f4ae9cd", "tcgplayerProductId": "168316"}, "isStarter": true, "language": "English", "layout": "normal", "legalities": {"commander": "Legal", "duel": "Legal", "legacy": "Legal", "pauper": "Legal", "paupercommander": "Legal", "vintage": "Legal"}, "manaCost": "{1}{U}", "manaValue": 2.0, "name": "Vivid Flying Fish", "number": "4", "originalText": "Vivid Flying Fish has flying as long as it's attacking. (It can't be blocked except by creatures with flying or reach.)", "originalType": "Creature — Fish Lizard", "power": "1", "printings": ["GS1", "PZ2"], "purchaseUrls": {"cardKingdom": "https://mtgjson.com/links/5bf6f80879745b80", "cardmarket": "https://mtgjson.com/links/d303948c6526d157", "tcgplayer": "https://mtgjson.com/links/09cb86c0e87bdee2"}, "rarity": "common", "rulings": [], "setCode": "GS1", "subtypes": ["Fish", "Lizard"], "supertypes": [], "text": "Vivid Flying Fish has flying as long as it's attacking. (It can't be blocked except by creatures with flying or reach.)", "toughness": "1", "type": "Creature — Fish Lizard", "types": ["Creature"], "uuid": "7937b277-19e9-5db4-9e18-efac01125578"}, {"artist": "Yutaka Li", "availability": ["paper"], "borderColor": "black", "colorIdentity": ["U"], "colors": ["U"], "convertedManaCost": 2.0, "duelDeck": "a", "edhrecRank": 19599, "finishes": ["nonfoil"], "flavorText": "It stops flying only as its life comes to an end.", "foreignData": [{"flavorText": "终其一生，唯有一次停歇，那便是归宿。", "language": "Chinese Simplified", "multiverseId": 447093, "name": "苍穹飞燕", "text": "飞行（此生物只能被具飞行或延势异能的生物阻挡。）\n苍穹飞燕只能阻挡具飞行异能的生物。", "type": "生物 ～鸟"}], "frameVersion": "2015", "hasFoil": false, "hasNonFoil": true, "identifiers": {"cardKingdomId": "219639", "cardsphereId": "55709", "mcmId": "359430", "mcmMetaId": "10874", "mtgjsonV4Id": "1fd2fc92-0a6b-5ec4-b40a-6523702e4e32", "multiverseId": "447053", "scryfallId": "aa9b56b7-73f1-47fd-834b-37408482cebc", "scryfallIllustrationId": "60c2c5af-aba7-41c8-9234-17ec990f435e", "scryfallOracleId": "010c660a-a67b-48f0-a63a-15470eb89f69", "tcgplayerProductId": "168318"}, "isReprint": true, "isStarter": true, "keywords": ["Flying"], "language": "English", "layout": "normal", "legalities": {"commander": "Legal", "duel": "Legal", "legacy": "Legal", "modern": "Legal", "pauper": "Legal", "paupercommander": "Legal", "penny": "Legal", "pioneer": "Legal", "vintage": "Legal"}, "manaCost": "{1}{U}", "manaValue": 2.0, "name": "Welkin Tern", "number": "5", "originalText": "Flying (This creature can't be blocked except by creatures with flying or reach.)\nWelkin Tern can block only creatures with flying.", "originalType": "Creature — Bird", "power": "2", "printings": ["GS1", "M13", "M15", "MB1", "PZ2", "ZEN"], "purchaseUrls": {"cardKingdom": "https://mtgjson.com/links/ee970bcd591a75a6", "cardmarket": "https://mtgjson.com/links/f0c9c2f06f311eda", "tcgplayer": "https://mtgjson.com/links/aa4abdcfda44001c"}, "rarity": "common", "rulings": [], "setCode": "GS1", "subtypes": ["Bird"], "supertypes": [], "text": "Flying (This creature can't be blocked except by creatures with flying or reach.)\nWelkin Tern can block only creatures with flying.", "toughness": "1", "type": "Creature — Bird", "types": ["Creature"], "uuid": "543e2c27-e483-5519-8dd8-3f2779f75efb"}, {"artist": "Xin-Yu Liu", "availability": ["paper"], "borderColor": "black", "colorIdentity": ["W"], "colors": ["W"], "convertedManaCost": 3.0, "duelDeck": "a", "edhrecRank": 21055, "finishes": ["nonfoil"], "flavorText": "It strides through the universe as though stepping on the stars, crossing freely between the celestial and earthly worlds.", "foreignData": [{"flavorText": "踏星碎云，肆意遨游天界人间。", "language": "Chinese Simplified", "multiverseId": 447094, "name": "寰宇麒麟", "text": "飞行（此生物只能被具飞行或延势异能的生物阻挡。）\n当寰宇麒麟攻击时，另一个目标由你操控的生物获得飞行异能直到回合结束。", "type": "生物 ～麒麟"}], "frameVersion": "2015", "hasFoil": false, "hasNonFoil": true, "identifiers": {"cardKingdomId": "219628", "cardsphereId": "55689", "mcmId": "359437", "mcmMetaId": "263038", "mtgjsonV4Id": "937a3958-2cfa-5be9-a42c-b2bba1e3b581", "multiverseId": "447054", "scryfallId": "f1cb6fba-e314-4270-bbba-fa0584530f72", "scryfallIllustrationId": "73267951-0fa6-47c9-a3a4-dbde1e138469", "scryfallOracleId": "cbe1c80a-db82-460a-b6e9-d0e429628aa1", "tcgplayerProductId": "168319"}, "isStarter": true, "keywords": ["Flying"], "language": "English", "layout": "normal", "legalities": {"commander": "Legal", "duel": "Legal", "legacy": "Legal", "pauper": "Legal", "paupercommander": "Legal", "vintage": "Legal"}, "manaCost": "{2}{W}", "manaValue": 3.0, "name": "Heavenly Qilin", "number": "6", "originalText": "Flying (This creature can't be blocked except by creatures with flying or reach.)\nWhenever Heavenly Qilin attacks, another target creature you control gains flying until end of turn.", "originalType": "Creature — Kirin", "power": "2", "printings": ["GS1", "PZ2"], "purchaseUrls": {"cardKingdom": "https://mtgjson.com/links/bd3e942241254aa7", "cardmarket": "https://mtgjson.com/links/73b5e2150b27feec", "tcgplayer": "https://mtgjson.com/links/6c718a99eca3aa29"}, "rarity": "common", "rulings": [], "setCode": "GS1", "subtypes": ["Kirin"], "supertypes": [], "text": "Flying (This creature can't be blocked except by creatures with flying or reach.)\nWhenever Heavenly Qilin attacks, another target creature you control gains flying until end of turn.", "toughness": "2", "type": "Creature — Kirin", "types": ["Creature"], "uuid": "7781c016-bb14-57d9-8d6f-8955fa419519"}, {"artist": "Tingting Yeh", "availability": ["paper"], "borderColor": "black", "colorIdentity": ["U"], "colors": ["U"], "convertedManaCost": 3.0, "duelDeck": "a", "edhrecRank": 16915, "finishes": ["nonfoil"], "flavorText": "Not all enormous beasts are quick to anger.", "foreignData": [{"flavorText": "并不是所有大块头都有爆脾气。", "language": "Chinese Simplified", "multiverseId": 447095, "name": "覆甲旋龟", "type": "生物 ～龟"}], "frameVersion": "2015", "hasFoil": false, "hasNonFoil": true, "identifiers": {"cardKingdomId": "219631", "cardsphereId": "55672", "mcmId": "359429", "mcmMetaId": "263031", "mtgjsonV4Id": "36a51f9d-10ca-563f-a869-b11f4f4e5b36", "multiverseId": "447055", "scryfallId": "fcc87fdf-6473-4b91-a8b9-2986e57dc071", "scryfallIllustrationId": "3498181f-dca3-45b0-85bf-f8ebb040ca9a", "scryfallOracleId": "51a886f2-9b0a-4964-9d59-99dc1a68a97c", "tcgplayerProductId": "168322"}, "isStarter": true, "language": "English", "layout": "normal", "legalities": {"commander": "Legal", "duel": "Legal", "gladiator": "Legal", "historic": "Legal", "historicbrawl": "Legal", "legacy": "Legal", "pauper": "Legal", "paupercommander": "Legal", "vintage": "Legal"}, "manaCost": "{2}{U}", "manaValue": 3.0, "name": "Armored Whirl Turtle", "number": "7", "originalType": "Creature — Turtle", "power": "0", "printings": ["ANB", "GS1", "PZ2"], "purchaseUrls": {"cardKingdom": "https://mtgjson.com/links/f28bb1ffba0ead99", "cardmarket": "https://mtgjson.com/links/2fe7de62910f3c6d", "tcgplayer": "https://mtgjson.com/links/11be820da512fe43"}, "rarity": "common", "rulings": [], "setCode": "GS1", "subtypes": ["Turtle"], "supertypes": [], "toughness": "5", "type": "Creature — Turtle", "types": ["Creature"], "uuid": "25f0dab4-6069-5ae5-adf1-1ae926291365"}, {"artist": "林玄泰", "availability": ["paper"], "borderColor": "black", "colorIdentity": ["U"], "colors": ["U"], "convertedManaCost": 3.0, "duelDeck": "a", "edhrecRank": 16207, "finishes": ["nonfoil"], "flavorText": "It has waited a millennium just for you, and for a millennium will it watch over your descendants.", "foreignData": [{"flavorText": "千年的等待，为得一朝与你相遇；又千年守望，只为得见你子孙后代繁衍生息。", "language": "Chinese Simplified", "multiverseId": 447096, "name": "九尾白狐", "text": "当九尾白狐对任一牌手造成战斗伤害时，抓一张牌。", "type": "生物 ～狐／精怪"}], "frameVersion": "2015", "hasFoil": false, "hasNonFoil": true, "identifiers": {"cardKingdomId": "219636", "cardsphereId": "55698", "mcmId": "359428", "mcmMetaId": "263030", "mtgjsonV4Id": "6b0dd7a0-babe-5ee5-b4a3-bb975aad63f2", "multiverseId": "447056", "scryfallId": "a120de1b-cfc2-4a21-9eb0-ddabb3d90896", "scryfallIllustrationId": "b3333d48-ea5f-4aad-b8b8-21e9693b8b3d", "scryfallOracleId": "51f4eb1f-abf2-425a-b78e-cafac177da89", "tcgplayerProductId": "168326"}, "isStarter": true, "language": "English", "layout": "normal", "legalities": {"commander": "Legal", "duel": "Legal", "legacy": "Legal", "pauper": "Legal", "paupercommander": "Legal", "vintage": "Legal"}, "manaCost": "{2}{U}", "manaValue": 3.0, "name": "Nine-Tail White Fox", "number": "8", "originalText": "Whenever Nine-Tail White Fox deals combat damage to a player, draw a card.", "originalType": "Creature — Fox Spirit", "power": "2", "printings": ["GS1", "MB1", "PZ2"], "purchaseUrls": {"cardKingdom": "https://mtgjson.com/links/3320e012130cdcbc", "cardmarket": "https://mtgjson.com/links/0829bba73b7b9ccb", "tcgplayer": "https://mtgjson.com/links/aa8125473710e1b1"}, "rarity": "common", "rulings": [], "setCode": "GS1", "subtypes": ["Fox", "Spirit"], "supertypes": [], "text": "Whenever Nine-Tail White Fox deals combat damage to a player, draw a card.", "toughness": "2", "type": "Creature — Fox Spirit", "types": ["Creature"], "uuid": "91f4134c-6334-58ad-a865-16a9263f297c"}, {"artist": "Tan Yan Yao", "availability": ["paper"], "borderColor": "black", "colorIdentity": ["W"], "colors": ["W"], "convertedManaCost": 4.0, "duelDeck": "a", "edhrecRank": 22512, "finishes": ["nonfoil"], "flavorText": "Deep in the Northern Mountains, the yaks linger silently, channeling the powers of the earth.", "foreignData": [{"flavorText": "北方大山深处，它们静谧盘桓，似将大地之力驮负在身。", "language": "Chinese Simplified", "multiverseId": 447097, "name": "地源牦牛", "text": "当地源牦牛进战场时，由你操控的生物得+1/+1直到回合结束。", "type": "生物 ～牛"}], "frameVersion": "2015", "hasFoil": false, "hasNonFoil": true, "identifiers": {"cardKingdomId": "219615", "cardsphereId": "55681", "mcmId": "359436", "mcmMetaId": "263037", "mtgjsonV4Id": "bb862815-2663-5e6c-9161-475ac4beeb07", "multiverseId": "447057", "scryfallId": "abcde784-d0cd-4bac-b1bf-bd686ac2f73d", "scryfallIllustrationId": "3143a3bc-1548-4952-8090-bc916af8def1", "scryfallOracleId": "c2b659ef-68f6-452c-94b5-2872f4e7b069", "tcgplayerProductId": "168329"}, "isStarter": true, "language": "English", "layout": "normal", "legalities": {"commander": "Legal", "duel": "Legal", "legacy": "Legal", "pauper": "Legal", "paupercommander": "Legal", "vintage": "Legal"}, "manaCost": "{3}{W}", "manaValue": 4.0, "name": "Earth-Origin Yak", "number": "9", "originalText": "When Earth-Origin Yak enters the battlefield, creatures you control get +1/+1 until end of turn.", "originalType": "Creature — Ox", "power": "2", "printings": ["GS1", "PZ2"], "purchaseUrls": {"cardKingdom": "https://mtgjson.com/links/3f3b4f2fe5d6bf96", "cardmarket": "https://mtgjson.com/links/6aa9727ee15f273a", "tcgplayer": "https://mtgjson.com/links/38170d26ecb2f175"}, "rarity": "common", "rulings": [], "setCode": "GS1", "subtypes": ["Ox"], "supertypes": [], "text": "When Earth-Origin Yak enters the battlefield, creatures you control get +1/+1 until end of turn.", "toughness": "4", "type": "Creature — Ox", "types": ["Creature"], "uuid": "3102ff18-3907-5402-a96e-d9ab6796a0fc"}, {"artist": "Tingting Yeh", "availability": ["paper"], "borderColor": "black", "colorIdentity": ["U"], "colors": ["U"], "convertedManaCost": 4.0, "duelDeck": "a", "edhrecRank": 22182, "finishes": ["nonfoil"], "flavorText": "The most nimble of creatures, it chases the most sacred luminence.", "foreignData": [{"flavorText": "最矫捷的身影擅于追逐最圣洁的光辉。", "language": "Chinese Simplified", "multiverseId": 447098, "name": "食月天狗", "text": "只要你操控燕灵鹏洛客，食月天狗便具有飞行异能。（它只能被具飞行或延势异能的生物阻挡。）", "type": "生物 ～猎犬"}], "frameVersion": "2015", "hasFoil": false, "hasNonFoil": true, "identifiers": {"cardKingdomId": "219605", "cardsphereId": "55695", "mcmId": "359427", "mcmMetaId": "263029", "mtgjsonV4Id": "9a37632e-6a0b-50d0-b07c-a5559a16d85f", "multiverseId": "447058", "scryfallId": "a85747dd-84c0-4e31-964e-c455c96f87bf", "scryfallIllustrationId": "6a4a9112-2da9-4372-a587-b79395840cfd", "scryfallOracleId": "a8e69725-cd57-4340-83b1-498bc0bd77b8", "tcgplayerProductId": "168335"}, "isStarter": true, "language": "English", "layout": "normal", "legalities": {"commander": "Legal", "duel": "Legal", "legacy": "Legal", "paupercommander": "Restricted", "vintage": "Legal"}, "manaCost": "{3}{U}", "manaValue": 4.0, "name": "Moon-Eating Dog", "number": "10", "originalText": "As long as you control a Yanling planeswalker, Moon-Eating Dog has flying. (It can't be blocked except by creatures with flying or reach.)", "originalType": "Creature — Hound", "power": "3", "printings": ["GS1", "PLIST", "PZ2"], "purchaseUrls": {"cardKingdom": "https://mtgjson.com/links/ef7ca687d1641a3a", "cardmarket": "https://mtgjson.com/links/1db4ba8453253af8", "tcgplayer": "https://mtgjson.com/links/c08577473595a444"}, "rarity": "uncommon", "rulings": [], "setCode": "GS1", "subtypes": ["Dog"], "supertypes": [], "text": "As long as you control a Yanling planeswalker, Moon-Eating Dog has flying. (It can't be blocked except by creatures with flying or reach.)", "toughness": "3", "type": "Creature — Dog", "types": ["Creature"], "uuid": "b6aa1618-7190-5174-91c3-af110542d6c2"}, {"artist": "Kee Lo", "availability": ["paper"], "borderColor": "black", "colorIdentity": ["U"], "colors": ["U"], "convertedManaCost": 5.0, "duelDeck": "a", "edhrecRank": 22970, "finishes": ["nonfoil"], "flavorText": "The spirits of all the rivers and oceans came together as an unstoppable force, unleashing their fury as lightning and thunder.", "foreignData": [{"flavorText": "结水泽汪洋之灵，化雷霆电闪之怒；纵驰睥睨，莫有可挡者。", "language": "Chinese Simplified", "multiverseId": 447099, "name": "风暴云灵", "text": "飞行（此生物只能被具飞行或延势异能的生物阻挡。）", "type": "生物 ～精怪"}], "frameVersion": "2015", "hasFoil": false, "hasNonFoil": true, "identifiers": {"cardKingdomId": "219620", "cardsphereId": "55706", "mcmId": "359426", "mcmMetaId": "263028", "mtgjsonV4Id": "263b83e2-3ceb-5bcc-bcd2-94af036b3767", "multiverseId": "447059", "scryfallId": "b371bba8-08b1-468b-924b-c1f3d64bb096", "scryfallIllustrationId": "b046c787-ad40-4b12-838c-fc66ddcf69d9", "scryfallOracleId": "0dc8bdbb-996b-47d7-a5e5-7bdb6d9280fe", "tcgplayerProductId": "168336"}, "isStarter": true, "keywords": ["Flying"], "language": "English", "layout": "normal", "legalities": {"commander": "Legal", "duel": "Legal", "legacy": "Legal", "paupercommander": "Restricted", "vintage": "Legal"}, "manaCost": "{3}{U}{U}", "manaValue": 5.0, "name": "Stormcloud Spirit", "number": "11", "originalText": "Flying (This creature can't be blocked except by creatures with flying or reach.)", "originalType": "Creature — Spirit", "power": "4", "printings": ["GS1", "PZ2"], "purchaseUrls": {"cardKingdom": "https://mtgjson.com/links/4a995b20192108dc", "cardmarket": "https://mtgjson.com/links/1b832dce086406e4", "tcgplayer": "https://mtgjson.com/links/7ea32156f54f487e"}, "rarity": "uncommon", "rulings": [], "setCode": "GS1", "subtypes": ["Spirit"], "supertypes": [], "text": "Flying (This creature can't be blocked except by creatures with flying or reach.)", "toughness": "4", "type": "Creature — Spirit", "types": ["Creature"], "uuid": "53b93b5a-ff2c-5ab0-accc-7c669dee978e"}, {"artist": "Shinchuen Chen", "availability": ["paper"], "borderColor": "black", "colorIdentity": ["W"], "colors": ["W"], "convertedManaCost": 6.0, "duelDeck": "a", "edhrecRank": 12483, "finishes": ["nonfoil"], "flavorText": "It is said that Yinglong gave birth to the qilin and the phoenix, and after them, all of the hairy and winged beings in the world. Thus it is known as the Ancestor Dragon.", "foreignData": [{"flavorText": "相传应龙诞凤凰、麒麟，后衍毛羽众生，因而得始龙之名。", "language": "Chinese Simplified", "multiverseId": 447100, "name": "蛮荒始龙", "text": "飞行\n每当一个或数个由你操控的生物攻击时，每有一个进行攻击的生物，你便获得1点生命。", "type": "生物 ～龙"}], "frameVersion": "2015", "hasFoil": false, "hasNonFoil": true, "identifiers": {"cardKingdomId": "219616", "cardsphereId": "55671", "mcmId": "359435", "mcmMetaId": "263036", "mtgjsonV4Id": "fb5c96e3-c17c-5acf-8982-304088efcd8e", "multiverseId": "447060", "scryfallId": "9ba9d1f0-a864-490c-b258-6bf9de251c4b", "scryfallIllustrationId": "eafe529d-41f8-4f50-94d9-076e37a93b0f", "scryfallOracleId": "60b03a44-a7bd-48fa-8c8f-1704aed02cd7", "tcgplayerProductId": "168337"}, "isStarter": true, "keywords": ["Flying"], "language": "English", "layout": "normal", "legalities": {"commander": "Legal", "duel": "Legal", "legacy": "Legal", "vintage": "Legal"}, "manaCost": "{4}{W}{W}", "manaValue": 6.0, "name": "Ancestor Dragon", "number": "12", "originalText": "Flying\nWhenever one or more creatures you control attack, you gain 1 life for each attacking creature.", "originalType": "Creature — Dragon", "power": "5", "printings": ["GS1", "PZ2"], "purchaseUrls": {"cardKingdom": "https://mtgjson.com/links/1ba9df85534db0d3", "cardmarket": "https://mtgjson.com/links/bf54787552f39b02", "tcgplayer": "https://mtgjson.com/links/110afa04f06eec35"}, "rarity": "rare", "rulings": [], "securityStamp": "oval", "setCode": "GS1", "subtypes": ["Dragon"], "supertypes": [], "text": "Flying\nWhenever one or more creatures you control attack, you gain 1 life for each attacking creature.", "toughness": "6", "type": "Creature — Dragon", "types": ["Creature"], "uuid": "902967a0-5971-510f-ba73-fd224a8507e0"}, {"artist": "Tingting Yeh", "availability": ["paper"], "borderColor": "black", "colorIdentity": ["U"], "colors": ["U"], "convertedManaCost": 2.0, "duelDeck": "a", "edhrecRank": 8801, "finishes": ["nonfoil"], "flavorText": "Mystery lies beneath the haunting mists. Never stay where obscurity deepens.", "foreignData": [{"flavorText": "迷蒙萦绕处有玄机，混沌深邃处莫停留。", "language": "Chinese Simplified", "multiverseId": 447101, "name": "迷雾披风", "text": "结附于生物\n所结附的生物不能被阻挡。", "type": "结界 ～灵气"}], "frameVersion": "2015", "hasFoil": false, "hasNonFoil": true, "identifiers": {"cardKingdomId": "219603", "cardsphereId": "55676", "mcmId": "359425", "mcmMetaId": "1030", "mtgjsonV4Id": "0c08de69-431d-5241-b343-43ae38e1ab38", "multiverseId": "447061", "scryfallId": "b36f41fa-b676-475e-bc2a-7dce5f249989", "scryfallIllustrationId": "c6b67fc7-c1a0-4369-9768-4e225e4ef4f2", "scryfallOracleId": "13358b1d-0a35-48ed-a7fb-70359fa3998f", "tcgplayerProductId": "168338"}, "isReprint": true, "isStarter": true, "keywords": ["Enchant"], "language": "English", "layout": "normal", "legalities": {"commander": "Legal", "duel": "Legal", "legacy": "Legal", "pauper": "Legal", "paupercommander": "Legal", "premodern": "Legal", "vintage": "Legal"}, "manaCost": "{1}{U}", "manaValue": 2.0, "name": "Cloak of Mists", "number": "13", "originalText": "Enchant creature\nEnchanted creature can't be blocked.", "originalType": "Enchantment — Aura", "printings": ["GS1", "MB1", "PZ2", "USG"], "purchaseUrls": {"cardKingdom": "https://mtgjson.com/links/19570939efe72867", "cardmarket": "https://mtgjson.com/links/30bf8629086d3e01", "tcgplayer": "https://mtgjson.com/links/a60a58aaed02c1fb"}, "rarity": "common", "rulings": [], "setCode": "GS1", "subtypes": ["Aura"], "supertypes": [], "text": "Enchant creature\nEnchanted creature can't be blocked.", "type": "Enchantment — Aura", "types": ["Enchantment"], "uuid": "b2a8f83d-2d47-5ee0-8e77-45bcc8e44e57"}, {"artist": "Wolk Sheep", "availability": ["paper"], "borderColor": "black", "colorIdentity": ["W"], "colors": ["W"], "convertedManaCost": 1.0, "duelDeck": "a", "edhrecRank": 21317, "finishes": ["nonfoil"], "flavorText": "\"Interesting . . . This mortal being seems to have been blessed with Qilin's essence.\"\n—Mu Yanling's journal", "foreignData": [{"flavorText": "「真有趣. . .这凡物身上竟似有股麒麟气息萦绕。」\n～燕灵手札", "language": "Chinese Simplified", "multiverseId": 447102, "name": "麒麟祝祷", "text": "目标生物得+2/+2直到回合结束。", "type": "瞬间"}], "frameVersion": "2015", "hasFoil": false, "hasNonFoil": true, "identifiers": {"cardKingdomId": "219638", "cardsphereId": "55701", "mcmId": "359434", "mcmMetaId": "263035", "mtgjsonV4Id": "99874958-fb25-5e2a-8d2c-3ade91e9b94a", "multiverseId": "447062", "scryfallId": "028ad74f-8366-4c14-b532-63fa892f5784", "scryfallIllustrationId": "45ec8ab8-e8e9-480c-b53f-d013b5465d6c", "scryfallOracleId": "31585036-cdc3-47f5-9fc7-913212826f2a", "tcgplayerProductId": "168339"}, "isStarter": true, "language": "English", "layout": "normal", "legalities": {"commander": "Legal", "duel": "Legal", "legacy": "Legal", "pauper": "Legal", "paupercommander": "Legal", "vintage": "Legal"}, "manaCost": "{W}", "manaValue": 1.0, "name": "Qilin's Blessing", "number": "14", "originalText": "Target creature gets +2/+2 until end of turn.", "originalType": "Instant", "printings": ["GS1", "PZ2"], "purchaseUrls": {"cardKingdom": "https://mtgjson.com/links/3c47524ac3ad6161", "cardmarket": "https://mtgjson.com/links/dcca758b51851820", "tcgplayer": "https://mtgjson.com/links/52e3046ba64e1e08"}, "rarity": "common", "rulings": [], "setCode": "GS1", "subtypes": [], "supertypes": [], "text": "Target creature gets +2/+2 until end of turn.", "type": "Instant", "types": ["Instant"], "uuid": "341c0495-c89d-5345-8cea-f17b9458216f"}, {"artist": "Pon Lee", "availability": ["paper"], "borderColor": "black", "colorIdentity": ["U"], "colors": ["U"], "convertedManaCost": 2.0, "duelDeck": "a", "edhrecRank": 19680, "finishes": ["nonfoil"], "flavorText": "\"From the swallows, I learned how to ride the winds to anywhere, and from my tears, I mastered how to harness the water.\"", "foreignData": [{"flavorText": "「驭水之力源自我泪，驭风之行习自我燕。」", "language": "Chinese Simplified", "multiverseId": 447103, "name": "溺于无形", "text": "将目标生物移回其拥有者手上。", "type": "瞬间"}], "frameVersion": "2015", "hasFoil": false, "hasNonFoil": true, "identifiers": {"cardKingdomId": "219635", "cardsphereId": "55680", "mcmId": "359424", "mcmMetaId": "263027", "mtgjsonV4Id": "6aad7006-e014-59da-af97-15a33f420ac2", "multiverseId": "447063", "scryfallId": "31420a65-5f13-4ae9-8d45-2531ee2771e8", "scryfallIllustrationId": "7229aba4-0a49-4dbb-a73f-27391e700c5e", "scryfallOracleId": "a3874282-9887-4b53-b80e-564ac99cca23", "tcgplayerProductId": "168340"}, "isStarter": true, "language": "English", "layout": "normal", "legalities": {"commander": "Legal", "duel": "Legal", "legacy": "Legal", "pauper": "Legal", "paupercommander": "Legal", "vintage": "Legal"}, "manaCost": "{1}{U}", "manaValue": 2.0, "name": "Drown in Shapelessness", "number": "15", "originalText": "Return target creature to its owner's hand.", "originalType": "Instant", "printings": ["GS1", "PZ2"], "purchaseUrls": {"cardKingdom": "https://mtgjson.com/links/36703cf6fb109f29", "cardmarket": "https://mtgjson.com/links/929fc4beab9b502b", "tcgplayer": "https://mtgjson.com/links/197b4d39d556abad"}, "rarity": "common", "rulings": [], "setCode": "GS1", "subtypes": [], "supertypes": [], "text": "Return target creature to its owner's hand.", "type": "Instant", "types": ["Instant"], "uuid": "f63d9a45-5df8-5b1c-afc9-ac753ef3eaa8"}, {"artist": "Tan Yan Yao", "availability": ["paper"], "borderColor": "black", "colorIdentity": ["W"], "colors": ["W"], "convertedManaCost": 3.0, "duelDeck": "a", "edhrecRank": 19245, "finishes": ["nonfoil"], "flavorText": "\"The Ancestor Dragon appeared atop the clouds, amid shattering mountains and sundering earth.\"\n—Jiang Yanggu's travelogue", "foreignData": [{"flavorText": "「山崩地裂中，始龙现身云端。」\n～旸谷纪行", "language": "Chinese Simplified", "multiverseId": 447104, "name": "隐龙突现", "text": "隐龙突现对目标进行攻击或阻挡的生物造成5点伤害。", "type": "瞬间"}], "frameVersion": "2015", "hasFoil": false, "hasNonFoil": true, "identifiers": {"cardKingdomId": "219625", "cardsphereId": "55679", "mcmId": "359433", "mcmMetaId": "263034", "mtgjsonV4Id": "fb778bc3-c66b-5994-9c4a-776691aa07fc", "multiverseId": "447064", "scryfallId": "53855022-7aff-4d13-bdd8-0abbf69204a4", "scryfallIllustrationId": "57592d0c-a928-4a32-b7b8-8787a994fff7", "scryfallOracleId": "4fb7aeb6-2fc3-459e-bad8-1c7ea92f7ae7", "tcgplayerProductId": "168341"}, "isStarter": true, "language": "English", "layout": "normal", "legalities": {"commander": "Legal", "duel": "Legal", "legacy": "Legal", "pauper": "Legal", "paupercommander": "Legal", "vintage": "Legal"}, "manaCost": "{2}{W}", "manaValue": 3.0, "name": "Dragon's Presence", "number": "16", "originalText": "Dragon's Presence deals 5 damage to target attacking or blocking creature.", "originalType": "Instant", "printings": ["GS1", "MB1", "PZ2"], "purchaseUrls": {"cardKingdom": "https://mtgjson.com/links/e200df77e1acbdab", "cardmarket": "https://mtgjson.com/links/4129fdca73ff14f0", "tcgplayer": "https://mtgjson.com/links/743ac18676eafb87"}, "rarity": "common", "rulings": [], "setCode": "GS1", "subtypes": [], "supertypes": [], "text": "Dragon's Presence deals 5 damage to target attacking or blocking creature.", "type": "Instant", "types": ["Instant"], "uuid": "5af2d0af-2bc0-5335-9d0b-8649fc3a5bc9"}, {"artist": "Yutaka Li", "availability": ["paper"], "borderColor": "black", "colorIdentity": ["U"], "colors": ["U"], "convertedManaCost": 5.0, "duelDeck": "a", "edhrecRank": 16086, "finishes": ["nonfoil"], "flavorText": "A heaven-sent vision is like a lantern to guide the way.", "foreignData": [{"flavorText": "天启示象，迷途明灯。", "language": "Chinese Simplified", "multiverseId": 447105, "name": "绝妙好计", "text": "抓三张牌。", "type": "法术"}], "frameVersion": "2015", "hasFoil": false, "hasNonFoil": true, "identifiers": {"cardKingdomId": "219630", "cardsphereId": "55674", "mcmId": "359423", "mcmMetaId": "709", "mtgjsonV4Id": "89010f40-963f-54bc-9586-47e12c283a2c", "multiverseId": "447065", "scryfallId": "115a5d53-8638-44a9-a889-f2d73a02e672", "scryfallIllustrationId": "d6489fb6-d06e-430f-89a4-55a83caff95c", "scryfallOracleId": "d83e1a42-11d1-412a-b66c-850c7a528777", "tcgplayerProductId": "168342"}, "isReprint": true, "isStarter": true, "language": "English", "layout": "normal", "legalities": {"commander": "Legal", "duel": "Legal", "legacy": "Legal", "pauper": "Legal", "paupercommander": "Legal", "penny": "Legal", "vintage": "Legal"}, "manaCost": "{4}{U}", "manaValue": 5.0, "name": "Brilliant Plan", "number": "17", "originalText": "Draw three cards.", "originalType": "Sorcery", "printings": ["C13", "GS1", "ME3", "PTK", "PZ2"], "purchaseUrls": {"cardKingdom": "https://mtgjson.com/links/2c7222daee7c1496", "cardmarket": "https://mtgjson.com/links/ae19862e88792fad", "tcgplayer": "https://mtgjson.com/links/d3ecdb96dd34d24f"}, "rarity": "uncommon", "rulings": [], "setCode": "GS1", "subtypes": [], "supertypes": [], "text": "Draw three cards.", "type": "Sorcery", "types": ["Sorcery"], "uuid": "738aadb4-03b9-5114-8280-4c6a5cd4e1b7"}, {"artist": "Xin-Yu Liu", "availability": ["paper"], "borderColor": "black", "colorIdentity": ["U"], "colors": ["U"], "convertedManaCost": 5.0, "duelDeck": "a", "edhrecRank": 20870, "finishes": ["nonfoil"], "foreignData": [{"language": "Chinese Simplified", "multiverseId": 447106, "name": "水韵漩咒", "text": "将至多两个目标生物移回其拥有者手上。\n从你的牌库和／或坟墓场中搜寻一张名称为沐燕灵的牌，展示该牌，并将它置于你手上。如果你以此法搜寻了你的牌库，则将它洗牌。", "type": "法术"}], "frameVersion": "2015", "hasFoil": false, "hasNonFoil": true, "identifiers": {"cardKingdomId": "219608", "cardsphereId": "55703", "mcmId": "359422", "mcmMetaId": "263026", "mtgjsonV4Id": "fb23008a-479c-598c-a6d7-0ca06f70a811", "multiverseId": "447066", "scryfallId": "be82ea29-66d4-471d-bef7-c6524207b96d", "scryfallIllustrationId": "d64f330c-4336-46f7-950b-f3fb0f0c1e42", "scryfallOracleId": "373c6cd0-0bf7-4dab-bc18-7ecf5f015e10", "tcgplayerProductId": "168343"}, "isStarter": true, "language": "English", "layout": "normal", "legalities": {"commander": "Legal", "duel": "Legal", "legacy": "Legal", "vintage": "Legal"}, "manaCost": "{3}{U}{U}", "manaValue": 5.0, "name": "Rhythmic Water Vortex", "number": "18", "originalText": "Return up to two target creatures to their owner's hand.\nSearch your library and/or graveyard for a card named Mu Yanling, reveal it, and put it into your hand. If you searched your library this way, shuffle it.", "originalType": "Sorcery", "printings": ["GS1", "PZ2"], "purchaseUrls": {"cardKingdom": "https://mtgjson.com/links/64269a08e768d861", "cardmarket": "https://mtgjson.com/links/e6a1a9fac737fb26", "tcgplayer": "https://mtgjson.com/links/db2ae9094530b8c9"}, "rarity": "rare", "rulings": [], "securityStamp": "oval", "setCode": "GS1", "subtypes": [], "supertypes": [], "text": "Return up to two target creatures to their owner's hand.\nSearch your library and/or graveyard for a card named Mu Yanling, reveal it, and put it into your hand. If you searched your library this way, shuffle.", "type": "Sorcery", "types": ["Sorcery"], "uuid": "3dc28bd9-19b0-5882-8cd0-c757fe939105"}, {"artist": "Gaga Zeng", "availability": ["paper"], "borderColor": "black", "colorIdentity": ["U", "W"], "colors": [], "convertedManaCost": 0.0, "duelDeck": "a", "edhrecRank": 3628, "finishes": ["nonfoil"], "flavorText": "Clouds and mists cover the lake as though it were a dreamland. When the wind rises, the mists disperse, opening great vistas of rippling reeds.", "foreignData": [{"flavorText": "云蒸雾绕梦泽深，苇伏风去天际远。", "language": "Chinese Simplified", "multiverseId": 447107, "name": "蜿蜒河流", "text": "蜿蜒河流须横置进战场。\n{T}：加{W}或{U}。", "type": "地"}], "frameVersion": "2015", "hasFoil": false, "hasNonFoil": true, "identifiers": {"cardKingdomId": "219619", "cardsphereId": "55694", "mcmId": "359406", "mcmMetaId": "221378", "mtgjsonV4Id": "3584037e-cf29-581d-92ce-07e62b03783f", "multiverseId": "447067", "scryfallId": "88fd9890-131e-47dd-8d57-23ff12776336", "scryfallIllustrationId": "509c0e64-9fef-4aca-8c1b-1a0ca93e0631", "scryfallOracleId": "2d9663be-c466-4191-85e2-a69ce0965432", "tcgplayerProductId": "168344"}, "isReprint": true, "isStarter": true, "language": "English", "layout": "normal", "legalities": {"commander": "Legal", "duel": "Legal", "explorer": "Legal", "gladiator": "Legal", "historic": "Legal", "historicbrawl": "Legal", "legacy": "Legal", "modern": "Legal", "pauper": "Legal", "paupercommander": "Legal", "penny": "Legal", "pioneer": "Legal", "vintage": "Legal"}, "manaValue": 0.0, "name": "Meandering River", "number": "19", "originalText": "Meandering River enters the battlefield tapped.\n{T}: Add {W} or {U}.", "originalType": "Land", "printings": ["AKH", "C18", "DOM", "GS1", "KHC", "M19", "OGW", "PZ2"], "purchaseUrls": {"cardKingdom": "https://mtgjson.com/links/606aef6ce2aecf72", "cardmarket": "https://mtgjson.com/links/2d3983508e535f79", "tcgplayer": "https://mtgjson.com/links/d66470d69be24ffb"}, "rarity": "common", "rulings": [], "setCode": "GS1", "subtypes": [], "supertypes": [], "text": "Meandering River enters the battlefield tapped.\n{T}: Add {W} or {U}.", "type": "Land", "types": ["Land"], "uuid": "1c0900fe-09a6-5b97-84eb-ea22b2b69700"}, {"artist": "Tingting Yeh", "availability": ["paper"], "borderColor": "black", "colorIdentity": ["W"], "colors": [], "convertedManaCost": 0.0, "duelDeck": "a", "finishes": ["nonfoil"], "foreignData": [{"language": "Chinese Simplified", "multiverseId": 447108, "name": "平原", "type": "基本地 ～平原"}], "frameVersion": "2015", "hasFoil": false, "hasNonFoil": true, "identifiers": {"cardKingdomId": "219617", "cardsphereId": "55699", "mcmId": "359405", "mcmMetaId": "4251", "mtgjsonV4Id": "a307e31c-78ac-54f1-9a50-d46334a9a63f", "multiverseId": "447068", "scryfallId": "101b36a6-9cfe-450b-9c61-7f3e8f8109d1", "scryfallIllustrationId": "ee83d7a0-43b9-4098-9dbe-c44ea0078972", "scryfallOracleId": "bc71ebf6-2056-41f7-be35-b2e5c34afa99", "tcgplayerProductId": "168345"}, "isReprint": true, "isStarter": true, "language": "English", "layout": "normal", "legalities": {"alchemy": "Legal", "brawl": "Legal", "commander": "Legal", "duel": "Legal", "explorer": "Legal", "future": "Legal", "gladiator": "Legal", "historic": "Legal", "historicbrawl": "Legal", "legacy": "Legal", "modern": "Legal", "pauper": "Legal", "paupercommander": "Legal", "penny": "Legal", "pioneer": "Legal", "premodern": "Legal", "standard": "Legal", "vintage": "Legal"}, "manaValue": 0.0, "name": "Plains", "number": "20", "originalText": "W", "originalType": "Basic Land — Plains", "printings": ["10E", "2ED", "2XM", "3ED", "40K", "4BB", "4ED", "5ED", "6ED", "7ED", "8ED", "9ED", "AFR", "AKH", "AKR", "ALA", "ANA", "ANB", "ARC", "ATH", "AVR", "BBD", "BFZ", "BRB", "C13", "C14", "C15", "C16", "C17", "C18", "C19", "CED", "CEI", "CHK", "CLB", "CM2", "CMA", "CMD", "CMR", "CST", "DDC", "DDE", "DDF", "DDG", "DDH", "DDI", "DDK", "DDL", "DDN", "DDO", "DDP", "DDQ", "DMU", "DOM", "DTK", "DVD", "E01", "ELD", "FBB", "FRF", "G17", "GK1", "GK2", "GN2", "GNT", "GRN", "GS1", "H09", "HBG", "HOP", "HOU", "ICE", "IKO", "INV", "ISD", "ITP", "J14", "JMP", "KHM", "KLD", "KLR", "KTK", "LEA", "LEB", "LRW", "M10", "M11", "M12", "M13", "M14", "M15", "M19", "M20", "M21", "MBS", "MD1", "ME1", "ME3", "MH2", "MID", "MIR", "MMQ", "MRD", "NEO", "NPH", "ODY", "OLEP", "ONS", "ORI", "P02", "PAL00", "PAL01", "PAL03", "PAL04", "PAL05", "PAL06", "PAL99", "PALP", "PANA", "PARL", "PC2", "PCA", "PDGM", "PELP", "PF19", "PF20", "PGPX", "PGRU", "PLIST", "PMPS", "PMPS06", "PMPS07", "PMPS08", "PMPS09", "PMPS10", "PMPS11", "POR", "PPP1", "PRM", "PRW2", "PRWK", "PS11", "PSAL", "PSS2", "PSS3", "PTC", "PTK", "PZ2", "RAV", "RIX", "RNA", "ROE", "RQS", "RTR", "S99", "SHM", "SLD", "SNC", "SOI", "SOM", "STX", "SUM", "TD0", "TD2", "THB", "THS", "TMP", "TPR", "TSP", "UGL", "UND", "UNF", "UNH", "USG", "UST", "VOW", "WAR", "WC00", "WC02", "WC03", "WC04", "WC97", "WC98", "XANA", "XLN", "ZEN", "ZNR"], "purchaseUrls": {"cardKingdom": "https://mtgjson.com/links/0908bd293be63656", "cardmarket": "https://mtgjson.com/links/06f0ef8d6cb1ca65", "tcgplayer": "https://mtgjson.com/links/07fb5def2a336117"}, "rarity": "common", "rulings": [], "setCode": "GS1", "subtypes": ["Plains"], "supertypes": ["Basic"], "text": "({T}: Add {W}.)", "type": "Basic Land — Plains", "types": ["Land"], "uuid": "7869709c-fc7c-56c6-8379-f321caa63466"}, {"artist": "Babyson Chen & Uzhen Lin", "availability": ["paper"], "borderColor": "black", "colorIdentity": ["U"], "colors": [], "convertedManaCost": 0.0, "duelDeck": "a", "finishes": ["nonfoil"], "foreignData": [{"language": "Chinese Simplified", "multiverseId": 447109, "name": "海岛", "type": "基本地 ～海岛"}], "frameVersion": "2015", "hasFoil": false, "hasNonFoil": true, "identifiers": {"cardKingdomId": "219601", "cardsphereId": "55690", "mcmId": "359404", "mcmMetaId": "2923", "mtgjsonV4Id": "b9617c1f-bc64-52c0-94fa-b5f04821324b", "multiverseId": "447069", "scryfallId": "7f4cc1dc-7785-4375-a37c-8b2aaae91945", "scryfallIllustrationId": "6653c43b-5370-443b-a213-465e235f65ac", "scryfallOracleId": "b2c6aa39-2d2a-459c-a555-fb48ba993373", "tcgplayerProductId": "168308"}, "isReprint": true, "isStarter": true, "language": "English", "layout": "normal", "legalities": {"alchemy": "Legal", "brawl": "Legal", "commander": "Legal", "duel": "Legal", "explorer": "Legal", "future": "Legal", "gladiator": "Legal", "historic": "Legal", "historicbrawl": "Legal", "legacy": "Legal", "modern": "Legal", "pauper": "Legal", "paupercommander": "Legal", "penny": "Legal", "pioneer": "Legal", "premodern": "Legal", "standard": "Legal", "vintage": "Legal"}, "manaValue": 0.0, "name": "Island", "number": "21", "originalText": "U", "originalType": "Basic Land — Island", "printings": ["10E", "2ED", "2XM", "3ED", "40K", "4BB", "4ED", "5ED", "6ED", "7ED", "8ED", "9ED", "AFR", "AKH", "AKR", "ALA", "ANA", "ANB", "ARC", "AVR", "BBD", "BFZ", "BRB", "BTD", "C13", "C14", "C15", "C16", "C17", "C18", "C19", "CED", "CEI", "CHK", "CLB", "CM2", "CMA", "CMD", "CMR", "CST", "DD2", "DDE", "DDF", "DDH", "DDI", "DDJ", "DDM", "DDN", "DDO", "DDQ", "DDS", "DDT", "DDU", "DMU", "DOM", "DPA", "DTK", "E01", "ELD", "FBB", "FRF", "G17", "GK1", "GK2", "GN2", "GNT", "GRN", "GS1", "H09", "HBG", "HOP", "HOU", "ICE", "IKO", "INV", "ISD", "ITP", "J14", "JMP", "JVC", "KHM", "KLD", "KLR", "KTK", "LEA", "LEB", "LRW", "M10", "M11", "M12", "M13", "M14", "M15", "M19", "M20", "M21", "MBS", "ME1", "ME3", "MH2", "MID", "MIR", "MMQ", "MRD", "NEO", "NPH", "ODY", "OLEP", "ONS", "ORI", "P02", "PAL00", "PAL01", "PAL02", "PAL03", "PAL04", "PAL05", "PAL06", "PAL99", "PALP", "PANA", "PARL", "PC2", "PCA", "PELP", "PF19", "PF20", "PGPX", "PGRU", "PHED", "PLIST", "PMPS", "PMPS06", "PMPS07", "PMPS08", "PMPS09", "PMPS10", "PMPS11", "POR", "PPP1", "PRM", "PRW2", "PRWK", "PS11", "PSAL", "PSS2", "PSS3", "PTC", "PTK", "PZ2", "RAV", "RIX", "RNA", "ROE", "RQS", "RTR", "S99", "SHM", "SLD", "SNC", "SOI", "SOM", "STX", "SUM", "TD0", "TD2", "THB", "THS", "TMP", "TPR", "TSP", "UGL", "UND", "UNF", "UNH", "USG", "UST", "VOW", "WAR", "WC00", "WC01", "WC02", "WC03", "WC04", "WC97", "WC98", "XANA", "XLN", "ZEN", "ZNR"], "purchaseUrls": {"cardKingdom": "https://mtgjson.com/links/3e9144d23bf4f5a6", "cardmarket": "https://mtgjson.com/links/bb1dbab243bb3d4e", "tcgplayer": "https://mtgjson.com/links/e8789fe2b74f2215"}, "rarity": "common", "rulings": [], "setCode": "GS1", "subtypes": ["Island"], "supertypes": ["Basic"], "text": "({T}: Add {U}.)", "type": "Basic Land — Island", "types": ["Land"], "uuid": "a697c354-e868-5726-8d52-9afbb931c5ec"}, {"artist": "Tingting Yeh", "availability": ["paper"], "borderColor": "black", "colorIdentity": ["G"], "colors": ["G"], "convertedManaCost": 5.0, "duelDeck": "b", "edhrecRank": 12215, "finishes": ["foil"], "foreignData": [{"language": "Chinese Simplified", "multiverseId": 447110, "name": "姜旸谷", "text": "+1：目标生物得+2/+2直到回合结束。\n−1：如果你未操控名称为默武的生物，则派出一个传奇的3/3绿色，名称为默武的猎犬衍生生物。\n−5：直到回合结束，目标生物获得践踏异能且得+X/+X，X为由你操控的地数量。", "type": "传奇鹏洛客 ～旸谷"}], "frameVersion": "2015", "hasFoil": true, "hasNonFoil": false, "identifiers": {"cardKingdomFoilId": "219109", "cardsphereId": "55691", "mcmId": "358246", "mcmMetaId": "262646", "mtgjsonV4Id": "9df171b8-2da2-54da-8abf-298e0a2f81f3", "multiverseId": "447070", "scryfallId": "eb8dae9a-dac2-4b80-b546-852b989bd8c1", "scryfallIllustrationId": "359409bc-dbcc-4b14-8ec8-106511ab8abf", "scryfallOracleId": "b15c8f43-685d-4901-9cad-47bc6dc6346f", "tcgplayerProductId": "167152"}, "isStarter": true, "language": "English", "layout": "normal", "leadershipSkills": {"brawl": false, "commander": false, "oathbreaker": true}, "legalities": {"commander": "Legal", "duel": "Legal", "legacy": "Legal", "vintage": "Legal"}, "loyalty": "4", "manaCost": "{4}{G}", "manaValue": 5.0, "name": "Jiang Yanggu", "number": "22", "originalText": "+1: Target creature gets +2/+2 until end of turn.\n−1: If you don't control a creature named Mowu, create a legendary 3/3 green Hound creature token named Mowu.\n−5: Until end of turn, target creature gains trample and gets +X/+X, where X is the number of lands you control.", "originalType": "Legendary Planeswalker — Yanggu", "printings": ["GS1", "PZ2"], "purchaseUrls": {"cardKingdomFoil": "https://mtgjson.com/links/1dd970c1c5eadf0e", "cardmarket": "https://mtgjson.com/links/4e949704e2631129", "tcgplayer": "https://mtgjson.com/links/5a4a125814ff8bdc"}, "rarity": "mythic", "rulings": [], "securityStamp": "oval", "setCode": "GS1", "subtypes": ["Yanggu"], "supertypes": ["Legendary"], "text": "[+1]: Target creature gets +2/+2 until end of turn.\n[−1]: If you don't control a creature named Mowu, create Mowu, a legendary 3/3 green Dog creature token.\n[−5]: Until end of turn, target creature gains trample and gets +X/+X, where X is the number of lands you control.", "type": "Legendary Planeswalker — Yanggu", "types": ["Planeswalker"], "uuid": "e1002f34-12e4-5947-b0f9-7bec62da5051"}, {"artist": "Shinchuen Chen", "availability": ["paper"], "borderColor": "black", "colorIdentity": ["R"], "colors": ["R"], "convertedManaCost": 2.0, "duelDeck": "b", "edhrecRank": 22835, "finishes": ["nonfoil"], "flavorText": "This strange beast has the hide of a leopard, the howl of a dog, and the horns of an ox.", "foreignData": [{"flavorText": "此异兽纹若豹，音似犬，角如牛。", "language": "Chinese Simplified", "multiverseId": 447111, "name": "豹纹狡", "type": "生物 ～野兽"}], "frameVersion": "2015", "hasFoil": false, "hasNonFoil": true, "identifiers": {"cardKingdomId": "219633", "cardsphereId": "55693", "mcmId": "359421", "mcmMetaId": "263025", "mtgjsonV4Id": "d6b20dbe-7211-50bb-ba60-3ebedc6ee84a", "multiverseId": "447071", "scryfallId": "91df110f-85d2-41cb-96b6-6c79cebfada7", "scryfallIllustrationId": "e4e955c6-96d9-4aa0-af27-c87c8d7e7b84", "scryfallOracleId": "0056e07b-416b-487e-9e6c-3697db402dd4", "tcgplayerProductId": "168309"}, "isStarter": true, "language": "English", "layout": "normal", "legalities": {"commander": "Legal", "duel": "Legal", "legacy": "Legal", "pauper": "Legal", "paupercommander": "Legal", "vintage": "Legal"}, "manaCost": "{1}{R}", "manaValue": 2.0, "name": "Leopard-Spotted Jiao", "number": "23", "originalType": "Creature — Beast", "power": "3", "printings": ["GS1", "MB1", "PZ2"], "purchaseUrls": {"cardKingdom": "https://mtgjson.com/links/1c19869371b4e9cc", "cardmarket": "https://mtgjson.com/links/6803cfa399698f7c", "tcgplayer": "https://mtgjson.com/links/8af6512d0387ac42"}, "rarity": "common", "rulings": [], "setCode": "GS1", "subtypes": ["Beast"], "supertypes": [], "toughness": "1", "type": "Creature — Beast", "types": ["Creature"], "uuid": "147b5ce4-f241-5d6d-a65f-93de7a809a27"}, {"artist": "Qiu De En", "availability": ["paper"], "borderColor": "black", "colorIdentity": ["G"], "colors": ["G"], "convertedManaCost": 2.0, "duelDeck": "b", "edhrecRank": 18321, "finishes": ["nonfoil"], "flavorText": "Two bodies, twice the malice.", "foreignData": [{"flavorText": "两个身体，加倍的恶意。", "language": "Chinese Simplified", "multiverseId": 447112, "name": "肥遗蛇", "text": "延势（此生物能阻挡具飞行异能的生物。）", "type": "生物 ～蛇"}], "frameVersion": "2015", "hasFoil": false, "hasNonFoil": true, "identifiers": {"cardKingdomId": "219602", "cardsphereId": "55683", "mcmId": "359416", "mcmMetaId": "263020", "mtgjsonV4Id": "cd0ca25e-537f-529a-ae5c-9b3d558f5237", "multiverseId": "447072", "scryfallId": "0410420a-c093-4540-8867-28d0f2d86b56", "scryfallIllustrationId": "31cad95d-b854-4a2a-84c7-a618d25f4345", "scryfallOracleId": "77b69977-200e-44c2-bfde-228e6501b03a", "tcgplayerProductId": "168310"}, "isStarter": true, "keywords": ["Reach"], "language": "English", "layout": "normal", "legalities": {"commander": "Legal", "duel": "Legal", "legacy": "Legal", "pauper": "Legal", "paupercommander": "Legal", "vintage": "Legal"}, "manaCost": "{1}{G}", "manaValue": 2.0, "name": "Feiyi Snake", "number": "24", "originalText": "Reach (This creature can block creatures with flying.)", "originalType": "Creature — Snake", "power": "2", "printings": ["GS1", "PZ2"], "purchaseUrls": {"cardKingdom": "https://mtgjson.com/links/d38ad5b0773441f0", "cardmarket": "https://mtgjson.com/links/be5e5a304b8c6a26", "tcgplayer": "https://mtgjson.com/links/24e6b0b9106f926a"}, "rarity": "common", "rulings": [], "setCode": "GS1", "subtypes": ["Snake"], "supertypes": [], "text": "Reach (This creature can block creatures with flying.)", "toughness": "1", "type": "Creature — Snake", "types": ["Creature"], "uuid": "9c2d5120-49d8-539e-b947-df611af44b0a"}, {"artist": "G-host Lee", "availability": ["paper"], "borderColor": "black", "colorIdentity": ["G"], "colors": ["G"], "convertedManaCost": 2.0, "duelDeck": "b", "edhrecRank": 21115, "finishes": ["nonfoil"], "flavorText": "The pale deer are believed to have lived a thousand years, the pure white five hundred more. Those who seek them would gladly wander the wilds forever for the merest glimpse of these sacred beings.", "foreignData": [{"flavorText": "千年为苍鹿，再五百始为白鹿。多少人为了它华光韵动的回眸一瞥，迷失在蛮荒山林间。", "language": "Chinese Simplified", "multiverseId": 447113, "name": "清源白鹿", "text": "{3}{G}，{T}：你获得4点生命。只能于你操控旸谷鹏洛客时起动此异能。", "type": "生物 ～麋鹿"}], "frameVersion": "2015", "hasFoil": false, "hasNonFoil": true, "identifiers": {"cardKingdomId": "219607", "cardsphereId": "55704", "mcmId": "359415", "mcmMetaId": "263019", "mtgjsonV4Id": "42fd8a84-3442-5f06-bda9-f264fa27ae7c", "multiverseId": "447073", "scryfallId": "1a864ae8-18fc-4c70-8564-65b745aded9a", "scryfallIllustrationId": "576f46e2-6cce-4d08-89c6-7571e9975b16", "scryfallOracleId": "2d7bef31-3447-4de6-9d0e-bd6749e7ecd5", "tcgplayerProductId": "168311"}, "isStarter": true, "language": "English", "layout": "normal", "legalities": {"commander": "Legal", "duel": "Legal", "legacy": "Legal", "paupercommander": "Restricted", "vintage": "Legal"}, "manaCost": "{1}{G}", "manaValue": 2.0, "name": "Sacred White Deer", "number": "25", "originalText": "{3}{G}, {T}: You gain 4 life. Activate this ability only if you control a Yanggu planeswalker.", "originalType": "Creature — Elk", "power": "2", "printings": ["GS1", "PZ2"], "purchaseUrls": {"cardKingdom": "https://mtgjson.com/links/7936df1ea58c7831", "cardmarket": "https://mtgjson.com/links/6865d5007b2569d7", "tcgplayer": "https://mtgjson.com/links/c18a5056d9dcf811"}, "rarity": "uncommon", "rulings": [], "setCode": "GS1", "subtypes": ["Elk"], "supertypes": [], "text": "{3}{G}, {T}: You gain 4 life. Activate only if you control a Yanggu planeswalker.", "toughness": "2", "type": "Creature — Elk", "types": ["Creature"], "uuid": "cff2f06c-91b5-5c56-9698-3d87f7725c76"}, {"artist": "Wolk Sheep", "availability": ["paper"], "borderColor": "black", "colorIdentity": ["G"], "colors": ["G"], "convertedManaCost": 3.0, "duelDeck": "b", "edhrecRank": 23127, "finishes": ["nonfoil"], "flavorText": "\"A pangolin's power grows with its speed. Strike when you have the chance!\"\n—Jiang Yanggu's travelogue", "foreignData": [{"flavorText": "「速度就是攻击力，当出手时就出手！」\n～旸谷纪行", "language": "Chinese Simplified", "multiverseId": 447114, "name": "莽撞鲮鲤", "text": "每当莽撞鲮鲤攻击时，它得+1/+1直到回合结束。", "type": "生物 ～穿山甲"}], "frameVersion": "2015", "hasFoil": false, "hasNonFoil": true, "identifiers": {"cardKingdomId": "219637", "cardsphereId": "55702", "mcmId": "359414", "mcmMetaId": "263018", "mtgjsonV4Id": "cea5c8cb-d36c-5e70-9ef2-4e8286a4ebba", "multiverseId": "447074", "scryfallId": "4662c681-fcc9-4fc8-a598-b068208132fd", "scryfallIllustrationId": "b9c51897-5daa-4131-ade4-5322dc9b43a8", "scryfallOracleId": "1f384f19-7fb4-4120-8001-5b401b4debbd", "tcgplayerProductId": "168313"}, "isStarter": true, "language": "English", "layout": "normal", "legalities": {"commander": "Legal", "duel": "Legal", "legacy": "Legal", "pauper": "Legal", "paupercommander": "Legal", "vintage": "Legal"}, "manaCost": "{2}{G}", "manaValue": 3.0, "name": "Reckless Pangolin", "number": "26", "originalText": "Whenever Reckless Pangolin attacks, it gets +1/+1 until end of turn.", "originalType": "Creature — Pangolin", "power": "2", "printings": ["GS1", "PZ2"], "purchaseUrls": {"cardKingdom": "https://mtgjson.com/links/0544421b5c37f99f", "cardmarket": "https://mtgjson.com/links/2cf7660262bb0af0", "tcgplayer": "https://mtgjson.com/links/54f32f8b098724f5"}, "rarity": "common", "rulings": [], "setCode": "GS1", "subtypes": ["Pangolin"], "supertypes": [], "text": "Whenever Reckless Pangolin attacks, it gets +1/+1 until end of turn.", "toughness": "2", "type": "Creature — Pangolin", "types": ["Creature"], "uuid": "899e40e2-1fd4-5e77-8615-042736b46ec1"}, {"artist": "Qiu De En", "availability": ["paper"], "borderColor": "black", "colorIdentity": ["G"], "colors": ["G"], "convertedManaCost": 4.0, "duelDeck": "b", "edhrecRank": 13777, "finishes": ["nonfoil"], "flavorText": "The welcoming appearance of the Arrow Bamboo Forest masks its deathly hostility.", "foreignData": [{"flavorText": "箭竹林看似云淡风轻，暗处却蕴藏着无限杀机。", "language": "Chinese Simplified", "multiverseId": 447115, "name": "巨型蜘蛛", "text": "延势（此生物能阻挡具飞行异能的生物。）", "type": "生物 ～蜘蛛"}], "frameVersion": "2015", "hasFoil": false, "hasNonFoil": true, "identifiers": {"cardKingdomId": "219606", "cardsphereId": "55687", "mcmId": "359413", "mcmMetaId": "2331", "mtgjsonV4Id": "085d2b68-2872-5dba-b86b-9d5512a5ec22", "multiverseId": "447075", "scryfallId": "48a84e56-bed3-4f55-a41f-3aafa392ad16", "scryfallIllustrationId": "63f62a23-c3cd-4144-8fb4-13e61cedb23a", "scryfallOracleId": "e740ce2f-2134-473c-afa1-1b6d2d1e38ef", "tcgplayerProductId": "168315"}, "isReprint": true, "isStarter": true, "keywords": ["Reach"], "language": "English", "layout": "normal", "legalities": {"commander": "Legal", "duel": "Legal", "explorer": "Legal", "gladiator": "Legal", "historic": "Legal", "historicbrawl": "Legal", "legacy": "Legal", "modern": "Legal", "pauper": "Legal", "paupercommander": "Legal", "penny": "Legal", "pioneer": "Legal", "premodern": "Legal", "vintage": "Legal"}, "manaCost": "{3}{G}", "manaValue": 4.0, "name": "Giant Spider", "number": "27", "originalText": "Reach (This creature can block creatures with flying.)", "originalType": "Creature — Spider", "power": "2", "printings": ["10E", "2ED", "3ED", "4BB", "4ED", "5ED", "6ED", "7ED", "8ED", "9ED", "AKH", "ATH", "CED", "CEI", "DPA", "FBB", "GS1", "LEA", "LEB", "M10", "M11", "M12", "M14", "M19", "MB1", "POR", "PS11", "PZ2", "SUM"], "purchaseUrls": {"cardKingdom": "https://mtgjson.com/links/8ed4e31fe9c92bdd", "cardmarket": "https://mtgjson.com/links/908bc442874e5279", "tcgplayer": "https://mtgjson.com/links/1b6162a362ef7e58"}, "rarity": "common", "rulings": [{"date": "2008-04-01", "text": "This card now uses the Reach keyword ability to enable the blocking of flying creatures. This works because a creature with flying can only be blocked by creatures with flying or reach."}], "setCode": "GS1", "subtypes": ["Spider"], "supertypes": [], "text": "Reach (This creature can block creatures with flying.)", "toughness": "4", "type": "Creature — Spider", "types": ["Creature"], "uuid": "db2feb31-aed5-5392-9a26-07dad03f8dd2"}, {"artist": "Yutaka Li", "availability": ["paper"], "borderColor": "black", "colorIdentity": ["G"], "colors": ["G"], "convertedManaCost": 4.0, "duelDeck": "b", "edhrecRank": 13517, "finishes": ["nonfoil"], "flavorText": "Known for their glowing horn and stone-rattling roar, zheng are the fiercest predators in the forest. Few survived before Jiang Yanggu came.", "foreignData": [{"flavorText": "日形于涧，夜隐于林。角灯如萤，声如石鸣。受伏于姜旸谷前，未有见者还。", "language": "Chinese Simplified", "multiverseId": 447116, "name": "狞狰", "type": "生物 ～猫／野兽"}], "frameVersion": "2015", "hasFoil": false, "hasNonFoil": true, "identifiers": {"cardKingdomId": "219627", "cardsphereId": "55684", "mcmId": "359412", "mcmMetaId": "263017", "mtgjsonV4Id": "6589f4ab-afdb-5575-84b6-4b2af1853db2", "multiverseId": "447076", "scryfallId": "7a6d1184-15e0-4b41-ba2d-4f68e91c61d4", "scryfallIllustrationId": "c92a2b8b-e701-469f-be48-e0660c62d028", "scryfallOracleId": "a45e0854-28c7-41f5-a9fe-5b76a8070c5b", "tcgplayerProductId": "168317"}, "isStarter": true, "language": "English", "layout": "normal", "legalities": {"commander": "Legal", "duel": "Legal", "legacy": "Legal", "pauper": "Legal", "paupercommander": "Legal", "vintage": "Legal"}, "manaCost": "{2}{G}{G}", "manaValue": 4.0, "name": "Ferocious Zheng", "number": "28", "originalType": "Creature — Cat Beast", "power": "4", "printings": ["GS1", "MB1", "PZ2"], "purchaseUrls": {"cardKingdom": "https://mtgjson.com/links/b63223c15f18802d", "cardmarket": "https://mtgjson.com/links/331738cc2b1f0087", "tcgplayer": "https://mtgjson.com/links/0e0a9db4b9214d35"}, "rarity": "common", "rulings": [], "setCode": "GS1", "subtypes": ["Cat", "Beast"], "supertypes": [], "toughness": "4", "type": "Creature — Cat Beast", "types": ["Creature"], "uuid": "2cf19424-20b4-5faa-b4a9-4e414ace5cec"}, {"artist": "Tan Yan Yao", "availability": ["paper"], "borderColor": "black", "colorIdentity": ["R"], "colors": ["R"], "convertedManaCost": 5.0, "duelDeck": "b", "edhrecRank": 21047, "finishes": ["nonfoil"], "flavorText": "If you can see it clearly, you're already on fire.", "foreignData": [{"flavorText": "当你看清它的时候，自己身上已经着火了。", "language": "Chinese Simplified", "multiverseId": 447117, "name": "兆火鹤", "text": "飞行（此生物只能被具飞行或延势异能的生物阻挡。）\n每当兆火鹤攻击时，它对目标由对手操控的生物造成1点伤害。", "type": "生物 ～鸟／精怪"}], "frameVersion": "2015", "hasFoil": false, "hasNonFoil": true, "identifiers": {"cardKingdomId": "219609", "cardsphereId": "55685", "mcmId": "359420", "mcmMetaId": "263024", "mtgjsonV4Id": "3d0bc2f4-476f-5d44-a795-e571f4f69b91", "multiverseId": "447077", "scryfallId": "a24c9c98-9eff-4f4b-93ca-9281d61e6835", "scryfallIllustrationId": "83bb4644-829f-4744-bbef-5fef60ea3a1d", "scryfallOracleId": "2306386d-5913-429e-8d8b-ba780841bf6e", "tcgplayerProductId": "168320"}, "isStarter": true, "keywords": ["Flying"], "language": "English", "layout": "normal", "legalities": {"commander": "Legal", "duel": "Legal", "legacy": "Legal", "paupercommander": "Restricted", "vintage": "Legal"}, "manaCost": "{3}{R}{R}", "manaValue": 5.0, "name": "Fire-Omen Crane", "number": "29", "originalText": "Flying (This creature can't be blocked except by creatures with flying or reach.)\nWhenever Fire-Omen Crane attacks, it deals 1 damage to target creature an opponent controls.", "originalType": "Creature — Bird Spirit", "power": "3", "printings": ["GS1", "PZ2"], "purchaseUrls": {"cardKingdom": "https://mtgjson.com/links/564c6ec2ed86d964", "cardmarket": "https://mtgjson.com/links/1f5d1a425518fc35", "tcgplayer": "https://mtgjson.com/links/17cba3b7c6a0e035"}, "rarity": "uncommon", "rulings": [], "setCode": "GS1", "subtypes": ["Bird", "Spirit"], "supertypes": [], "text": "Flying (This creature can't be blocked except by creatures with flying or reach.)\nWhenever Fire-Omen Crane attacks, it deals 1 damage to target creature an opponent controls.", "toughness": "3", "type": "Creature — Bird Spirit", "types": ["Creature"], "uuid": "d654a836-b99d-5193-b711-bd51eb14a9ba"}, {"artist": "Tingting Yeh", "availability": ["paper"], "borderColor": "black", "colorIdentity": ["R"], "colors": ["R"], "convertedManaCost": 6.0, "duelDeck": "b", "edhrecRank": 13907, "finishes": ["nonfoil"], "flavorText": "Its wings are a heavenly inferno that sets the world ablaze.", "foreignData": [{"flavorText": "羽翼扑扇间，天火燎原。", "language": "Chinese Simplified", "multiverseId": 447118, "name": "煌焰鸣凤", "text": "飞行\n{2}{R}：由你操控的生物得+1/+0直到回合结束。", "type": "生物 ～凤凰"}], "frameVersion": "2015", "hasFoil": false, "hasNonFoil": true, "identifiers": {"cardKingdomId": "219612", "cardsphereId": "55705", "mcmId": "359419", "mcmMetaId": "263023", "mtgjsonV4Id": "488cd98f-3b50-5830-bacc-21e769543d9d", "multiverseId": "447078", "scryfallId": "4b9477ba-e198-4085-8733-fd392a5648e7", "scryfallIllustrationId": "84690d43-54f4-444f-a9d4-6b86aefc150c", "scryfallOracleId": "2b75759a-c3cc-432d-9609-4f8fa2456870", "tcgplayerProductId": "168321"}, "isStarter": true, "keywords": ["Flying"], "language": "English", "layout": "normal", "legalities": {"commander": "Legal", "duel": "Legal", "legacy": "Legal", "vintage": "Legal"}, "manaCost": "{4}{R}{R}", "manaValue": 6.0, "name": "Screeching Phoenix", "number": "30", "originalText": "Flying\n{2}{R}: Creatures you control get +1/+0 until end of turn.", "originalType": "Creature — Phoenix", "power": "4", "printings": ["GS1", "PZ2"], "purchaseUrls": {"cardKingdom": "https://mtgjson.com/links/eb7ab1e263fd4da8", "cardmarket": "https://mtgjson.com/links/246d4c3ef25bb680", "tcgplayer": "https://mtgjson.com/links/5d6abcbb36438e32"}, "rarity": "rare", "rulings": [], "securityStamp": "oval", "setCode": "GS1", "subtypes": ["Phoenix"], "supertypes": [], "text": "Flying\n{2}{R}: Creatures you control get +1/+0 until end of turn.", "toughness": "4", "type": "Creature — Phoenix", "types": ["Creature"], "uuid": "3859deba-d873-55aa-8b86-abdefe6aec93"}, {"artist": "Shinchuen Chen", "availability": ["paper"], "borderColor": "black", "colorIdentity": ["G"], "colors": ["G"], "convertedManaCost": 6.0, "duelDeck": "b", "edhrecRank": 22885, "finishes": ["nonfoil"], "flavorText": "\"For reasons unknown to me, herds in the Arrow Bamboo Forest have become more and more agitated.\"\n—Jiang Yanggu's travelogue", "foreignData": [{"flavorText": "「不知是何原因，箭竹林中的兽群近来愈发躁动不安。」\n～旸谷纪行", "language": "Chinese Simplified", "multiverseId": 447119, "name": "撼地蛮兕", "text": "践踏（此生物攻击时造成之过量战斗伤害能对防御牌手或鹏洛客造成之。）", "type": "生物 ～野兽"}], "frameVersion": "2015", "hasFoil": false, "hasNonFoil": true, "identifiers": {"cardKingdomId": "219623", "cardsphereId": "55682", "mcmId": "359411", "mcmMetaId": "263016", "mtgjsonV4Id": "ccb0e37a-0aff-5f5d-9e03-66dbf89f07df", "multiverseId": "447079", "scryfallId": "418df457-4aab-486c-b691-41f03ec8a6df", "scryfallIllustrationId": "f5a4677e-c98c-41f0-b530-9759a5108423", "scryfallOracleId": "62c4d349-a18e-40a2-8cc3-244c219dec7f", "tcgplayerProductId": "168323"}, "isStarter": true, "keywords": ["Trample"], "language": "English", "layout": "normal", "legalities": {"commander": "Legal", "duel": "Legal", "legacy": "Legal", "pauper": "Legal", "paupercommander": "Legal", "vintage": "Legal"}, "manaCost": "{5}{G}", "manaValue": 6.0, "name": "Earthshaking Si", "number": "31", "originalText": "Trample (This creature can deal excess combat damage to defending player or planeswalker while attacking.)", "originalType": "Creature — Beast", "power": "5", "printings": ["GS1", "PZ2"], "purchaseUrls": {"cardKingdom": "https://mtgjson.com/links/6ff7ecde02705b96", "cardmarket": "https://mtgjson.com/links/651b40acbda7d346", "tcgplayer": "https://mtgjson.com/links/f7593e00ef16b1f4"}, "rarity": "common", "rulings": [], "setCode": "GS1", "subtypes": ["Beast"], "supertypes": [], "text": "Trample (This creature can deal excess combat damage to the player or planeswalker it's attacking.)", "toughness": "5", "type": "Creature — Beast", "types": ["Creature"], "uuid": "0ddfc7d0-25a3-5eb6-8f77-f9cbb6fba4a0"}, {"artist": "Tan Yan Yao", "availability": ["paper"], "borderColor": "black", "colorIdentity": ["G"], "colors": ["G"], "convertedManaCost": 3.0, "duelDeck": "b", "edhrecRank": 20486, "finishes": ["nonfoil"], "flavorText": "A pangolin's scales are resistant to all sorts of damage and weaponry. Desire for them threatens to drive the pangolin to extinction.", "foreignData": [{"flavorText": "鲮鲤甲片刀枪不入，水火不侵，这也成了它们终归灭绝的悲剧根源。", "language": "Chinese Simplified", "multiverseId": 447120, "name": "坚鳞厚甲", "text": "结附于生物\n所结附的生物得+3/+3。", "type": "结界 ～灵气"}], "frameVersion": "2015", "hasFoil": false, "hasNonFoil": true, "identifiers": {"cardKingdomId": "219604", "cardsphereId": "55688", "mcmId": "359410", "mcmMetaId": "263015", "mtgjsonV4Id": "7b7191ad-e5f1-585c-9600-ca13828d9676", "multiverseId": "447080", "scryfallId": "708e7438-b449-490e-820f-9ecd3199541b", "scryfallIllustrationId": "7fd1114b-e1ef-448f-9e88-88a6553904bd", "scryfallOracleId": "9eb58db8-7934-485c-8606-fb1a6cc60d42", "tcgplayerProductId": "168324"}, "isStarter": true, "keywords": ["Enchant"], "language": "English", "layout": "normal", "legalities": {"commander": "Legal", "duel": "Legal", "legacy": "Legal", "pauper": "Legal", "paupercommander": "Legal", "vintage": "Legal"}, "manaCost": "{2}{G}", "manaValue": 3.0, "name": "Hardened-Scale Armor", "number": "32", "originalText": "Enchant creature\nEnchanted creature gets +3/+3.", "originalType": "Enchantment — Aura", "printings": ["GS1", "PZ2"], "purchaseUrls": {"cardKingdom": "https://mtgjson.com/links/836a562489612907", "cardmarket": "https://mtgjson.com/links/e9b2cd62b14715f5", "tcgplayer": "https://mtgjson.com/links/089b27a261776c9d"}, "rarity": "common", "rulings": [], "setCode": "GS1", "subtypes": ["Aura"], "supertypes": [], "text": "Enchant creature\nEnchanted creature gets +3/+3.", "type": "Enchantment — Aura", "types": ["Enchantment"], "uuid": "aa88f1c8-d285-5f9d-bec5-44bb13ce5c29"}, {"artist": "Xin-Yu Liu", "availability": ["paper"], "borderColor": "black", "colorIdentity": ["R"], "colors": ["R"], "convertedManaCost": 2.0, "duelDeck": "b", "edhrecRank": 20611, "finishes": ["nonfoil"], "flavorText": "Fire leads to more fire.", "foreignData": [{"flavorText": "火，会引出更多火来。", "language": "Chinese Simplified", "multiverseId": 447121, "name": "烈焰吐息", "text": "烈焰吐息对目标生物造成2点伤害。", "type": "瞬间"}], "frameVersion": "2015", "hasFoil": false, "hasNonFoil": true, "identifiers": {"cardKingdomId": "219613", "cardsphereId": "55673", "mcmId": "359418", "mcmMetaId": "263022", "mtgjsonV4Id": "0f655b1b-22e0-5aa9-8b81-25fe3b875dc8", "multiverseId": "447081", "scryfallId": "41f2874a-2417-41cb-9cec-551eea78473c", "scryfallIllustrationId": "928dbd9a-b900-4bdb-b1f5-a892657f2283", "scryfallOracleId": "046923d6-2d58-42ce-afb8-886f4932e76c", "tcgplayerProductId": "168325"}, "isStarter": true, "language": "English", "layout": "normal", "legalities": {"commander": "Legal", "duel": "Legal", "legacy": "Legal", "pauper": "Legal", "paupercommander": "Legal", "vintage": "Legal"}, "manaCost": "{1}{R}", "manaValue": 2.0, "name": "Breath of Fire", "number": "33", "originalText": "Breath of Fire deals 2 damage to target creature.", "originalType": "Instant", "printings": ["GS1", "PZ2"], "purchaseUrls": {"cardKingdom": "https://mtgjson.com/links/3027f4fc0e078657", "cardmarket": "https://mtgjson.com/links/dccba1ea38d54e70", "tcgplayer": "https://mtgjson.com/links/60768375efc06424"}, "rarity": "common", "rulings": [], "setCode": "GS1", "subtypes": [], "supertypes": [], "text": "Breath of Fire deals 2 damage to target creature.", "type": "Instant", "types": ["Instant"], "uuid": "c8a07af1-556f-57a6-a7af-12f4658ffca7"}, {"artist": "Wolk Sheep", "availability": ["paper"], "borderColor": "black", "colorIdentity": ["G"], "colors": ["G"], "convertedManaCost": 2.0, "duelDeck": "b", "edhrecRank": 11524, "finishes": ["nonfoil"], "flavorText": "\"Mowu was wary that day, as though he sensed the danger ahead.\"\n—Jiang Yanggu's travelogue", "foreignData": [{"flavorText": "「那日，默武突而间警觉起来，似乎它也嗅到了我们即将面临的危险。」\n～旸谷纪行", "language": "Chinese Simplified", "multiverseId": 447122, "name": "好斗天性", "text": "目标由你操控的生物对目标不由你操控的生物造成伤害，其数量等同于前者的力量。", "type": "法术"}], "frameVersion": "2015", "hasFoil": false, "hasNonFoil": true, "identifiers": {"cardKingdomId": "219614", "cardsphereId": "55670", "mcmId": "359409", "mcmMetaId": "263014", "mtgjsonV4Id": "870d1ec5-abaa-513c-a10d-f02a5bb4eebe", "multiverseId": "447082", "scryfallId": "40ab4bcf-e6b9-4368-97d5-56862713a66a", "scryfallIllustrationId": "25e405f9-76c7-4db5-8740-b4fdce31321a", "scryfallOracleId": "d1c8f14b-7977-488a-8bd9-cefd6687f017", "tcgplayerProductId": "168327"}, "isStarter": true, "language": "English", "layout": "normal", "legalities": {"commander": "Legal", "duel": "Legal", "legacy": "Legal", "pauper": "Legal", "paupercommander": "Legal", "vintage": "Legal"}, "manaCost": "{1}{G}", "manaValue": 2.0, "name": "Aggressive Instinct", "number": "34", "originalText": "Target creature you control deals damage equal to its power to target creature you don't control.", "originalType": "Sorcery", "printings": ["GS1", "MB1", "PZ2"], "purchaseUrls": {"cardKingdom": "https://mtgjson.com/links/c86dec7d31777f19", "cardmarket": "https://mtgjson.com/links/0f51d5e99522567b", "tcgplayer": "https://mtgjson.com/links/268db4a367a35a1b"}, "rarity": "common", "rulings": [], "setCode": "GS1", "subtypes": [], "supertypes": [], "text": "Target creature you control deals damage equal to its power to target creature you don't control.", "type": "Sorcery", "types": ["Sorcery"], "uuid": "c5111a28-3483-5dca-aa00-d92dc396775f"}, {"artist": "Shinchuen Chen", "availability": ["paper"], "borderColor": "black", "colorIdentity": ["G"], "colors": ["G"], "convertedManaCost": 3.0, "duelDeck": "b", "edhrecRank": 20154, "finishes": ["nonfoil"], "flavorText": "\"Prepare for battle!\"\n—Jiang Yanggu", "foreignData": [{"flavorText": "「迎战！」\n～姜旸谷", "language": "Chinese Simplified", "multiverseId": 447123, "name": "狂力傲相", "text": "直到回合结束，目标生物得+4/+4且获得践踏异能。（它攻击时造成之过量战斗伤害能对防御牌手或鹏洛客造成之。）", "type": "法术"}], "frameVersion": "2015", "hasFoil": false, "hasNonFoil": true, "identifiers": {"cardKingdomId": "219622", "cardsphereId": "55678", "mcmId": "359408", "mcmMetaId": "263013", "mtgjsonV4Id": "6112ffe2-c009-5519-ac19-b10699b5358f", "multiverseId": "447083", "scryfallId": "98945e26-61e5-457d-ba8c-def924a7b1d1", "scryfallIllustrationId": "83687b22-1bbd-46a2-ac06-172913b1dc3b", "scryfallOracleId": "341f75a5-df02-48e9-8997-1938148ad89a", "tcgplayerProductId": "168328"}, "isStarter": true, "language": "English", "layout": "normal", "legalities": {"commander": "Legal", "duel": "Legal", "legacy": "Legal", "pauper": "Legal", "paupercommander": "Legal", "vintage": "Legal"}, "manaCost": "{2}{G}", "manaValue": 3.0, "name": "Confidence from Strength", "number": "35", "originalText": "Target creature gets +4/+4 and gains trample until end of turn. (It can deal excess combat damage to defending player or planeswalker while attacking.)", "originalType": "Sorcery", "printings": ["GS1", "PZ2"], "purchaseUrls": {"cardKingdom": "https://mtgjson.com/links/16050b3a24c4fa2f", "cardmarket": "https://mtgjson.com/links/fa877b466cea33b5", "tcgplayer": "https://mtgjson.com/links/d3602d9380235178"}, "rarity": "common", "rulings": [], "setCode": "GS1", "subtypes": [], "supertypes": [], "text": "Target creature gets +4/+4 and gains trample until end of turn. (It can deal excess combat damage to the player or planeswalker it's attacking.)", "type": "Sorcery", "types": ["Sorcery"], "uuid": "12f06e69-e22a-5938-a28f-95657d441e8d"}, {"artist": "Qiu De En", "availability": ["paper"], "borderColor": "black", "colorIdentity": ["G"], "colors": ["G"], "convertedManaCost": 3.0, "duelDeck": "b", "edhrecRank": 20047, "finishes": ["nonfoil"], "flavorText": "\"As my hands touched it, I realized that I had not found it—it had been leading me here.\"", "foreignData": [{"flavorText": "「当终于触碰到它的瞬间，惊觉不是我寻到了它，而是它一直在引领我。」", "language": "Chinese Simplified", "multiverseId": 447124, "name": "探灵寻踪", "text": "从你的牌库中搜寻一张基本地牌和一张名称为姜旸谷的牌，展示这些牌，将它们置于你手上，然后将你的牌库洗牌。", "type": "法术"}], "frameVersion": "2015", "hasFoil": false, "hasNonFoil": true, "identifiers": {"cardKingdomId": "219629", "cardsphereId": "55692", "mcmId": "359407", "mcmMetaId": "263012", "mtgjsonV4Id": "fbf36078-e6d0-5609-b125-c6c4aa581a2d", "multiverseId": "447084", "scryfallId": "3da5b115-84b5-4eb3-bbef-e5024601ebc8", "scryfallIllustrationId": "11c60267-1383-47d4-a9e6-a5d1b09aedd2", "scryfallOracleId": "e87606d5-5a23-4507-aece-8fdd044e7185", "tcgplayerProductId": "168330"}, "isStarter": true, "language": "English", "layout": "normal", "legalities": {"commander": "Legal", "duel": "Legal", "legacy": "Legal", "vintage": "Legal"}, "manaCost": "{2}{G}", "manaValue": 3.0, "name": "Journey for the Elixir", "number": "36", "originalText": "Search your library and graveyard for a basic land card and a card named Jiang Yanggu, reveal them, put them into your hand, then shuffle your library.", "originalType": "Sorcery", "printings": ["GS1", "PZ2"], "purchaseUrls": {"cardKingdom": "https://mtgjson.com/links/7542ac7130172c56", "cardmarket": "https://mtgjson.com/links/ae7fcf8cf87bcd85", "tcgplayer": "https://mtgjson.com/links/e810fe02e49975c4"}, "rarity": "rare", "rulings": [], "securityStamp": "oval", "setCode": "GS1", "subtypes": [], "supertypes": [], "text": "Search your library and graveyard for a basic land card and a card named Jiang Yanggu, reveal them, put them into your hand, then shuffle.", "type": "Sorcery", "types": ["Sorcery"], "uuid": "3dd95652-7e3c-5f78-9ae1-c2c13bb4543b"}, {"artist": "Tingting Yeh", "availability": ["paper"], "borderColor": "black", "colorIdentity": ["R"], "colors": ["R"], "convertedManaCost": 5.0, "duelDeck": "b", "edhrecRank": 22320, "finishes": ["nonfoil"], "flavorText": "\"Crackle\" and \"pop\" are the most wondrous sounds.", "foreignData": [{"flavorText": "最妙的音符莫过于「噼啪」和「哔啵」。", "language": "Chinese Simplified", "multiverseId": 447125, "name": "凤鸣涤焰", "text": "凤鸣涤焰对任意一个目标造成4点伤害。", "type": "法术"}], "frameVersion": "2015", "hasFoil": false, "hasNonFoil": true, "identifiers": {"cardKingdomId": "219632", "cardsphereId": "55675", "mcmId": "359417", "mcmMetaId": "263021", "mtgjsonV4Id": "5e873a51-5586-5e7f-b571-715c41056650", "multiverseId": "447085", "scryfallId": "79928b26-fcac-4c3f-9edd-292769c2e56e", "scryfallIllustrationId": "864d61f2-bbd4-46cd-ab99-183b7296984a", "scryfallOracleId": "4523c22b-363b-4bc6-ba23-b428054abc5d", "tcgplayerProductId": "168331"}, "isStarter": true, "language": "English", "layout": "normal", "legalities": {"commander": "Legal", "duel": "Legal", "legacy": "Legal", "pauper": "Legal", "paupercommander": "Legal", "vintage": "Legal"}, "manaCost": "{4}{R}", "manaValue": 5.0, "name": "Cleansing Screech", "number": "37", "originalText": "Cleansing Screech deals 4 damage to any target.", "originalType": "Sorcery", "printings": ["GS1", "MB1", "PZ2"], "purchaseUrls": {"cardKingdom": "https://mtgjson.com/links/ee5de828e39f8415", "cardmarket": "https://mtgjson.com/links/02527419993e715d", "tcgplayer": "https://mtgjson.com/links/672f0ac8122d692a"}, "rarity": "common", "rulings": [], "setCode": "GS1", "subtypes": [], "supertypes": [], "text": "Cleansing Screech deals 4 damage to any target.", "type": "Sorcery", "types": ["Sorcery"], "uuid": "cadb11f3-a9b6-525c-b7fb-d0d06d4ea616"}, {"artist": "Babyson Chen & Uzhen Lin", "availability": ["paper"], "borderColor": "black", "colorIdentity": ["G", "R"], "colors": [], "convertedManaCost": 0.0, "duelDeck": "b", "edhrecRank": 5380, "finishes": ["nonfoil"], "flavorText": "Near the Western Seas lies Mount Zhaoyao—a forest of stones that reaches the clouds, a bountiful land of wondrous treasures and strange animals.", "foreignData": [{"flavorText": "招摇之山，石林穿云，临于西海，多奇珍异兽。", "language": "Chinese Simplified", "multiverseId": 447126, "name": "林场峡谷", "text": "林场峡谷须横置进战场。\n{T}：加{R}或{G}。", "type": "地"}], "frameVersion": "2015", "hasFoil": false, "hasNonFoil": true, "identifiers": {"cardKingdomId": "219626", "cardsphereId": "55707", "mcmId": "359403", "mcmMetaId": "221380", "mtgjsonV4Id": "62e49fd2-bed1-5890-ac9c-f4ce7a8fbc9d", "multiverseId": "447086", "scryfallId": "c6bb439c-e682-4c26-ac3a-4a810b12b509", "scryfallIllustrationId": "a1337d88-ed93-40f4-9d7a-56f17ad9fa06", "scryfallOracleId": "00b34fab-5a80-4a4d-b6cf-72479197677a", "tcgplayerProductId": "168332"}, "isReprint": true, "isStarter": true, "language": "English", "layout": "normal", "legalities": {"commander": "Legal", "duel": "Legal", "explorer": "Legal", "gladiator": "Legal", "historic": "Legal", "historicbrawl": "Legal", "legacy": "Legal", "modern": "Legal", "pauper": "Legal", "paupercommander": "Legal", "penny": "Legal", "pioneer": "Legal", "vintage": "Legal"}, "manaValue": 0.0, "name": "Timber Gorge", "number": "38", "originalText": "Timber Gorge enters the battlefield tapped.\n{T}: Add {R} or {G}.", "originalType": "Land", "printings": ["AKH", "DOM", "GS1", "M19", "OGW", "PZ2"], "purchaseUrls": {"cardKingdom": "https://mtgjson.com/links/b8093cf590392822", "cardmarket": "https://mtgjson.com/links/474ad3309a9978ac", "tcgplayer": "https://mtgjson.com/links/e9641d176f15f3eb"}, "rarity": "common", "rulings": [], "setCode": "GS1", "subtypes": [], "supertypes": [], "text": "Timber Gorge enters the battlefield tapped.\n{T}: Add {R} or {G}.", "type": "Land", "types": ["Land"], "uuid": "6d73a143-cfae-5559-9460-b24eaabc9f68"}, {"artist": "Gaga Zeng", "availability": ["paper"], "borderColor": "black", "colorIdentity": ["R"], "colors": [], "convertedManaCost": 0.0, "duelDeck": "b", "finishes": ["nonfoil"], "foreignData": [{"language": "Chinese Simplified", "multiverseId": 447127, "name": "山脉", "type": "基本地 ～山脉"}], "frameVersion": "2015", "hasFoil": false, "hasNonFoil": true, "identifiers": {"cardKingdomId": "219634", "cardsphereId": "55696", "mcmId": "359402", "mcmMetaId": "3743", "mtgjsonV4Id": "fc5fbf0d-d185-5ab8-94c6-6f38a6c40f38", "multiverseId": "447087", "scryfallId": "e1a4064e-3fe3-49ab-9dd5-85872fc8477d", "scryfallIllustrationId": "bc9ca096-642b-485a-a176-3cf4efe9b76b", "scryfallOracleId": "a3fb7228-e76b-4e96-a40e-20b5fed75685", "tcgplayerProductId": "168333"}, "isReprint": true, "isStarter": true, "language": "English", "layout": "normal", "legalities": {"alchemy": "Legal", "brawl": "Legal", "commander": "Legal", "duel": "Legal", "explorer": "Legal", "future": "Legal", "gladiator": "Legal", "historic": "Legal", "historicbrawl": "Legal", "legacy": "Legal", "modern": "Legal", "pauper": "Legal", "paupercommander": "Legal", "penny": "Legal", "pioneer": "Legal", "premodern": "Legal", "standard": "Legal", "vintage": "Legal"}, "manaValue": 0.0, "name": "Mountain", "number": "39", "originalText": "R", "originalType": "Basic Land — Mountain", "printings": ["10E", "2ED", "2XM", "3ED", "40K", "4BB", "4ED", "5ED", "6ED", "7ED", "8ED", "9ED", "AFR", "AKH", "AKR", "ALA", "ANA", "ANB", "ARC", "ARN", "ATH", "AVR", "BBD", "BFZ", "BRB", "BTD", "C13", "C14", "C15", "C16", "C17", "C18", "C19", "CED", "CEI", "CHK", "CLB", "CM2", "CMA", "CMD", "CMR", "CST", "DD1", "DD2", "DDE", "DDG", "DDH", "DDI", "DDJ", "DDK", "DDL", "DDN", "DDP", "DDS", "DDT", "DDU", "DKM", "DMU", "DOM", "DPA", "DTK", "E01", "ELD", "EVG", "FBB", "FRF", "G17", "GK1", "GK2", "GN2", "GNT", "GRN", "GS1", "H09", "HBG", "HOP", "HOU", "ICE", "IKO", "INV", "ISD", "ITP", "J14", "JMP", "JVC", "KHM", "KLD", "KLR", "KTK", "LEA", "LEB", "LRW", "M10", "M11", "M12", "M13", "M14", "M15", "M19", "M20", "M21", "MBS", "ME1", "ME3", "MH2", "MID", "MIR", "MMQ", "MRD", "NEO", "NPH", "ODY", "OLEP", "ONS", "ORI", "P02", "PAL00", "PAL01", "PAL03", "PAL04", "PAL05", "PAL06", "PAL99", "PALP", "PANA", "PARL", "PC2", "PCA", "PD2", "PELP", "PF19", "PF20", "PGPX", "PGRU", "PHED", "PLIST", "PMPS", "PMPS06", "PMPS07", "PMPS08", "PMPS09", "PMPS10", "PMPS11", "POR", "PPP1", "PRM", "PRW2", "PRWK", "PS11", "PSAL", "PSS2", "PSS3", "PTC", "PTK", "PZ2", "RAV", "RIX", "RNA", "ROE", "RQS", "RTR", "S99", "SHM", "SLD", "SNC", "SOI", "SOM", "STX", "SUM", "TD0", "THB", "THS", "TMP", "TPR", "TSP", "UGL", "UND", "UNF", "UNH", "USG", "UST", "VOW", "WAR", "WC00", "WC01", "WC02", "WC03", "WC97", "WC98", "WC99", "XANA", "XLN", "ZEN", "ZNR"], "purchaseUrls": {"cardKingdom": "https://mtgjson.com/links/9505b676d8fec4bf", "cardmarket": "https://mtgjson.com/links/c84094f498b3380c", "tcgplayer": "https://mtgjson.com/links/314a045bad8df5aa"}, "rarity": "common", "rulings": [], "setCode": "GS1", "subtypes": ["Mountain"], "supertypes": ["Basic"], "text": "({T}: Add {R}.)", "type": "Basic Land — Mountain", "types": ["Land"], "uuid": "83b5c794-dca3-527b-9250-3b8bb879fcd3"}, {"artist": "Xin-Yu Liu", "availability": ["paper"], "borderColor": "black", "colorIdentity": ["G"], "colors": [], "convertedManaCost": 0.0, "duelDeck": "b", "finishes": ["nonfoil"], "foreignData": [{"language": "Chinese Simplified", "multiverseId": 447128, "name": "树林", "type": "基本地 ～树林"}], "frameVersion": "2015", "hasFoil": false, "hasNonFoil": true, "identifiers": {"cardKingdomId": "219624", "cardsphereId": "55686", "mcmId": "359401", "mcmMetaId": "2177", "mtgjsonV4Id": "e08b18bb-3bad-544e-94b8-7a8b3c2fcb37", "multiverseId": "447088", "scryfallId": "3ee0a9b2-5570-44f0-bc66-6ed7677ce2e2", "scryfallIllustrationId": "68f371eb-0282-4250-beba-78b73f1f22a2", "scryfallOracleId": "b34bb2dc-c1af-4d77-b0b3-a0fb342a5fc6", "tcgplayerProductId": "168334"}, "isReprint": true, "isStarter": true, "language": "English", "layout": "normal", "legalities": {"alchemy": "Legal", "brawl": "Legal", "commander": "Legal", "duel": "Legal", "explorer": "Legal", "future": "Legal", "gladiator": "Legal", "historic": "Legal", "historicbrawl": "Legal", "legacy": "Legal", "modern": "Legal", "pauper": "Legal", "paupercommander": "Legal", "penny": "Legal", "pioneer": "Legal", "premodern": "Legal", "standard": "Legal", "vintage": "Legal"}, "manaValue": 0.0, "name": "Forest", "number": "40", "originalText": "G", "originalType": "Basic Land — Forest", "printings": ["10E", "2ED", "2XM", "3ED", "40K", "4BB", "4ED", "5ED", "6ED", "7ED", "8ED", "9ED", "AFR", "AKH", "AKR", "ALA", "ANA", "ANB", "ARC", "ATH", "AVR", "BBD", "BFZ", "BRB", "BTD", "C13", "C14", "C15", "C16", "C17", "C18", "C19", "CED", "CEI", "CHK", "CLB", "CM2", "CMA", "CMD", "CMR", "CST", "DD1", "DDD", "DDE", "DDG", "DDH", "DDJ", "DDL", "DDM", "DDO", "DDP", "DDR", "DDS", "DDU", "DKM", "DMU", "DOM", "DPA", "DTK", "E01", "ELD", "EVG", "FBB", "FRF", "G17", "GK1", "GK2", "GN2", "GNT", "GRN", "GS1", "GVL", "H09", "HBG", "HOP", "HOU", "ICE", "IKO", "INV", "ISD", "ITP", "J14", "JMP", "KHM", "KLD", "KLR", "KTK", "LEA", "LEB", "LRW", "M10", "M11", "M12", "M13", "M14", "M15", "M19", "M20", "M21", "MBS", "ME1", "ME3", "MH2", "MID", "MIR", "MMQ", "MRD", "NEO", "NPH", "ODY", "OLEP", "ONS", "ORI", "P02", "PAL00", "PAL01", "PAL03", "PAL04", "PAL05", "PAL06", "PAL99", "PALP", "PANA", "PARL", "PC2", "PCA", "PELP", "PF19", "PF20", "PGPX", "PGRU", "PMPS", "PMPS06", "PMPS07", "PMPS08", "PMPS09", "PMPS10", "PMPS11", "POR", "PPP1", "PRM", "PRW2", "PRWK", "PS11", "PSAL", "PSS2", "PSS3", "PTC", "PTK", "PZ2", "RAV", "RIX", "RNA", "ROE", "RQS", "RTR", "S99", "SHM", "SLD", "SNC", "SOI", "SOM", "STX", "SUM", "TD0", "TD2", "THB", "THS", "TMP", "TPR", "TSP", "UGL", "UND", "UNF", "UNH", "USG", "UST", "VOW", "WAR", "WC00", "WC01", "WC02", "WC03", "WC04", "WC97", "WC98", "WC99", "XANA", "XLN", "ZEN", "ZNR"], "purchaseUrls": {"cardKingdom": "https://mtgjson.com/links/d8d1486cc83a9672", "cardmarket": "https://mtgjson.com/links/3815ab5674a58383", "tcgplayer": "https://mtgjson.com/links/4dc7ed514fb5f815"}, "rarity": "common", "rulings": [], "setCode": "GS1", "subtypes": ["Forest"], "supertypes": ["Basic"], "text": "({T}: Add {G}.)", "type": "Basic Land — Forest", "types": ["Land"], "uuid": "2d67b27c-a6fc-5208-93fc-ce95177a3eb6"}], "cardsphereSetId": 985, "code": "GS1", "isFoilOnly": false, "isOnlineOnly": false, "keyruneCode": "GS1", "mcmId": 2108, "mcmName": "Global Series Jiang Yanggu & Mu Yanling", "name": "Global Series Jiang Yanggu & Mu Yanling", "releaseDate": "2018-06-22", "sealedProduct": [{"identifiers": {"tcgplayerProductId": "166535"}, "name": "Global Series Jiang Yanggu and Mu Yanling", "purchaseUrls": {"tcgplayer": "https://mtgjson.com/links/618bd284e7088bfb"}, "releaseDate": "2018-06-22", "uuid": "964e6935-9f2d-5196-9107-a1f3f8f16e4a"}], "tcgplayerGroupId": 2247, "tokens": [{"artist": "XiaoDi Jin", "availability": ["paper"], "borderColor": "black", "colorIdentity": ["G"], "colors": ["G"], "faceName": "Mowu", "finishes": ["foil"], "frameEffects": ["legendary"], "frameVersion": "2015", "hasFoil": true, "hasNonFoil": false, "identifiers": {"mtgjsonV4Id": "2d66e8e4-4959-5989-829a-705e6c2a8f67", "scryfallId": "b10441dd-9029-4f95-9566-d3771ebd36bd", "scryfallIllustrationId": "a362b41b-2fcd-4570-bb08-5a0eaab5bc47", "scryfallOracleId": "f425d9db-08e9-4f06-9b08-2a5804d4f0fd", "tcgplayerProductId": "169263"}, "language": "English", "layout": "double_faced_token", "name": "Mowu // Mowu", "number": "T1", "power": "3", "reverseRelated": ["Jiang Yanggu"], "setCode": "GS1", "side": "a", "subtypes": ["Dog"], "supertypes": ["Legendary"], "toughness": "3", "type": "Token Legendary Creature — Dog", "types": ["Token", "Creature"], "uuid": "10024b0a-7812-5c34-9f04-58ccd5c1520b"}, {"artist": "XiaoDi Jin", "availability": ["paper"], "borderColor": "black", "colorIdentity": ["G"], "colors": ["G"], "faceName": "Mowu", "finishes": ["foil"], "frameEffects": ["legendary"], "frameVersion": "2015", "hasFoil": true, "hasNonFoil": false, "identifiers": {"mtgjsonV4Id": "23cc8354-bfdc-5ef3-b2b6-44cd82781d8c", "scryfallId": "b10441dd-9029-4f95-9566-d3771ebd36bd", "scryfallIllustrationId": "98495694-dbe1-42af-b36e-081b32ceb28f", "scryfallOracleId": "f425d9db-08e9-4f06-9b08-2a5804d4f0fd", "tcgplayerProductId": "169263"}, "language": "English", "layout": "double_faced_token", "name": "Mowu // Mowu", "number": "T1", "power": "3", "reverseRelated": ["Jiang Yanggu"], "setCode": "GS1", "side": "b", "subtypes": ["Dog"], "supertypes": ["Legendary"], "toughness": "3", "type": "Token Legendary Creature — Dog", "types": ["Token", "Creature"], "uuid": "21e03b02-809d-550f-abf6-ea0426a60f5a"}], "totalSetSize": 40, "translations": {}, "type": "duel_deck"}}