{"meta": {"date": "2022-09-29", "version": "5.2.0+20220929"}, "data": {"baseSetSize": 40, "cards": [{"artist": "Bastien L. Deharme", "availability": ["paper"], "borderColor": "black", "colorIdentity": ["W"], "colors": ["W"], "convertedManaCost": 1.0, "edhrecRank": 615, "finishes": ["foil", "etched"], "foreignData": [], "frameVersion": "1997", "hasFoil": true, "hasNonFoil": false, "identifiers": {"cardKingdomEtchedId": "247111", "cardKingdomFoilId": "246230", "cardsphereId": "78629", "mcmId": "566180", "mtgjsonV4Id": "2806c918-8440-5c62-885d-264f9bd66da0", "scryfallId": "f48ab69d-8a01-4dcb-af70-31e2c62278df", "scryfallIllustrationId": "5d67871c-44c1-43f8-95f0-1e06e3a3e92c", "scryfallOracleId": "0fd57894-b917-41c8-a394-360d1d31b236", "tcgplayerEtchedProductId": "239667", "tcgplayerProductId": "239666"}, "isReprint": true, "isStarter": true, "keywords": ["Rebound"], "language": "English", "layout": "normal", "legalities": {"commander": "Legal", "duel": "Legal", "gladiator": "Legal", "historic": "Legal", "historicbrawl": "Legal", "legacy": "Legal", "modern": "Legal", "pauper": "Legal", "paupercommander": "Legal", "vintage": "Legal"}, "manaCost": "{W}", "manaValue": 1.0, "name": "Ephemerate", "number": "1", "printings": ["H1R", "MB1", "MH1", "PSVC", "STA"], "promoTypes": ["boosterfun"], "purchaseUrls": {"cardKingdomEtched": "https://mtgjson.com/links/8e15dcd047e8b2f0", "cardKingdomFoil": "https://mtgjson.com/links/dcbddaf198c24d6c", "tcgplayer": "https://mtgjson.com/links/c1b2a17c06c93155", "tcgplayerEtched": "https://mtgjson.com/links/27144ad70f9263a9"}, "rarity": "uncommon", "rulings": [{"date": "2019-06-14", "text": "Once the exiled creature returns, it's considered a new object with no relation to the object that it was. Auras attached to the exiled creature will be put into their owners' graveyards. Equipment attached to the exiled creature will become unattached and remain on the battlefield. Any counters on the exiled creature will cease to exist."}, {"date": "2019-06-14", "text": "If a token is exiled this way, it will cease to exist and won't return to the battlefield."}, {"date": "2019-06-14", "text": "Casting the card again due to rebound's delayed triggered ability is optional. If you choose not to cast the card, or if you can't (perhaps because there are no legal targets available), the card will stay exiled. You won't get another chance to cast it on a future turn. If you do cast the card, it's put into its owner's graveyard as normal once it resolves."}, {"date": "2019-06-14", "text": "If a spell with rebound that you cast from your hand is countered or doesn't resolve (most likely because its targets have become illegal), none of its effects will happen, including rebound. The spell will be put into its owner's graveyard and you won't get to cast it again on your next turn."}], "setCode": "H1R", "subtypes": [], "supertypes": [], "text": "Exile target creature you control, then return it to the battlefield under its owner's control.\nRebound (If you cast this spell from your hand, exile it as it resolves. At the beginning of your next upkeep, you may cast this card from exile without paying its mana cost.)", "type": "Instant", "types": ["Instant"], "uuid": "9f7b84bd-568d-573e-90e7-bd32652e6fbf"}, {"artist": "Kev Walker", "availability": ["paper"], "borderColor": "black", "colorIdentity": ["W"], "colors": ["W"], "convertedManaCost": 3.0, "edhrecRank": 64, "finishes": ["foil", "etched"], "flavorText": "The best presents are impossible to regift.", "foreignData": [], "frameVersion": "1997", "hasFoil": true, "hasNonFoil": false, "identifiers": {"cardKingdomEtchedId": "247112", "cardKingdomFoilId": "246615", "cardsphereId": "78602", "mcmId": "566947", "mtgjsonV4Id": "a3c1898b-56c2-574f-bc78-a9b4bfe668fd", "scryfallId": "47f44d5a-f3d6-4a9a-8bd3-b17a88565c51", "scryfallIllustrationId": "1809744f-934a-48b9-b942-4480c6b39602", "scryfallOracleId": "fae37e28-e137-4177-b973-fa8b4dd8f409", "tcgplayerEtchedProductId": "240414", "tcgplayerProductId": "240413"}, "isReprint": true, "isStarter": true, "language": "English", "layout": "normal", "legalities": {"commander": "Legal", "duel": "Legal", "legacy": "Legal", "modern": "Legal", "vintage": "Legal"}, "manaCost": "{2}{W}", "manaValue": 3.0, "name": "Generous Gift", "number": "2", "printings": ["CMR", "DMC", "H1R", "MH1", "NCC", "NEC", "PRM", "SLD"], "promoTypes": ["boosterfun"], "purchaseUrls": {"cardKingdomEtched": "https://mtgjson.com/links/3d4f24c3744b4d4e", "cardKingdomFoil": "https://mtgjson.com/links/e2c00c36e64c4e7f", "tcgplayer": "https://mtgjson.com/links/f49be823cba53ffd", "tcgplayerEtched": "https://mtgjson.com/links/3051c646305fcea2"}, "rarity": "uncommon", "rulings": [{"date": "2019-06-14", "text": "If the target permanent is an illegal target by the time Generous Gift tries to resolve, the spell doesn't resolve. No player creates an Elephant. If the target is legal but not destroyed (most likely because it has indestructible), its controller does create an Elephant."}], "setCode": "H1R", "subtypes": [], "supertypes": [], "text": "Destroy target permanent. Its controller creates a 3/3 green Elephant creature token.", "type": "Instant", "types": ["Instant"], "uuid": "fc72582b-6020-5736-aecb-feb8d9e92888"}, {"artist": "Seb McKinnon", "availability": ["paper"], "borderColor": "black", "colorIdentity": ["W"], "colors": ["W"], "convertedManaCost": 1.0, "edhrecRank": 1047, "finishes": ["foil", "etched"], "flavorText": "She provides marks of protection to those she chooses as family.", "foreignData": [], "frameVersion": "1997", "hasFoil": true, "hasNonFoil": false, "identifiers": {"cardKingdomEtchedId": "247113", "cardKingdomFoilId": "246114", "cardsphereId": "78612", "mcmId": "566134", "mtgjsonV4Id": "6ac8d1d9-5339-5b5a-8385-e43e4d01c559", "scryfallId": "f2bdcfec-d412-442c-91c8-53022c8e316d", "scryfallIllustrationId": "78ed725b-1cd7-409e-9f3e-ab9e78399150", "scryfallOracleId": "4ec85850-f274-4c0c-9a03-0488267caa14", "tcgplayerEtchedProductId": "239398", "tcgplayerProductId": "239620"}, "isReprint": true, "isStarter": true, "language": "English", "layout": "normal", "legalities": {"commander": "Legal", "duel": "Legal", "legacy": "Legal", "modern": "Legal", "vintage": "Legal"}, "manaCost": "{W}", "manaValue": 1.0, "name": "Giver of Runes", "number": "3", "power": "1", "printings": ["H1R", "MH1", "PLIST"], "promoTypes": ["boosterfun"], "purchaseUrls": {"cardKingdomEtched": "https://mtgjson.com/links/93d997290924d0fc", "cardKingdomFoil": "https://mtgjson.com/links/ab88c14d61c0baed", "tcgplayer": "https://mtgjson.com/links/524d1a68900d31a1", "tcgplayerEtched": "https://mtgjson.com/links/85002ea32dae5aaa"}, "rarity": "rare", "rulings": [{"date": "2019-06-14", "text": "Protection from a color means that the target creature can’t be blocked by creatures of that color, can’t be the target of spells of that color or abilities from sources of that color, can’t be enchanted or equipped by Auras or Equipment of that color, and all damage that sources of that color would deal to it is prevented. Nothing other than these events is prevented or illegal."}, {"date": "2019-06-14", "text": "Similarly, protection from colorless means that the target creature can’t be blocked by colorless creatures, can’t be the target of colorless spells or abilities of colorless sources, can’t be enchanted or equipped by colorless Auras or Equipment, and all damage that colorless sources would deal to it is prevented."}, {"date": "2019-06-14", "text": "A permanent gaining protection may cause a spell or ability on the stack to have an illegal target. As a spell or ability tries to resolve, if all its targets are illegal, that spell or ability doesn’t resolve. None of its effects happen, including effects unrelated to the target. If at least one target is still legal, the spell or ability does as much as it can to the remaining legal targets, and its other effects still happen."}], "setCode": "H1R", "subtypes": ["Kor", "Cleric"], "supertypes": [], "text": "{T}: Another target creature you control gains protection from colorless or from the color of your choice until end of turn.", "toughness": "2", "type": "Creature — Kor Cleric", "types": ["Creature"], "uuid": "5661be73-4808-5bcd-ad0a-428749d9c8ff"}, {"artist": "Jonathan Kuo", "availability": ["paper"], "borderColor": "black", "colorIdentity": ["W"], "colors": ["W"], "convertedManaCost": 3.0, "edhrecRank": 3260, "finishes": ["foil", "etched"], "flavorText": "\"Glorious, to walk again across the savannah with my beloved.\"\n—\"Love Song of Night and Day\"", "foreignData": [], "frameVersion": "1997", "hasFoil": true, "hasNonFoil": false, "identifiers": {"cardKingdomEtchedId": "247114", "cardKingdomFoilId": "246336", "cardsphereId": "78607", "mcmId": "566470", "mtgjsonV4Id": "da0c9919-ed34-5fea-a1b1-fd955bb1ea6a", "scryfallId": "55c67d56-62d5-417a-b1a6-51c91ba3abb1", "scryfallIllustrationId": "2975c7d9-4284-4759-a73e-12d6ac4a9928", "scryfallOracleId": "96d0e4dd-6cc2-4349-ac44-785b50f8dd90", "tcgplayerEtchedProductId": "239860", "tcgplayerProductId": "239859"}, "isReprint": true, "isStarter": true, "language": "English", "layout": "normal", "legalities": {"commander": "Legal", "duel": "Legal", "gladiator": "Legal", "historic": "Legal", "historicbrawl": "Legal", "legacy": "Legal", "modern": "Legal", "paupercommander": "Restricted", "penny": "Legal", "vintage": "Legal"}, "manaCost": "{2}{W}", "manaValue": 3.0, "name": "King of the Pride", "number": "4", "power": "2", "printings": ["H1R", "J21", "MH1"], "promoTypes": ["boosterfun"], "purchaseUrls": {"cardKingdomEtched": "https://mtgjson.com/links/8ccc3f7abdf4f9a9", "cardKingdomFoil": "https://mtgjson.com/links/96763c68744f28ff", "tcgplayer": "https://mtgjson.com/links/b8dc60d96737d6bd", "tcgplayerEtched": "https://mtgjson.com/links/c9e17333b6d6f795"}, "rarity": "uncommon", "rulings": [], "setCode": "H1R", "subtypes": ["Cat"], "supertypes": [], "text": "Other Cats you control get +2/+1.", "toughness": "1", "type": "Creature — Cat", "types": ["Creature"], "uuid": "e946eb13-b356-5336-91ff-f2c727713187"}, {"artist": "Ryan Pancoast", "availability": ["paper"], "borderColor": "black", "colorIdentity": ["W"], "colors": ["W"], "convertedManaCost": 3.0, "edhrecRank": 903, "finishes": ["foil", "etched"], "foreignData": [], "frameVersion": "1997", "hasFoil": true, "hasNonFoil": false, "identifiers": {"cardKingdomEtchedId": "247115", "cardKingdomFoilId": "246354", "cardsphereId": "78589", "mcmId": "566519", "mtgjsonV4Id": "f8967b6f-610f-5b3f-b904-7733841cbedb", "scryfallId": "ab9eef1c-8e8e-45e6-aaef-98ff569a1845", "scryfallIllustrationId": "cdb00ed6-6f4e-4fd0-a77a-78588cce36de", "scryfallOracleId": "cada3481-cc2b-4412-b9b5-0436af53aad2", "tcgplayerEtchedProductId": "240141", "tcgplayerProductId": "240140"}, "isReprint": true, "isStarter": true, "language": "English", "layout": "normal", "legalities": {"commander": "Legal", "duel": "Legal", "gladiator": "Legal", "historic": "Legal", "historicbrawl": "Legal", "legacy": "Legal", "modern": "Legal", "vintage": "Legal"}, "manaCost": "{1}{W}{W}", "manaValue": 3.0, "name": "Ranger-Captain of Eos", "number": "5", "power": "3", "printings": ["H1R", "J21", "MH1"], "promoTypes": ["boosterfun"], "purchaseUrls": {"cardKingdomEtched": "https://mtgjson.com/links/4de5a836ccd37777", "cardKingdomFoil": "https://mtgjson.com/links/6f332570ddc03ba1", "tcgplayer": "https://mtgjson.com/links/8ab4a2085655fa03", "tcgplayerEtched": "https://mtgjson.com/links/cb92c8455ccf4492"}, "rarity": "mythic", "rulings": [{"date": "2019-06-14", "text": "If a card in a player’s library has {X} in its mana cost, X is considered to be 0."}, {"date": "2019-06-14", "text": "Your opponents may cast spells in response to the last ability of Ranger-Captain of Eos. The ability won’t affect those spells and it won’t affect spells that those players cast before you activated it. (In other words, the ability can’t be used to counter a spell.)"}], "setCode": "H1R", "subtypes": ["Human", "Soldier", "Ranger"], "supertypes": [], "text": "When Ranger-Captain of Eos enters the battlefield, you may search your library for a creature card with mana value 1 or less, reveal it, put it into your hand, then shuffle.\nSacrifice Ranger-Captain of Eos: Your opponents can't cast noncreature spells this turn.", "toughness": "3", "type": "Creature — Human Soldier Ranger", "types": ["Creature"], "uuid": "688ed496-4aba-5275-9b32-8581025f7b7f"}, {"artist": "Anna Steinbauer", "availability": ["paper"], "borderColor": "black", "colorIdentity": ["B", "G", "R", "U", "W"], "colors": ["W"], "convertedManaCost": 3.0, "edhrecRank": 1839, "finishes": ["foil", "etched"], "foreignData": [], "frameVersion": "1997", "hasFoil": true, "hasNonFoil": false, "identifiers": {"cardKingdomEtchedId": "247116", "cardKingdomFoilId": "246527", "cardsphereId": "78625", "mcmId": "566860", "mtgjsonV4Id": "ebf2ab3d-3dd4-5caf-85b6-00ca0b01f600", "scryfallId": "673cfb84-b76f-44c2-9ca1-5d57d1ac525f", "scryfallIllustrationId": "05895774-51cc-4f35-872a-d43d87db3af0", "scryfallOracleId": "fb777610-7562-4d9d-8497-62c562e6d7cb", "tcgplayerEtchedProductId": "240286", "tcgplayerProductId": "240285"}, "isReprint": true, "isStarter": true, "language": "English", "layout": "normal", "leadershipSkills": {"brawl": false, "commander": true, "oathbreaker": false}, "legalities": {"commander": "Legal", "duel": "Legal", "legacy": "Legal", "modern": "Legal", "penny": "Legal", "vintage": "Legal"}, "manaCost": "{2}{W}", "manaValue": 3.0, "name": "Sisay, Weatherlight Captain", "number": "6", "power": "2", "printings": ["H1R", "MH1", "SLD"], "promoTypes": ["boosterfun"], "purchaseUrls": {"cardKingdomEtched": "https://mtgjson.com/links/b7a0a7b62e6a7a48", "cardKingdomFoil": "https://mtgjson.com/links/1db683021a6a198d", "tcgplayer": "https://mtgjson.com/links/a16beb4f40dd9e92", "tcgplayerEtched": "https://mtgjson.com/links/3002165f6068aa93"}, "rarity": "rare", "rulings": [{"date": "2019-06-14", "text": "If Sisay leaves the battlefield after you’ve activated its last ability but before that ability resolves, use its last known existence on the battlefield to determine what cards you can find."}, {"date": "2019-06-14", "text": "If a card in a library has {X} in its mana cost, X is considered to be 0."}], "setCode": "H1R", "subtypes": ["Human", "Soldier"], "supertypes": ["Legendary"], "text": "Sisay, Weatherlight Captain gets +1/+1 for each color among other legendary permanents you control.\n{W}{U}{B}{R}{G}: Search your library for a legendary permanent card with mana value less than Sisay's power, put that card onto the battlefield, then shuffle.", "toughness": "2", "type": "Legendary Creature — Human Soldier", "types": ["Creature"], "uuid": "37a36baf-c9d2-5217-bd74-df614474344c"}, {"artist": "Alayna Danner", "availability": ["paper"], "borderColor": "black", "colorIdentity": ["U"], "colors": ["U"], "convertedManaCost": 3.0, "edhrecRank": 2594, "finishes": ["foil", "etched"], "foreignData": [], "frameVersion": "1997", "hasFoil": true, "hasNonFoil": false, "identifiers": {"cardKingdomEtchedId": "247117", "cardKingdomFoilId": "246345", "cardsphereId": "78626", "mcmId": "566474", "mtgjsonV4Id": "be89688f-c544-57fb-8cea-4ab54758cf88", "scryfallId": "8a2ab58d-a632-4162-82b2-664e9ac4b319", "scryfallIllustrationId": "bb6843d3-1578-4d27-b443-735c528fd277", "scryfallOracleId": "85cbb035-25df-43bb-ae06-ab098f448b02", "tcgplayerEtchedProductId": "239974", "tcgplayerProductId": "239973"}, "isReprint": true, "isStarter": true, "language": "English", "layout": "normal", "legalities": {"commander": "Legal", "duel": "Legal", "gladiator": "Legal", "historic": "Legal", "historicbrawl": "Legal", "legacy": "Legal", "modern": "Legal", "vintage": "Legal"}, "manaCost": "{U}{U}{U}", "manaValue": 3.0, "name": "Archmage's Charm", "number": "7", "printings": ["H1R", "J21", "MH1", "SCH"], "promoTypes": ["boosterfun"], "purchaseUrls": {"cardKingdomEtched": "https://mtgjson.com/links/8d877ad4e44c7684", "cardKingdomFoil": "https://mtgjson.com/links/3a52208663fc658f", "tcgplayer": "https://mtgjson.com/links/22c5076736ce1bd1", "tcgplayerEtched": "https://mtgjson.com/links/76c271987c1eeaca"}, "rarity": "rare", "rulings": [{"date": "2019-06-14", "text": "If a creature on the battlefield has {X} in its mana cost, X is considered to be 0."}], "setCode": "H1R", "subtypes": [], "supertypes": [], "text": "Choose one —\n• Counter target spell.\n• Target player draws two cards.\n• Gain control of target nonland permanent with mana value 1 or less.", "type": "Instant", "types": ["Instant"], "uuid": "31492d9b-e4cd-55f1-b9ce-71dfc66dda4f"}, {"artist": "Colin Boyer", "availability": ["paper"], "borderColor": "black", "colorIdentity": ["U"], "colors": ["U"], "convertedManaCost": 1.0, "edhrecRank": 1459, "finishes": ["foil", "etched"], "flavorText": "\"The patterns of crossing ripples reveal the future to those who know how to read them.\"", "foreignData": [], "frameVersion": "1997", "hasFoil": true, "hasNonFoil": false, "identifiers": {"cardKingdomEtchedId": "247118", "cardKingdomFoilId": "246137", "cardsphereId": "78591", "mcmId": "566135", "mtgjsonV4Id": "ec93b9bf-a3dd-525b-9c1c-43665fb13c23", "scryfallId": "3989e920-05df-4b30-9ec3-e6ecaa436fce", "scryfallIllustrationId": "338f93c2-2cf6-4421-946d-c02185221085", "scryfallOracleId": "b2e65e8b-5f08-4cc2-ab1d-00f8903dbea2", "tcgplayerEtchedProductId": "239452", "tcgplayerProductId": "239610"}, "isReprint": true, "isStarter": true, "keywords": ["Flying", "Scry"], "language": "English", "layout": "normal", "legalities": {"commander": "Legal", "duel": "Legal", "gladiator": "Legal", "historic": "Legal", "historicbrawl": "Legal", "legacy": "Legal", "modern": "Legal", "pauper": "Legal", "paupercommander": "Legal", "vintage": "Legal"}, "manaCost": "{U}", "manaValue": 1.0, "name": "Faerie Seer", "number": "8", "power": "1", "printings": ["H1R", "J21", "MH1"], "promoTypes": ["boosterfun"], "purchaseUrls": {"cardKingdomEtched": "https://mtgjson.com/links/748a239adfd50461", "cardKingdomFoil": "https://mtgjson.com/links/5e6b93033ef9aec7", "tcgplayer": "https://mtgjson.com/links/e16f917067af5c69", "tcgplayerEtched": "https://mtgjson.com/links/64b41dfdd907d808"}, "rarity": "uncommon", "rulings": [], "setCode": "H1R", "subtypes": ["Faerie", "Wizard"], "supertypes": [], "text": "Flying\nWhen Faerie Seer enters the battlefield, scry 2.", "toughness": "1", "type": "Creature — Faerie Wizard", "types": ["Creature"], "uuid": "3c10a823-6958-5757-a708-ed1c4f05ec8b"}, {"artist": "Paul Scott Canavan", "availability": ["paper"], "borderColor": "black", "colorIdentity": ["U"], "colors": ["U"], "convertedManaCost": 3.0, "edhrecRank": 254, "finishes": ["foil", "etched"], "foreignData": [], "frameVersion": "1997", "hasFoil": true, "hasNonFoil": false, "identifiers": {"cardKingdomEtchedId": "247119", "cardKingdomFoilId": "246115", "cardsphereId": "78614", "mcmId": "566136", "mtgjsonV4Id": "1d7a0ef9-dbe4-5c54-b59a-9dd35029667e", "scryfallId": "b769ba9e-2ac8-48a9-9f45-23a4ccd0cb96", "scryfallIllustrationId": "ac811f1c-0e04-4eb5-a666-9bacc7c30d2f", "scryfallOracleId": "ac2173f9-f223-440a-9231-fd98762bdc6f", "tcgplayerEtchedProductId": "239399", "tcgplayerProductId": "239621"}, "isReprint": true, "isStarter": true, "language": "English", "layout": "normal", "legalities": {"commander": "Legal", "duel": "Legal", "legacy": "Legal", "modern": "Legal", "vintage": "Legal"}, "manaCost": "{1}{U}{U}", "manaValue": 3.0, "name": "Force of Negation", "number": "9", "printings": ["2X2", "H1R", "MH1"], "promoTypes": ["boosterfun"], "purchaseUrls": {"cardKingdomEtched": "https://mtgjson.com/links/f3738ad4566cf1cf", "cardKingdomFoil": "https://mtgjson.com/links/02223aa6963ca926", "tcgplayer": "https://mtgjson.com/links/00dadccb04542c05", "tcgplayerEtched": "https://mtgjson.com/links/4fde1033abb4c9a7"}, "rarity": "rare", "rulings": [], "setCode": "H1R", "subtypes": [], "supertypes": [], "text": "If it's not your turn, you may exile a blue card from your hand rather than pay this spell's mana cost.\nCounter target noncreature spell. If that spell is countered this way, exile it instead of putting it into its owner's graveyard.", "type": "Instant", "types": ["Instant"], "uuid": "3353f32a-1938-5e04-b9ba-f31da9b5924d"}, {"artist": "Scott Murphy", "availability": ["paper"], "borderColor": "black", "colorIdentity": ["U"], "colors": ["U"], "convertedManaCost": 3.0, "edhrecRank": 757, "finishes": ["foil", "etched"], "foreignData": [], "frameVersion": "1997", "hasFoil": true, "hasNonFoil": false, "identifiers": {"cardKingdomEtchedId": "247120", "cardKingdomFoilId": "246181", "cardsphereId": "78644", "mcmId": "566164", "mtgjsonV4Id": "dcfcf2eb-accb-5ab3-a328-a75b60bef02e", "scryfallId": "b05fa81a-a0f5-4cb1-b4c7-f4016ab65c4c", "scryfallIllustrationId": "e4b5b17a-fa3c-4b3c-ab4f-a8d884d56b7a", "scryfallOracleId": "c2b51295-8820-425f-a517-55231123c7de", "tcgplayerEtchedProductId": "239657", "tcgplayerProductId": "239656"}, "isReprint": true, "isStarter": true, "language": "English", "layout": "normal", "legalities": {"commander": "Legal", "duel": "Legal", "legacy": "Legal", "modern": "Legal", "paupercommander": "Restricted", "penny": "Legal", "vintage": "Legal"}, "manaCost": "{2}{U}", "manaValue": 3.0, "name": "Tribute Mage", "number": "10", "power": "2", "printings": ["H1R", "MH1", "PHED"], "promoTypes": ["boosterfun"], "purchaseUrls": {"cardKingdomEtched": "https://mtgjson.com/links/5a28c1d00bbeb92b", "cardKingdomFoil": "https://mtgjson.com/links/441fdcc401a4d8fd", "tcgplayer": "https://mtgjson.com/links/d99c9c7131796458", "tcgplayerEtched": "https://mtgjson.com/links/e126a245191f9285"}, "rarity": "uncommon", "rulings": [{"date": "2019-06-14", "text": "If a card in your library has X in its mana cost, X is considered to be 0."}], "setCode": "H1R", "subtypes": ["Human", "Wizard"], "supertypes": [], "text": "When Tribute Mage enters the battlefield, you may search your library for an artifact card with mana value 2, reveal that card, put it into your hand, then shuffle.", "toughness": "2", "type": "Creature — Human Wizard", "types": ["Creature"], "uuid": "e3ec9475-1c80-57a1-85d6-ca8daf89b04b"}, {"artist": "Grzegorz Rutkowski", "availability": ["paper"], "borderColor": "black", "colorIdentity": ["U"], "colors": ["U"], "convertedManaCost": 4.0, "edhrecRank": 1361, "finishes": ["foil", "etched"], "foreignData": [], "frameVersion": "1997", "hasFoil": true, "hasNonFoil": false, "identifiers": {"cardKingdomEtchedId": "247121", "cardKingdomFoilId": "246356", "cardsphereId": "78638", "mcmId": "566520", "mtgjsonV4Id": "cdcd10bb-f3a7-5d18-93aa-61118983b8bd", "scryfallId": "86d744cd-225c-4279-898a-858dc316cf7f", "scryfallIllustrationId": "4f604d59-5288-4534-8f83-22970f182ec9", "scryfallOracleId": "e87906d2-db1a-4e19-b910-adb4eb339945", "tcgplayerEtchedProductId": "240144", "tcgplayerProductId": "240143"}, "isReprint": true, "isStarter": true, "language": "English", "layout": "normal", "leadershipSkills": {"brawl": false, "commander": true, "oathbreaker": false}, "legalities": {"commander": "Legal", "duel": "Restricted", "legacy": "Legal", "modern": "Legal", "vintage": "Legal"}, "manaCost": "{2}{U}{U}", "manaValue": 4.0, "name": "Urza, Lord High Artificer", "number": "11", "power": "1", "printings": ["H1R", "MH1"], "promoTypes": ["boosterfun"], "purchaseUrls": {"cardKingdomEtched": "https://mtgjson.com/links/32796fd6fce4b4bd", "cardKingdomFoil": "https://mtgjson.com/links/5cd47e0011286f90", "tcgplayer": "https://mtgjson.com/links/eb2dbbce5eabf995", "tcgplayerEtched": "https://mtgjson.com/links/08b97038090abe38"}, "rarity": "mythic", "rulings": [{"date": "2019-06-14", "text": "The token created by Urza’s first ability will count itself, so it’ll be at least 1/1."}, {"date": "2019-06-14", "text": "You can tap any untapped artifact you control, including an artifact creature you haven’t controlled continuously since the beginning of your most recent turn, to pay the cost of Urza’s mana ability. Tapping an Equipment this way won’t affect its abilities or the equipped creature."}, {"date": "2019-06-14", "text": "If you don’t play the card exiled with Urza’s last ability, it remains in exile."}, {"date": "2019-06-14", "text": "Urza’s last ability doesn’t change when you can play the exiled card. For example, if you exile a sorcery card, you can cast it only during your main phase when the stack is empty. If you exile a land card, you can play it only during your main phase and only if you have an available land play remaining."}, {"date": "2019-06-14", "text": "If a spell has {X} in its mana cost, you must choose 0 as the value of X when casting it without paying its mana cost."}, {"date": "2019-06-14", "text": "If you cast a card “without paying its mana cost,” you can’t choose to cast it for any alternative costs. You can, however, pay additional costs. If the card has any mandatory additional costs (such as that of Lesser Masticore), you must pay those to cast the card."}], "setCode": "H1R", "subtypes": ["Human", "Artificer"], "supertypes": ["Legendary"], "text": "When Urza, Lord High Artificer enters the battlefield, create a 0/0 colorless Construct artifact creature token with \"This creature gets +1/+1 for each artifact you control.\"\nTap an untapped artifact you control: Add {U}.\n{5}: Shuffle your library, then exile the top card. Until end of turn, you may play that card without paying its mana cost.", "toughness": "4", "type": "Legendary Creature — Human Artificer", "types": ["Creature"], "uuid": "7e2d9ad3-5c30-5421-a9eb-99ae10149b41"}, {"artist": "Micah Epstein", "availability": ["paper"], "borderColor": "black", "colorIdentity": ["B"], "colors": ["B"], "convertedManaCost": 1.0, "edhrecRank": 666, "finishes": ["foil", "etched"], "flavorText": "A mercurial face sows distrust. Distrust reaps a lonely life.", "foreignData": [], "frameVersion": "1997", "hasFoil": true, "hasNonFoil": false, "identifiers": {"cardKingdomEtchedId": "247122", "cardKingdomFoilId": "246616", "cardsphereId": "78634", "mcmId": "566872", "mtgjsonV4Id": "9b105019-392b-5215-b12d-c13e87620301", "scryfallId": "e681338b-9938-4db0-bb95-28c460a98acf", "scryfallIllustrationId": "190423f8-4771-4e7b-9d0a-144b6ae06658", "scryfallOracleId": "a61ef0cc-1da9-49f9-b0dc-01cf9f6205be", "tcgplayerEtchedProductId": "240415", "tcgplayerProductId": "240416"}, "isReprint": true, "isStarter": true, "keywords": ["Changeling"], "language": "English", "layout": "normal", "legalities": {"commander": "Legal", "duel": "Legal", "gladiator": "Legal", "historic": "Legal", "historicbrawl": "Legal", "legacy": "Legal", "modern": "Legal", "pauper": "Legal", "paupercommander": "Legal", "penny": "Legal", "vintage": "Legal"}, "manaCost": "{B}", "manaValue": 1.0, "name": "Changeling Outcast", "number": "12", "power": "1", "printings": ["CLB", "H1R", "J21", "MH1", "ZNC"], "promoTypes": ["boosterfun"], "purchaseUrls": {"cardKingdomEtched": "https://mtgjson.com/links/6220b7cf615df5a6", "cardKingdomFoil": "https://mtgjson.com/links/2e7961613b09f373", "tcgplayer": "https://mtgjson.com/links/056dd60b92500833", "tcgplayerEtched": "https://mtgjson.com/links/ea16483a168b9598"}, "rarity": "uncommon", "rulings": [], "setCode": "H1R", "subtypes": ["Shapeshifter"], "supertypes": [], "text": "Changeling (This card is every creature type.)\nChangeling Outcast can't block and can't be blocked.", "toughness": "1", "type": "Creature — Shapeshifter", "types": ["Creature"], "uuid": "af1a4cea-1581-545f-b826-1097f2a8ddb5"}, {"artist": "Joe Slucher", "availability": ["paper"], "borderColor": "black", "colorIdentity": ["B"], "colors": ["B"], "convertedManaCost": 1.0, "edhrecRank": 1168, "finishes": ["foil", "etched"], "flavorText": "The only shortcut in a bog is to the bottom.", "foreignData": [], "frameVersion": "1997", "hasFoil": true, "hasNonFoil": false, "identifiers": {"cardKingdomEtchedId": "247123", "cardKingdomFoilId": "246374", "cardsphereId": "78603", "mcmId": "566629", "mtgjsonV4Id": "db116efc-dc33-5a19-a58a-98d00675ae56", "scryfallId": "d25ae489-1600-4eca-afd2-6274d525046a", "scryfallIllustrationId": "73a2c74c-4f22-4041-94fc-e2c9ce0943f7", "scryfallOracleId": "49dddec0-d958-4810-8c6e-225fc8118c8f", "tcgplayerEtchedProductId": "240211", "tcgplayerProductId": "240210"}, "isReprint": true, "isStarter": true, "language": "English", "layout": "normal", "legalities": {"commander": "Legal", "duel": "Legal", "legacy": "Legal", "modern": "Legal", "pauper": "Legal", "paupercommander": "Legal", "vintage": "Legal"}, "manaCost": "{B}", "manaValue": 1.0, "name": "Defile", "number": "13", "printings": ["40K", "H1R", "MH1"], "promoTypes": ["boosterfun"], "purchaseUrls": {"cardKingdomEtched": "https://mtgjson.com/links/9f22156cafe76585", "cardKingdomFoil": "https://mtgjson.com/links/bd8ee86758ef6dcb", "tcgplayer": "https://mtgjson.com/links/fce99495ec5168a7", "tcgplayerEtched": "https://mtgjson.com/links/499cb62c679ef5b7"}, "rarity": "uncommon", "rulings": [], "setCode": "H1R", "subtypes": [], "supertypes": [], "text": "Target creature gets -1/-1 until end of turn for each Swamp you control.", "type": "Instant", "types": ["Instant"], "uuid": "36b42bb6-25ea-50fc-b84b-5020b0e44eae"}, {"artist": "Nicholas Gregory", "availability": ["paper"], "borderColor": "black", "colorIdentity": ["B"], "colors": ["B"], "convertedManaCost": 3.0, "edhrecRank": 8971, "finishes": ["foil", "etched"], "flavorText": "\"The lasting effects are invariably fatal.\"\n—Phyrexian progress notes", "foreignData": [], "frameVersion": "1997", "hasFoil": true, "hasNonFoil": false, "identifiers": {"cardKingdomEtchedId": "247124", "cardKingdomFoilId": "246545", "cardsphereId": "78642", "mcmId": "566868", "mtgjsonV4Id": "9cb2d18f-48da-531f-8a81-9637992b9040", "scryfallId": "35c48959-caba-430a-9ac3-0e3459277ed0", "scryfallIllustrationId": "30db3aa7-776b-4033-af91-0b25094c1448", "scryfallOracleId": "df130616-8efe-42ed-a7f0-b58bef3f11c4", "tcgplayerEtchedProductId": "240302", "tcgplayerProductId": "240298"}, "isReprint": true, "isStarter": true, "keywords": ["Deathtouch"], "language": "English", "layout": "normal", "legalities": {"commander": "Legal", "duel": "Legal", "legacy": "Legal", "modern": "Legal", "vintage": "Legal"}, "manaCost": "{2}{B}", "manaValue": 3.0, "name": "Plague Engineer", "number": "14", "power": "2", "printings": ["H1R", "MH1"], "promoTypes": ["boosterfun"], "purchaseUrls": {"cardKingdomEtched": "https://mtgjson.com/links/c25eacfdcc534e9d", "cardKingdomFoil": "https://mtgjson.com/links/c8a628e255ca2033", "tcgplayer": "https://mtgjson.com/links/aaaa6bea20e2100e", "tcgplayerEtched": "https://mtgjson.com/links/dcb4e26a032bda32"}, "rarity": "rare", "rulings": [{"date": "2019-06-14", "text": "You must choose an existing creature type, such as Sliver or Warrior. Card types such as artifact, and supertypes such as legendary or snow, can’t be chosen."}, {"date": "2019-06-14", "text": "The choice of creature type is made as Plague Engineer enters the battlefield. Players can’t respond to this choice. The -1/-1 effect starts applying immediately."}], "setCode": "H1R", "subtypes": ["Phyrexian", "Carrier"], "supertypes": [], "text": "Deathtouch\nAs Plague Engineer enters the battlefield, choose a creature type.\nCreatures of the chosen type your opponents control get -1/-1.", "toughness": "2", "type": "Creature — Phyrexian Carrier", "types": ["Creature"], "uuid": "2a151335-d8d9-5540-b805-2faa37cb02fc"}, {"artist": "Sara Winters", "availability": ["paper"], "borderColor": "black", "colorIdentity": ["B"], "colors": ["B"], "convertedManaCost": 2.0, "edhrecRank": 1219, "finishes": ["foil", "etched"], "flavorText": "\"To see past the veil of death, cross it.\"\n—*The Red Book of Mezdrithalik*", "foreignData": [], "frameVersion": "1997", "hasFoil": true, "hasNonFoil": false, "identifiers": {"cardKingdomEtchedId": "247125", "cardKingdomFoilId": "246337", "cardsphereId": "78605", "mcmId": "566477", "mtgjsonV4Id": "09349382-5009-5f7e-9fc5-3e6f8e9f5a43", "scryfallId": "b358328b-53f2-45ba-a5f2-d0a666241d53", "scryfallIllustrationId": "d2d84209-3677-46b9-baa1-1d290fa8ce5d", "scryfallOracleId": "c26887e1-27f4-4550-921b-53460e43c079", "tcgplayerEtchedProductId": "239856", "tcgplayerProductId": "239855"}, "isReprint": true, "isStarter": true, "language": "English", "layout": "normal", "legalities": {"commander": "Legal", "duel": "Legal", "gladiator": "Legal", "historic": "Legal", "historicbrawl": "Legal", "legacy": "Legal", "modern": "Legal", "paupercommander": "Restricted", "penny": "Legal", "vintage": "Legal"}, "manaCost": "{B}{B}", "manaValue": 2.0, "name": "Undead Augur", "number": "15", "power": "2", "printings": ["H1R", "J21", "MH1", "MIC"], "promoTypes": ["boosterfun"], "purchaseUrls": {"cardKingdomEtched": "https://mtgjson.com/links/d035a20946c1418e", "cardKingdomFoil": "https://mtgjson.com/links/a90d5ac7e4fdcd65", "tcgplayer": "https://mtgjson.com/links/788431b63e06194b", "tcgplayerEtched": "https://mtgjson.com/links/477cf5be15536a35"}, "rarity": "uncommon", "rulings": [{"date": "2019-06-14", "text": "If Undead Augur dies at the same time as one or more other Zombies you control, Undead Augur's ability triggers for each of them."}], "setCode": "H1R", "subtypes": ["Zombie", "Wizard"], "supertypes": [], "text": "Whenever Undead Augur or another Zombie you control dies, you draw a card and you lose 1 life.", "toughness": "2", "type": "Creature — Zombie Wizard", "types": ["Creature"], "uuid": "71b66e2e-4a40-5a39-ad14-7a9d8ff8ff0e"}, {"artist": "Jehan Choo", "availability": ["paper"], "borderColor": "black", "colorIdentity": ["R"], "colors": ["R"], "convertedManaCost": 2.0, "edhrecRank": 713, "finishes": ["foil", "etched"], "foreignData": [], "frameVersion": "1997", "hasFoil": true, "hasNonFoil": false, "identifiers": {"cardKingdomEtchedId": "247126", "cardKingdomFoilId": "246528", "cardsphereId": "78627", "mcmId": "566861", "mtgjsonV4Id": "b0abb373-0702-5bc9-bb83-1d75fb674f36", "scryfallId": "cae12ba4-80d9-4c2d-af64-d88d003a0d6f", "scryfallIllustrationId": "62987f6a-94a6-4e6f-a5e1-8053ef60d61e", "scryfallOracleId": "c1d6cce8-085f-42cb-8b0c-b6fbbf88b16a", "tcgplayerEtchedProductId": "240258", "tcgplayerProductId": "240257"}, "isReprint": true, "isStarter": true, "language": "English", "layout": "normal", "legalities": {"commander": "Legal", "duel": "Legal", "gladiator": "Legal", "historic": "Legal", "historicbrawl": "Legal", "legacy": "Legal", "modern": "Legal", "vintage": "Legal"}, "manaCost": "{1}{R}", "manaValue": 2.0, "name": "Goblin Engineer", "number": "16", "power": "1", "printings": ["H1R", "J21", "MH1", "PHED", "TSR"], "promoTypes": ["boosterfun"], "purchaseUrls": {"cardKingdomEtched": "https://mtgjson.com/links/6d1d0e4376c81d02", "cardKingdomFoil": "https://mtgjson.com/links/241ff07e83ab632f", "tcgplayer": "https://mtgjson.com/links/24f802b84accf776", "tcgplayerEtched": "https://mtgjson.com/links/5283c94b342a3046"}, "rarity": "rare", "rulings": [{"date": "2021-03-19", "text": "Because targets are chosen for activated abilities before costs (such as “Sacrifice an artifact”) are paid, Goblin Engineer’s second ability can’t target the artifact that will be sacrificed to pay its cost."}, {"date": "2021-03-19", "text": "If a card in a player’s graveyard has {X} in its mana cost, X is considered to be 0."}], "setCode": "H1R", "subtypes": ["Goblin", "Artificer"], "supertypes": [], "text": "When Goblin Engineer enters the battlefield, you may search your library for an artifact card, put it into your graveyard, then shuffle.\n{R}, {T}, Sacrifice an artifact: Return target artifact card with mana value 3 or less from your graveyard to the battlefield.", "toughness": "2", "type": "Creature — Goblin Artificer", "types": ["Creature"], "uuid": "99a0e972-f4b4-5099-986b-a664eda72065"}, {"artist": "Mark Behm", "availability": ["paper"], "borderColor": "black", "colorIdentity": ["R"], "colors": ["R"], "convertedManaCost": 6.0, "edhrecRank": 12132, "finishes": ["foil", "etched"], "flavorText": "Opening like the maw of a hellion, the earth swallowed the traveler whole.", "foreignData": [], "frameVersion": "1997", "hasFoil": true, "hasNonFoil": false, "identifiers": {"cardKingdomEtchedId": "247127", "cardKingdomFoilId": "246617", "cardsphereId": "78598", "mcmId": "566948", "mtgjsonV4Id": "3b19c248-bd99-50f4-9668-e76c102cf171", "scryfallId": "61f8ba6c-1fc9-42c5-94ea-1ee495fa4090", "scryfallIllustrationId": "4432b8a9-dc9b-472e-bbad-349c1fd6d20f", "scryfallOracleId": "2da7f1b7-316b-4e8e-9fa3-5880b258d601", "tcgplayerEtchedProductId": "240421", "tcgplayerProductId": "240420"}, "isReprint": true, "isStarter": true, "keywords": ["Delve"], "language": "English", "layout": "normal", "legalities": {"commander": "Legal", "duel": "Legal", "legacy": "Legal", "modern": "Legal", "pauper": "Legal", "paupercommander": "Legal", "penny": "Legal", "vintage": "Legal"}, "manaCost": "{5}{R}", "manaValue": 6.0, "name": "Magmatic Sinkhole", "number": "17", "printings": ["H1R", "MH1"], "promoTypes": ["boosterfun"], "purchaseUrls": {"cardKingdomEtched": "https://mtgjson.com/links/212f93a082ae27a6", "cardKingdomFoil": "https://mtgjson.com/links/829fa60648537d09", "tcgplayer": "https://mtgjson.com/links/80730cc8b1546ef5", "tcgplayerEtched": "https://mtgjson.com/links/676c343c24aa30ab"}, "rarity": "uncommon", "rulings": [{"date": "2021-03-19", "text": "Delve doesn’t change a spell’s mana cost or mana value. For example, Treasure Cruise’s mana value is 8 even if you exiled three cards to cast it."}, {"date": "2021-03-19", "text": "You can exile cards to pay only for generic mana, and you can’t exile more cards than the generic mana requirement of a spell with delve. For example, you can’t exile more than seven cards from your graveyard to cast Treasure Cruise unless an effect has increased its cost."}, {"date": "2021-03-19", "text": "Because delve isn’t an alternative cost, it can be used in conjunction with alternative costs, such as flashback. It can also be used to pay for additional costs that include generic mana."}], "setCode": "H1R", "subtypes": [], "supertypes": [], "text": "Delve (Each card you exile from your graveyard while casting this spell pays for {1}.)\nMagmatic Sinkhole deals 5 damage to target creature or planeswalker.", "type": "Instant", "types": ["Instant"], "uuid": "3b81b2a0-0175-55c1-8304-7164922c247f"}, {"artist": "Lindsey Look", "availability": ["paper"], "borderColor": "black", "colorIdentity": ["R"], "colors": ["R"], "convertedManaCost": 2.0, "edhrecRank": 4505, "finishes": ["foil", "etched"], "flavorText": "Pricey baubles are no match for cheap tricks.", "foreignData": [], "frameEffects": ["tombstone"], "frameVersion": "1997", "hasFoil": true, "hasNonFoil": false, "identifiers": {"cardKingdomEtchedId": "247128", "cardKingdomFoilId": "246185", "cardsphereId": "78636", "mcmId": "566166", "mtgjsonV4Id": "4fb87f13-b3af-56cf-a206-4591a7fc62a5", "scryfallId": "7ee142dc-bb72-4aa0-9037-cfc70de19cae", "scryfallIllustrationId": "593139ed-84c4-44f8-b1d4-8ee2168f597b", "scryfallOracleId": "1d9b94af-3bfa-4257-8347-675468f0b0e5", "tcgplayerEtchedProductId": "239673", "tcgplayerProductId": "239672"}, "isReprint": true, "isStarter": true, "keywords": ["Dredge", "Mill"], "language": "English", "layout": "normal", "legalities": {"commander": "Legal", "duel": "Legal", "legacy": "Legal", "modern": "Legal", "pauper": "Legal", "paupercommander": "Legal", "penny": "Legal", "vintage": "Legal"}, "manaCost": "{1}{R}", "manaValue": 2.0, "name": "Shenanigans", "number": "18", "printings": ["H1R", "MB1", "MH1"], "promoTypes": ["boosterfun"], "purchaseUrls": {"cardKingdomEtched": "https://mtgjson.com/links/07959f9bfee10b54", "cardKingdomFoil": "https://mtgjson.com/links/86dd651a483f9fe6", "tcgplayer": "https://mtgjson.com/links/c9b465f5bfd98e34", "tcgplayerEtched": "https://mtgjson.com/links/b8503a14c20f5a87"}, "rarity": "uncommon", "rulings": [{"date": "2019-06-14", "text": "If an effect puts a card into your hand without specifically using the word “draw,” you’re not drawing a card. Dredge can’t replace this event."}, {"date": "2019-06-14", "text": "Dredge can replace any card draw, not just the one during your draw step. One card draw can’t be replaced by multiple dredge abilities."}, {"date": "2019-06-14", "text": "You can’t attempt to use a dredge ability if you don’t have enough cards in your library."}, {"date": "2019-06-14", "text": "Once you’ve announced that you’re applying a card’s dredge ability to replace a draw, players can’t take any action until you’ve put that card into your hand and put the top cards of your library into your graveyard."}, {"date": "2019-06-14", "text": "If you’re drawing multiple cards, each draw is performed one at a time. For example, if you’re instructed to draw two cards and you replace the first draw with a dredge ability, another card with a dredge ability (including one that was put into your graveyard by the first dredge ability) may be used to replace the second draw."}], "setCode": "H1R", "subtypes": [], "supertypes": [], "text": "Destroy target artifact.\nDredge 1 (If you would draw a card, you may mill a card instead. If you do, return this card from your graveyard to your hand.)", "type": "Sorcery", "types": ["Sorcery"], "uuid": "aa9686d2-0d92-57c0-ab79-d3bde3c33fc7"}, {"artist": "Jesper Ejsing", "availability": ["paper"], "borderColor": "black", "colorIdentity": ["G"], "colors": ["G"], "convertedManaCost": 2.0, "edhrecRank": 5789, "finishes": ["foil", "etched"], "flavorText": "Born from the oldest red cedar, nursed on the sap of the tallest spruce, coronated under the mightiest pine.", "foreignData": [], "frameVersion": "1997", "hasFoil": true, "hasNonFoil": false, "identifiers": {"cardKingdomEtchedId": "247129", "cardKingdomFoilId": "246177", "cardsphereId": "78648", "mcmId": "566147", "mtgjsonV4Id": "aeb299a0-eb46-5e3f-841b-728952824cfd", "scryfallId": "ad7eac9d-31e3-480e-92fa-58458d6f83b2", "scryfallIllustrationId": "5afa7c7e-8064-4b9b-9b00-18c122fa356d", "scryfallOracleId": "a79d2fc8-467f-464d-9e73-2dae4b059628", "tcgplayerEtchedProductId": "239630", "tcgplayerProductId": "239629"}, "isReprint": true, "isStarter": true, "keywords": ["Fight"], "language": "English", "layout": "normal", "leadershipSkills": {"brawl": false, "commander": true, "oathbreaker": false}, "legalities": {"commander": "Legal", "duel": "Legal", "gladiator": "Legal", "historic": "Legal", "historicbrawl": "Legal", "legacy": "Legal", "modern": "Legal", "penny": "Legal", "vintage": "Legal"}, "manaCost": "{1}{G}", "manaValue": 2.0, "name": "Ayula, Queen Among Bears", "number": "19", "power": "2", "printings": ["H1R", "J21", "MH1"], "promoTypes": ["boosterfun"], "purchaseUrls": {"cardKingdomEtched": "https://mtgjson.com/links/09d4ce6a52984bac", "cardKingdomFoil": "https://mtgjson.com/links/324bf9ca578013ab", "tcgplayer": "https://mtgjson.com/links/043f4fb9ffc0cdfe", "tcgplayerEtched": "https://mtgjson.com/links/2ea6209526a341e5"}, "rarity": "rare", "rulings": [{"date": "2019-06-14", "text": "Either of Ayula’s modes can target any Bear you control, not just the Bear that entered the battlefield. Ayula can even be the target of its own ability."}, {"date": "2019-06-14", "text": "For Ayula’s second mode, if either target isn’t a creature or is otherwise an illegal target as the ability resolves, no creature will deal or be dealt damage."}], "setCode": "H1R", "subtypes": ["Bear"], "supertypes": ["Legendary"], "text": "Whenever another Bear enters the battlefield under your control, choose one —\n• Put two +1/+1 counters on target Bear.\n• Target Bear you control fights target creature you don't control.", "toughness": "2", "type": "Legendary Creature — Bear", "types": ["Creature"], "uuid": "04712117-3d41-5ea3-98de-c80199d37d01"}, {"artist": "Chris Seaman", "availability": ["paper"], "borderColor": "black", "colorIdentity": ["G"], "colors": ["G"], "convertedManaCost": 5.0, "edhrecRank": 2419, "finishes": ["foil", "etched"], "foreignData": [], "frameVersion": "1997", "hasFoil": true, "hasNonFoil": false, "identifiers": {"cardKingdomEtchedId": "247130", "cardKingdomFoilId": "246164", "cardsphereId": "78639", "mcmId": "566137", "mtgjsonV4Id": "be391fa3-e10e-552d-8ac0-e1857ab33efa", "scryfallId": "96c5607b-55fe-43c2-93fe-0084d84499d9", "scryfallIllustrationId": "1bd17a5e-b1a5-41ab-a22c-e39b513efff9", "scryfallOracleId": "80e9a42e-f4f4-4bfc-91a2-ad124737dca2", "tcgplayerEtchedProductId": "239726", "tcgplayerProductId": "239725"}, "isReprint": true, "isStarter": true, "keywords": ["Vanishing"], "language": "English", "layout": "normal", "legalities": {"commander": "Legal", "duel": "Legal", "legacy": "Legal", "modern": "Legal", "penny": "Legal", "vintage": "Legal"}, "manaCost": "{3}{G}{G}", "manaValue": 5.0, "name": "Deep Forest Hermit", "number": "20", "power": "1", "printings": ["H1R", "MH1"], "promoTypes": ["boosterfun"], "purchaseUrls": {"cardKingdomEtched": "https://mtgjson.com/links/9a1ff27eba89d843", "cardKingdomFoil": "https://mtgjson.com/links/f1359f37824692bc", "tcgplayer": "https://mtgjson.com/links/cac53e0901e67710", "tcgplayerEtched": "https://mtgjson.com/links/748732a4c818c183"}, "rarity": "rare", "rulings": [], "setCode": "H1R", "subtypes": ["Elf", "Druid"], "supertypes": [], "text": "Vanishing 3 (This creature enters the battlefield with three time counters on it. At the beginning of your upkeep, remove a time counter from it. When the last is removed, sacrifice it.)\nWhen Deep Forest Hermit enters the battlefield, create four 1/1 green Squirrel creature tokens.\nSquirrels you control get +1/+1.", "toughness": "1", "type": "Creature — Elf Druid", "types": ["Creature"], "uuid": "5f68f977-ddde-5591-8bfc-f0014a7802a5"}, {"artist": "Randy Vargas", "availability": ["paper"], "borderColor": "black", "colorIdentity": ["G"], "colors": ["G"], "convertedManaCost": 4.0, "edhrecRank": 655, "finishes": ["foil", "etched"], "flavorText": "The vines overgrew the construct, snapping gears and soaking up aether.", "foreignData": [], "frameVersion": "1997", "hasFoil": true, "hasNonFoil": false, "identifiers": {"cardKingdomEtchedId": "247131", "cardKingdomFoilId": "246618", "cardsphereId": "78600", "mcmId": "567757", "mtgjsonV4Id": "b171100a-ea09-5cbd-a02d-c7f939c4d762", "scryfallId": "ebd30c7a-7a8c-4176-b1e7-91f4c4a55140", "scryfallIllustrationId": "d950a0af-7207-4545-88f9-8c2876289b33", "scryfallOracleId": "5f627e45-deee-4a4f-8128-57b0d8ebc553", "tcgplayerEtchedProductId": "240350", "tcgplayerProductId": "240349"}, "isReprint": true, "isStarter": true, "language": "English", "layout": "normal", "legalities": {"commander": "Legal", "duel": "Legal", "legacy": "Legal", "modern": "Legal", "vintage": "Legal"}, "manaCost": "{2}{G}{G}", "manaValue": 4.0, "name": "Force of Vigor", "number": "21", "printings": ["H1R", "MH1"], "promoTypes": ["boosterfun"], "purchaseUrls": {"cardKingdomEtched": "https://mtgjson.com/links/91467b22b0a215e7", "cardKingdomFoil": "https://mtgjson.com/links/e22b36990f1b7879", "tcgplayer": "https://mtgjson.com/links/c61a0d2996b9ea2c", "tcgplayerEtched": "https://mtgjson.com/links/bf0b7c6947c8e17c"}, "rarity": "rare", "rulings": [], "setCode": "H1R", "subtypes": [], "supertypes": [], "text": "If it's not your turn, you may exile a green card from your hand rather than pay this spell's mana cost.\nDestroy up to two target artifacts and/or enchantments.", "type": "Instant", "types": ["Instant"], "uuid": "c3c20475-e57c-5657-b20f-f95517847b79"}, {"artist": "Scott Murphy", "availability": ["paper"], "borderColor": "black", "colorIdentity": ["G"], "colors": ["G"], "convertedManaCost": 3.0, "edhrecRank": 1320, "finishes": ["foil", "etched"], "flavorText": "\"Llanowar remembers the Ice Age, the Phyrexian Invasion, and the Rift Era. So long as we draw breath, we will ensure such disasters never threaten our world again.\"", "foreignData": [], "frameVersion": "1997", "hasFoil": true, "hasNonFoil": false, "identifiers": {"cardKingdomEtchedId": "247132", "cardKingdomFoilId": "246334", "cardsphereId": "78604", "mcmId": "566427", "mtgjsonV4Id": "f1f50ecf-4942-5012-a0fe-4d69df461b30", "scryfallId": "6311f606-eed9-46b7-80b1-1f823a1183d0", "scryfallIllustrationId": "d0929099-53bb-446b-8abc-0ee46b97cdbf", "scryfallOracleId": "cfd0f0e6-1bbf-4450-97d2-c54907abb7e4", "tcgplayerEtchedProductId": "239815", "tcgplayerProductId": "239814"}, "isReprint": true, "isStarter": true, "language": "English", "layout": "normal", "legalities": {"commander": "Legal", "duel": "Legal", "gladiator": "Legal", "historic": "Legal", "historicbrawl": "Legal", "legacy": "Legal", "modern": "Legal", "paupercommander": "Restricted", "penny": "Legal", "vintage": "Legal"}, "manaCost": "{G}{G}{G}", "manaValue": 3.0, "name": "Llanowar Tribe", "number": "22", "power": "3", "printings": ["H1R", "J21", "KHC", "MH1"], "promoTypes": ["boosterfun"], "purchaseUrls": {"cardKingdomEtched": "https://mtgjson.com/links/ec3656ff01d4c35e", "cardKingdomFoil": "https://mtgjson.com/links/17edd039cb3a6715", "tcgplayer": "https://mtgjson.com/links/02bcd686d7e1bc5a", "tcgplayerEtched": "https://mtgjson.com/links/b2d6b8bf62299b95"}, "rarity": "uncommon", "rulings": [], "setCode": "H1R", "subtypes": ["Elf", "Druid"], "supertypes": [], "text": "{T}: Add {G}{G}{G}.", "toughness": "3", "type": "Creature — Elf Druid", "types": ["Creature"], "uuid": "62c128c5-441f-5bac-9cd9-f531e9c54147"}, {"artist": "Suzanne Helmigh", "availability": ["paper"], "borderColor": "black", "colorIdentity": ["G"], "colors": ["G"], "convertedManaCost": 1.0, "edhrecRank": 4745, "finishes": ["foil", "etched"], "foreignData": [], "frameVersion": "1997", "hasFoil": true, "hasNonFoil": false, "identifiers": {"cardKingdomEtchedId": "247133", "cardKingdomFoilId": "246375", "cardsphereId": "78643", "mcmId": "566630", "mtgjsonV4Id": "336e5bb4-9707-558d-a68a-6efaeb4a017c", "scryfallId": "4da5a18d-b5d2-4c38-ae04-164f3e1adc6b", "scryfallIllustrationId": "54c69aa9-215c-493b-8a50-68f5c1b3c42b", "scryfallOracleId": "2fd025ef-14f5-4621-831d-dd12b7c604dd", "tcgplayerEtchedProductId": "240113", "tcgplayerProductId": "240112"}, "isReprint": true, "isStarter": true, "keywords": ["Overload"], "language": "English", "layout": "normal", "legalities": {"commander": "Legal", "duel": "Legal", "gladiator": "Legal", "historic": "Legal", "historicbrawl": "Legal", "legacy": "Legal", "modern": "Legal", "vintage": "Legal"}, "manaCost": "{G}", "manaValue": 1.0, "name": "Scale Up", "number": "23", "printings": ["H1R", "J21", "MH1"], "promoTypes": ["boosterfun"], "purchaseUrls": {"cardKingdomEtched": "https://mtgjson.com/links/2d6a8cb6e99f2df9", "cardKingdomFoil": "https://mtgjson.com/links/c8619f4dc1b9317b", "tcgplayer": "https://mtgjson.com/links/fed97e1202939394", "tcgplayerEtched": "https://mtgjson.com/links/932719d94ced585d"}, "rarity": "uncommon", "rulings": [{"date": "2019-06-14", "text": "Scale Up overwrites all previous effects that set the affected creatures’ color, creature types, power, and/or toughness to specific values. Other effects that set these characteristics to specific values that start to apply after Scale Up resolves will overwrite that part of the effect."}, {"date": "2019-06-14", "text": "Effects that modify the affected creatures’ power or toughness (such as the effects of Force of Virtue or Giant Growth) will apply no matter when they started to take effect. The same is true for counters that change the creatures’ power or toughness (such as +1/+1 counters)."}, {"date": "2019-06-14", "text": "The affected creatures don’t lose any abilities when they become Wurms."}, {"date": "2019-06-14", "text": "If you don’t pay the overload cost of a spell, that spell will have a single target. If you pay the overload cost, the spell won’t have any targets."}, {"date": "2019-06-14", "text": "Because a spell with overload doesn’t target when its overload cost is paid, it may affect permanents with protection from the appropriate color."}], "setCode": "H1R", "subtypes": [], "supertypes": [], "text": "Until end of turn, target creature you control becomes a green Wurm with base power and toughness 6/4.\nOverload {4}{G}{G} (You may cast this spell for its overload cost. If you do, change its text by replacing all instances of \"target\" with \"each.\")", "type": "Sorcery", "types": ["Sorcery"], "uuid": "087b1523-7751-5583-ab7e-22f0f11a7a3b"}, {"artist": "Magali Villeneuve", "availability": ["paper"], "borderColor": "black", "colorIdentity": ["G"], "colors": ["G"], "convertedManaCost": 2.0, "edhrecRank": 6051, "finishes": ["foil", "etched"], "flavorText": "\"Quell your ego and anywhere can be as calm as a hurricane's eye.\"", "foreignData": [], "frameVersion": "1997", "hasFoil": true, "hasNonFoil": false, "identifiers": {"cardKingdomEtchedId": "247134", "cardKingdomFoilId": "246439", "cardsphereId": "78628", "mcmId": "566688", "mtgjsonV4Id": "123af9d0-3030-54e8-9933-40da170981a2", "scryfallId": "7739490e-1389-440b-9efa-9df0e4fd30dc", "scryfallIllustrationId": "694abe03-cc87-44e8-b84a-987889840b1a", "scryfallOracleId": "3a091f7b-efc9-4aaa-9da8-157ef8099a36", "tcgplayerEtchedProductId": "240160", "tcgplayerProductId": "240159"}, "isReprint": true, "isStarter": true, "keywords": ["Storm"], "language": "English", "layout": "normal", "legalities": {"commander": "Legal", "duel": "Legal", "gladiator": "Legal", "historic": "Legal", "historicbrawl": "Legal", "legacy": "Legal", "modern": "Legal", "pauper": "Legal", "paupercommander": "Legal", "vintage": "Legal"}, "manaCost": "{1}{G}", "manaValue": 2.0, "name": "Weather the Storm", "number": "24", "printings": ["H1R", "MH1", "STA"], "promoTypes": ["boosterfun"], "purchaseUrls": {"cardKingdomEtched": "https://mtgjson.com/links/4d780475fc5e2df4", "cardKingdomFoil": "https://mtgjson.com/links/a647e669d947f73f", "tcgplayer": "https://mtgjson.com/links/3529505cd2eccea0", "tcgplayerEtched": "https://mtgjson.com/links/17d7b9c8432c17e2"}, "rarity": "uncommon", "rulings": [{"date": "2019-06-14", "text": "The copies storm creates are created on the stack, so they're not cast. Abilities that trigger when a player casts a spell (such as storm) won't trigger."}, {"date": "2019-06-14", "text": "Storm counts spells cast before the spell with storm was cast. Spells cast after the spell with storm was cast but before the storm ability resolves aren't counted."}, {"date": "2019-06-14", "text": "The storm ability and the copies it creates all resolve before the spell with storm. They resolve even if the spell with storm is countered."}], "setCode": "H1R", "subtypes": [], "supertypes": [], "text": "You gain 3 life.\nStorm (When you cast this spell, copy it for each spell cast before it this turn.)", "type": "Instant", "types": ["Instant"], "uuid": "51a46fb9-7a83-529e-84ea-b273289b8d31"}, {"artist": "Chuck Lukacs", "availability": ["paper"], "borderColor": "black", "colorIdentity": ["B", "W"], "colors": ["B", "W"], "convertedManaCost": 3.0, "edhrecRank": 2092, "finishes": ["foil", "etched"], "foreignData": [], "frameVersion": "1997", "hasFoil": true, "hasNonFoil": false, "identifiers": {"cardKingdomEtchedId": "247135", "cardKingdomFoilId": "246538", "cardsphereId": "78619", "mcmId": "566866", "mtgjsonV4Id": "a34483db-f1fd-56df-9025-301e79d8e372", "scryfallId": "2e1da79b-4392-47cc-ade9-776827695276", "scryfallIllustrationId": "de39627b-9e53-455e-99d0-99243dd8a79c", "scryfallOracleId": "0114f97f-b196-4af1-90aa-eba164cb8f22", "tcgplayerEtchedProductId": "240317", "tcgplayerProductId": "240316"}, "isReprint": true, "isStarter": true, "language": "English", "layout": "normal", "legalities": {"commander": "Legal", "duel": "Legal", "gladiator": "Legal", "historic": "Legal", "historicbrawl": "Legal", "legacy": "Legal", "modern": "Legal", "penny": "Legal", "vintage": "Legal"}, "manaCost": "{1}{W}{B}", "manaValue": 3.0, "name": "Etchings of the Chosen", "number": "25", "printings": ["H1R", "J21", "MH1"], "promoTypes": ["boosterfun"], "purchaseUrls": {"cardKingdomEtched": "https://mtgjson.com/links/e7752e328452740f", "cardKingdomFoil": "https://mtgjson.com/links/7e64212688b0325f", "tcgplayer": "https://mtgjson.com/links/22fe07750df40af2", "tcgplayerEtched": "https://mtgjson.com/links/3eb7310a35398e69"}, "rarity": "uncommon", "rulings": [{"date": "2019-06-14", "text": "You must choose an existing creature type, such as Sliver or Warrior. Card types such as artifact, and supertypes such as legendary or snow, can’t be chosen."}, {"date": "2019-06-14", "text": "The last ability of Etchings of the Chosen can target any creature you control, not just one of the chosen type."}], "setCode": "H1R", "subtypes": [], "supertypes": [], "text": "As Etchings of the Chosen enters the battlefield, choose a creature type.\nCreatures you control of the chosen type get +1/+1.\n{1}, Sacrifice a creature of the chosen type: Target creature you control gains indestructible until end of turn.", "type": "Enchantment", "types": ["Enchantment"], "uuid": "6dc704c1-2f8a-5134-bfc6-fe5d14531a74"}, {"artist": "Svetlin Velinov", "availability": ["paper"], "borderColor": "black", "colorIdentity": ["B", "G", "R", "U", "W"], "colors": ["B", "G", "R", "U", "W"], "convertedManaCost": 5.0, "edhrecRank": 2978, "finishes": ["foil", "etched"], "foreignData": [], "frameEffects": ["legendary"], "frameVersion": "1997", "hasFoil": true, "hasNonFoil": false, "identifiers": {"cardKingdomEtchedId": "247136", "cardKingdomFoilId": "246254", "cardsphereId": "78613", "mcmId": "566258", "mtgjsonV4Id": "43d7cfef-f1f9-5cf7-a0e2-24ed9e9a01c7", "scryfallId": "59fa538b-fa1c-4cdc-9fc0-801d6b618f01", "scryfallIllustrationId": "7ddd8f5b-8757-49b5-b7a0-706181654c27", "scryfallOracleId": "55e4d4b2-1bd8-4c29-a21a-c014a974b715", "tcgplayerEtchedProductId": "239659", "tcgplayerProductId": "239661"}, "isReprint": true, "isStarter": true, "keywords": ["Cascade"], "language": "English", "layout": "normal", "leadershipSkills": {"brawl": false, "commander": true, "oathbreaker": false}, "legalities": {"commander": "Legal", "duel": "Legal", "gladiator": "Legal", "historic": "Legal", "historicbrawl": "Legal", "legacy": "Legal", "modern": "Legal", "vintage": "Legal"}, "manaCost": "{W}{U}{B}{R}{G}", "manaValue": 5.0, "name": "The First Sliver", "number": "26", "power": "7", "printings": ["H1R", "J21", "MH1"], "promoTypes": ["boosterfun"], "purchaseUrls": {"cardKingdomEtched": "https://mtgjson.com/links/909549f3f71873d5", "cardKingdomFoil": "https://mtgjson.com/links/66d2d99183abd5f5", "tcgplayer": "https://mtgjson.com/links/7b77ed2ab4b906f3", "tcgplayerEtched": "https://mtgjson.com/links/6f3d84e745c78b00"}, "rarity": "mythic", "rulings": [{"date": "2019-06-14", "text": "If a spell has multiple instances of cascade (for example, if you cast a second The First Sliver), each instance of cascade triggers and resolves separately. The spell you cast due to the first cascade ability will go on the stack on top of the second cascade ability. That spell will resolve before you exile cards for the second cascade ability."}, {"date": "2019-06-14", "text": "The First Sliver’s last ability only applies while it’s on the battlefield. If The First Sliver’s own cascade ability lets you cast another Sliver card, that Sliver won’t have cascade."}, {"date": "2021-06-18", "text": "The mana value of a split card is determined by the combined mana cost of its two halves. If cascade allows you to cast a split card, you may cast either half but not both halves."}, {"date": "2021-06-18", "text": "If the card has {X} in its mana cost, you must choose 0 as the value of X when casting it without paying its mana cost."}, {"date": "2021-06-18", "text": "Due to a recent rules change to cascade, not only do you stop exiling cards if you exile a nonland card with lesser mana value than the spell with cascade, but the resulting spell you cast must also have lesser mana value. Previously, in cases where a card’s mana value differed from the resulting spell, such as with some modal double-faced cards or cards with an Adventure, you could cast a spell with a higher mana value than the exiled card."}, {"date": "2021-06-18", "text": "A spell’s mana value is determined only by its mana cost. Ignore any alternative costs, additional costs, cost increases, or cost reductions."}, {"date": "2021-06-18", "text": "Cascade triggers when you cast the spell, meaning that it resolves before that spell. If you end up casting the exiled card, it will go on the stack above the spell with cascade."}, {"date": "2021-06-18", "text": "When the cascade ability resolves, you must exile cards. The only optional part of the ability is whether or not you cast the last card exiled."}, {"date": "2021-06-18", "text": "If a spell with cascade is countered, the cascade ability will still resolve normally."}, {"date": "2021-06-18", "text": "You exile the cards face up. All players will be able to see them."}, {"date": "2021-06-18", "text": "If you cast a card “without paying its mana cost,” you can’t choose to cast it for any alternative costs. You can, however, pay additional costs. If the card has any mandatory additional costs, you must pay those to cast the card."}], "setCode": "H1R", "subtypes": ["Sliver"], "supertypes": ["Legendary"], "text": "Cascade (When you cast this spell, exile cards from the top of your library until you exile a nonland card that costs less. You may cast it without paying its mana cost. Put the exiled cards on the bottom of your library in a random order.)\nSliver spells you cast have cascade.", "toughness": "7", "type": "Legendary Creature — Sliver", "types": ["Creature"], "uuid": "485ea57b-16d8-54ba-a84a-c86e57cc70d7"}, {"artist": "Filip Burburan", "availability": ["paper"], "borderColor": "black", "colorIdentity": ["G", "U"], "colors": ["G", "U"], "convertedManaCost": 2.0, "edhrecRank": 4182, "finishes": ["foil", "etched"], "foreignData": [], "frameVersion": "1997", "hasFoil": true, "hasNonFoil": false, "identifiers": {"cardKingdomEtchedId": "247137", "cardKingdomFoilId": "246403", "cardsphereId": "78594", "mcmId": "566862", "mtgjsonV4Id": "72935ecd-8d15-5ca0-bb95-b6a2b8ffec57", "scryfallId": "05aa5b50-0f8a-4f8a-8b48-3c52512ea615", "scryfallIllustrationId": "618d9828-5d59-4d50-848a-86459410ed81", "scryfallOracleId": "f4b1bbd1-f1b2-4c7d-bafd-9d2857f92a89", "tcgplayerEtchedProductId": "240265", "tcgplayerProductId": "240264"}, "isReprint": true, "isStarter": true, "keywords": ["Flash", "Flying"], "language": "English", "layout": "normal", "legalities": {"commander": "Legal", "duel": "Legal", "legacy": "Legal", "modern": "Legal", "vintage": "Legal"}, "manaCost": "{G}{U}", "manaValue": 2.0, "name": "Ice-Fang Coatl", "number": "27", "power": "1", "printings": ["H1R", "MH1", "PLIST"], "promoTypes": ["boosterfun"], "purchaseUrls": {"cardKingdomEtched": "https://mtgjson.com/links/a14c6bc5c95d97f8", "cardKingdomFoil": "https://mtgjson.com/links/377d2bfd0176086f", "tcgplayer": "https://mtgjson.com/links/d1c56d8377b14cb2", "tcgplayerEtched": "https://mtgjson.com/links/2c4b6a01bf018a5c"}, "rarity": "rare", "rulings": [], "setCode": "H1R", "subtypes": ["Snake"], "supertypes": ["Snow"], "text": "Flash\nFlying\nWhen Ice-Fang Coatl enters the battlefield, draw a card.\nIce-Fang Coatl has deathtouch as long as you control at least three other snow permanents.", "toughness": "1", "type": "Snow Creature — Snake", "types": ["Creature"], "uuid": "b61657a4-af29-5e3f-be96-d81b820e6a76"}, {"artist": "Jason Rainville", "availability": ["paper"], "borderColor": "black", "colorIdentity": ["B", "U"], "colors": ["B", "U"], "convertedManaCost": 4.0, "edhrecRank": 1997, "finishes": ["foil", "etched"], "foreignData": [], "frameVersion": "1997", "hasFoil": true, "hasNonFoil": false, "identifiers": {"cardKingdomEtchedId": "247138", "cardKingdomFoilId": "246165", "cardsphereId": "78610", "mcmId": "566138", "mtgjsonV4Id": "3e9b6a50-fcf4-525c-b9ff-6cefab0470e0", "scryfallId": "a92b3ded-40d9-4e50-a64c-b326e3fd52ed", "scryfallIllustrationId": "9b9f3709-cbf0-4325-b927-100d30effc1f", "scryfallOracleId": "354defd2-f63f-4a48-9fd4-2526b3878a84", "tcgplayerEtchedProductId": "239618", "tcgplayerProductId": "239617"}, "isReprint": true, "isStarter": true, "keywords": ["Ninjutsu"], "language": "English", "layout": "normal", "legalities": {"commander": "Legal", "duel": "Legal", "gladiator": "Legal", "historic": "Legal", "historicbrawl": "Legal", "legacy": "Legal", "modern": "Legal", "paupercommander": "Restricted", "penny": "Legal", "vintage": "Legal"}, "manaCost": "{2}{U}{B}", "manaValue": 4.0, "name": "Ingenious Infiltrator", "number": "28", "power": "2", "printings": ["H1R", "J21", "MH1"], "promoTypes": ["boosterfun"], "purchaseUrls": {"cardKingdomEtched": "https://mtgjson.com/links/59998bf1b5902201", "cardKingdomFoil": "https://mtgjson.com/links/60e96cc445662a4b", "tcgplayer": "https://mtgjson.com/links/2b529d6f78f833a6", "tcgplayerEtched": "https://mtgjson.com/links/e11add683dc62775"}, "rarity": "uncommon", "rulings": [{"date": "2019-06-14", "text": "If Ingenious Infiltrator is dealt lethal combat damage at the same time a Ninja you control deals combat damage to a player, its ability triggers."}, {"date": "2019-06-14", "text": "The ninjutsu ability can be activated only after blockers have been declared. Before then, attacking creatures are neither blocked nor unblocked."}, {"date": "2019-06-14", "text": "As you activate a ninjutsu ability, you reveal the Ninja card in your hand and return the attacking creature. The Ninja isn’t put onto the battlefield until the ability resolves. If it leaves your hand before then, it won’t enter the battlefield at all."}, {"date": "2019-06-14", "text": "The creature with ninjutsu enters the battlefield attacking the same player or planeswalker that the returned creature was attacking. This is a rule specific to ninjutsu; in other cases, when a creature is put onto the battlefield attacking, that creature’s controller chooses which player or planeswalker it’s attacking."}, {"date": "2019-06-14", "text": "Although the Ninja is attacking, it was never declared as an attacking creature (for purposes of abilities that trigger whenever a creature attacks, for example)."}, {"date": "2019-06-14", "text": "The ninjutsu ability can be activated during the declare blockers step, combat damage step, or end of combat step. If you wait until after the declare blockers step, because all combat damage is dealt at once, the Ninja won’t normally deal combat damage."}, {"date": "2019-06-14", "text": "If a creature in combat has first strike or double strike, you can activate the ninjutsu ability during the first-strike combat damage step. The Ninja will deal combat damage during the regular combat damage step, even if it has first strike."}], "setCode": "H1R", "subtypes": ["Vedalken", "Ninja"], "supertypes": [], "text": "Ninjutsu {U}{B} ({U}{B}, Return an unblocked attacker you control to hand: Put this card onto the battlefield from your hand tapped and attacking.)\nWhenever a Ninja you control deals combat damage to a player, draw a card.", "toughness": "3", "type": "Creature — Vedalken Ninja", "types": ["Creature"], "uuid": "1ac7ecb6-110b-5eb6-8277-c24f54869238"}, {"artist": "Mark Behm", "availability": ["paper"], "borderColor": "black", "colorIdentity": ["R", "W"], "colors": ["R", "W"], "convertedManaCost": 3.0, "edhrecRank": 4288, "finishes": ["foil", "etched"], "flavorText": "Warm enough to incubate eggs or incinerate those who would eat them.", "foreignData": [], "frameVersion": "1997", "hasFoil": true, "hasNonFoil": false, "identifiers": {"cardKingdomEtchedId": "247139", "cardKingdomFoilId": "246619", "cardsphereId": "78615", "mcmId": "566873", "mtgjsonV4Id": "15a18c21-d453-5aea-8077-b06b460325a2", "scryfallId": "87731608-7038-453f-97dc-12cfa5b9211d", "scryfallIllustrationId": "0a0de507-df2b-4d54-90fa-c808de1b197f", "scryfallOracleId": "334f673e-7cfa-432c-93aa-41adfbb99113", "tcgplayerEtchedProductId": "240422", "tcgplayerProductId": "240423"}, "isReprint": true, "isStarter": true, "language": "English", "layout": "normal", "legalities": {"commander": "Legal", "duel": "Legal", "gladiator": "Legal", "historic": "Legal", "historicbrawl": "Legal", "legacy": "Legal", "modern": "Legal", "paupercommander": "Restricted", "penny": "Legal", "vintage": "Legal"}, "manaCost": "{1}{R}{W}", "manaValue": 3.0, "name": "Lavabelly Sliver", "number": "29", "power": "2", "printings": ["H1R", "J21", "MH1", "SLD"], "promoTypes": ["boosterfun"], "purchaseUrls": {"cardKingdomEtched": "https://mtgjson.com/links/ed59d0ee0a3911f7", "cardKingdomFoil": "https://mtgjson.com/links/afc55a650cd44843", "tcgplayer": "https://mtgjson.com/links/88a3d0186fd37a54", "tcgplayerEtched": "https://mtgjson.com/links/1baa36a67f810469"}, "rarity": "uncommon", "rulings": [], "setCode": "H1R", "subtypes": ["Sliver"], "supertypes": [], "text": "Sliver creatures you control have \"When this creature enters the battlefield, it deals 1 damage to target player or planeswalker and you gain 1 life.\"", "toughness": "2", "type": "Creature — Sliver", "types": ["Creature"], "uuid": "6a9a0d7d-e1e4-57f8-b47f-c1c1503a99c8"}, {"artist": "Seb McKinnon", "availability": ["paper"], "borderColor": "black", "colorIdentity": ["U", "W"], "colors": ["U", "W"], "convertedManaCost": 3.0, "edhrecRank": 1030, "finishes": ["foil", "etched"], "foreignData": [], "frameVersion": "1997", "hasFoil": true, "hasNonFoil": false, "identifiers": {"cardKingdomEtchedId": "247140", "cardKingdomFoilId": "246231", "cardsphereId": "78649", "mcmId": "566181", "mtgjsonV4Id": "b557a59e-1296-58c9-9f28-6f0fa5b5f81c", "scryfallId": "e5434026-a606-41df-8dfd-23694040b488", "scryfallIllustrationId": "be00703d-b9e5-4e5e-8218-cc74f3e4cdbc", "scryfallOracleId": "92019547-f6db-4ea6-8356-d0a90ace5662", "tcgplayerEtchedProductId": "239670", "tcgplayerProductId": "239669"}, "isReprint": true, "isStarter": true, "language": "English", "layout": "normal", "legalities": {"commander": "Legal", "duel": "Legal", "gladiator": "Legal", "historic": "Legal", "historicbrawl": "Legal", "legacy": "Legal", "modern": "Legal", "paupercommander": "Restricted", "vintage": "Legal"}, "manaCost": "{1}{W}{U}", "manaValue": 3.0, "name": "Soulherder", "number": "30", "power": "1", "printings": ["H1R", "J21", "KHC", "MH1"], "promoTypes": ["boosterfun"], "purchaseUrls": {"cardKingdomEtched": "https://mtgjson.com/links/1a782e960ecf6ccd", "cardKingdomFoil": "https://mtgjson.com/links/963622919205a458", "tcgplayer": "https://mtgjson.com/links/30e463866ce38467", "tcgplayerEtched": "https://mtgjson.com/links/7663b4ac1064cbef"}, "rarity": "uncommon", "rulings": [{"date": "2019-06-14", "text": "If any other abilities you control trigger at the beginning of your end step, you choose the targets for all of them as they’re put onto the stack, and you choose the order they’re put onto the stack. For example, this means that you could exile a creature put onto the battlefield by an unearth ability (and then unearth’s delayed triggered ability won’t exile that creature), but you can’t target a creature that will be returned to the battlefield by another ability during your end step (such as Astral Drift’s delayed triggered ability)."}, {"date": "2019-06-14", "text": "Once the exiled creature returns, it’s considered a new object with no relation to the object that it was. Auras attached to the exiled creature will be put into their owners’ graveyards. Equipment attached to the exiled creature will become unattached and remain on the battlefield. Any counters on the exiled creature will cease to exist."}, {"date": "2019-06-14", "text": "If a token is exiled this way, it will cease to exist and won’t return to the battlefield."}, {"date": "2019-06-14", "text": "If a creature is exiled but ends up in another zone (most likely because it’s a player’s commander in the Commander variant), Soulherder’s first ability triggers."}], "setCode": "H1R", "subtypes": ["Spirit"], "supertypes": [], "text": "Whenever a creature is exiled from the battlefield, put a +1/+1 counter on Soulherder.\nAt the beginning of your end step, you may exile another target creature you control, then return that card to the battlefield under its owner's control.", "toughness": "1", "type": "Creature — Spirit", "types": ["Creature"], "uuid": "68beb107-c782-51aa-bfbc-7b1b2ed87da6"}, {"artist": "Chris Rahn", "availability": ["paper"], "borderColor": "black", "colorIdentity": [], "colors": [], "convertedManaCost": 3.0, "edhrecRank": 1835, "finishes": ["foil", "etched"], "foreignData": [], "frameVersion": "1997", "hasFoil": true, "hasNonFoil": false, "identifiers": {"cardKingdomEtchedId": "247141", "cardKingdomFoilId": "246539", "cardsphereId": "78593", "mcmId": "567767", "mtgjsonV4Id": "c7fd5095-17b7-54f9-8f05-1455a613fab5", "scryfallId": "2afc63e4-10be-415b-9512-f6c1a477af8f", "scryfallIllustrationId": "0c514380-897f-4e2d-a00c-022c0c50c587", "scryfallOracleId": "ccab4509-f189-4610-9597-547e7f6b0775", "tcgplayerEtchedProductId": "240194", "tcgplayerProductId": "240185"}, "isReprint": true, "isStarter": true, "keywords": ["Equip"], "language": "English", "layout": "normal", "legalities": {"commander": "Legal", "duel": "Legal", "legacy": "Legal", "modern": "Legal", "vintage": "Legal"}, "manaCost": "{3}", "manaValue": 3.0, "name": "Sword of Sinew and Steel", "number": "31", "printings": ["H1R", "MH1"], "promoTypes": ["boosterfun"], "purchaseUrls": {"cardKingdomEtched": "https://mtgjson.com/links/bed567c61af83b2c", "cardKingdomFoil": "https://mtgjson.com/links/1bae912bfe58e695", "tcgplayer": "https://mtgjson.com/links/a66636120b81ea9a", "tcgplayerEtched": "https://mtgjson.com/links/d53f6c299b2e2414"}, "rarity": "mythic", "rulings": [{"date": "2019-06-14", "text": "Protection from a color means that the equipped creature can’t be blocked by creatures of that color, can’t be the target of spells of that color or abilities from sources of that color, can’t be enchanted or equipped by Auras or Equipment of that color, and all damage that sources of that color would deal to it is prevented. Nothing other than these events is prevented or illegal."}], "setCode": "H1R", "subtypes": ["Equipment"], "supertypes": [], "text": "Equipped creature gets +2/+2 and has protection from black and from red.\nWhenever equipped creature deals combat damage to a player, destroy up to one target planeswalker and up to one target artifact.\nEquip {2}", "type": "Artifact — Equipment", "types": ["Artifact"], "uuid": "817e21a8-37a6-53bf-923f-bbdbedd2dade"}, {"artist": "Chris Rahn", "availability": ["paper"], "borderColor": "black", "colorIdentity": [], "colors": [], "convertedManaCost": 3.0, "edhrecRank": 1134, "finishes": ["foil", "etched"], "foreignData": [], "frameVersion": "1997", "hasFoil": true, "hasNonFoil": false, "identifiers": {"cardKingdomEtchedId": "247142", "cardKingdomFoilId": "246135", "cardsphereId": "78623", "mcmId": "566139", "mtgjsonV4Id": "d1e215ca-96bb-5e78-86f7-1bd9c1f6a40a", "scryfallId": "f714386f-607a-41fd-ae72-f2d2641841aa", "scryfallIllustrationId": "1fdaf2c7-e555-449e-9a76-ef977f799d13", "scryfallOracleId": "7a8baaf9-e21f-41a0-9f15-80764f6e5e68", "tcgplayerEtchedProductId": "239520", "tcgplayerProductId": "239622"}, "isReprint": true, "isStarter": true, "keywords": ["Equip", "Proliferate"], "language": "English", "layout": "normal", "legalities": {"commander": "Legal", "duel": "Legal", "legacy": "Legal", "modern": "Legal", "vintage": "Legal"}, "manaCost": "{3}", "manaValue": 3.0, "name": "Sword of Truth and Justice", "number": "32", "printings": ["H1R", "MH1", "SLD"], "promoTypes": ["boosterfun"], "purchaseUrls": {"cardKingdomEtched": "https://mtgjson.com/links/e71b584e97762f3c", "cardKingdomFoil": "https://mtgjson.com/links/76306548219b8bf6", "tcgplayer": "https://mtgjson.com/links/3c9dcc96dca2dabd", "tcgplayerEtched": "https://mtgjson.com/links/38283150c53d0ddf"}, "rarity": "mythic", "rulings": [{"date": "2019-06-14", "text": "Protection from a color means that the equipped creature can’t be blocked by creatures of that color, can’t be the target of spells of that color or abilities from sources of that color, can’t be enchanted or equipped by Auras or Equipment of that color, and all damage that sources of that color would deal to it is prevented. Nothing other than these events is prevented or illegal."}, {"date": "2019-06-14", "text": "If a permanent or player you choose while proliferating has more than one kind of counter on it, it will get one more of each of those kinds. This means that if you put a +1/+1 counter on a creature you control with a -1/-1 counter on it, then choose that creature while proliferating, you’ll put another of each of those counters on it before state-based actions remove them."}, {"date": "2021-03-19", "text": "If a permanent has +1/+1 counters and -1/-1 counters on it, they’re removed in pairs as a state-based action so that the permanent has only one of those kinds of counters on it."}, {"date": "2021-03-19", "text": "To proliferate, you can choose any permanent that has a counter, including ones controlled by opponents. You can’t choose cards in any zone other than the battlefield, even if they have counters on them."}, {"date": "2021-03-19", "text": "You don’t have to choose every permanent or player that has a counter, only the ones you want to add another counter to. Since “any number” includes zero, you don’t have to choose any permanents at all, and you don’t have to choose any players at all."}, {"date": "2021-03-19", "text": "Players can respond to a spell or ability whose effect includes proliferating. Once that spell or ability starts to resolve, however, and its controller chooses which permanents and players will get new counters, it’s too late for anyone to respond."}], "setCode": "H1R", "subtypes": ["Equipment"], "supertypes": [], "text": "Equipped creature gets +2/+2 and has protection from white and from blue.\nWhenever equipped creature deals combat damage to a player, put a +1/+1 counter on a creature you control, then proliferate. (Choose any number of permanents and/or players, then give each another counter of each kind already there.)\nEquip {2}", "type": "Artifact — Equipment", "types": ["Artifact"], "uuid": "7a771aaf-0c85-544d-8085-9cf7bcb1e9f4"}, {"artist": "Lindsey Look", "availability": ["paper"], "borderColor": "black", "colorIdentity": ["R", "W"], "colors": [], "convertedManaCost": 2.0, "edhrecRank": 240, "finishes": ["foil", "etched"], "flavorText": "\"The sun banishes darkness every morning. I too will rise with such assuredness.\"\n—Huatli", "foreignData": [], "frameVersion": "1997", "hasFoil": true, "hasNonFoil": false, "identifiers": {"cardKingdomEtchedId": "247143", "cardKingdomFoilId": "246376", "cardsphereId": "78631", "mcmId": "566631", "mtgjsonV4Id": "e18b836a-9d34-5e99-889d-c0246babb25b", "scryfallId": "7a32f159-cc51-40d9-8c33-88ca8eb8b6f4", "scryfallIllustrationId": "d8d0773a-7887-44f4-81f5-e71a9db75aa5", "scryfallOracleId": "6c326439-5620-4ec6-a56a-fe9c3d5d2a46", "tcgplayerEtchedProductId": "240123", "tcgplayerProductId": "240124"}, "isReprint": true, "isStarter": true, "language": "English", "layout": "normal", "legalities": {"commander": "Legal", "duel": "Legal", "legacy": "Legal", "modern": "Legal", "penny": "Legal", "vintage": "Legal"}, "manaCost": "{2}", "manaValue": 2.0, "name": "Talisman of Conviction", "number": "33", "printings": ["H1R", "MH1", "SLD"], "promoTypes": ["boosterfun"], "purchaseUrls": {"cardKingdomEtched": "https://mtgjson.com/links/10f982d87ba98a22", "cardKingdomFoil": "https://mtgjson.com/links/204d7994dab56f88", "tcgplayer": "https://mtgjson.com/links/d8dbf601a52abc2b", "tcgplayerEtched": "https://mtgjson.com/links/b63668cc70cfe5ac"}, "rarity": "uncommon", "rulings": [], "setCode": "H1R", "subtypes": [], "supertypes": [], "text": "{T}: Add {C}.\n{T}: Add {R} or {W}. Talisman of Conviction deals 1 damage to you.", "type": "Artifact", "types": ["Artifact"], "uuid": "33297447-4dea-5edf-a521-8b00ff24e562"}, {"artist": "Lindsey Look", "availability": ["paper"], "borderColor": "black", "colorIdentity": ["R", "U"], "colors": [], "convertedManaCost": 2.0, "edhrecRank": 138, "finishes": ["foil", "etched"], "flavorText": "\"Good ideas don't take time. They take a lot of bad ideas first.\"\n—Ral Zarek", "foreignData": [], "frameVersion": "1997", "hasFoil": true, "hasNonFoil": false, "identifiers": {"cardKingdomEtchedId": "247144", "cardKingdomFoilId": "246377", "cardsphereId": "78597", "mcmId": "566632", "mtgjsonV4Id": "93c8513b-dab6-5b97-84c9-cd9a33bcc777", "scryfallId": "e0373057-f5c2-4cfb-b6a4-dea05035d1c6", "scryfallIllustrationId": "3b98077a-02a3-4502-9443-f0d1308bc58d", "scryfallOracleId": "14d2979d-5728-42d7-a027-0eb1f754655d", "tcgplayerEtchedProductId": "240130", "tcgplayerProductId": "240131"}, "isReprint": true, "isStarter": true, "language": "English", "layout": "normal", "legalities": {"commander": "Legal", "duel": "Legal", "legacy": "Legal", "modern": "Legal", "penny": "Legal", "vintage": "Legal"}, "manaCost": "{2}", "manaValue": 2.0, "name": "Talisman of Creativity", "number": "34", "printings": ["40K", "C21", "CLB", "H1R", "MH1", "PHED", "SLD"], "promoTypes": ["boosterfun"], "purchaseUrls": {"cardKingdomEtched": "https://mtgjson.com/links/f77aa7dc9ae79937", "cardKingdomFoil": "https://mtgjson.com/links/70f5e22d52a8e498", "tcgplayer": "https://mtgjson.com/links/36b27b495784b446", "tcgplayerEtched": "https://mtgjson.com/links/ac82d51cc2f4797c"}, "rarity": "uncommon", "rulings": [], "setCode": "H1R", "subtypes": [], "supertypes": [], "text": "{T}: Add {C}.\n{T}: Add {U} or {R}. Talisman of Creativity deals 1 damage to you.", "type": "Artifact", "types": ["Artifact"], "uuid": "01c3caea-becc-5d27-b75a-cd27d901dc4c"}, {"artist": "Lindsey Look", "availability": ["paper"], "borderColor": "black", "colorIdentity": ["G", "U"], "colors": [], "convertedManaCost": 2.0, "edhrecRank": 628, "finishes": ["foil", "etched"], "flavorText": "\"The pain of exploring is less than the pain of not knowing.\"\n—Tamiyo", "foreignData": [], "frameVersion": "1997", "hasFoil": true, "hasNonFoil": false, "identifiers": {"cardKingdomEtchedId": "247145", "cardKingdomFoilId": "246378", "cardsphereId": "78652", "mcmId": "566633", "mtgjsonV4Id": "46e2d34e-ab0e-5ce9-8688-65a074fa9aa6", "scryfallId": "b9383190-c4b2-4b38-8938-2c57782faf03", "scryfallIllustrationId": "ab422ea5-2eea-4745-a4b3-bd908e306a6e", "scryfallOracleId": "8c34b089-aad1-476e-958a-3077bf1bbb51", "tcgplayerEtchedProductId": "240128", "tcgplayerProductId": "240127"}, "isReprint": true, "isStarter": true, "language": "English", "layout": "normal", "legalities": {"commander": "Legal", "duel": "Legal", "legacy": "Legal", "modern": "Legal", "penny": "Legal", "vintage": "Legal"}, "manaCost": "{2}", "manaValue": 2.0, "name": "Talisman of Curiosity", "number": "35", "printings": ["H1R", "MH1", "SLD"], "promoTypes": ["boosterfun"], "purchaseUrls": {"cardKingdomEtched": "https://mtgjson.com/links/307ae185b91b66ee", "cardKingdomFoil": "https://mtgjson.com/links/f4464bb40c076d83", "tcgplayer": "https://mtgjson.com/links/dca39b2a5997a4cc", "tcgplayerEtched": "https://mtgjson.com/links/72ca638a81d4d0c4"}, "rarity": "uncommon", "rulings": [], "setCode": "H1R", "subtypes": [], "supertypes": [], "text": "{T}: Add {C}.\n{T}: Add {G} or {U}. Talisman of Curiosity deals 1 damage to you.", "type": "Artifact", "types": ["Artifact"], "uuid": "945fbc1e-7136-5021-9f68-984585c5da44"}, {"artist": "Lindsey Look", "availability": ["paper"], "borderColor": "black", "colorIdentity": ["B", "W"], "colors": [], "convertedManaCost": 2.0, "edhrecRank": 192, "finishes": ["foil", "etched"], "flavorText": "\"You'll never get to the top if you don't know who's already there.\"\n—Kaya", "foreignData": [], "frameVersion": "1997", "hasFoil": true, "hasNonFoil": false, "identifiers": {"cardKingdomEtchedId": "247146", "cardKingdomFoilId": "246379", "cardsphereId": "78651", "mcmId": "566634", "mtgjsonV4Id": "15086846-122b-5f50-8594-da51e1843f2b", "scryfallId": "b8ed2d68-fd97-411f-8a8e-7e100cdb4c0e", "scryfallIllustrationId": "7ea2c899-7964-4f2e-9358-7b2c684f2176", "scryfallOracleId": "b693c3de-2eaf-4850-b405-e79d00adefda", "tcgplayerEtchedProductId": "240120", "tcgplayerProductId": "240121"}, "isReprint": true, "isStarter": true, "language": "English", "layout": "normal", "legalities": {"commander": "Legal", "duel": "Legal", "legacy": "Legal", "modern": "Legal", "penny": "Legal", "vintage": "Legal"}, "manaCost": "{2}", "manaValue": 2.0, "name": "Talisman of Hierarchy", "number": "36", "printings": ["40K", "CLB", "H1R", "MH1", "SLD"], "promoTypes": ["boosterfun"], "purchaseUrls": {"cardKingdomEtched": "https://mtgjson.com/links/dcfbfa7172d424ee", "cardKingdomFoil": "https://mtgjson.com/links/6ba266b8497fb9d8", "tcgplayer": "https://mtgjson.com/links/7af0b020def6899f", "tcgplayerEtched": "https://mtgjson.com/links/b980682c8fe3d738"}, "rarity": "uncommon", "rulings": [], "setCode": "H1R", "subtypes": [], "supertypes": [], "text": "{T}: Add {C}.\n{T}: Add {W} or {B}. Talisman of Hierarchy deals 1 damage to you.", "type": "Artifact", "types": ["Artifact"], "uuid": "b696aee3-ce19-5ae7-b96a-520278b1840f"}, {"artist": "Lindsey Look", "availability": ["paper"], "borderColor": "black", "colorIdentity": ["B", "G"], "colors": [], "convertedManaCost": 2.0, "edhrecRank": 625, "finishes": ["foil", "etched"], "flavorText": "\"The continual rise of the downtrodden is as inevitable as vines usurping a forest.\"\n—Vraska", "foreignData": [], "frameVersion": "1997", "hasFoil": true, "hasNonFoil": false, "identifiers": {"cardKingdomEtchedId": "247147", "cardKingdomFoilId": "246380", "cardsphereId": "78660", "mcmId": "566635", "mtgjsonV4Id": "2d3ccd3b-b280-5153-af0b-04338b37fd4c", "scryfallId": "ca1f4df7-6c34-406d-9cb5-84e18f6a7f3f", "scryfallIllustrationId": "08df88f6-e7d8-4422-9c4e-096662e50933", "scryfallOracleId": "42b8aa14-10bc-4bd6-88d9-4bb287eadd19", "tcgplayerEtchedProductId": "240119", "tcgplayerProductId": "240118"}, "isReprint": true, "isStarter": true, "language": "English", "layout": "normal", "legalities": {"commander": "Legal", "duel": "Legal", "legacy": "Legal", "modern": "Legal", "penny": "Legal", "vintage": "Legal"}, "manaCost": "{2}", "manaValue": 2.0, "name": "Talisman of Resilience", "number": "37", "printings": ["C21", "H1R", "MH1", "SLD"], "promoTypes": ["boosterfun"], "purchaseUrls": {"cardKingdomEtched": "https://mtgjson.com/links/a861bb55e9139873", "cardKingdomFoil": "https://mtgjson.com/links/db1584e60a49849c", "tcgplayer": "https://mtgjson.com/links/02cf797a1c80b2d5", "tcgplayerEtched": "https://mtgjson.com/links/58073c2d81f75c65"}, "rarity": "uncommon", "rulings": [], "setCode": "H1R", "subtypes": [], "supertypes": [], "text": "{T}: Add {C}.\n{T}: Add {B} or {G}. Talisman of Resilience deals 1 damage to you.", "type": "Artifact", "types": ["Artifact"], "uuid": "d6bbbd01-0669-58ff-866f-c0154d4fe745"}, {"artist": "Ben Maier", "availability": ["paper"], "borderColor": "black", "colorIdentity": [], "colors": [], "convertedManaCost": 1.0, "edhrecRank": 1286, "finishes": ["foil", "etched"], "flavorText": "\"Within minutes, the strange device was indistinguishable from the other on my workbench.\"\n—Tocasia, journal entry", "foreignData": [], "frameVersion": "1997", "hasFoil": true, "hasNonFoil": false, "identifiers": {"cardKingdomEtchedId": "247148", "cardKingdomFoilId": "246145", "cardsphereId": "78641", "mcmId": "566140", "mtgjsonV4Id": "bfe08507-2a80-5645-9d48-e5c336f74756", "scryfallId": "b1211495-12ba-4f57-90f9-8befec5fc03d", "scryfallIllustrationId": "eac6896c-a1b6-440a-8c15-c3f45e76af02", "scryfallOracleId": "d50b1d2e-1825-432a-ab73-068fdc356f50", "tcgplayerEtchedProductId": "239459", "tcgplayerProductId": "239623"}, "isReprint": true, "isStarter": true, "keywords": ["Changeling"], "language": "English", "layout": "normal", "legalities": {"commander": "Legal", "duel": "Legal", "gladiator": "Legal", "historic": "Legal", "historicbrawl": "Legal", "legacy": "Legal", "modern": "Legal", "pauper": "Legal", "paupercommander": "Legal", "penny": "Legal", "vintage": "Legal"}, "manaCost": "{1}", "manaValue": 1.0, "name": "Universal Automaton", "number": "38", "power": "1", "printings": ["H1R", "J21", "MB1", "MH1"], "promoTypes": ["boosterfun"], "purchaseUrls": {"cardKingdomEtched": "https://mtgjson.com/links/61d48ab78f759508", "cardKingdomFoil": "https://mtgjson.com/links/206935ee54acc7d2", "tcgplayer": "https://mtgjson.com/links/1f6a1b6f2e11fa6b", "tcgplayerEtched": "https://mtgjson.com/links/838d1231262e3bcb"}, "rarity": "uncommon", "rulings": [], "setCode": "H1R", "subtypes": ["Shapeshifter"], "supertypes": [], "text": "Changeling (This card is every creature type.)", "toughness": "1", "type": "Artifact Creature — Shapeshifter", "types": ["Artifact", "Creature"], "uuid": "87dd28e3-7492-5ab3-8e60-b4e84ebb9f01"}, {"artist": "Daniel Ljunggren", "availability": ["paper"], "borderColor": "black", "colorIdentity": ["W"], "colors": [], "convertedManaCost": 0.0, "edhrecRank": 316, "finishes": ["foil", "etched"], "flavorText": "The stronghold of Theros's light.", "foreignData": [], "frameVersion": "1997", "hasFoil": true, "hasNonFoil": false, "identifiers": {"cardKingdomEtchedId": "247149", "cardKingdomFoilId": "246138", "cardsphereId": "78606", "mcmId": "566141", "mtgjsonV4Id": "a0d6884c-2848-51d6-aede-b2809eeaeaca", "scryfallId": "8445249d-5482-462b-9372-31aa745f33b4", "scryfallIllustrationId": "21d053eb-4248-4b08-8509-58a1f6e6b0b7", "scryfallOracleId": "2fc070dc-f2f7-4648-8069-31d74790a39c", "tcgplayerEtchedProductId": "239451", "tcgplayerProductId": "239624"}, "isReprint": true, "isStarter": true, "language": "English", "layout": "normal", "legalities": {"commander": "Legal", "duel": "Legal", "legacy": "Legal", "modern": "Legal", "vintage": "Legal"}, "manaValue": 0.0, "name": "Hall of Heliod's Generosity", "number": "39", "printings": ["H1R", "MH1"], "promoTypes": ["boosterfun"], "purchaseUrls": {"cardKingdomEtched": "https://mtgjson.com/links/d4ef395a09f57c53", "cardKingdomFoil": "https://mtgjson.com/links/ead96894f7faf589", "tcgplayer": "https://mtgjson.com/links/f69143f83f13a189", "tcgplayerEtched": "https://mtgjson.com/links/c90ed2a8331f3cb3"}, "rarity": "rare", "rulings": [], "setCode": "H1R", "subtypes": [], "supertypes": ["Legendary"], "text": "{T}: Add {C}.\n{1}{W}, {T}: Put target enchantment card from your graveyard on top of your library.", "type": "Legendary Land", "types": ["Land"], "uuid": "f17921d8-833d-5f31-b073-c766c1b33825"}, {"artist": "Sam Burley", "availability": ["paper"], "borderColor": "black", "colorIdentity": [], "colors": [], "convertedManaCost": 0.0, "edhrecRank": 100, "finishes": ["foil", "etched"], "flavorText": "There is beauty in the uncertainty of potential.", "foreignData": [], "frameVersion": "1997", "hasFoil": true, "hasNonFoil": false, "identifiers": {"cardKingdomEtchedId": "247150", "cardKingdomFoilId": "246467", "cardsphereId": "78669", "mcmId": "566783", "mtgjsonV4Id": "74517d91-6eb0-57d7-a986-eaa3fe304a8a", "scryfallId": "991a1790-a3a2-4def-8848-cc698915a242", "scryfallIllustrationId": "19068744-9415-41de-82ef-f54e24335efb", "scryfallOracleId": "032b8a0d-491a-4a12-ab9f-689010054d5b", "tcgplayerEtchedProductId": "240310", "tcgplayerProductId": "240309"}, "isReprint": true, "isStarter": true, "language": "English", "layout": "normal", "legalities": {"commander": "Legal", "duel": "Legal", "legacy": "Legal", "modern": "Legal", "vintage": "Legal"}, "manaValue": 0.0, "name": "Prismatic Vista", "number": "40", "printings": ["H1R", "MH1", "ZNE"], "promoTypes": ["boosterfun"], "purchaseUrls": {"cardKingdomEtched": "https://mtgjson.com/links/2a7b12037f1290b1", "cardKingdomFoil": "https://mtgjson.com/links/0ed2f11a8435e313", "tcgplayer": "https://mtgjson.com/links/07e7228cad5f6769", "tcgplayerEtched": "https://mtgjson.com/links/941bda103373c6ed"}, "rarity": "rare", "rulings": [], "setCode": "H1R", "subtypes": [], "supertypes": [], "text": "{T}, Pay 1 life, Sacrifice Prismatic Vista: Search your library for a basic land card, put it onto the battlefield, then shuffle.", "type": "Land", "types": ["Land"], "uuid": "2efa0890-1ee7-5f80-9a15-7a703f61d6a9"}], "code": "H1R", "isFoilOnly": true, "isOnlineOnly": false, "keyruneCode": "MH1", "name": "Modern Horizons 1 Timeshifts", "parentCode": "MH2", "releaseDate": "2021-06-18", "sealedProduct": [{"identifiers": {"tcgplayerProductId": "185892"}, "name": "Modern Horizons Booster Pack", "purchaseUrls": {"tcgplayer": "https://mtgjson.com/links/e240a3c319a0585f"}, "releaseDate": "2019-06-13", "uuid": "12cb8f8e-4dad-5773-81c1-6309fb2fa154"}, {"identifiers": {"tcgplayerProductId": "185894"}, "name": "Modern Horizons Booster Box", "purchaseUrls": {"tcgplayer": "https://mtgjson.com/links/32e960181c7eca4b"}, "releaseDate": "2019-06-13", "uuid": "9ed117b6-1f95-55f7-9b3c-e747763ef214"}, {"identifiers": {"tcgplayerProductId": "190885"}, "name": "Modern Horizons Booster Box Case", "purchaseUrls": {"tcgplayer": "https://mtgjson.com/links/877af802594d7972"}, "releaseDate": "2019-06-13", "uuid": "65a8da1d-b3ae-5238-8881-b0eebe9b8d9e"}, {"identifiers": {"tcgplayerProductId": "192628"}, "name": "Modern Horizons 3 Booster Draft Pack", "purchaseUrls": {"tcgplayer": "https://mtgjson.com/links/352f8a864e5127f2"}, "releaseDate": null, "uuid": "78d5661c-ce0f-50c4-8748-ebc1517e6151"}], "tcgplayerGroupId": 2422, "tokens": [], "totalSetSize": 40, "translations": {}, "type": "draft_innovation"}}