{"meta": {"date": "2022-09-29", "version": "5.2.0+20220929"}, "data": {"baseSetSize": 25, "cards": [{"artist": "Terese Nielsen", "availability": ["arena"], "borderColor": "black", "colorIdentity": ["W"], "colors": ["W"], "convertedManaCost": 2.0, "edhrecRank": 4535, "finishes": ["nonfoil"], "foreignData": [], "frameEffects": ["nyxtouched"], "frameVersion": "2015", "hasFoil": false, "hasNonFoil": true, "identifiers": {"mtgArenaId": "55187", "mtgjsonV4Id": "ea920afb-e7b6-5243-b5ac-4f34cd42ebef", "scryfallId": "783d5756-2fab-4757-b7e0-2d222c2d010e", "scryfallIllustrationId": "86d50469-096d-4ce6-84fa-2ab7c8cf1996", "scryfallOracleId": "5a20113c-7ea8-4edf-af9f-148ccd326a88"}, "isOnlineOnly": true, "isReprint": true, "isStarter": true, "language": "English", "layout": "normal", "legalities": {"commander": "Legal", "duel": "Legal", "explorer": "Legal", "gladiator": "Legal", "historic": "Legal", "historicbrawl": "Legal", "legacy": "Legal", "modern": "Legal", "paupercommander": "Restricted", "pioneer": "Legal", "vintage": "Legal"}, "manaCost": "{1}{W}", "manaValue": 2.0, "name": "Nyx-Fleece Ram", "number": "1", "power": "0", "printings": ["A25", "HA2", "JOU", "MB1"], "purchaseUrls": {}, "rarity": "uncommon", "rulings": [], "setCode": "HA2", "subtypes": ["Sheep"], "supertypes": [], "text": "At the beginning of your upkeep, you gain 1 life.", "toughness": "5", "type": "Enchantment Creature — Sheep", "types": ["Enchantment", "Creature"], "uuid": "311089b1-4558-5439-9fc6-8a2ac0bd4f16"}, {"artist": "Volkan Baǵa", "availability": ["arena"], "borderColor": "black", "colorIdentity": ["W"], "colors": ["W"], "convertedManaCost": 4.0, "edhrecRank": 4099, "finishes": ["nonfoil"], "foreignData": [], "frameVersion": "2015", "hasFoil": false, "hasNonFoil": true, "identifiers": {"mtgArenaId": "30893", "mtgjsonV4Id": "1cad3648-3149-5361-9615-5c7e28ccab58", "scryfallId": "25b55042-3988-4a5e-8cb1-e909f2937276", "scryfallIllustrationId": "4f538ca5-0d44-414e-b80f-800b3711d693", "scryfallOracleId": "b9c8b929-f3ee-457f-9cbc-9de18eb69dc5"}, "isOnlineOnly": true, "isReprint": true, "isStarter": true, "language": "English", "layout": "normal", "legalities": {"commander": "Legal", "duel": "Legal", "gladiator": "Legal", "historic": "Legal", "historicbrawl": "Legal", "legacy": "Legal", "modern": "Legal", "penny": "Legal", "vintage": "Legal"}, "manaCost": "{3}{W}", "manaValue": 4.0, "name": "Ranger of Eos", "number": "2", "power": "3", "printings": ["ALA", "HA2", "MM3", "PLIST"], "purchaseUrls": {}, "rarity": "rare", "rulings": [{"date": "2017-03-14", "text": "You may choose to find zero, one, or two creature cards in your library. Each card you find must have converted mana cost 1 or less."}], "securityStamp": "oval", "setCode": "HA2", "subtypes": ["Human", "Soldier", "Ranger"], "supertypes": [], "text": "When Ranger of Eos enters the battlefield, you may search your library for up to two creature cards with mana value 1 or less, reveal them, put them into your hand, then shuffle.", "toughness": "2", "type": "Creature — Human Soldier Ranger", "types": ["Creature"], "uuid": "61b49e63-8873-5964-9d66-3aaecd278037"}, {"artist": "Cyril Van Der Haegen", "availability": ["arena"], "borderColor": "black", "colorIdentity": ["W"], "colors": ["W"], "convertedManaCost": 5.0, "edhrecRank": 866, "finishes": ["nonfoil"], "foreignData": [], "frameVersion": "2015", "hasFoil": false, "hasNonFoil": true, "identifiers": {"mtgArenaId": "46897", "mtgjsonV4Id": "fab03131-ac7d-539c-a197-12bbf28197a9", "scryfallId": "242e3026-297b-4ce9-992e-c56c8d56fddc", "scryfallIllustrationId": "89244b2d-e063-4859-8c44-8e5d319aa56c", "scryfallOracleId": "3b9b5b22-5a7d-4e37-a870-ca0f0efa4f36"}, "isOnlineOnly": true, "isReprint": true, "isStarter": true, "language": "English", "layout": "normal", "legalities": {"commander": "Legal", "duel": "Legal", "explorer": "Legal", "gladiator": "Legal", "historic": "Legal", "historicbrawl": "Legal", "legacy": "Legal", "modern": "Legal", "penny": "Legal", "pioneer": "Legal", "vintage": "Legal"}, "manaCost": "{3}{W}{W}", "manaValue": 5.0, "name": "Sigil of the Empty Throne", "number": "3", "printings": ["C15", "C18", "CON", "HA2", "ORI", "PC2", "PCA", "TSR"], "purchaseUrls": {}, "rarity": "rare", "rulings": [{"date": "2021-03-19", "text": "An ability that triggers when a player casts a spell resolves before the spell that caused it to trigger, but after targets have been chosen for that spell. It resolves even if that spell is countered."}, {"date": "2021-03-19", "text": "Because it’s not on the battlefield yet, casting Sigil of the Empty Throne won’t cause its own ability to trigger."}], "securityStamp": "oval", "setCode": "HA2", "subtypes": [], "supertypes": [], "text": "Whenever you cast an enchantment spell, create a 4/4 white Angel creature token with flying.", "type": "Enchantment", "types": ["Enchantment"], "uuid": "9045762a-ccaf-57c3-aacd-2e6298ac1209"}, {"artist": "Jana Schirmer & Johannes Voss", "availability": ["arena"], "borderColor": "black", "colorIdentity": ["W"], "colors": ["W"], "convertedManaCost": 2.0, "edhrecRank": 1004, "finishes": ["nonfoil"], "foreignData": [], "frameVersion": "2015", "hasFoil": false, "hasNonFoil": true, "identifiers": {"mtgArenaId": "47485", "mtgjsonV4Id": "c5b37a65-d68d-5ff8-9d25-c9e500ee7ea3", "scryfallId": "8e42df9e-95f2-4c79-9274-2d16e3cd91f1", "scryfallIllustrationId": "49ce5603-1242-4e16-b576-ce5a9a1da5eb", "scryfallOracleId": "9b7f1d05-707c-4ed3-9f0e-8ced1232c2ee"}, "isOnlineOnly": true, "isReprint": true, "isStarter": true, "keywords": ["First strike"], "language": "English", "layout": "normal", "leadershipSkills": {"brawl": false, "commander": true, "oathbreaker": false}, "legalities": {"alchemy": "Legal", "brawl": "Legal", "commander": "Legal", "duel": "Legal", "explorer": "Legal", "future": "Legal", "gladiator": "Legal", "historic": "Legal", "historicbrawl": "Legal", "legacy": "Legal", "modern": "Legal", "pioneer": "Legal", "standard": "Legal", "vintage": "Legal"}, "manaCost": "{1}{W}", "manaValue": 2.0, "name": "Thalia, Guardian of Thraben", "number": "4", "power": "2", "printings": ["A25", "DBL", "DKA", "HA2", "PRM", "PVOW", "SLD", "VOW", "WMC"], "purchaseUrls": {}, "rarity": "rare", "rulings": [{"date": "2018-03-16", "text": "Thalia's ability affects each spell that's not a creature spell, including your own."}, {"date": "2018-03-16", "text": "To determine the total cost of a spell, start with the mana cost or alternative cost you're paying, add any cost increases, then apply any cost reductions. The mana value of the spell remains unchanged, no matter what the total cost to cast it was."}], "securityStamp": "oval", "setCode": "HA2", "subtypes": ["Human", "Soldier"], "supertypes": ["Legendary"], "text": "First strike\nNoncreature spells cost {1} more to cast.", "toughness": "1", "type": "Legendary Creature — Human Soldier", "types": ["Creature"], "uuid": "45695110-8344-542b-b250-c3947d219ba2"}, {"artist": "Greg Staples", "availability": ["arena"], "borderColor": "black", "colorIdentity": ["U"], "colors": ["U"], "convertedManaCost": 3.0, "edhrecRank": 4366, "finishes": ["nonfoil"], "foreignData": [], "frameVersion": "2015", "hasFoil": false, "hasNonFoil": true, "identifiers": {"mtgArenaId": "28393", "mtgjsonV4Id": "cb41d5f3-0e84-5ae2-a449-789bc7965240", "scryfallId": "dc7d9234-d938-42cd-a365-10136441eb20", "scryfallIllustrationId": "a4a942e6-e80f-43f4-90c9-18740164463a", "scryfallOracleId": "6b7e6ae4-2ee1-44bf-ac93-79fc87494515"}, "isOnlineOnly": true, "isReprint": true, "isStarter": true, "language": "English", "layout": "normal", "legalities": {"commander": "Legal", "duel": "Legal", "gladiator": "Legal", "historic": "Legal", "historicbrawl": "Legal", "legacy": "Legal", "modern": "Legal", "paupercommander": "Restricted", "vintage": "Legal"}, "manaCost": "{2}{U}", "manaValue": 3.0, "name": "Merrow Reejerey", "number": "5", "power": "2", "printings": ["DDT", "F09", "HA2", "LRW", "PRM"], "purchaseUrls": {}, "rarity": "uncommon", "rulings": [], "setCode": "HA2", "subtypes": ["Merfolk", "Soldier"], "supertypes": [], "text": "Other Merfolk creatures you control get +1/+1.\nWhenever you cast a Merfolk spell, you may tap or untap target permanent.", "toughness": "2", "type": "Creature — Merfolk Soldier", "types": ["Creature"], "uuid": "3491a73c-b152-5b46-8ae7-2f8edc419b7c"}, {"artist": "Dave Kendall", "availability": ["arena"], "borderColor": "black", "colorIdentity": ["U"], "colors": ["U"], "convertedManaCost": 5.0, "edhrecRank": 1511, "finishes": ["nonfoil"], "foreignData": [], "frameVersion": "2015", "hasFoil": false, "hasNonFoil": true, "identifiers": {"mtgArenaId": "38091", "mtgjsonV4Id": "a8eede9d-a323-5eb4-a5bc-59171c44a3be", "scryfallId": "06a6a6c9-6ade-4095-bbe9-995806d946ed", "scryfallIllustrationId": "0de755fc-9f48-4322-8fa0-00310a0bd728", "scryfallOracleId": "40ec0a47-badf-4074-b0a8-749bb7c17b95"}, "isOnlineOnly": true, "isReprint": true, "isStarter": true, "keywords": ["Proliferate"], "language": "English", "layout": "normal", "legalities": {"commander": "Legal", "duel": "Legal", "gladiator": "Legal", "historic": "Legal", "historicbrawl": "Legal", "legacy": "Legal", "modern": "Legal", "penny": "Legal", "vintage": "Legal"}, "manaCost": "{3}{U}{U}", "manaValue": 5.0, "name": "Inexorable Tide", "number": "6", "printings": ["HA2", "MM2", "SOM"], "purchaseUrls": {}, "rarity": "rare", "rulings": [{"date": "2011-01-01", "text": "You can choose any player that has a counter, including yourself."}, {"date": "2011-01-01", "text": "You can choose any permanent that has a counter, including ones controlled by opponents. You can’t choose cards in any zone other than the battlefield, even if they have counters on them, such as suspended cards or a Lightning Storm on the stack."}, {"date": "2011-01-01", "text": "You don’t have to choose every permanent or player that has a counter, only the ones you want to add another counter to. Since “any number” includes zero, you don’t have to choose any permanents at all, and you don’t have to choose any players at all."}, {"date": "2011-01-01", "text": "Players can respond to the spell or ability whose effect includes proliferating. Once that spell or ability starts to resolve, however, and its controller chooses which permanents and players will get new counters, it’s too late for anyone to respond."}, {"date": "2011-01-01", "text": "Whenever you cast a spell, Inexorable Tide’s ability triggers and goes on the stack on top of it. It will resolve (and you’ll proliferate) before the spell resolves."}], "securityStamp": "oval", "setCode": "HA2", "subtypes": [], "supertypes": [], "text": "Whenever you cast a spell, proliferate. (Choose any number of permanents and/or players, then give each another counter of each kind already there.)", "type": "Enchantment", "types": ["Enchantment"], "uuid": "755ef83e-1080-57ce-b205-35aa917d9423"}, {"artist": "Min Yum", "availability": ["arena"], "borderColor": "black", "colorIdentity": ["B"], "colors": ["B"], "convertedManaCost": 2.0, "edhrecRank": 8954, "finishes": ["nonfoil"], "foreignData": [], "frameEffects": ["nyxtouched"], "frameVersion": "2015", "hasFoil": false, "hasNonFoil": true, "identifiers": {"mtgArenaId": "55275", "mtgjsonV4Id": "10daa2d0-9963-5945-896d-79190cf9293a", "scryfallId": "443c3c3b-3c33-4141-8d9a-aa6fa8fa12da", "scryfallIllustrationId": "eb6c5812-18cd-4a04-836c-d12ff01dfb3e", "scryfallOracleId": "419b5b4f-cac7-44bf-b1e2-655b5a5d37b1"}, "isOnlineOnly": true, "isReprint": true, "isStarter": true, "language": "English", "layout": "normal", "legalities": {"commander": "Legal", "duel": "Legal", "explorer": "Legal", "gladiator": "Legal", "historic": "Legal", "historicbrawl": "Legal", "legacy": "Legal", "modern": "Legal", "paupercommander": "Restricted", "penny": "Legal", "pioneer": "Legal", "vintage": "Legal"}, "manaCost": "{1}{B}", "manaValue": 2.0, "name": "Brain Maggot", "number": "7", "power": "1", "printings": ["F14", "HA2", "JOU", "PRM"], "purchaseUrls": {}, "rarity": "uncommon", "rulings": [{"date": "2014-04-26", "text": "Brain Maggot's ability causes a zone change with a duration, a new style of ability that's somewhat reminiscent of older cards like Tidehollow Sculler. However, unlike Tidehollow Sculler, Brain Maggot has a single ability that creates two one-shot effects: one that exiles the nonland card when the ability resolves, and another that returns the exiled card to its owner's hand immediately after Brain Maggot leaves the battlefield."}, {"date": "2014-04-26", "text": "If Brain Maggot leaves the battlefield before its enters-the-battlefield ability resolves, the opponent will reveal their hand, but no card will be exiled."}, {"date": "2014-04-26", "text": "The exiled card returns to its owner's hand immediately after Brain Maggot leaves the battlefield. Nothing happens between the two events, including state-based actions."}, {"date": "2014-04-26", "text": "In a multiplayer game, if Brain Maggot's owner leaves the game, the exiled card will return to its owner's hand. Because the one-shot effect that returns the card isn't an ability that goes on the stack, it won't cease to exist along with the leaving player's spells and abilities on the stack."}], "setCode": "HA2", "subtypes": ["Insect"], "supertypes": [], "text": "When Brain Maggot enters the battlefield, target opponent reveals their hand and you choose a nonland card from it. Exile that card until Brain Maggot leaves the battlefield.", "toughness": "1", "type": "Enchantment Creature — Insect", "types": ["Enchantment", "Creature"], "uuid": "91f9b80f-17cb-530e-b968-1f46dbc9884a"}, {"artist": "Kev Walker", "availability": ["arena"], "borderColor": "black", "colorIdentity": ["B"], "colors": ["B"], "convertedManaCost": 2.0, "edhrecRank": 4243, "finishes": ["nonfoil"], "foreignData": [], "frameVersion": "2015", "hasFoil": false, "hasNonFoil": true, "identifiers": {"mtgArenaId": "51435", "mtgjsonV4Id": "bf288ccb-c279-585f-b1a5-16eaf28ceaa8", "scryfallId": "1d9ef80b-6c61-4c2b-8e8a-f7341135d8a2", "scryfallIllustrationId": "9600c897-97e4-4319-9f8f-012865017831", "scryfallOracleId": "5632c2df-71e6-41b7-b8f5-c683812cc0e2"}, "isOnlineOnly": true, "isReprint": true, "isStarter": true, "language": "English", "layout": "normal", "legalities": {"commander": "Legal", "duel": "Legal", "explorer": "Legal", "gladiator": "Legal", "historic": "Legal", "historicbrawl": "Legal", "legacy": "Legal", "modern": "Legal", "penny": "Legal", "pioneer": "Legal", "vintage": "Legal"}, "manaCost": "{1}{B}", "manaValue": 2.0, "name": "Pack Rat", "number": "8", "power": "*", "printings": ["HA2", "RTR", "SLD"], "purchaseUrls": {}, "rarity": "rare", "rulings": [{"date": "2012-10-01", "text": "Pack Rat’s first ability counts any creature you control with the creature type Rat, not just Pack Rats."}, {"date": "2012-10-01", "text": "The token will copy Pack Rat’s two abilities. Its power and toughness will be equal to the number of Rats you control (not the number of Rats you controlled when the token entered the battlefield). It will also be able to create copies of itself."}, {"date": "2012-10-01", "text": "The token won’t copy counters on Pack Rat, nor will it copy other effects that have changed Pack Rat’s power, toughness, types, color, or so on. Normally, this means the token will simply be a Pack Rat. But if any copy effects have affected that Pack Rat, they’re taken into account."}, {"date": "2012-10-01", "text": "If Pack Rat leaves the battlefield before its activated ability resolves, the token will still enter the battlefield as a copy of Pack Rat, using Pack Rat’s copiable values from when it was last on the battlefield."}], "securityStamp": "oval", "setCode": "HA2", "subtypes": ["Rat"], "supertypes": [], "text": "Pack Rat's power and toughness are each equal to the number of Rats you control.\n{2}{B}, Discard a card: Create a token that's a copy of Pack Rat.", "toughness": "*", "type": "Creature — Rat", "types": ["Creature"], "uuid": "cbe05b55-5bae-5edf-9b80-08ffb39eb60a"}, {"artist": "Johann Bodin", "availability": ["arena"], "borderColor": "black", "colorIdentity": ["B"], "colors": ["B"], "convertedManaCost": 3.0, "edhrecRank": 9931, "finishes": ["nonfoil"], "foreignData": [], "frameVersion": "2015", "hasFoil": false, "hasNonFoil": true, "identifiers": {"mtgArenaId": "60783", "mtgjsonV4Id": "09c96d53-a8ae-528e-b4e3-193e0c5f6a11", "scryfallId": "2c9e351c-f494-4911-8817-d360a26ab758", "scryfallIllustrationId": "c790b878-45e3-4374-91ae-be487644b1e4", "scryfallOracleId": "adfba95e-c73c-415d-adea-edcd04372ba4"}, "isOnlineOnly": true, "isReprint": true, "isStarter": true, "language": "English", "layout": "normal", "legalities": {"commander": "Legal", "duel": "Legal", "explorer": "Legal", "gladiator": "Legal", "historic": "Legal", "historicbrawl": "Legal", "legacy": "Legal", "modern": "Legal", "pioneer": "Legal", "vintage": "Legal"}, "manaCost": "{2}{B}", "manaValue": 3.0, "name": "Virulent Plague", "number": "9", "printings": ["DTK", "HA2"], "purchaseUrls": {}, "rarity": "uncommon", "rulings": [{"date": "2015-02-25", "text": "If an effect creates a creature token that normally has toughness 2 or less, it will enter the battlefield with toughness 0 or less, be put into its owner’s graveyard, and then cease to exist. Any abilities that trigger when a creature enters the battlefield or dies will trigger."}], "setCode": "HA2", "subtypes": [], "supertypes": [], "text": "Creature tokens get -2/-2.", "type": "Enchantment", "types": ["Enchantment"], "uuid": "0c546775-25bb-5326-8901-97e22b895a3e"}, {"artist": "Matt Stewart", "availability": ["arena"], "borderColor": "black", "colorIdentity": ["B"], "colors": ["B"], "convertedManaCost": 2.0, "edhrecRank": 1437, "finishes": ["nonfoil"], "flavorText": "Designed by the Magic community", "foreignData": [], "frameVersion": "2015", "hasFoil": false, "hasNonFoil": true, "identifiers": {"mtgArenaId": "57643", "mtgjsonV4Id": "2b973b19-cbf2-58cb-8690-253b4d4fc65b", "scryfallId": "5737b4ac-1a0c-475c-bc0c-489bce302ff0", "scryfallIllustrationId": "8f41b049-3977-49d2-8fe6-39aa995843bd", "scryfallOracleId": "00fdcc19-88ed-46c3-91f0-095806228105"}, "isOnlineOnly": true, "isReprint": true, "isStarter": true, "language": "English", "layout": "normal", "legalities": {"commander": "Legal", "duel": "Legal", "explorer": "Legal", "gladiator": "Legal", "historic": "Legal", "historicbrawl": "Legal", "legacy": "Legal", "modern": "Legal", "pioneer": "Legal", "vintage": "Legal"}, "manaCost": "{1}{B}", "manaValue": 2.0, "name": "Waste Not", "number": "10", "printings": ["C16", "HA2", "M15"], "purchaseUrls": {}, "rarity": "rare", "rulings": [], "securityStamp": "oval", "setCode": "HA2", "subtypes": [], "supertypes": [], "text": "Whenever an opponent discards a creature card, create a 2/2 black Zombie creature token.\nWhenever an opponent discards a land card, add {B}{B}.\nWhenever an opponent discards a noncreature, nonland card, draw a card.", "type": "Enchantment", "types": ["Enchantment"], "uuid": "bc6e05a7-636f-5706-92bb-a8ade7138e83"}, {"artist": "Raymond Swanland", "availability": ["arena"], "borderColor": "black", "colorIdentity": ["R"], "colors": ["R"], "convertedManaCost": 1.0, "edhrecRank": 1114, "finishes": ["nonfoil"], "flavorText": "\"Cast out by my tribe, I am a pariah trapped in this mammal's carcass. Only my true kin hear my cries.\"", "foreignData": [], "frameVersion": "2015", "hasFoil": false, "hasNonFoil": true, "identifiers": {"mtgArenaId": "35569", "mtgjsonV4Id": "6f2a03f6-23b4-5c16-a256-613ccb8e1bab", "scryfallId": "4ee9baa6-0c9d-4d31-800b-20abe6255a11", "scryfallIllustrationId": "34ab34a8-ff4a-4c86-b9a3-792f0c9f1bf4", "scryfallOracleId": "b6fb79c3-cd32-4045-8177-e52841eea65b"}, "isOnlineOnly": true, "isReprint": true, "isStarter": true, "language": "English", "layout": "normal", "legalities": {"commander": "Legal", "duel": "Legal", "explorer": "Legal", "gladiator": "Legal", "historic": "Legal", "historicbrawl": "Legal", "legacy": "Legal", "modern": "Legal", "penny": "Legal", "pioneer": "Legal", "vintage": "Legal"}, "manaCost": "{R}", "manaValue": 1.0, "name": "Dragonmaster Outcast", "number": "11", "power": "1", "printings": ["AFC", "BFZ", "C19", "HA2", "PBFZ", "WWK"], "purchaseUrls": {}, "rarity": "mythic", "rulings": [], "securityStamp": "oval", "setCode": "HA2", "subtypes": ["Human", "Shaman"], "supertypes": [], "text": "At the beginning of your upkeep, if you control six or more lands, create a 5/5 red Dragon creature token with flying.", "toughness": "1", "type": "Creature — Human Shaman", "types": ["Creature"], "uuid": "bf621cbf-b0e5-57eb-b37e-959ec0710cba"}, {"artist": "Matt Cavotta", "availability": ["arena"], "borderColor": "black", "colorIdentity": ["R"], "colors": ["R"], "convertedManaCost": 3.0, "edhrecRank": 9729, "finishes": ["nonfoil"], "foreignData": [], "frameVersion": "2015", "hasFoil": false, "hasNonFoil": true, "identifiers": {"mtgArenaId": "34470", "mtgjsonV4Id": "47369328-b87d-5dda-92e9-24370f5af7c5", "scryfallId": "dceb0cf3-0724-414a-a762-f772332ca27e", "scryfallIllustrationId": "b3e64db5-c40a-4d95-9826-6ba37069b8ad", "scryfallOracleId": "d99fa026-6347-450a-9011-1fd79070a55c"}, "isOnlineOnly": true, "isReprint": true, "isStarter": true, "keywords": ["Haste", "Kicker"], "language": "English", "layout": "normal", "legalities": {"commander": "Legal", "duel": "Legal", "gladiator": "Legal", "historic": "Legal", "historicbrawl": "Legal", "legacy": "Legal", "modern": "Legal", "paupercommander": "Restricted", "penny": "Legal", "vintage": "Legal"}, "manaCost": "{2}{R}", "manaValue": 3.0, "name": "Goblin Ruinblaster", "number": "12", "power": "2", "printings": ["HA2", "ZEN"], "purchaseUrls": {}, "rarity": "uncommon", "rulings": [], "setCode": "HA2", "subtypes": ["Goblin", "Shaman"], "supertypes": [], "text": "Kicker {R} (You may pay an additional {R} as you cast this spell.)\nHaste\nWhen Goblin Ruinblaster enters the battlefield, if it was kicked, destroy target nonbasic land.", "toughness": "1", "type": "Creature — Goblin Shaman", "types": ["Creature"], "uuid": "0f88524f-5f52-5376-b6e5-891da6921c92"}, {"artist": "Massimilano Frezzato", "availability": ["arena"], "borderColor": "black", "colorIdentity": ["G"], "colors": ["G"], "convertedManaCost": 3.0, "edhrecRank": 1643, "finishes": ["nonfoil"], "flavorText": "The masks, like the ancient trees they're grown from, lend strength to the dryads.", "foreignData": [], "frameVersion": "2015", "hasFoil": false, "hasNonFoil": true, "identifiers": {"mtgArenaId": "13491", "mtgjsonV4Id": "145fb3f3-48a4-5157-b5e2-db597ffe8231", "scryfallId": "9540ee7d-3f23-45d1-92b7-f0195b2634e1", "scryfallIllustrationId": "dd8ce5a1-dc43-442f-8754-49227fe5e8b1", "scryfallOracleId": "db5380ed-ba28-4ea2-abc3-4998e2022903"}, "isOnlineOnly": true, "isReprint": true, "isStarter": true, "keywords": ["Enchant"], "language": "English", "layout": "normal", "legalities": {"commander": "Legal", "duel": "Legal", "gladiator": "Legal", "historic": "Legal", "historicbrawl": "Legal", "legacy": "Legal", "pauper": "Legal", "paupercommander": "Legal", "premodern": "Legal", "vintage": "Legal"}, "manaCost": "{2}{G}", "manaValue": 3.0, "name": "Ancestral Mask", "number": "13", "printings": ["EMA", "HA2", "MB1", "MMQ"], "purchaseUrls": {}, "rarity": "common", "rulings": [], "setCode": "HA2", "subtypes": ["Aura"], "supertypes": [], "text": "Enchant creature\nEnchanted creature gets +2/+2 for each other enchantment on the battlefield.", "type": "Enchantment — Aura", "types": ["Enchantment"], "uuid": "95dc0988-b3e0-5a20-a0b7-987a21ba2e18"}, {"artist": "Jim Nelson", "availability": ["arena"], "borderColor": "black", "colorIdentity": ["G"], "colors": ["G"], "convertedManaCost": 3.0, "edhrecRank": 13813, "finishes": ["nonfoil"], "foreignData": [], "frameVersion": "2015", "hasFoil": false, "hasNonFoil": true, "identifiers": {"mtgArenaId": "16555", "mtgjsonV4Id": "2247249e-fe8c-5677-83a3-f2c3a364165f", "scryfallId": "150ee46e-b8f9-4b8b-be7d-7886bd67b662", "scryfallIllustrationId": "5095e284-52f1-464c-bd96-bc0a8a0c707e", "scryfallOracleId": "f44fb61a-9aa5-4178-b958-5115d62a7f50"}, "isOnlineOnly": true, "isReprint": true, "isStarter": true, "keywords": ["Trample"], "language": "English", "layout": "normal", "legalities": {"commander": "Legal", "duel": "Legal", "gladiator": "Legal", "historic": "Legal", "historicbrawl": "Legal", "legacy": "Legal", "premodern": "Legal", "vintage": "Legal"}, "manaCost": "{1}{G}{G}", "manaValue": 3.0, "name": "Terravore", "number": "14", "power": "*", "printings": ["HA2", "ODY"], "purchaseUrls": {}, "rarity": "rare", "rulings": [], "securityStamp": "oval", "setCode": "HA2", "subtypes": ["Lhurgoyf"], "supertypes": [], "text": "Trample\nTerravore's power and toughness are each equal to the number of land cards in all graveyards.", "toughness": "*", "type": "Creature — Lhurgoyf", "types": ["Creature"], "uuid": "5a8fbaf8-b2aa-5bf7-b936-ed0f5b69629e"}, {"artist": "Michael Komarck", "availability": ["arena"], "borderColor": "black", "colorIdentity": ["G", "W"], "colors": ["G", "W"], "convertedManaCost": 3.0, "edhrecRank": 3889, "finishes": ["nonfoil"], "flavorText": "\"Knowledge of Bant's landscape and ruins is a weapon that the invaders can't comprehend.\"\n—Elspeth", "foreignData": [], "frameVersion": "2015", "hasFoil": false, "hasNonFoil": true, "identifiers": {"mtgArenaId": "47087", "mtgjsonV4Id": "38fbe8d0-cc37-5c56-b41f-df919b194683", "scryfallId": "ba6c11e2-22e4-440a-ac29-cf2c3b1db7db", "scryfallIllustrationId": "c50ccc82-f856-4fcb-b560-b20b39dea7e7", "scryfallOracleId": "393e5331-4456-4ba3-b410-bb630bb053db"}, "isOnlineOnly": true, "isReprint": true, "isStarter": true, "language": "English", "layout": "normal", "legalities": {"commander": "Legal", "duel": "Legal", "gladiator": "Legal", "historic": "Legal", "historicbrawl": "Legal", "legacy": "Legal", "modern": "Legal", "vintage": "Legal"}, "manaCost": "{1}{G}{W}", "manaValue": 3.0, "name": "Knight of the Reliquary", "number": "15", "power": "2", "printings": ["CON", "DDG", "HA2", "IMA", "MMA", "TSR"], "purchaseUrls": {}, "rarity": "rare", "rulings": [{"date": "2021-03-19", "text": "Knight of the Reliquary’s first ability applies only while it’s on the battlefield. In all other zones, it’s a 2/2 creature."}], "securityStamp": "oval", "setCode": "HA2", "subtypes": ["Human", "Knight"], "supertypes": [], "text": "Knight of the Reliquary gets +1/+1 for each land card in your graveyard.\n{T}, Sacrifice a Forest or Plains: Search your library for a land card, put it onto the battlefield, then shuffle.", "toughness": "2", "type": "Creature — Human Knight", "types": ["Creature"], "uuid": "5c070df6-b33a-573e-8435-77001e5ed42d"}, {"artist": "Anthony Francisco", "availability": ["arena"], "borderColor": "black", "colorIdentity": ["B", "G"], "colors": ["B", "G"], "convertedManaCost": 3.0, "edhrecRank": 2885, "finishes": ["nonfoil"], "flavorText": "During the collision of the shards, entire ways of life disappeared without a trace.", "foreignData": [], "frameVersion": "2015", "hasFoil": false, "hasNonFoil": true, "identifiers": {"mtgArenaId": "32388", "mtgjsonV4Id": "fb653c3f-d718-5d19-b8da-77dd69c7340e", "scryfallId": "8a31fdec-babb-41e4-81ed-b99c0b942189", "scryfallIllustrationId": "5c5f9f9d-392f-45fc-9a09-5306463672e0", "scryfallOracleId": "95ce305f-34bc-4d6d-b7ba-ffd4b2a25336"}, "isOnlineOnly": true, "isReprint": true, "isStarter": true, "language": "English", "layout": "normal", "legalities": {"commander": "Legal", "duel": "Legal", "gladiator": "Legal", "historic": "Legal", "historicbrawl": "Legal", "legacy": "Legal", "modern": "Legal", "vintage": "Legal"}, "manaCost": "{1}{B}{G}", "manaValue": 3.0, "name": "Maelstrom Pulse", "number": "16", "printings": ["2XM", "ARB", "HA2", "MMA", "MP2", "PGPX", "PRM", "PUMA", "UMA"], "purchaseUrls": {}, "rarity": "rare", "rulings": [{"date": "2020-08-07", "text": "Maelstrom Pulse has only one target. Other permanents with the same name will be destroyed even if they have hexproof or protection."}, {"date": "2020-08-07", "text": "If the target permanent is an illegal target by the time Maelstrom Pulse tries to resolve, the spell won't resolve. You won't destroy any permanents at all. If the target is legal but not destroyed (most likely because it has indestructible), you do destroy other permanents with the same name."}, {"date": "2020-08-07", "text": "The name of a token is the same as the subtypes it was created with unless the token is a copy of another permanent or the effect that created the token specifically gives it a different name. For example, a 1/1 red Elemental creature token created by Young Pyromancer and a 4/4 green Elemental creature token created by Walker of the Grove are both named “Elemental.”"}], "securityStamp": "oval", "setCode": "HA2", "subtypes": [], "supertypes": [], "text": "Destroy target nonland permanent and all other permanents with the same name as that permanent.", "type": "Sorcery", "types": ["Sorcery"], "uuid": "8bf181b5-0da6-5834-a706-344be0833c8a"}, {"artist": "Todd Lockwood", "availability": ["arena"], "borderColor": "black", "colorIdentity": ["U", "W"], "colors": ["U", "W"], "convertedManaCost": 2.0, "edhrecRank": 9060, "finishes": ["nonfoil"], "foreignData": [], "frameVersion": "2015", "hasFoil": false, "hasNonFoil": true, "identifiers": {"mtgArenaId": "32276", "mtgjsonV4Id": "a2b407b9-0c1e-5f95-9053-862f6ae89abd", "scryfallId": "4bbd8cb0-7bbb-47a8-93ff-4229a1b4d8da", "scryfallIllustrationId": "ec6dfd8c-0ed6-4dc9-8a72-06b426db22a4", "scryfallOracleId": "a5d02339-9f6d-486e-87d8-5ec2274cf680"}, "isOnlineOnly": true, "isReprint": true, "isStarter": true, "language": "English", "layout": "normal", "legalities": {"commander": "Legal", "duel": "Legal", "gladiator": "Legal", "historic": "Legal", "historicbrawl": "Banned", "legacy": "Legal", "modern": "Legal", "premodern": "Legal", "vintage": "Legal"}, "manaCost": "{W}{U}", "manaValue": 2.0, "name": "Meddling Mage", "number": "17", "power": "2", "printings": ["2XM", "ARB", "G06", "HA2", "MB1", "PLS", "PRM"], "purchaseUrls": {}, "rarity": "rare", "rulings": [{"date": "2020-08-07", "text": "No one can cast spells or activate abilities between the time a card is named and the time that Meddling Mage's ability begins to apply."}, {"date": "2020-08-07", "text": "Spells with the chosen name that somehow happen to already be on the stack when Meddling Mage enters the battlefield aren't affected by Meddling Mage's ability."}], "securityStamp": "oval", "setCode": "HA2", "subtypes": ["Human", "Wizard"], "supertypes": [], "text": "As Meddling Mage enters the battlefield, choose a nonland card name.\nSpells with the chosen name can't be cast.", "toughness": "2", "type": "Creature — Human Wizard", "types": ["Creature"], "uuid": "454e793e-0202-588f-a43c-391b45bae827"}, {"artist": "Brom", "availability": ["arena"], "borderColor": "black", "colorIdentity": [], "colors": [], "convertedManaCost": 7.0, "edhrecRank": 1600, "finishes": ["nonfoil"], "foreignData": [], "frameVersion": "2015", "hasFoil": false, "hasNonFoil": true, "identifiers": {"mtgArenaId": "33035", "mtgjsonV4Id": "5a1e19ba-f222-5511-9333-6cc08d8a96c2", "scryfallId": "bdb2d5bc-c10d-4303-bce3-76e633c97c70", "scryfallIllustrationId": "652f445a-1a27-45df-8943-e93eb556ccdd", "scryfallOracleId": "b148578c-c0bf-4785-b97c-4b6f83028008"}, "isOnlineOnly": true, "isReprint": true, "isStarter": true, "keywords": ["Flying"], "language": "English", "layout": "normal", "legalities": {"commander": "Legal", "duel": "Legal", "gladiator": "Legal", "historic": "Legal", "historicbrawl": "Legal", "legacy": "Legal", "modern": "Legal", "penny": "Legal", "vintage": "Legal"}, "manaCost": "{7}", "manaValue": 7.0, "name": "Platinum Angel", "number": "18", "power": "4", "printings": ["10E", "CN2", "HA2", "M10", "M11", "MPS", "MRD", "PLIST", "SLD", "TD2", "V15"], "purchaseUrls": {}, "rarity": "mythic", "rulings": [{"date": "2004-12-01", "text": "Effects that say the game is a draw, such as the _Legends_(TM) card Divine Intervention, are not affected by Platinum Angel. They’ll still work."}, {"date": "2004-12-01", "text": "You can concede a game while Platinum Angel on the battlefield. A concession causes you to leave the game, which then causes you to lose the game (Once you concede, you no longer control a Platinum Angel, so its ability can’t prevent you from losing the game)."}, {"date": "2009-10-01", "text": "No game effect can cause you to lose the game or cause any opponent to win the game while you control Platinum Angel. It doesn’t matter whether you have 0 or less life, you’re forced to draw a card while your library is empty, you have ten or more poison counters, you’re dealt combat damage by Phage the Untouchable, your opponent has Mortal Combat with twenty or more creature cards in their graveyard, or so on. You keep playing."}, {"date": "2009-10-01", "text": "Other circumstances can still cause you to lose the game, however. You will lose a game if you concede, if you’re penalized with a Game Loss or a Match Loss during a sanctioned tournament due to a DCI rules infraction, or if your _Magic Online_(R) game clock runs out of time."}, {"date": "2009-10-01", "text": "If you control Platinum Angel in a Two-Headed Giant game, your team can’t lose the game and the opposing team can’t win the game."}], "securityStamp": "oval", "setCode": "HA2", "subtypes": ["Angel"], "supertypes": [], "text": "Flying\nYou can't lose the game and your opponents can't win the game.", "toughness": "4", "type": "Artifact Creature — Angel", "types": ["Artifact", "Creature"], "uuid": "7477b787-4c36-5f8b-84e7-781f41d184f5"}, {"artist": "Heather Hudson", "availability": ["arena"], "borderColor": "black", "colorIdentity": ["B"], "colors": [], "convertedManaCost": 0.0, "edhrecRank": 504, "finishes": ["nonfoil"], "foreignData": [], "frameVersion": "2015", "hasFoil": false, "hasNonFoil": true, "identifiers": {"mtgArenaId": "18239", "mtgjsonV4Id": "5d74b713-7f77-5bd1-a332-ca3b8f6529a8", "scryfallId": "bbf00df0-3857-4bd7-8993-656eb3426511", "scryfallIllustrationId": "2e8f6c5d-4d43-4b1e-9442-9106fe3dad7e", "scryfallOracleId": "326ba371-124c-4949-a048-3a0c8962e567"}, "isOnlineOnly": true, "isReprint": true, "isStarter": true, "keywords": ["Cycling"], "language": "English", "layout": "normal", "legalities": {"commander": "Legal", "duel": "Legal", "gladiator": "Legal", "historic": "Legal", "historicbrawl": "Legal", "legacy": "Legal", "modern": "Legal", "pauper": "Legal", "paupercommander": "Legal", "penny": "Legal", "premodern": "Legal", "vintage": "Legal"}, "manaValue": 0.0, "name": "Barren Moor", "number": "19", "printings": ["40K", "ARC", "C13", "C14", "C15", "C18", "C19", "C21", "CM2", "CMA", "CMD", "DDC", "DDJ", "DVD", "HA2", "MH1", "ONS", "TD0", "VMA", "WC03"], "purchaseUrls": {}, "rarity": "common", "rulings": [{"date": "2008-10-01", "text": "Cycling is an activated ability. Effects that interact with activated abilities (such as Stifle or Rings of Brighthearth) will interact with cycling. Effects that interact with spells (such as Remove Soul or Faerie Tauntings) will not."}], "setCode": "HA2", "subtypes": [], "supertypes": [], "text": "Barren Moor enters the battlefield tapped.\n{T}: Add {B}.\nCycling {B} ({B}, Discard this card: Draw a card.)", "type": "Land", "types": ["Land"], "uuid": "9ff9f21e-4ec7-5e29-ac98-7111dbb15aeb"}, {"artist": "Howard Lyon", "availability": ["arena"], "borderColor": "black", "colorIdentity": ["B"], "colors": [], "convertedManaCost": 0.0, "edhrecRank": 28, "finishes": ["nonfoil"], "foreignData": [], "frameVersion": "2015", "hasFoil": false, "hasNonFoil": true, "identifiers": {"mtgArenaId": "35515", "mtgjsonV4Id": "75a150ca-671c-541f-b0a0-d5316baae392", "scryfallId": "1fb27179-9fc2-4114-9ba7-a0eeb6628eb9", "scryfallIllustrationId": "3f411487-e24c-45b8-90f4-e195ff208c30", "scryfallOracleId": "04b7362d-0490-4cb0-b5d7-2a7732f659ce"}, "isOnlineOnly": true, "isReprint": true, "isStarter": true, "language": "English", "layout": "normal", "legalities": {"commander": "Legal", "duel": "Legal", "gladiator": "Legal", "historic": "Legal", "historicbrawl": "Legal", "legacy": "Legal", "modern": "Legal", "pauper": "Legal", "paupercommander": "Legal", "vintage": "Legal"}, "manaValue": 0.0, "name": "Bojuka Bog", "number": "20", "printings": ["AFC", "C13", "C14", "C17", "C18", "C19", "C20", "C21", "CLB", "CMA", "CMD", "DMC", "HA2", "MB1", "MIC", "PLIST", "PZ1", "TSR", "WWK"], "purchaseUrls": {}, "rarity": "common", "rulings": [], "setCode": "HA2", "subtypes": [], "supertypes": [], "text": "Bojuka Bog enters the battlefield tapped.\nWhen Bojuka Bog enters the battlefield, exile target player's graveyard.\n{T}: Add {B}.", "type": "Land", "types": ["Land"], "uuid": "72bc3c75-f5a7-571d-9d71-355dc6b23ff8"}, {"artist": "Tony Szczudlo", "availability": ["arena"], "borderColor": "black", "colorIdentity": ["R"], "colors": [], "convertedManaCost": 0.0, "edhrecRank": 372, "finishes": ["nonfoil"], "foreignData": [], "frameVersion": "2015", "hasFoil": false, "hasNonFoil": true, "identifiers": {"mtgArenaId": "18267", "mtgjsonV4Id": "31ec1572-cf68-5dac-b9dd-8bb6eb4726ae", "scryfallId": "5e82b3fa-a7b8-4ca2-9ce3-054475b407cf", "scryfallIllustrationId": "9fc12916-2c55-4909-aabc-04dbd70c7d60", "scryfallOracleId": "394c6de5-7957-4a0b-a6b9-ee0c707cd022"}, "isOnlineOnly": true, "isReprint": true, "isStarter": true, "keywords": ["Cycling"], "language": "English", "layout": "normal", "legalities": {"commander": "Legal", "duel": "Legal", "gladiator": "Legal", "historic": "Legal", "historicbrawl": "Legal", "legacy": "Legal", "modern": "Legal", "pauper": "Legal", "paupercommander": "Legal", "penny": "Legal", "premodern": "Legal", "vintage": "Legal"}, "manaValue": 0.0, "name": "Forgotten Cave", "number": "21", "printings": ["40K", "C13", "C14", "C15", "C18", "C19", "C20", "C21", "CM2", "CMA", "CMD", "CMR", "DD1", "DDJ", "DDT", "EVG", "HA2", "MB1", "MH1", "ONS", "TD0", "VMA"], "purchaseUrls": {}, "rarity": "common", "rulings": [{"date": "2008-10-01", "text": "Cycling is an activated ability. Effects that interact with activated abilities (such as Stifle or Rings of Brighthearth) will interact with cycling. Effects that interact with spells (such as Remove Soul or Faerie Tauntings) will not."}], "setCode": "HA2", "subtypes": [], "supertypes": [], "text": "Forgotten Cave enters the battlefield tapped.\n{T}: Add {R}.\nCycling {R} ({R}, Discard this card: Draw a card.)", "type": "Land", "types": ["Land"], "uuid": "93d9d0c9-f684-52a0-86eb-a19c43581bb2"}, {"artist": "Peter Mohrbacher", "availability": ["arena"], "borderColor": "black", "colorIdentity": [], "colors": [], "convertedManaCost": 0.0, "edhrecRank": 267, "finishes": ["nonfoil"], "foreignData": [], "frameVersion": "2015", "hasFoil": false, "hasNonFoil": true, "identifiers": {"mtgArenaId": "42294", "mtgjsonV4Id": "5fe96f08-c6a7-5fc2-a60e-b82521091ee9", "scryfallId": "9c957d63-1d4b-4f99-b123-bb00f8378aa3", "scryfallIllustrationId": "0b1b6a53-76d8-4823-bd99-caa81431d94d", "scryfallOracleId": "2ec4288e-34c6-4831-a2c0-ba1ca1d9d1dc"}, "isOnlineOnly": true, "isReprint": true, "isStarter": true, "language": "English", "layout": "normal", "legalities": {"commander": "Legal", "duel": "Legal", "gladiator": "Legal", "historic": "Legal", "historicbrawl": "Legal", "legacy": "Legal", "modern": "Legal", "penny": "Legal", "vintage": "Legal"}, "manaValue": 0.0, "name": "Ghost Quarter", "number": "22", "printings": ["C14", "C15", "CM2", "CMA", "DIS", "HA2", "ISD", "MB1", "MD1", "SLD", "TD0"], "purchaseUrls": {}, "rarity": "uncommon", "rulings": [{"date": "2006-05-01", "text": "If you target Ghost Quarter with its own ability, the ability won’t resolve because its target is no longer on the battlefield. You won’t get to search for a land card."}, {"date": "2011-09-22", "text": "If the targeted land is an illegal target by the time Ghost Quarter’s ability resolves, it won’t resolve and none of its effects will happen. The land’s controller won’t get to search for a basic land card."}, {"date": "2013-07-01", "text": "The target land’s controller gets to search for a basic land card even if that land wasn’t destroyed by Ghost Quarter’s ability. This may happen because the land has indestructible or because it was regenerated."}], "setCode": "HA2", "subtypes": [], "supertypes": [], "text": "{T}: Add {C}.\n{T}, Sacrifice Ghost Quarter: Destroy target land. Its controller may search their library for a basic land card, put it onto the battlefield, then shuffle.", "type": "Land", "types": ["Land"], "uuid": "de2e029e-dec6-5956-8cc5-88a86f9e9ae2"}, {"artist": "Heather Hudson", "availability": ["arena"], "borderColor": "black", "colorIdentity": ["U"], "colors": [], "convertedManaCost": 0.0, "edhrecRank": 491, "finishes": ["nonfoil"], "foreignData": [], "frameVersion": "2015", "hasFoil": false, "hasNonFoil": true, "identifiers": {"mtgArenaId": "18237", "mtgjsonV4Id": "ecfcce29-9d42-592e-b383-d583828043fb", "scryfallId": "9db4c029-3f8d-4fd7-bb40-0414ca6fd4a0", "scryfallIllustrationId": "756d8b95-ba41-4d18-904b-42a1bceea45d", "scryfallOracleId": "765863c8-1be0-4bb1-9e9c-db7701cffde3"}, "isOnlineOnly": true, "isReprint": true, "isStarter": true, "keywords": ["Cycling"], "language": "English", "layout": "normal", "legalities": {"commander": "Legal", "duel": "Legal", "gladiator": "Legal", "historic": "Legal", "historicbrawl": "Legal", "legacy": "Legal", "modern": "Legal", "pauper": "Legal", "paupercommander": "Legal", "penny": "Legal", "premodern": "Legal", "vintage": "Legal"}, "manaValue": 0.0, "name": "Lonely Sandbar", "number": "23", "printings": ["C13", "C14", "C18", "C20", "C21", "CM2", "CMD", "DDJ", "DDT", "HA2", "MH1", "ONS", "PZ2", "VMA"], "purchaseUrls": {}, "rarity": "common", "rulings": [{"date": "2008-10-01", "text": "Cycling is an activated ability. Effects that interact with activated abilities (such as Stifle or Rings of Brighthearth) will interact with cycling. Effects that interact with spells (such as Remove Soul or Faerie Tauntings) will not."}], "setCode": "HA2", "subtypes": [], "supertypes": [], "text": "Lonely Sandbar enters the battlefield tapped.\n{T}: Add {U}.\nCycling {U} ({U}, Discard this card: Draw a card.)", "type": "Land", "types": ["Land"], "uuid": "955325b2-ccfa-50a5-b6b7-7f8cfa5421a4"}, {"artist": "Heather Hudson", "availability": ["arena"], "borderColor": "black", "colorIdentity": ["W"], "colors": [], "convertedManaCost": 0.0, "edhrecRank": 589, "finishes": ["nonfoil"], "foreignData": [], "frameVersion": "2015", "hasFoil": false, "hasNonFoil": true, "identifiers": {"mtgArenaId": "18235", "mtgjsonV4Id": "f997b4a5-3f7f-5e53-81bd-d7e8bd53dd52", "scryfallId": "f27cfdab-7a27-4cd9-9f0d-c6fe8294e6c7", "scryfallIllustrationId": "cee4e93f-a71a-4d2d-8468-1b820ba6ccbf", "scryfallOracleId": "8dec6fcf-1254-4b1b-ba23-7a3e492a7241"}, "isOnlineOnly": true, "isReprint": true, "isStarter": true, "keywords": ["Cycling"], "language": "English", "layout": "normal", "legalities": {"commander": "Legal", "duel": "Legal", "gladiator": "Legal", "historic": "Legal", "historicbrawl": "Legal", "legacy": "Legal", "modern": "Legal", "pauper": "Legal", "paupercommander": "Legal", "penny": "Legal", "premodern": "Legal", "vintage": "Legal"}, "manaValue": 0.0, "name": "Secluded Steppe", "number": "24", "printings": ["ARC", "C13", "C14", "C15", "C17", "C18", "C20", "C21", "CM2", "CMA", "CMD", "CMR", "DDC", "DDO", "DVD", "HA2", "MH1", "ONS", "VMA", "WC04"], "purchaseUrls": {}, "rarity": "common", "rulings": [{"date": "2008-10-01", "text": "Cycling is an activated ability. Effects that interact with activated abilities (such as Stifle or Rings of Brighthearth) will interact with cycling. Effects that interact with spells (such as Remove Soul or Faerie Tauntings) will not."}], "setCode": "HA2", "subtypes": [], "supertypes": [], "text": "Secluded Steppe enters the battlefield tapped.\n{T}: Add {W}.\nCycling {W} ({W}, Discard this card: Draw a card.)", "type": "Land", "types": ["Land"], "uuid": "a30fe681-1a85-51c4-aa72-41ac52e0a586"}, {"artist": "Heather Hudson", "availability": ["arena"], "borderColor": "black", "colorIdentity": ["G"], "colors": [], "convertedManaCost": 0.0, "edhrecRank": 670, "finishes": ["nonfoil"], "foreignData": [], "frameVersion": "2015", "hasFoil": false, "hasNonFoil": true, "identifiers": {"mtgArenaId": "18243", "mtgjsonV4Id": "2fcb4cdb-5fb2-5671-9e16-228bc78d1e59", "scryfallId": "9ffbc971-f61c-4e04-bc52-4f9b5c31ef37", "scryfallIllustrationId": "bea0bfca-aeaa-4a84-9198-d763908059c9", "scryfallOracleId": "9f8fe514-77ed-41b4-a6f3-c6f095bb97be"}, "isOnlineOnly": true, "isReprint": true, "isStarter": true, "keywords": ["Cycling"], "language": "English", "layout": "normal", "legalities": {"commander": "Legal", "duel": "Legal", "gladiator": "Legal", "historic": "Legal", "historicbrawl": "Legal", "legacy": "Legal", "modern": "Legal", "pauper": "Legal", "paupercommander": "Legal", "penny": "Legal", "premodern": "Legal", "vintage": "Legal"}, "manaValue": 0.0, "name": "Tranquil Thicket", "number": "25", "printings": ["ARC", "C13", "C14", "C17", "C18", "C21", "CM2", "CMA", "CMD", "DD1", "DDJ", "DDU", "EVG", "HA2", "MH1", "ONS", "TD0", "VMA", "WC04"], "purchaseUrls": {}, "rarity": "common", "rulings": [{"date": "2008-10-01", "text": "Cycling is an activated ability. Effects that interact with activated abilities (such as Stifle or Rings of Brighthearth) will interact with cycling. Effects that interact with spells (such as Remove Soul or Faerie Tauntings) will not."}], "setCode": "HA2", "subtypes": [], "supertypes": [], "text": "Tranquil Thicket enters the battlefield tapped.\n{T}: Add {G}.\nCycling {G} ({G}, Discard this card: Draw a card.)", "type": "Land", "types": ["Land"], "uuid": "658e3705-b231-5e37-973d-5e955b465b65"}], "code": "HA2", "isFoilOnly": false, "isNonFoilOnly": true, "isOnlineOnly": true, "keyruneCode": "HA1", "name": "Historic Anthology 2", "releaseDate": "2020-03-12", "tokens": [], "totalSetSize": 25, "translations": {}, "type": "box"}}