{"meta": {"date": "2022-09-29", "version": "5.2.0+20220929"}, "data": {"baseSetSize": 20, "cards": [{"artist": "Jason Chan", "availability": ["arena"], "borderColor": "black", "colorIdentity": ["W"], "colors": ["W"], "convertedManaCost": 8.0, "edhrecRank": 632, "finishes": ["nonfoil"], "foreignData": [], "frameVersion": "2015", "hasFoil": false, "hasNonFoil": true, "identifiers": {"mtgArenaId": "46669", "mtgjsonV4Id": "32729cec-2ff4-5198-8d5a-e8a2bd3653b5", "scryfallId": "698fed00-1acd-42cf-969a-e2dce90356e8", "scryfallIllustrationId": "e4cb9f8d-fdf1-47ef-a393-a5b3f76d9e00", "scryfallOracleId": "216cb26e-8da9-478b-bfbc-8030f7adee72"}, "isOnlineOnly": true, "isReprint": true, "isStarter": true, "keywords": ["Flying", "Indestructible", "Vigilance"], "language": "English", "layout": "normal", "leadershipSkills": {"brawl": false, "commander": true, "oathbreaker": false}, "legalities": {"commander": "Legal", "duel": "Legal", "gladiator": "Legal", "historic": "Legal", "historicbrawl": "Legal", "legacy": "Legal", "modern": "Legal", "vintage": "Legal"}, "manaCost": "{5}{W}{W}{W}", "manaValue": 8.0, "name": "Avacyn, Angel of Hope", "number": "1", "power": "8", "printings": ["2XM", "AVR", "HA6", "IMA", "J17", "PHEL", "PRM", "V15"], "purchaseUrls": {}, "rarity": "mythic", "rulings": [{"date": "2020-08-07", "text": "Because damage remains marked on a creature until the damage is removed as the turn ends, nonlethal damage dealt to a creature you control may become lethal if Avacyn leaves the battlefield during that turn."}, {"date": "2020-08-07", "text": "A planeswalker with indestructible still loses loyalty as it's dealt damage. It is put into its owner's graveyard if its loyalty becomes 0."}], "securityStamp": "oval", "setCode": "HA6", "subtypes": ["Angel"], "supertypes": ["Legendary"], "text": "Flying, vigilance, indestructible\nOther permanents you control have indestructible.", "toughness": "8", "type": "Legendary Creature — Angel", "types": ["Creature"], "uuid": "20e5a559-4e50-5135-99e5-0d22ffc10032"}, {"artist": "Jana Schirmer & Johannes Voss", "availability": ["arena"], "borderColor": "black", "colorIdentity": ["U"], "colors": ["U"], "convertedManaCost": 4.0, "edhrecRank": 395, "finishes": ["nonfoil"], "foreignData": [], "frameVersion": "2015", "hasFoil": false, "hasNonFoil": true, "identifiers": {"mtgArenaId": "39734", "mtgjsonV4Id": "ea5ef8a6-f69c-5f6d-9589-83763489ac09", "scryfallId": "89ca6469-d68d-41f4-ac19-a31851a587ce", "scryfallIllustrationId": "0ab6096e-884a-47dc-ab8a-e7cccdfbba6b", "scryfallOracleId": "340bbe8b-e987-4c3e-ab4e-9dee63e57d4f"}, "isOnlineOnly": true, "isReprint": true, "isStarter": true, "language": "English", "layout": "normal", "legalities": {"commander": "Legal", "duel": "Legal", "gladiator": "Legal", "historic": "Legal", "historicbrawl": "Legal", "legacy": "Legal", "modern": "Legal", "penny": "Legal", "vintage": "Legal"}, "manaCost": "{3}{U/P}", "manaValue": 4.0, "name": "Phyrexian Metamorph", "number": "2", "power": "0", "printings": ["2XM", "HA6", "MB1", "NPH", "PNPH", "PRM"], "purchaseUrls": {}, "rarity": "rare", "rulings": [{"date": "2011-06-01", "text": "A card with Phyrexian mana symbols in its mana cost is each color that appears in that mana cost, regardless of how that cost may have been paid."}, {"date": "2011-06-01", "text": "To calculate the mana value of a card with Phyrexian mana symbols in its cost, count each Phyrexian mana symbol as 1."}, {"date": "2011-06-01", "text": "As you cast a spell or activate an activated ability with one or more Phyrexian mana symbols in its cost, you choose how to pay for each Phyrexian mana symbol at the same time you would choose modes or choose a value for X."}, {"date": "2011-06-01", "text": "If you're at 1 life or less, you can't pay 2 life."}, {"date": "2011-06-01", "text": "Phyrexian mana is not a new color. Players can't add Phyrexian mana to their mana pools."}, {"date": "2011-06-01", "text": "Except for also being an artifact, Phyrexian Metamorph copies exactly what was printed on the original permanent and nothing more (unless that creature is itself copying something or is a token; see below). It doesn't copy whether that permanent is tapped or untapped, whether it has any counters on it or Auras attached to it, or any noncopy effects that have changed its power, toughness, types, color, and so on."}, {"date": "2011-06-01", "text": "If Phyrexian Metamorph copies a noncreature artifact, it is no longer a creature."}, {"date": "2011-06-01", "text": "If the chosen permanent has {X} in its mana cost (such as Protean Hydra), X is considered to be zero."}, {"date": "2011-06-01", "text": "If the chosen creature is copying something else (for example, if the chosen creature is a Clone), then your Phyrexian Metamorph enters the battlefield as whatever the chosen creature copied, except it's also an artifact."}, {"date": "2011-06-01", "text": "If the chosen permanent is a token, Phyrexian Metamorph copies the original characteristics of that token as stated by the effect that put the token onto the battlefield, except it's also an artifact. Phyrexian Metamorph is not a token."}, {"date": "2011-06-01", "text": "Any enters-the-battlefield abilities of the copied permanent will trigger when Phyrexian Metamorph enters the battlefield. Any “as [this] enters the battlefield” or “[this] enters the battlefield with” abilities of the chosen permanent will also work."}, {"date": "2011-06-01", "text": "If Phyrexian Metamorph somehow enters the battlefield at the same time as another permanent (due to Mass Polymorph or Liliana Vess's third ability, for example), Phyrexian Metamorph can't become a copy of that permanent. You may choose only a permanent that's already on the battlefield."}, {"date": "2011-06-01", "text": "You can choose not to copy anything. In that case, Phyrexian Metamorph simply enters the battlefield as a 0/0 artifact creature and is put into its owner's graveyard as a state-based action (unless something else is raising its toughness)."}], "securityStamp": "oval", "setCode": "HA6", "subtypes": ["Phyrexian", "Shapeshifter"], "supertypes": [], "text": "({U/P} can be paid with either {U} or 2 life.)\nYou may have Phyrexian Metamorph enter the battlefield as a copy of any artifact or creature on the battlefield, except it's an artifact in addition to its other types.", "toughness": "0", "type": "Artifact Creature — Phyrexian Shapeshifter", "types": ["Artifact", "Creature"], "uuid": "e827ec2e-dbdd-5c61-81d7-314e747444a2"}, {"artist": "Caroline Gariba", "availability": ["arena"], "borderColor": "black", "colorIdentity": ["B"], "colors": ["B"], "convertedManaCost": 3.0, "edhrecRank": 1498, "finishes": ["nonfoil"], "foreignData": [], "frameVersion": "2015", "hasFoil": false, "hasNonFoil": true, "identifiers": {"mtgArenaId": "83143", "mtgjsonV4Id": "a6725444-1afd-5000-8e40-7585d9c9e07c", "scryfallId": "d4a9042d-62e2-4632-ba37-f7090f631df2", "scryfallIllustrationId": "c64165b8-7772-4d46-b95d-32c5bbdd3ab0", "scryfallOracleId": "55eca80c-dcd8-4c2f-aa0f-fb0aec7b80f7"}, "isOnlineOnly": true, "isReprint": true, "isStarter": true, "language": "English", "layout": "normal", "legalities": {"commander": "Legal", "duel": "Legal", "gladiator": "Legal", "historic": "Legal", "historicbrawl": "Legal", "legacy": "Legal", "vintage": "Legal"}, "manaCost": "{2}{B}", "manaValue": 3.0, "name": "Ophiomancer", "number": "3", "power": "2", "printings": ["C13", "CC2", "HA6"], "purchaseUrls": {}, "rarity": "rare", "rulings": [{"date": "2013-10-17", "text": "Ophiomancer’s ability checks if you control a Snake at the beginning of each upkeep. If you do, the ability won’t trigger."}, {"date": "2013-10-17", "text": "If the ability does trigger, but you control a Snake when it tries to resolve, the ability will do nothing. No Snake token will be created."}, {"date": "2013-10-17", "text": "Ophiomancer’s ability considers any creature you control with the creature type Snake, not just the tokens Ophiomancer creates."}], "securityStamp": "oval", "setCode": "HA6", "subtypes": ["Human", "Shaman"], "supertypes": [], "text": "At the beginning of each upkeep, if you control no Snakes, create a 1/1 black Snake creature token with deathtouch.", "toughness": "2", "type": "Creature — Human Shaman", "types": ["Creature"], "uuid": "1a36970e-f3ff-5736-bfeb-e8dc48e638b3"}, {"artist": "Greg Staples", "availability": ["arena"], "borderColor": "black", "colorIdentity": ["B"], "colors": ["B"], "convertedManaCost": 4.0, "edhrecRank": 9247, "finishes": ["nonfoil"], "foreignData": [], "frameVersion": "2015", "hasFoil": false, "hasNonFoil": true, "identifiers": {"mtgArenaId": "21287", "mtgjsonV4Id": "c6c7ac37-c44a-5bd0-a985-b224d96bdb04", "scryfallId": "015f8c38-5d0e-4bdb-a705-24313dcece99", "scryfallIllustrationId": "6811fdd6-aed2-45b4-9805-0b1001fa0d3d", "scryfallOracleId": "916bd025-c44f-49c9-8d76-4b7b2f9a8ba3"}, "isOnlineOnly": true, "isReprint": true, "isStarter": true, "language": "English", "layout": "normal", "legalities": {"commander": "Legal", "duel": "Legal", "gladiator": "Legal", "historic": "Legal", "historicbrawl": "Legal", "legacy": "Legal", "modern": "Legal", "penny": "Legal", "vintage": "Legal"}, "manaCost": "{2}{B}{B}", "manaValue": 4.0, "name": "Night of Souls' Betrayal", "number": "4", "printings": ["CHK", "HA6", "IMA"], "purchaseUrls": {}, "rarity": "rare", "rulings": [{"date": "2017-11-17", "text": "If a second Night of Souls’ Betrayal comes under your control, you’ll put one into its owner’s graveyard due to the “legend rule” at the same time that any creatures getting -2/-2 are put into their owner’s graveyard for having 0 or less toughness."}], "securityStamp": "oval", "setCode": "HA6", "subtypes": [], "supertypes": ["Legendary"], "text": "All creatures get -1/-1.", "type": "Legendary Enchantment", "types": ["Enchantment"], "uuid": "3dfed4f6-cfaf-56fd-b3ef-8bb3e1a07c56"}, {"artist": "Wisnu Tan", "availability": ["arena"], "borderColor": "black", "colorIdentity": ["R"], "colors": ["R"], "convertedManaCost": 3.0, "edhrecRank": 1474, "finishes": ["nonfoil"], "foreignData": [], "frameVersion": "2015", "hasFoil": false, "hasNonFoil": true, "identifiers": {"mtgArenaId": "83081", "mtgjsonV4Id": "b504366b-b6ea-586a-a837-a729564e479a", "scryfallId": "44efb0b8-f6a7-4b56-a2f8-8899d01a71d1", "scryfallIllustrationId": "47baffa1-86b9-431c-bd91-8c1a30b18259", "scryfallOracleId": "a0be9bb2-3234-4c6c-b8ce-0879b1f43003"}, "isOnlineOnly": true, "isReprint": true, "isStarter": true, "keywords": ["Haste"], "language": "English", "layout": "normal", "leadershipSkills": {"brawl": false, "commander": true, "oathbreaker": false}, "legalities": {"commander": "Legal", "duel": "Legal", "gladiator": "Legal", "historic": "Legal", "historicbrawl": "Legal", "legacy": "Legal", "vintage": "Legal"}, "manaCost": "{2}{R}", "manaValue": 3.0, "name": "Laelia, the Blade Reforged", "number": "5", "power": "2", "printings": ["C21", "CLB", "HA6", "PRM"], "purchaseUrls": {}, "rarity": "rare", "rulings": [{"date": "2021-06-18", "text": "Laelia, the Blade Reforged has recieved an update to its Oracle text. The official text is listed above. Specifically, its last triggered ability doesn't care which player is exiling cards from the library or graveyard. Cards put into exile from your library or graveyard for any reason, such as the delve ability, cause the ability to trigger."}, {"date": "2021-06-18", "text": "Cards exiled by Laelia, the Blade Reforged are exiled face up."}, {"date": "2021-06-18", "text": "The last ability only triggers once for each time cards are put into exile from your library and/or graveyard, no matter how many cards were exiled at the same time."}, {"date": "2021-06-18", "text": "You must follow the normal timing permissions and restrictions while playing the exiled card. If it's a land, you can't play it unless you have land plays available."}, {"date": "2021-06-18", "text": "You'll still pay all costs for a spell cast this way, including additional costs. You may also pay alternative costs if any are available."}, {"date": "2021-06-18", "text": "If you play a card this way, it leaves exile and becomes a new object. If it returns to exile later in the turn, you can't play it again."}], "securityStamp": "oval", "setCode": "HA6", "subtypes": ["Spirit", "Warrior"], "supertypes": ["Legendary"], "text": "Haste\nWhenever Laelia, the Blade Reforged attacks, exile the top card of your library. You may play that card this turn.\nWhenever one or more cards are put into exile from your library and/or your graveyard, put a +1/+1 counter on Laelia.", "toughness": "2", "type": "Legendary Creature — Spirit Warrior", "types": ["Creature"], "uuid": "8fcc2793-6d56-5a96-8496-e6dddeb74f0a"}, {"artist": "Alexander Mokhov", "availability": ["arena"], "borderColor": "black", "colorIdentity": ["B", "G", "R", "U", "W"], "colors": ["G"], "convertedManaCost": 4.0, "edhrecRank": 3254, "finishes": ["nonfoil"], "foreignData": [], "frameVersion": "2015", "hasFoil": false, "hasNonFoil": true, "identifiers": {"mtgArenaId": "83157", "mtgjsonV4Id": "25a704c3-f9f8-5abd-9bf3-5756a4e00a75", "scryfallId": "95fee9d9-7c78-4a75-80e0-3c4ddd321a48", "scryfallIllustrationId": "8e41e047-4260-40af-abe7-d89d8e17d941", "scryfallOracleId": "6dbcd542-ddb0-434e-b8ee-3e31e1a8b051"}, "isOnlineOnly": true, "isReprint": true, "isStarter": true, "language": "English", "layout": "normal", "leadershipSkills": {"brawl": false, "commander": true, "oathbreaker": false}, "legalities": {"commander": "Legal", "duel": "Legal", "gladiator": "Legal", "historic": "Legal", "historicbrawl": "Legal", "legacy": "Legal", "vintage": "Legal"}, "manaCost": "{3}{G}", "manaValue": 4.0, "name": "Go-Shintai of Life's Origin", "number": "6", "power": "3", "printings": ["HA6", "NEC"], "purchaseUrls": {}, "rarity": "mythic", "rulings": [{"date": "2022-02-18", "text": "If a token copy of Go-Shintai of Life's Origin enters the battlefield, it will cause its own triggered ability to trigger."}], "securityStamp": "oval", "setCode": "HA6", "subtypes": ["Shrine"], "supertypes": ["Legendary"], "text": "{W}{U}{B}{R}{G}, {T}: Return target enchantment card from your graveyard to the battlefield.\nWhenever Go-Shintai of Life's Origin or another nontoken Shrine enters the battlefield under your control, create a 1/1 colorless Shrine enchantment creature token.", "toughness": "4", "type": "Legendary Enchantment Creature — Shrine", "types": ["Enchantment", "Creature"], "uuid": "2b31d20f-3a53-5930-be26-e1a3ccffa958"}, {"artist": "Filip Burburan", "availability": ["arena"], "borderColor": "black", "colorIdentity": ["G"], "colors": ["G"], "convertedManaCost": 2.0, "edhrecRank": 11208, "finishes": ["nonfoil"], "foreignData": [], "frameVersion": "2015", "hasFoil": false, "hasNonFoil": true, "identifiers": {"mtgArenaId": "83387", "mtgjsonV4Id": "a07b1a0d-2748-51fa-bcb8-f238d1821754", "scryfallId": "c35cae61-8617-4c70-890e-eb2625ec650a", "scryfallIllustrationId": "c32c2488-d604-46ad-b8bc-62782ff1f222", "scryfallOracleId": "45900b2f-f6a9-4c42-9642-008f3c1cf6dd"}, "isOnlineOnly": true, "isReprint": true, "isStarter": true, "language": "English", "layout": "normal", "legalities": {"commander": "Legal", "duel": "Legal", "gladiator": "Legal", "historic": "Legal", "historicbrawl": "Legal", "legacy": "Legal", "modern": "Legal", "vintage": "Legal"}, "manaCost": "{1}{G}", "manaValue": 2.0, "name": "Tarmogoyf", "number": "7", "power": "*", "printings": ["FUT", "HA6", "MM2", "MM3", "MMA", "PLIST", "PUMA", "TSR", "UMA"], "purchaseUrls": {}, "rarity": "mythic", "rulings": [{"date": "2021-03-19", "text": "The ability that defines Tarmogoyf’s power and toughness works in all zones, not just the battlefield. If Tarmogoyf is in your graveyard, it will count itself."}, {"date": "2021-03-19", "text": "Tarmogoyf counts card types, not cards. If the only card in all graveyards is a single artifact creature, Tarmogoyf will be 2/3. If the only cards in all graveyards are ten artifact creatures, Tarmogoyf will still be 2/3."}, {"date": "2021-03-19", "text": "The card types that can appear on cards in a graveyard are artifact, creature, enchantment, instant, land, planeswalker, sorcery, and tribal. Legendary, basic, and snow are supertypes, not card types."}, {"date": "2021-03-19", "text": "If an instant or sorcery spell deals damage to Tarmogoyf or lowers its toughness, that spell is put into its owner’s graveyard before state-based actions are performed. If that card is the first of its type to enter a graveyard, it will raise Tarmogoyf’s toughness before the game checks to see if Tarmogoyf dies."}], "securityStamp": "oval", "setCode": "HA6", "subtypes": ["Lhurgoyf"], "supertypes": [], "text": "Tarmogoyf's power is equal to the number of card types among cards in all graveyards and its toughness is equal to that number plus 1.", "toughness": "1+*", "type": "Creature — Lhurgoyf", "types": ["Creature"], "uuid": "1d9edf5d-79b3-54df-8013-0e0b681fb3a0"}, {"artist": "Brandon Kitkouski", "availability": ["arena"], "borderColor": "black", "colorIdentity": ["B", "U"], "colors": ["B", "U"], "convertedManaCost": 2.0, "edhrecRank": 5298, "finishes": ["nonfoil"], "foreignData": [], "frameVersion": "2015", "hasFoil": false, "hasNonFoil": true, "identifiers": {"mtgArenaId": "23012", "mtgjsonV4Id": "9675d6ad-913d-5716-b5cd-278413970272", "scryfallId": "9ed2d0b6-df6c-49ab-ba7b-7321ac68afe2", "scryfallIllustrationId": "cd8150a2-0bad-4f27-bbdf-6bd8155a0682", "scryfallOracleId": "552f0163-a19d-4671-888f-044fc0354875"}, "isOnlineOnly": true, "isReprint": true, "isStarter": true, "keywords": ["Mill"], "language": "English", "layout": "normal", "legalities": {"commander": "Legal", "duel": "Legal", "gladiator": "Legal", "historic": "Legal", "historicbrawl": "Legal", "legacy": "Legal", "modern": "Legal", "vintage": "Legal"}, "manaCost": "{U}{B}", "manaValue": 2.0, "name": "Glimpse the Unthinkable", "number": "8", "printings": ["2X2", "GK1", "HA6", "IMA", "RAV"], "purchaseUrls": {}, "rarity": "rare", "rulings": [], "securityStamp": "oval", "setCode": "HA6", "subtypes": [], "supertypes": [], "text": "Target player mills ten cards.", "type": "Sorcery", "types": ["Sorcery"], "uuid": "a0925fb8-2f15-5ee6-a343-77983329cc59"}, {"artist": "Mark Zug", "availability": ["arena"], "borderColor": "black", "colorIdentity": [], "colors": [], "convertedManaCost": 0.0, "edhrecRank": 4490, "finishes": ["nonfoil"], "foreignData": [], "frameVersion": "2015", "hasFoil": false, "hasNonFoil": true, "identifiers": {"mtgArenaId": "19995", "mtgjsonV4Id": "77c48759-ef50-5e2e-81a0-a357a97a6e79", "scryfallId": "c2a94c2f-9cca-4984-aba9-3e1bc3574163", "scryfallIllustrationId": "b51bb61e-bad7-46ca-abd0-c5322c43ecdb", "scryfallOracleId": "74027ba4-a6ba-4696-baf1-60ef0b27ee0a"}, "isOnlineOnly": true, "isReprint": true, "isStarter": true, "language": "English", "layout": "normal", "legalities": {"commander": "Legal", "duel": "Legal", "gladiator": "Legal", "historic": "Legal", "historicbrawl": "Banned", "legacy": "Legal", "modern": "Legal", "vintage": "Restricted"}, "manaCost": "{X}{X}", "manaValue": 0.0, "name": "Chalice of the Void", "number": "9", "printings": ["A25", "HA6", "J19", "MMA", "MPS", "MRD", "PRM", "TSR"], "purchaseUrls": {}, "rarity": "mythic", "rulings": [{"date": "2021-03-19", "text": "A mana cost of {X}{X} means that you pay twice X. For example, if you want X to be 3, you pay {6} to cast Chalice of the Void."}, {"date": "2021-03-19", "text": "The number of charge counters on Chalice of the Void matters only at the time the spell is cast. Changing the number of charge counters on Chalice of the Void after a spell has been cast won’t change whether the ability triggers or counters the spell."}, {"date": "2021-03-19", "text": "If there are zero charge counters on Chalice of the Void, it counters each spell with a mana value of 0. This includes face-down creature spells cast with morph’s alternative cost."}, {"date": "2021-03-19", "text": "Chalice of the Void has to be on the battlefield at the end of casting a spell for the ability to trigger. If you sacrifice Chalice of the Void as a cost to cast a spell, its ability can’t trigger. However, if it leaves the battlefield once its ability has triggered, that ability will still counter the spell."}], "securityStamp": "oval", "setCode": "HA6", "subtypes": [], "supertypes": [], "text": "Chalice of the Void enters the battlefield with X charge counters on it.\nWhenever a player casts a spell with mana value equal to the number of charge counters on Chalice of the Void, counter that spell.", "type": "Artifact", "types": ["Artifact"], "uuid": "c650de52-e1c3-5592-86c4-4d64367f56f1"}, {"artist": "Dmitry Burmak", "availability": ["arena"], "borderColor": "black", "colorIdentity": [], "colors": [], "convertedManaCost": 1.0, "edhrecRank": 4111, "finishes": ["nonfoil"], "foreignData": [], "frameVersion": "2015", "hasFoil": false, "hasNonFoil": true, "identifiers": {"mtgArenaId": "83000", "mtgjsonV4Id": "3d634d09-e905-5f9f-867d-c667cec4e343", "scryfallId": "d9aa3c4e-b5fb-4443-b838-a9ba7f4b9be7", "scryfallIllustrationId": "f02eb32f-0c79-4a9d-b706-4bada11587b7", "scryfallOracleId": "aaadfe41-b2be-4183-b45e-a70e53a59d2e"}, "isOnlineOnly": true, "isReprint": true, "isStarter": true, "language": "English", "layout": "normal", "legalities": {"commander": "Legal", "duel": "Legal", "gladiator": "Legal", "historic": "Legal", "historicbrawl": "Legal", "legacy": "Legal", "vintage": "Legal"}, "manaCost": "{1}", "manaValue": 1.0, "name": "Retrofitter Foundry", "number": "10", "printings": ["C18", "HA6", "PZ2"], "purchaseUrls": {}, "rarity": "rare", "rulings": [], "securityStamp": "oval", "setCode": "HA6", "subtypes": [], "supertypes": [], "text": "{3}: Untap Retrofitter Foundry.\n{2}, {T}: Create a 1/1 colorless Servo artifact creature token.\n{1}, {T}, Sacrifice a Servo: Create a 1/1 colorless Thopter artifact creature token with flying.\n{T}, Sacrifice a Thopter: Create a 4/4 colorless Construct artifact creature token.", "type": "Artifact", "types": ["Artifact"], "uuid": "47bb1c31-b764-5cf0-8478-16fd39cd20a0"}, {"artist": "Raoul Vitale", "availability": ["arena"], "borderColor": "black", "colorIdentity": ["B", "G"], "colors": [], "convertedManaCost": 0.0, "edhrecRank": 2923, "finishes": ["nonfoil"], "foreignData": [], "frameVersion": "2015", "hasFoil": false, "hasNonFoil": true, "identifiers": {"mtgArenaId": "76203", "mtgjsonV4Id": "5c252ceb-480f-5064-8612-b3bf41c19ce0", "scryfallId": "1591ada3-b10e-42ab-aad9-e51478bdb3bf", "scryfallIllustrationId": "eec70e99-68c8-495a-8cec-2534ec4f5488", "scryfallOracleId": "2065cada-4078-41c4-9e06-2460d2a2e8ee"}, "isOnlineOnly": true, "isReprint": true, "isStarter": true, "keywords": ["Indestructible"], "language": "English", "layout": "normal", "legalities": {"commander": "Legal", "duel": "Legal", "gladiator": "Legal", "historic": "Legal", "historicbrawl": "Legal", "legacy": "Legal", "modern": "Legal", "pauper": "Legal", "paupercommander": "Legal", "penny": "Legal", "vintage": "Legal"}, "manaValue": 0.0, "name": "Darkmoss Bridge", "number": "11", "printings": ["HA6", "MH2"], "purchaseUrls": {}, "rarity": "common", "rulings": [], "setCode": "HA6", "subtypes": [], "supertypes": [], "text": "Darkmoss Bridge enters the battlefield tapped.\nIndestructible\n{T}: Add {B} or {G}.", "type": "Artifact Land", "types": ["Artifact", "Land"], "uuid": "aeac8ba0-806f-5baa-b377-070134027afd"}, {"artist": "Raoul Vitale", "availability": ["arena"], "borderColor": "black", "colorIdentity": ["B", "R"], "colors": [], "convertedManaCost": 0.0, "edhrecRank": 2245, "finishes": ["nonfoil"], "foreignData": [], "frameVersion": "2015", "hasFoil": false, "hasNonFoil": true, "identifiers": {"mtgArenaId": "76204", "mtgjsonV4Id": "1be68189-ca2f-5922-bf8b-6addbe75da88", "scryfallId": "2232d657-2729-41f6-aa84-0c1b253b5aeb", "scryfallIllustrationId": "11d32573-5f97-44b8-b420-4d63d1b5381c", "scryfallOracleId": "44b83535-fdbf-4307-bf53-ca20470a768d"}, "isOnlineOnly": true, "isReprint": true, "isStarter": true, "keywords": ["Indestructible"], "language": "English", "layout": "normal", "legalities": {"commander": "Legal", "duel": "Legal", "gladiator": "Legal", "historic": "Legal", "historicbrawl": "Legal", "legacy": "Legal", "modern": "Legal", "pauper": "Legal", "paupercommander": "Legal", "penny": "Legal", "vintage": "Legal"}, "manaValue": 0.0, "name": "Drossforge Bridge", "number": "12", "printings": ["HA6", "MH2"], "purchaseUrls": {}, "rarity": "common", "rulings": [], "setCode": "HA6", "subtypes": [], "supertypes": [], "text": "Drossforge Bridge enters the battlefield tapped.\nIndestructible\n{T}: Add {B} or {R}.", "type": "Artifact Land", "types": ["Artifact", "Land"], "uuid": "210f2062-99ba-5e41-811c-57d0d2b0fbf8"}, {"artist": "Aaron Miller", "availability": ["arena"], "borderColor": "black", "colorIdentity": ["B", "W"], "colors": [], "convertedManaCost": 0.0, "edhrecRank": 2064, "finishes": ["nonfoil"], "foreignData": [], "frameVersion": "2015", "hasFoil": false, "hasNonFoil": true, "identifiers": {"mtgArenaId": "76212", "mtgjsonV4Id": "b8edee9e-a807-57c8-ba12-7f663bf918c8", "scryfallId": "699beb4d-a313-4c70-8552-9e136dfdc50d", "scryfallIllustrationId": "c4e0bf04-b697-47ac-9f0c-4f3a97d4219f", "scryfallOracleId": "c9b7ea9c-3bcb-4538-aa25-cdb82a52037e"}, "isOnlineOnly": true, "isReprint": true, "isStarter": true, "keywords": ["Indestructible"], "language": "English", "layout": "normal", "legalities": {"commander": "Legal", "duel": "Legal", "gladiator": "Legal", "historic": "Legal", "historicbrawl": "Legal", "legacy": "Legal", "modern": "Legal", "pauper": "Legal", "paupercommander": "Legal", "penny": "Legal", "vintage": "Legal"}, "manaValue": 0.0, "name": "Goldmire Bridge", "number": "13", "printings": ["HA6", "MH2"], "purchaseUrls": {}, "rarity": "common", "rulings": [], "setCode": "HA6", "subtypes": [], "supertypes": [], "text": "Goldmire Bridge enters the battlefield tapped.\nIndestructible\n{T}: Add {W} or {B}.", "type": "Artifact Land", "types": ["Artifact", "Land"], "uuid": "5f9534a9-0cac-5fdf-bfc3-b2cd01e1909a"}, {"artist": "Mathias Kollros", "availability": ["arena"], "borderColor": "black", "colorIdentity": ["B", "U"], "colors": [], "convertedManaCost": 0.0, "edhrecRank": 1821, "finishes": ["nonfoil"], "foreignData": [], "frameVersion": "2015", "hasFoil": false, "hasNonFoil": true, "identifiers": {"mtgArenaId": "76206", "mtgjsonV4Id": "204f6d2f-e4e0-5908-9e87-49f37b25c4b4", "scryfallId": "328efebe-4f98-4b99-87a3-a63a4600a7e0", "scryfallIllustrationId": "dc1b3512-2e5e-4f94-8b5e-a3f5720fb93e", "scryfallOracleId": "33ee23bc-6327-4a54-a704-dfd83be36bb5"}, "isOnlineOnly": true, "isReprint": true, "isStarter": true, "keywords": ["Indestructible"], "language": "English", "layout": "normal", "legalities": {"commander": "Legal", "duel": "Legal", "gladiator": "Legal", "historic": "Legal", "historicbrawl": "Legal", "legacy": "Legal", "modern": "Legal", "pauper": "Legal", "paupercommander": "Legal", "penny": "Legal", "vintage": "Legal"}, "manaValue": 0.0, "name": "Mistvault Bridge", "number": "14", "printings": ["HA6", "MH2"], "purchaseUrls": {}, "rarity": "common", "rulings": [], "setCode": "HA6", "subtypes": [], "supertypes": [], "text": "Mistvault Bridge enters the battlefield tapped.\nIndestructible\n{T}: Add {U} or {B}.", "type": "Artifact Land", "types": ["Artifact", "Land"], "uuid": "762a3db8-e65f-5063-aea1-096fb6fa91d7"}, {"artist": "Rob Alexander", "availability": ["arena"], "borderColor": "black", "colorIdentity": ["U", "W"], "colors": [], "convertedManaCost": 0.0, "edhrecRank": 1545, "finishes": ["nonfoil"], "foreignData": [], "frameVersion": "2015", "hasFoil": false, "hasNonFoil": true, "identifiers": {"mtgArenaId": "76209", "mtgjsonV4Id": "1a041555-6191-5091-9d30-db37d71ab3a0", "scryfallId": "c6373272-86ca-4409-bfd8-6fffbad1c0e9", "scryfallIllustrationId": "13595c80-a45d-4b69-873e-d1ecc284537c", "scryfallOracleId": "6cb37ac1-dd11-4a8c-bca5-ef44d828059f"}, "isOnlineOnly": true, "isReprint": true, "isStarter": true, "keywords": ["Indestructible"], "language": "English", "layout": "normal", "legalities": {"commander": "Legal", "duel": "Legal", "gladiator": "Legal", "historic": "Legal", "historicbrawl": "Legal", "legacy": "Legal", "modern": "Legal", "pauper": "Legal", "paupercommander": "Legal", "penny": "Legal", "vintage": "Legal"}, "manaValue": 0.0, "name": "Razortide Bridge", "number": "15", "printings": ["HA6", "MH2"], "purchaseUrls": {}, "rarity": "common", "rulings": [], "setCode": "HA6", "subtypes": [], "supertypes": [], "text": "Razortide Bridge enters the battlefield tapped.\nIndestructible\n{T}: Add {W} or {U}.", "type": "Artifact Land", "types": ["Artifact", "Land"], "uuid": "79658f86-d480-50e2-a136-c8effab24ca2"}, {"artist": "Craig J Spearing", "availability": ["arena"], "borderColor": "black", "colorIdentity": ["R", "W"], "colors": [], "convertedManaCost": 0.0, "edhrecRank": 1406, "finishes": ["nonfoil"], "foreignData": [], "frameVersion": "2015", "hasFoil": false, "hasNonFoil": true, "identifiers": {"mtgArenaId": "76210", "mtgjsonV4Id": "0ca7275a-e920-5f24-bba4-5cf5e704b02f", "scryfallId": "f3433515-e088-4a34-a815-9d8273767d4b", "scryfallIllustrationId": "8b857d7f-9124-4bc7-8ed3-a31f3c6dde0f", "scryfallOracleId": "a3faf70d-c034-4692-9e92-1922029e3852"}, "isOnlineOnly": true, "isReprint": true, "isStarter": true, "keywords": ["Indestructible"], "language": "English", "layout": "normal", "legalities": {"commander": "Legal", "duel": "Legal", "gladiator": "Legal", "historic": "Legal", "historicbrawl": "Legal", "legacy": "Legal", "modern": "Legal", "pauper": "Legal", "paupercommander": "Legal", "penny": "Legal", "vintage": "Legal"}, "manaValue": 0.0, "name": "Rustvale Bridge", "number": "16", "printings": ["HA6", "MH2"], "purchaseUrls": {}, "rarity": "common", "rulings": [], "setCode": "HA6", "subtypes": [], "supertypes": [], "text": "Rustvale Bridge enters the battlefield tapped.\nIndestructible\n{T}: Add {R} or {W}.", "type": "Artifact Land", "types": ["Artifact", "Land"], "uuid": "337ef4fa-b869-5523-9213-b91a7ecf937f"}, {"artist": "Joseph Meehan", "availability": ["arena"], "borderColor": "black", "colorIdentity": ["R", "U"], "colors": [], "convertedManaCost": 0.0, "edhrecRank": 1780, "finishes": ["nonfoil"], "foreignData": [], "frameVersion": "2015", "hasFoil": false, "hasNonFoil": true, "identifiers": {"mtgArenaId": "76213", "mtgjsonV4Id": "8f449000-63af-551e-823b-d313fa8307ec", "scryfallId": "b365a7d7-f2ba-4b76-8c99-790f43e6bba2", "scryfallIllustrationId": "25ea0e65-e625-4a20-941b-e8d76a4eae56", "scryfallOracleId": "081bfd50-a436-463b-9d2c-5bc8a32b387c"}, "isOnlineOnly": true, "isReprint": true, "isStarter": true, "keywords": ["Indestructible"], "language": "English", "layout": "normal", "legalities": {"commander": "Legal", "duel": "Legal", "gladiator": "Legal", "historic": "Legal", "historicbrawl": "Legal", "legacy": "Legal", "modern": "Legal", "pauper": "Legal", "paupercommander": "Legal", "penny": "Legal", "vintage": "Legal"}, "manaValue": 0.0, "name": "Silverbluff Bridge", "number": "17", "printings": ["HA6", "MH2"], "purchaseUrls": {}, "rarity": "common", "rulings": [], "setCode": "HA6", "subtypes": [], "supertypes": [], "text": "Silverbluff Bridge enters the battlefield tapped.\nIndestructible\n{T}: Add {U} or {R}.", "type": "Artifact Land", "types": ["Artifact", "Land"], "uuid": "2e3be120-ea96-50dd-bc82-6a73100b6586"}, {"artist": "Lucas Graciano", "availability": ["arena"], "borderColor": "black", "colorIdentity": ["G", "R"], "colors": [], "convertedManaCost": 0.0, "edhrecRank": 3813, "finishes": ["nonfoil"], "foreignData": [], "frameVersion": "2015", "hasFoil": false, "hasNonFoil": true, "identifiers": {"mtgArenaId": "76214", "mtgjsonV4Id": "4c2614fb-ef0d-50b5-b544-e8dad6762f73", "scryfallId": "9a5b0957-f682-4cbc-9f0b-c5fc98ba415c", "scryfallIllustrationId": "38f5c4f0-f606-4c12-aa60-a4b8113c02c3", "scryfallOracleId": "e040a8e6-b90c-42d1-a1b1-771d954c61ab"}, "isOnlineOnly": true, "isReprint": true, "isStarter": true, "keywords": ["Indestructible"], "language": "English", "layout": "normal", "legalities": {"commander": "Legal", "duel": "Legal", "gladiator": "Legal", "historic": "Legal", "historicbrawl": "Legal", "legacy": "Legal", "modern": "Legal", "pauper": "Legal", "paupercommander": "Legal", "penny": "Legal", "vintage": "Legal"}, "manaValue": 0.0, "name": "Slagwoods Bridge", "number": "18", "printings": ["HA6", "MH2"], "purchaseUrls": {}, "rarity": "common", "rulings": [], "setCode": "HA6", "subtypes": [], "supertypes": [], "text": "Slagwoods Bridge enters the battlefield tapped.\nIndestructible\n{T}: Add {R} or {G}.", "type": "Artifact Land", "types": ["Artifact", "Land"], "uuid": "a0afa69d-6f9e-5a13-b658-075e3f6380e7"}, {"artist": "Randy Gallegos", "availability": ["arena"], "borderColor": "black", "colorIdentity": ["G", "U"], "colors": [], "convertedManaCost": 0.0, "edhrecRank": 3401, "finishes": ["nonfoil"], "foreignData": [], "frameVersion": "2015", "hasFoil": false, "hasNonFoil": true, "identifiers": {"mtgArenaId": "76215", "mtgjsonV4Id": "acaa2fa0-f9b5-55c8-928b-b402c2a63ed4", "scryfallId": "6516106f-b5ef-46e5-9ea6-231f413adb29", "scryfallIllustrationId": "529aff97-e53a-452b-a5c0-d587249b6f96", "scryfallOracleId": "29cd8a7c-108a-43d1-af63-f603a27c24f2"}, "isOnlineOnly": true, "isReprint": true, "isStarter": true, "keywords": ["Indestructible"], "language": "English", "layout": "normal", "legalities": {"commander": "Legal", "duel": "Legal", "gladiator": "Legal", "historic": "Legal", "historicbrawl": "Legal", "legacy": "Legal", "modern": "Legal", "pauper": "Legal", "paupercommander": "Legal", "penny": "Legal", "vintage": "Legal"}, "manaValue": 0.0, "name": "Tanglepool Bridge", "number": "19", "printings": ["HA6", "MH2"], "purchaseUrls": {}, "rarity": "common", "rulings": [], "setCode": "HA6", "subtypes": [], "supertypes": [], "text": "Tanglepool Bridge enters the battlefield tapped.\nIndestructible\n{T}: Add {G} or {U}.", "type": "Artifact Land", "types": ["Artifact", "Land"], "uuid": "7e258dc3-7e74-5462-ac92-fd30291523e2"}, {"artist": "Randy Gallegos", "availability": ["arena"], "borderColor": "black", "colorIdentity": ["G", "W"], "colors": [], "convertedManaCost": 0.0, "edhrecRank": 3900, "finishes": ["nonfoil"], "foreignData": [], "frameVersion": "2015", "hasFoil": false, "hasNonFoil": true, "identifiers": {"mtgArenaId": "76216", "mtgjsonV4Id": "6928367a-100d-5b90-96b0-7b3c6d390613", "scryfallId": "98863d8f-5e03-451d-9f37-440a2a23da40", "scryfallIllustrationId": "6db3210a-2473-4c07-9834-df701407f7b4", "scryfallOracleId": "99720c65-be96-4220-8ed4-720660bf6928"}, "isOnlineOnly": true, "isReprint": true, "isStarter": true, "keywords": ["Indestructible"], "language": "English", "layout": "normal", "legalities": {"commander": "Legal", "duel": "Legal", "gladiator": "Legal", "historic": "Legal", "historicbrawl": "Legal", "legacy": "Legal", "modern": "Legal", "pauper": "Legal", "paupercommander": "Legal", "penny": "Legal", "vintage": "Legal"}, "manaValue": 0.0, "name": "Thornglint Bridge", "number": "20", "printings": ["HA6", "MH2"], "purchaseUrls": {}, "rarity": "common", "rulings": [], "setCode": "HA6", "subtypes": [], "supertypes": [], "text": "Thornglint Bridge enters the battlefield tapped.\nIndestructible\n{T}: Add {G} or {W}.", "type": "Artifact Land", "types": ["Artifact", "Land"], "uuid": "0f56a74e-23d1-5872-bbc6-204ce2d8f1fa"}], "code": "HA6", "isFoilOnly": false, "isNonFoilOnly": true, "isOnlineOnly": true, "keyruneCode": "HA1", "name": "Historic Anthology 6", "releaseDate": "2022-07-28", "tokens": [], "totalSetSize": 20, "translations": {}, "type": "box"}}