{"meta": {"date": "2022-09-29", "version": "5.2.0+20220929"}, "data": {"baseSetSize": 3, "block": "Heroes of the Realm", "cards": [{"artist": "Franz Vohwinkel", "availability": ["paper"], "borderColor": "black", "colorIdentity": ["G", "U"], "colors": ["G"], "convertedManaCost": 6.0, "finishes": ["nonfoil"], "foreignData": [], "frameEffects": ["legendary"], "frameVersion": "2015", "hasFoil": false, "hasNonFoil": true, "identifiers": {"mtgjsonV4Id": "cee11685-a042-546a-85b2-818762928a73", "scryfallId": "4a4039bd-ed03-4eef-8a3d-97f134475974", "scryfallIllustrationId": "2b6334c3-bd3e-4b43-86de-2cd69459a9e0", "scryfallOracleId": "e11a022c-140d-4b7f-84b0-17885f76faa6"}, "isFunny": true, "isStarter": true, "language": "English", "layout": "normal", "leadershipSkills": {"brawl": false, "commander": true, "oathbreaker": false}, "legalities": {}, "manaCost": "{4}{G}{G}", "manaValue": 6.0, "name": "Euroakus", "number": "1", "power": "6", "printings": ["HTR20"], "purchaseUrls": {}, "rarity": "mythic", "rulings": [], "securityStamp": "oval", "setCode": "HTR20", "subtypes": ["Treefolk", "Wizard"], "supertypes": ["Legendary"], "text": "When Euroakus enters the battlefield, create a number of 1/1 blue Human Wizard creature tokens equal to the number of differently named lands you control.\n{4}{G}{U}: Draw a card for each Wizard you control. They each get +1/+1 until end of turn for each card in your hand.", "toughness": "6", "type": "Legendary Creature — Treefolk Wizard", "types": ["Creature"], "uuid": "da8a74e5-d9d7-54e8-bfcf-db7d134ce10f"}, {"artist": "Alexander Forssberg", "availability": ["paper"], "borderColor": "black", "colorIdentity": ["R"], "colors": ["R"], "convertedManaCost": 3.0, "finishes": ["nonfoil", "foil"], "foreignData": [], "frameVersion": "2015", "hasFoil": true, "hasNonFoil": true, "identifiers": {"mtgjsonV4Id": "4fd0354a-c182-5ced-b606-89eab4dc12c9", "scryfallId": "acba8c92-419a-4a4a-ad92-4f4a63ed8122", "scryfallIllustrationId": "e07637da-fc3f-46ee-9611-a0a949aad7c1", "scryfallOracleId": "5801dc62-dfc7-47bb-b824-7ca33021869e"}, "isFunny": true, "isStarter": true, "keywords": ["Crew", "Flying", "Haste"], "language": "English", "layout": "normal", "legalities": {}, "manaCost": "{2}{R}", "manaValue": 3.0, "name": "Mountain Mover", "number": "2", "power": "5", "printings": ["HTR20"], "purchaseUrls": {}, "rarity": "mythic", "rulings": [], "securityStamp": "oval", "setCode": "HTR20", "subtypes": ["Vehicle"], "supertypes": [], "text": "Flying, haste\nWhenever Mountain Mover enters the battlefield or attacks, put a Mountain card from outside the game underneath it.\nWhen Mountain Mover leaves the battlefield, put all cards underneath it onto the battlefield.\nCrew 3", "toughness": "3", "type": "Artifact — Vehicle", "types": ["Artifact"], "uuid": "9ff563d3-2e1a-5605-a8e1-6e75fe09d0fa"}, {"artist": "Wizard of Barge", "availability": ["paper"], "borderColor": "black", "colorIdentity": [], "colors": [], "convertedManaCost": 0.0, "finishes": ["nonfoil", "foil"], "foreignData": [], "frameEffects": ["legendary"], "frameVersion": "2015", "hasFoil": true, "hasNonFoil": true, "identifiers": {"mtgjsonV4Id": "66c8d31d-deef-5ced-ab2c-38b83027bac3", "scryfallId": "60522839-bcf5-4da9-bab5-ff436269c4a1", "scryfallIllustrationId": "de416297-f5c1-4e87-9926-92eabdb7b48f", "scryfallOracleId": "06eec4d7-ee11-44c9-8c5c-a16ecd5ecd84"}, "isFunny": true, "isStarter": true, "keywords": ["Scry"], "language": "English", "layout": "normal", "legalities": {}, "manaValue": 0.0, "name": "The Secret Lair", "number": "3", "printings": ["HTR20"], "purchaseUrls": {}, "rarity": "mythic", "rulings": [], "securityStamp": "oval", "setCode": "HTR20", "subtypes": ["Lair"], "supertypes": ["Legendary"], "text": "{T}: Add {C}.\n{T}, Say the secret word: Add one mana of any color. Scry 1. You gain 1 life.", "type": "Legendary Land — Lair", "types": ["Land"], "uuid": "080f9bd3-ec74-5601-b300-55db77420e57"}], "code": "HTR20", "isFoilOnly": false, "isOnlineOnly": false, "keyruneCode": "PMEI", "name": "2020 Heroes of the Realm", "releaseDate": "2021-08-01", "tokens": [], "totalSetSize": 3, "translations": {}, "type": "funny"}}