{"meta": {"date": "2022-09-29", "version": "5.2.0+20220929"}, "data": {"baseSetSize": 8, "block": "Judge Gift Cards", "cards": [{"artist": "Sam Wolfe Connelly", "availability": ["paper"], "borderColor": "black", "colorIdentity": ["W"], "colors": ["W"], "convertedManaCost": 1.0, "edhrecRank": 13, "finishes": ["foil"], "flavorText": "The smallest seed of regret can bloom into redemption.", "foreignData": [], "frameVersion": "2003", "hasFoil": true, "hasNonFoil": false, "identifiers": {"cardKingdomFoilId": "189411", "cardsphereId": "22406", "mcmId": "260250", "mtgjsonV4Id": "e964aacd-eb15-5409-b7e0-7a63df01f04b", "scryfallId": "e136f064-459a-49b1-a501-9b935db11e35", "scryfallIllustrationId": "2a8e406a-bc52-4e72-b287-e5215c3c106c", "scryfallOracleId": "b1544f21-7e98-461b-aed5-e748b0168c52", "tcgplayerProductId": "67747"}, "isPromo": true, "isReprint": true, "isStarter": true, "language": "English", "layout": "normal", "legalities": {"commander": "Legal", "duel": "Legal", "gladiator": "Legal", "historic": "Banned", "historicbrawl": "Legal", "legacy": "Legal", "premodern": "Legal", "vintage": "Legal"}, "manaCost": "{W}", "manaValue": 1.0, "name": "Swords to Plowshares", "number": "1", "printings": ["2ED", "3ED", "40K", "4BB", "4ED", "A25", "AFC", "ATH", "BBD", "BRB", "C16", "C17", "CED", "CEI", "CMR", "CNS", "CST", "DDF", "EMA", "F01", "FBB", "ICE", "IMA", "J13", "J21", "LEA", "LEB", "MB1", "ME2", "ME4", "MIC", "NCC", "NEC", "OLEP", "PRM", "PTC", "SLD", "STA", "SUM", "TD0", "V13", "VMA", "VOC", "WC97"], "promoTypes": ["judgegift"], "purchaseUrls": {"cardKingdomFoil": "https://mtgjson.com/links/946a66df749872f8", "tcgplayer": "https://mtgjson.com/links/2055284dc57d01bf"}, "rarity": "rare", "rulings": [{"date": "2018-03-16", "text": "The amount of life gained is equal to the power of the targeted creature as it last existed on the battlefield."}, {"date": "2018-03-16", "text": "If the creature's power is negative, its controller doesn't lose or gain life."}], "setCode": "J13", "subtypes": [], "supertypes": [], "text": "Exile target creature. Its controller gains life equal to its power.", "type": "Instant", "types": ["Instant"], "uuid": "29e3742b-d20b-5744-9da9-f2408ae91aea", "watermark": "wotc"}, {"artist": "Cynthia Sheppard", "availability": ["paper"], "borderColor": "black", "colorIdentity": ["U"], "colors": ["U"], "convertedManaCost": 5.0, "edhrecRank": 3018, "finishes": ["foil"], "foreignData": [], "frameVersion": "2003", "hasFoil": true, "hasNonFoil": false, "identifiers": {"cardKingdomFoilId": "189573", "cardsphereId": "22322", "mcmId": "260251", "mtgjsonV4Id": "1ca4ac18-c720-56e6-be51-cbc7f7568cea", "scryfallId": "99c7c1d0-dc6b-413f-8346-54728a4c7b14", "scryfallIllustrationId": "8869c981-e99f-4226-b2b3-05a4e7f9a992", "scryfallOracleId": "6d194882-ca37-49bb-ac9f-a751c53850a8", "tcgplayerProductId": "67746"}, "isPromo": true, "isReprint": true, "isStarter": true, "language": "English", "layout": "normal", "legalities": {"commander": "Legal", "duel": "Legal", "legacy": "Legal", "modern": "Legal", "penny": "Legal", "premodern": "Legal", "vintage": "Legal"}, "manaCost": "{3}{U}{U}", "manaValue": 5.0, "name": "Bribery", "number": "2", "printings": ["8ED", "J13", "MMQ", "PRM", "SLD"], "promoTypes": ["judgegift"], "purchaseUrls": {"cardKingdomFoil": "https://mtgjson.com/links/b1de2e7065bd6fa9", "tcgplayer": "https://mtgjson.com/links/8ce508ae34ce306d"}, "rarity": "rare", "rulings": [{"date": "2004-10-04", "text": "Because the “search” requires you to find a card with certain characteristics, you don’t have to find the card if you don’t want to."}, {"date": "2004-10-04", "text": "You put the creature onto the battlefield, so you control it and any “enters the battlefield” abilities it has."}], "setCode": "J13", "subtypes": [], "supertypes": [], "text": "Search target opponent's library for a creature card and put that card onto the battlefield under your control. Then that player shuffles.", "type": "Sorcery", "types": ["Sorcery"], "uuid": "dee9f5f0-66dc-543d-be01-7576561e81c5", "watermark": "wotc"}, {"artist": "Mitsuaki Sagiri", "availability": ["paper"], "borderColor": "black", "colorIdentity": ["R"], "colors": ["R"], "convertedManaCost": 3.0, "edhrecRank": 367, "finishes": ["foil"], "foreignData": [], "frameVersion": "2003", "hasFoil": true, "hasNonFoil": false, "identifiers": {"cardKingdomFoilId": "189753", "cardsphereId": "22356", "mcmId": "260252", "mtgjsonV4Id": "eaeda4da-f058-5a1d-9fb9-493a9eb6dc49", "scryfallId": "cd9f5e37-693a-4cba-9758-b003777d5583", "scryfallIllustrationId": "9ab57cc9-d19e-40cd-a46f-86edde530123", "scryfallOracleId": "4d6a1391-817a-4ddc-840d-886b138eeb3f", "tcgplayerProductId": "67748"}, "isPromo": true, "isReprint": true, "isStarter": true, "language": "English", "layout": "normal", "legalities": {"commander": "Legal", "duel": "Legal", "legacy": "Legal", "modern": "Legal", "paupercommander": "Restricted", "vintage": "Legal"}, "manaCost": "{2}{R}", "manaValue": 3.0, "name": "Imperial Recruiter", "number": "3", "power": "1", "printings": ["2XM", "A25", "J13", "ME2", "MH2", "PTK"], "promoTypes": ["judgegift"], "purchaseUrls": {"cardKingdomFoil": "https://mtgjson.com/links/92eb65fc9b5f135a", "tcgplayer": "https://mtgjson.com/links/2b5ce5f29cc23af8"}, "rarity": "rare", "rulings": [{"date": "2004-10-04", "text": "Because the “search” requires you to find a card with certain characteristics, you don't have to find the card if you don't want to."}, {"date": "2008-10-01", "text": "If a creature card has “*” in its power, the ability that defines its power works in all zones."}], "setCode": "J13", "subtypes": ["Human", "Advisor"], "supertypes": [], "text": "When Imperial Recruiter enters the battlefield, search your library for a creature card with power 2 or less, reveal it, put it into your hand, then shuffle.", "toughness": "1", "type": "Creature — Human Advisor", "types": ["Creature"], "uuid": "e5701cfb-6f3d-5c99-a473-dd8d5226d53c", "watermark": "wotc"}, {"artist": "Ron Spencer", "availability": ["paper"], "borderColor": "black", "colorIdentity": [], "colors": [], "convertedManaCost": 3.0, "edhrecRank": 412, "finishes": ["foil"], "flavorText": "Amidst the darkest ashes grow the strongest seeds.", "foreignData": [], "frameVersion": "1997", "hasFoil": true, "hasNonFoil": false, "identifiers": {"cardKingdomFoilId": "189572", "cardsphereId": "22327", "mcmId": "261477", "mtgjsonV4Id": "04c4e255-38bf-52ae-bc30-5ee1f78ae07d", "scryfallId": "5d7ef391-60d7-41cd-b3fe-d1ce250e807a", "scryfallIllustrationId": "3dba8aff-0042-4369-b1ef-93e0005cba85", "scryfallOracleId": "33c722cf-b4bf-431f-aefd-ee96241a7fbf", "tcgplayerProductId": "70911"}, "isPromo": true, "isReprint": true, "isStarter": true, "language": "English", "layout": "normal", "legalities": {"commander": "Legal", "duel": "Legal", "explorer": "Legal", "gladiator": "Legal", "historic": "Legal", "historicbrawl": "Legal", "legacy": "Legal", "modern": "Legal", "pioneer": "Legal", "vintage": "Legal"}, "manaCost": "{3}", "manaValue": 3.0, "name": "Crucible of Worlds", "number": "4", "printings": ["10E", "2X2", "5DN", "J13", "M19", "MPS", "PM19", "PRM", "PWOR"], "promoTypes": ["judgegift"], "purchaseUrls": {"cardKingdomFoil": "https://mtgjson.com/links/a2dd43dcf373b245", "tcgplayer": "https://mtgjson.com/links/3adc03ab2bdf9540"}, "rarity": "rare", "rulings": [{"date": "2018-07-13", "text": "Crucible of Worlds doesn’t change the times when you can play those land cards. You can still play only one land per turn, and only during your main phase when you have priority and the stack is empty."}, {"date": "2018-07-13", "text": "Crucible of Worlds doesn’t allow you to activate abilities (such as cycling) of land cards in your graveyard."}], "setCode": "J13", "subtypes": [], "supertypes": [], "text": "You may play lands from your graveyard.", "type": "Artifact", "types": ["Artifact"], "uuid": "bf46d403-e0d9-5733-bbc6-d75fdcfc496c"}, {"artist": "Mark Zug", "availability": ["paper"], "borderColor": "black", "colorIdentity": ["G"], "colors": ["G"], "convertedManaCost": 5.0, "edhrecRank": 2921, "finishes": ["foil"], "flavorText": "\"First through the Riftstone was Genesis—and the world was lifeless no more.\"\n—*Scroll of Beginnings*", "foreignData": [], "frameVersion": "2003", "hasFoil": true, "hasNonFoil": false, "identifiers": {"cardKingdomFoilId": "195744", "cardsphereId": "22348", "mcmId": "263957", "mtgjsonV4Id": "0e825a45-8b73-5edd-b02e-97e0733e57ea", "scryfallId": "03afc329-0e61-47f6-9750-25df24ae0b4d", "scryfallIllustrationId": "d067bd49-2397-4b69-a911-01931bb9486a", "scryfallOracleId": "15afdd88-05fc-4335-8a55-c6ee702f3bef", "tcgplayerProductId": "77309"}, "isPromo": true, "isReprint": true, "isStarter": true, "language": "English", "layout": "normal", "legalities": {"commander": "Legal", "duel": "Legal", "legacy": "Legal", "modern": "Legal", "penny": "Legal", "premodern": "Legal", "vintage": "Legal"}, "manaCost": "{4}{G}", "manaValue": 5.0, "name": "Genesis", "number": "5", "power": "4", "printings": ["J13", "JUD", "MH1", "TD0", "VMA", "WC02"], "promoTypes": ["judgegift"], "purchaseUrls": {"cardKingdomFoil": "https://mtgjson.com/links/d5c86ac7a68cda1f", "tcgplayer": "https://mtgjson.com/links/5cd9a3da8d797a6c"}, "rarity": "rare", "rulings": [], "setCode": "J13", "subtypes": ["Incarnation"], "supertypes": [], "text": "At the beginning of your upkeep, if Genesis is in your graveyard, you may pay {2}{G}. If you do, return target creature card from your graveyard to your hand.", "toughness": "4", "type": "Creature — Incarnation", "types": ["Creature"], "uuid": "317d932c-b614-5ea0-907b-69b161eec18b", "watermark": "wotc"}, {"artist": "Gao Yan", "availability": ["paper"], "borderColor": "black", "colorIdentity": ["B"], "colors": ["B"], "convertedManaCost": 8.0, "edhrecRank": 13798, "finishes": ["foil"], "flavorText": "By the year 208, Cao Cao commanded more than 1,000 experienced generals and a million infantry, cavalry, and naval troops.", "foreignData": [], "frameVersion": "2003", "hasFoil": true, "hasNonFoil": false, "identifiers": {"cardKingdomFoilId": "192139", "cardsphereId": "22383", "mcmId": "263279", "mtgjsonV4Id": "c367226c-705a-5265-b819-51f088ed430b", "scryfallId": "a69cba3a-e5a1-4539-a084-adefce507db1", "scryfallIllustrationId": "19c19878-d5be-45c2-add1-34cd846722b1", "scryfallOracleId": "bdccceb6-ad3c-4a75-a8a6-ca796ede4185", "tcgplayerProductId": "70912"}, "isPromo": true, "isReprint": true, "isStarter": true, "language": "English", "layout": "normal", "legalities": {"commander": "Legal", "duel": "Legal", "legacy": "Legal", "vintage": "Legal"}, "manaCost": "{6}{B}{B}", "manaValue": 8.0, "name": "Overwhelming Forces", "number": "6", "printings": ["J13", "ME4", "PTK"], "promoTypes": ["judgegift"], "purchaseUrls": {"cardKingdomFoil": "https://mtgjson.com/links/d24e719aef3ae9d1", "tcgplayer": "https://mtgjson.com/links/408de501bde489ee"}, "rarity": "rare", "rulings": [], "setCode": "J13", "subtypes": [], "supertypes": [], "text": "Destroy all creatures target opponent controls. Draw a card for each creature destroyed this way.", "type": "Sorcery", "types": ["Sorcery"], "uuid": "6d954ec8-de69-574a-8dc3-5cc4625de639", "watermark": "wotc"}, {"artist": "Karla Ortiz", "availability": ["paper"], "borderColor": "black", "colorIdentity": ["B", "W"], "colors": ["B", "W"], "convertedManaCost": 3.0, "edhrecRank": 728, "finishes": ["foil"], "flavorText": "\"I have seen entire civilizations rise and fall. You mortals are but dust to me.\"\n—Sorin Markov", "foreignData": [], "frameVersion": "2003", "hasFoil": true, "hasNonFoil": false, "identifiers": {"cardKingdomFoilId": "193734", "cardsphereId": "22415", "mcmId": "263956", "mtgjsonV4Id": "f0e4661d-0d10-5959-a7d1-da163a5dfc8c", "scryfallId": "6fef34ec-f728-4919-9254-576ed889a654", "scryfallIllustrationId": "51761b46-2f53-4763-b4e1-fce3862c64bc", "scryfallOracleId": "63c1ac21-e3d8-40c2-8c09-3f31c52992ef", "tcgplayerProductId": "77308"}, "isPromo": true, "isReprint": true, "isStarter": true, "language": "English", "layout": "normal", "legalities": {"commander": "Legal", "duel": "Legal", "legacy": "Legal", "modern": "Legal", "penny": "Legal", "premodern": "Legal", "vintage": "Legal"}, "manaCost": "{1}{W}{B}", "manaValue": 3.0, "name": "Vindicate", "number": "7", "printings": ["A25", "APC", "EMA", "G07", "J13", "MH2", "MP2", "PRM"], "promoTypes": ["judgegift"], "purchaseUrls": {"cardKingdomFoil": "https://mtgjson.com/links/e306aa4541c0b236", "tcgplayer": "https://mtgjson.com/links/f818ee044fd1a185"}, "rarity": "rare", "rulings": [], "setCode": "J13", "subtypes": [], "supertypes": [], "text": "Destroy target permanent.", "type": "Sorcery", "types": ["Sorcery"], "uuid": "ba2ba205-3614-5876-9532-9d3c21fe37d9", "watermark": "wotc"}, {"artist": "Zack Stella", "availability": ["paper"], "borderColor": "black", "colorIdentity": ["U"], "colors": ["U"], "convertedManaCost": 3.0, "edhrecRank": 6743, "finishes": ["foil"], "flavorText": "At the academy, \"show and tell\" too often becomes \"run and hide.\"", "foreignData": [], "frameVersion": "2003", "hasFoil": true, "hasNonFoil": false, "identifiers": {"cardKingdomFoilId": "192138", "cardsphereId": "22395", "mcmId": "263278", "mtgjsonV4Id": "9faaf348-0d61-5813-a64b-9fddc5bb1966", "scryfallId": "9c3e3c77-e6a6-4814-a2f5-0ae2d06e4b31", "scryfallIllustrationId": "0f2d7b0e-7277-403d-bce7-427fe270c2c8", "scryfallOracleId": "b83a3ba0-249e-4c39-bbf0-cb005413f7d2", "tcgplayerProductId": "70913"}, "isPromo": true, "isReprint": true, "isStarter": true, "language": "English", "layout": "normal", "legalities": {"commander": "Legal", "duel": "Legal", "legacy": "Legal", "premodern": "Banned", "vintage": "Legal"}, "manaCost": "{2}{U}", "manaValue": 3.0, "name": "Show and Tell", "number": "8", "printings": ["CN2", "J13", "PRM", "USG"], "promoTypes": ["judgegift"], "purchaseUrls": {"cardKingdomFoil": "https://mtgjson.com/links/0a83264c441d6788", "tcgplayer": "https://mtgjson.com/links/bb772300f184c741"}, "rarity": "rare", "rulings": [{"date": "2004-10-04", "text": "If the cards being put onto the battlefield also require choices, those choices are made after all players choose their card. The active player makes choices for their card (if any), then the other players (if any) in turn order."}, {"date": "2004-10-04", "text": "Players choose cards during resolution, not announcement."}, {"date": "2008-04-01", "text": "The current player chooses first, then each other player chooses in turn order. A player does not have to reveal the chosen card, so long as it is clear *which* card was chosen. After all choices are made, the cards are put onto the battlefield simultaneously."}], "setCode": "J13", "subtypes": [], "supertypes": [], "text": "Each player may put an artifact, creature, enchantment, or land card from their hand onto the battlefield.", "type": "Sorcery", "types": ["Sorcery"], "uuid": "2523534e-335d-5c44-a403-f95b998ae394", "watermark": "wotc"}], "code": "J13", "isFoilOnly": false, "isOnlineOnly": false, "keyruneCode": "PMEI", "name": "Judge Gift Cards 2013", "releaseDate": "2013-01-01", "tcgplayerGroupId": 62, "tokens": [{"artist": "Yeong-Hao Han", "availability": ["paper"], "borderColor": "black", "colorIdentity": [], "colors": [], "finishes": ["nonfoil"], "frameEffects": ["nyxtouched"], "frameVersion": "2003", "hasFoil": false, "hasNonFoil": true, "identifiers": {"mtgjsonV4Id": "84ea7340-d033-539f-95cc-0bbe45ed56fa", "scryfallId": "1fb69a6d-b02d-46f1-af7b-cfd8a2363ed2", "scryfallIllustrationId": "781d88f8-9f95-40ea-8930-9dc8e83233a1", "scryfallOracleId": "d1683ad9-cad0-4e22-8313-701276e7dbaf", "tcgplayerProductId": "82611"}, "isPromo": true, "isReprint": true, "language": "English", "layout": "token", "name": "Golem", "number": "9", "power": "3", "promoTypes": ["judgegift"], "reverseRelated": ["Hammer of Purphoros"], "setCode": "J13", "subtypes": ["Golem"], "supertypes": [], "toughness": "3", "type": "Token Enchantment Artifact Creature — Golem", "types": ["Token", "Enchantment", "Artifact", "Creature"], "uuid": "4ff22563-8c4f-5967-b6ac-75c1f20d80db"}], "totalSetSize": 8, "translations": {}, "type": "promo"}}