{"meta": {"date": "2022-09-29", "version": "5.2.0+20220929"}, "data": {"baseSetSize": 8, "block": "Judge Gift Cards", "cards": [{"artist": "Howard Lyon", "availability": ["paper"], "borderColor": "black", "colorIdentity": ["W"], "colors": ["W"], "convertedManaCost": 8.0, "edhrecRank": 632, "finishes": ["foil"], "flavorText": "A golden helix streaked skyward from the Helvault. A thunderous explosion shattered the silver monolith and Avacyn emerged, free from her prison at last.", "foreignData": [], "frameVersion": "2015", "hasFoil": true, "hasNonFoil": false, "identifiers": {"cardKingdomFoilId": "211547", "cardsphereId": "48823", "mcmId": "296182", "mtgjsonV4Id": "87fd5c2f-89f6-5fcc-927d-3e763d1caabd", "scryfallId": "d4cd810d-9697-480f-bdb1-8729966a6449", "scryfallIllustrationId": "5553aa60-b2b3-41a1-af00-0107142b2e87", "scryfallOracleId": "216cb26e-8da9-478b-bfbc-8030f7adee72", "tcgplayerProductId": "129383"}, "isPromo": true, "isReprint": true, "isStarter": true, "keywords": ["Flying", "Indestructible", "Vigilance"], "language": "English", "layout": "normal", "leadershipSkills": {"brawl": false, "commander": true, "oathbreaker": false}, "legalities": {"commander": "Legal", "duel": "Legal", "gladiator": "Legal", "historic": "Legal", "historicbrawl": "Legal", "legacy": "Legal", "modern": "Legal", "vintage": "Legal"}, "manaCost": "{5}{W}{W}{W}", "manaValue": 8.0, "name": "Avacyn, Angel of Hope", "number": "1", "power": "8", "printings": ["2XM", "AVR", "HA6", "IMA", "J17", "PHEL", "PRM", "V15"], "promoTypes": ["judgegift"], "purchaseUrls": {"cardKingdomFoil": "https://mtgjson.com/links/78627945580bd522", "tcgplayer": "https://mtgjson.com/links/c866c0c33d58566f"}, "rarity": "mythic", "rulings": [{"date": "2020-08-07", "text": "Because damage remains marked on a creature until the damage is removed as the turn ends, nonlethal damage dealt to a creature you control may become lethal if Avacyn leaves the battlefield during that turn."}, {"date": "2020-08-07", "text": "A planeswalker with indestructible still loses loyalty as it's dealt damage. It is put into its owner's graveyard if its loyalty becomes 0."}], "securityStamp": "oval", "setCode": "J17", "subtypes": ["Angel"], "supertypes": ["Legendary"], "text": "Flying, vigilance, indestructible\nOther permanents you control have indestructible.", "toughness": "8", "type": "Legendary Creature — Angel", "types": ["Creature"], "uuid": "69938f43-b730-507a-bc3f-48e15f55d960", "watermark": "wotc"}, {"artist": "Jack Wei", "availability": ["paper"], "borderColor": "black", "colorIdentity": ["U"], "colors": ["U"], "convertedManaCost": 5.0, "edhrecRank": 6420, "finishes": ["foil"], "flavorText": "The province of Jingzhou was the fulcrum of the three kingdoms. At separate times it was coveted and controlled by the Wu, the Shu, and the Wei.", "foreignData": [], "frameVersion": "2015", "hasFoil": true, "hasNonFoil": false, "identifiers": {"cardKingdomFoilId": "214711", "cardsphereId": "51708", "mcmId": "302108", "mtgjsonV4Id": "fd6030a4-7450-57bb-8436-849577ab7654", "scryfallId": "f639b8b9-0439-407c-9ed6-764ba96aec4e", "scryfallIllustrationId": "26d5abcc-ba7f-42e7-b4f7-e5aadfcc1023", "scryfallOracleId": "89aa65d9-2502-40b0-90b6-b25a8e9f6155", "tcgplayerProductId": "146130"}, "isPromo": true, "isReprint": true, "isStarter": true, "language": "English", "layout": "normal", "legalities": {"commander": "Legal", "duel": "Banned", "legacy": "Legal", "vintage": "Legal"}, "manaCost": "{3}{U}{U}", "manaValue": 5.0, "name": "Capture of Jingzhou", "number": "2", "printings": ["J17", "ME3", "PRM", "PTK"], "promoTypes": ["judgegift"], "purchaseUrls": {"cardKingdomFoil": "https://mtgjson.com/links/ed36d2425cac5f42", "tcgplayer": "https://mtgjson.com/links/9055121dbefa6b0d"}, "rarity": "rare", "rulings": [], "securityStamp": "oval", "setCode": "J17", "subtypes": [], "supertypes": [], "text": "Take an extra turn after this one.", "type": "Sorcery", "types": ["Sorcery"], "uuid": "118c94f5-7375-53ca-b5bd-8e2ef402f30d", "watermark": "wotc"}, {"artist": "Matt Stewart", "availability": ["paper"], "borderColor": "black", "colorIdentity": ["G", "W"], "colors": ["G", "W"], "convertedManaCost": 2.0, "edhrecRank": 4074, "finishes": ["foil"], "flavorText": "So great is his wisdom and spirit that many who have met him say that they stood before a giant of a man and talked to the wisest of the four winds.", "foreignData": [], "frameVersion": "2015", "hasFoil": true, "hasNonFoil": false, "identifiers": {"cardKingdomFoilId": "213468", "cardsphereId": "51008", "mcmId": "298738", "mtgjsonV4Id": "dab46ac8-4155-5076-a9e7-2422d447da8e", "scryfallId": "96759d4f-8965-45d4-946d-33dbb998d003", "scryfallIllustrationId": "7bf2392c-6f96-43fe-b2fb-0821c54a6feb", "scryfallOracleId": "98dd6d43-cc56-4656-9e0c-240d0679b404", "tcgplayerProductId": "136601"}, "isPromo": true, "isReprint": true, "isStarter": true, "language": "English", "layout": "normal", "leadershipSkills": {"brawl": false, "commander": true, "oathbreaker": false}, "legalities": {"commander": "Legal", "duel": "Legal", "legacy": "Legal", "modern": "Legal", "vintage": "Legal"}, "manaCost": "{G}{W}", "manaValue": 2.0, "name": "Gaddock Teeg", "number": "3", "power": "2", "printings": ["J17", "LRW", "PRM", "PUMA", "UMA"], "promoTypes": ["judgegift"], "purchaseUrls": {"cardKingdomFoil": "https://mtgjson.com/links/5baa4b6ed88dd14b", "tcgplayer": "https://mtgjson.com/links/5b93d2d4759d8339"}, "rarity": "rare", "rulings": [{"date": "2007-10-01", "text": "If one half of a split card has a converted mana cost of 3 or less and doesn’t have an {X} in its mana cost, Gaddock Teeg lets you cast that half."}, {"date": "2018-12-07", "text": "A spell’s converted mana cost is determined only by its mana cost. Alternative costs (including casting a spell “without paying its mana cost”), additional costs, and cost reductions don’t affect a spell’s converted mana cost."}], "securityStamp": "oval", "setCode": "J17", "subtypes": ["Kithkin", "Advisor"], "supertypes": ["Legendary"], "text": "Noncreature spells with mana value 4 or greater can't be cast.\nNoncreature spells with {X} in their mana costs can't be cast.", "toughness": "2", "type": "Legendary Creature — Kithkin Advisor", "types": ["Creature"], "uuid": "ee637321-5389-5424-8d12-c5b340533695", "watermark": "wotc"}, {"artist": "Tomasz Jedruszek", "availability": ["paper"], "borderColor": "black", "colorIdentity": [], "colors": [], "convertedManaCost": 0.0, "edhrecRank": 688, "finishes": ["foil"], "flavorText": "\"Let your heels point you home.\"\n—Ancient blessing", "foreignData": [], "frameVersion": "2015", "hasFoil": true, "hasNonFoil": false, "identifiers": {"cardKingdomFoilId": "211548", "cardsphereId": "48822", "mcmId": "296181", "mtgjsonV4Id": "3b66e3ea-1740-50de-9956-af50c54c887e", "scryfallId": "2e14a24d-e31b-4e25-b004-5812f33a0d97", "scryfallIllustrationId": "c2c457d6-52a9-4c0c-9321-ef126dd91106", "scryfallOracleId": "cb8ec2e4-8223-4172-8f2c-37c918a573fa", "tcgplayerProductId": "129384"}, "isPromo": true, "isReprint": true, "isStarter": true, "language": "English", "layout": "normal", "legalities": {"commander": "Legal", "duel": "Legal", "legacy": "Legal", "vintage": "Legal"}, "manaValue": 0.0, "name": "Homeward Path", "number": "4", "printings": ["C13", "C16", "CMD", "J17", "PZ1"], "promoTypes": ["judgegift"], "purchaseUrls": {"cardKingdomFoil": "https://mtgjson.com/links/0186d86704a60973", "tcgplayer": "https://mtgjson.com/links/fe1bee65acedf685"}, "rarity": "rare", "rulings": [{"date": "2011-09-22", "text": "The owner of a card is the player who started the game with that card in their deck."}, {"date": "2011-09-22", "text": "The owner of a token is the player under whose control the token was put onto the battlefield."}], "securityStamp": "oval", "setCode": "J17", "subtypes": [], "supertypes": [], "text": "{T}: Add {C}.\n{T}: Each player gains control of all creatures they own.", "type": "Land", "types": ["Land"], "uuid": "4fff0e0a-9a04-5941-b838-2e7cac147e9f", "watermark": "wotc"}, {"artist": "Rob Alexander", "availability": ["paper"], "borderColor": "black", "colorIdentity": ["B", "G", "W"], "colors": ["B", "G", "W"], "convertedManaCost": 3.0, "edhrecRank": 6600, "finishes": ["foil"], "flavorText": "\"Each year that passes rings you inwardly with memory and might. Wield your heart, and the world will tremble.\"", "foreignData": [], "frameVersion": "2015", "hasFoil": true, "hasNonFoil": false, "identifiers": {"cardKingdomFoilId": "214712", "cardsphereId": "51709", "mcmId": "302109", "mtgjsonV4Id": "301d4f40-0291-52ee-899e-8122c56a2550", "scryfallId": "e9e032a9-40fa-45b8-be3d-f2fc8a38e0e6", "scryfallIllustrationId": "0986aaed-9712-4ba2-880e-20522bee3ac1", "scryfallOracleId": "a46d96d9-8e59-4777-8208-7730b9e33240", "tcgplayerProductId": "146131"}, "isPromo": true, "isReprint": true, "isStarter": true, "language": "English", "layout": "normal", "leadershipSkills": {"brawl": false, "commander": true, "oathbreaker": false}, "legalities": {"commander": "Legal", "duel": "Legal", "legacy": "Legal", "modern": "Legal", "penny": "Legal", "vintage": "Legal"}, "manaCost": "{W}{B}{G}", "manaValue": 3.0, "name": "Doran, the Siege Tower", "number": "5", "power": "0", "printings": ["2X2", "J17", "LRW", "PCMP", "PLIST", "PRM", "V11"], "promoTypes": ["judgegift"], "purchaseUrls": {"cardKingdomFoil": "https://mtgjson.com/links/dec1758eae057256", "tcgplayer": "https://mtgjson.com/links/8458cce3fc685eb0"}, "rarity": "mythic", "rulings": [{"date": "2007-10-01", "text": "This effect is mandatory and affects all creatures."}, {"date": "2007-10-01", "text": "Doran’s ability means, for example, that a 2/3 creature will assign 3 damage in combat instead of 2."}, {"date": "2007-10-01", "text": "Doran’s ability doesn’t actually change creatures’ power; it changes only the value of the combat damage they assign. All other rules and effects that check power or toughness use the real values."}], "securityStamp": "oval", "setCode": "J17", "subtypes": ["Treefolk", "Shaman"], "supertypes": ["Legendary"], "text": "Each creature assigns combat damage equal to its toughness rather than its power.", "toughness": "5", "type": "Legendary Creature — Treefolk Shaman", "types": ["Creature"], "uuid": "4df9c315-d3bd-5c52-89cf-16e96cc2b3c4", "watermark": "wotc"}, {"artist": "Steven Belledin", "availability": ["paper"], "borderColor": "black", "colorIdentity": [], "colors": [], "convertedManaCost": 5.0, "edhrecRank": 8487, "finishes": ["foil"], "foreignData": [], "frameVersion": "2015", "hasFoil": true, "hasNonFoil": false, "identifiers": {"cardKingdomFoilId": "214713", "cardsphereId": "51710", "mcmId": "302107", "mtgjsonV4Id": "a6658742-da84-5d0c-8127-5c2422233bfe", "scryfallId": "28117e89-8803-4bac-aa44-cb11988e4b8d", "scryfallIllustrationId": "b1e98ab2-49e6-4726-8c9d-99e8b1e6b872", "scryfallOracleId": "be838f57-4e74-44ad-aee1-506e63b0ff37", "tcgplayerProductId": "146133"}, "isPromo": true, "isReprint": true, "isStarter": true, "keywords": ["Domain"], "language": "English", "layout": "normal", "legalities": {"commander": "Legal", "duel": "Legal", "legacy": "Legal", "vintage": "Legal"}, "manaCost": "{5}", "manaValue": 5.0, "name": "Prismatic Geoscope", "number": "6", "printings": ["C16", "J17", "PLIST", "PZ2"], "promoTypes": ["judgegift"], "purchaseUrls": {"cardKingdomFoil": "https://mtgjson.com/links/5e8a2bef35861452", "tcgplayer": "https://mtgjson.com/links/64f024cbc67611c1"}, "rarity": "rare", "rulings": [{"date": "2016-11-08", "text": "The colors of mana that Prismatic Geoscope can produce aren’t related to the specific basic land types among lands you control. For example, if you control a Plains and an Island, you can activate Prismatic Geoscope’s ability to add {R}{G} to your mana pool."}, {"date": "2016-11-08", "text": "You can activate Prismatic Geoscope’s mana ability if you have no basic land types among lands you control, but it won’t produce any mana."}, {"date": "2016-11-08", "text": "Prismatic Geoscope can’t produce colorless mana."}, {"date": "2016-11-08", "text": "To determine the number of basic land types among lands you control, look for the Plains, Island, Swamp, Mountain, and Forest subtypes among the lands you control. Count each subtype that appears one or more times toward the number of basic land types among lands you control. This number can’t exceed five."}, {"date": "2016-11-08", "text": "How many lands you control of a particular basic land type is irrelevant to a domain ability, as long as that number is greater than zero. As far as domain is concerned, ten Forests are the same as one Forest."}, {"date": "2016-11-08", "text": "Most nonbasic lands don’t have basic land types, even if they produce colored mana. For example, Caves of Koilos is neither a Plains nor a Swamp."}, {"date": "2016-11-08", "text": "Some nonbasic lands do have basic land types. Domain abilities don’t count the number of lands you control—they count the number of basic land types among lands you control, even if that means checking the same land twice. For example, if you control a Tundra, a Blood Crypt, and a Forest, you’ll have a Plains, Island, Swamp, Mountain, and Forest among the lands you control. Your domain abilities will be maxed out."}], "securityStamp": "oval", "setCode": "J17", "subtypes": [], "supertypes": [], "text": "Prismatic Geoscope enters the battlefield tapped.\nDomain — {T}: Add X mana in any combination of colors, where X is the number of basic land types among lands you control.", "type": "Artifact", "types": ["Artifact"], "uuid": "51dd73e9-3380-573c-afff-97ef2d1ae440", "watermark": "wotc"}, {"artist": "Svetlin Velinov", "availability": ["paper"], "borderColor": "black", "colorIdentity": ["U"], "colors": [], "convertedManaCost": 2.0, "edhrecRank": 1172, "finishes": ["foil"], "flavorText": "\"Let's show Vorinclex that progress doesn't always need teeth or claws.\"\n—Malcator, Executor of Synthesis", "foreignData": [], "frameVersion": "2015", "hasFoil": true, "hasNonFoil": false, "identifiers": {"cardKingdomFoilId": "216176", "cardsphereId": "53559", "mcmId": "315265", "mtgjsonV4Id": "bbf2da96-ff87-5b75-88de-fc2bfa381a5b", "scryfallId": "ed085430-d12e-43e0-a374-53215fcdf151", "scryfallIllustrationId": "5217dc05-77da-4bbe-adbe-836e401d72de", "scryfallOracleId": "e0aa6ce0-ca31-433b-ac6c-32b8675cdb71", "tcgplayerProductId": "155828"}, "isPromo": true, "isReprint": true, "isStarter": true, "language": "English", "layout": "normal", "legalities": {"commander": "Legal", "duel": "Legal", "legacy": "Legal", "modern": "Legal", "vintage": "Legal"}, "manaCost": "{2}", "manaValue": 2.0, "name": "Spellskite", "number": "7", "power": "0", "printings": ["2XM", "CLB", "J17", "MM2", "NPH", "PRM", "SLD"], "promoTypes": ["judgegift"], "purchaseUrls": {"cardKingdomFoil": "https://mtgjson.com/links/47848db1f38ad494", "tcgplayer": "https://mtgjson.com/links/81e9feb6091d164a"}, "rarity": "rare", "rulings": [{"date": "2020-08-07", "text": "You can activate Spellskite's ability even if Spellskite isn't a legal target for the target spell or ability—or even if that spell or ability has no targets. In this case, no targets are changed."}, {"date": "2020-08-07", "text": "If Spellskite leaves the battlefield before its ability resolves or otherwise becomes an illegal target for the target spell or ability before its ability resolves, no targets are changed."}, {"date": "2020-08-07", "text": "If changing one target of a spell or ability to Spellskite would make other targets of that spell or ability illegal, that target can't be changed to Spellskite."}, {"date": "2020-08-07", "text": "If the spell or ability has multiple instances of the word “target,” you choose which one target you're changing to Spellskite as Spellskite's ability resolves."}, {"date": "2020-08-07", "text": "If a spell or ability has multiple targets but doesn't use the word “target” multiple times, such as the ability of Deepglow Skate, you can only change one of the targets to Spellskite."}, {"date": "2020-08-07", "text": "If a spell or ability has a variable number of targets, you can't change the number of targets."}], "securityStamp": "oval", "setCode": "J17", "subtypes": ["Phyrexian", "Horror"], "supertypes": [], "text": "{U/P}: Change a target of target spell or ability to Spellskite. ({U/P} can be paid with either {U} or 2 life.)", "toughness": "4", "type": "Artifact Creature — Phyrexian Horror", "types": ["Artifact", "Creature"], "uuid": "646468a6-cb8d-5323-98bc-084173464d95", "watermark": "wotc"}, {"artist": "Dimitar Marinski", "availability": ["paper"], "borderColor": "black", "colorIdentity": ["G"], "colors": [], "convertedManaCost": 0.0, "edhrecRank": 4759, "finishes": ["foil"], "flavorText": "The limbs of Pendelhaven extend as far as the meek roam, and reach as high as they strive.", "foreignData": [], "frameVersion": "2015", "hasFoil": true, "hasNonFoil": false, "identifiers": {"cardKingdomFoilId": "216177", "cardsphereId": "53558", "mcmId": "315266", "mtgjsonV4Id": "5543cade-ace8-54a6-8e5f-b70e70acb50d", "scryfallId": "3ec5d646-ce1e-4723-b7ba-b83beda8e4d5", "scryfallIllustrationId": "cafea40a-e915-4cbe-9149-a67293b42ce3", "scryfallOracleId": "f70e72e1-9abe-485b-9fea-e8b35352f5b3", "tcgplayerProductId": "155867"}, "isPromo": true, "isReprint": true, "isStarter": true, "language": "English", "layout": "normal", "legalities": {"commander": "Legal", "duel": "Legal", "legacy": "Legal", "modern": "Legal", "vintage": "Legal"}, "manaValue": 0.0, "name": "Pendelhaven", "number": "8", "printings": ["A25", "ATH", "F08", "J17", "LEG", "PRM", "TSB"], "promoTypes": ["judgegift"], "purchaseUrls": {"cardKingdomFoil": "https://mtgjson.com/links/d3a704b7f6a64a41", "tcgplayer": "https://mtgjson.com/links/4514861df8dedf24"}, "rarity": "rare", "rulings": [{"date": "2004-10-04", "text": "The current power/toughness being 1/1 is a targeting requirement so it is checked when announcing and again right before resolving."}], "securityStamp": "oval", "setCode": "J17", "subtypes": [], "supertypes": ["Legendary"], "text": "{T}: Add {G}.\n{T}: Target 1/1 creature gets +1/+2 until end of turn.", "type": "Legendary Land", "types": ["Land"], "uuid": "428a59d8-76ac-59d0-b6aa-bbe0feca2224", "watermark": "wotc"}, {"artist": "Dmitry Burmak", "availability": ["paper"], "borderColor": "silver", "colorIdentity": ["W"], "colors": ["W"], "convertedManaCost": 5.0, "finishes": ["foil"], "foreignData": [], "frameVersion": "2015", "hasFoil": true, "hasNonFoil": false, "identifiers": {"cardKingdomFoilId": "216178", "cardsphereId": "53560", "mcmId": "313646", "mtgjsonV4Id": "57fa2ba4-394c-515c-af55-018b80c3492c", "scryfallId": "332adbfa-f786-4685-9c31-968454e9f947", "scryfallIllustrationId": "0c651c23-2300-440f-ae1f-5a1080d9a47d", "scryfallOracleId": "0a3d3d5e-fb77-4940-9ece-7ed62bd6413e", "tcgplayerProductId": "154763"}, "isPromo": true, "isReprint": true, "isStarter": true, "language": "English", "layout": "normal", "legalities": {}, "manaCost": "{3}{W}{W}", "manaValue": 5.0, "name": "Rules Lawyer", "number": "9", "power": "1", "printings": ["J17", "UPLIST", "UST"], "promoTypes": ["judgegift"], "purchaseUrls": {"cardKingdomFoil": "https://mtgjson.com/links/c01dc382c66f7b0f", "tcgplayer": "https://mtgjson.com/links/37e5555e34e2218c"}, "rarity": "rare", "rulings": [{"date": "2018-01-19", "text": "While you control Rules Lawyer, the following is true, with the exception of not affecting Rules Lawyer itself (Comprehensive Rules references in parentheses):"}, {"date": "2018-01-19", "text": "You don’t lose the game if you’re at or below 0 life. (704.5a)"}, {"date": "2018-01-19", "text": "If you try to draw from an empty library, nothing happens. (704.5b)"}, {"date": "2018-01-19", "text": "You could hit up an all-you-can-eat poison counter buffet no problem. (704.5c)"}, {"date": "2018-01-19", "text": "Creatures you control with toughness of 0 or less remain on the battlefield. (704.5f)"}, {"date": "2018-01-19", "text": "Creatures you control that have been dealt lethal damage remain on the battlefield. (704.5g)"}, {"date": "2018-01-19", "text": "Creatures you control shrug off opposing creatures with deathtouch. (704.5h)"}, {"date": "2018-01-19", "text": "Your planeswalkers remain on the battlefield even if they have no loyalty counters. (704.5i)"}, {"date": "2018-01-19", "text": "You can control as many legendary permanents (including planeswalkers) with the same name as you want. It’s like your own personal Mirror Gallery! (704.5j)"}, {"date": "2018-01-19", "text": "You can control multiple permanents with the supertype world. So, that opens up some deck ideas, I’d imagine. (704.5k)"}, {"date": "2018-01-19", "text": "Auras you control stay on the battlefield if they’re attached to an illegal permanent or if they aren’t attached to a permanent (but should be). They may not do much because there probably won’t be an “enchanted [whatever],” but they’ll stay on the battlefield! (704.5m) Similarly, thanks to an un-documented silver-bordered state-based action no longer applying, your creatures with augment can now survive even if not attached to a host. If this happens, its power and toughness are 0/0. (704.5m)"}, {"date": "2018-01-19", "text": "Equipment and Fortifications you control can stay attached to an illegal permanent. (704.5n)"}, {"date": "2018-01-19", "text": "If you somehow control a creature that’s attached to another permanent, that creature can stay attached. It can attack and block, even if another creature is carrying it. Similarly, if you control a permanent that isn’t an Aura, an Equipment, or a Fortification, it can stay attached to whatever you manage to get it attached to. Strange. (704.5p)"}, {"date": "2018-01-19", "text": "+1/+1 counters and -1/-1 counters on permanents you control no longer annihilate each other. (704.5q)"}, {"date": "2018-01-19", "text": "Good news for Rasputin Dreamweaver fans: you can ignore abilities of permanents you control that say it can’t have more than a certain number of a certain kind of counter. (704.5r)"}, {"date": "2018-01-19", "text": "Your Two-Headed Giant team can no longer lose because you have 0 or less life or fifteen or more poison counters. (704.5s and 704.5t)"}, {"date": "2018-01-19", "text": "In Commander, you’re immune to the “commander damage rule” that says you lose if a single commander deals 21 or more combat damage to you. (704.5u)"}, {"date": "2018-01-19", "text": "Because Rules Lawyer applies only to you and other permanents you control, tokens that leave the battlefield will continue to cease to exist. This is also true for copies of cards that might exist off the battlefield."}, {"date": "2018-01-19", "text": "Any ability that says a player wins or loses the game still works."}, {"date": "2018-01-19", "text": "Rules Lawyer’s ability doesn’t apply to itself. It can die for any number of reasons. If you’re at 0 or less life and you lose control of Rules Lawyer, you’ll immediately lose the game."}, {"date": "2018-01-19", "text": "A creature with toughness 0 or less can still attack and block. It blocks an attacking creature with trample, treat its toughness as 0 when determining how to assign combat damage."}], "securityStamp": "oval", "setCode": "J17", "subtypes": ["Cyborg", "Advisor"], "supertypes": [], "text": "State-based actions don't apply to you or other permanents you control. (You don't lose the game due to having 0 or less life or drawing from an empty library. Your creatures aren't destroyed due to damage or deathtouch and aren't put into a graveyard due to having 0 or less toughness. Your planeswalkers aren't put into a graveyard if they have 0 loyalty. You don't put a legendary permanent into a graveyard if you control two with the same name. Counters aren't removed from your permanents due to game rules. Permanents you control attached or combined illegally remain on the battlefield. For complete rules and regulations, see rule 704.)", "toughness": "1", "type": "Artifact Creature — Cyborg Advisor", "types": ["Artifact", "Creature"], "uuid": "2292e40e-e454-5c38-9361-3540a29212a2", "watermark": "orderofthewidget"}], "code": "J17", "isFoilOnly": true, "isOnlineOnly": false, "keyruneCode": "PMEI", "name": "Judge Gift Cards 2017", "releaseDate": "2017-01-01", "tcgplayerGroupId": 62, "tokens": [], "totalSetSize": 9, "translations": {}, "type": "promo"}}