{"meta": {"date": "2022-09-29", "version": "5.2.0+20220929"}, "data": {"baseSetSize": 8, "block": "Judge Gift Cards", "cards": [{"artist": "Scott Murphy", "availability": ["paper"], "borderColor": "black", "colorIdentity": ["U"], "colors": ["U"], "convertedManaCost": 2.0, "edhrecRank": 970, "finishes": ["foil"], "flavorText": "A rare find, suitable for the most discerning collector.", "foreignData": [], "frameVersion": "2015", "hasFoil": true, "hasNonFoil": false, "identifiers": {"cardKingdomFoilId": "218353", "cardsphereId": "55351", "mcmId": "357066", "mtgjsonV4Id": "1c6136a2-d3b3-5f95-a4d7-a84bdf8162c9", "scryfallId": "4c679459-939a-4040-b6a3-e02a11f4071c", "scryfallIllustrationId": "55d30e69-927e-4533-a8d2-92c2083ce3ce", "scryfallOracleId": "86cebe2a-95e7-4f22-99cc-e805aeaf347e", "tcgplayerProductId": "166624"}, "isPromo": true, "isReprint": true, "isStarter": true, "language": "English", "layout": "normal", "legalities": {"commander": "Legal", "duel": "Legal", "legacy": "Legal", "modern": "Legal", "pauper": "Legal", "paupercommander": "Legal", "premodern": "Legal", "vintage": "Restricted"}, "manaCost": "{1}{U}", "manaValue": 2.0, "name": "Merchant Scroll", "number": "1", "printings": ["8ED", "HML", "J18", "PRM"], "promoTypes": ["judgegift"], "purchaseUrls": {"cardKingdomFoil": "https://mtgjson.com/links/219a69774d9ed19a", "tcgplayer": "https://mtgjson.com/links/ee2a315395b340e7"}, "rarity": "rare", "rulings": [{"date": "2004-10-04", "text": "Because the “search” requires you to find a card with certain characteristics, you don’t have to find the card if you don’t want to."}], "securityStamp": "oval", "setCode": "J18", "subtypes": [], "supertypes": [], "text": "Search your library for a blue instant card, reveal that card, put it into your hand, then shuffle.", "type": "Sorcery", "types": ["Sorcery"], "uuid": "c44a22db-ff93-57d5-bfcf-6b7b160bfd4f", "watermark": "wotc"}, {"artist": "Lucas Graciano", "availability": ["paper"], "borderColor": "black", "colorIdentity": ["B"], "colors": ["B"], "convertedManaCost": 1.0, "edhrecRank": 66, "finishes": ["foil"], "flavorText": "\"I can tell you what you wish to know. But first, there is the matter of my fee.\"", "foreignData": [], "frameVersion": "2015", "hasFoil": true, "hasNonFoil": false, "identifiers": {"cardKingdomFoilId": "221271", "cardsphereId": "56756", "mcmId": "360932", "mtgjsonV4Id": "82f3f924-d7ba-518f-ba77-6d344dd7741f", "scryfallId": "f9ab4647-e025-4a63-b2c1-a90541ab17d1", "scryfallIllustrationId": "0fd99f58-7692-4c9b-8b20-f5229ac9622e", "scryfallOracleId": "ededbdae-d9dc-4206-9335-d7158f2d7700", "tcgplayerProductId": "170592"}, "isPromo": true, "isReprint": true, "isStarter": true, "language": "English", "layout": "normal", "legalities": {"commander": "Legal", "duel": "Banned", "legacy": "Banned", "premodern": "Banned", "vintage": "Restricted"}, "manaCost": "{B}", "manaValue": 1.0, "name": "Vampiric Tutor", "number": "2", "printings": ["6ED", "CMR", "EMA", "G00", "J18", "OLEP", "PLIST", "PRM", "VIS", "VMA", "WC99"], "promoTypes": ["judgegift"], "purchaseUrls": {"cardKingdomFoil": "https://mtgjson.com/links/907e6051c3859483", "tcgplayer": "https://mtgjson.com/links/496934944822e75e"}, "rarity": "rare", "rulings": [{"date": "2016-06-08", "text": "The “shuffle and put the card on top” is a single action. If an effect causes the top card of the library to be face up, the second card down is not revealed."}], "securityStamp": "oval", "setCode": "J18", "subtypes": [], "supertypes": [], "text": "Search your library for a card, then shuffle and put that card on top. You lose 2 life.", "type": "Instant", "types": ["Instant"], "uuid": "818ab3df-bb0b-58b0-a15e-3daa53dafb15", "watermark": "wotc"}, {"artist": "Brad Rigney", "availability": ["paper"], "borderColor": "black", "colorIdentity": ["R", "U"], "colors": ["R", "U"], "convertedManaCost": 2.0, "edhrecRank": 5779, "finishes": ["foil"], "flavorText": "\"Your body is a delicate instrument that tells me truths. These devices help me 'tune' that instrument.\"", "foreignData": [], "frameEffects": ["legendary"], "frameVersion": "2015", "hasFoil": true, "hasNonFoil": false, "identifiers": {"cardKingdomFoilId": "221272", "cardsphereId": "56757", "mcmId": "360933", "mtgjsonV4Id": "46813f1a-d77f-5fe7-81e8-b93a4262cb16", "scryfallId": "e0340198-d696-4e60-96eb-086cdd17a9f6", "scryfallIllustrationId": "82821742-928a-4084-b0f0-25cb081d69dc", "scryfallOracleId": "ec439630-e18b-45f6-8034-2ecbea27772f", "tcgplayerProductId": "170593"}, "isPromo": true, "isReprint": true, "isStarter": true, "language": "English", "layout": "normal", "leadershipSkills": {"brawl": false, "commander": true, "oathbreaker": false}, "legalities": {"commander": "Legal", "duel": "Legal", "legacy": "Legal", "vintage": "Legal"}, "manaCost": "{U}{R}", "manaValue": 2.0, "name": "Nin, the Pain Artist", "number": "3", "power": "1", "printings": ["C17", "CMD", "J18", "MB1", "PCMD"], "promoTypes": ["judgegift"], "purchaseUrls": {"cardKingdomFoil": "https://mtgjson.com/links/a1be51b68c44ff25", "tcgplayer": "https://mtgjson.com/links/250dbfcee0d6fa88"}, "rarity": "rare", "rulings": [{"date": "2011-09-22", "text": "If the creature is an illegal target when Nin’s ability tries to resolve, it won’t resolve and none of its effects will happen. No player will draw cards."}, {"date": "2011-09-22", "text": "You may choose a value for X that’s greater than the creature’s toughness. Its controller will draw that many cards."}, {"date": "2011-09-22", "text": "The effect is not optional. The creature’s controller can’t choose to draw fewer than X cards."}, {"date": "2011-09-22", "text": "If the ability resolves, but the damage is prevented or redirected, the controller of the targeted creature will draw X cards, regardless of how much damage was dealt or what the damage was ultimately dealt to."}, {"date": "2011-09-22", "text": "If the damage is lethal, the cards are drawn before the creature is destroyed (the next time state-based actions are checked)."}], "securityStamp": "oval", "setCode": "J18", "subtypes": ["Vedalken", "Wizard"], "supertypes": ["Legendary"], "text": "{X}{U}{R}, {T}: Nin, the Pain Artist deals X damage to target creature. That creature's controller draws X cards.", "toughness": "1", "type": "Legendary Creature — Vedalken Wizard", "types": ["Creature"], "uuid": "6fca85ec-fd69-5fa5-a6fe-88e8d7f389dc", "watermark": "wotc"}, {"artist": "Ryan Alexander Lee", "availability": ["paper"], "borderColor": "black", "colorIdentity": [], "colors": [], "convertedManaCost": 3.0, "edhrecRank": 22, "finishes": ["foil"], "flavorText": "It harmonizes with the essence of its master.", "foreignData": [], "frameVersion": "2015", "hasFoil": true, "hasNonFoil": false, "identifiers": {"cardKingdomFoilId": "218354", "cardsphereId": "55352", "mcmId": "357065", "mtgjsonV4Id": "1eb8888f-0545-5903-8c89-b52dce7b97ef", "scryfallId": "33c43f38-aa5f-47ec-8f09-1e722a0df698", "scryfallIllustrationId": "a0b532d7-d606-40b6-bac6-3c50166c0031", "scryfallOracleId": "0b67c4e2-f88b-4e01-85a1-9d5f5b8db13b", "tcgplayerProductId": "166623"}, "isPromo": true, "isReprint": true, "isStarter": true, "language": "English", "layout": "normal", "legalities": {"commander": "Legal", "duel": "Legal", "legacy": "Legal", "pauper": "Legal", "paupercommander": "Legal", "vintage": "Legal"}, "manaCost": "{3}", "manaValue": 3.0, "name": "Commander's Sphere", "number": "4", "printings": ["40K", "AFC", "C14", "C16", "C17", "C18", "C19", "C20", "C21", "CM2", "CMA", "CMR", "DMC", "J18", "KHC", "MIC", "NCC", "PRM", "SLD", "VOC", "ZNC"], "promoTypes": ["judgegift"], "purchaseUrls": {"cardKingdomFoil": "https://mtgjson.com/links/cbe6527ad4be0bd3", "tcgplayer": "https://mtgjson.com/links/5fa69b3908e6b994"}, "rarity": "rare", "rulings": [{"date": "2020-11-10", "text": "If you don't have a commander, Commander's Sphere's first ability produces no mana."}, {"date": "2020-11-10", "text": "If you have two commanders, the ability adds one mana of any color in their combined color identities."}, {"date": "2020-11-10", "text": "If your commander is a card that has no colors in its color identity, Commander's Sphere's first ability produces no mana. It doesn't produce {C}."}], "securityStamp": "oval", "setCode": "J18", "subtypes": [], "supertypes": [], "text": "{T}: Add one mana of any color in your commander's color identity.\nSacrifice Commander's Sphere: Draw a card.", "type": "Artifact", "types": ["Artifact"], "uuid": "1eb04fe6-d709-5693-aca5-3b9e1508f8bb", "watermark": "wotc"}, {"artist": "Chase Stone", "availability": ["paper"], "borderColor": "black", "colorIdentity": ["W"], "colors": ["W"], "convertedManaCost": 3.0, "edhrecRank": 89, "finishes": ["foil"], "flavorText": "\"Someday, when the world is safe again, my homeland will return.\"\n—Teferi", "foreignData": [], "frameVersion": "2015", "hasFoil": true, "hasNonFoil": false, "identifiers": {"cardKingdomFoilId": "222290", "cardsphereId": "57575", "mcmId": "364937", "mtgjsonV4Id": "a09a77af-e8b0-54da-980b-4f66ad88c489", "scryfallId": "b2baad7e-980b-4e4a-a1d1-3f6456b8baab", "scryfallIllustrationId": "cc90b95e-86e3-47aa-bb60-a21c8cca058f", "scryfallOracleId": "0d4ecdb1-ec90-497f-a7a4-1c68092b8757", "tcgplayerProductId": "179077"}, "isPromo": true, "isReprint": true, "isStarter": true, "language": "English", "layout": "normal", "legalities": {"commander": "Legal", "duel": "Legal", "gladiator": "Legal", "historic": "Legal", "historicbrawl": "Legal", "legacy": "Legal", "vintage": "Legal"}, "manaCost": "{2}{W}", "manaValue": 3.0, "name": "Teferi's Protection", "number": "5", "printings": ["2X2", "C17", "J18", "MB1", "PZ2", "SLD", "STA"], "promoTypes": ["judgegift"], "purchaseUrls": {"cardKingdomFoil": "https://mtgjson.com/links/640a186a0ba4af83", "tcgplayer": "https://mtgjson.com/links/296ad55bc01d1592"}, "rarity": "rare", "rulings": [{"date": "2017-08-25", "text": "---------- The following rulings focus on what it means if your life total can't change ----------"}, {"date": "2017-08-25", "text": "Spells and abilities that would normally cause you to gain or lose life still resolve while your life total can't change, but the life-gain or life-loss part simply has no effect."}, {"date": "2017-08-25", "text": "---------- The following rulings focus on the “protection from” keyword ----------"}, {"date": "2017-08-25", "text": "If a player has protection from everything, it means three things: 1) All damage that would be dealt to that player is prevented. 2) Auras can't be attached to that player. 3) That player can't be the target of spells or abilities."}, {"date": "2017-08-25", "text": "Nothing other than the specified events are prevented or illegal. An effect that doesn't target you could still cause you to discard cards, for example. Creatures can still attack you while you have protection from everything, although combat damage that they would deal to you will be prevented."}, {"date": "2017-08-25", "text": "Gaining protection from everything causes a spell or ability on the stack to have an illegal target if it targets you. As a spell or ability tries to resolve, if all its targets are illegal, that spell or ability doesn't resolve and none of its effects happen, including effects unrelated to the target. If at least one target is still legal, the spell or ability does as much as it can to the remaining legal targets, and its other effects still happen."}, {"date": "2017-08-25", "text": "Protection from everything will usually prevent damage if it would be dealt to you, but some damage can't be prevented. In this case, because your life total also can't change, that damage has any other effects that it may have aside from causing you to lose that much life (such as effects from lifelink or infect) and triggers and effects can see that damage was dealt even though your life total didn't change."}, {"date": "2017-08-25", "text": "You can't pay a cost that includes the payment of any amount of life other than 0 life."}, {"date": "2017-08-25", "text": "If a cost includes causing you to gain life (like the alternative cost of an opponent's Invigorate does), that cost can't be paid."}, {"date": "2017-08-25", "text": "Effects that would replace having you gain life with some other event won't be able to be applied because it's impossible for you to gain life. The same is true for effects that would replace having you lose life with some other event."}, {"date": "2017-08-25", "text": "Effects that replace an event with having you gain life (like Words of Worship's effect does) or having you lose life will apply and end up replacing the event with nothing."}, {"date": "2017-08-25", "text": "If an effect would set your life total to a certain number that's different than your current life total, that part of the effect won't do anything."}, {"date": "2017-08-25", "text": "If an effect would cause you to exchange life totals with another player, the exchange won't happen. Neither player's life total changes."}, {"date": "2017-08-25", "text": "---------- The following rulings focus on the phasing keyword ----------"}, {"date": "2017-08-25", "text": "While a permanent is phased out, it's treated as though it doesn't exist. It can't be the target of spells or abilities, its static abilities have no effect on the game, its triggered abilities can't trigger, it can't attack or block, and so on."}, {"date": "2017-08-25", "text": "Phasing out doesn't cause any “leaves the battlefield” abilities to trigger. Similarly, phasing in won't cause any “enters the battlefield” abilities to trigger."}, {"date": "2017-08-25", "text": "Any one-shot effects that are waiting “until [this] leaves the battlefield,” such as that of Banishing Light, won't happen when a permanent phases out."}, {"date": "2017-08-25", "text": "Any continuous effects with a “for as long as” duration such as that of Mathas, Fiend Seeker ignore phased-out objects. Any such effects will expire if their conditions are no longer met after ignoring the phased-out objects."}, {"date": "2017-08-25", "text": "Each Aura and Equipment that phases out attached to a permanent that's phasing out phases in with that permanent and still attached to it."}, {"date": "2017-08-25", "text": "Each Aura and Equipment you control attached to a permanent that isn't phasing out phases in attached to that permanent if it can still be attached to that permanent. If not, it phases in unattached. An Aura that phases in unattached will be put into its owner's graveyard as a state-based action. The same is true with Auras attached to players."}, {"date": "2017-08-25", "text": "Permanents that phase out with counters phase in with those counters."}, {"date": "2017-08-25", "text": "Choices made for permanents as they entered the battlefield are remembered when they phase in."}, {"date": "2017-08-25", "text": "If a token is phased out, it will phase in as your next untap step begins. This is a change from previous rules."}, {"date": "2017-08-25", "text": "A permanent phasing out causes a spell or ability on the stack to have an illegal target if it targets that permanent. As a spell or ability tries to resolve, if all its targets are illegal, that spell or ability doesn't resolve and none of its effects happen, including effects unrelated to the target. If at least one target is still legal, the spell or ability does as much as it can to the remaining legal targets, and its other effects still happen."}, {"date": "2017-08-25", "text": "If your untap step is somehow skipped as your next turn begins, your phased-out permanents won't phase in until the next untap step you actually have, but you'll no longer have protection from everything and your life total can change again."}, {"date": "2017-08-25", "text": "Any creatures that phase in under your control as your next untap step begins will be able to attack and pay a cost of {T} during that turn."}, {"date": "2017-08-25", "text": "If you gain control of another player's permanent and it phases out, if the duration of the control-change effect expires before it phases in, that permanent phases in under that other player's control as your next untap step begins. If you leave the game before your next untap step, it phases in as the next untap step begins after your turn would have begun."}], "securityStamp": "oval", "setCode": "J18", "subtypes": [], "supertypes": [], "text": "Until your next turn, your life total can't change and you gain protection from everything. All permanents you control phase out. (While they're phased out, they're treated as though they don't exist. They phase in before you untap during your untap step.)\nExile Teferi's Protection.", "type": "Instant", "types": ["Instant"], "uuid": "f2ef8f0a-ea29-5750-9f86-f4ee22b1af7e", "watermark": "wotc"}, {"artist": "Gabor Szikszai", "availability": ["paper"], "borderColor": "black", "colorIdentity": ["U"], "colors": ["U"], "convertedManaCost": 2.0, "edhrecRank": 4855, "finishes": ["foil"], "flavorText": "A master of tactics, the Lord of Atlantis makes his people bold in battle merely by arriving to lead them.", "foreignData": [], "frameVersion": "2015", "hasFoil": true, "hasNonFoil": false, "identifiers": {"cardKingdomFoilId": "222291", "cardsphereId": "57574", "mcmId": "364938", "mtgjsonV4Id": "2f4e6451-9584-5033-be4f-901629a1f81f", "scryfallId": "c2eb3841-9c32-4886-8664-30378b9ac316", "scryfallIllustrationId": "467fd105-8634-4a3e-9e0a-c745e696e971", "scryfallOracleId": "cc7f290f-ca00-4285-9bdb-4b4402444f30", "tcgplayerProductId": "179078"}, "isPromo": true, "isReprint": true, "isStarter": true, "language": "English", "layout": "normal", "legalities": {"commander": "Legal", "duel": "Legal", "legacy": "Legal", "modern": "Legal", "premodern": "Legal", "vintage": "Legal"}, "manaCost": "{U}{U}", "manaValue": 2.0, "name": "Lord of Atlantis", "number": "6", "power": "2", "printings": ["2ED", "3ED", "4BB", "4ED", "5ED", "6ED", "7ED", "CED", "CEI", "FBB", "J18", "LEA", "LEB", "P30H", "PRM", "PSUS", "SUM", "TSB", "WC01"], "promoTypes": ["judgegift"], "purchaseUrls": {"cardKingdomFoil": "https://mtgjson.com/links/464e8b72475bcb1e", "tcgplayer": "https://mtgjson.com/links/74c3a89940c4ef9b"}, "rarity": "rare", "rulings": [], "securityStamp": "oval", "setCode": "J18", "subtypes": ["Merfolk"], "supertypes": [], "text": "Other Merfolk get +1/+1 and have islandwalk. (They can't be blocked as long as defending player controls an Island.)", "toughness": "2", "type": "Creature — Merfolk", "types": ["Creature"], "uuid": "f39946ec-c85e-5076-9993-d08a72af8ffb", "watermark": "wotc"}, {"artist": "Paul Scott Canavan", "availability": ["paper"], "borderColor": "black", "colorIdentity": ["U"], "colors": ["U"], "convertedManaCost": 3.0, "edhrecRank": 32, "finishes": ["foil"], "flavorText": "Friends teach what you want to know. Enemies teach what you *need* to know.", "foreignData": [], "frameVersion": "2015", "hasFoil": true, "hasNonFoil": false, "identifiers": {"cardKingdomFoilId": "223921", "cardsphereId": "59015", "mcmId": "368515", "mtgjsonV4Id": "db622c56-0605-5503-b54a-081401f636a8", "scryfallId": "473d37d1-1829-47d2-99d4-ed9916520c16", "scryfallIllustrationId": "bab2e0d3-0820-40e8-ad6a-f4c7526d4ea4", "scryfallOracleId": "53236dd7-845a-444c-96d5-f41ed7325d8f", "tcgplayerProductId": "185032"}, "isPromo": true, "isReprint": true, "isStarter": true, "language": "English", "layout": "normal", "legalities": {"commander": "Legal", "duel": "Legal", "legacy": "Legal", "pauper": "Legal", "paupercommander": "Banned", "premodern": "Legal", "vintage": "Legal"}, "manaCost": "{2}{U}", "manaValue": 3.0, "name": "Rhystic Study", "number": "7", "printings": ["CM1", "J18", "JMP", "MB1", "PCY", "PRM", "PZ1", "SLD", "TD0"], "promoTypes": ["judgegift"], "purchaseUrls": {"cardKingdomFoil": "https://mtgjson.com/links/5e5ef0e795576b57", "tcgplayer": "https://mtgjson.com/links/c20ffff23d0edc41"}, "rarity": "rare", "rulings": [{"date": "2004-10-04", "text": "The player gets the option to pay when this triggered ability resolves. This will be after the spell is announced, but before it resolves."}, {"date": "2004-10-04", "text": "You don’t have to decide whether or not you are drawing until after the player decides whether or not to pay."}], "securityStamp": "oval", "setCode": "J18", "subtypes": [], "supertypes": [], "text": "Whenever an opponent casts a spell, you may draw a card unless that player pays {1}.", "type": "Enchantment", "types": ["Enchantment"], "uuid": "799efcaa-0519-56ec-a88d-0faec7405d69", "watermark": "wotc"}, {"artist": "Craig J Spearing", "availability": ["paper"], "borderColor": "black", "colorIdentity": ["G"], "colors": ["G"], "convertedManaCost": 3.0, "edhrecRank": 3105, "finishes": ["foil"], "flavorText": "Every predator is something else's prey.", "foreignData": [], "frameVersion": "2015", "hasFoil": true, "hasNonFoil": false, "identifiers": {"cardKingdomFoilId": "223933", "cardsphereId": "59016", "mcmId": "368516", "mtgjsonV4Id": "817ac625-0765-54c8-9ba4-ed30b64c14f2", "scryfallId": "891e5193-b512-4fbe-b939-2da6c5c19889", "scryfallIllustrationId": "7875f9fb-a092-4244-a36c-4eff20f0c254", "scryfallOracleId": "5c8e5092-962e-49ef-ab82-8434e475e4e7", "tcgplayerProductId": "185031"}, "isPromo": true, "isReprint": true, "isStarter": true, "language": "English", "layout": "normal", "legalities": {"commander": "Legal", "duel": "Banned", "legacy": "Legal", "premodern": "Legal", "vintage": "Legal"}, "manaCost": "{2}{G}", "manaValue": 3.0, "name": "Food Chain", "number": "8", "printings": ["2X2", "J18", "MMQ", "PLIST", "PRM"], "promoTypes": ["judgegift"], "purchaseUrls": {"cardKingdomFoil": "https://mtgjson.com/links/02a236c768529491", "tcgplayer": "https://mtgjson.com/links/ecd14824d52b1798"}, "rarity": "rare", "rulings": [{"date": "2004-10-04", "text": "This mana may not be used to pay costs imposed after the spell is initially cast."}, {"date": "2004-10-04", "text": "This mana may be used on additional costs to cast the spell, such as Kicker."}], "securityStamp": "oval", "setCode": "J18", "subtypes": [], "supertypes": [], "text": "Exile a creature you control: Add X mana of any one color, where X is 1 plus the exiled creature's mana value. Spend this mana only to cast creature spells.", "type": "Enchantment", "types": ["Enchantment"], "uuid": "ec76c21a-4eb1-5d4f-9fec-c744a5d24c9b", "watermark": "wotc"}], "code": "J18", "isFoilOnly": true, "isOnlineOnly": false, "keyruneCode": "PMEI", "name": "Judge Gift Cards 2018", "releaseDate": "2018-01-01", "tcgplayerGroupId": 62, "tokens": [], "totalSetSize": 8, "translations": {}, "type": "promo"}}