{"meta": {"date": "2022-09-29", "version": "5.2.0+20220929"}, "data": {"baseSetSize": 3, "block": "Judge Gift Cards", "cards": [{"artist": "Christopher Rush", "availability": ["paper"], "borderColor": "black", "colorIdentity": ["R"], "colors": ["R"], "convertedManaCost": 1.0, "edhrecRank": 314, "finishes": ["foil"], "foreignData": [], "frameVersion": "1997", "hasFoil": true, "hasNonFoil": false, "identifiers": {"cardKingdomFoilId": "70005", "cardsphereId": "22364", "mcmId": "17596", "mtgjsonV4Id": "34814418-ed04-5098-9a99-8522748b364c", "scryfallId": "6e8b2951-3c66-4042-add9-b2615951ba52", "scryfallIllustrationId": "2cb6200c-d05b-419c-bd10-8b9c146e2339", "scryfallOracleId": "4457ed35-7c10-48c8-9776-456485fdf070", "tcgplayerProductId": "38253"}, "isPromo": true, "isReprint": true, "isStarter": true, "language": "English", "layout": "normal", "legalities": {"commander": "Legal", "duel": "Legal", "gladiator": "Legal", "historic": "Banned", "historicbrawl": "Legal", "legacy": "Legal", "modern": "Legal", "pauper": "Legal", "paupercommander": "Legal", "premodern": "Legal", "vintage": "Legal"}, "manaCost": "{R}", "manaValue": 1.0, "name": "Lightning Bolt", "number": "1", "printings": ["2ED", "2X2", "3ED", "4BB", "4ED", "A25", "ATH", "BTD", "CED", "CEI", "CLB", "E01", "FBB", "HBG", "J21", "JGP", "JMP", "LEA", "LEB", "M10", "M11", "MB1", "ME1", "MM2", "P10", "PD2", "PF19", "PLIST", "PRM", "PTC", "SLD", "STA", "SUM", "TD0"], "promoTypes": ["judgegift"], "purchaseUrls": {"cardKingdomFoil": "https://mtgjson.com/links/67479a93cf787fc7", "tcgplayer": "https://mtgjson.com/links/fd0af64ec2b3e139"}, "rarity": "rare", "rulings": [], "setCode": "JGP", "subtypes": [], "supertypes": [], "text": "Lightning Bolt deals 3 damage to any target.", "type": "Instant", "types": ["Instant"], "uuid": "b4372b46-219c-5eec-b03e-760f13275671"}, {"artist": "Stephen Daniele", "availability": ["paper"], "borderColor": "black", "colorIdentity": ["U"], "colors": ["U"], "convertedManaCost": 3.0, "edhrecRank": 2400, "finishes": ["foil"], "flavorText": "After a hundred failed experiments, Urza was stunned to find that common silver passed through the portal undamaged. He immediately designed a golem made of the metal.", "foreignData": [], "frameVersion": "1997", "hasFoil": true, "hasNonFoil": false, "identifiers": {"cardKingdomFoilId": "117263", "cardsphereId": "22400", "mcmId": "17600", "mtgjsonV4Id": "cab529d6-5c2e-506a-84d7-842e64f4fe00", "scryfallId": "a5423cb8-38a2-4769-8999-de6ab5ebc294", "scryfallIllustrationId": "dd3f514c-a057-4083-ab5c-d8d1f271d813", "scryfallOracleId": "0cc6d683-366f-4ae4-be60-20ad9621fdaf", "tcgplayerProductId": "38272"}, "isPromo": true, "isReprint": true, "isStarter": true, "language": "English", "layout": "normal", "legalities": {"commander": "Legal", "duel": "Legal", "legacy": "Legal", "penny": "Legal", "premodern": "Legal", "vintage": "Legal"}, "manaCost": "{X}{2}{U}", "manaValue": 3.0, "name": "Stroke of Genius", "number": "2", "printings": ["C14", "C15", "JGP", "PRM", "USG", "VMA"], "promoTypes": ["judgegift"], "purchaseUrls": {"cardKingdomFoil": "https://mtgjson.com/links/4d36966411ff4e4a", "tcgplayer": "https://mtgjson.com/links/8f64b096098166bb"}, "rarity": "rare", "rulings": [], "setCode": "JGP", "subtypes": [], "supertypes": [], "text": "Target player draws X cards.", "type": "Instant", "types": ["Instant"], "uuid": "7d81b452-ac57-5643-a7b0-8d09eb1e66c9"}, {"artist": "Mark Zug", "availability": ["paper"], "borderColor": "black", "colorIdentity": ["G"], "colors": [], "convertedManaCost": 0.0, "edhrecRank": 515, "finishes": ["foil"], "flavorText": "\"Here sprouted the first seedling of Argoth. Here the last tree will fall.\"\n—Gamelen, Citanul elder", "foreignData": [], "frameVersion": "1997", "hasFoil": true, "hasNonFoil": false, "identifiers": {"cardKingdomFoilId": "70003", "cardsphereId": "22346", "mcmId": "17593", "mtgjsonV4Id": "ac25aa67-4f19-553a-993f-0850831fede9", "scryfallId": "9a3cccac-c826-41ad-b595-4d53db1ab8fa", "scryfallIllustrationId": "9f670261-15a3-4f13-a0f2-5a29982585e9", "scryfallOracleId": "7c427c3d-ecd8-45ef-bebd-8f10f4a311db", "tcgplayerProductId": "37964"}, "isPromo": true, "isReprint": true, "isReserved": true, "isStarter": true, "language": "English", "layout": "normal", "legalities": {"commander": "Legal", "duel": "Banned", "legacy": "Legal", "premodern": "Legal", "vintage": "Legal"}, "manaValue": 0.0, "name": "Gaea's Cradle", "number": "3", "printings": ["JGP", "OLGC", "PRM", "USG", "WC99"], "promoTypes": ["judgegift"], "purchaseUrls": {"cardKingdomFoil": "https://mtgjson.com/links/eeebcf9141fc69dc", "tcgplayer": "https://mtgjson.com/links/958c17134a0e8853"}, "rarity": "rare", "rulings": [], "setCode": "JGP", "subtypes": [], "supertypes": ["Legendary"], "text": "{T}: Add {G} for each creature you control.", "type": "Legendary Land", "types": ["Land"], "uuid": "7e6db7d9-c7ce-53f2-878c-bc43772bdcad"}], "code": "JGP", "isFoilOnly": true, "isOnlineOnly": false, "keyruneCode": "DEFAULT", "name": "Judge Gift Cards 1998", "releaseDate": "1998-01-01", "tcgplayerGroupId": 62, "tokens": [], "totalSetSize": 3, "translations": {}, "type": "promo"}}