{"meta": {"date": "2022-09-29", "version": "5.2.0+20220929"}, "data": {"baseSetSize": 4, "cards": [], "code": "L13", "isFoilOnly": false, "isNonFoilOnly": true, "isOnlineOnly": false, "keyruneCode": "DEFAULT", "name": "League Tokens 2013", "releaseDate": "2013-01-01", "tokens": [{"artist": "Johann Bodin", "availability": ["paper"], "borderColor": "black", "colorIdentity": ["R", "W"], "colors": ["R", "W"], "finishes": ["nonfoil"], "frameVersion": "2003", "hasFoil": false, "hasNonFoil": true, "identifiers": {"mtgjsonV4Id": "c5542ff3-9b6f-5861-944a-0c690d8e7f46", "scryfallId": "d651b974-24f2-4c5d-a3bc-94b802b3b90c", "scryfallIllustrationId": "b4f84c3e-9e2d-4935-a1dc-84fc3cceb602", "scryfallOracleId": "04ba3865-3e4b-4583-b49b-f5433926c29a", "tcgplayerProductId": "78444"}, "language": "English", "layout": "token", "name": "Soldier", "number": "1", "power": "1", "promoTypes": ["league", "instore"], "reverseRelated": ["Blaze Commando", "Sunhome Guildmage"], "setCode": "L13", "subtypes": ["Soldier"], "supertypes": [], "toughness": "1", "type": "Token Creature — Soldier", "types": ["Token", "Creature"], "uuid": "3efed27e-93fc-564b-a358-9ead4a13bac3"}, {"artist": "Martina Pilcerova", "availability": ["paper"], "borderColor": "black", "colorIdentity": ["W"], "colors": ["W"], "finishes": ["nonfoil"], "frameVersion": "2003", "hasFoil": false, "hasNonFoil": true, "identifiers": {"mtgjsonV4Id": "c6e65da9-17e8-5c57-b78a-b75aadd35df5", "scryfallId": "3fb27481-e7c8-43e3-a1f1-06dcffb70154", "scryfallIllustrationId": "d9065910-dac4-4a01-a668-f490d047567e", "scryfallOracleId": "b1a2b096-a440-4ef9-ab2a-059c79999297", "tcgplayerProductId": "108436"}, "isReprint": true, "keywords": ["Flying"], "language": "English", "layout": "token", "name": "Bird", "number": "2", "power": "1", "promoTypes": ["league", "instore"], "reverseRelated": ["Ornitharch", "Akim, the Soaring Wind", "Jötun Owl Keeper", "Beck // Call", "Scour the Desert", "Seller of Songbirds", "Eyes in the Skies", "Wingmantle Chaplain", "Love Song of Night and Day", "Scion of Vitu-Ghazi", "Falconer Adept", "Battle Screech", "Emeria Angel", "Migratory Route", "Soul of Migration", "Aether Channeler"], "setCode": "L13", "subtypes": ["Bird"], "supertypes": [], "text": "Flying", "toughness": "1", "type": "Token Creature — Bird", "types": ["Token", "Creature"], "uuid": "afd5a737-d928-50f9-a34e-e1e5c189d93a"}, {"artist": "Vincent Proce", "availability": ["paper"], "borderColor": "black", "colorIdentity": [], "colors": [], "finishes": ["nonfoil"], "frameVersion": "2003", "hasFoil": false, "hasNonFoil": true, "identifiers": {"mtgjsonV4Id": "b3818430-1577-5c4f-8b1c-3969e6b54574", "scryfallId": "50c4f43e-ed03-43de-8ff1-2d4431c1684a", "scryfallIllustrationId": "2910d045-3afc-4e1c-a119-66c6fb22ef61", "scryfallOracleId": "9ac81d75-2bec-46ab-84e1-2fc893d45219", "tcgplayerProductId": "78526"}, "language": "English", "layout": "token", "name": "Sliver", "number": "3", "power": "1", "promoTypes": ["league", "instore"], "reverseRelated": ["Brood Sliver", "Sliver Queen", "Hive Stirrings", "Sliver Hive"], "setCode": "L13", "subtypes": ["Sliver"], "supertypes": [], "toughness": "1", "type": "Token Creature — Sliver", "types": ["Token", "Creature"], "uuid": "977b5290-e860-5c1d-8e86-637c58dcb0bc"}, {"artist": "Zoltan Boros", "availability": ["paper"], "borderColor": "black", "colorIdentity": ["W"], "colors": ["W"], "finishes": ["nonfoil"], "frameVersion": "2003", "hasFoil": false, "hasNonFoil": true, "identifiers": {"mtgjsonV4Id": "f6319de6-bbb4-5e01-948d-d876f4c161f8", "scryfallId": "75e49715-e5b6-475d-ab50-ddc5ff729c11", "scryfallIllustrationId": "c138c1aa-fdad-46aa-b9f9-730f754b48c7", "scryfallOracleId": "eac25f12-6459-438c-a09e-93e23d2cf80d", "tcgplayerProductId": "82612"}, "isReprint": true, "language": "English", "layout": "token", "name": "Soldier", "number": "4", "power": "1", "promoTypes": ["league", "instore"], "reverseRelated": ["Phyrexian Warhorse", "Elspeth, Sun's Champion", "First Response", "Throne of Empires", "Deploy to the Front", "Baird, Argivian Recruiter", "Entrapment Maneuver", "Security Detail", "Undercellar Sweep", "Martial Coup", "Sergeant-at-Arms", "Launch the Fleet", "Benalish Commander", "Torsten, Founder of Benalia", "Precinct Captain", "Scout the Wilderness", "Murder Investigation", "Hero of Bladehold", "Captain's Call", "Basri Ket", "Keeper of the Accord", "Tura Kennerüd, Skyknight", "Prava of the Steel Legion", "Evangel of Heliod", "Company Commander", "Raise the Alarm", "Queen Allenal of Ruadach", "Elspeth Tirel", "Knight-Captain of Eos", "Keldon Strike Team", "Timely Reinforcements", "Decree of Justice", "Bant Sojourners", "Mobilization", "Veteran Soldier", "Even the Odds", "Protect the Negotiators", "You're Confronted by Robbers", "Lieutenants of the Guard", "Defiler of Faith", "Kjeldoran Outpost", "Akroan Horse", "Skyknight Vanguard", "Stormfront Riders", "Captain of the Watch", "Lena, Selfless Champion", "Ancestral Blade", "Ironroot Warlord", "Attended Knight", "Alliance of Arms", "Heroic Reinforcements", "Argivian Cavalier", "Abdel Adrian, Gorion's Ward", "Historian's Boon", "Horn of Valhalla // Ysgard's Call", "Darien, King of Kjeldor", "Recruitment Drive", "Secure the Scene", "Recruit the Worthy", "King Darien XLVIII", "Resolute Reinforcements", "Elspeth, Knight-Errant", "Memorial to Glory"], "setCode": "L13", "subtypes": ["Soldier"], "supertypes": [], "toughness": "1", "type": "Token Creature — Soldier", "types": ["Token", "Creature"], "uuid": "4b90a444-98f3-5348-be0e-931eec7380ab"}], "totalSetSize": 0, "translations": {}, "type": "token"}}