{"meta": {"date": "2022-09-29", "version": "5.2.0+20220929"}, "data": {"baseSetSize": 4, "cards": [], "code": "L14", "isFoilOnly": false, "isNonFoilOnly": true, "isOnlineOnly": false, "keyruneCode": "DEFAULT", "name": "League Tokens 2014", "releaseDate": "2014-01-01", "tokens": [{"artist": "Ryan Barger", "availability": ["paper"], "borderColor": "black", "colorIdentity": ["W"], "colors": ["W"], "finishes": ["nonfoil"], "frameEffects": ["nyxtouched"], "frameVersion": "2003", "hasFoil": false, "hasNonFoil": true, "identifiers": {"mtgjsonV4Id": "fbe6e1a1-d57e-523f-8067-48dfff7023af", "scryfallId": "0a7c8ad6-b6c6-41ef-939b-ce3ec261a50b", "scryfallIllustrationId": "c6889d28-6b19-4ac1-9e4a-2824eedd42ad", "scryfallOracleId": "cca22679-fb67-4a43-b824-0f8faac0f319", "tcgplayerProductId": "108437"}, "language": "English", "layout": "token", "name": "Soldier", "number": "1", "power": "1", "promoTypes": ["league", "instore"], "reverseRelated": ["God-Favored General"], "setCode": "L14", "subtypes": ["Soldier"], "supertypes": [], "toughness": "1", "type": "Token Enchantment Creature — Soldier", "types": ["Token", "Enchantment", "Creature"], "uuid": "d000c83c-d0b2-50d8-a2d0-f98e93a11cb3"}, {"artist": "Scott Murphy", "availability": ["paper"], "borderColor": "black", "colorIdentity": ["R"], "colors": ["R"], "finishes": ["nonfoil"], "frameVersion": "2003", "hasFoil": false, "hasNonFoil": true, "identifiers": {"mtgjsonV4Id": "bfdb6dcf-c89b-5ee3-891f-27a4c3cdc08a", "scryfallId": "62a8926c-94d7-4399-ad38-f235bbfd1a7e", "scryfallIllustrationId": "2457378c-ff71-4871-b972-56b5fceeb1f2", "scryfallOracleId": "6b8117bf-384f-4f5e-9e52-e01412ce24a9", "tcgplayerProductId": "108434"}, "language": "English", "layout": "token", "name": "Minotaur", "number": "2", "power": "2", "promoTypes": ["league", "instore"], "reverseRelated": ["Flurry of Horns", "Sethron, Hurloon General"], "setCode": "L14", "subtypes": ["Minotaur"], "supertypes": [], "toughness": "3", "type": "Token Creature — Minotaur", "types": ["Token", "Creature"], "uuid": "781899c6-c45b-5b3e-954f-60c08ad68a58"}, {"artist": "Richard Wright", "availability": ["paper"], "borderColor": "black", "colorIdentity": ["U"], "colors": ["U"], "finishes": ["nonfoil"], "frameVersion": "2015", "hasFoil": false, "hasNonFoil": true, "identifiers": {"mtgjsonV4Id": "134664d2-704f-5a2a-8910-62bb1af6ec5f", "scryfallId": "8084eae3-6b2a-4803-9959-1fc5c80500de", "scryfallIllustrationId": "477f58bb-b561-4c68-9fdb-c2dda198d657", "scryfallOracleId": "dd85fcd6-9bfd-4deb-a56a-77c6bca8eb97", "tcgplayerProductId": "108433"}, "keywords": ["Islandwalk", "Landwalk"], "language": "English", "layout": "token", "name": "Squid", "number": "3", "power": "1", "promoTypes": ["league", "instore"], "reverseRelated": ["Chasm Skulker", "Coral Barrier"], "setCode": "L14", "subtypes": ["Squid"], "supertypes": [], "text": "Islandwalk (This creature can't be blocked as long as defending player controls an Island.)", "toughness": "1", "type": "Token Creature — Squid", "types": ["Token", "Creature"], "uuid": "1833679e-0d3a-5977-8e7b-b34b7dbf1182"}, {"artist": "Winona Nelson", "availability": ["paper"], "borderColor": "black", "colorIdentity": ["W"], "colors": ["W"], "finishes": ["nonfoil"], "frameVersion": "2003", "hasFoil": false, "hasNonFoil": true, "identifiers": {"mtgjsonV4Id": "52d02baf-58e0-5b71-ae4c-c2d38581684c", "scryfallId": "12856d0c-240f-42c6-80dd-715ccf314645", "scryfallIllustrationId": "8967e39b-90f2-4f53-8ff5-979ae9a64b79", "scryfallOracleId": "6a880a0f-0a98-4505-9c27-9821be3e4818", "tcgplayerProductId": "108438"}, "language": "English", "layout": "token", "name": "Warrior", "number": "4", "power": "1", "promoTypes": ["league", "instore"], "reverseRelated": ["Najeela, the Blade-Blossom", "Regna, the Redeemer", "Mardu Charm", "Blaring Recruiter", "Take Up Arms", "Herald of Anafenza", "Secure the Wastes", "Mardu Hordechief"], "setCode": "L14", "subtypes": ["Warrior"], "supertypes": [], "toughness": "1", "type": "Token Creature — Warrior", "types": ["Token", "Creature"], "uuid": "d20b175b-7e4c-5ce3-a1bc-5bc1b233f236"}], "totalSetSize": 0, "translations": {}, "type": "token"}}