{"meta": {"date": "2022-09-29", "version": "5.2.0+20220929"}, "data": {"baseSetSize": 1, "cards": [], "code": "L17", "isFoilOnly": true, "isOnlineOnly": false, "keyruneCode": "DEFAULT", "name": "League Tokens 2017", "releaseDate": "2017-01-01", "tokens": [{"artist": "Jason Rainville", "availability": ["paper"], "borderColor": "black", "colorIdentity": ["R"], "colors": ["R"], "faceName": "Gremlin", "finishes": ["foil"], "frameVersion": "2015", "hasFoil": true, "hasNonFoil": false, "identifiers": {"mtgjsonV4Id": "b09d4341-fed7-5776-99b1-e1fb57b8fdde", "scryfallId": "d67c7d80-05c9-4bd3-9a8e-14dfe4c075cd", "scryfallIllustrationId": "ac9a73b2-afbb-43e1-a989-00dd8e985afc", "scryfallOracleId": "c03f3ed5-963e-4fbf-9614-b7f21653e544", "tcgplayerProductId": "139859"}, "language": "English", "layout": "double_faced_token", "name": "Gremlin // Energy Reserve", "number": "1", "otherFaceIds": ["621ec222-f9e6-54fa-9059-39878da4383e"], "power": "2", "promoTypes": ["league", "instore"], "reverseRelated": [], "setCode": "L17", "side": "a", "subtypes": ["Gremlin"], "supertypes": [], "toughness": "2", "type": "Token Creature — Gremlin", "types": ["Token", "Creature"], "uuid": "a9ac69bc-fea2-523a-8ce7-174d9527909c"}, {"artist": "Jason Rainville", "availability": ["paper"], "borderColor": "black", "colorIdentity": ["R"], "colors": [], "faceName": "Energy Reserve", "finishes": ["foil"], "frameVersion": "2015", "hasFoil": true, "hasNonFoil": false, "identifiers": {"mtgjsonV4Id": "81e8ba57-9a5d-55ee-8b56-66a8c83a3b72", "scryfallId": "d67c7d80-05c9-4bd3-9a8e-14dfe4c075cd", "scryfallIllustrationId": "453e76f9-8ab1-4c43-b04e-953e9fa194b4", "scryfallOracleId": "c03f3ed5-963e-4fbf-9614-b7f21653e544", "tcgplayerProductId": "139859"}, "language": "English", "layout": "double_faced_token", "name": "Gremlin // Energy Reserve", "number": "1", "otherFaceIds": ["a9ac69bc-fea2-523a-8ce7-174d9527909c"], "promoTypes": ["league", "instore"], "reverseRelated": [], "setCode": "L17", "side": "b", "subtypes": [], "supertypes": [], "text": "(Place your energy counters in this area.)", "type": "Card", "types": ["Card"], "uuid": "621ec222-f9e6-54fa-9059-39878da4383e"}], "totalSetSize": 0, "translations": {}, "type": "token"}}