{"meta": {"date": "2022-09-29", "version": "5.2.0+20220929"}, "data": {"baseSetSize": 24, "cards": [{"artist": "Zack Stella", "availability": ["mtgo", "paper"], "borderColor": "borderless", "colorIdentity": ["W"], "colors": ["W"], "convertedManaCost": 4.0, "edhrecRank": 3231, "finishes": ["foil"], "foreignData": [], "frameVersion": "2015", "hasFoil": true, "hasNonFoil": false, "identifiers": {"cardKingdomFoilId": "222287", "cardsphereId": "57439", "mcmId": "363611", "mtgjsonV4Id": "abb5f536-2641-5e73-b41b-3f7030dbe017", "mtgoId": "69965", "multiverseId": "456589", "scryfallId": "6052dc6a-8f70-4c3b-b111-b213c29a7a7f", "scryfallIllustrationId": "1f858ba9-16f3-40d6-8758-f538c3d7a85a", "scryfallOracleId": "eab0d8b9-c66f-402f-b259-f46f15cefd78", "tcgplayerProductId": "175241"}, "isReprint": true, "isStarter": true, "language": "English", "layout": "normal", "leadershipSkills": {"brawl": false, "commander": false, "oathbreaker": true}, "legalities": {"commander": "Legal", "duel": "Legal", "legacy": "Legal", "modern": "Legal", "vintage": "Legal"}, "loyalty": "4", "manaCost": "{2}{W}{W}", "manaValue": 4.0, "name": "Elspeth, Knight-Errant", "number": "GR1", "originalText": "+1: Create a 1/1 white Soldier creature token.\n+1: Target creature gets +3/+3 and gains flying until end of turn.\n−8: You get an emblem with \"Artifacts, creatures, enchantments, and lands you control have indestructible.\"", "originalType": "Legendary Planeswalker — Elspeth", "printings": ["ALA", "DDF", "MD1", "MED", "MMA", "SLD"], "purchaseUrls": {"cardKingdomFoil": "https://mtgjson.com/links/930e578d9e3ee41d", "tcgplayer": "https://mtgjson.com/links/ff0cb587ef17c358"}, "rarity": "mythic", "rulings": [{"date": "2011-01-01", "text": "Emblems behave similarly to enchantments: They have an ability that, in a general sense, continually affects the game. The primary difference between them is that emblems aren’t permanents and don’t exist on the battlefield. Nothing in the game can remove an emblem, simply because no other spell or ability references them. Once you get an emblem, you keep it for the rest of the game. Emblems have no color, name, card type, or other characteristics beyond the listed ability."}, {"date": "2013-07-01", "text": "Lethal damage and effects that say “destroy” won’t cause a permanent with indestructible to be put into the graveyard. However, a permanent with indestructible can be put into the graveyard for a number of reasons. The most likely reasons are if it’s sacrificed, if it’s a creature whose toughness is 0 or less, or if it’s an Aura that’s either unattached or attached to something illegal."}], "securityStamp": "oval", "setCode": "MED", "subtypes": ["Elspeth"], "supertypes": ["Legendary"], "text": "[+1]: Create a 1/1 white Soldier creature token.\n[+1]: Target creature gets +3/+3 and gains flying until end of turn.\n[−8]: You get an emblem with \"Artifacts, creatures, enchantments, and lands you control have indestructible.\"", "type": "Legendary Planeswalker — Elspeth", "types": ["Planeswalker"], "uuid": "b37f2aa8-16b9-51bf-9279-3a7fab20c5bc"}, {"artist": "Adam Paquette", "availability": ["mtgo", "paper"], "borderColor": "borderless", "colorIdentity": [], "colors": [], "convertedManaCost": 4.0, "edhrecRank": 2353, "finishes": ["foil"], "foreignData": [], "frameVersion": "2015", "hasFoil": true, "hasNonFoil": false, "identifiers": {"cardKingdomFoilId": "223704", "cardsphereId": "58871", "mcmId": "368642", "mtgjsonV4Id": "27ffe374-8260-5e85-8ecc-fa570e51a755", "mtgoId": "71572", "multiverseId": "460122", "scryfallId": "0cd43687-0ae1-47e9-b0d6-2af56bdbe2e9", "scryfallIllustrationId": "8e7600ec-bb93-4981-83c5-8af1429df4b1", "scryfallOracleId": "060209fa-4b7d-4e08-bf8b-8759bba5641b", "tcgplayerProductId": "183443"}, "isReprint": true, "isStarter": true, "language": "English", "layout": "normal", "leadershipSkills": {"brawl": false, "commander": false, "oathbreaker": true}, "legalities": {"commander": "Legal", "duel": "Legal", "explorer": "Legal", "gladiator": "Legal", "historic": "Legal", "historicbrawl": "Legal", "legacy": "Legal", "modern": "Legal", "pioneer": "Legal", "vintage": "Legal"}, "loyalty": "5", "manaCost": "{4}", "manaValue": 4.0, "name": "Karn, Scion of Urza", "number": "RA1", "originalReleaseDate": "2019-01-25", "originalText": "+1: Reveal the top two cards of your library. An opponent chooses one of them. Put that card into your hand and exile the other with a silver counter on it.\n−1: Put a card you own with a silver counter on it from exile into your hand.\n−2: Create a 0/0 colorless Construct artifact creature token with \"This creature gets +1/+1 for each artifact you control.\"", "originalType": "Legendary Planeswalker — Karn", "printings": ["DOM", "MED", "PDOM"], "purchaseUrls": {"cardKingdomFoil": "https://mtgjson.com/links/b4fd35b05aeca820", "tcgplayer": "https://mtgjson.com/links/aafde3ae264a146b"}, "rarity": "mythic", "rulings": [{"date": "2018-04-27", "text": "A token created by Karn’s last ability will count itself, so it’ll be at least 1/1."}, {"date": "2018-04-27", "text": "Karn is colorless but not an artifact. The Construct tokens created by Karn’s last ability don’t count Karn."}], "securityStamp": "oval", "setCode": "MED", "subtypes": ["Karn"], "supertypes": ["Legendary"], "text": "[+1]: Reveal the top two cards of your library. An opponent chooses one of them. Put that card into your hand and exile the other with a silver counter on it.\n[−1]: Put a card you own with a silver counter on it from exile into your hand.\n[−2]: Create a 0/0 colorless Construct artifact creature token with \"This creature gets +1/+1 for each artifact you control.\"", "type": "Legendary Planeswalker — Karn", "types": ["Planeswalker"], "uuid": "26e3b92f-c681-5259-8a7c-e47358448a70"}, {"artist": "Chris Rahn", "availability": ["mtgo", "paper"], "borderColor": "borderless", "colorIdentity": [], "colors": [], "convertedManaCost": 8.0, "edhrecRank": 662, "finishes": ["foil"], "foreignData": [], "frameVersion": "2015", "hasFoil": true, "hasNonFoil": false, "identifiers": {"cardKingdomFoilId": "224815", "cardsphereId": "59722", "mcmId": "372919", "mtgjsonV4Id": "8a8a4d54-da3c-562e-ab47-b7dcfaeb6ac7", "mtgoId": "72200", "multiverseId": "463942", "scryfallId": "411e8228-b594-4af8-8008-c6c8c815d254", "scryfallIllustrationId": "8d2f6330-4309-4427-994f-fc3cd4041939", "scryfallOracleId": "eecb3047-a563-441a-9175-200421981ac3", "tcgplayerProductId": "188898"}, "isReprint": true, "isStarter": true, "language": "English", "layout": "normal", "leadershipSkills": {"brawl": false, "commander": false, "oathbreaker": true}, "legalities": {"commander": "Legal", "duel": "Legal", "explorer": "Legal", "gladiator": "Legal", "historic": "Legal", "historicbrawl": "Banned", "legacy": "Legal", "modern": "Legal", "pioneer": "Legal", "vintage": "Legal"}, "loyalty": "7", "manaCost": "{8}", "manaValue": 8.0, "name": "Ugin, the Spirit Dragon", "number": "WS1", "originalReleaseDate": "2019-05-03", "originalText": "+2: Ugin, the Spirit Dragon deals 3 damage to any target.\n−X: Exile each permanent with converted mana cost X or less that's one or more colors.\n−10: You gain 7 life, draw seven cards, then put up to seven permanent cards from your hand onto the battlefield.", "originalType": "Legendary Planeswalker — Ugin", "printings": ["FRF", "M21", "MED", "PM21", "PRM", "UGIN"], "purchaseUrls": {"cardKingdomFoil": "https://mtgjson.com/links/6b140dd5aa6e1b7f", "tcgplayer": "https://mtgjson.com/links/90af3ed278c83ccd"}, "rarity": "mythic", "rulings": [{"date": "2014-11-24", "text": "If you choose to put permanent cards with morph onto the battlefield with the third ability, you must put them onto the battlefield face up."}, {"date": "2014-11-24", "text": "Ugin, the Spirit Dragon is not a Dragon card; that is, he doesn't have the creature type Dragon. Spells and abilities that refer to Dragon cards or Dragons don't apply to Ugin."}, {"date": "2020-06-23", "text": "If a permanent has {X} in its mana cost, X is considered to be 0."}, {"date": "2020-06-23", "text": "The mana value of a token that isn't a copy of another object is 0. A token that is a copy of another object has the same mana cost as that object."}, {"date": "2020-06-23", "text": "A permanent card is an artifact, creature, enchantment, land, or planeswalker card."}], "securityStamp": "oval", "setCode": "MED", "subtypes": ["Ugin"], "supertypes": ["Legendary"], "text": "[+2]: Ugin, the Spirit Dragon deals 3 damage to any target.\n[−X]: Exile each permanent with mana value X or less that's one or more colors.\n[−10]: You gain 7 life, draw seven cards, then put up to seven permanent cards from your hand onto the battlefield.", "type": "Legendary Planeswalker — Ugin", "types": ["Planeswalker"], "uuid": "2154afed-2238-5b9b-b277-f3fb8dd39ba0"}, {"artist": "Kieran Yanner", "availability": ["mtgo", "paper"], "borderColor": "borderless", "colorIdentity": ["W"], "colors": ["W"], "convertedManaCost": 3.0, "edhrecRank": 4621, "finishes": ["foil"], "foreignData": [], "frameVersion": "2015", "hasFoil": true, "hasNonFoil": false, "identifiers": {"cardKingdomFoilId": "224816", "cardsphereId": "59716", "mcmId": "372918", "mtgjsonV4Id": "fbc497cb-2532-5e95-be76-c154b5d779c5", "mtgoId": "72202", "multiverseId": "463943", "scryfallId": "071421ba-b54a-4510-9065-ace62368d3cb", "scryfallIllustrationId": "239f90b8-f44b-4b28-96cd-dc0a538b2aa7", "scryfallOracleId": "813c19f5-3580-488d-9eee-c7a563def532", "tcgplayerProductId": "188901"}, "isReprint": true, "isStarter": true, "language": "English", "layout": "normal", "leadershipSkills": {"brawl": false, "commander": false, "oathbreaker": true}, "legalities": {"commander": "Legal", "duel": "Legal", "explorer": "Legal", "gladiator": "Legal", "historic": "Legal", "historicbrawl": "Legal", "legacy": "Legal", "modern": "Legal", "pioneer": "Legal", "vintage": "Legal"}, "loyalty": "4", "manaCost": "{1}{W}{W}", "manaValue": 3.0, "name": "Gideon Blackblade", "number": "WS2", "originalReleaseDate": "2019-05-03", "originalText": "As long as it's your turn, Gideon Blackblade is a 4/4 Human Soldier creature with indestructible that's still a planeswalker.\nPrevent all damage that would be dealt to Gideon Blackblade during your turn.\n+1: Up to one other target creature you control gains your choice of vigilance, lifelink, or indestructible until end of turn.\n−6: Exile target nonland permanent.", "originalType": "Legendary Planeswalker — Gideon", "printings": ["MED", "PRM", "PWAR", "SLD", "WAR"], "purchaseUrls": {"cardKingdomFoil": "https://mtgjson.com/links/6c6369815c385ae0", "tcgplayer": "https://mtgjson.com/links/99aa636ac5e92d89"}, "rarity": "mythic", "rulings": [{"date": "2019-05-03", "text": "If an effect causes Gideon to lose all abilities during your turn, he’s still a Human Soldier creature and a Gideon planeswalker."}, {"date": "2019-05-03", "text": "If an Equipment becomes attached to Gideon while he’s a creature, it’ll become unattached during the next upkeep that isn’t yours. The same is true of any Auras that become attached to Gideon that can’t enchant a noncreature planeswalker."}, {"date": "2019-05-03", "text": "Any counters that are put on Gideon remain on him while he’s not a creature, even if they have no effect on a noncreature planeswalker."}, {"date": "2019-05-03", "text": "If damage that can’t be prevented is dealt to Gideon during your turn, that damage will have all applicable results: specifically, the damage is marked on Gideon (since he’s a creature) and that damage causes that many loyalty counters to be removed from him (since he’s a planeswalker). Even though he has indestructible, if Gideon has no loyalty counters on him, he’s put into his owner’s graveyard."}, {"date": "2019-05-03", "text": "You choose which ability the target creature gains as Gideon’s first loyalty ability resolves, not as you activate it."}], "securityStamp": "oval", "setCode": "MED", "subtypes": ["Gideon"], "supertypes": ["Legendary"], "text": "As long as it's your turn, Gideon Blackblade is a 4/4 Human Soldier creature with indestructible that's still a planeswalker.\nPrevent all damage that would be dealt to Gideon Blackblade during your turn.\n[+1]: Up to one other target creature you control gains your choice of vigilance, lifelink, or indestructible until end of turn.\n[−6]: Exile target nonland permanent.", "type": "Legendary Planeswalker — Gideon", "types": ["Planeswalker"], "uuid": "d4bad60b-1918-5272-aba2-7cc13ae92c4a"}, {"artist": "Kieran Yanner", "availability": ["mtgo", "paper"], "borderColor": "borderless", "colorIdentity": ["B"], "colors": ["B"], "convertedManaCost": 3.0, "edhrecRank": 4629, "finishes": ["foil"], "foreignData": [], "frameVersion": "2015", "hasFoil": true, "hasNonFoil": false, "identifiers": {"cardKingdomFoilId": "222288", "cardsphereId": "57440", "mcmId": "363614", "mtgjsonV4Id": "7cf98f86-f958-51ca-9f6f-c6d7b73c8cd7", "mtgoId": "69975", "multiverseId": "456590", "scryfallId": "7ffc77bf-21e7-4e1e-a635-d6b61213b3e1", "scryfallIllustrationId": "faafc389-5280-4586-a633-2e40e4aed9a9", "scryfallOracleId": "64a9a6b4-26b5-4d23-be86-85c54e9c4727", "tcgplayerProductId": "175244"}, "isReprint": true, "isStarter": true, "keywords": ["Mill"], "language": "English", "layout": "normal", "leadershipSkills": {"brawl": false, "commander": false, "oathbreaker": true}, "legalities": {"commander": "Legal", "duel": "Legal", "legacy": "Legal", "modern": "Legal", "pioneer": "Legal", "vintage": "Legal"}, "loyalty": "3", "manaCost": "{1}{B}{B}", "manaValue": 3.0, "name": "Liliana, the Last Hope", "number": "GR2", "originalText": "+1: Up to one target creature gets -2/-1 until your next turn.\n−2: Put the top two cards of your library into your graveyard, then you may return a creature card from your graveyard to your hand.\n−7: You get an emblem with \"At the beginning of your end step, create X 2/2 black Zombie creature tokens, where X is two plus the number of Zombies you control.\"", "originalType": "Legendary Planeswalker — Liliana", "printings": ["2X2", "EMN", "MED", "PEMN", "PLIST", "PS16"], "purchaseUrls": {"cardKingdomFoil": "https://mtgjson.com/links/8d5d90646a4262f2", "tcgplayer": "https://mtgjson.com/links/1801067ed581a4fa"}, "rarity": "mythic", "rulings": [{"date": "2016-07-13", "text": "You can activate Liliana’s first ability without any targets just to add a loyalty counter to her."}, {"date": "2016-07-13", "text": "Liliana’s second ability doesn’t target the card to return to your hand. After putting the top two cards of your library into your graveyard, you may choose from among any creature cards there."}, {"date": "2016-07-13", "text": "While resolving the triggered ability of Liliana’s emblem, if you control zero Zombies, you’ll get two Zombie tokens."}], "securityStamp": "oval", "setCode": "MED", "subtypes": ["Liliana"], "supertypes": ["Legendary"], "text": "[+1]: Up to one target creature gets -2/-1 until your next turn.\n[−2]: Mill two cards, then you may return a creature card from your graveyard to your hand.\n[−7]: You get an emblem with \"At the beginning of your end step, create X 2/2 black Zombie creature tokens, where X is two plus the number of Zombies you control.\"", "type": "Legendary Planeswalker — Liliana", "types": ["Planeswalker"], "uuid": "8d7f6e1a-a5c0-52aa-bdb0-f20261b5eee1"}, {"artist": "Lius Lasahido", "availability": ["mtgo", "paper"], "borderColor": "borderless", "colorIdentity": ["U"], "colors": ["U"], "convertedManaCost": 5.0, "edhrecRank": 3475, "finishes": ["foil"], "foreignData": [], "frameVersion": "2015", "hasFoil": true, "hasNonFoil": false, "identifiers": {"cardKingdomFoilId": "223707", "cardsphereId": "58875", "mcmId": "368643", "mtgjsonV4Id": "05e0a454-c22b-5b71-a923-8ea86c2a063e", "mtgoId": "71564", "multiverseId": "460123", "scryfallId": "0d237175-0bda-44df-af32-ca963d0a0520", "scryfallIllustrationId": "17a12dcd-8700-41fc-83e8-fa0a5c96c4cb", "scryfallOracleId": "f88be051-36ae-407e-bd5a-2b029c26414e", "tcgplayerProductId": "183444"}, "isReprint": true, "isStarter": true, "language": "English", "layout": "normal", "leadershipSkills": {"brawl": false, "commander": false, "oathbreaker": true}, "legalities": {"commander": "Legal", "duel": "Legal", "legacy": "Legal", "modern": "Legal", "vintage": "Legal"}, "loyalty": "4", "manaCost": "{3}{U}{U}", "manaValue": 5.0, "name": "Tamiyo, the Moon Sage", "number": "RA2", "originalReleaseDate": "2019-01-25", "originalText": "+1: Tap target permanent. It doesn't untap during its controller's next untap step.\n−2: Draw a card for each tapped creature target player controls.\n−8: You get an emblem with \"You have no maximum hand size\" and \"Whenever a card is put into your graveyard from anywhere, you may return it to your hand.\"", "originalType": "Legendary Planeswalker — Tamiyo", "printings": ["AVR", "MED", "SLD"], "purchaseUrls": {"cardKingdomFoil": "https://mtgjson.com/links/bfbe7bc3ec7bca8c", "tcgplayer": "https://mtgjson.com/links/f38f4095330e3044"}, "rarity": "mythic", "rulings": [{"date": "2012-05-01", "text": "Tamiyo’s first ability tracks the permanent, but not its controller. If the permanent changes controllers before its first controller’s next untap step has come around, then it won’t untap during its new controller’s next untap step."}, {"date": "2012-05-01", "text": "The number of tapped creatures the player controls is determined when Tamiyo’s second ability resolves."}, {"date": "2012-05-01", "text": "Tamiyo’s third ability creates one emblem with two abilities."}, {"date": "2012-05-01", "text": "If you activate Tamiyo’s third ability when she has eight loyalty counters on her, she’ll be put into your graveyard before the emblem is created. She won’t return to your hand."}, {"date": "2012-05-01", "text": "Cards that are put into your graveyard can be returned to your hand by the emblem’s ability even if they were never in your hand."}, {"date": "2013-07-01", "text": "The ability can target a tapped permanent. If the targeted permanent is already tapped when it resolves, that permanent just remains tapped and doesn’t untap during its controller’s next untap step."}], "securityStamp": "oval", "setCode": "MED", "subtypes": ["Tamiyo"], "supertypes": ["Legendary"], "text": "[+1]: Tap target permanent. It doesn't untap during its controller's next untap step.\n[−2]: Draw a card for each tapped creature target player controls.\n[−8]: You get an emblem with \"You have no maximum hand size\" and \"Whenever a card is put into your graveyard from anywhere, you may return it to your hand.\"", "type": "Legendary Planeswalker — Tamiyo", "types": ["Planeswalker"], "uuid": "36ba29c1-a992-524c-aafc-3a0f0e50ff40"}, {"artist": "Svetlin Velinov", "availability": ["mtgo", "paper"], "borderColor": "borderless", "colorIdentity": ["B", "R"], "colors": ["B", "R"], "convertedManaCost": 3.0, "edhrecRank": 5731, "finishes": ["foil"], "foreignData": [], "frameVersion": "2015", "hasFoil": true, "hasNonFoil": false, "identifiers": {"cardKingdomFoilId": "222285", "cardsphereId": "57438", "mcmId": "363615", "mtgjsonV4Id": "79cfbb59-92bb-5a99-a5f2-650baac49928", "mtgoId": "69969", "multiverseId": "456591", "scryfallId": "260ecd56-a86f-49e7-81e0-919231aa9945", "scryfallIllustrationId": "538838d6-0268-41c7-a50d-8a862c7a53f7", "scryfallOracleId": "add0f7e7-8990-4fd1-8ac7-8115f7802912", "tcgplayerProductId": "175245"}, "isReprint": true, "isStarter": true, "language": "English", "layout": "normal", "leadershipSkills": {"brawl": false, "commander": false, "oathbreaker": true}, "legalities": {"commander": "Legal", "duel": "Legal", "legacy": "Legal", "vintage": "Legal"}, "loyalty": "3", "manaCost": "{1}{B}{R}", "manaValue": 3.0, "name": "Daretti, Ingenious Iconoclast", "number": "GR3", "originalText": "+1: Create a 1/1 colorless Construct artifact creature token with defender.\n−1: You may sacrifice an artifact. If you do, destroy target artifact or creature.\n−6: Choose target artifact card in a graveyard or artifact on the battlefield. Create three tokens that are copies of it.", "originalType": "Legendary Planeswalker — Daretti", "printings": ["CN2", "MED", "PZ2"], "purchaseUrls": {"cardKingdomFoil": "https://mtgjson.com/links/8e6c26e9c5d9d10e", "tcgplayer": "https://mtgjson.com/links/781e1a87bdce67ee"}, "rarity": "mythic", "rulings": [{"date": "2016-08-23", "text": "For the second ability, you choose the target artifact or creature as you activate the ability. You choose whether to sacrifice an artifact and which artifact to sacrifice as the ability resolves."}, {"date": "2016-08-23", "text": "For the last ability, if you choose an artifact on the battlefield as the target, and that artifact is no longer on the battlefield as the ability tries to resolve, the ability won’t resolve and none of its effects will happen. You won’t get any tokens. This is true even if the card that represented that artifact is now in a graveyard. That card will be a different object than it was on the battlefield."}], "securityStamp": "oval", "setCode": "MED", "subtypes": ["Daretti"], "supertypes": ["Legendary"], "text": "[+1]: Create a 1/1 colorless Construct artifact creature token with defender.\n[−1]: You may sacrifice an artifact. If you do, destroy target artifact or creature.\n[−6]: Choose target artifact card in a graveyard or artifact on the battlefield. Create three tokens that are copies of it.", "type": "Legendary Planeswalker — Daretti", "types": ["Planeswalker"], "uuid": "af5ca698-bb5d-53e5-a99b-40856debf94f"}, {"artist": "Chris Rallis", "availability": ["mtgo", "paper"], "borderColor": "borderless", "colorIdentity": ["U"], "colors": ["U"], "convertedManaCost": 4.0, "edhrecRank": 1746, "finishes": ["foil"], "foreignData": [], "frameVersion": "2015", "hasFoil": true, "hasNonFoil": false, "identifiers": {"cardKingdomFoilId": "224817", "cardsphereId": "59717", "mcmId": "372920", "mtgjsonV4Id": "d445b5fe-cb89-50ea-98fe-b8600ea96877", "mtgoId": "72194", "multiverseId": "463944", "scryfallId": "a5d1f66f-75b5-4a9b-8b98-f237f065de9c", "scryfallIllustrationId": "d058819e-a796-48a6-9802-8b6d975dcf06", "scryfallOracleId": "7f77a84e-5a4b-4834-aefa-3cecc175ae8e", "tcgplayerProductId": "188896"}, "isReprint": true, "isStarter": true, "language": "English", "layout": "normal", "leadershipSkills": {"brawl": false, "commander": false, "oathbreaker": true}, "legalities": {"commander": "Legal", "duel": "Legal", "legacy": "Legal", "modern": "Legal", "vintage": "Legal"}, "loyalty": "3", "manaCost": "{2}{U}{U}", "manaValue": 4.0, "name": "Jace, the Mind Sculptor", "number": "WS3", "originalReleaseDate": "2019-05-03", "originalText": "+2: Look at the top card of target player's library. You may put that card on the bottom of that player's library.\n0: Draw three cards, then put two cards from your hand on top of your library in any order.\n−1: Return target creature to its owner's hand.\n−12: Exile all cards from target player's library, then that player shuffles their hand into their library.", "originalType": "Legendary Planeswalker — Jace", "printings": ["2XM", "A25", "EMA", "MED", "PRM", "V13", "VMA", "WWK"], "purchaseUrls": {"cardKingdomFoil": "https://mtgjson.com/links/ff4fdeac9d6b71fe", "tcgplayer": "https://mtgjson.com/links/4a035972e41ac23f"}, "rarity": "mythic", "rulings": [{"date": "2020-08-07", "text": "You draw three cards and put two cards back all while Jace's second ability is resolving. Nothing can happen between the two, and no player may choose to take actions."}, {"date": "2020-08-07", "text": "If the target player for Jace's last ability has no cards in hand, that player shuffles nothing into their library, and that player's library will remain empty. That player won't lose the game until they try to draw from the empty library."}], "securityStamp": "oval", "setCode": "MED", "subtypes": ["Jace"], "supertypes": ["Legendary"], "text": "[+2]: Look at the top card of target player's library. You may put that card on the bottom of that player's library.\n[0]: Draw three cards, then put two cards from your hand on top of your library in any order.\n[−1]: Return target creature to its owner's hand.\n[−12]: Exile all cards from target player's library, then that player shuffles their hand into their library.", "type": "Legendary Planeswalker — Jace", "types": ["Planeswalker"], "uuid": "3315c2be-3ebc-54fd-b146-ae762ad83df7"}, {"artist": "Kieran Yanner", "availability": ["mtgo", "paper"], "borderColor": "borderless", "colorIdentity": ["B"], "colors": ["B"], "convertedManaCost": 6.0, "edhrecRank": 2134, "finishes": ["foil"], "foreignData": [], "frameVersion": "2015", "hasFoil": true, "hasNonFoil": false, "identifiers": {"cardKingdomFoilId": "223706", "cardsphereId": "58874", "mcmId": "368644", "mtgjsonV4Id": "ff9c6b57-a274-5d42-982f-ead9ce4fcc15", "mtgoId": "71560", "multiverseId": "460124", "scryfallId": "ab6ccbe1-937e-405b-afd5-333abfd5c6a5", "scryfallIllustrationId": "621dd825-fc8c-42c3-8971-c10eb480ef47", "scryfallOracleId": "c151e8b7-4b28-4f03-8a81-9bf623f893d7", "tcgplayerProductId": "183445"}, "isReprint": true, "isStarter": true, "language": "English", "layout": "normal", "leadershipSkills": {"brawl": false, "commander": false, "oathbreaker": true}, "legalities": {"commander": "Legal", "duel": "Legal", "legacy": "Legal", "modern": "Legal", "penny": "Legal", "vintage": "Legal"}, "loyalty": "4", "manaCost": "{3}{B}{B}{B}", "manaValue": 6.0, "name": "Sorin Markov", "number": "RA3", "originalReleaseDate": "2019-01-25", "originalText": "+2: Sorin Markov deals 2 damage to any target and you gain 2 life.\n−3: Target opponent's life total becomes 10.\n−7: You control target player during that player's next turn.", "originalType": "Legendary Planeswalker — Sorin", "printings": ["M12", "MB1", "MED", "PLIST", "ZEN"], "purchaseUrls": {"cardKingdomFoil": "https://mtgjson.com/links/0ad44eead586ea53", "tcgplayer": "https://mtgjson.com/links/31bf6799b5219077"}, "rarity": "mythic", "rulings": [{"date": "2009-10-01", "text": "The player who is being controlled is still the active player."}, {"date": "2009-10-01", "text": "While controlling another player, you also continue to make your own choices and decisions."}, {"date": "2009-10-01", "text": "While controlling another player, you make all choices and decisions that player is allowed to make or is told to make during that turn. For example: -- You choose which lands the other player plays. -- You choose which spells the other player casts, and make all decisions as those spells are cast and as they resolve. For example, you choose the value of X for that player's Earthquake, the target for that player's Lightning Bolt, what mana that player spends to cast Day of Judgment, and what card that player gets with Diabolic Tutor. -- You choose which activated abilities the other player activates, and make all decisions as those abilities are activated and as they resolve. For example, you can have your opponent sacrifice their creatures to their Vampire Aristocrat or have your opponent's Caller of Gales give one of your creatures flying. -- You make all decisions for the other player's triggered abilities, including what they target and any decisions made when they resolve. -- You choose which creatures controlled by the other player attack, who or what they attack, and how they assign their combat damage. -- You make any choices and decisions that player would make for any other reason. For example, you could cast Fact or Fiction, choose that player to divide the revealed cards into piles, and thus divide those cards into piles yourself."}, {"date": "2009-10-01", "text": "You can’t make the affected player concede. That player may choose to concede at any time, even while you’re controlling their turn."}, {"date": "2009-10-01", "text": "You can’t make any illegal decisions or illegal choices — you can’t do anything that player couldn’t do. You can’t make choices or decisions for that player that aren’t called for by the game rules or by any cards, permanents, spells, abilities, and so on. If an effect causes another player to make decisions that the affected player would normally make (such as Master Warcraft does), that effect takes precedence. (In other words, if the affected player wouldn’t make a decision, you wouldn’t make that decision on their behalf.) You also can’t make any choices or decisions for the player that would be called for by the tournament rules (such as whether to take an intentional draw or whether to call a judge)."}, {"date": "2009-10-01", "text": "If the targeted permanent or player is an illegal target by the time Sorin’s first ability resolves, the entire ability doesn’t resolve. You won’t gain life."}, {"date": "2009-10-01", "text": "You only control the player. You don’t control any of the other player’s permanents, spells, or abilities."}, {"date": "2009-10-01", "text": "If the player affected by Sorin’s third ability skips their next turn, the ability will wait. You’ll control the next turn the affected player actually takes."}, {"date": "2009-10-01", "text": "Multiple player-controlling effects that affect the same player overwrite each other. The last one to be created is the one that works."}, {"date": "2009-10-01", "text": "You could gain control of yourself using Sorin’s third ability, but unless you do so to overwrite someone else’s player-controlling effect, this doesn’t do anything."}, {"date": "2009-10-01", "text": "You can use only the affected player’s resources (cards, mana, and so on) to pay costs for that player; you can’t use your own. Similarly, you can use the affected player’s resources only to pay that player’s costs; you can’t spend them on your costs."}, {"date": "2009-10-01", "text": "For a player’s life total to become 10, what actually happens is that the player gains or loses the appropriate amount of life. For example, if the targeted opponent’s life total is 4 when this ability resolves, it will cause that player to gain 6 life; alternately, if the targeted player’s life total is 17 when this ability resolves, it will cause that player to lose 7 life. Other cards that interact with life gain or life loss will interact with this effect accordingly."}, {"date": "2009-10-01", "text": "Sorin’s third ability allows you to control another player. This effect applies to the next turn that the affected player actually takes."}, {"date": "2010-06-15", "text": "In a Two-Headed Giant game, Sorin’s second ability causes the targeted opponent’s team’s life total to become 10. Only the targeted player is actually considered to have actually gained or lost life."}, {"date": "2016-07-13", "text": "While controlling another player, you can see all cards in the game that player can see. This includes cards in that player’s hand, face-down cards that player controls, and any cards in that player’s library the player may look at."}, {"date": "2016-07-13", "text": "Controlling a player doesn’t allow you to look at that player’s sideboard. If an effect instructs that player to choose a card from outside the game, you can’t have that player choose any card."}], "securityStamp": "oval", "setCode": "MED", "subtypes": ["Sorin"], "supertypes": ["Legendary"], "text": "[+2]: Sorin Markov deals 2 damage to any target and you gain 2 life.\n[−3]: Target opponent's life total becomes 10.\n[−7]: You control target player during that player's next turn.", "type": "Legendary Planeswalker — Sorin", "types": ["Planeswalker"], "uuid": "aec8de3b-831a-5f8e-a908-486d17c4521a"}, {"artist": "Kieran Yanner", "availability": ["mtgo", "paper"], "borderColor": "borderless", "colorIdentity": ["R"], "colors": ["R"], "convertedManaCost": 5.0, "edhrecRank": 3378, "finishes": ["foil"], "foreignData": [], "frameVersion": "2015", "hasFoil": true, "hasNonFoil": false, "identifiers": {"cardKingdomFoilId": "223703", "cardsphereId": "58870", "mcmId": "368645", "mtgjsonV4Id": "f51e7a80-8c86-56b9-84ab-f2ac2fc8ec25", "mtgoId": "71570", "multiverseId": "460125", "scryfallId": "f4da5284-52a4-4999-9e95-9495cee5cade", "scryfallIllustrationId": "59533a02-be83-4f1f-ad9e-b4c19e7252a8", "scryfallOracleId": "a56c5ca5-70eb-4d5f-8116-2acbe5f5a3cb", "tcgplayerProductId": "183446"}, "isReprint": true, "isStarter": true, "language": "English", "layout": "normal", "leadershipSkills": {"brawl": false, "commander": false, "oathbreaker": true}, "legalities": {"commander": "Legal", "duel": "Legal", "explorer": "Legal", "gladiator": "Legal", "historic": "Legal", "historicbrawl": "Legal", "legacy": "Legal", "modern": "Legal", "penny": "Legal", "pioneer": "Legal", "vintage": "Legal"}, "loyalty": "5", "manaCost": "{2}{R}{R}{R}", "manaValue": 5.0, "name": "Jaya Ballard", "number": "RA4", "originalReleaseDate": "2019-01-25", "originalText": "+1: Add {R}{R}{R}. Spend this mana only to cast instant or sorcery spells.\n+1: Discard up to three cards, then draw that many cards.\n−8: You get an emblem with \"You may cast instant and sorcery cards from your graveyard. If a card cast this way would be put into your graveyard, exile it instead.\"", "originalType": "Legendary Planeswalker — Jaya", "printings": ["C21", "DOM", "MED", "PDOM", "SLD"], "purchaseUrls": {"cardKingdomFoil": "https://mtgjson.com/links/e9eb75b115e21d59", "tcgplayer": "https://mtgjson.com/links/208acf697e7ee92a"}, "rarity": "mythic", "rulings": [{"date": "2018-04-27", "text": "Mana produced by Jaya’s first ability can be spent among any number of instant and/or sorcery spells."}, {"date": "2018-04-27", "text": "You choose how many cards to discard while Jaya’s second ability is resolving. You can choose to discard zero cards this way (and then draw zero cards) if you wish."}, {"date": "2018-04-27", "text": "Jaya’s emblem doesn’t grant you permission to do anything with instant and sorcery cards in your graveyard except cast them. For example, you can’t cycle instant or sorcery cards with cycling from your graveyard."}, {"date": "2018-06-08", "text": "Because it’s a loyalty ability, Jaya’s first ability isn’t a mana ability. It can be activated only any time you could cast a sorcery. It uses the stack and can be responded to."}], "securityStamp": "oval", "setCode": "MED", "subtypes": ["Jaya"], "supertypes": ["Legendary"], "text": "[+1]: Add {R}{R}{R}. Spend this mana only to cast instant or sorcery spells.\n[+1]: Discard up to three cards, then draw that many cards.\n[−8]: You get an emblem with \"You may cast instant and sorcery spells from your graveyard. If a spell cast this way would be put into your graveyard, exile it instead.\"", "type": "Legendary Planeswalker — Jaya", "types": ["Planeswalker"], "uuid": "44fe6324-8496-5079-a819-a801fc1e48b5"}, {"artist": "Slawomir Maniak", "availability": ["mtgo", "paper"], "borderColor": "borderless", "colorIdentity": ["B", "R", "U"], "colors": ["B", "R", "U"], "convertedManaCost": 8.0, "edhrecRank": 3566, "finishes": ["foil"], "foreignData": [], "frameVersion": "2015", "hasFoil": true, "hasNonFoil": false, "identifiers": {"cardKingdomFoilId": "222286", "cardsphereId": "57441", "mcmId": "363617", "mtgjsonV4Id": "34f893b0-d066-59d7-b430-d8d83ac8c03d", "mtgoId": "69967", "multiverseId": "456592", "scryfallId": "605a6165-bf78-486b-b186-6a55e0ffe28f", "scryfallIllustrationId": "73456446-df09-4325-b90c-93d7b5723420", "scryfallOracleId": "05e9b55e-6329-48ec-b7d7-24c6b9692244", "tcgplayerProductId": "175247"}, "isReprint": true, "isStarter": true, "language": "English", "layout": "normal", "leadershipSkills": {"brawl": false, "commander": false, "oathbreaker": true}, "legalities": {"commander": "Legal", "duel": "Legal", "legacy": "Legal", "modern": "Legal", "penny": "Legal", "vintage": "Legal"}, "loyalty": "5", "manaCost": "{4}{U}{B}{B}{R}", "manaValue": 8.0, "name": "Nicol Bolas, Planeswalker", "number": "GR4", "originalText": "+3: Destroy target noncreature permanent.\n−2: Gain control of target creature.\n−9: Nicol Bolas, Planeswalker deals 7 damage to target player or planeswalker. That player or that planeswalker's controller discards seven cards, then sacrifices seven permanents.", "originalType": "Legendary Planeswalker — Bolas", "printings": ["CON", "DDH", "E01", "M13", "MED", "PRM"], "purchaseUrls": {"cardKingdomFoil": "https://mtgjson.com/links/a360e7a90ae7cecf", "tcgplayer": "https://mtgjson.com/links/281639f927784307"}, "rarity": "mythic", "rulings": [{"date": "2009-02-01", "text": "The control-change effect has no duration. It will last until the game ends or the affected creature leaves the battlefield. It may be superseded by a later control-change effect."}, {"date": "2012-07-01", "text": "If the damage from Nicol Bolas’s third ability is prevented or redirected, the rest of the effect will still happen. Specifically, the number of cards discarded and permanents sacrificed isn’t tied to the amount of damage dealt."}, {"date": "2012-07-01", "text": "For the third ability, if the player is an illegal target when the ability tries to resolve, the ability doesn’t resolve and none of its effects will happen. No damage will be dealt, no cards will be discarded, and no permanents will be sacrificed."}], "securityStamp": "oval", "setCode": "MED", "subtypes": ["Bolas"], "supertypes": ["Legendary"], "text": "[+3]: Destroy target noncreature permanent.\n[−2]: Gain control of target creature.\n[−9]: Nicol Bolas, Planeswalker deals 7 damage to target player or planeswalker. That player or that planeswalker's controller discards seven cards, then sacrifices seven permanents.", "type": "Legendary Planeswalker — Bolas", "types": ["Planeswalker"], "uuid": "20439165-9776-53ab-b1b4-429bdcb75ed7"}, {"artist": "Victor Adame Minguez", "availability": ["mtgo", "paper"], "borderColor": "borderless", "colorIdentity": ["U"], "colors": ["U"], "convertedManaCost": 5.0, "edhrecRank": 1208, "finishes": ["foil"], "foreignData": [], "frameVersion": "2015", "hasFoil": true, "hasNonFoil": false, "identifiers": {"cardKingdomFoilId": "224818", "cardsphereId": "59721", "mcmId": "372917", "mtgjsonV4Id": "2d76f7ee-3cb5-52de-aa81-642cf5827c0d", "mtgoId": "72206", "multiverseId": "463945", "scryfallId": "bfacd218-8854-436b-94df-e56256eeae64", "scryfallIllustrationId": "87169290-9929-4241-bc92-7130cf2a3e1d", "scryfallOracleId": "4aeafdf3-7828-4114-8c74-3bd46357caec", "tcgplayerProductId": "188902"}, "isReprint": true, "isStarter": true, "language": "English", "layout": "normal", "leadershipSkills": {"brawl": false, "commander": false, "oathbreaker": true}, "legalities": {"commander": "Legal", "duel": "Legal", "legacy": "Legal", "modern": "Legal", "vintage": "Legal"}, "loyalty": "4", "manaCost": "{3}{U}{U}", "manaValue": 5.0, "name": "Tezzeret the Seeker", "number": "WS4", "originalReleaseDate": "2019-05-03", "originalText": "+1: Untap up to two target artifacts.\n−X: Search your library for an artifact card with converted mana cost X or less and put it onto the battlefield. Then shuffle your library.\n−5: Artifacts you control become artifact creatures with base power and toughness 5/5 until end of turn.", "originalType": "Legendary Planeswalker — Tezzeret", "printings": ["ALA", "DDF", "MED", "MM2"], "purchaseUrls": {"cardKingdomFoil": "https://mtgjson.com/links/d15d767dcd5f3e7c", "tcgplayer": "https://mtgjson.com/links/5b2d1f96bbf58656"}, "rarity": "mythic", "rulings": [{"date": "2008-10-01", "text": "The first ability can target zero, one, or two artifacts. You may activate it with no targets just to put a loyalty counter on Tezzeret."}, {"date": "2008-10-01", "text": "For the second ability, you choose the value of X when you activate it. You don’t look through your library until the ability resolves. (In other words, you can’t look through your library, decide what artifact card you want, and then determine what X is.) You can’t choose an X that’s greater than the number of loyalty counters on Tezzeret."}, {"date": "2008-10-01", "text": "The third ability affects all artifacts you control, including artifacts that are already creatures."}, {"date": "2008-10-01", "text": "The third ability causes artifacts you control to become creatures in addition to their other card types."}, {"date": "2009-10-01", "text": "A noncreature permanent that turns into a creature is subject to the “summoning sickness” rule: It can only attack, and its {T} abilities can only be activated, if its controller has continuously controlled that permanent since the beginning of their most recent turn."}, {"date": "2009-10-01", "text": "The effect from the ability overwrites other effects that set power and/or toughness if and only if those effects existed before the ability resolved. It will not overwrite effects that modify power or toughness (whether from a static ability, counters, or a resolved spell or ability), nor will it overwrite effects that set power and toughness which come into existence after the ability resolves. Effects that switch the creature’s power and toughness are always applied after any other power or toughness changing effects, including this one, regardless of the order in which they are created."}], "securityStamp": "oval", "setCode": "MED", "subtypes": ["Tezzeret"], "supertypes": ["Legendary"], "text": "[+1]: Untap up to two target artifacts.\n[−X]: Search your library for an artifact card with mana value X or less, put it onto the battlefield, then shuffle.\n[−5]: Artifacts you control become artifact creatures with base power and toughness 5/5 until end of turn.", "type": "Legendary Planeswalker — Tezzeret", "types": ["Planeswalker"], "uuid": "82400545-32cc-5108-9add-f870cc1221ef"}, {"artist": "Bram Sels", "availability": ["mtgo", "paper"], "borderColor": "borderless", "colorIdentity": ["G", "W"], "colors": ["G", "W"], "convertedManaCost": 5.0, "edhrecRank": 4945, "finishes": ["foil"], "foreignData": [], "frameVersion": "2015", "hasFoil": true, "hasNonFoil": false, "identifiers": {"cardKingdomFoilId": "223700", "cardsphereId": "58867", "mcmId": "368646", "mtgjsonV4Id": "401008ae-1587-5da9-abd4-210e97992163", "mtgoId": "71562", "multiverseId": "460126", "scryfallId": "596f6812-2cee-4f0b-b1e5-ddf1f57c3f95", "scryfallIllustrationId": "9220eb14-5c8c-453d-b491-f33d31d71e65", "scryfallOracleId": "a612bd38-069f-4bdc-9aa6-c172435e3841", "tcgplayerProductId": "183447"}, "isReprint": true, "isStarter": true, "language": "English", "layout": "normal", "leadershipSkills": {"brawl": false, "commander": false, "oathbreaker": true}, "legalities": {"commander": "Legal", "duel": "Legal", "legacy": "Legal", "modern": "Legal", "pioneer": "Legal", "vintage": "Legal"}, "loyalty": "4", "manaCost": "{3}{G}{W}", "manaValue": 5.0, "name": "Ajani, Mentor of Heroes", "number": "RA5", "originalReleaseDate": "2019-01-25", "originalText": "+1: Distribute three +1/+1 counters among one, two, or three target creatures you control.\n+1: Look at the top four cards of your library. You may reveal an Aura, creature, or planeswalker card from among them and put it into your hand. Put the rest on the bottom of your library in any order.\n−8: You gain 100 life.", "originalType": "Legendary Planeswalker — Ajani", "printings": ["JOU", "MED", "SLD"], "purchaseUrls": {"cardKingdomFoil": "https://mtgjson.com/links/6a9147ce319b7d67", "tcgplayer": "https://mtgjson.com/links/6f09eb3b34426393"}, "rarity": "mythic", "rulings": [{"date": "2014-04-26", "text": "You announce how many counters will be placed on each target creature as you activate Ajani's first ability. Each target must receive at least one counter."}, {"date": "2014-04-26", "text": "If one or more, but not all, of the targets of the first ability are illegal when that ability tries to resolve, no counters will be placed on illegal targets. You can't change the distribution you announced when you activated the ability; the excess counters are just lost."}], "securityStamp": "oval", "setCode": "MED", "subtypes": ["Ajani"], "supertypes": ["Legendary"], "text": "[+1]: Distribute three +1/+1 counters among one, two, or three target creatures you control.\n[+1]: Look at the top four cards of your library. You may reveal an Aura, creature, or planeswalker card from among them and put it into your hand. Put the rest on the bottom of your library in any order.\n[−8]: You gain 100 life.", "type": "Legendary Planeswalker — Ajani", "types": ["Planeswalker"], "uuid": "894bd936-fe9e-5625-8b76-47ecc92496ec"}, {"artist": "Victor Adame Minguez", "availability": ["mtgo", "paper"], "borderColor": "borderless", "colorIdentity": ["B", "G"], "colors": ["B", "G"], "convertedManaCost": 7.0, "edhrecRank": 5055, "finishes": ["foil"], "foreignData": [], "frameVersion": "2015", "hasFoil": true, "hasNonFoil": false, "identifiers": {"cardKingdomFoilId": "224819", "cardsphereId": "59714", "mcmId": "372916", "mtgjsonV4Id": "550645b3-181c-5536-acdc-f2c2145476e7", "mtgoId": "72198", "multiverseId": "463946", "scryfallId": "543515aa-4b8c-437c-89aa-56dd57a4a6d5", "scryfallIllustrationId": "4ef53a0f-f259-45b6-b846-4e8539bc656a", "scryfallOracleId": "ef9a8bdc-3361-440d-89f6-0bf5ff7a09e8", "tcgplayerProductId": "188903"}, "isReprint": true, "isStarter": true, "language": "English", "layout": "normal", "leadershipSkills": {"brawl": false, "commander": false, "oathbreaker": true}, "legalities": {"commander": "Legal", "duel": "Legal", "legacy": "Legal", "modern": "Legal", "pioneer": "Legal", "vintage": "Legal"}, "loyalty": "5", "manaCost": "{5}{B}{G}", "manaValue": 7.0, "name": "Garruk, Apex Predator", "number": "WS5", "originalReleaseDate": "2019-05-03", "originalText": "+1: Destroy another target planeswalker.\n+1: Create a 3/3 black Beast creature token with deathtouch.\n−3: Destroy target creature. You gain life equal to its toughness.\n−8: Target opponent gets an emblem with \"Whenever a creature attacks you, it gets +5/+5 and gains trample until end of turn.\"", "originalType": "Legendary Planeswalker — Garruk", "printings": ["M15", "MED", "PS14"], "purchaseUrls": {"cardKingdomFoil": "https://mtgjson.com/links/a171cbcd51e45391", "tcgplayer": "https://mtgjson.com/links/c7fac46a02046a87"}, "rarity": "mythic", "rulings": [{"date": "2014-07-18", "text": "The first ability can target and destroy a Garruk planeswalker controlled by another player."}, {"date": "2014-07-18", "text": "If you activate the third ability, and the target creature is an illegal target when the ability tries to resolve, it won’t resolve and none of its effects will happen. You won’t gain any life."}, {"date": "2014-07-18", "text": "The emblem’s ability won’t trigger if a creature attacks a planeswalker."}, {"date": "2014-07-18", "text": "The emblem is owned and controlled by the target of the ability that created it. In a multiplayer game, if Garruk’s owner leaves the game, the emblem does not."}], "securityStamp": "oval", "setCode": "MED", "subtypes": ["Garruk"], "supertypes": ["Legendary"], "text": "[+1]: Destroy another target planeswalker.\n[+1]: Create a 3/3 black Beast creature token with deathtouch.\n[−3]: Destroy target creature. You gain life equal to its toughness.\n[−8]: Target opponent gets an emblem with \"Whenever a creature attacks you, it gets +5/+5 and gains trample until end of turn.\"", "type": "Legendary Planeswalker — Garruk", "types": ["Planeswalker"], "uuid": "111f533a-7ada-5f67-95a9-304326960e72"}, {"artist": "Daniel Ljunggren", "availability": ["mtgo", "paper"], "borderColor": "borderless", "colorIdentity": ["R", "U"], "colors": ["R", "U"], "convertedManaCost": 5.0, "edhrecRank": 7592, "finishes": ["foil"], "foreignData": [], "frameVersion": "2015", "hasFoil": true, "hasNonFoil": false, "identifiers": {"cardKingdomFoilId": "222284", "cardsphereId": "57442", "mcmId": "363616", "mtgjsonV4Id": "cad89e75-5d06-5171-a6dd-357a396b7e33", "mtgoId": "69973", "multiverseId": "456593", "scryfallId": "f3e5c13e-2e85-4618-a349-1f79dc918390", "scryfallIllustrationId": "a784411a-e36e-4a74-bba8-a63427e2a8e6", "scryfallOracleId": "f29f4c73-5e5c-4341-8582-2873fbe5c5a3", "tcgplayerProductId": "175246"}, "isReprint": true, "isStarter": true, "language": "English", "layout": "normal", "leadershipSkills": {"brawl": false, "commander": false, "oathbreaker": true}, "legalities": {"commander": "Legal", "duel": "Legal", "explorer": "Legal", "gladiator": "Legal", "historic": "Legal", "historicbrawl": "Legal", "legacy": "Legal", "modern": "Legal", "penny": "Legal", "pioneer": "Legal", "vintage": "Legal"}, "loyalty": "5", "manaCost": "{3}{U}{R}", "manaValue": 5.0, "name": "Ral, Izzet Viceroy", "number": "GR5", "originalText": "+1: Look at the top two cards of your library. Put one of them into your hand and the other into your graveyard.\n−3: Ral, Izzet Viceroy deals damage to target creature equal to the total number of instant and sorcery cards you own in exile and in your graveyard.\n−8: You get an emblem with \"Whenever you cast an instant or sorcery spell, this emblem deals 4 damage to any target and you draw two cards.\"", "originalType": "Legendary Planeswalker — Ral", "printings": ["GRN", "MED", "PANA"], "purchaseUrls": {"cardKingdomFoil": "https://mtgjson.com/links/4b5fc194dae195cc", "tcgplayer": "https://mtgjson.com/links/b83d567e0e4686f5"}, "rarity": "mythic", "rulings": [{"date": "2018-10-05", "text": "If you have only one card in your library, Ral’s first ability puts it into your hand. Nothing is put into your graveyard."}, {"date": "2018-10-05", "text": "If any exiled cards you own are face down, they have no characteristics. If they’re normally instants or sorceries, they won’t be counted for Ral’s second ability."}, {"date": "2018-10-05", "text": "The emblem created by Ral’s last ability is colorless. The damage it deals is from a colorless source."}, {"date": "2018-10-05", "text": "The triggered ability of Ral’s emblem resolves before the spell that caused it to trigger. It resolves even if that spell is countered."}, {"date": "2018-10-05", "text": "If the target permanent or player becomes an illegal target for the triggered ability of Ral’s emblem, the ability doesn’t resolve. You don’t draw two cards."}], "securityStamp": "oval", "setCode": "MED", "subtypes": ["Ral"], "supertypes": ["Legendary"], "text": "[+1]: Look at the top two cards of your library. Put one of them into your hand and the other into your graveyard.\n[−3]: Ral, Izzet Viceroy deals damage to target creature equal to the total number of instant and sorcery cards you own in exile and in your graveyard.\n[−8]: You get an emblem with \"Whenever you cast an instant or sorcery spell, this emblem deals 4 damage to any target and you draw two cards.\"", "type": "Legendary Planeswalker — Ral", "types": ["Planeswalker"], "uuid": "9d075b17-7a11-5a7e-bfab-368fa7a2241d"}, {"artist": "Jason Rainville", "availability": ["mtgo", "paper"], "borderColor": "borderless", "colorIdentity": ["R", "U"], "colors": ["R", "U"], "convertedManaCost": 3.0, "edhrecRank": 2980, "finishes": ["foil"], "foreignData": [], "frameVersion": "2015", "hasFoil": true, "hasNonFoil": false, "identifiers": {"cardKingdomFoilId": "223701", "cardsphereId": "58868", "mcmId": "368647", "mtgjsonV4Id": "b438d537-3675-5823-a4bc-a32bc6b40487", "mtgoId": "71568", "multiverseId": "460127", "scryfallId": "5335ad67-5145-48f5-b5af-19996c4d11c0", "scryfallIllustrationId": "eae58bf2-aa29-4fda-a3d2-4d987b4f0fd2", "scryfallOracleId": "9d4b1e44-3c66-4b1b-8a1d-308aa4f841f8", "tcgplayerProductId": "183448"}, "isReprint": true, "isStarter": true, "language": "English", "layout": "normal", "leadershipSkills": {"brawl": false, "commander": false, "oathbreaker": true}, "legalities": {"commander": "Legal", "duel": "Legal", "legacy": "Legal", "vintage": "Legal"}, "loyalty": "3", "manaCost": "{1}{U}{R}", "manaValue": 3.0, "name": "Dack Fayden", "number": "RA6", "originalReleaseDate": "2019-01-25", "originalText": "+1: Target player draws two cards, then discards two cards.\n−2: Gain control of target artifact.\n−6: You get an emblem with \"Whenever you cast a spell that targets one or more permanents, gain control of those permanents.\"", "originalType": "Legendary Planeswalker — Dack", "printings": ["CNS", "EMA", "MED", "PZ1", "SLD", "VMA"], "purchaseUrls": {"cardKingdomFoil": "https://mtgjson.com/links/b573fb96d32bdfc7", "tcgplayer": "https://mtgjson.com/links/c7c9f53b957462ad"}, "rarity": "mythic", "rulings": [{"date": "2016-06-08", "text": "The targeted player draws two cards and discards two cards all while Dack’s first ability is resolving. Nothing can happen between the two, and no player may choose to take actions."}, {"date": "2016-06-08", "text": "The ability of Dack’s emblem will resolve before the spell that caused it to trigger."}, {"date": "2016-06-08", "text": "The effect of Dack’s second ability and the effect of the emblem’s ability last indefinitely. You won’t lose control of the permanents if Dack leaves the battlefield."}, {"date": "2016-06-08", "text": "If you gain control of a permanent, and you leave the game, the control-changing effect will end. Unless there’s another control-changing effect affecting that permanent, it will return to its owner’s control."}, {"date": "2016-06-08", "text": "If you gain control of a permanent another player owns, and that player leaves the game, the permanent will also leave the game."}], "securityStamp": "oval", "setCode": "MED", "subtypes": ["Dack"], "supertypes": ["Legendary"], "text": "[+1]: Target player draws two cards, then discards two cards.\n[−2]: Gain control of target artifact.\n[−6]: You get an emblem with \"Whenever you cast a spell that targets one or more permanents, gain control of those permanents.\"", "type": "Legendary Planeswalker — Dack", "types": ["Planeswalker"], "uuid": "17ab371f-f824-53c6-bd56-d3c7b788ac2d"}, {"artist": "Matt Stewart", "availability": ["mtgo", "paper"], "borderColor": "borderless", "colorIdentity": ["B", "R", "U"], "colors": ["B", "R", "U"], "convertedManaCost": 5.0, "edhrecRank": 2469, "finishes": ["foil"], "foreignData": [], "frameVersion": "2015", "hasFoil": true, "hasNonFoil": false, "identifiers": {"cardKingdomFoilId": "224820", "cardsphereId": "59719", "mcmId": "372915", "mtgjsonV4Id": "a6ecd93c-556e-5d48-b8cf-1a9130bdc5a7", "mtgoId": "72208", "multiverseId": "463947", "scryfallId": "2c3d5102-c305-4461-8360-534aba0f5c02", "scryfallIllustrationId": "e17db772-3838-4bdc-a51e-533e6d06d155", "scryfallOracleId": "581eedc4-efe4-4ae4-baf2-88071e7e6f6d", "tcgplayerProductId": "188904"}, "isReprint": true, "isStarter": true, "language": "English", "layout": "normal", "leadershipSkills": {"brawl": false, "commander": false, "oathbreaker": true}, "legalities": {"commander": "Legal", "duel": "Legal", "explorer": "Legal", "gladiator": "Legal", "historic": "Legal", "historicbrawl": "Legal", "legacy": "Legal", "modern": "Legal", "pioneer": "Legal", "vintage": "Legal"}, "loyalty": "4", "manaCost": "{U}{B}{B}{B}{R}", "manaValue": 5.0, "name": "Nicol Bolas, Dragon-God", "number": "WS6", "originalReleaseDate": "2019-05-03", "originalText": "Nicol Bolas, Dragon-God has all loyalty abilities of all other planeswalkers on the battlefield.\n+1: You draw a card. Each opponent exiles a card from their hand or a permanent they control.\n−3: Destroy target creature or planeswalker.\n−8: Each opponent who doesn't control a legendary creature or planeswalker loses the game.", "originalType": "Legendary Planeswalker — Bolas", "printings": ["MED", "PRM", "PS19", "PWAR", "SLD", "WAR"], "purchaseUrls": {"cardKingdomFoil": "https://mtgjson.com/links/28a24195ab1aef75", "tcgplayer": "https://mtgjson.com/links/fcd051dbdeee4e39"}, "rarity": "mythic", "rulings": [{"date": "2019-05-03", "text": "Nicol Bolas doesn’t remove loyalty abilities from the other planeswalkers."}, {"date": "2019-05-03", "text": "Nicol Bolas doesn’t gain any static or triggered abilities of other planeswalkers or any activated abilities they may have that aren’t loyalty abilities."}, {"date": "2019-05-03", "text": "While Nicol Bolas may end up with an astonishing number of loyalty abilities, you can still activate only one loyalty ability of Nicol Bolas, Dragon-God each turn."}, {"date": "2019-05-03", "text": "If a loyalty ability of a planeswalker references the card it’s printed on by name, treat Nicol Bolas’s instance of that ability as though it referenced Nicol Bolas, Dragon-God by name instead. For instance, if Nahiri, Storm of Stone is on the battlefield, Nicol Bolas deals the damage if you activate the ability he gained from her."}, {"date": "2019-05-03", "text": "If an ability of a planeswalker exiles cards and another loyalty ability of that planeswalker references the exiled cards, those abilities are linked. If Nicol Bolas gains both abilities, the instances he has are similarly linked. Cards exiled by any other abilities Nicol Bolas has (such as his own first loyalty ability) won’t be seen by those linked abilities."}, {"date": "2019-05-03", "text": "If any abilities trigger as you draw a card while resolving Nicol Bolas’s first loyalty ability, those abilities don’t resolve until after your opponents have exiled a card or permanent."}, {"date": "2019-05-03", "text": "After you draw a card as Nicol Bolas’s first loyalty ability resolves, the next opponent in turn order (or, if it’s somehow an opponent’s turn, that opponent) chooses a permanent they control or chooses a card in hand without revealing that card. Then each other opponent in turn order does the same, knowing the choices made before them. Finally, all of the chosen cards are exiled simultaneously."}, {"date": "2019-05-03", "text": "In a Two-Headed Giant game, if one player on a team loses the game, the entire team loses the game, even if the other player controls a legendary creature or planeswalker."}], "securityStamp": "oval", "setCode": "MED", "subtypes": ["Bolas"], "supertypes": ["Legendary"], "text": "Nicol Bolas, Dragon-God has all loyalty abilities of all other planeswalkers on the battlefield.\n[+1]: You draw a card. Each opponent exiles a card from their hand or a permanent they control.\n[−3]: Destroy target creature or planeswalker.\n[−8]: Each opponent who doesn't control a legendary creature or planeswalker loses the game.", "type": "Legendary Planeswalker — Bolas", "types": ["Planeswalker"], "uuid": "19196970-524b-5a17-a52e-13e888bf788b"}, {"artist": "Yongjae Choi", "availability": ["mtgo", "paper"], "borderColor": "borderless", "colorIdentity": ["U", "W"], "colors": ["U", "W"], "convertedManaCost": 5.0, "edhrecRank": 2053, "finishes": ["foil"], "foreignData": [], "frameVersion": "2015", "hasFoil": true, "hasNonFoil": false, "identifiers": {"cardKingdomFoilId": "222283", "cardsphereId": "57443", "mcmId": "363612", "mtgjsonV4Id": "ffec454f-882a-598c-9aef-6e393b7f076d", "mtgoId": "69971", "multiverseId": "456594", "scryfallId": "829e38d8-2421-4a16-9bbd-c3f9e927247b", "scryfallIllustrationId": "53b25682-7ed6-4ffb-8077-cf2260e5cc80", "scryfallOracleId": "f2f165b6-ef0a-42ad-9352-ba68be8248b0", "tcgplayerProductId": "175242"}, "isReprint": true, "isStarter": true, "language": "English", "layout": "normal", "leadershipSkills": {"brawl": false, "commander": false, "oathbreaker": true}, "legalities": {"commander": "Legal", "duel": "Legal", "explorer": "Legal", "gladiator": "Legal", "historic": "Legal", "historicbrawl": "Legal", "legacy": "Legal", "modern": "Legal", "pioneer": "Legal", "vintage": "Legal"}, "loyalty": "4", "manaCost": "{3}{W}{U}", "manaValue": 5.0, "name": "Teferi, Hero of Dominaria", "number": "GR6", "originalText": "+1: Draw a card. At the beginning of the next end step, untap two lands.\n−3: Put target nonland permanent into its owner's library third from the top.\n−8: You get an emblem with \"Whenever you draw a card, exile target permanent an opponent controls.\"", "originalType": "Legendary Planeswalker — Teferi", "printings": ["DOM", "MED", "PANA", "PDOM", "PLIST", "PPRO", "SLD"], "purchaseUrls": {"cardKingdomFoil": "https://mtgjson.com/links/9d8f146717a326b9", "tcgplayer": "https://mtgjson.com/links/9b930d84bce1ab8a"}, "rarity": "mythic", "rulings": [{"date": "2018-04-27", "text": "You don’t decide which two lands to untap until the next end step."}, {"date": "2018-04-27", "text": "You choose the target for the triggered ability of Teferi’s emblem after you’ve seen the card you drew."}], "securityStamp": "oval", "setCode": "MED", "subtypes": ["Teferi"], "supertypes": ["Legendary"], "text": "[+1]: Draw a card. At the beginning of the next end step, untap up to two lands.\n[−3]: Put target nonland permanent into its owner's library third from the top.\n[−8]: You get an emblem with \"Whenever you draw a card, exile target permanent an opponent controls.\"", "type": "Legendary Planeswalker — Teferi", "types": ["Planeswalker"], "uuid": "412f4569-c4ff-5368-b020-f1266d777a5b"}, {"artist": "Jason Rainville", "availability": ["mtgo", "paper"], "borderColor": "borderless", "colorIdentity": ["G", "R"], "colors": ["G", "R"], "convertedManaCost": 4.0, "edhrecRank": 6601, "finishes": ["foil"], "foreignData": [], "frameVersion": "2015", "hasFoil": true, "hasNonFoil": false, "identifiers": {"cardKingdomFoilId": "223702", "cardsphereId": "58869", "mcmId": "368648", "mtgjsonV4Id": "21d130a4-b010-58bd-8dc5-f8e622363255", "mtgoId": "71574", "multiverseId": "460128", "scryfallId": "4bd12cfd-7e99-4b6e-9e6a-05440594462a", "scryfallIllustrationId": "20c68adb-2802-4186-85a1-6c3302eb9fe8", "scryfallOracleId": "2a5408ed-8b47-4896-97e4-aa102a4b85c9", "tcgplayerProductId": "183451"}, "isReprint": true, "isStarter": true, "language": "English", "layout": "normal", "leadershipSkills": {"brawl": false, "commander": false, "oathbreaker": true}, "legalities": {"commander": "Legal", "duel": "Legal", "explorer": "Legal", "gladiator": "Legal", "historic": "Legal", "historicbrawl": "Legal", "legacy": "Legal", "modern": "Legal", "penny": "Legal", "pioneer": "Legal", "vintage": "Legal"}, "loyalty": "5", "manaCost": "{2}{R}{G}", "manaValue": 4.0, "name": "Domri, Chaos Bringer", "number": "RA7", "originalReleaseDate": "2019-01-25", "originalText": "+1: Add {R} or {G}. If that mana is spent on a creature spell, it gains riot.\n−3: Look at the top four cards of your library. You may reveal up to two creature cards from among them and put them into your hand. Put the rest on the bottom of your library in a random order.\n−8: You get an emblem with \"At the beginning of each end step, create a 4/4 red and green Beast creature token with trample.\"", "originalType": "Legendary Planeswalker — Domri", "printings": ["MED", "RNA"], "purchaseUrls": {"cardKingdomFoil": "https://mtgjson.com/links/c4bf298b3021a34e", "tcgplayer": "https://mtgjson.com/links/a7e4007859e616c6"}, "rarity": "mythic", "rulings": [{"date": "2019-01-25", "text": "Because it’s a loyalty ability, Domri’s first ability isn’t a mana ability. It can be activated only any time you could cast a sorcery. It uses the stack and can be responded to."}, {"date": "2019-01-25", "text": "Riot is a replacement effect. Players can’t respond to your choice of +1/+1 counter or haste, and they can’t take actions while the creature is on the battlefield without one or the other."}, {"date": "2019-01-25", "text": "If a creature entering the battlefield has riot but can’t have a +1/+1 counter put onto it, it gains haste."}, {"date": "2019-01-25", "text": "If you choose for the creature to gain haste, it gains haste indefinitely. It won’t lose it as the turn ends or as another player gains control of it."}, {"date": "2019-01-25", "text": "If a creature enters the battlefield with two instances of riot, you may choose to have it get two +1/+1 counters, one +1/+1 counter and haste, or two instances of haste. Multiple instances of haste on the same creature are redundant, but we’re not going to tell the Gruul how to live their lives."}], "securityStamp": "oval", "setCode": "MED", "subtypes": ["Domri"], "supertypes": ["Legendary"], "text": "[+1]: Add {R} or {G}. If that mana is spent on a creature spell, it gains riot. (It enters the battlefield with your choice of a +1/+1 counter or haste.)\n[−3]: Look at the top four cards of your library. You may reveal up to two creature cards from among them and put them into your hand. Put the rest on the bottom of your library in a random order.\n[−8]: You get an emblem with \"At the beginning of each end step, create a 4/4 red and green Beast creature token with trample.\"", "type": "Legendary Planeswalker — Domri", "types": ["Planeswalker"], "uuid": "6b81a2de-ebb5-53f0-b5f0-9b7f647e8031"}, {"artist": "Kieran Yanner", "availability": ["mtgo", "paper"], "borderColor": "borderless", "colorIdentity": ["R", "W"], "colors": ["R", "W"], "convertedManaCost": 4.0, "edhrecRank": 3860, "finishes": ["foil"], "foreignData": [], "frameVersion": "2015", "hasFoil": true, "hasNonFoil": false, "identifiers": {"cardKingdomFoilId": "224821", "cardsphereId": "59718", "mcmId": "372914", "mtgjsonV4Id": "100534ab-99f1-57ab-a0a3-cca9911633cb", "mtgoId": "72196", "multiverseId": "463948", "scryfallId": "45f43bd0-d4d9-4a64-a829-f1ea3dfc9e90", "scryfallIllustrationId": "09813db7-e239-4f61-9853-c79f3e47445d", "scryfallOracleId": "d492eb9a-1f3b-4bf2-9a5d-0f4a4433f33f", "tcgplayerProductId": "188905"}, "isReprint": true, "isStarter": true, "language": "English", "layout": "normal", "leadershipSkills": {"brawl": false, "commander": false, "oathbreaker": true}, "legalities": {"commander": "Legal", "duel": "Legal", "legacy": "Legal", "modern": "Legal", "pioneer": "Legal", "vintage": "Legal"}, "loyalty": "4", "manaCost": "{2}{R}{W}", "manaValue": 4.0, "name": "Nahiri, the Harbinger", "number": "WS7", "originalReleaseDate": "2019-05-03", "originalText": "+2: You may discard a card. If you do, draw a card.\n−2: Exile target enchantment, tapped artifact, or tapped creature.\n−8: Search your library for an artifact or creature card, put it onto the battlefield, then shuffle your library. It gains haste. Return it to your hand at the beginning of the next end step.", "originalType": "Legendary Planeswalker — Nahiri", "printings": ["C20", "MED", "PSOI", "SOI"], "purchaseUrls": {"cardKingdomFoil": "https://mtgjson.com/links/4e867e02bd42f142", "tcgplayer": "https://mtgjson.com/links/793a0c9aedee832a"}, "rarity": "mythic", "rulings": [{"date": "2016-04-08", "text": "You can activate Nahiri’s first ability with no intention of discarding a card just to add loyalty to Nahiri."}, {"date": "2016-04-08", "text": "If you find a noncreature artifact with Nahiri’s third ability, it will still gain haste, even though it won’t be meaningful unless that artifact becomes a creature."}, {"date": "2016-04-08", "text": "If the artifact or creature put onto the battlefield with Nahiri’s third ability leaves the battlefield before the next end step, it won’t be returned to your hand from its new zone."}], "securityStamp": "oval", "setCode": "MED", "subtypes": ["Nahiri"], "supertypes": ["Legendary"], "text": "[+2]: You may discard a card. If you do, draw a card.\n[−2]: Exile target enchantment, tapped artifact, or tapped creature.\n[−8]: Search your library for an artifact or creature card, put it onto the battlefield, then shuffle. It gains haste. Return it to your hand at the beginning of the next end step.", "type": "Legendary Planeswalker — Nahiri", "types": ["Planeswalker"], "uuid": "fd86bf3d-af3b-5cbf-9c93-3eb67b99b6ff"}, {"artist": "Aleksi Briclot", "availability": ["mtgo", "paper"], "borderColor": "borderless", "colorIdentity": ["B", "U"], "colors": ["B", "U"], "convertedManaCost": 4.0, "edhrecRank": 7768, "finishes": ["foil"], "foreignData": [], "frameVersion": "2015", "hasFoil": true, "hasNonFoil": false, "identifiers": {"cardKingdomFoilId": "222282", "cardsphereId": "57444", "mcmId": "363613", "mtgjsonV4Id": "32b5a714-f37d-589e-bccb-7f59caca7575", "mtgoId": "69963", "multiverseId": "456595", "scryfallId": "dafb9f6b-0939-444b-b9b3-5437713e958d", "scryfallIllustrationId": "5fbc9918-f703-4601-9622-eba21b5e6024", "scryfallOracleId": "8ab7358e-a0f5-4220-8769-25177237bcdf", "tcgplayerProductId": "175243"}, "isReprint": true, "isStarter": true, "language": "English", "layout": "normal", "leadershipSkills": {"brawl": false, "commander": false, "oathbreaker": true}, "legalities": {"commander": "Legal", "duel": "Legal", "legacy": "Legal", "modern": "Legal", "vintage": "Legal"}, "loyalty": "3", "manaCost": "{2}{U}{B}", "manaValue": 4.0, "name": "Tezzeret, Agent of Bolas", "number": "GR7", "originalText": "+1: Look at the top five cards of your library. You may reveal an artifact card from among them and put it into your hand. Put the rest on the bottom of your library in any order.\n−1: Target artifact becomes an artifact creature with base power and toughness 5/5.\n−4: Target player loses X life and you gain X life, where X is twice the number of artifacts you control.", "originalType": "Legendary Planeswalker — Tezzeret", "printings": ["MBS", "MED"], "purchaseUrls": {"cardKingdomFoil": "https://mtgjson.com/links/17739a6402eea820", "tcgplayer": "https://mtgjson.com/links/3f3775604683e626"}, "rarity": "mythic", "rulings": [{"date": "2011-06-01", "text": "The artifact targeted by the second ability will retain any types, subtypes, or supertypes it has. Notably, if an Equipment becomes an artifact creature, it can’t be attached to another creature. If it was attached to a creature, it becomes unattached."}, {"date": "2011-06-01", "text": "If the target of the second ability is already an artifact creature, its power and toughness will each become 5. This overwrites all previous effects that set the creature’s power and toughness to specific values. Any power- or toughness-setting effects that start to apply after this ability resolves will overwrite this effect."}, {"date": "2011-06-01", "text": "Effects that modify that creature’s power or toughness, such as the effects of Giant Growth, will apply to it no matter when they started to take effect. The same is true for counters that change the creature’s power or toughness (such as -1/-1 counters) and effects that switch its power and toughness."}, {"date": "2011-06-01", "text": "The number of artifacts you control is counted when the last ability resolves, not when it is activated."}], "securityStamp": "oval", "setCode": "MED", "subtypes": ["Tezzeret"], "supertypes": ["Legendary"], "text": "[+1]: Look at the top five cards of your library. You may reveal an artifact card from among them and put it into your hand. Put the rest on the bottom of your library in any order.\n[−1]: Target artifact becomes an artifact creature with base power and toughness 5/5.\n[−4]: Target player loses X life and you gain X life, where X is twice the number of artifacts you control.", "type": "Legendary Planeswalker — Tezzeret", "types": ["Planeswalker"], "uuid": "b9979147-fb16-5e7f-a6ec-df97311e3ddb"}, {"artist": "Chris Rallis", "availability": ["mtgo", "paper"], "borderColor": "borderless", "colorIdentity": ["B", "W"], "colors": ["B", "W"], "convertedManaCost": 3.0, "edhrecRank": 9178, "finishes": ["foil"], "foreignData": [], "frameVersion": "2015", "hasFoil": true, "hasNonFoil": false, "identifiers": {"cardKingdomFoilId": "223705", "cardsphereId": "58872", "mcmId": "368649", "mtgjsonV4Id": "fcee8112-dfcc-583b-82c4-2ff672373673", "mtgoId": "71566", "multiverseId": "460129", "scryfallId": "e360f0de-375e-4ba5-8f0c-0ee630b5b1a3", "scryfallIllustrationId": "13f575d7-8d5a-41af-a6b1-08b0ddb5c30d", "scryfallOracleId": "7dd4a1a1-d5f4-4ac7-a9f6-34af411f070b", "tcgplayerProductId": "183452"}, "isReprint": true, "isStarter": true, "language": "English", "layout": "normal", "leadershipSkills": {"brawl": false, "commander": false, "oathbreaker": true}, "legalities": {"commander": "Legal", "duel": "Legal", "explorer": "Legal", "gladiator": "Legal", "historic": "Legal", "historicbrawl": "Legal", "legacy": "Legal", "modern": "Legal", "pioneer": "Legal", "vintage": "Legal"}, "loyalty": "3", "manaCost": "{1}{W}{B}", "manaValue": 3.0, "name": "Kaya, Orzhov Usurper", "number": "RA8", "originalReleaseDate": "2019-01-25", "originalText": "+1: Exile up to two target cards from a single graveyard. You gain 2 life if at least one creature card was exiled this way.\n−1: Exile target nonland permanent with converted mana cost 1 or less.\n−5: Kaya, Orzhov Usurper deals damage to target player equal to the number of cards that player owns in exile and you gain that much life.", "originalType": "Legendary Planeswalker — Kaya", "printings": ["MED", "PRNA", "RNA"], "purchaseUrls": {"cardKingdomFoil": "https://mtgjson.com/links/652a0e4db8bf3100", "tcgplayer": "https://mtgjson.com/links/6b46436192d2f846"}, "rarity": "mythic", "rulings": [{"date": "2019-01-25", "text": "If a permanent has {X} in its mana cost, X is considered to be 0."}, {"date": "2019-01-25", "text": "Tokens that aren’t a copy of something else don’t have a mana cost. Anything without a mana cost normally has a converted mana cost of 0."}, {"date": "2019-01-25", "text": "Kaya’s last ability causes you to gain life equal to the number of cards the target player owns in exile, even if an effect causes her to deal more or less than that amount of damage to that player."}], "securityStamp": "oval", "setCode": "MED", "subtypes": ["Kaya"], "supertypes": ["Legendary"], "text": "[+1]: Exile up to two target cards from a single graveyard. You gain 2 life if at least one creature card was exiled this way.\n[−1]: Exile target nonland permanent with mana value 1 or less.\n[−5]: Kaya, Orzhov Usurper deals damage to target player equal to the number of cards that player owns in exile and you gain that much life.", "type": "Legendary Planeswalker — Kaya", "types": ["Planeswalker"], "uuid": "55d38d39-7f03-5d18-a8ba-f8622e219619"}, {"artist": "Eric Deschamps", "availability": ["mtgo", "paper"], "borderColor": "borderless", "colorIdentity": ["G", "R", "U"], "colors": ["G", "R", "U"], "convertedManaCost": 5.0, "edhrecRank": 3371, "finishes": ["foil"], "foreignData": [], "frameVersion": "2015", "hasFoil": true, "hasNonFoil": false, "identifiers": {"cardKingdomFoilId": "224822", "cardsphereId": "59720", "mcmId": "372913", "mtgjsonV4Id": "5d7120fc-00ec-55d0-8f10-9b2da0385c87", "mtgoId": "72204", "multiverseId": "463949", "scryfallId": "6d0f3a05-7bd1-45f0-984e-670ef43554b7", "scryfallIllustrationId": "cbbe4acb-288a-4fb3-90a4-2c3628c58204", "scryfallOracleId": "1d37b453-f10c-42f2-8390-626a8a8eb27c", "tcgplayerProductId": "188907"}, "isReprint": true, "isStarter": true, "language": "English", "layout": "normal", "leadershipSkills": {"brawl": false, "commander": false, "oathbreaker": true}, "legalities": {"commander": "Legal", "duel": "Legal", "legacy": "Legal", "modern": "Legal", "pioneer": "Legal", "vintage": "Legal"}, "loyalty": "4", "manaCost": "{2}{G}{U}{R}", "manaValue": 5.0, "name": "Sarkhan Unbroken", "number": "WS8", "originalReleaseDate": "2019-05-03", "originalText": "+1: Draw a card, then add one mana of any color.\n−2: Create a 4/4 red Dragon creature token with flying.\n−8: Search your library for any number of Dragon creature cards and put them onto the battlefield. Then shuffle your library.", "originalType": "Legendary Planeswalker — Sarkhan", "printings": ["DTK", "MED"], "purchaseUrls": {"cardKingdomFoil": "https://mtgjson.com/links/a5770577a6a2c0b3", "tcgplayer": "https://mtgjson.com/links/b74e5d5b65a88d19"}, "rarity": "mythic", "rulings": [], "securityStamp": "oval", "setCode": "MED", "subtypes": ["Sarkhan"], "supertypes": ["Legendary"], "text": "[+1]: Draw a card, then add one mana of any color.\n[−2]: Create a 4/4 red Dragon creature token with flying.\n[−8]: Search your library for any number of Dragon creature cards, put them onto the battlefield, then shuffle.", "type": "Legendary Planeswalker — Sarkhan", "types": ["Planeswalker"], "uuid": "b5e726d5-0d30-5300-9140-4ea42fa51f26"}, {"artist": "Livia Prima", "availability": ["mtgo", "paper"], "borderColor": "borderless", "colorIdentity": ["B", "G"], "colors": ["B", "G"], "convertedManaCost": 4.0, "edhrecRank": 1716, "finishes": ["foil"], "foreignData": [], "frameVersion": "2015", "hasFoil": true, "hasNonFoil": false, "identifiers": {"cardKingdomFoilId": "222289", "cardsphereId": "57445", "mcmId": "364127", "mtgjsonV4Id": "12870f89-7bf7-548b-9e39-80be63b55e4b", "mtgoId": "69977", "multiverseId": "456596", "scryfallId": "963f641d-aabe-4432-87c5-d8cddf95d8d5", "scryfallIllustrationId": "0a3933d2-e927-4f78-a8ce-cca1699aba64", "scryfallOracleId": "131096a3-2d53-4ec2-96d3-fcb58e698a13", "tcgplayerProductId": "176849"}, "isReprint": true, "isStarter": true, "language": "English", "layout": "normal", "leadershipSkills": {"brawl": false, "commander": false, "oathbreaker": true}, "legalities": {"commander": "Legal", "duel": "Legal", "explorer": "Legal", "gladiator": "Legal", "historic": "Legal", "historicbrawl": "Legal", "legacy": "Legal", "modern": "Legal", "pioneer": "Legal", "vintage": "Legal"}, "loyalty": "4", "manaCost": "{2}{B}{G}", "manaValue": 4.0, "name": "Vraska, Golgari Queen", "number": "GR8", "originalText": "+2: You may sacrifice another permanent. If you do, you gain 1 life and draw a card.\n−3: Destroy target nonland permanent with converted mana cost 3 or less.\n−9: You get an emblem with \"Whenever a creature you control deals combat damage to a player, that player loses the game.\"", "originalType": "Legendary Planeswalker — Vraska", "printings": ["GRN", "MED", "PANA", "PGRN", "PPRO", "SLD"], "purchaseUrls": {"cardKingdomFoil": "https://mtgjson.com/links/5ed7a65350fbf000", "tcgplayer": "https://mtgjson.com/links/75c732020d3d7143"}, "rarity": "mythic", "rulings": [{"date": "2018-10-05", "text": "You choose whether to sacrifice a permanent (and which one to sacrifice) while Vraska’s first ability is resolving. No player may take actions between the time you choose which permanent to sacrifice and the time you do so."}, {"date": "2018-10-05", "text": "Tokens that aren’t a copy of something else don’t have a mana cost. Anything without a mana cost normally has a converted mana cost of 0."}, {"date": "2018-10-05", "text": "If a permanent has {X} in its mana cost, X is considered to be 0."}], "securityStamp": "oval", "setCode": "MED", "subtypes": ["Vraska"], "supertypes": ["Legendary"], "text": "[+2]: You may sacrifice another permanent. If you do, you gain 1 life and draw a card.\n[−3]: Destroy target nonland permanent with mana value 3 or less.\n[−9]: You get an emblem with \"Whenever a creature you control deals combat damage to a player, that player loses the game.\"", "type": "Legendary Planeswalker — Vraska", "types": ["Planeswalker"], "uuid": "cc5f5366-df37-5dbe-8e0f-130bb8362bb0"}], "cardsphereSetId": 994, "code": "MED", "isFoilOnly": true, "isOnlineOnly": false, "keyruneCode": "MED", "mtgoCode": "MS4", "name": "Mythic Edition", "releaseDate": "2018-10-05", "sealedProduct": [{"identifiers": {"tcgplayerProductId": "175240"}, "name": "Guilds of Ravnica Mythic Edition", "purchaseUrls": {"tcgplayer": "https://mtgjson.com/links/65146c64a2559001"}, "releaseDate": null, "uuid": "8ca48e6f-de2c-59a8-b714-da7ebdd65291"}], "tcgplayerGroupId": 2326, "tokens": [{"artist": "Dave Kendall", "availability": ["paper"], "borderColor": "black", "colorIdentity": ["B"], "colors": ["B"], "finishes": ["nonfoil"], "frameVersion": "2015", "hasFoil": false, "hasNonFoil": true, "identifiers": {"mtgjsonV4Id": "e6c8e5d4-8c1c-5acc-bc3d-83773d065915", "scryfallId": "2daf6591-606e-4a36-b279-02aad7e1110c", "scryfallIllustrationId": "b05973d9-da42-4d1d-bbce-f89835836063", "scryfallOracleId": "3c27a325-4490-44e6-aa9a-b591697486c8"}, "isReprint": true, "keywords": ["Deathtouch"], "language": "English", "layout": "token", "name": "Beast", "number": "W1", "power": "3", "reverseRelated": ["Garruk, Apex Predator"], "setCode": "TMED", "subtypes": ["Beast"], "supertypes": [], "text": "Deathtouch", "toughness": "3", "type": "Token Creature — Beast", "types": ["Token", "Creature"], "uuid": "84ecd3c1-7f96-5664-918b-4c56b9a780b6"}, {"artist": "Victor Adame Minguez", "availability": ["paper"], "borderColor": "black", "colorIdentity": [], "colors": [], "finishes": ["nonfoil"], "frameVersion": "2015", "hasFoil": false, "hasNonFoil": true, "identifiers": {"mtgjsonV4Id": "8dc65c2b-8f97-5f7b-a807-ef35940715e5", "scryfallId": "4263a49c-82b7-4f36-899f-11914bf3275a", "scryfallIllustrationId": "89acb32a-d992-4da4-9395-a88164a37591", "scryfallOracleId": "ee740c48-59cd-4fcc-b4a5-fe3dde1361d5", "tcgplayerProductId": "184417"}, "isReprint": true, "language": "English", "layout": "token", "name": "Construct", "number": "R1", "power": "0", "reverseRelated": ["Karn, Scion of Urza", "Urza's Saga", "Digsite Engineer", "Urza, Lord High Artificer"], "setCode": "TMED", "subtypes": ["Construct"], "supertypes": [], "text": "This creature gets +1/+1 for each artifact you control.", "toughness": "0", "type": "Token Artifact Creature — Construct", "types": ["Token", "Artifact", "Creature"], "uuid": "81a34470-d981-5e87-a440-e5c8550d4de4"}, {"artist": "Goran Josic", "availability": ["paper"], "borderColor": "black", "colorIdentity": ["W"], "colors": ["W"], "finishes": ["nonfoil"], "frameVersion": "2015", "hasFoil": false, "hasNonFoil": true, "identifiers": {"mtgjsonV4Id": "affab8f9-5d6a-5bd2-b43a-47d8657f9431", "scryfallId": "de12b41f-abc6-4057-bda2-ea1d5e60321b", "scryfallIllustrationId": "8435b0da-d791-4a49-ad91-d12eec86dd53", "scryfallOracleId": "eac25f12-6459-438c-a09e-93e23d2cf80d", "tcgplayerProductId": "177064"}, "isReprint": true, "language": "English", "layout": "token", "name": "Soldier", "number": "G1", "power": "1", "reverseRelated": ["Phyrexian Warhorse", "Elspeth, Sun's Champion", "First Response", "Throne of Empires", "Deploy to the Front", "Baird, Argivian Recruiter", "Entrapment Maneuver", "Security Detail", "Undercellar Sweep", "Martial Coup", "Sergeant-at-Arms", "Launch the Fleet", "Benalish Commander", "Torsten, Founder of Benalia", "Precinct Captain", "Scout the Wilderness", "Murder Investigation", "Hero of Bladehold", "Captain's Call", "Basri Ket", "Keeper of the Accord", "Tura Kennerüd, Skyknight", "Prava of the Steel Legion", "Evangel of Heliod", "Company Commander", "Raise the Alarm", "Queen Allenal of Ruadach", "Elspeth Tirel", "Knight-Captain of Eos", "Keldon Strike Team", "Timely Reinforcements", "Decree of Justice", "Bant Sojourners", "Mobilization", "Veteran Soldier", "Even the Odds", "Protect the Negotiators", "You're Confronted by Robbers", "Lieutenants of the Guard", "Defiler of Faith", "Kjeldoran Outpost", "Akroan Horse", "Skyknight Vanguard", "Stormfront Riders", "Captain of the Watch", "Lena, Selfless Champion", "Ancestral Blade", "Ironroot Warlord", "Attended Knight", "Alliance of Arms", "Heroic Reinforcements", "Argivian Cavalier", "Abdel Adrian, Gorion's Ward", "Historian's Boon", "Horn of Valhalla // Ysgard's Call", "Darien, King of Kjeldor", "Recruitment Drive", "Secure the Scene", "Recruit the Worthy", "King Darien XLVIII", "Resolute Reinforcements", "Elspeth, Knight-Errant", "Memorial to Glory"], "setCode": "TMED", "subtypes": ["Soldier"], "supertypes": [], "toughness": "1", "type": "Token Creature — Soldier", "types": ["Token", "Creature"], "uuid": "43a0cc67-dbd9-57a1-b684-04f62cc9331d"}, {"artist": "Jason Rainville", "availability": ["paper"], "borderColor": "black", "colorIdentity": [], "colors": [], "finishes": ["nonfoil"], "frameVersion": "2015", "hasFoil": false, "hasNonFoil": true, "identifiers": {"mtgjsonV4Id": "b95912f6-0006-54f4-9f42-983635536cfd", "scryfallId": "c80136c2-7230-4fe5-b7dc-37ee32f1bd8e", "scryfallIllustrationId": "f979e1df-c32f-4100-8b41-edca72e74f50", "scryfallOracleId": "6c2c20cb-de02-4557-b718-ee3feea4e5b2", "tcgplayerProductId": "184412"}, "isReprint": true, "language": "English", "layout": "emblem", "name": "Dack Fayden Emblem", "number": "R2", "reverseRelated": ["Dack Fayden"], "setCode": "TMED", "subtypes": ["Dack"], "supertypes": [], "text": "Whenever you cast a spell that targets one or more permanents, gain control of those permanents.", "type": "Emblem — Dack", "types": ["Emblem"], "uuid": "725b911d-d196-57e3-8dff-5ebab0b51c90"}, {"artist": "Raymond Swanland", "availability": ["paper"], "borderColor": "black", "colorIdentity": ["R"], "colors": ["R"], "finishes": ["nonfoil"], "frameVersion": "2015", "hasFoil": false, "hasNonFoil": true, "identifiers": {"mtgjsonV4Id": "bd014a07-d3e6-58db-a1db-538305c2697b", "scryfallId": "5fb1fa28-7704-4b0b-a3d0-2d003e257b9a", "scryfallIllustrationId": "85fa7926-2d9d-4f56-8dc8-acdd2f1c425e", "scryfallOracleId": "c8790543-9399-4312-9b15-aa8a45c8fec7"}, "isReprint": true, "keywords": ["Flying"], "language": "English", "layout": "token", "name": "Dragon", "number": "W2", "power": "4", "reverseRelated": ["Sarkhan Unbroken", "The Elder Dragon War", "Dragon Whisperer", "Sarkhan the Masterless", "Broodmate Dragon", "Rohgahh, Kher Keep Overlord", "Dragon Cultist", "Descent of the Dragons", "Sarkhan Vol", "Rith, Liberated Primeval"], "setCode": "TMED", "subtypes": ["Dragon"], "supertypes": [], "text": "Flying", "toughness": "4", "type": "Token Creature — Dragon", "types": ["Token", "Creature"], "uuid": "a24467f9-396f-54df-a623-71736a701b84"}, {"artist": "Anna Steinbauer", "availability": ["paper"], "borderColor": "black", "colorIdentity": ["B"], "colors": ["B"], "finishes": ["nonfoil"], "frameVersion": "2015", "hasFoil": false, "hasNonFoil": true, "identifiers": {"mtgjsonV4Id": "3de00786-caf1-56dc-ae48-4cc0c55dc38d", "scryfallId": "0645e544-e395-4ab5-add2-ba46f6c2ad51", "scryfallIllustrationId": "2391d548-fc02-4021-a6c5-fa680b9f4fde", "scryfallOracleId": "ddc8c973-c31e-463f-be45-f3fa7d632362", "tcgplayerProductId": "177065"}, "isReprint": true, "language": "English", "layout": "token", "name": "Zombie", "number": "G2", "power": "2", "reverseRelated": ["Waste Not", "Awaken the Erstwhile", "Empty the Pits", "Wight", "Gisa's Bidding", "Oath of Liliana", "Ghoulcaller Gisa", "Bridge from Below", "Shamble Back", "Doomed Dissenter", "The Fourth Sphere", "Ghoulcaller's Accomplice", "Cryptbreaker", "Drana's Chosen", "Rakshasa Gravecaller", "Tymaret Calls the Dead", "Graveyard Marshal", "Open the Graves", "Dying to Serve", "Acererak the Archlich", "Cradle of the Accursed", "Undead Alchemist", "Midnight Ritual", "Rise from the Tides", "Bone Miser", "Nevinyrral, Urborg Tyrant", "Sidisi, Brood Tyrant", "Archdemon of Unx", "Feast or Famine", "Hour of Promise", "Rank Officer", "Stir the Sands", "Undead Servant", "Liliana, Dreadhorde General", "Dread Summons", "Boneclad Necromancer", "Liliana, the Last Hope", "Vile Rebirth", "Endless Ranks of the Dead", "Curse of Disturbance", "Tormod, the Desecrator", "Cemetery Reaper", "Army of the Damned", "Liliana, Death's Majesty", "Aphemia, the Cacophony", "Drunau Corpse Trawler", "Oglor, Devoted Assistant", "Assemble the Rank and Vile", "Grixis Slavedriver", "Necromancer's Covenant", "Necromentia", "Reap the Seagraf", "Liliana's Reaver", "Varina, Lich Queen", "Tombstone Stairwell", "Wand of Orcus", "From Under the Floorboards", "Cellar Door", "Xathrid Necromancer", "Necrotic Hex", "Field of the Dead", "Lair of the Ashen Idol", "Necromaster Dragon", "Ratadrabik of Urborg", "Liliana's Devotee", "Liliana, Heretical Healer // Liliana, Defiant Necromancer", "Null Caller", "Syphon Flesh", "Liliana's Mastery", "Sarcomancy", "Zombie Infestation", "Never // Return", "Overseer of the Damned", "Skull Skaab", "Dunes of the Dead", "Moan of the Unhallowed", "Unscythe, Killer of Kings", "Graf Harvest", "Headless Rider", "Necromancer's Stockpile", "Curse of Shallow Graves", "Maalfeld Twins", "Rotlung Reanimator", "Kalitas, Traitor of Ghet", "Tobias, Doomed Conqueror", "Magus of the Bridge", "Nested Ghoul", "Wakedancer", "Havengul Runebinder", "Noosegraf Mob", "Grave Titan", "Dark Salvation", "Death Tyrant", "Captive Audience", "The Book of Vile Darkness", "Diregraf Colossus"], "setCode": "TMED", "subtypes": ["Zombie"], "supertypes": [], "toughness": "2", "type": "Token Creature — Zombie", "types": ["Token", "Creature"], "uuid": "2e2c8ae0-0340-58ef-8661-19e6412d5e4c"}, {"artist": "Victor Adame Minguez", "availability": ["paper"], "borderColor": "black", "colorIdentity": [], "colors": [], "finishes": ["nonfoil"], "frameVersion": "2015", "hasFoil": false, "hasNonFoil": true, "identifiers": {"mtgjsonV4Id": "1c64819d-d873-5030-a628-344cac8eeb9b", "scryfallId": "277c8c56-11a6-4aff-aaee-b9572cc7c6ef", "scryfallIllustrationId": "3d2a6a1e-f61a-4b21-abe6-bcfe678103c9", "scryfallOracleId": "ebddf9b8-fd1a-4a6b-bec8-3a63485e36c0", "tcgplayerProductId": "177063"}, "isReprint": true, "keywords": ["Defender"], "language": "English", "layout": "token", "name": "Construct", "number": "G3", "power": "1", "reverseRelated": ["Flamewright", "Sentinel Dispatch", "Daretti, Ingenious Iconoclast"], "setCode": "TMED", "subtypes": ["Construct"], "supertypes": [], "text": "Defender", "toughness": "1", "type": "Token Artifact Creature — Construct", "types": ["Token", "Artifact", "Creature"], "uuid": "6549d606-ded2-5c18-9057-c511e0e0d75a"}, {"artist": "Jason Rainville", "availability": ["paper"], "borderColor": "black", "colorIdentity": [], "colors": [], "finishes": ["nonfoil"], "frameVersion": "2015", "hasFoil": false, "hasNonFoil": true, "identifiers": {"mtgjsonV4Id": "b3c7549c-e053-5406-bab2-e1eeb6b34317", "scryfallId": "bdc404cd-d518-41f7-858c-f1928e44a88c", "scryfallIllustrationId": "076881c3-fc80-4b1e-b252-7b62d5b3d5dc", "scryfallOracleId": "a6696704-ac0f-4319-a3c4-f6739f84d7d1", "tcgplayerProductId": "184414"}, "language": "English", "layout": "emblem", "name": "Domri, Chaos Bringer Emblem", "number": "R3", "reverseRelated": ["Domri, Chaos Bringer"], "setCode": "TMED", "subtypes": ["Domri"], "supertypes": [], "text": "At the beginning of each end step, create a 4/4 red and green Beast creature token with trample.", "type": "Emblem — Domri", "types": ["Emblem"], "uuid": "3a1f70ae-9974-5eac-b602-f69685d604c4"}, {"artist": "Victor Adame Minguez", "availability": ["paper"], "borderColor": "black", "colorIdentity": [], "colors": [], "finishes": ["nonfoil"], "frameVersion": "2015", "hasFoil": false, "hasNonFoil": true, "identifiers": {"mtgjsonV4Id": "a472cdc2-db14-5af5-a042-01cdc64c7221", "scryfallId": "0aaa3cf1-b6ef-4067-aa25-e99cf3bd82a8", "scryfallIllustrationId": "6b3ebe4e-484e-4690-b007-a251d071aea3", "scryfallOracleId": "f1df1017-8d03-46c8-a47c-4a301f326550"}, "isReprint": true, "language": "English", "layout": "emblem", "name": "Garruk, Apex Predator Emblem", "number": "W3", "reverseRelated": ["Garruk, Apex Predator"], "setCode": "TMED", "subtypes": ["Garruk"], "supertypes": [], "text": "Whenever a creature attacks you, it gets +5/+5 and gains trample until end of turn.", "type": "Emblem — Garruk", "types": ["Emblem"], "uuid": "a32be40f-c114-5809-ba10-8e6cbcb46c84"}, {"artist": "Zack Stella", "availability": ["paper"], "borderColor": "black", "colorIdentity": [], "colors": [], "finishes": ["nonfoil"], "frameVersion": "2015", "hasFoil": false, "hasNonFoil": true, "identifiers": {"mtgjsonV4Id": "60b8c890-9e3f-51e9-a9b1-4ffdd7d94cc2", "scryfallId": "6a62619f-a432-4314-b018-7eacda9252a7", "scryfallIllustrationId": "5cd85ffc-47df-44d1-861e-1c98300d695f", "scryfallOracleId": "17549447-6f19-4d87-8af1-58b6bb387003", "tcgplayerProductId": "177059"}, "isReprint": true, "language": "English", "layout": "emblem", "name": "Elspeth, Knight-Errant Emblem", "number": "G4", "reverseRelated": ["Elspeth, Knight-Errant"], "setCode": "TMED", "subtypes": ["Elspeth"], "supertypes": [], "text": "Artifacts, creatures, enchantments, and lands you control have indestructible.", "type": "Emblem — Elspeth", "types": ["Emblem"], "uuid": "2d73487d-aa7b-596b-a401-662f7d02fad5"}, {"artist": "Kieran Yanner", "availability": ["paper"], "borderColor": "black", "colorIdentity": [], "colors": [], "finishes": ["nonfoil"], "frameVersion": "2015", "hasFoil": false, "hasNonFoil": true, "identifiers": {"mtgjsonV4Id": "878abebe-f6f7-5771-a7b0-cbcd613b6cc0", "scryfallId": "a02ffa48-e414-493c-af51-1400913f8af4", "scryfallIllustrationId": "d5fff523-5f6d-4544-aab7-1f44e0e18808", "scryfallOracleId": "82f55659-e4df-485d-a7cf-a11f27d6ae5d", "tcgplayerProductId": "184416"}, "isReprint": true, "language": "English", "layout": "emblem", "name": "Jaya Ballard Emblem", "number": "R4", "reverseRelated": ["Jaya Ballard"], "setCode": "TMED", "subtypes": ["Jaya"], "supertypes": [], "text": "You may cast instant and sorcery cards from your graveyard. If a card cast this way would be put into your graveyard, exile it instead.", "type": "Emblem — Jaya", "types": ["Emblem"], "uuid": "e7390261-ba40-563c-8fb7-e2c322808081"}, {"artist": "Kieran Yanner", "availability": ["paper"], "borderColor": "black", "colorIdentity": [], "colors": [], "finishes": ["nonfoil"], "frameVersion": "2015", "hasFoil": false, "hasNonFoil": true, "identifiers": {"mtgjsonV4Id": "59a5f1f7-07dd-5ca2-9fa6-330518a760bd", "scryfallId": "5a23656c-3af3-49e3-ad15-aa1056027df7", "scryfallIllustrationId": "840cdd6c-0938-4d70-b4c2-338180600f88", "scryfallOracleId": "78d9bb73-904b-483e-9279-5f3f43b4bdf3", "tcgplayerProductId": "177062"}, "isReprint": true, "language": "English", "layout": "emblem", "name": "Liliana, the Last Hope Emblem", "number": "G5", "reverseRelated": ["Liliana, the Last Hope"], "setCode": "TMED", "subtypes": ["Liliana"], "supertypes": [], "text": "At the beginning of your end step, create X 2/2 black Zombie creature tokens, where X is two plus the number of Zombies you control.", "type": "Emblem — Liliana", "types": ["Emblem"], "uuid": "4d187678-232d-5252-bcdb-0ccfb04ac478"}, {"artist": "Lius Lasahido", "availability": ["paper"], "borderColor": "black", "colorIdentity": [], "colors": [], "finishes": ["nonfoil"], "frameVersion": "2015", "hasFoil": false, "hasNonFoil": true, "identifiers": {"mtgjsonV4Id": "6e0192f2-b172-5b58-926e-221269f2de10", "scryfallId": "a23051f6-b2e6-42b2-86ea-ed8535ba0922", "scryfallIllustrationId": "0415cda7-0042-4f9b-b74e-b5f3bc3324da", "scryfallOracleId": "53bb5d83-f499-44f0-9dce-04a28bd4be4d", "tcgplayerProductId": "184415"}, "isReprint": true, "language": "English", "layout": "emblem", "name": "Tamiyo, the Moon Sage Emblem", "number": "R5", "reverseRelated": ["Tamiyo, the Moon Sage"], "setCode": "TMED", "subtypes": ["Tamiyo"], "supertypes": [], "text": "You have no maximum hand size.\nWhenever a card is put into your graveyard from anywhere, you may return it to your hand.", "type": "Emblem — Tamiyo", "types": ["Emblem"], "uuid": "dff6bee1-47b6-5976-94ed-2e10fa1e9118"}, {"artist": "Daniel Ljunggren", "availability": ["paper"], "borderColor": "black", "colorIdentity": [], "colors": [], "finishes": ["nonfoil"], "frameVersion": "2015", "hasFoil": false, "hasNonFoil": true, "identifiers": {"mtgjsonV4Id": "5d12aa10-2c59-5676-8da7-7e18a3d39e9c", "scryfallId": "18a2790c-0dcd-4564-bd5e-7d453d1c4edf", "scryfallIllustrationId": "2f2755a2-1fba-4741-8418-8e0877df941b", "scryfallOracleId": "7306e176-a32f-4d6d-b2cf-483ad508ddc5", "tcgplayerProductId": "177057"}, "language": "English", "layout": "emblem", "name": "Ral, Izzet Viceroy Emblem", "number": "G6", "reverseRelated": ["Ral, Izzet Viceroy"], "setCode": "TMED", "subtypes": ["Ral"], "supertypes": [], "text": "Whenever you cast an instant or sorcery spell, this emblem deals 4 damage to any target and you draw two cards.", "type": "Emblem — Ral", "types": ["Emblem"], "uuid": "2bcf14e3-ff8f-58b7-acbd-9f96dd49ee6d"}, {"artist": "Yongjae Choi", "availability": ["paper"], "borderColor": "black", "colorIdentity": [], "colors": [], "finishes": ["nonfoil"], "frameVersion": "2015", "hasFoil": false, "hasNonFoil": true, "identifiers": {"mtgjsonV4Id": "e82c5a35-fb86-5711-9743-2c311f6293cc", "scryfallId": "3caeb24f-b4b3-4ede-9bee-4b4272b2bbcd", "scryfallIllustrationId": "c62778d4-7d44-40b6-a65d-866c40489edb", "scryfallOracleId": "77f14c9f-cc82-448e-b91b-e5dcc8c63c0a", "tcgplayerProductId": "177061"}, "isReprint": true, "language": "English", "layout": "emblem", "name": "Teferi, Hero of Dominaria Emblem", "number": "G7", "reverseRelated": ["Teferi, Hero of Dominaria"], "setCode": "TMED", "subtypes": ["Teferi"], "supertypes": [], "text": "Whenever you draw a card, exile target permanent an opponent controls.", "type": "Emblem — Teferi", "types": ["Emblem"], "uuid": "f88ae6e0-e2ee-5e93-9e3a-8046902285ce"}, {"artist": "Livia Prima", "availability": ["paper"], "borderColor": "black", "colorIdentity": [], "colors": [], "finishes": ["nonfoil"], "frameVersion": "2015", "hasFoil": false, "hasNonFoil": true, "identifiers": {"mtgjsonV4Id": "15b579bf-2781-57ed-bbd2-f71faa3ecf9e", "scryfallId": "828f3798-a495-42f8-b989-97f0fe662326", "scryfallIllustrationId": "a5a1e947-2dc7-4478-bffc-2e793f0e41a6", "scryfallOracleId": "c43c74a0-8e82-4349-9df9-ffaba2b2bed7", "tcgplayerProductId": "177060"}, "language": "English", "layout": "emblem", "name": "Vraska, Golgari Queen Emblem", "number": "G8", "reverseRelated": ["Vraska, Golgari Queen"], "setCode": "TMED", "subtypes": ["Vraska"], "supertypes": [], "text": "Whenever a creature you control deals combat damage to a player, that player loses the game.", "type": "Emblem — Vraska", "types": ["Emblem"], "uuid": "2a145b0a-3b3b-525c-b206-faefa98b03f4"}], "totalSetSize": 24, "translations": {}, "type": "masterpiece"}}