{"meta": {"date": "2022-09-29", "version": "5.2.0+20220929"}, "data": {"baseSetSize": 0, "cards": [], "code": "MVOW", "isFoilOnly": false, "isOnlineOnly": false, "keyruneCode": "VOW", "name": "Innistrad: Crimson Vow Minigames", "parentCode": "VOW", "releaseDate": "2021-11-19", "tokens": [{"availability": ["paper"], "borderColor": "black", "colorIdentity": [], "colors": [], "faceName": "Monster of the Week", "finishes": ["nonfoil", "foil"], "frameVersion": "2015", "hasFoil": true, "hasNonFoil": true, "identifiers": {"mtgjsonV4Id": "360daacf-9d9e-5ab9-9f9b-d2659bc19a5d", "scryfallId": "aeb61112-5bf7-4bd0-876d-7beb66b4b98b", "scryfallOracleId": "90d1d327-b00e-4bc6-8b7f-99b356a8d211"}, "isFunny": true, "keywords": ["Transform"], "language": "English", "layout": "double_faced_token", "name": "Monster of the Week // Monster of the Week (cont'd)", "number": "1", "otherFaceIds": ["54b616df-5c18-5cb0-9f85-359db4076c17"], "reverseRelated": [], "setCode": "MVOW", "side": "a", "subtypes": [], "supertypes": [], "text": "1 player | 1 pack | 5 minutes\nOBJECTIVE:\nSurvive the night by defeating the monster in your booster!\nGET READY:\nOpen a booster and pick a double-faced card (DFC), then set it aside. This is the monster you will face. Discard all ad, token, and art cards. Shuffle the remaining cards into a stack and place it face down to create your library.\nLET'S PLAY:\nPlay a game of Magic against the monster with the following rule modifications:\n• You start with zero cards in hand and 20 life.\n• At the beginning of your upkeep, create a Treasure token. (It's an artifact with \"{T}, Sacrifice this artifact: Add one mana of any color.\")\nThe monster doesn't have a life total, mana, or library, and it can only be defeated by removing it from the battlefield twice: once on its front side and once on its transformed side.", "type": "Card", "types": ["Card"], "uuid": "4eec99f9-b207-503c-b473-5f4e414d5ff2"}, {"availability": ["paper"], "borderColor": "black", "colorIdentity": [], "colors": [], "faceName": "Monster of the Week (cont'd)", "finishes": ["nonfoil", "foil"], "frameVersion": "2015", "hasFoil": true, "hasNonFoil": true, "identifiers": {"mtgjsonV4Id": "9ec4f875-2482-53ae-a360-b02964eafa78", "scryfallId": "aeb61112-5bf7-4bd0-876d-7beb66b4b98b", "scryfallOracleId": "90d1d327-b00e-4bc6-8b7f-99b356a8d211"}, "isFunny": true, "keywords": ["Transform"], "language": "English", "layout": "double_faced_token", "name": "Monster of the Week // Monster of the Week (cont'd)", "number": "1", "otherFaceIds": ["4eec99f9-b207-503c-b473-5f4e414d5ff2"], "reverseRelated": [], "setCode": "MVOW", "side": "b", "subtypes": [], "supertypes": [], "text": "The monster behaves automatically as follows:\n• It starts the game on the battlefield on its front side.\n• It does't attack until it has taken a number of turns equal to its mana value.\n• It attacks you on each of its turns after it's able to attack.\n• The first time it leaves the battlefield for any reason, return it to the battlefield transformed. It can't transform by any other means. (It now attacks during each of its turns regardless of if it could attack before it transformed.)\n• If it leaves the battlefield for any reason while transformed, it is defeated.\nTake turns with the monster, performing its actions for it.\nThough you cannot attack the monster, you can block with your creatures when it attacks, and you can target it with spells that target any creature or a creature your opponent controls.\nYou lose if your life total reaches 0 or if you attempt to draw a card from an empty library.\nTO WIN:\nDefeat the transformed monster to win.", "type": "Card", "types": ["Card"], "uuid": "54b616df-5c18-5cb0-9f85-359db4076c17"}, {"availability": ["paper"], "borderColor": "black", "colorIdentity": [], "colors": [], "faceName": "Vampire Wedding Planner", "finishes": ["nonfoil", "foil"], "frameVersion": "2015", "hasFoil": true, "hasNonFoil": true, "identifiers": {"mtgjsonV4Id": "d3e76c94-6f87-55f1-8da6-6242ced82cba", "scryfallId": "5b7a0cae-57e6-4614-834b-467bad21567e", "scryfallOracleId": "fc342190-200e-4dad-b713-10e3bc4cd4d1"}, "isFunny": true, "language": "English", "layout": "double_faced_token", "name": "Vampire Wedding Planner // Vampire Wedding Planner (cont'd)", "number": "2", "otherFaceIds": ["00c925ba-b6fe-5c1d-bfb5-2d6f2a422158"], "reverseRelated": [], "setCode": "MVOW", "side": "a", "subtypes": [], "supertypes": [], "text": "2+ players | 2+ packs | 10 minutes\nOBJECTIVE:\nCompete to be the best wedding planner for the bride Olivia Voldaren, by matching cards to her chosen theme.\nGET READY:\nEach player opens a booster and sets aside all cards without _Magic_ card backs. Then each player randomly selects a nonland, non-colorless _Magic_ card from their own cards without revealing it to the rest of the players. Shuffle all players' remaining cards together and place the stack face down in the center of all players. Each player's selected card is their wedding *theme*, and they may secretly look at their own card at any time. Each player is dealt 4 cards, then turn over the top card of the stack to create a discard pile. Randomly determine who goes first. Then take turns counterclockwise.\nLET'S PLAY\nPlayers take turns drawing and discarding cards, trying to create a hand of cards with the highest point value. Players may draw the top card of the deck *OR* pick up *any* card from the discard pile. If a card is taken from the discard pile, they must *take every card discarded on top of that card* as well. Whenever a player picks up one or more cards, they must discard one.", "type": "Card", "types": ["Card"], "uuid": "3ed68d1f-985e-5fff-9eb5-f7e50e6b9687"}, {"availability": ["paper"], "borderColor": "black", "colorIdentity": [], "colors": [], "faceName": "Vampire Wedding Planner (cont'd)", "finishes": ["nonfoil", "foil"], "frameVersion": "2015", "hasFoil": true, "hasNonFoil": true, "identifiers": {"mtgjsonV4Id": "873066eb-19a6-5783-bc60-0c813a5eeff0", "scryfallId": "5b7a0cae-57e6-4614-834b-467bad21567e", "scryfallOracleId": "fc342190-200e-4dad-b713-10e3bc4cd4d1"}, "isFunny": true, "language": "English", "layout": "double_faced_token", "name": "Vampire Wedding Planner // Vampire Wedding Planner (cont'd)", "number": "2", "otherFaceIds": ["3ed68d1f-985e-5fff-9eb5-f7e50e6b9687"], "reverseRelated": [], "setCode": "MVOW", "side": "b", "subtypes": [], "supertypes": [], "text": "Points are scored as follows:\n• 1 point for each card in your hand that matches your theme card's *color* or *mana value*\n• 1 point for each artifact or foil card (Olivia likes shiny things)\n• 1 point for a land (maximum of 1). The location of the wedding.\n• -1 point for any card that does *NOT* count for one of the above\n*Cards can count for multiple points if they meet multiple criteria.*\nTO WIN:\nPlay ends after each player has taken four turns. Players reveal all of their cards and pitch their wedding theme as they total their points. The player with the most points wins. Ties are shared.", "type": "Card", "types": ["Card"], "uuid": "00c925ba-b6fe-5c1d-bfb5-2d6f2a422158"}, {"availability": ["paper"], "borderColor": "black", "colorIdentity": [], "colors": [], "faceName": "Strictly Better", "finishes": ["nonfoil", "foil"], "frameVersion": "2015", "hasFoil": true, "hasNonFoil": true, "identifiers": {"mtgjsonV4Id": "a4977b57-388b-52b1-b94d-d582ba1af202", "scryfallId": "abc53d54-266c-4df2-a027-16ea9e6efa9a", "scryfallOracleId": "b55f8716-b1b5-4c55-a425-abd0a10d892c"}, "isFunny": true, "isReprint": true, "language": "English", "layout": "double_faced_token", "name": "Strictly Better // Strictly Better (cont'd)", "number": "3", "otherFaceIds": ["1cd40e67-1e8f-52b7-8a5b-2906b441ab28"], "reverseRelated": [], "setCode": "MVOW", "side": "a", "subtypes": [], "supertypes": [], "text": "3-6 players | 3-6 packs | 15 minutes\nOBJECTIVE:\nSome cards are strong in Standard, others shine in Draft, but which card looks the tastiest? Take turns being the Judge and decide which Magic card is the best of the best in each wacky category.\nGET READY:\nRandomly determine who will be the first Judge. Each player then opens a pack, removes any cards without Magic backs, and looks at their cards.\nLET'S PLAY:\nThe Judge chooses a category from the list on the back of this card (either their favorite or at random). The other players each secretly submit a card from their pack that they think fits the category.\nWhen the Judge has collected all the cards, they reveal each card, read it aloud, then choose the winner.\nThe Judge role then passes to the next player, and they select a different category.", "type": "Card", "types": ["Card"], "uuid": "ef6cb43a-e275-5dec-81f7-d14f7d0c0f8b"}, {"availability": ["paper"], "borderColor": "black", "colorIdentity": [], "colors": [], "faceName": "Strictly Better (cont'd)", "finishes": ["nonfoil", "foil"], "frameVersion": "2015", "hasFoil": true, "hasNonFoil": true, "identifiers": {"mtgjsonV4Id": "cf63966d-04a9-5548-a029-2e4ef4c1d3f6", "scryfallId": "abc53d54-266c-4df2-a027-16ea9e6efa9a", "scryfallOracleId": "b55f8716-b1b5-4c55-a425-abd0a10d892c"}, "isFunny": true, "isReprint": true, "language": "English", "layout": "double_faced_token", "name": "Strictly Better // Strictly Better (cont'd)", "number": "3", "otherFaceIds": ["ef6cb43a-e275-5dec-81f7-d14f7d0c0f8b"], "reverseRelated": [], "setCode": "MVOW", "side": "b", "subtypes": [], "supertypes": [], "text": "TO WIN:\nThe first player to win three categories is the winner!\nCATEGORIES:\n1. Best vacation spot\n2. First pick in Draft\n3. Grossest\n4. Cutest\n5. Shiniest\n6. Best rock band name\n7. Most likely to eat a hedron\n8. Best party leader\n9. Most inept\n10. Coolest treasure\n11. Most heroic\n12. Most likely to split the party\n13. Loudest\n14. The next Planeswalker\n15. The next fad diet\n16. Best mystery novel title\n17. Best birthday gift\n18. Best win condition\n19. Worst weather\n20. Worst way to die\n21. Best flavor text\n22. Best dinner date\n23. Most likely to steal your date\n24. Best dressed\n25. Tastiest\n26. Hottest\n27. Biggest\n28. Smallest\n29. Most dangerous job\n30. Dream job\n31. Most colorful\n32. Colossal Dreadmaw's dinner\n33. Last picked in dodgeball\n34. Best pet", "type": "Card", "types": ["Card"], "uuid": "1cd40e67-1e8f-52b7-8a5b-2906b441ab28"}], "totalSetSize": 0, "translations": {}, "type": "funny"}}