{"meta": {"date": "2022-09-29", "version": "5.2.0+20220929"}, "data": {"baseSetSize": 4, "cards": [{"artist": "Johannes Voss", "availability": ["paper"], "borderColor": "black", "colorIdentity": ["G", "U", "W"], "colors": ["G", "U", "W"], "convertedManaCost": 4.0, "edhrecRank": 4670, "finishes": ["foil"], "foreignData": [], "frameEffects": ["legendary"], "frameVersion": "2015", "hasFoil": true, "hasNonFoil": false, "identifiers": {"cardKingdomFoilId": "249503", "mcmId": "573161", "mtgjsonV4Id": "78c05ec9-e173-5e36-bfab-7e481dc82a3c", "scryfallId": "cb2b4b69-c026-46fa-b41b-ad1e62d880f2", "scryfallIllustrationId": "cccb165d-1e33-4326-a803-a620aa4eeee7", "scryfallOracleId": "30c0df75-9822-4016-a52b-d2e69dd58124", "tcgplayerProductId": "243684"}, "isReprint": true, "isStarter": true, "keywords": ["Vigilance"], "language": "English", "layout": "normal", "leadershipSkills": {"brawl": false, "commander": true, "oathbreaker": false}, "legalities": {"commander": "Legal", "duel": "Legal", "legacy": "Legal", "vintage": "Legal"}, "manaCost": "{1}{G}{W}{U}", "manaValue": 4.0, "name": "Galea, Kindler of Hope", "number": "1", "power": "4", "printings": ["AFC", "OAFC"], "promoTypes": ["thick"], "purchaseUrls": {"cardKingdomFoil": "https://mtgjson.com/links/8011cc753834068a", "tcgplayer": "https://mtgjson.com/links/3cb493cfaf039f21"}, "rarity": "mythic", "rulings": [{"date": "2021-07-23", "text": "You can look at the top card of your library whenever you want (with one restriction; see below), even if you don't have priority. This action doesn't use the stack. Knowing what that card is becomes part of the information you have access to, just like you can look at the cards in your hand."}, {"date": "2021-07-23", "text": "If the top card of your library changes while you're casting a spell, playing a land, or activating an ability, you can't look at the new top card until you finish doing so. This means that if you cast a spell from the top of your library, you can't look at the next card until you're done paying for that spell."}, {"date": "2021-07-23", "text": "Galea, Kindler of Hope doesn't change when you can cast Aura and Equipment spells. Normally, this means during your main phase when the stack is empty, although flash may change this."}, {"date": "2021-07-23", "text": "You'll still pay all costs for the spell, including additional costs. You may also pay alternative costs if any are available."}], "securityStamp": "oval", "setCode": "OAFC", "subtypes": ["Elf", "Knight"], "supertypes": ["Legendary"], "text": "Vigilance\nYou may look at the top card of your library any time.\nYou may cast Aura and Equipment spells from the top of your library. When you cast an Equipment spell this way, it gains \"When this Equipment enters the battlefield, attach it to target creature you control.\"", "toughness": "4", "type": "Legendary Creature — Elf Knight", "types": ["Creature"], "uuid": "7776f629-1d71-5682-b292-5ef1e5b4e881"}, {"artist": "Yongjae Choi", "availability": ["paper"], "borderColor": "black", "colorIdentity": ["B", "R"], "colors": ["B", "R"], "convertedManaCost": 4.0, "edhrecRank": 1552, "finishes": ["foil"], "foreignData": [], "frameEffects": ["legendary"], "frameVersion": "2015", "hasFoil": true, "hasNonFoil": false, "identifiers": {"cardKingdomFoilId": "249504", "mcmId": "573162", "mtgjsonV4Id": "0c936e75-d997-5bb4-bb58-7e7589f0c31b", "scryfallId": "d9a0f304-2cbd-4f7d-9219-976ad4811ae0", "scryfallIllustrationId": "e49ec25e-9a7d-49a6-a0cf-b24b4416b649", "scryfallOracleId": "1e9b0fd6-5aae-401a-8df5-d94ce6442696", "tcgplayerProductId": "243685"}, "isReprint": true, "isStarter": true, "keywords": ["Deathtouch"], "language": "English", "layout": "normal", "leadershipSkills": {"brawl": false, "commander": true, "oathbreaker": false}, "legalities": {"alchemy": "Legal", "commander": "Legal", "duel": "Legal", "gladiator": "Legal", "historic": "Legal", "historicbrawl": "Legal", "legacy": "Legal", "vintage": "Legal"}, "manaCost": "{2}{B}{R}", "manaValue": 4.0, "name": "Prosper, Tome-Bound", "number": "2", "power": "1", "printings": ["AFC", "HBG", "OAFC"], "promoTypes": ["thick"], "purchaseUrls": {"cardKingdomFoil": "https://mtgjson.com/links/8f1659d8f7452e28", "tcgplayer": "https://mtgjson.com/links/d10fcd3595bc03b4"}, "rarity": "mythic", "rulings": [{"date": "2021-07-23", "text": "You must still pay all costs and follow all timing rules for cards played with the Mystic Arcanum ability."}, {"date": "2021-07-23", "text": "The Pact Boon ability triggers whenever you play any cards from exile, not just those exiled with the Mystic Arcanum ability."}], "securityStamp": "oval", "setCode": "OAFC", "subtypes": ["Tiefling", "Warlock"], "supertypes": ["Legendary"], "text": "Deathtouch\nMystic Arcanum — At the beginning of your end step, exile the top card of your library. Until the end of your next turn, you may play that card.\nPact Boon — Whenever you play a card from exile, create a Treasure token.", "toughness": "4", "type": "Legendary Creature — Tiefling Warlock", "types": ["Creature"], "uuid": "db6edd23-8783-5009-89bc-021aca680a49"}, {"artist": "Ryan Pancoast", "availability": ["paper"], "borderColor": "black", "colorIdentity": ["B", "U", "W"], "colors": ["B", "U", "W"], "convertedManaCost": 3.0, "edhrecRank": 4255, "finishes": ["foil"], "foreignData": [], "frameEffects": ["legendary"], "frameVersion": "2015", "hasFoil": true, "hasNonFoil": false, "identifiers": {"cardKingdomFoilId": "249505", "mcmId": "573163", "mtgjsonV4Id": "e8ac29fa-8e1e-50ba-99c5-f6eea0ce3c43", "scryfallId": "87464c37-09cf-4fc7-ad71-9c35c3b7ff76", "scryfallIllustrationId": "88109ae6-acc8-4cff-8b80-c59474ae3077", "scryfallOracleId": "9b21e056-57e7-4e39-b2b4-2fdf8719d0d2", "tcgplayerProductId": "243687"}, "isReprint": true, "isStarter": true, "keywords": ["Venture into the dungeon"], "language": "English", "layout": "normal", "leadershipSkills": {"brawl": false, "commander": true, "oathbreaker": false}, "legalities": {"commander": "Legal", "duel": "Legal", "legacy": "Legal", "vintage": "Legal"}, "manaCost": "{W}{U}{B}", "manaValue": 3.0, "name": "Sefris of the Hidden Ways", "number": "3", "power": "2", "printings": ["AFC", "OAFC"], "promoTypes": ["thick"], "purchaseUrls": {"cardKingdomFoil": "https://mtgjson.com/links/03d0ee63015e4821", "tcgplayer": "https://mtgjson.com/links/7c1c2231cb9a928a"}, "rarity": "mythic", "rulings": [{"date": "2021-07-23", "text": "To venture into the dungeon, a player moves their venture marker into the next room of the dungeon they are currently in. If they aren't currently in a dungeon, that player instead chooses a dungeon card from outside the game, puts it into the command zone, and moves their venture marker onto the first room."}, {"date": "2021-07-23", "text": "Moving into a dungeon room will cause its room ability to trigger."}, {"date": "2021-07-23", "text": "Once you resolve the last room ability of a dungeon, that dungeon is now completed and is removed from the game."}, {"date": "2021-07-23", "text": "A player may only have one dungeon in the command zone at a time."}, {"date": "2021-07-23", "text": "The player venturing into the dungeon chooses which dungeon they will venture into. They may choose a dungeon that they have already completed this game."}, {"date": "2021-07-23", "text": "Sefris of the Hidden Ways' first ability looks only at the type the card has in the graveyard, not the type it had in any other zone. For example, animated lands dying won't cause the ability to trigger. The opposite is also true. For example, if a creature that was cast as an Adventure is countered, it's a creature card in the graveyard and the first ability will trigger."}, {"date": "2021-07-23", "text": "You can only move forward (well, downward) in a dungeon, never backwards or sideways."}, {"date": "2021-07-23", "text": "Dungeons are removed from the game as a state-based action."}, {"date": "2021-07-23", "text": "If you somehow venture into the dungeon while a room's ability is on the stack, you will continue on in the dungeon. If you're already in the last room, complete that dungeon and start a new one."}, {"date": "2021-07-23", "text": "Choosing the dungeon or room to venture into is part of resolving the venture into the dungeon keyword action. Once that choice is made, players may not respond until after the appropriate room ability has triggered."}, {"date": "2021-07-23", "text": "Dungeon cards are not part of a player's deck or sideboard. In both constructed and limited formats, players can use any dungeon card when they venture into the dungeon."}, {"date": "2021-09-24", "text": "Sefris of the Hidden Ways must be on the battlefield for its first ability to trigger. It does not trigger when Sefris goes to the graveyard from the battlefield, even if other creature cards also went to the graveyard at the same time."}], "securityStamp": "oval", "setCode": "OAFC", "subtypes": ["Human", "Wizard"], "supertypes": ["Legendary"], "text": "Whenever one or more creature cards are put into your graveyard from anywhere, venture into the dungeon. This ability triggers only once each turn. (To venture into the dungeon, enter the first room or advance to the next room.)\nCreate Undead — Whenever you complete a dungeon, return target creature card from your graveyard to the battlefield.", "toughness": "3", "type": "Legendary Creature — Human Wizard", "types": ["Creature"], "uuid": "e6c1b475-314a-517d-9eff-6b05482962f2"}, {"artist": "Svetlin Velinov", "availability": ["paper"], "borderColor": "black", "colorIdentity": ["G", "R"], "colors": ["G", "R"], "convertedManaCost": 5.0, "edhrecRank": 5927, "finishes": ["foil"], "foreignData": [], "frameEffects": ["legendary"], "frameVersion": "2015", "hasFoil": true, "hasNonFoil": false, "identifiers": {"cardKingdomFoilId": "249506", "mcmId": "573165", "mtgjsonV4Id": "04d91307-70e2-52d9-bae0-fa6b8ff79a1c", "scryfallId": "64d9699b-d90f-482f-89eb-f3d06af94997", "scryfallIllustrationId": "c6b86868-eb9e-486f-8fc7-68bbbdb565e6", "scryfallOracleId": "2160c837-342b-409f-a1db-0ec5ac023ccf", "tcgplayerProductId": "243692"}, "isReprint": true, "isStarter": true, "keywords": ["Enrage"], "language": "English", "layout": "normal", "leadershipSkills": {"brawl": false, "commander": true, "oathbreaker": false}, "legalities": {"commander": "Legal", "duel": "Legal", "legacy": "Legal", "vintage": "Legal"}, "manaCost": "{3}{R}{G}", "manaValue": 5.0, "name": "Vrondiss, Rage of Ancients", "number": "4", "power": "5", "printings": ["AFC", "OAFC"], "promoTypes": ["thick"], "purchaseUrls": {"cardKingdomFoil": "https://mtgjson.com/links/c0522edc439f07be", "tcgplayer": "https://mtgjson.com/links/21f357674de6d906"}, "rarity": "mythic", "rulings": [], "securityStamp": "oval", "setCode": "OAFC", "subtypes": ["Dragon", "Barbarian"], "supertypes": ["Legendary"], "text": "Enrage — Whenever Vrondiss, Rage of Ancients is dealt damage, you may create a 5/4 red and green Dragon Spirit creature token with \"When this creature deals damage, sacrifice it.\"\nWhenever you roll one or more dice, you may have Vrondiss deal 1 damage to itself.", "toughness": "4", "type": "Legendary Creature — Dragon Barbarian", "types": ["Creature"], "uuid": "a8936a8a-5af5-56ab-b969-ce3c0af6fd01"}], "code": "OAFC", "isFoilOnly": true, "isOnlineOnly": false, "keyruneCode": "AFC", "name": "Forgotten Realms Commander Display Commanders", "parentCode": "AFC", "releaseDate": "2021-07-23", "tokens": [], "totalSetSize": 4, "translations": {}, "type": "memorabilia"}}