{"meta": {"date": "2022-09-29", "version": "5.2.0+20220929"}, "data": {"baseSetSize": 5, "block": "Commander", "cards": [{"artist": "Adam Paquette", "availability": ["paper"], "borderColor": "black", "colorIdentity": ["B", "W"], "colors": ["B", "W"], "convertedManaCost": 3.0, "edhrecRank": 5490, "finishes": ["foil"], "foreignData": [], "frameVersion": "2015", "hasFoil": true, "hasNonFoil": false, "identifiers": {"cardKingdomFoilId": "203754", "mcmId": "286104", "mtgjsonV4Id": "9d9e8051-fc89-50ba-ba2b-665022891882", "scryfallId": "482a5f7b-561a-4764-b0ca-be3cf2cc4c27", "scryfallIllustrationId": "fe7de588-e6c6-47e5-b7b8-1e8e64862d35", "scryfallOracleId": "8a9e8f60-eb13-4ae8-82df-d4c46da74451", "tcgplayerProductId": "108441"}, "isOversized": true, "isReprint": true, "isStarter": true, "language": "English", "layout": "normal", "leadershipSkills": {"brawl": false, "commander": true, "oathbreaker": false}, "legalities": {"commander": "Legal", "duel": "Legal", "legacy": "Legal", "vintage": "Legal"}, "manaCost": "{1}{W}{B}", "manaValue": 3.0, "name": "Daxos the Returned", "number": "43", "power": "2", "printings": ["C15", "OC15", "PLIST", "PZ1"], "purchaseUrls": {"cardKingdomFoil": "https://mtgjson.com/links/e096080df5f2a903", "tcgplayer": "https://mtgjson.com/links/bc254a7bbc2223a1"}, "rarity": "mythic", "rulings": [{"date": "2015-11-04", "text": "The power and toughness of the tokens will change as the number of experience counters you have does."}, {"date": "2015-11-04", "text": "The ability that defines the token’s power and toughness is part of the token’s copiable values. Copies of the token will also have that ability."}, {"date": "2015-11-04", "text": "Putting an enchantment creature token onto the battlefield won’t cause Daxos’s first ability to trigger. On the other hand, constellation abilities trigger whenever an enchantment enters the battlefield under your control, so those abilities will trigger."}, {"date": "2015-11-04", "text": "Experience counters are the second kind of counters a player can have, joining poison."}, {"date": "2015-11-04", "text": "All experience counters are identical, no matter how you got them. For example, the last ability will count experience counters that you got from the first ability, from another ability, from proliferating, and so on."}, {"date": "2015-11-04", "text": "Each game pack includes a card labeled “Experience” with the suggestion “Place your experience counters here.” This card isn’t required for play. It’s simply a convenient spot to put your experience counters, which can be represented with dice, glass beads, or other small items."}], "securityStamp": "oval", "setCode": "OC15", "subtypes": ["Zombie", "Soldier"], "supertypes": ["Legendary"], "text": "Whenever you cast an enchantment spell, you get an experience counter.\n{1}{W}{B}: Create a white and black Spirit enchantment creature token. It has \"This creature's power and toughness are each equal to the number of experience counters you have.\"", "toughness": "2", "type": "Legendary Creature — Zombie Soldier", "types": ["Creature"], "uuid": "9df7c0fe-90dc-598d-ac7a-12df1fd4322d"}, {"artist": "James Ryman", "availability": ["paper"], "borderColor": "black", "colorIdentity": ["G", "U"], "colors": ["G", "U"], "convertedManaCost": 4.0, "edhrecRank": 4967, "finishes": ["foil"], "foreignData": [], "frameVersion": "2015", "hasFoil": true, "hasNonFoil": false, "identifiers": {"cardKingdomFoilId": "203755", "mcmId": "286107", "mtgjsonV4Id": "909ed04d-4cbb-58be-84f2-123054ed7831", "scryfallId": "473d22bd-41d2-4b21-961c-ef73e27517cd", "scryfallIllustrationId": "02e4b91f-797a-40d5-8dcf-763d6789b84a", "scryfallOracleId": "40eacdae-fae5-46b9-a9e5-9211469f74fc", "tcgplayerProductId": "108442"}, "isOversized": true, "isReprint": true, "isStarter": true, "language": "English", "layout": "normal", "leadershipSkills": {"brawl": false, "commander": true, "oathbreaker": false}, "legalities": {"commander": "Legal", "duel": "Legal", "legacy": "Legal", "vintage": "Legal"}, "manaCost": "{2}{G}{U}", "manaValue": 4.0, "name": "Ezuri, Claw of Progress", "number": "44", "power": "3", "printings": ["2X2", "C15", "OC15", "PJ21", "PLIST", "PZ1"], "purchaseUrls": {"cardKingdomFoil": "https://mtgjson.com/links/4922a5778077ba0e", "tcgplayer": "https://mtgjson.com/links/13e949786e9bfa99"}, "rarity": "mythic", "rulings": [{"date": "2015-11-04", "text": "Experience counters are the second kind of counters a player can have, joining poison."}, {"date": "2015-11-04", "text": "All experience counters are identical, no matter how you got them. For example, the last ability will count experience counters that you got from the first ability, from another ability, from proliferating, and so on."}, {"date": "2015-11-04", "text": "Each game pack includes a card labeled “Experience” with the suggestion “Place your experience counters here.” This card isn’t required for play. It’s simply a convenient spot to put your experience counters, which can be represented with dice, glass beads, or other small items."}], "securityStamp": "oval", "setCode": "OC15", "subtypes": ["Phyrexian", "Elf", "Warrior"], "supertypes": ["Legendary"], "text": "Whenever a creature with power 2 or less enters the battlefield under your control, you get an experience counter.\nAt the beginning of combat on your turn, put X +1/+1 counters on another target creature you control, where X is the number of experience counters you have.", "toughness": "3", "type": "Legendary Creature — Phyrexian Elf Warrior", "types": ["Creature"], "uuid": "fb7428cf-74a9-5b1a-9e79-2ffea11753df"}, {"artist": "Jason Chan", "availability": ["paper"], "borderColor": "black", "colorIdentity": ["R", "W"], "colors": ["R", "W"], "convertedManaCost": 4.0, "edhrecRank": 7997, "finishes": ["foil"], "foreignData": [], "frameVersion": "2015", "hasFoil": true, "hasNonFoil": false, "identifiers": {"cardKingdomFoilId": "203756", "mcmId": "286105", "mtgjsonV4Id": "6c2f2f9c-1e83-5399-b3a0-9c189d2811bb", "scryfallId": "d8b62178-9c25-4035-90d0-19fe25ca8474", "scryfallIllustrationId": "cacad3d4-f792-4fbb-812d-012df03ad017", "scryfallOracleId": "e100f9fc-b6fb-42ab-b9b3-796bede6804d", "tcgplayerProductId": "108443"}, "isOversized": true, "isReprint": true, "isStarter": true, "keywords": ["Double strike", "Vigilance"], "language": "English", "layout": "normal", "leadershipSkills": {"brawl": false, "commander": true, "oathbreaker": false}, "legalities": {"commander": "Legal", "duel": "Legal", "legacy": "Legal", "vintage": "Legal"}, "manaCost": "{2}{R}{W}", "manaValue": 4.0, "name": "Kalemne, Disciple of Iroas", "number": "45", "power": "3", "printings": ["C15", "CM2", "OC15", "PZ1"], "purchaseUrls": {"cardKingdomFoil": "https://mtgjson.com/links/98f0501d7b2c0ccf", "tcgplayer": "https://mtgjson.com/links/feed2a13606a88d3"}, "rarity": "mythic", "rulings": [{"date": "2015-11-04", "text": "Experience counters are the second kind of counters a player can have, joining poison."}, {"date": "2015-11-04", "text": "All experience counters are identical, no matter how you got them. For example, the last ability will count experience counters that you got from the first ability, from another ability, from proliferating, and so on."}, {"date": "2015-11-04", "text": "Each game pack includes a card labeled “Experience” with the suggestion “Place your experience counters here.” This card isn’t required for play. It’s simply a convenient spot to put your experience counters, which can be represented with dice, glass beads, or other small items."}], "securityStamp": "oval", "setCode": "OC15", "subtypes": ["Giant", "Soldier"], "supertypes": ["Legendary"], "text": "Double strike, vigilance\nWhenever you cast a creature spell with mana value 5 or greater, you get an experience counter.\nKalemne, Disciple of Iroas gets +1/+1 for each experience counter you have.", "toughness": "3", "type": "Legendary Creature — Giant Soldier", "types": ["Creature"], "uuid": "394090a8-95fb-5272-aacc-ca7c3c97f953"}, {"artist": "Mark Winters", "availability": ["paper"], "borderColor": "black", "colorIdentity": ["B", "G"], "colors": ["B", "G"], "convertedManaCost": 4.0, "edhrecRank": 1649, "finishes": ["foil"], "foreignData": [], "frameVersion": "2015", "hasFoil": true, "hasNonFoil": false, "identifiers": {"cardKingdomFoilId": "203757", "mcmId": "286103", "mtgjsonV4Id": "cfb3bee7-6b2e-5386-9e2d-cd999feabbeb", "scryfallId": "b8400831-1b23-451c-bc95-8f8b511b9885", "scryfallIllustrationId": "34f76b57-924d-4d09-b1f3-5185320a2498", "scryfallOracleId": "0310dfdb-0498-488d-9f1a-279f8239e024", "tcgplayerProductId": "108444"}, "isOversized": true, "isReprint": true, "isStarter": true, "language": "English", "layout": "normal", "leadershipSkills": {"brawl": false, "commander": true, "oathbreaker": false}, "legalities": {"commander": "Legal", "duel": "Legal", "legacy": "Legal", "vintage": "Legal"}, "manaCost": "{2}{B}{G}", "manaValue": 4.0, "name": "Meren of Clan Nel Toth", "number": "49", "power": "3", "printings": ["C15", "CMA", "MB1", "OC15", "PZ1", "SLD"], "purchaseUrls": {"cardKingdomFoil": "https://mtgjson.com/links/a208cf12942ef71e", "tcgplayer": "https://mtgjson.com/links/4f1eeb6285b5284f"}, "rarity": "mythic", "rulings": [{"date": "2015-11-04", "text": "If Meren of Clan Nel Toth leaves the battlefield at the same time as other creatures you control die, its first ability will trigger for each of those creatures."}, {"date": "2015-11-04", "text": "You can’t choose to put the creature card into your hand if its mana value is less than or equal to the number of experience counters you have as the ability resolves."}, {"date": "2015-11-04", "text": "If a creature card in your graveyard has {X} in its mana cost, X is 0."}, {"date": "2015-11-04", "text": "Experience counters are the second kind of counters a player can have, joining poison."}, {"date": "2015-11-04", "text": "All experience counters are identical, no matter how you got them. For example, the last ability will count experience counters that you got from the first ability, from another ability, from proliferating, and so on."}, {"date": "2015-11-04", "text": "Each game pack includes a card labeled “Experience” with the suggestion “Place your experience counters here.” This card isn’t required for play. It’s simply a convenient spot to put your experience counters, which can be represented with dice, glass beads, or other small items."}], "securityStamp": "oval", "setCode": "OC15", "subtypes": ["Human", "Shaman"], "supertypes": ["Legendary"], "text": "Whenever another creature you control dies, you get an experience counter.\nAt the beginning of your end step, choose target creature card in your graveyard. If that card's mana value is less than or equal to the number of experience counters you have, return it to the battlefield. Otherwise, put it into your hand.", "toughness": "4", "type": "Legendary Creature — Human Shaman", "types": ["Creature"], "uuid": "fd93408d-c874-5c6b-8173-0f75605923b5"}, {"artist": "Cliff Childs", "availability": ["paper"], "borderColor": "black", "colorIdentity": ["R", "U"], "colors": ["R", "U"], "convertedManaCost": 4.0, "edhrecRank": 4770, "finishes": ["foil"], "foreignData": [], "frameVersion": "2015", "hasFoil": true, "hasNonFoil": false, "identifiers": {"cardKingdomFoilId": "203758", "mcmId": "286106", "mtgjsonV4Id": "2f21c835-c610-50dd-8fdf-bebde4669462", "scryfallId": "73b5815e-540d-4594-b4ca-97c80022b6c2", "scryfallIllustrationId": "f14d0383-bdf9-443b-880e-650fd30156d8", "scryfallOracleId": "f787c6cf-a4ff-487b-a7b0-0f516e68510a", "tcgplayerProductId": "108445"}, "isOversized": true, "isReprint": true, "isStarter": true, "language": "English", "layout": "normal", "leadershipSkills": {"brawl": false, "commander": true, "oathbreaker": false}, "legalities": {"commander": "Legal", "duel": "Legal", "legacy": "Legal", "vintage": "Legal"}, "manaCost": "{2}{U}{R}", "manaValue": 4.0, "name": "Mizzix of the Izmagnus", "number": "50", "power": "2", "printings": ["2X2", "C15", "OC15", "PJ21", "PLIST", "PZ1"], "purchaseUrls": {"cardKingdomFoil": "https://mtgjson.com/links/3b3f8bcfd52522c1", "tcgplayer": "https://mtgjson.com/links/95566522aaf635ac"}, "rarity": "mythic", "rulings": [{"date": "2015-11-04", "text": "You finish casting a spell, including paying its costs, before Mizzix’s first ability triggers. The ability that gives you the experience counter will resolve before the spell that caused it to trigger."}, {"date": "2015-11-04", "text": "Mizzix’s last ability doesn’t change the mana cost or converted mana cost of any spell. It changes only the total cost you pay."}, {"date": "2015-11-04", "text": "Mizzix’s last ability can’t reduce the amount of colored mana you pay for a spell. It reduces only the generic component of that cost."}, {"date": "2015-11-04", "text": "If there are additional costs to cast a spell, or if the cost to cast a spell is increased by an effect (such as the one created by Thalia, Guardian of Thraben’s ability), apply those increases before applying cost reductions."}, {"date": "2015-11-04", "text": "The cost reduction can apply to alternative costs such as flashback costs."}, {"date": "2015-11-04", "text": "If an instant or sorcery spell you cast has {X} in its mana cost, you choose the value of X before calculating the spell’s total cost. For example, if that spell’s mana cost is {X}{R} and you have one experience counter, you could choose 5 as the value of X and pay {4}{R} to cast the spell."}, {"date": "2015-11-04", "text": "Experience counters are the second kind of counters a player can have, joining poison."}, {"date": "2015-11-04", "text": "All experience counters are identical, no matter how you got them. For example, the last ability will count experience counters that you got from the first ability, from another ability, from proliferating, and so on."}, {"date": "2015-11-04", "text": "Each game pack includes a card labeled “Experience” with the suggestion “Place your experience counters here.” This card isn’t required for play. It’s simply a convenient spot to put your experience counters, which can be represented with dice, glass beads, or other small items."}], "securityStamp": "oval", "setCode": "OC15", "subtypes": ["Goblin", "Wizard"], "supertypes": ["Legendary"], "text": "Whenever you cast an instant or sorcery spell with mana value greater than the number of experience counters you have, you get an experience counter.\nInstant and sorcery spells you cast cost {1} less to cast for each experience counter you have.", "toughness": "2", "type": "Legendary Creature — Goblin Wizard", "types": ["Creature"], "uuid": "b0602d6f-154e-5e0a-b5f3-6fb985da1f98"}], "code": "OC15", "isFoilOnly": true, "isOnlineOnly": false, "keyruneCode": "C15", "name": "Commander 2015 Oversized", "parentCode": "C15", "releaseDate": "2015-11-13", "tokens": [], "totalSetSize": 5, "translations": {}, "type": "memorabilia"}}