{"meta": {"date": "2022-09-29", "version": "5.2.0+20220929"}, "data": {"baseSetSize": 5, "block": "Commander", "cards": [{"artist": "Victor Adame Minguez", "availability": ["paper"], "borderColor": "black", "colorIdentity": ["B", "G", "U", "W"], "colors": ["B", "G", "U", "W"], "convertedManaCost": 4.0, "edhrecRank": 1620, "finishes": ["foil"], "foreignData": [], "frameVersion": "2015", "hasFoil": true, "hasNonFoil": false, "identifiers": {"cardKingdomFoilId": "209881", "mcmId": "293925", "mtgjsonV4Id": "90559bdf-dab0-5478-ba54-69b061c563fd", "scryfallId": "650722b4-d72b-4745-a1a5-00a34836282b", "scryfallIllustrationId": "aa6efe75-3fa3-42cd-800e-23320b431646", "scryfallOracleId": "7e6b9b59-cd68-4e3c-827b-38833c92d6eb", "tcgplayerProductId": "125317"}, "isOversized": true, "isReprint": true, "isStarter": true, "keywords": ["Deathtouch", "Flying", "Lifelink", "Proliferate", "Vigilance"], "language": "English", "layout": "normal", "leadershipSkills": {"brawl": false, "commander": true, "oathbreaker": false}, "legalities": {"commander": "Legal", "duel": "Legal", "legacy": "Legal", "vintage": "Legal"}, "manaCost": "{G}{W}{U}{B}", "manaValue": 4.0, "name": "Atraxa, Praetors' Voice", "number": "28", "power": "4", "printings": ["2XM", "C16", "CM2", "OC16", "PRM", "PZ2", "SLD"], "purchaseUrls": {"cardKingdomFoil": "https://mtgjson.com/links/998f2fb7e365beb7", "tcgplayer": "https://mtgjson.com/links/ec54a2e3aab2fa25"}, "rarity": "mythic", "rulings": [{"date": "2021-03-19", "text": "If a permanent has +1/+1 counters and -1/-1 counters on it, they're removed in pairs as a state-based action so that the permanent has only one of those kinds of counters on it."}, {"date": "2021-03-19", "text": "To proliferate, you can choose any permanent that has a counter, including ones controlled by opponents. You can't choose cards in any zone other than the battlefield, even if they have counters on them."}, {"date": "2021-03-19", "text": "You don't have to choose every permanent or player that has a counter, only the ones you want to add another counter to. Since “any number” includes zero, you don't have to choose any permanents at all, and you don't have to choose any players at all."}, {"date": "2021-03-19", "text": "Players can respond to a spell or ability whose effect includes proliferating. Once that spell or ability starts to resolve, however, and its controller chooses which permanents and players will get new counters, it's too late for anyone to respond."}], "securityStamp": "oval", "setCode": "OC16", "subtypes": ["Phyrexian", "Angel", "Horror"], "supertypes": ["Legendary"], "text": "Flying, vigilance, deathtouch, lifelink\nAt the beginning of your end step, proliferate. (Choose any number of permanents and/or players, then give each another counter of each kind already there.)", "toughness": "4", "type": "Legendary Creature — Phyrexian Angel Horror", "types": ["Creature"], "uuid": "e1fbff3c-e4c0-56b7-aa99-205a37f9452c"}, {"artist": "Clint Cearley", "availability": ["paper"], "borderColor": "black", "colorIdentity": ["B", "R", "U", "W"], "colors": ["B", "R", "U", "W"], "convertedManaCost": 4.0, "edhrecRank": 3461, "finishes": ["foil"], "foreignData": [], "frameVersion": "2015", "hasFoil": true, "hasNonFoil": false, "identifiers": {"cardKingdomFoilId": "209878", "mcmId": "293924", "mtgjsonV4Id": "38bc95de-f113-5a01-b355-7c9beeb4cfff", "scryfallId": "dec79304-65fb-4064-ba39-85d04fd91574", "scryfallIllustrationId": "ebd7cf05-98cf-4cb3-97b4-a138048e4bf1", "scryfallOracleId": "d460a9e2-5a7d-4562-880e-45174be19a9d", "tcgplayerProductId": "125318"}, "isOversized": true, "isReprint": true, "isStarter": true, "language": "English", "layout": "normal", "leadershipSkills": {"brawl": false, "commander": true, "oathbreaker": false}, "legalities": {"commander": "Legal", "duel": "Restricted", "legacy": "Legal", "vintage": "Legal"}, "manaCost": "{W}{U}{B}{R}", "manaValue": 4.0, "name": "Breya, Etherium Shaper", "number": "29", "power": "4", "printings": ["2XM", "C16", "OC16", "PZ2", "SLD"], "purchaseUrls": {"cardKingdomFoil": "https://mtgjson.com/links/77911244b204900a", "tcgplayer": "https://mtgjson.com/links/1972df8695e21f9c"}, "rarity": "mythic", "rulings": [{"date": "2017-04-17", "text": "Breya, Etherium Shaper is banned as a commander in Duel Commander format, but it may be part of your deck."}, {"date": "2020-08-07", "text": "Breya can be one of the two artifacts sacrificed to pay the cost of its last ability."}], "securityStamp": "oval", "setCode": "OC16", "subtypes": ["Human"], "supertypes": ["Legendary"], "text": "When Breya, Etherium Shaper enters the battlefield, create two 1/1 blue Thopter artifact creature tokens with flying.\n{2}, Sacrifice two artifacts: Choose one —\n• Breya deals 3 damage to target player or planeswalker.\n• Target creature gets -4/-4 until end of turn.\n• You gain 5 life.", "toughness": "4", "type": "Legendary Artifact Creature — Human", "types": ["Artifact", "Creature"], "uuid": "cb2a58c2-440a-544c-ae0c-8c98309c7dbc"}, {"artist": "Willian Murai", "availability": ["paper"], "borderColor": "black", "colorIdentity": ["G", "R", "U", "W"], "colors": ["G", "R", "U", "W"], "convertedManaCost": 4.0, "edhrecRank": 4750, "finishes": ["foil"], "flavorText": "\"Look what we fought for. Look what we built together.\"", "foreignData": [], "frameVersion": "2015", "hasFoil": true, "hasNonFoil": false, "identifiers": {"cardKingdomFoilId": "209880", "mcmId": "293926", "mtgjsonV4Id": "987493b5-dfa3-5ccd-b52c-d3f1dfeeb1de", "scryfallId": "7b44f926-1213-4a61-9db9-7067664b0b63", "scryfallIllustrationId": "724926a1-6470-4b11-b55c-ed1bb8802703", "scryfallOracleId": "53ee4254-fef7-49ec-aafc-0320987764e6", "tcgplayerProductId": "125319"}, "isOversized": true, "isReprint": true, "isStarter": true, "language": "English", "layout": "normal", "leadershipSkills": {"brawl": false, "commander": true, "oathbreaker": false}, "legalities": {"commander": "Legal", "duel": "Legal", "legacy": "Legal", "vintage": "Legal"}, "manaCost": "{R}{G}{W}{U}", "manaValue": 4.0, "name": "Kynaios and Tiro of Meletis", "number": "36", "power": "2", "printings": ["C16", "OC16", "PZ2"], "purchaseUrls": {"cardKingdomFoil": "https://mtgjson.com/links/a6dd250ef36652b5", "tcgplayer": "https://mtgjson.com/links/7727f68f231b9a9f"}, "rarity": "mythic", "rulings": [{"date": "2016-11-08", "text": "Starting with you and proceeding in turn order, each player chooses a land card from their hand or chooses not to choose one, but doesn’t reveal any chosen lands yet. Once all players have made this choice, all chosen lands are revealed and enter the battlefield simultaneously."}, {"date": "2016-11-08", "text": "If the card you draw is a land card, you may choose it to put onto the battlefield."}], "securityStamp": "oval", "setCode": "OC16", "subtypes": ["Human", "Soldier"], "supertypes": ["Legendary"], "text": "At the beginning of your end step, draw a card. Each player may put a land card from their hand onto the battlefield, then each opponent who didn't draws a card.", "toughness": "8", "type": "Legendary Creature — Human Soldier", "types": ["Creature"], "uuid": "f8c35106-6776-53e6-8490-2871da1ebb28"}, {"artist": "Greg Opalinski", "availability": ["paper"], "borderColor": "black", "colorIdentity": ["B", "G", "R", "W"], "colors": ["B", "G", "R", "W"], "convertedManaCost": 4.0, "edhrecRank": 5034, "finishes": ["foil"], "foreignData": [], "frameVersion": "2015", "hasFoil": true, "hasNonFoil": false, "identifiers": {"cardKingdomFoilId": "209879", "mcmId": "293927", "mtgjsonV4Id": "699a6c4e-e0d2-58aa-b6be-6fd150a3a516", "scryfallId": "5733ce94-08d5-4288-8241-0ba5c0f99b27", "scryfallIllustrationId": "d0fd8834-cc78-4567-a438-e0c368e97cca", "scryfallOracleId": "e54d207c-51b8-458e-86a1-2633ac064c8e", "tcgplayerProductId": "125320"}, "isOversized": true, "isReprint": true, "isStarter": true, "keywords": ["Haste", "Vigilance"], "language": "English", "layout": "normal", "leadershipSkills": {"brawl": false, "commander": true, "oathbreaker": false}, "legalities": {"commander": "Legal", "duel": "Legal", "legacy": "Legal", "vintage": "Legal"}, "manaCost": "{B}{R}{G}{W}", "manaValue": 4.0, "name": "Saskia the Unyielding", "number": "41", "power": "3", "printings": ["C16", "OC16", "PZ2", "SLD"], "purchaseUrls": {"cardKingdomFoil": "https://mtgjson.com/links/6a04dd9669421be4", "tcgplayer": "https://mtgjson.com/links/ef27c83a0be09779"}, "rarity": "mythic", "rulings": [{"date": "2016-11-08", "text": "If a creature you control deals combat damage to the chosen player, it deals that much damage to that player again."}, {"date": "2016-11-08", "text": "The damage that Saskia’s ability causes a creature to deal isn’t combat damage."}, {"date": "2016-11-08", "text": "Once the chosen player has left the game, Saskia’s triggered ability will have no effect."}, {"date": "2016-11-08", "text": "If Saskia leaves the battlefield and returns, you choose a player again. It doesn’t remember the previously chosen player."}], "securityStamp": "oval", "setCode": "OC16", "subtypes": ["Human", "Soldier"], "supertypes": ["Legendary"], "text": "Vigilance, haste\nAs Saskia the Unyielding enters the battlefield, choose a player.\nWhenever a creature you control deals combat damage to a player, it deals that much damage to the chosen player.", "toughness": "4", "type": "Legendary Creature — Human Soldier", "types": ["Creature"], "uuid": "000b229e-1a7d-51ff-bd62-4f87682b69b6"}, {"artist": "Karl Kopinski", "availability": ["paper"], "borderColor": "black", "colorIdentity": ["B", "G", "R", "U"], "colors": ["B", "G", "R", "U"], "convertedManaCost": 4.0, "edhrecRank": 4961, "finishes": ["foil"], "foreignData": [], "frameVersion": "2015", "hasFoil": true, "hasNonFoil": false, "identifiers": {"cardKingdomFoilId": "209877", "mcmId": "293928", "mtgjsonV4Id": "6c325253-643d-553f-93a1-45a68350fb08", "scryfallId": "9d64a386-d426-4897-b14c-cd0706edd2a4", "scryfallIllustrationId": "9ea1f0cf-af59-4371-b35b-9301113ea533", "scryfallOracleId": "9efe8aff-9a7d-4397-b5fd-c1a0fad7c15f", "tcgplayerProductId": "125321"}, "isOversized": true, "isReprint": true, "isStarter": true, "keywords": ["Trample"], "language": "English", "layout": "normal", "leadershipSkills": {"brawl": false, "commander": true, "oathbreaker": false}, "legalities": {"commander": "Legal", "duel": "Legal", "legacy": "Legal", "vintage": "Legal"}, "manaCost": "{U}{B}{R}{G}", "manaValue": 4.0, "name": "Yidris, Maelstrom Wielder", "number": "50", "power": "5", "printings": ["C16", "OC16", "PZ2", "SLD"], "purchaseUrls": {"cardKingdomFoil": "https://mtgjson.com/links/f7a7c06cbf55c7ef", "tcgplayer": "https://mtgjson.com/links/f413bc083e8382e8"}, "rarity": "mythic", "rulings": [{"date": "2016-11-08", "text": "Spells you cast from your hand this turn will gain cascade even if Yidris leaves the battlefield."}, {"date": "2016-11-08", "text": "If Yidris’s triggered ability resolves more than once in one turn, spells you cast from your hand will gain cascade that many times. Each instance of cascade triggers separately; resolve one cascade trigger and the spell you cast from it before resolving the next cascade trigger."}, {"date": "2016-11-08", "text": "The cascade ability triggers when you cast the spell, meaning that it resolves before that spell. If you cast the card exiled by the cascade ability, that spell will go on the stack above the spell with cascade."}, {"date": "2016-11-08", "text": "When the cascade ability resolves, you must exile cards. The only optional part of the ability is whether or not you cast the last card exiled."}, {"date": "2016-11-08", "text": "If a spell with cascade is countered, the cascade ability will still resolve normally."}, {"date": "2016-11-08", "text": "You exile the cards face up. All players will be able to see them."}, {"date": "2016-11-08", "text": "You don’t have to cast the last card exiled by a cascade ability. If you choose to do so, you’re casting it as a spell. It can be countered. Since it’s cast from exile, Ydris’s ability won’t give the new spell cascade."}], "securityStamp": "oval", "setCode": "OC16", "subtypes": ["Ogre", "Wizard"], "supertypes": ["Legendary"], "text": "Trample\nWhenever Yidris, Maelstrom Wielder deals combat damage to a player, as you cast spells from your hand this turn, they gain cascade. (When you cast the spell, exile cards from the top of your library until you exile a nonland card that costs less. You may cast it without paying its mana cost. Put the exiled cards on the bottom of your library in a random order.)", "toughness": "4", "type": "Legendary Creature — Ogre Wizard", "types": ["Creature"], "uuid": "9d17fe83-3998-58d6-aa90-e8f3f1da8c07"}], "code": "OC16", "isFoilOnly": true, "isOnlineOnly": false, "keyruneCode": "C16", "name": "Commander 2016 Oversized", "parentCode": "C16", "releaseDate": "2016-11-11", "tokens": [], "totalSetSize": 5, "translations": {}, "type": "memorabilia"}}