{"meta": {"date": "2022-09-29", "version": "5.2.0+20220929"}, "data": {"baseSetSize": 20, "cards": [{"artist": "Adrian Majkrzak", "availability": ["paper"], "borderColor": "black", "colorIdentity": [], "colors": [], "convertedManaCost": 0.0, "finishes": ["nonfoil"], "foreignData": [], "frameVersion": "2015", "hasFoil": false, "hasNonFoil": true, "identifiers": {"cardKingdomId": "212742", "mcmId": "298306", "mtgjsonV4Id": "583e2810-e097-5baa-a18f-9657a45b52e1", "multiverseId": "430646", "scryfallId": "ab9016e5-f64f-4574-bf30-da0456b1ddec", "scryfallIllustrationId": "c70b4169-a181-4676-9a5f-bd8d9894d586", "scryfallOracleId": "125b1dc2-020e-474e-8d8d-355b574dbddc", "tcgplayerProductId": "132355"}, "isOversized": true, "isStarter": true, "language": "English", "layout": "scheme", "legalities": {}, "manaValue": 0.0, "name": "Because I Have Willed It", "number": "1★", "originalText": "(An ongoing scheme remains face up until it's abandoned.)\nSpells you cast cost {1} less to cast.\nAt the beginning of your opponents' end step, if they cast four or more spells this turn, abandon this scheme.", "originalType": "Ongoing Scheme", "printings": ["OE01"], "purchaseUrls": {"cardKingdom": "https://mtgjson.com/links/a8d5bc6124cc64c5", "tcgplayer": "https://mtgjson.com/links/cae5c0454a937b62"}, "rarity": "common", "rulings": [{"date": "2017-06-13", "text": "Abilities that reduce the cost of a spell apply after abilities that raise them. For example, Borrowed Malevolence with both modes chosen costs {1}{B} to cast if this scheme is face up."}, {"date": "2017-06-13", "text": "Effects that reduce the generic mana cost of a spell can’t reduce that spell’s colored mana requirements."}, {"date": "2017-06-13", "text": "If an instant or sorcery spell has {X} in its mana cost, choose the value for X first, then reduce the cost by {1}. For example, Volcanic Geyser with X chosen as 4 costs {3}{R}{R} to cast if this scheme is face up."}, {"date": "2017-06-13", "text": "For this scheme’s second ability to trigger, the players on the opposing team must have cast four spells total among them."}, {"date": "2017-06-13", "text": "If an opponent cast a spell during the opposing team’s turn and then left the game, that spell counts when determining whether the last ability of this scheme triggers."}, {"date": "2017-06-13", "text": "The second ability only checks that four or more spells were cast. It doesn’t matter if those spells are countered or fail to resolve for other reasons."}, {"date": "2017-06-13", "text": "In a Supervillain Rumble game, the last ability of this scheme triggers at the beginning of each opponent’s end step if that player alone has cast four or more spells that turn."}], "setCode": "OE01", "subtypes": [], "supertypes": ["Ongoing"], "text": "(An ongoing scheme remains face up until it's abandoned.)\nSpells you cast cost {1} less to cast.\nAt the beginning of your opponents' end step, if they cast four or more spells this turn, abandon this scheme.", "type": "Ongoing Scheme", "types": ["Scheme"], "uuid": "578c789d-f78e-5d05-9658-f53b0026c8f6"}, {"artist": "Zack Stella", "availability": ["paper"], "borderColor": "black", "colorIdentity": ["B", "R", "U"], "colors": [], "convertedManaCost": 0.0, "finishes": ["nonfoil"], "foreignData": [], "frameVersion": "2015", "hasFoil": false, "hasNonFoil": true, "identifiers": {"cardKingdomId": "212734", "mcmId": "298298", "mtgjsonV4Id": "591c3f29-e1bd-5c30-a014-4944a972ae02", "multiverseId": "430647", "scryfallId": "79610a3e-7e54-4dad-85b4-96a8773e6c99", "scryfallIllustrationId": "1e5b6859-f803-4ebf-8a89-12e452e9f287", "scryfallOracleId": "e59e0318-85ef-4e58-92d8-c0be1d0b6072", "tcgplayerProductId": "132356"}, "isOversized": true, "isStarter": true, "language": "English", "layout": "scheme", "legalities": {}, "manaValue": 0.0, "name": "Behold My Grandeur", "number": "2★", "originalText": "When you set this scheme in motion, add {U}{B}{R} to your mana pool.\nWhen you set this scheme in motion, if you control six or more lands, you may search your library for a card with converted mana cost 6 or greater, reveal it, put it into your hand, then shuffle your library.", "originalType": "Scheme", "printings": ["OE01"], "purchaseUrls": {"cardKingdom": "https://mtgjson.com/links/247d73da4108d338", "tcgplayer": "https://mtgjson.com/links/47bdc9ff57b767ea"}, "rarity": "common", "rulings": [{"date": "2017-06-13", "text": "This scheme’s first ability isn’t a mana ability. Opponents may respond to it before you have that mana."}, {"date": "2017-06-13", "text": "This scheme adds mana during your precombat main phase. If you don’t spend it before you move to your combat step, it will empty from your mana pool as your main phase ends."}, {"date": "2017-06-13", "text": "The number of lands you control is checked as you set this scheme in motion and again as its second ability resolves. Once this scheme has been set in motion, you can’t play a land or use an effect to put one onto the battlefield before the second ability could trigger."}], "setCode": "OE01", "subtypes": [], "supertypes": [], "text": "When you set this scheme in motion, add {U}{B}{R}.\nWhen you set this scheme in motion, if you control six or more lands, you may search your library for a card with mana value 6 or greater, reveal it, put it into your hand, then shuffle.", "type": "Scheme", "types": ["Scheme"], "uuid": "b0fe7449-bdab-532c-89f8-d228fadfe305"}, {"artist": "Dan Scott", "availability": ["paper"], "borderColor": "black", "colorIdentity": [], "colors": [], "convertedManaCost": 0.0, "finishes": ["nonfoil"], "foreignData": [], "frameVersion": "2015", "hasFoil": false, "hasNonFoil": true, "identifiers": {"cardKingdomId": "212747", "mcmId": "298311", "mtgjsonV4Id": "05aedd51-30eb-5775-9047-8dcf071c136b", "multiverseId": "430648", "scryfallId": "9154812b-1716-4862-a176-9a11111ed12f", "scryfallIllustrationId": "5a868581-79ce-42e0-84e0-2e7894621b7f", "scryfallOracleId": "9a7dd3fd-3b60-43f5-8526-769af407cd3e", "tcgplayerProductId": "132357"}, "isOversized": true, "isStarter": true, "language": "English", "layout": "scheme", "legalities": {}, "manaValue": 0.0, "name": "Bow to My Command", "number": "3★", "originalText": "(An ongoing scheme remains face up until it's abandoned.)\nAs you set this scheme in motion, choose an opponent.\nCreatures the chosen player controls can't attack you or planeswalkers you control.\nAt the beginning of your opponents' end step, they may tap any number of untapped creatures they control with total power 8 or greater. If they do, abandon this scheme.", "originalType": "Ongoing Scheme", "printings": ["OE01"], "purchaseUrls": {"cardKingdom": "https://mtgjson.com/links/31043c7a5c7d54de", "tcgplayer": "https://mtgjson.com/links/4a37e877ac8fc0f9"}, "rarity": "common", "rulings": [{"date": "2017-06-13", "text": "If the chosen player leaves the game, this scheme isn’t abandoned, but its middle ability won’t have any effect anymore. You won’t choose a new player."}, {"date": "2017-06-13", "text": "If multiple abilities trigger at the beginning of your opponents’ end step, first their abilities are put onto the stack in any order, and then you put your abilities onto the stack in any order. Your abilities resolve before theirs do."}, {"date": "2017-06-13", "text": "To pay the cost of this scheme’s second ability, your opponents collectively need to tap creatures with total power 8 or greater. Those creatures may be controlled by different teammates."}, {"date": "2017-06-13", "text": "Your opponents may tap creatures that came under their control this turn to pay the cost of this scheme’s last ability."}, {"date": "2017-06-13", "text": "Once your opponents have chosen to tap creatures, you can’t take any action until they’re tapped and this scheme has been abandoned."}, {"date": "2017-06-13", "text": "In a Supervillain Rumble game, this scheme’s last ability triggers at the beginning of each opponent’s end step. Only that player may tap untapped creatures they control."}], "setCode": "OE01", "subtypes": [], "supertypes": ["Ongoing"], "text": "(An ongoing scheme remains face up until it's abandoned.)\nAs you set this scheme in motion, choose an opponent.\nCreatures the chosen player controls can't attack you or planeswalkers you control.\nAt the beginning of your opponents' end step, they may tap any number of untapped creatures they control with total power 8 or greater. If they do, abandon this scheme.", "type": "Ongoing Scheme", "types": ["Scheme"], "uuid": "6ee3c7a9-a08d-503b-8005-8e3de8006502"}, {"artist": "Nils Hamm", "availability": ["paper"], "borderColor": "black", "colorIdentity": [], "colors": [], "convertedManaCost": 0.0, "finishes": ["nonfoil"], "foreignData": [], "frameVersion": "2015", "hasFoil": false, "hasNonFoil": true, "identifiers": {"cardKingdomId": "212744", "mcmId": "298308", "mtgjsonV4Id": "6793fb3e-c4db-550b-b371-3dc95df9d94c", "multiverseId": "430649", "scryfallId": "f0c1a965-eca8-4444-bda8-8e4e54a0267d", "scryfallIllustrationId": "5929c3aa-2f7d-4906-80cb-fd949251b07a", "scryfallOracleId": "af7aa378-efab-47ed-91ed-c10ea9798d18", "tcgplayerProductId": "132358"}, "isOversized": true, "isStarter": true, "language": "English", "layout": "scheme", "legalities": {}, "manaValue": 0.0, "name": "Choose Your Demise", "number": "4★", "originalText": "When you set this scheme in motion, look at the top four cards of your library and separate them into a face-down pile and a face-up pile. An opponent chooses one of those piles. Put the cards in that pile into your hand and the rest on the bottom of your library in any order.", "originalType": "Scheme", "printings": ["OE01"], "purchaseUrls": {"cardKingdom": "https://mtgjson.com/links/2baa32907d6fd567", "tcgplayer": "https://mtgjson.com/links/84604f1871e7c843"}, "rarity": "common", "rulings": [{"date": "2017-06-13", "text": "You choose one opponent to make the final choice of which pile is put into your hand, but all players may discuss and advise this choice."}, {"date": "2017-06-13", "text": "You don’t have to reveal the cards in the face-down pile, no matter which zone they’re put into. Resist the urge to gloat at the heroes if their decision serves your master plan."}, {"date": "2017-06-13", "text": "The split doesn’t have to be even. The piles can be split with a single card in one pile and three cards in another. A pile can even have zero cards in it—in this case, an opponent chooses whether to put all the cards into your hand or into your library."}], "setCode": "OE01", "subtypes": [], "supertypes": [], "text": "When you set this scheme in motion, look at the top four cards of your library and separate them into a face-down pile and a face-up pile. An opponent chooses one of those piles. Put the cards in that pile into your hand and the rest on the bottom of your library in any order.", "type": "Scheme", "types": ["Scheme"], "uuid": "e3116acf-a9a1-5c26-b69e-32cf3cc30502"}, {"artist": "Titus Lunter", "availability": ["paper"], "borderColor": "black", "colorIdentity": [], "colors": [], "convertedManaCost": 0.0, "finishes": ["nonfoil"], "flavorText": "\"Pain is a delusion of the weak. I'll demonstrate.\"", "foreignData": [], "frameVersion": "2015", "hasFoil": false, "hasNonFoil": true, "identifiers": {"cardKingdomId": "212743", "mcmId": "298307", "mtgjsonV4Id": "b730d767-ae5e-5dd8-8071-fbd9e3fdc2a9", "multiverseId": "430650", "scryfallId": "9d27c789-b5b2-419e-a899-cf48e89b4701", "scryfallIllustrationId": "13ca01cb-04b1-432e-90a5-045622f4049f", "scryfallOracleId": "33d3eb65-23a0-436d-96bb-37106a7a8e26", "tcgplayerProductId": "132359"}, "isOversized": true, "isStarter": true, "language": "English", "layout": "scheme", "legalities": {}, "manaValue": 0.0, "name": "Delight in the Hunt", "number": "5★", "originalText": "When you set this scheme in motion, create a 3/3 black Horror creature token and prevent all damage that would be dealt to creatures you control this turn.", "originalType": "Scheme", "printings": ["OE01"], "purchaseUrls": {"cardKingdom": "https://mtgjson.com/links/46c03435aa4b7a46", "tcgplayer": "https://mtgjson.com/links/13a7da565c208c38"}, "rarity": "common", "rulings": [{"date": "2017-06-13", "text": "This scheme’s effect prevents damage that would be dealt to any creature you control this turn, even those that come under your control later in the turn."}], "setCode": "OE01", "subtypes": [], "supertypes": [], "text": "When you set this scheme in motion, create a 3/3 black Horror creature token and prevent all damage that would be dealt to creatures you control this turn.", "type": "Scheme", "types": ["Scheme"], "uuid": "a397d897-5fc3-541b-a17b-6bfef95e6a2b"}, {"artist": "Mathias Kollros", "availability": ["paper"], "borderColor": "black", "colorIdentity": [], "colors": [], "convertedManaCost": 0.0, "finishes": ["nonfoil"], "flavorText": "\"Let me unburden you of these fatuous hopes.\"", "foreignData": [], "frameVersion": "2015", "hasFoil": false, "hasNonFoil": true, "identifiers": {"cardKingdomId": "212732", "mcmId": "298296", "mtgjsonV4Id": "ffe957eb-b505-574f-b429-1b56d28298aa", "multiverseId": "430651", "scryfallId": "0cf5227a-36ca-4c4c-8e61-e37bf92d41fd", "scryfallIllustrationId": "c7e69052-b298-467f-a95d-c09a4aeab4fd", "scryfallOracleId": "05f34af0-cb22-45dc-9228-145c5427d6c6", "tcgplayerProductId": "132360"}, "isOversized": true, "isStarter": true, "language": "English", "layout": "scheme", "legalities": {}, "manaValue": 0.0, "name": "Every Dream a Nightmare", "number": "6★", "originalText": "When you set this scheme in motion, each opponent discards a card. You draw a card for each land card discarded this way.", "originalType": "Scheme", "printings": ["OE01"], "purchaseUrls": {"cardKingdom": "https://mtgjson.com/links/3526999f8960dfa9", "tcgplayer": "https://mtgjson.com/links/e4ac82b097710f2b"}, "rarity": "common", "rulings": [{"date": "2017-06-13", "text": "In a Supervillain Rumble game, first the next player in turn order chooses a card in hand without revealing it, then each other opponent in turn order does the same. Then all the chosen cards are discarded simultaneously."}], "setCode": "OE01", "subtypes": [], "supertypes": [], "text": "When you set this scheme in motion, each opponent discards a card. You draw a card for each land card discarded this way.", "type": "Scheme", "types": ["Scheme"], "uuid": "013803e4-103e-59f9-b5da-65986c94b174"}, {"artist": "Marco Nelor", "availability": ["paper"], "borderColor": "black", "colorIdentity": [], "colors": [], "convertedManaCost": 0.0, "finishes": ["nonfoil"], "flavorText": "\"My generosity blesses you all, even the undeserving.\"", "foreignData": [], "frameVersion": "2015", "hasFoil": false, "hasNonFoil": true, "identifiers": {"cardKingdomId": "212735", "mcmId": "298299", "mtgjsonV4Id": "087b305d-40fb-5db7-b88d-471454a2e266", "multiverseId": "430652", "scryfallId": "62e12aa1-873b-4983-8675-760b3100e254", "scryfallIllustrationId": "e991b287-09ba-4b87-8c30-de207c057fa7", "scryfallOracleId": "75c9b8f1-6818-430f-865b-0148d9b5bebb", "tcgplayerProductId": "132361"}, "isOversized": true, "isStarter": true, "language": "English", "layout": "scheme", "legalities": {}, "manaValue": 0.0, "name": "For Each of You, a Gift", "number": "7★", "originalText": "When you set this scheme in motion, for each opponent, create a 3/3 black Horror creature token that attacks that player each combat if able.", "originalType": "Scheme", "printings": ["OE01"], "purchaseUrls": {"cardKingdom": "https://mtgjson.com/links/112cb1d040e4d874", "tcgplayer": "https://mtgjson.com/links/b06cf6c35e64a6d5"}, "rarity": "common", "rulings": [{"date": "2017-06-13", "text": "Each Horror token can attack only the player it was created for. It can’t attack a planeswalker that player controls."}, {"date": "2017-06-13", "text": "If two or more effects require a creature to attack different players or planeswalkers, such as that of this scheme and that of Gideon Jura’s first ability, that creature’s controller chooses one to fulfill."}, {"date": "2017-06-13", "text": "If one of these creatures can’t attack its player during a given turn (perhaps because that player has left the game, or because a member of the opposing team has gained control of it), it may attack another player, attack a planeswalker an opponent controls, or not attack at all. If there’s a cost associated with having that creature attack its player, you aren’t forced to pay that cost, so it may attack another player, attack a planeswalker an opponent controls, or not attack at all."}], "setCode": "OE01", "subtypes": [], "supertypes": [], "text": "When you set this scheme in motion, for each opponent, create a 3/3 black Horror creature token that attacks that player each combat if able.", "type": "Scheme", "types": ["Scheme"], "uuid": "c7745ca8-5733-592b-a620-084c9badb82c"}, {"artist": "Anthony Palumbo", "availability": ["paper"], "borderColor": "black", "colorIdentity": [], "colors": [], "convertedManaCost": 0.0, "finishes": ["nonfoil"], "foreignData": [], "frameVersion": "2015", "hasFoil": false, "hasNonFoil": true, "identifiers": {"cardKingdomId": "212746", "mcmId": "298310", "mtgjsonV4Id": "ca5e02f3-1ff8-5af5-8484-849aa49cad96", "multiverseId": "430653", "scryfallId": "ef43192f-4e83-4ffc-a932-4ecf211b4a4a", "scryfallIllustrationId": "33be140e-7b60-4889-8513-8c77014c1ad2", "scryfallOracleId": "b7eff724-6dd6-4a9f-9e2b-e3a3d85c7d09", "tcgplayerProductId": "132362"}, "isOversized": true, "isStarter": true, "language": "English", "layout": "scheme", "legalities": {}, "manaValue": 0.0, "name": "Know Evil", "number": "8★", "originalText": "When you set this scheme in motion, until your next turn, up to one target opponent can't attack with creatures, up to one target opponent can't cast creature spells, and up to one target opponent can't cast noncreature spells. You can't target any player more than once.", "originalType": "Scheme", "printings": ["OE01"], "purchaseUrls": {"cardKingdom": "https://mtgjson.com/links/6576c296baa29e79", "tcgplayer": "https://mtgjson.com/links/4bca5b7cd48c5a23"}, "rarity": "common", "rulings": [{"date": "2017-06-13", "text": "You can’t target the same player more than once with this scheme’s ability. This ability doesn’t affect choosing targets for spells and other abilities."}, {"date": "2017-06-13", "text": "The player who can’t cast noncreature spells can still play lands."}, {"date": "2017-06-13", "text": "If you don’t have three opponents left, you choose which effects won’t have a target. For example, if you have only one opponent left, you can choose no target for the first or second effect and just stop that player from casting noncreature spells."}, {"date": "2017-06-13", "text": "If you leave a Supervillain Rumble game after setting this scheme in motion but before your next turn begins, its effects last until your next turn would have begun. They neither expire immediately nor last indefinitely."}], "setCode": "OE01", "subtypes": [], "supertypes": [], "text": "When you set this scheme in motion, until your next turn, up to one target opponent can't attack with creatures, up to one target opponent can't cast creature spells, and up to one target opponent can't cast noncreature spells. You can't choose any player as a target more than once.", "type": "Scheme", "types": ["Scheme"], "uuid": "c7c5ec4f-caf0-5ce7-8aae-7f1040d8d498"}, {"artist": "David Gaillet", "availability": ["paper"], "borderColor": "black", "colorIdentity": [], "colors": [], "convertedManaCost": 0.0, "finishes": ["nonfoil"], "flavorText": "\"To think you've spent years honing your body only to die like this.\"", "foreignData": [], "frameVersion": "2015", "hasFoil": false, "hasNonFoil": true, "identifiers": {"cardKingdomId": "212738", "mcmId": "298302", "mtgjsonV4Id": "c7dff0ba-5a07-5d8d-8873-7d3828fa3eb7", "multiverseId": "430654", "scryfallId": "f008b858-033f-43c2-a8ca-87b5ba41658f", "scryfallIllustrationId": "dbbd4e9c-4622-49ba-8574-4a609c7ac819", "scryfallOracleId": "1e502010-4cea-485b-ac89-abcbc725ba13", "tcgplayerProductId": "132363"}, "isOversized": true, "isStarter": true, "language": "English", "layout": "scheme", "legalities": {}, "manaValue": 0.0, "name": "Make Yourself Useful", "number": "9★", "originalText": "When you set this scheme in motion, destroy target creature an opponent controls. If a creature is destroyed this way, you gain life equal to its toughness.", "originalType": "Scheme", "printings": ["OE01"], "purchaseUrls": {"cardKingdom": "https://mtgjson.com/links/53c7c45621377d3f", "tcgplayer": "https://mtgjson.com/links/569bf0ffa27f3d5d"}, "rarity": "common", "rulings": [{"date": "2017-06-13", "text": "If the target creature isn’t destroyed, most likely because it has indestructible, you won’t gain any life. The same is true if the target creature leaves the battlefield before this scheme’s triggered ability resolves."}], "setCode": "OE01", "subtypes": [], "supertypes": [], "text": "When you set this scheme in motion, destroy target creature an opponent controls. If a creature is destroyed this way, you gain life equal to its toughness.", "type": "Scheme", "types": ["Scheme"], "uuid": "34614d1f-6adb-5d91-ab6f-0cfbd438d1a7"}, {"artist": "Volkan Baǵa", "availability": ["paper"], "borderColor": "black", "colorIdentity": [], "colors": [], "convertedManaCost": 0.0, "finishes": ["nonfoil"], "flavorText": "\"Cry out for your comrades so that they may join you in misery.\"", "foreignData": [], "frameVersion": "2015", "hasFoil": false, "hasNonFoil": true, "identifiers": {"cardKingdomId": "212748", "mcmId": "298312", "mtgjsonV4Id": "65e61f1b-0ed7-5846-b7fe-503e9f03cf8c", "multiverseId": "430655", "scryfallId": "67098362-47be-4c5d-8189-6bf4e6807f06", "scryfallIllustrationId": "ee7e71db-7371-43eb-9ad9-bb408bfdc6eb", "scryfallOracleId": "9f6c10bd-a1ae-4ec6-b7d4-a93535c3e6c1", "tcgplayerProductId": "132369"}, "isOversized": true, "isStarter": true, "language": "English", "layout": "scheme", "legalities": {}, "manaValue": 0.0, "name": "The Mighty Will Fall", "number": "10★", "originalText": "When you set this scheme in motion, choose an opponent with the highest life total among your opponents. That player loses 7 life.", "originalType": "Scheme", "printings": ["OE01"], "purchaseUrls": {"cardKingdom": "https://mtgjson.com/links/64ca4dcdb1b33db3", "tcgplayer": "https://mtgjson.com/links/00a3218eb8210b5a"}, "rarity": "common", "rulings": [], "setCode": "OE01", "subtypes": [], "supertypes": [], "text": "When you set this scheme in motion, choose an opponent with the highest life total among your opponents. That player loses 7 life.", "type": "Scheme", "types": ["Scheme"], "uuid": "c8d9f927-15d5-5fac-a3da-d4f67ed2b590"}, {"artist": "Seb McKinnon", "availability": ["paper"], "borderColor": "black", "colorIdentity": [], "colors": [], "convertedManaCost": 0.0, "finishes": ["nonfoil"], "foreignData": [], "frameVersion": "2015", "hasFoil": false, "hasNonFoil": true, "identifiers": {"cardKingdomId": "212739", "mcmId": "298303", "mtgjsonV4Id": "84610af5-76aa-5af2-98ff-12c0a095e82e", "multiverseId": "430656", "scryfallId": "ffedba3e-8e4b-430c-8428-170d393918cf", "scryfallIllustrationId": "236d7f91-8aeb-4978-b1ad-84c302dbc31a", "scryfallOracleId": "a713aff7-149d-4a98-9fc3-c0df37f63929", "tcgplayerProductId": "132364"}, "isOversized": true, "isStarter": true, "language": "English", "layout": "scheme", "legalities": {}, "manaValue": 0.0, "name": "My Forces Are Innumerable", "number": "11★", "originalText": "(An ongoing scheme remains face up until it's abandoned.)\nAt the beginning of your end step, create a 3/3 black Horror creature token.\nAt the beginning of your opponents' end step, they may sacrifice two creatures. If they do, abandon this scheme.", "originalType": "Ongoing Scheme", "printings": ["OE01"], "purchaseUrls": {"cardKingdom": "https://mtgjson.com/links/73ddfeeeccf471d8", "tcgplayer": "https://mtgjson.com/links/f67c634916b1df4a"}, "rarity": "common", "rulings": [{"date": "2017-06-13", "text": "To pay the cost of this scheme’s second ability, your opponents need to sacrifice two creatures total. Those creatures may be controlled by different teammates."}, {"date": "2017-06-13", "text": "In a Supervillain Rumble game, this scheme’s last ability triggers at the beginning of each opponent’s end step. Only that player may sacrifice creatures."}], "setCode": "OE01", "subtypes": [], "supertypes": ["Ongoing"], "text": "(An ongoing scheme remains face up until it's abandoned.)\nAt the beginning of your end step, create a 3/3 black Horror creature token.\nAt the beginning of your opponents' end step, they may sacrifice two creatures. If they do, abandon this scheme.", "type": "Ongoing Scheme", "types": ["Scheme"], "uuid": "4dbcf063-4a9d-5ba8-a0d7-cd0d6608cfdd"}, {"artist": "Steve Argyle", "availability": ["paper"], "borderColor": "black", "colorIdentity": [], "colors": [], "convertedManaCost": 0.0, "finishes": ["nonfoil"], "flavorText": "\"Groveling already? I'm just starting to enjoy myself.\"", "foreignData": [], "frameVersion": "2015", "hasFoil": false, "hasNonFoil": true, "identifiers": {"cardKingdomId": "212730", "mcmId": "298294", "mtgjsonV4Id": "b2f18801-5bd9-5edf-a355-7b9363601a85", "multiverseId": "430657", "scryfallId": "e7d19c43-8c8d-404f-a7e7-b5205045b3b0", "scryfallIllustrationId": "5362c4ee-eee9-4eaa-b8f2-e59b69432ba8", "scryfallOracleId": "c8653411-318b-41a9-8a74-f8b2ddd77892", "tcgplayerProductId": "132365"}, "isOversized": true, "isStarter": true, "language": "English", "layout": "scheme", "legalities": {}, "manaValue": 0.0, "name": "My Laughter Echoes", "number": "12★", "originalText": "(An ongoing scheme remains face up until it's abandoned.)\nWhenever you set a non-ongoing scheme in motion, you may abandon this scheme. If you do, set that scheme in motion again.", "originalType": "Ongoing Scheme", "printings": ["OE01"], "purchaseUrls": {"cardKingdom": "https://mtgjson.com/links/971f214cca9f87aa", "tcgplayer": "https://mtgjson.com/links/fec9fcacdd76064f"}, "rarity": "common", "rulings": [{"date": "2017-06-13", "text": "You may resolve the new non-ongoing scheme’s triggered ability before you decide whether or not to set it in motion again."}], "setCode": "OE01", "subtypes": [], "supertypes": ["Ongoing"], "text": "(An ongoing scheme remains face up until it's abandoned.)\nWhenever you set a non-ongoing scheme in motion, you may abandon this scheme. If you do, set that scheme in motion again.", "type": "Ongoing Scheme", "types": ["Scheme"], "uuid": "ff89d6bf-efab-516a-b77b-651bde9e8169"}, {"artist": "McLean Kendree", "availability": ["paper"], "borderColor": "black", "colorIdentity": [], "colors": [], "convertedManaCost": 0.0, "finishes": ["nonfoil"], "flavorText": "\"Your companions were lucky to have died first.\"", "foreignData": [], "frameVersion": "2015", "hasFoil": false, "hasNonFoil": true, "identifiers": {"cardKingdomId": "212731", "mcmId": "298295", "mtgjsonV4Id": "2ced4ecd-dfe9-51f7-8c4a-7f314fedfddf", "multiverseId": "430658", "scryfallId": "e36b3b7c-636f-407c-befa-43d445d1fd5f", "scryfallIllustrationId": "e9a6f586-bd92-44dc-8a9d-7c61fe4e0f4a", "scryfallOracleId": "acf4c0ab-be1a-4da0-b209-88825a8fd4f1", "tcgplayerProductId": "132366"}, "isOversized": true, "isStarter": true, "language": "English", "layout": "scheme", "legalities": {}, "manaValue": 0.0, "name": "No One Will Hear Your Cries", "number": "13★", "originalText": "When you set this scheme in motion, each opponent chooses a creature he or she controls, then sacrifices the rest.", "originalType": "Scheme", "printings": ["OE01"], "purchaseUrls": {"cardKingdom": "https://mtgjson.com/links/20afbe37048cf8b5", "tcgplayer": "https://mtgjson.com/links/2d66342fedd6bbdf"}, "rarity": "common", "rulings": [{"date": "2017-06-13", "text": "If an opponent controls no creatures, that player isn’t affected by this scheme."}, {"date": "2017-06-13", "text": "All of the other creatures are sacrificed simultaneously after the opposing team chooses which creatures to keep."}, {"date": "2017-06-13", "text": "In a Supervillain Rumble game, first the next player in turn order chooses a creature, then each other opponent in turn order does the same. Then the other creatures are sacrificed simultaneously."}], "setCode": "OE01", "subtypes": [], "supertypes": [], "text": "When you set this scheme in motion, each opponent chooses a creature they control, then sacrifices the rest.", "type": "Scheme", "types": ["Scheme"], "uuid": "70d57c64-c2a1-52e8-a807-bc965fb2ddb7"}, {"artist": "Aaron Miller", "availability": ["paper"], "borderColor": "black", "colorIdentity": [], "colors": [], "convertedManaCost": 0.0, "finishes": ["nonfoil"], "foreignData": [], "frameVersion": "2015", "hasFoil": false, "hasNonFoil": true, "identifiers": {"cardKingdomId": "212737", "mcmId": "298301", "mtgjsonV4Id": "1d35acd0-3b9b-5b07-8d0c-19421360dbca", "multiverseId": "430659", "scryfallId": "9fa84eeb-f8bc-4a72-93b2-1e12652f6885", "scryfallIllustrationId": "5cadfc16-14a0-4e74-a6c2-28c8cca188d9", "scryfallOracleId": "28bb9ac8-400c-494a-be25-afb4b4bc8edd", "tcgplayerProductId": "132367"}, "isOversized": true, "isStarter": true, "language": "English", "layout": "scheme", "legalities": {}, "manaValue": 0.0, "name": "Pay Tribute to Me", "number": "14★", "originalText": "When you set this scheme in motion, each opponent sacrifices a creature. If you control six or more lands, each opponent sacrifices another creature.", "originalType": "Scheme", "printings": ["OE01"], "purchaseUrls": {"cardKingdom": "https://mtgjson.com/links/f2c5cb7ce8f06849", "tcgplayer": "https://mtgjson.com/links/07dc861a22735b8b"}, "rarity": "common", "rulings": [{"date": "2017-06-13", "text": "The number of lands you control is checked as this scheme’s triggered ability resolves. You can’t play a land during your turn before it resolves."}, {"date": "2017-06-13", "text": "The opposing team chooses one creature controlled by each player on that team to sacrifice, then the chosen creatures are sacrificed simultaneously. If you control six or more lands, repeat this process."}, {"date": "2017-06-13", "text": "If a creature has an ability that triggers when it or another creature dies, that ability won’t resolve until after the scheme’s triggered ability has completely resolved."}, {"date": "2017-06-13", "text": "If a creature has an ability that triggers when another creature dies, it will see other creatures sacrificed at the same time as it. If it’s sacrificed as one of the first creatures, it won’t see the creatures sacrificed the second time."}, {"date": "2017-06-13", "text": "In a Supervillain Rumble game, first the next player in turn order chooses a creature, then each other opponent in turn order does the same. Then the chosen creatures are sacrificed simultaneously. Then repeat this process if you control six or more lands."}], "setCode": "OE01", "subtypes": [], "supertypes": [], "text": "When you set this scheme in motion, each opponent sacrifices a creature. If you control six or more lands, each opponent sacrifices another creature.", "type": "Scheme", "types": ["Scheme"], "uuid": "ca62acbb-0a3f-5913-ac8b-74df7dc20b6a"}, {"artist": "Christine Choi", "availability": ["paper"], "borderColor": "black", "colorIdentity": [], "colors": [], "convertedManaCost": 0.0, "finishes": ["nonfoil"], "foreignData": [], "frameVersion": "2015", "hasFoil": false, "hasNonFoil": true, "identifiers": {"cardKingdomId": "212741", "mcmId": "298305", "mtgjsonV4Id": "133dd25b-3021-528a-adb4-b6f98bb586cc", "multiverseId": "430660", "scryfallId": "62485ec5-9667-4e3c-acb2-482c4eacdf8e", "scryfallIllustrationId": "1e1bf57e-5535-4ad9-8e38-3d370b959634", "scryfallOracleId": "f6af8de1-4f92-4d18-a95a-c160d91830bb", "tcgplayerProductId": "132368"}, "isOversized": true, "isStarter": true, "language": "English", "layout": "scheme", "legalities": {}, "manaValue": 0.0, "name": "Power Without Equal", "number": "15★", "originalText": "When you set this scheme in motion, draw three cards. You have no maximum hand size until your next turn. If you control six or more lands, you may cast up to three nonland cards from your hand without paying their mana costs.", "originalType": "Scheme", "printings": ["OE01"], "purchaseUrls": {"cardKingdom": "https://mtgjson.com/links/38a251549fd40caf", "tcgplayer": "https://mtgjson.com/links/d60ecc441fe6b201"}, "rarity": "common", "rulings": [{"date": "2017-06-13", "text": "The number of lands you control is checked as this scheme’s triggered ability resolves. You can’t play a land during your turn before it resolves."}, {"date": "2017-06-13", "text": "If you control six or more lands, you’ll draw three cards and get to cast three spells for free. No player may take any actions between the time you draw three cards and the time you finish casting free spells."}, {"date": "2017-06-13", "text": "If you cast a card “without paying its mana cost,” you can’t choose to cast it for any alternative costs, such as emerge costs. You can, however, pay additional costs. If the card has any mandatory additional costs, such as that of Tormenting Voice, you must pay those to cast the card."}, {"date": "2017-06-13", "text": "If the card has {X} in its mana cost, you must choose 0 as the value of X when casting it without paying its mana cost."}, {"date": "2017-06-13", "text": "You must cast any of the three spells you wish to cast for free while this scheme’s ability is resolving. You’ll have to pay the mana cost of any spells cast later in the turn, even if you cast fewer than three as you resolved this ability. The spells will be added to the stack in the order that you cast them."}], "setCode": "OE01", "subtypes": [], "supertypes": [], "text": "When you set this scheme in motion, draw three cards. You have no maximum hand size until your next turn. If you control six or more lands, you may cast up to three spells from your hand without paying their mana costs.", "type": "Scheme", "types": ["Scheme"], "uuid": "6c3ab35c-ed89-5fb1-99e8-26abcd8335b8"}, {"artist": "Yeong-Hao Han", "availability": ["paper"], "borderColor": "black", "colorIdentity": [], "colors": [], "convertedManaCost": 0.0, "finishes": ["nonfoil"], "flavorText": "\"The gates open to my new era.\"", "foreignData": [], "frameVersion": "2015", "hasFoil": false, "hasNonFoil": true, "identifiers": {"cardKingdomId": "212729", "mcmId": "298293", "mtgjsonV4Id": "2d44a443-9c52-5614-ba7c-9757c877e827", "multiverseId": "430661", "scryfallId": "3c05afe6-c92f-440d-b09a-cc23b15da495", "scryfallIllustrationId": "3db6b5aa-3314-4b4d-b81d-01bc14ccd5f8", "scryfallOracleId": "f8174641-3514-4811-9eb4-f0dc89ad79e1", "tcgplayerProductId": "132354"}, "isOversized": true, "isStarter": true, "language": "English", "layout": "scheme", "legalities": {}, "manaValue": 0.0, "name": "A Reckoning Approaches", "number": "16★", "originalText": "When you set this scheme in motion, look at the top six cards of your library. You may put a creature card from among them onto the battlefield. Put the rest on the bottom of your library in any order.", "originalType": "Scheme", "printings": ["OE01"], "purchaseUrls": {"cardKingdom": "https://mtgjson.com/links/3bd34fa9ae882af4", "tcgplayer": "https://mtgjson.com/links/7ca11e357f57cf63"}, "rarity": "common", "rulings": [], "setCode": "OE01", "subtypes": [], "supertypes": [], "text": "When you set this scheme in motion, look at the top six cards of your library. You may put a creature card from among them onto the battlefield. Put the rest on the bottom of your library in any order.", "type": "Scheme", "types": ["Scheme"], "uuid": "89a846cc-0dc1-5d13-9f58-36a624ddd87e"}, {"artist": "Tomasz Jedruszek", "availability": ["paper"], "borderColor": "black", "colorIdentity": [], "colors": [], "convertedManaCost": 0.0, "finishes": ["nonfoil"], "flavorText": "\"The dunes smell spilled blood.\"", "foreignData": [], "frameVersion": "2015", "hasFoil": false, "hasNonFoil": true, "identifiers": {"cardKingdomId": "212740", "mcmId": "298304", "mtgjsonV4Id": "b9a755db-7fab-57bb-a3a3-736e9b541659", "multiverseId": "430662", "scryfallId": "215b1959-8807-4160-b8ef-d363970bf068", "scryfallIllustrationId": "16dd2df5-5c86-4e1e-a986-8ac85e0d0c0e", "scryfallOracleId": "e83b1178-0e1b-4140-82d9-85284340d7aa", "tcgplayerProductId": "132371"}, "isOversized": true, "isStarter": true, "language": "English", "layout": "scheme", "legalities": {}, "manaValue": 0.0, "name": "There Is No Refuge", "number": "17★", "originalText": "When you set this scheme in motion, it deals 3 damage to up to one target creature. Create a 3/3 black Horror creature token.", "originalType": "Scheme", "printings": ["OE01"], "purchaseUrls": {"cardKingdom": "https://mtgjson.com/links/2839804f1f084546", "tcgplayer": "https://mtgjson.com/links/e499f2830a374bd3"}, "rarity": "common", "rulings": [{"date": "2017-06-13", "text": "You can choose to target zero creatures. If you do, you’ll still create the Horror token."}, {"date": "2017-06-13", "text": "This scheme’s effect allows you to play an additional land during your main phase. Doing so follows the normal timing rules for playing lands."}, {"date": "2017-06-13", "text": "If you choose a target creature and it becomes an illegal target by the time this scheme’s triggered ability would resolve, the entire ability doesn’t resolve. You won’t create a Horror token."}, {"date": "2017-06-13", "text": "The effects of this scheme’s triggered ability in multiples within the same turn are cumulative. It’s also cumulative with other effects that let you play additional lands, such as that of Explore."}], "setCode": "OE01", "subtypes": [], "supertypes": [], "text": "When you set this scheme in motion, it deals 3 damage to up to one target creature. Create a 3/3 black Horror creature token.", "type": "Scheme", "types": ["Scheme"], "uuid": "64e394dc-88b3-5dce-b606-60a2613da3c8"}, {"artist": "Min Yum", "availability": ["paper"], "borderColor": "black", "colorIdentity": [], "colors": [], "convertedManaCost": 0.0, "finishes": ["nonfoil"], "flavorText": "\"Little insects, I have created entire worlds and extinguished twice as many.\"", "foreignData": [], "frameVersion": "2015", "hasFoil": false, "hasNonFoil": true, "identifiers": {"cardKingdomId": "212736", "mcmId": "298300", "mtgjsonV4Id": "80a4f9c4-161b-563b-9647-fcb34f7596f1", "multiverseId": "430663", "scryfallId": "d074f128-db41-4f6f-8a4e-1c5bb010695e", "scryfallIllustrationId": "336efe2b-8a35-41c8-9b41-fd927c436f9d", "scryfallOracleId": "15d9d687-f353-4f30-981c-677485a57367", "tcgplayerProductId": "132370"}, "isOversized": true, "isStarter": true, "language": "English", "layout": "scheme", "legalities": {}, "manaValue": 0.0, "name": "This World Belongs to Me", "number": "18★", "originalText": "When you set this scheme in motion, draw two cards. You may play an additional land this turn.", "originalType": "Scheme", "printings": ["OE01"], "purchaseUrls": {"cardKingdom": "https://mtgjson.com/links/630c31f0b2e84b4a", "tcgplayer": "https://mtgjson.com/links/6ace8f1c681eb7a3"}, "rarity": "common", "rulings": [], "setCode": "OE01", "subtypes": [], "supertypes": [], "text": "When you set this scheme in motion, draw two cards. You may play an additional land this turn.", "type": "Scheme", "types": ["Scheme"], "uuid": "6cad7340-93d2-5bc3-9b3a-15c85e33d287"}, {"artist": "Steve Argyle", "availability": ["paper"], "borderColor": "black", "colorIdentity": [], "colors": [], "convertedManaCost": 0.0, "finishes": ["nonfoil"], "flavorText": "\"Vow your allegiance to true power.\"", "foreignData": [], "frameVersion": "2015", "hasFoil": false, "hasNonFoil": true, "identifiers": {"cardKingdomId": "212733", "mcmId": "298297", "mtgjsonV4Id": "ce9893a1-76c5-5af5-af35-fd4db981129c", "multiverseId": "430664", "scryfallId": "bd7e0cdb-9239-4b29-935d-df0ded1bb217", "scryfallIllustrationId": "0a82746d-8ac2-4c81-9463-dcd43a91d0dd", "scryfallOracleId": "01c08e2c-6169-43bf-8388-32ef37f253c9", "tcgplayerProductId": "132372"}, "isOversized": true, "isStarter": true, "language": "English", "layout": "scheme", "legalities": {}, "manaValue": 0.0, "name": "What's Yours Is Now Mine", "number": "19★", "originalText": "When you set this scheme in motion, gain control of target creature an opponent controls and untap it.", "originalType": "Scheme", "printings": ["OE01"], "purchaseUrls": {"cardKingdom": "https://mtgjson.com/links/f0b305c75c602475", "tcgplayer": "https://mtgjson.com/links/b8c9965a1b350f3f"}, "rarity": "common", "rulings": [{"date": "2017-06-13", "text": "You control that creature indefinitely. If the owner of the target creature leaves the game, that creature leaves the game as well."}, {"date": "2017-06-13", "text": "You can target and gain control of an untapped creature this way."}, {"date": "2017-06-13", "text": "This scheme doesn’t grant haste to the target creature. It won’t be able to attack during this turn unless it has haste or somehow gains haste."}, {"date": "2017-06-13", "text": "Auras and Equipment attached to that creature remain attached, but you don’t gain control of them."}], "setCode": "OE01", "subtypes": [], "supertypes": [], "text": "When you set this scheme in motion, gain control of target creature an opponent controls and untap it.", "type": "Scheme", "types": ["Scheme"], "uuid": "808873d5-c293-5e38-aa0f-1806889e3bfe"}, {"artist": "Yohann Schepacz", "availability": ["paper"], "borderColor": "black", "colorIdentity": [], "colors": [], "convertedManaCost": 0.0, "finishes": ["nonfoil"], "flavorText": "\"Don't fret, infants. It wouldn't have worked anyway.\"", "foreignData": [], "frameVersion": "2015", "hasFoil": false, "hasNonFoil": true, "identifiers": {"cardKingdomId": "212745", "mcmId": "298309", "mtgjsonV4Id": "d90dd93d-9238-59d3-befb-b5c1e4409205", "multiverseId": "430665", "scryfallId": "51e81334-8a14-40d3-aadb-9137227a0dea", "scryfallIllustrationId": "58c05205-9fdb-4c8b-beee-3e059b07229c", "scryfallOracleId": "7919049b-2e4d-4a00-9754-52eff40575a7", "tcgplayerProductId": "132373"}, "isOversized": true, "isStarter": true, "language": "English", "layout": "scheme", "legalities": {}, "manaValue": 0.0, "name": "When Will You Learn?", "number": "20★", "originalText": "When you set this scheme in motion, each opponent exiles the top card of his or her library. You may cast any number of nonland cards exiled this way without paying their mana costs.", "originalType": "Scheme", "printings": ["OE01"], "purchaseUrls": {"cardKingdom": "https://mtgjson.com/links/e87788e36ffa9f23", "tcgplayer": "https://mtgjson.com/links/28445856fec51744"}, "rarity": "common", "rulings": [{"date": "2017-06-13", "text": "If you cast a card “without paying its mana cost,” you can’t choose to cast it for any alternative costs, such as emerge costs. You can, however, pay additional costs. If the card has any mandatory additional costs, such as that of Tormenting Voice, you must pay those to cast the card."}, {"date": "2017-06-13", "text": "If the card has {X} in its mana cost, you must choose 0 as the value of X when casting it without paying its mana cost."}, {"date": "2017-06-13", "text": "You must cast any of the exiled cards you wish to cast for free while this scheme’s ability is resolving. You can’t wait until later in the turn. Any cards not cast this way remain exiled for the rest of the game. The spells will be added to the stack in the order that you cast them."}, {"date": "2017-06-13", "text": "If the owner of one of the exiled cards leaves the game, that card leaves the game as well."}, {"date": "2017-06-13", "text": "Now you have learned."}], "setCode": "OE01", "subtypes": [], "supertypes": [], "text": "When you set this scheme in motion, each opponent exiles the top card of their library. You may cast any number of spells from among cards exiled this way without paying their mana costs.", "type": "Scheme", "types": ["Scheme"], "uuid": "12b4c6e0-329b-54dc-9d19-a9dee13dce00"}], "code": "OE01", "isFoilOnly": false, "isNonFoilOnly": true, "isOnlineOnly": false, "keyruneCode": "E01", "name": "Archenemy: Nicol Bolas Schemes", "parentCode": "E01", "releaseDate": "2017-06-16", "tokens": [], "totalSetSize": 20, "translations": {}, "type": "archenemy"}}