{"meta": {"date": "2022-09-29", "version": "5.2.0+20220929"}, "data": {"baseSetSize": 1, "block": "Magic Player Rewards", "cards": [{"artist": "Dan Frazier", "availability": ["paper"], "borderColor": "black", "colorIdentity": [], "colors": [], "convertedManaCost": 2.0, "edhrecRank": 15801, "finishes": ["foil"], "foreignData": [], "frameVersion": "2003", "hasFoil": true, "hasNonFoil": false, "identifiers": {"cardKingdomFoilId": "117256", "cardsphereId": "36292", "mcmId": "17567", "mtgjsonV4Id": "182a8cc2-9c71-5acb-b213-a79fbccb94a6", "scryfallId": "2b77caf8-711b-4597-a5a5-dead81568e5b", "scryfallIllustrationId": "fe4cf815-8b8b-4aaf-afb1-54992203bdcd", "scryfallOracleId": "ca1144c2-49a3-49b4-9085-3094141769ea", "tcgplayerProductId": "38328"}, "isPromo": true, "isReprint": true, "isReserved": true, "isStarter": true, "language": "English", "layout": "normal", "legalities": {"commander": "Legal", "duel": "Legal", "legacy": "Legal", "premodern": "Legal", "vintage": "Legal"}, "manaCost": "{2}", "manaValue": 2.0, "name": "Powder Keg", "number": "1", "printings": ["P04", "PRM", "UDS", "WC99"], "promoTypes": ["playerrewards"], "purchaseUrls": {"cardKingdomFoil": "https://mtgjson.com/links/9d46350d9a1e6463", "tcgplayer": "https://mtgjson.com/links/a26556426bf2baf0"}, "rarity": "rare", "rulings": [{"date": "2004-10-04", "text": "Only destroys artifacts and creatures with exactly the specified cost. It does not mean “less than or equal to”."}, {"date": "2004-10-04", "text": "Putting on a counter is optional. If you forget, you can’t go back later even if it is something you usually do."}], "setCode": "P04", "subtypes": [], "supertypes": [], "text": "At the beginning of your upkeep, you may put a fuse counter on Powder Keg.\n{T}, Sacrifice Powder Keg: Destroy each artifact and creature with mana value equal to the number of fuse counters on Powder Keg.", "type": "Artifact", "types": ["Artifact"], "uuid": "a198c696-b352-59d0-b2d7-dc5d53425677", "watermark": "dci"}], "code": "P04", "isFoilOnly": false, "isOnlineOnly": false, "keyruneCode": "PARL", "name": "Magic Player Rewards 2004", "releaseDate": "2004-01-01", "tokens": [{"artist": "Scott M. Fischer", "availability": ["paper"], "borderColor": "black", "colorIdentity": ["W"], "colors": ["W"], "finishes": ["nonfoil"], "frameVersion": "2003", "hasFoil": false, "hasNonFoil": true, "identifiers": {"mtgjsonV4Id": "80c80f41-2134-5ba8-8635-0f5e59d139d7", "scryfallId": "c7f3264a-7b4a-4fef-af73-d4241742a4e8", "scryfallIllustrationId": "6c72b80e-6584-407a-9408-e655314c8642", "scryfallOracleId": "40c64f08-ab2f-4933-8e0e-d1a1c729008f", "tcgplayerProductId": "78613"}, "isPromo": true, "isReprint": true, "keywords": ["Flying"], "language": "English", "layout": "token", "name": "Angel", "number": "2", "power": "4", "promoTypes": ["playerrewards"], "reverseRelated": ["Empyrial Storm", "Seraphic Greatsword", "Angelic Favor", "Sigil of the Empty Throne", "Geist of Saint Traft", "Urbis Protector", "Angelic Ascension", "Decree of Justice", "Luminarch Ascension", "Descend upon the Sinful", "Angelic Accord", "Entreat the Angels", "Invocation of Saint Traft", "Moonsilver Spear", "Speaker of the Heavens", "Court of Grace", "Devout Invocation"], "setCode": "P04", "subtypes": ["Angel"], "supertypes": [], "text": "Flying", "toughness": "4", "type": "Token Creature — Angel", "types": ["Token", "Creature"], "uuid": "4ec88554-f174-556b-98eb-9c315caafb77"}, {"artist": "Greg Staples", "availability": ["paper"], "borderColor": "black", "colorIdentity": [], "colors": [], "finishes": ["nonfoil"], "frameVersion": "2003", "hasFoil": false, "hasNonFoil": true, "identifiers": {"mtgjsonV4Id": "5d2fbd7b-f281-52d7-9235-01ac5a939a8d", "scryfallId": "4fbb0dc6-2f9e-4389-8a90-531e94009bfb", "scryfallIllustrationId": "27378cca-8d9e-433d-8994-f374bb87b3ed", "scryfallOracleId": "c9e57f97-be25-4ab6-9158-d2677d7742f7", "tcgplayerProductId": "78627"}, "isPromo": true, "isReprint": true, "keywords": ["Flying"], "language": "English", "layout": "token", "name": "Pentavite", "number": "3", "power": "1", "promoTypes": ["playerrewards"], "reverseRelated": ["Pentavus"], "setCode": "P04", "subtypes": ["Pentavite"], "supertypes": [], "text": "Flying", "toughness": "1", "type": "Token Artifact Creature — Pentavite", "types": ["Token", "Artifact", "Creature"], "uuid": "b8d3e0e5-95d9-5dfe-94f2-b0f3e49528ea"}, {"artist": "Wayne England", "availability": ["paper"], "borderColor": "black", "colorIdentity": [], "colors": [], "finishes": ["nonfoil"], "frameVersion": "2003", "hasFoil": false, "hasNonFoil": true, "identifiers": {"mtgjsonV4Id": "a655227c-9fdb-55c6-84a3-18277a784487", "scryfallId": "187cf6d5-c352-48f2-b8bf-fe1bf946e2ac", "scryfallIllustrationId": "b4482da5-2b7a-44d0-8446-fb0ea007adf3", "scryfallOracleId": "bf690282-125f-431c-a363-39f6772324c8", "tcgplayerProductId": "78626"}, "isPromo": true, "isReprint": true, "language": "English", "layout": "token", "name": "Myr", "number": "4", "power": "1", "promoTypes": ["playerrewards"], "reverseRelated": ["Genesis Chamber", "Myr Sire", "Origin Spellbomb", "Myr Matrix", "Parasitic Implant", "Mirrodin Besieged", "Myrsmith", "Shrine of Loyal Legions", "Myr Turbine", "Myr Battlesphere", "Myr Incubator", "Master's Call"], "setCode": "P04", "subtypes": ["Myr"], "supertypes": [], "toughness": "1", "type": "Token Artifact Creature — Myr", "types": ["Token", "Artifact", "Creature"], "uuid": "a6650215-e0d2-53d8-bffd-959104565ba4"}, {"artist": "Edward P. Beard, Jr.", "availability": ["paper"], "borderColor": "black", "colorIdentity": ["G"], "colors": ["G"], "finishes": ["nonfoil"], "frameVersion": "2003", "hasFoil": false, "hasNonFoil": true, "identifiers": {"mtgjsonV4Id": "6661188f-b3a9-5333-950b-dcb926a2cb12", "scryfallId": "d02d5670-fff3-4011-8e45-e6843e4e8988", "scryfallIllustrationId": "d2970c33-7006-4c2a-95fb-ec3c3dbe8ca1", "scryfallOracleId": "6bb61f34-5d57-4eaa-a02c-f5d08c1ee920", "tcgplayerProductId": "78616"}, "isPromo": true, "isReprint": true, "language": "English", "layout": "token", "name": "Beast", "number": "5", "power": "3", "promoTypes": ["playerrewards"], "reverseRelated": ["Druid of Horns", "Thragtusk", "Garruk Wildspeaker", "Pulse of the Tangle", "Garruk, Primal Hunter", "Wild Endeavor", "Feral Incarnation", "Garruk, Unleashed", "Elder Gargaroth", "Fresh Meat", "Savage Conception", "Vivien, Monsters' Advocate", "Trumpeting Gnarr", "Beast Within", "Sawtusk Demolisher", "Soul of Zendikar", "Midsummer Revel", "Somberwald Beastmaster", "Herd Migration", "Curious Herd", "Bringer of the Green Dawn", "Primeval Bounty"], "setCode": "P04", "subtypes": ["Beast"], "supertypes": [], "toughness": "3", "type": "Token Creature — Beast", "types": ["Token", "Creature"], "uuid": "dcb4bd6e-cba6-5e65-830f-6fb0156a3a2e"}, {"artist": "Hugh Jamieson", "availability": ["paper"], "borderColor": "black", "colorIdentity": [], "colors": [], "finishes": ["nonfoil"], "frameVersion": "2003", "hasFoil": false, "hasNonFoil": true, "identifiers": {"mtgjsonV4Id": "71fbdc36-090b-5402-ad85-2bb47edb0de4", "scryfallId": "46b60d95-b9bc-40f8-b986-bfa8e3eb74f3", "scryfallIllustrationId": "a24db34c-adab-42ae-865d-1df62e1bd221", "scryfallOracleId": "6a7a9dff-ff9e-4005-a17f-6ea0c11c1d5a", "tcgplayerProductId": "78633"}, "isPromo": true, "isReprint": true, "language": "English", "layout": "token", "name": "Spirit", "number": "6", "power": "1", "promoTypes": ["playerrewards"], "reverseRelated": ["One with the Kami", "Sekki, Seasons' Guide", "Release to Memory", "Spiritual Visit", "Searchlight Companion", "Go-Shintai of Shared Purpose", "Promise of Bunrei", "Dripping-Tongue Zubera", "Baku Altar", "Akki Ember-Keeper", "The Restoration of Eiganjo // Architect of Restoration", "Honden of Life's Web", "Séance", "Gods' Eye, Gate to the Reikai", "Concord with the Kami", "Myojin of Blooming Dawn", "Sokenzan, Crucible of Defiance", "Haunting Imitation", "Teachings of the Kirin // Kirin-Touched Orochi", "Forbidden Orchard", "Soul Separator"], "setCode": "P04", "subtypes": ["Spirit"], "supertypes": [], "toughness": "1", "type": "Token Creature — Spirit", "types": ["Token", "Creature"], "uuid": "6a627af1-0449-5c83-80c2-cadff214aca7"}], "totalSetSize": 1, "translations": {}, "type": "promo"}}