{"meta": {"date": "2022-09-29", "version": "5.2.0+20220929"}, "data": {"baseSetSize": 7, "block": "Magic Player Rewards", "cards": [{"artist": "Douglas Shuler", "availability": ["paper"], "borderColor": "black", "colorIdentity": ["B"], "colors": ["B"], "convertedManaCost": 3.0, "edhrecRank": 5303, "finishes": ["foil"], "flavorText": "\"There was no trace\nOf aught on that illumined face . . . .\"\n—Samuel Taylor Coleridge, \"Phantom\"", "foreignData": [], "frameVersion": "2003", "hasFoil": true, "hasNonFoil": false, "identifiers": {"cardKingdomFoilId": "122320", "cardsphereId": "36280", "mcmId": "17574", "mtgjsonV4Id": "e779a901-e7c7-5c76-b61e-81f126c87ce5", "scryfallId": "9b433633-42a1-4474-a9b8-2ff5e541f6d1", "scryfallIllustrationId": "30c37649-22d8-4526-90f3-d1602fd2994b", "scryfallOracleId": "759af941-f6a3-4726-91f2-9b1e4e55ea71", "tcgplayerProductId": "38314"}, "isPromo": true, "isReprint": true, "isStarter": true, "keywords": ["Flying"], "language": "English", "layout": "normal", "legalities": {"commander": "Legal", "duel": "Legal", "gladiator": "Legal", "historic": "Legal", "historicbrawl": "Legal", "legacy": "Legal", "modern": "Legal", "paupercommander": "Restricted", "penny": "Legal", "premodern": "Legal", "vintage": "Legal"}, "manaCost": "{1}{B}{B}", "manaValue": 3.0, "name": "Hypnotic Specter", "number": "1", "power": "2", "printings": ["10E", "2ED", "3ED", "4BB", "4ED", "9ED", "ATH", "CED", "CEI", "FBB", "HA1", "LEA", "LEB", "M10", "MB1", "P06", "PRM", "PTC", "SUM"], "promoTypes": ["playerrewards"], "purchaseUrls": {"cardKingdomFoil": "https://mtgjson.com/links/d7e53e322713ccc2", "tcgplayer": "https://mtgjson.com/links/cebbcd463677f363"}, "rarity": "rare", "rulings": [{"date": "2008-08-01", "text": "The ability triggers even if the Specter’s damage is being redirected to an opponent. It does not trigger if damage that would have been dealt to the opponent is redirected to a nonopponent player or a creature, or if the damage is prevented."}], "setCode": "P06", "subtypes": ["Specter"], "supertypes": [], "text": "Flying\nWhenever Hypnotic Specter deals damage to an opponent, that player discards a card at random.", "toughness": "2", "type": "Creature — Specter", "types": ["Creature"], "uuid": "fd318fb9-3e47-5f9d-aad3-20b8bf8fe880", "watermark": "dci"}, {"artist": "Anthony S. Waters", "availability": ["paper"], "borderColor": "black", "colorIdentity": ["U"], "colors": ["U"], "convertedManaCost": 3.0, "edhrecRank": 5648, "finishes": ["nonfoil"], "foreignData": [], "frameVersion": "2003", "hasFoil": false, "hasNonFoil": true, "identifiers": {"cardKingdomId": "122266", "cardsphereId": "36279", "mcmId": "17575", "mtgjsonV4Id": "81f7bb67-38db-50a3-b45b-ee34250a43b2", "scryfallId": "679d6226-7ec1-44f3-ac90-30b123501aa0", "scryfallIllustrationId": "62536087-f80e-43cf-b7e5-962cf8971637", "scryfallOracleId": "c9db6b94-a7b1-4b93-b454-4dead8f85e34", "tcgplayerProductId": "38313"}, "isFullArt": true, "isPromo": true, "isReprint": true, "isStarter": true, "isTextless": true, "language": "English", "layout": "normal", "legalities": {"commander": "Legal", "duel": "Legal", "legacy": "Legal", "modern": "Legal", "penny": "Legal", "vintage": "Legal"}, "manaCost": "{1}{U}{U}", "manaValue": 3.0, "name": "Hinder", "number": "2", "printings": ["2XM", "CHK", "P06", "PRM", "PSAL", "TD0"], "promoTypes": ["playerrewards"], "purchaseUrls": {"cardKingdom": "https://mtgjson.com/links/040a0fe32d51e8de", "tcgplayer": "https://mtgjson.com/links/b50f526bf0e0d709"}, "rarity": "rare", "rulings": [{"date": "2020-08-07", "text": "Hinder's controller, not necessarily the controller of the countered spell, chooses where the countered spell goes."}], "setCode": "P06", "subtypes": [], "supertypes": [], "text": "Counter target spell. If that spell is countered this way, put that card on the top or bottom of its owner's library instead of into that player's graveyard.", "type": "Instant", "types": ["Instant"], "uuid": "a173f1a9-6ba6-57c8-b068-73b4141458e8"}, {"artist": "Dave Dorman", "availability": ["paper"], "borderColor": "black", "colorIdentity": ["R"], "colors": ["R"], "convertedManaCost": 2.0, "edhrecRank": 4321, "finishes": ["nonfoil"], "foreignData": [], "frameVersion": "2003", "hasFoil": false, "hasNonFoil": true, "identifiers": {"cardKingdomId": "121902", "cardsphereId": "36296", "mcmId": "17576", "mtgjsonV4Id": "840a2aa6-7065-5c37-9bd4-28c5e7640d46", "scryfallId": "e0581322-d901-465e-b22c-cd99ddbb4839", "scryfallIllustrationId": "ca98db44-47a1-4c02-ad16-c760601bdf0b", "scryfallOracleId": "e4bcd4ea-e7cd-4471-8f3b-18bb51d3d70c", "tcgplayerProductId": "38332"}, "isFullArt": true, "isPromo": true, "isReprint": true, "isStarter": true, "isTextless": true, "language": "English", "layout": "normal", "legalities": {"commander": "Legal", "duel": "Legal", "legacy": "Legal", "modern": "Legal", "penny": "Legal", "premodern": "Legal", "vintage": "Legal"}, "manaCost": "{1}{R}", "manaValue": 2.0, "name": "Pyroclasm", "number": "3", "printings": ["10E", "7ED", "8ED", "9ED", "A25", "DDK", "DDL", "DKM", "ICE", "M10", "M11", "MM3", "OLEP", "P06", "PLIST", "POR", "PRM", "PSAL", "WC01", "WC03", "WC04"], "promoTypes": ["playerrewards"], "purchaseUrls": {"cardKingdom": "https://mtgjson.com/links/ed694a65e1be77b7", "tcgplayer": "https://mtgjson.com/links/6698e468a69d3876"}, "rarity": "rare", "rulings": [], "setCode": "P06", "subtypes": [], "supertypes": [], "text": "Pyroclasm deals 2 damage to each creature.", "type": "Sorcery", "types": ["Sorcery"], "uuid": "54d96875-306f-524c-9422-3a924698012f"}, {"artist": "Joel Thomas", "availability": ["paper"], "borderColor": "black", "colorIdentity": ["G"], "colors": ["G"], "convertedManaCost": 1.0, "edhrecRank": 6694, "finishes": ["nonfoil"], "foreignData": [], "frameVersion": "2003", "hasFoil": false, "hasNonFoil": true, "identifiers": {"cardKingdomId": "121896", "cardsphereId": "36276", "mcmId": "17577", "mtgjsonV4Id": "d8c1de42-b203-51a1-9ac0-7a9af2e7b8b7", "scryfallId": "df150832-0b2c-4811-a117-1f4a6f40eaa8", "scryfallIllustrationId": "b981cd45-ed1f-483a-b5a2-e4384fbea15e", "scryfallOracleId": "5748ebf1-24e3-499d-ab7c-c2cebd462a24", "tcgplayerProductId": "38310"}, "isFullArt": true, "isPromo": true, "isReprint": true, "isStarter": true, "isTextless": true, "language": "English", "layout": "normal", "legalities": {"commander": "Legal", "duel": "Legal", "explorer": "Legal", "gladiator": "Legal", "historic": "Legal", "historicbrawl": "Legal", "legacy": "Legal", "modern": "Legal", "pauper": "Legal", "paupercommander": "Legal", "penny": "Legal", "pioneer": "Legal", "premodern": "Legal", "vintage": "Legal"}, "manaCost": "{G}", "manaValue": 1.0, "name": "Giant Growth", "number": "4", "printings": ["10E", "2ED", "3ED", "4BB", "4ED", "5ED", "6ED", "7ED", "8ED", "9ED", "A25", "ATH", "BBD", "BRB", "BTD", "CED", "CEI", "DD1", "DDD", "DKM", "DPA", "E02", "EVG", "FBB", "FNM", "GVL", "ICE", "J21", "LEA", "LEB", "M10", "M11", "M14", "MB1", "ME2", "ME3", "ME4", "P06", "PJJT", "PRM", "PS11", "PSUS", "RTR", "SUM", "WAR", "WC97", "WC99"], "promoTypes": ["playerrewards"], "purchaseUrls": {"cardKingdom": "https://mtgjson.com/links/d45bd752f13258d4", "tcgplayer": "https://mtgjson.com/links/aa71216ecb1354c6"}, "rarity": "rare", "rulings": [], "setCode": "P06", "subtypes": [], "supertypes": [], "text": "Target creature gets +3/+3 until end of turn.", "type": "Instant", "types": ["Instant"], "uuid": "11c607ec-3b8e-5bf7-9c32-d6b50f872ce1"}, {"artist": "Richard Sardinha", "availability": ["paper"], "borderColor": "black", "colorIdentity": ["B", "G"], "colors": ["B", "G"], "convertedManaCost": 3.0, "edhrecRank": 263, "finishes": ["nonfoil"], "foreignData": [], "frameVersion": "2003", "hasFoil": false, "hasNonFoil": true, "identifiers": {"cardKingdomId": "121901", "cardsphereId": "36295", "mcmId": "17578", "mtgjsonV4Id": "ceccced6-f14d-59c8-aee8-90cc017be5c0", "scryfallId": "236f46d9-276b-4418-a959-39b0963fc525", "scryfallIllustrationId": "9054b48a-5c38-4360-814a-336e3377e4c9", "scryfallOracleId": "9b271430-f53d-42d6-a547-2f286dd9bcb6", "tcgplayerProductId": "38331"}, "isFullArt": true, "isPromo": true, "isReprint": true, "isStarter": true, "isTextless": true, "language": "English", "layout": "normal", "legalities": {"commander": "Legal", "duel": "Legal", "explorer": "Legal", "gladiator": "Legal", "historic": "Legal", "historicbrawl": "Legal", "legacy": "Legal", "modern": "Legal", "penny": "Legal", "pioneer": "Legal", "vintage": "Legal"}, "manaCost": "{1}{B}{G}", "manaValue": 3.0, "name": "Putrefy", "number": "5", "printings": ["C15", "C16", "C18", "C19", "C20", "CM2", "CMA", "DDJ", "DGM", "GK1", "KHC", "MB1", "MM3", "P06", "PRM", "RAV", "STA", "TD0", "TD2"], "promoTypes": ["playerrewards"], "purchaseUrls": {"cardKingdom": "https://mtgjson.com/links/936ea3305273137a", "tcgplayer": "https://mtgjson.com/links/dbbeb668fde93d47"}, "rarity": "rare", "rulings": [{"date": "2006-02-01", "text": "This spell isn't Modal. When it resolves, it will destroy the target if it's a creature or an artifact, even if it changed from one to the other between targeting and resolution."}], "setCode": "P06", "subtypes": [], "supertypes": [], "text": "Destroy target artifact or creature. It can't be regenerated.", "type": "Instant", "types": ["Instant"], "uuid": "86dad57c-ff75-5072-8eb9-2874d63f9cfd"}, {"artist": "Alan Pollack", "availability": ["paper"], "borderColor": "black", "colorIdentity": ["B"], "colors": ["B"], "convertedManaCost": 4.0, "edhrecRank": 6693, "finishes": ["nonfoil"], "foreignData": [], "frameVersion": "2003", "hasFoil": false, "hasNonFoil": true, "identifiers": {"cardKingdomId": "121906", "cardsphereId": "36312", "mcmId": "17579", "mtgjsonV4Id": "90e2fadb-f733-5146-8870-c80eab570611", "scryfallId": "0c6d4039-dc57-4c89-b02c-2f3147292127", "scryfallIllustrationId": "452a4970-312a-4d2e-9537-82346d832334", "scryfallOracleId": "bb95db4d-5017-4121-bf79-d68476602d8c", "tcgplayerProductId": "38346"}, "isFullArt": true, "isPromo": true, "isReprint": true, "isStarter": true, "isTextless": true, "language": "English", "layout": "normal", "legalities": {"commander": "Legal", "duel": "Legal", "legacy": "Legal", "modern": "Legal", "penny": "Legal", "premodern": "Legal", "vintage": "Legal"}, "manaCost": "{3}{B}", "manaValue": 4.0, "name": "Zombify", "number": "6", "printings": ["8ED", "9ED", "A25", "ARC", "ODY", "P06", "PRM", "PS11", "WC03"], "promoTypes": ["playerrewards"], "purchaseUrls": {"cardKingdom": "https://mtgjson.com/links/387db8aaa5ec1cc0", "tcgplayer": "https://mtgjson.com/links/3c560b80eb3ba4bc"}, "rarity": "rare", "rulings": [], "setCode": "P06", "subtypes": [], "supertypes": [], "text": "Return target creature card from your graveyard to the battlefield.", "type": "Sorcery", "types": ["Sorcery"], "uuid": "a43bc0a7-17f1-5d86-b912-06da19a5d153"}, {"artist": "Kev Walker", "availability": ["paper"], "borderColor": "black", "colorIdentity": ["R", "W"], "colors": ["R", "W"], "convertedManaCost": 2.0, "edhrecRank": 3780, "finishes": ["nonfoil"], "foreignData": [], "frameVersion": "2003", "hasFoil": false, "hasNonFoil": true, "identifiers": {"cardKingdomId": "121897", "cardsphereId": "36284", "mcmId": "17580", "mtgjsonV4Id": "e0ae44d6-3927-5067-8a97-75a264b57bea", "scryfallId": "4ec9e67b-1b4e-4e4e-9758-be697d308f16", "scryfallIllustrationId": "f4e32208-fe53-4fd1-a3a6-38aebb461a7e", "scryfallOracleId": "800c258a-cfc4-4a54-a667-065ea8dea69e", "tcgplayerProductId": "38318"}, "isFullArt": true, "isPromo": true, "isReprint": true, "isStarter": true, "isTextless": true, "language": "English", "layout": "normal", "legalities": {"commander": "Legal", "duel": "Legal", "gladiator": "Legal", "historic": "Legal", "historicbrawl": "Legal", "legacy": "Legal", "modern": "Legal", "vintage": "Legal"}, "manaCost": "{R}{W}", "manaValue": 2.0, "name": "Lightning Helix", "number": "7", "printings": ["2X2", "DDH", "DDN", "E02", "GK1", "HOP", "IMA", "MB1", "MMA", "P06", "PRM", "RAV", "STA"], "promoTypes": ["playerrewards"], "purchaseUrls": {"cardKingdom": "https://mtgjson.com/links/0bd4b7916e088f2c", "tcgplayer": "https://mtgjson.com/links/c2ff6e148f4e81ac"}, "rarity": "rare", "rulings": [{"date": "2017-11-17", "text": "If the chosen target is illegal when Lightning Helix tries to resolve, it won't resolve and none of its effects will happen. You won't gain 3 life."}], "setCode": "P06", "subtypes": [], "supertypes": [], "text": "Lightning Helix deals 3 damage to any target and you gain 3 life.", "type": "Instant", "types": ["Instant"], "uuid": "b138fdab-ed27-5a83-900e-7846f80a64f4"}], "code": "P06", "isFoilOnly": false, "isOnlineOnly": false, "keyruneCode": "PARL", "name": "Magic Player Rewards 2006", "releaseDate": "2006-01-01", "tokens": [], "totalSetSize": 7, "translations": {}, "type": "promo"}}