{"meta": {"date": "2022-09-29", "version": "5.2.0+20220929"}, "data": {"baseSetSize": 7, "block": "Magic Player Rewards", "cards": [{"artist": "Ron Spencer", "availability": ["paper"], "borderColor": "black", "colorIdentity": ["B"], "colors": ["B"], "convertedManaCost": 4.0, "edhrecRank": 199, "finishes": ["foil"], "foreignData": [], "frameVersion": "2003", "hasFoil": true, "hasNonFoil": false, "identifiers": {"cardKingdomFoilId": "124476", "cardsphereId": "36270", "mcmId": "18826", "mtgjsonV4Id": "dbf79644-71da-5fa3-8c6b-94fb90768428", "scryfallId": "6c5823bb-d56d-4bed-ba3f-09bdd93c52dc", "scryfallIllustrationId": "6dba9431-6ad3-4a53-848a-e64c0215874f", "scryfallOracleId": "d57a8f0b-7989-4db5-8756-6f2690097252", "tcgplayerProductId": "38304"}, "isFullArt": true, "isPromo": true, "isReprint": true, "isStarter": true, "isTextless": true, "language": "English", "layout": "normal", "legalities": {"commander": "Legal", "duel": "Legal", "legacy": "Legal", "modern": "Legal", "vintage": "Legal"}, "manaCost": "{2}{B}{B}", "manaValue": 4.0, "name": "Damnation", "number": "1", "printings": ["2X2", "J15", "MM3", "MP2", "P08", "PLC", "PRM", "SLD", "TSR"], "promoTypes": ["playerrewards"], "purchaseUrls": {"cardKingdomFoil": "https://mtgjson.com/links/c6e7886d42648729", "tcgplayer": "https://mtgjson.com/links/6ac06a24a303c54f"}, "rarity": "rare", "rulings": [], "setCode": "P08", "subtypes": [], "supertypes": [], "text": "Destroy all creatures. They can't be regenerated.", "type": "Sorcery", "types": ["Sorcery"], "uuid": "06e0372e-a55d-5b6f-b0cb-0e4ecd7ac30c"}, {"artist": "Michael Komarck", "availability": ["paper"], "borderColor": "black", "colorIdentity": ["U"], "colors": ["U"], "convertedManaCost": 5.0, "edhrecRank": 9772, "finishes": ["nonfoil"], "foreignData": [], "frameVersion": "2003", "hasFoil": false, "hasNonFoil": true, "identifiers": {"cardKingdomId": "124473", "cardsphereId": "36305", "mcmId": "18827", "mtgjsonV4Id": "cee12cf9-de50-56e8-95ac-e72ba07d9ab6", "scryfallId": "68d77020-b313-429f-9005-a36ecf8caa05", "scryfallIllustrationId": "c60572ca-5ff7-43ec-b8a2-dc9cf6cf4d23", "scryfallOracleId": "72897780-094d-4a21-8b1c-419a9defd2fb", "tcgplayerProductId": "38340"}, "isFullArt": true, "isPromo": true, "isReprint": true, "isStarter": true, "isTextless": true, "language": "English", "layout": "normal", "legalities": {"commander": "Legal", "duel": "Legal", "legacy": "Legal", "modern": "Legal", "penny": "Legal", "vintage": "Legal"}, "manaCost": "{3}{U}{U}", "manaValue": 5.0, "name": "Tidings", "number": "2", "printings": ["10E", "9ED", "C18", "P08", "PRM", "S99"], "promoTypes": ["playerrewards"], "purchaseUrls": {"cardKingdom": "https://mtgjson.com/links/43601acf61bc064d", "tcgplayer": "https://mtgjson.com/links/a1f4cae7bbb40c82"}, "rarity": "rare", "rulings": [], "setCode": "P08", "subtypes": [], "supertypes": [], "text": "Draw four cards.", "type": "Sorcery", "types": ["Sorcery"], "uuid": "6ea44641-787b-5b47-bdb0-1956d6add2b5"}, {"artist": "Zoltan Boros & Gabor Szikszai", "availability": ["paper"], "borderColor": "black", "colorIdentity": ["R"], "colors": ["R"], "convertedManaCost": 2.0, "edhrecRank": 8919, "finishes": ["nonfoil"], "foreignData": [], "frameVersion": "2003", "hasFoil": false, "hasNonFoil": true, "identifiers": {"cardKingdomId": "124472", "cardsphereId": "36281", "mcmId": "18828", "mtgjsonV4Id": "b46ff10d-c04b-52ee-9961-eb96e68fb540", "scryfallId": "f09dd696-8dff-41dd-b510-b2ad4c5d6c36", "scryfallIllustrationId": "020f4c92-3c44-4496-8a8a-f12025cea454", "scryfallOracleId": "d8fd7a34-8418-4e98-b79b-119c4348c667", "tcgplayerProductId": "38315"}, "isFullArt": true, "isPromo": true, "isReprint": true, "isStarter": true, "isTextless": true, "language": "English", "layout": "normal", "legalities": {"commander": "Legal", "duel": "Legal", "legacy": "Legal", "modern": "Legal", "pauper": "Legal", "paupercommander": "Legal", "penny": "Legal", "premodern": "Legal", "vintage": "Legal"}, "manaCost": "{1}{R}", "manaValue": 2.0, "name": "Incinerate", "number": "3", "printings": ["10E", "5ED", "CST", "DD2", "DKM", "DPA", "ICE", "JVC", "M12", "ME2", "MIR", "OLEP", "P08", "PLGM", "PRM", "PS11", "PTC", "WC97", "WC98"], "promoTypes": ["playerrewards"], "purchaseUrls": {"cardKingdom": "https://mtgjson.com/links/48e3a87015623d74", "tcgplayer": "https://mtgjson.com/links/897b18c14fa1ec8d"}, "rarity": "rare", "rulings": [{"date": "2007-07-15", "text": "Regeneration abilities that would affect that creature can still be activated; they just won’t do anything. The creature can’t be regenerated for any reason, even if an effect other than Incinerate would deal lethal damage to it or otherwise destroy it."}], "setCode": "P08", "subtypes": [], "supertypes": [], "text": "Incinerate deals 3 damage to any target. A creature dealt damage this way can't be regenerated this turn.", "type": "Instant", "types": ["Instant"], "uuid": "7d465dc6-02e5-5fcd-987a-126cf4c5422f"}, {"artist": "Donato Giancola", "availability": ["paper"], "borderColor": "black", "colorIdentity": ["W"], "colors": ["W"], "convertedManaCost": 1.0, "edhrecRank": 1618, "finishes": ["nonfoil"], "foreignData": [], "frameVersion": "2003", "hasFoil": false, "hasNonFoil": true, "identifiers": {"cardKingdomId": "124492", "cardsphereId": "36286", "mcmId": "19010", "mtgjsonV4Id": "3598e3f1-2f65-50bf-aac0-561c484413c2", "scryfallId": "652b0ce3-293d-4599-8a04-9df01b9bc678", "scryfallIllustrationId": "f037af1a-2c5a-4a78-bfb2-5e41d91b1b20", "scryfallOracleId": "948217ac-289e-455f-8c7c-519aa75fa345", "tcgplayerProductId": "38320"}, "isFullArt": true, "isPromo": true, "isReprint": true, "isStarter": true, "isTextless": true, "language": "English", "layout": "normal", "legalities": {"commander": "Legal", "duel": "Legal", "gladiator": "Legal", "historic": "Legal", "historicbrawl": "Legal", "legacy": "Legal", "modern": "Legal", "pauper": "Legal", "paupercommander": "Legal", "vintage": "Legal"}, "manaCost": "{W}", "manaValue": 1.0, "name": "Mana Tithe", "number": "4", "printings": ["MB1", "P08", "PLC", "PRM", "STA", "TSR"], "promoTypes": ["playerrewards"], "purchaseUrls": {"cardKingdom": "https://mtgjson.com/links/f2c4968b05c354fa", "tcgplayer": "https://mtgjson.com/links/6d246d1dccae3285"}, "rarity": "rare", "rulings": [{"date": "2004-10-04", "text": "The payment is optional."}], "setCode": "P08", "subtypes": [], "supertypes": [], "text": "Counter target spell unless its controller pays {1}.", "type": "Instant", "types": ["Instant"], "uuid": "c52b264b-6ea1-5031-9e01-6259819b404f"}, {"artist": "Vance Kovacs", "availability": ["paper"], "borderColor": "black", "colorIdentity": ["G"], "colors": ["G"], "convertedManaCost": 4.0, "edhrecRank": 170, "finishes": ["nonfoil"], "foreignData": [], "frameVersion": "2003", "hasFoil": false, "hasNonFoil": true, "identifiers": {"cardKingdomId": "125557", "cardsphereId": "36277", "mcmId": "19011", "mtgjsonV4Id": "1884dbc5-f866-59aa-b489-161df7504d05", "scryfallId": "509cfb76-ab85-4473-ab81-83f6f62eb54c", "scryfallIllustrationId": "3342409c-3d09-464e-a3d0-872aa7ea6800", "scryfallOracleId": "7eff84f1-f772-497a-b350-bbc93d0230f7", "tcgplayerProductId": "38311"}, "isFullArt": true, "isPromo": true, "isReprint": true, "isStarter": true, "isTextless": true, "language": "English", "layout": "normal", "legalities": {"commander": "Legal", "duel": "Legal", "gladiator": "Legal", "historic": "Legal", "historicbrawl": "Legal", "legacy": "Legal", "modern": "Legal", "penny": "Legal", "vintage": "Legal"}, "manaCost": "{2}{G}{G}", "manaValue": 4.0, "name": "Harmonize", "number": "5", "printings": ["ARC", "C13", "C17", "C19", "C20", "CMD", "CMR", "DD1", "DDD", "DDS", "EMA", "EVG", "GVL", "MB1", "MM3", "NCC", "P08", "PLC", "PLIST", "PRM", "PZ1", "STA", "TD0", "TSR", "ZNC"], "promoTypes": ["playerrewards"], "purchaseUrls": {"cardKingdom": "https://mtgjson.com/links/829064aeada9ec1d", "tcgplayer": "https://mtgjson.com/links/7f442e253feddef6"}, "rarity": "rare", "rulings": [], "setCode": "P08", "subtypes": [], "supertypes": [], "text": "Draw three cards.", "type": "Sorcery", "types": ["Sorcery"], "uuid": "81b0fb61-2ccc-570e-a941-dbad16316282"}, {"artist": "Steve Argyle", "availability": ["paper"], "borderColor": "black", "colorIdentity": ["U"], "colors": ["U"], "convertedManaCost": 1.0, "edhrecRank": 90, "finishes": ["nonfoil"], "foreignData": [], "frameVersion": "2003", "hasFoil": false, "hasNonFoil": true, "identifiers": {"cardKingdomId": "125559", "cardsphereId": "36291", "mcmId": "19651", "mtgjsonV4Id": "94dfa0e8-8a7a-5bf4-be8f-9d6975504cb7", "scryfallId": "15813b4a-9eee-4724-97f3-c1b845cba330", "scryfallIllustrationId": "5314f596-18cd-4558-bdf8-93bd593a79fe", "scryfallOracleId": "02090581-61aa-4348-ad57-451be8ee91c2", "tcgplayerProductId": "38325"}, "isFullArt": true, "isPromo": true, "isReprint": true, "isStarter": true, "isTextless": true, "language": "English", "layout": "normal", "legalities": {"commander": "Legal", "duel": "Legal", "legacy": "Legal", "modern": "Banned", "pauper": "Legal", "paupercommander": "Legal", "penny": "Legal", "vintage": "Restricted"}, "manaCost": "{U}", "manaValue": 1.0, "name": "Ponder", "number": "6", "printings": ["C18", "C21", "J21", "LRW", "M10", "M12", "NCC", "P08", "PHED", "PRM", "SLD", "TSR"], "promoTypes": ["playerrewards"], "purchaseUrls": {"cardKingdom": "https://mtgjson.com/links/e9089c446c128da6", "tcgplayer": "https://mtgjson.com/links/b593b163cd9cec30"}, "rarity": "rare", "rulings": [{"date": "2021-03-19", "text": "If you choose to shuffle your library, that includes the three cards you just looked at and put back on top of it."}], "setCode": "P08", "subtypes": [], "supertypes": [], "text": "Look at the top three cards of your library, then put them back in any order. You may shuffle.\nDraw a card.", "type": "Sorcery", "types": ["Sorcery"], "uuid": "3f2f83ad-b876-503b-9688-5aaa46f13a17"}, {"artist": "Philip Straub", "availability": ["paper"], "borderColor": "black", "colorIdentity": ["B"], "colors": ["B"], "convertedManaCost": 6.0, "edhrecRank": 7472, "finishes": ["nonfoil"], "foreignData": [], "frameVersion": "2003", "hasFoil": false, "hasNonFoil": true, "identifiers": {"cardKingdomId": "125558", "cardsphereId": "36267", "mcmId": "19652", "mtgjsonV4Id": "6564a92c-cda2-592f-8779-3ec3fa409f6e", "scryfallId": "4b5549fa-ff74-44a9-8709-c407b1b89062", "scryfallIllustrationId": "6ab0d613-bf7e-40c7-9a27-8841024ecba0", "scryfallOracleId": "a88a1c53-7de3-423a-a95a-24ed5666ab96", "tcgplayerProductId": "38301"}, "isFullArt": true, "isPromo": true, "isReprint": true, "isStarter": true, "isTextless": true, "language": "English", "layout": "normal", "legalities": {"commander": "Legal", "duel": "Legal", "legacy": "Legal", "modern": "Legal", "pauper": "Legal", "paupercommander": "Legal", "penny": "Legal", "pioneer": "Legal", "premodern": "Legal", "vintage": "Legal"}, "manaCost": "{5}{B}", "manaValue": 6.0, "name": "Corrupt", "number": "7", "printings": ["7ED", "DDC", "DDD", "DVD", "GVL", "M11", "M14", "P08", "PI13", "PRM", "SHM", "USG"], "promoTypes": ["playerrewards"], "purchaseUrls": {"cardKingdom": "https://mtgjson.com/links/b7965672387e5e2c", "tcgplayer": "https://mtgjson.com/links/983bf82a246693d7"}, "rarity": "rare", "rulings": [{"date": "2004-10-04", "text": "The swamps are counted on resolution."}, {"date": "2010-08-15", "text": "The life you gain is equal to the damage dealt by Corrupt, not necessarily to the number of Swamps you control (if some or all of the damage is prevented, for example)."}, {"date": "2010-08-15", "text": "The amount of damage dealt to a creature is not bounded by its toughness, and the amount of damage dealt to a player is not bounded by that player’s life total. For example, if Corrupt deals 6 damage to a 2/2 creature, you’ll gain 6 life."}, {"date": "2013-07-01", "text": "Corrupt counts any land you control with the subtype Swamp, not just ones named Swamp."}], "setCode": "P08", "subtypes": [], "supertypes": [], "text": "Corrupt deals damage to any target equal to the number of Swamps you control. You gain life equal to the damage dealt this way.", "type": "Sorcery", "types": ["Sorcery"], "uuid": "7039195c-2220-5489-804a-e2eb8f0501c1"}], "code": "P08", "isFoilOnly": false, "isOnlineOnly": false, "keyruneCode": "DEFAULT", "name": "Magic Player Rewards 2008", "releaseDate": "2008-01-01", "tokens": [], "totalSetSize": 7, "translations": {}, "type": "promo"}}