{"meta": {"date": "2022-09-29", "version": "5.2.0+20220929"}, "data": {"baseSetSize": 2, "cards": [{"artist": "Dave Dorman", "availability": ["paper"], "borderColor": "black", "colorIdentity": ["R"], "colors": ["R"], "convertedManaCost": 3.0, "edhrecRank": 14805, "finishes": ["foil"], "flavorText": "If you've never choked on the embers of your own spell, you aren't casting it hard enough.", "foreignData": [], "frameVersion": "2003", "hasFoil": true, "hasNonFoil": false, "identifiers": {"cardKingdomFoilId": "125591", "cardsphereId": "77036", "mcmId": "19973", "mtgjsonV4Id": "71f74f0e-42b5-59db-a23f-3a3c9b87aebb", "scryfallId": "3dc5f957-c1e4-452d-a78b-8d772ea0b940", "scryfallIllustrationId": "2884a5cb-143b-4feb-bc04-7ad154bc1d12", "scryfallOracleId": "e57d90ad-2f54-46ca-8237-aa383353a0de", "tcgplayerProductId": "38408"}, "isPromo": true, "isReprint": true, "isStarter": true, "language": "English", "layout": "normal", "legalities": {"commander": "Legal", "duel": "Legal", "legacy": "Legal", "modern": "Legal", "penny": "Legal", "vintage": "Legal"}, "manaCost": "{2}{R}", "manaValue": 3.0, "name": "Char", "number": "1", "printings": ["GK1", "P15A", "PRM", "RAV", "V13"], "purchaseUrls": {"cardKingdomFoil": "https://mtgjson.com/links/e91981a21558994e", "tcgplayer": "https://mtgjson.com/links/dc28dc3e9714ae8e"}, "rarity": "rare", "rulings": [], "setCode": "P15A", "subtypes": [], "supertypes": [], "text": "Char deals 4 damage to any target and 2 damage to you.", "type": "Instant", "types": ["Instant"], "uuid": "dee60a8f-1b70-567f-8be9-bde960db06d2", "watermark": "mtg15"}, {"artist": "Kev Walker", "availability": ["paper"], "borderColor": "black", "colorIdentity": ["R"], "colors": ["R"], "convertedManaCost": 6.0, "edhrecRank": 10164, "finishes": ["foil"], "flavorText": "In times when freedom seems lost, great souls arise to reclaim it.", "foreignData": [], "frameVersion": "2003", "hasFoil": true, "hasNonFoil": false, "identifiers": {"cardKingdomFoilId": "126220", "cardsphereId": "77037", "mcmId": "242569", "mtgjsonV4Id": "9032f03d-b22b-544a-89ab-bc0436eae219", "scryfallId": "00429670-c439-4bd5-bd64-3ac7d352c68e", "scryfallIllustrationId": "73c761cc-4e01-46eb-99fe-4f6890df0f93", "scryfallOracleId": "153bb46f-ee8a-4da3-aab4-ae884f6ff403", "tcgplayerProductId": "38411"}, "isPromo": true, "isReprint": true, "isStarter": true, "keywords": ["Haste"], "language": "English", "layout": "normal", "leadershipSkills": {"brawl": false, "commander": true, "oathbreaker": false}, "legalities": {"commander": "Legal", "duel": "Legal", "legacy": "Legal", "modern": "Legal", "penny": "Legal", "premodern": "Legal", "vintage": "Legal"}, "manaCost": "{4}{R}{R}", "manaValue": 6.0, "name": "Kamahl, Pit Fighter", "number": "2", "power": "6", "printings": ["10E", "DDL", "DDS", "DPA", "ODY", "P15A", "PRM", "PS11", "PSAL"], "purchaseUrls": {"cardKingdomFoil": "https://mtgjson.com/links/5a45eb9ab9fbc10c", "tcgplayer": "https://mtgjson.com/links/d7c2758f3833e333"}, "rarity": "rare", "rulings": [{"date": "2004-10-04", "text": "The Legend rule only applies to two legendary permanents with identical names. If the names are different, even if they depict the same character, the rule does not apply."}], "setCode": "P15A", "subtypes": ["Human", "Barbarian"], "supertypes": ["Legendary"], "text": "Haste (This creature can attack and {T} as soon as it comes under your control.)\n{T}: Kamahl, Pit Fighter deals 3 damage to any target.", "toughness": "1", "type": "Legendary Creature — Human Barbarian", "types": ["Creature"], "uuid": "b9b70a07-dcb1-540b-8361-1a6626b71d06", "watermark": "mtg15"}], "code": "P15A", "isFoilOnly": true, "isOnlineOnly": false, "keyruneCode": "DEFAULT", "name": "15th Anniversary Cards", "releaseDate": "2008-04-01", "tokens": [], "totalSetSize": 2, "translations": {}, "type": "promo"}}