{"meta": {"date": "2022-09-29", "version": "5.2.0+20220929"}, "data": {"baseSetSize": 11, "block": "Judge Gift Cards", "cards": [{"artist": "Lucas Graciano", "availability": ["paper"], "borderColor": "black", "colorIdentity": ["W"], "colors": ["W"], "convertedManaCost": 2.0, "edhrecRank": 3274, "finishes": ["foil"], "flavorText": "\"The wonders of Nyx do not belong solely to the gods.\"", "foreignData": [], "frameVersion": "2015", "hasFoil": true, "hasNonFoil": false, "identifiers": {"cardKingdomFoilId": "257903", "cardsphereId": "86171", "mtgjsonV4Id": "92295f86-48d7-5b87-8f63-9d88f8e1388f", "scryfallId": "b677f531-27e3-4bda-9670-6a1927ac307a", "scryfallIllustrationId": "204ddd45-20a5-4d41-a58a-f59ba94c7f94", "scryfallOracleId": "e6e888ea-9935-4df2-a344-c54637e55f43", "tcgplayerProductId": "265191"}, "isPromo": true, "isReprint": true, "isStarter": true, "language": "English", "layout": "normal", "legalities": {"commander": "Legal", "duel": "Legal", "legacy": "Legal", "modern": "Legal", "vintage": "Legal"}, "manaCost": "{1}{W}", "manaValue": 2.0, "name": "Greater Auramancy", "number": "1", "printings": ["P22", "SHM"], "promoTypes": ["judgegift"], "purchaseUrls": {"cardKingdomFoil": "https://mtgjson.com/links/4923d97cc850d40d", "tcgplayer": "https://mtgjson.com/links/54c9fd64ee8bec83"}, "rarity": "rare", "rulings": [{"date": "2008-05-01", "text": "If you have two on the battlefield, they’ll each grant the other one shroud."}], "securityStamp": "oval", "setCode": "P22", "subtypes": [], "supertypes": [], "text": "Other enchantments you control have shroud. (A permanent with shroud can't be the target of spells or abilities.)\nEnchanted creatures you control have shroud.", "type": "Enchantment", "types": ["Enchantment"], "uuid": "63c4b76d-171b-546a-9e30-bf42599b3dd9", "watermark": "judgeacademy"}, {"artist": "Alayna Danner", "availability": ["paper"], "borderColor": "black", "colorIdentity": ["U"], "colors": ["U"], "convertedManaCost": 10.0, "edhrecRank": 1174, "finishes": ["foil"], "flavorText": "\"In the arrogance of my youth, I believed I knew all there was to know. Now, my greatest wisdom is a humble awareness of all I have yet to learn.\"\n—Teferi", "foreignData": [], "frameVersion": "2015", "hasFoil": true, "hasNonFoil": false, "identifiers": {"cardKingdomFoilId": "257901", "cardsphereId": "86170", "mtgjsonV4Id": "10cc7cec-3f93-5a48-85ed-946390299088", "scryfallId": "88826cb1-a31b-499f-bcac-e1a3de956db1", "scryfallIllustrationId": "561e650b-89a0-4af7-a6fb-1b8a9806428d", "scryfallOracleId": "730e39e6-c61d-48b5-8827-bfd952bf1be7", "tcgplayerProductId": "265188"}, "isPromo": true, "isReprint": true, "isStarter": true, "language": "English", "layout": "normal", "legalities": {"commander": "Legal", "duel": "Legal", "explorer": "Legal", "gladiator": "Legal", "historic": "Legal", "historicbrawl": "Legal", "legacy": "Legal", "modern": "Legal", "pioneer": "Legal", "vintage": "Legal"}, "manaCost": "{7}{U}{U}{U}", "manaValue": 10.0, "name": "Omniscience", "number": "2", "printings": ["M13", "M19", "MP2", "P22", "PM19"], "promoTypes": ["judgegift"], "purchaseUrls": {"cardKingdomFoil": "https://mtgjson.com/links/18c70285a7353b65", "tcgplayer": "https://mtgjson.com/links/517c5ef07032b193"}, "rarity": "rare", "rulings": [{"date": "2018-07-13", "text": "If a spell has {X} in its mana cost, you must choose 0 as the value of X when casting it without paying its mana cost."}, {"date": "2018-07-13", "text": "You must follow the normal timing permissions and restrictions of each spell you cast."}, {"date": "2018-07-13", "text": "If you cast a spell “without paying its mana cost,” you can’t choose to cast it for any alternative costs. You can, however, pay additional costs, such as kicker costs. If the card has any mandatory additional costs, such as that of Tormenting Voice, those must be paid to cast the card."}, {"date": "2018-07-13", "text": "Once you cast Omniscience, if it’s your turn, you’ll have priority immediately after it resolves. You can cast another spell before any player can attempt to remove Omniscience with spells or abilities."}], "securityStamp": "oval", "setCode": "P22", "subtypes": [], "supertypes": [], "text": "You may cast spells from your hand without paying their mana costs.", "type": "Enchantment", "types": ["Enchantment"], "uuid": "1c7f105c-db45-588d-8001-0230497e9f91", "watermark": "judgeacademy"}, {"artist": "Greg Staples", "availability": ["paper"], "borderColor": "black", "colorIdentity": ["G"], "colors": ["G"], "convertedManaCost": 4.0, "edhrecRank": 438, "finishes": ["foil"], "flavorText": "Neither Urza nor Mishra would admit it, but it was their similarities, rather than their differences, that drove their obsessive rivalry.", "foreignData": [], "frameVersion": "2015", "hasFoil": true, "hasNonFoil": false, "identifiers": {"cardKingdomFoilId": "258268", "cardsphereId": "86305", "mtgjsonV4Id": "4fe6579d-a3ab-5049-8106-76cc631046e0", "scryfallId": "c532c697-2a66-4c69-a785-59822581b379", "scryfallIllustrationId": "e9a9c644-e870-4e97-a565-8f18108b39a9", "scryfallOracleId": "84dc94b2-95fb-4d53-aaa2-191cb645639f", "tcgplayerProductId": "267937"}, "isPromo": true, "isReprint": true, "isStarter": true, "language": "English", "layout": "normal", "legalities": {"commander": "Legal", "duel": "Legal", "gladiator": "Legal", "historic": "Legal", "historicbrawl": "Legal", "legacy": "Legal", "modern": "Legal", "penny": "Legal", "vintage": "Legal"}, "manaCost": "{3}{G}", "manaValue": 4.0, "name": "Parallel Lives", "number": "3", "printings": ["ISD", "J21", "P22"], "promoTypes": ["judgegift"], "purchaseUrls": {"cardKingdomFoil": "https://mtgjson.com/links/6715b9cbc1c53689", "tcgplayer": "https://mtgjson.com/links/080fd778f324b66b"}, "rarity": "rare", "rulings": [{"date": "2011-09-22", "text": "All of the tokens enter the battlefield simultaneously. They’ll have the same name, color, type and subtype, abilities, power, toughness, and so on."}, {"date": "2011-09-22", "text": "If the effect is putting more than one kind of token onto the battlefield, it’ll put twice as many of each kind onto the battlefield. For example, if you cast Bestial Menace while controlling Parallel Lives, you’ll put two Snake tokens, two Wolf tokens, and two Elephant tokens onto the battlefield."}, {"date": "2011-09-22", "text": "If you control two Parallel Lives, then the number of tokens created is four times the original number. If you control three, then the number of tokens created is eight times the original number, and so on."}, {"date": "2011-09-22", "text": "If the effect creating the tokens instructs you to do something with those tokens at a later time, like exiling them at the end of combat, you’ll do that for all the tokens."}], "securityStamp": "oval", "setCode": "P22", "subtypes": [], "supertypes": [], "text": "If an effect would create one or more tokens under your control, it creates twice that many of those tokens instead.", "type": "Enchantment", "types": ["Enchantment"], "uuid": "4237b8eb-1d90-5dea-bd06-3f7c3c2a6cb7", "watermark": "judgeacademy"}, {"artist": "Ralph Horsley", "availability": ["paper"], "borderColor": "black", "colorIdentity": ["R"], "colors": ["R"], "convertedManaCost": 4.0, "edhrecRank": 3222, "finishes": ["foil"], "flavorText": "\"Control the Halo and you control the whole city.\"\n—Jetmir", "foreignData": [], "frameVersion": "2015", "hasFoil": true, "hasNonFoil": false, "identifiers": {"cardKingdomFoilId": "258267", "cardsphereId": "86306", "mtgjsonV4Id": "967514ad-404d-522c-aaf4-2c8a8387b993", "scryfallId": "53745403-f855-42a2-9767-0092c9f1f18b", "scryfallIllustrationId": "391b9219-20d2-44e8-b71e-4633d86d0bbb", "scryfallOracleId": "b66c6e3a-daed-43a3-95d6-4f9d6223bbf1", "tcgplayerProductId": "267938"}, "isPromo": true, "isReprint": true, "isStarter": true, "language": "English", "layout": "normal", "legalities": {"commander": "Legal", "duel": "Legal", "legacy": "Legal", "vintage": "Legal"}, "manaCost": "{3}{R}", "manaValue": 4.0, "name": "Stranglehold", "number": "4", "printings": ["CMA", "CMD", "P22"], "promoTypes": ["judgegift"], "purchaseUrls": {"cardKingdomFoil": "https://mtgjson.com/links/6b19a826051ad366", "tcgplayer": "https://mtgjson.com/links/08e12dd92e40d1ad"}, "rarity": "rare", "rulings": [{"date": "2011-09-22", "text": "If an effect says “You may search your library . . . If you do, shuffle your library” or “You may search your library . . . then shuffle your library,” your opponents can’t choose to search, so they won’t shuffle."}, {"date": "2011-09-22", "text": "If an effect says “Search your library . . . then shuffle your library,” your opponents shuffle their libraries even though they can’t search."}, {"date": "2011-09-22", "text": "Effects that instruct your opponents to reveal or look at cards from the top of their libraries will still work. Only effects that use the word “search” are affected."}, {"date": "2011-09-22", "text": "An “extra turn” means a turn created by a spell or ability. It doesn’t refer to a turn taken in a sanctioned tournament after the time limit for the round has expired."}, {"date": "2011-09-22", "text": "If an opponent’s extra turn is created while Stranglehold is on the battlefield, but Stranglehold leaves the battlefield before that turn would begin, that opponent takes the extra turn as normal."}], "securityStamp": "oval", "setCode": "P22", "subtypes": [], "supertypes": [], "text": "Your opponents can't search libraries.\nIf an opponent would begin an extra turn, that player skips that turn instead.", "type": "Enchantment", "types": ["Enchantment"], "uuid": "c0f571de-8d31-5912-8e17-3bdb41d61ce6", "watermark": "judgeacademy"}, {"artist": "Aurore Folny", "availability": ["paper"], "borderColor": "black", "colorIdentity": ["W"], "colors": ["W"], "convertedManaCost": 4.0, "edhrecRank": 43, "finishes": ["foil"], "flavorText": "A witch once foretold that Glavin would die surrounded by unimaginable wealth. Until that moment, he'd taken that to mean he'd be rich.", "foreignData": [], "frameVersion": "2015", "hasFoil": true, "hasNonFoil": false, "identifiers": {"cardKingdomFoilId": "263935", "mtgjsonV4Id": "27352fa8-2975-5995-a7be-277867034d50", "scryfallId": "24921817-36fe-4a2d-86e7-d3749bb8da32", "scryfallIllustrationId": "c6b186fa-d1fe-4321-a6c5-e173fd693e45", "scryfallOracleId": "153376c9-dffd-458c-8ce3-a4c8269bc4e9", "tcgplayerProductId": "279245"}, "isPromo": true, "isReprint": true, "isStarter": true, "language": "English", "layout": "normal", "legalities": {"commander": "Legal", "duel": "Legal", "explorer": "Legal", "gladiator": "Legal", "historic": "Legal", "historicbrawl": "Legal", "legacy": "Legal", "modern": "Legal", "pioneer": "Legal", "vintage": "Legal"}, "manaCost": "{3}{W}", "manaValue": 4.0, "name": "Smothering Tithe", "number": "5", "originalReleaseDate": "2022-07-12", "printings": ["2X2", "P22", "PRNA", "RNA"], "promoTypes": ["judgegift"], "purchaseUrls": {"cardKingdomFoil": "https://mtgjson.com/links/51ba727f87543c46", "tcgplayer": "https://mtgjson.com/links/f3a5946627273356"}, "rarity": "rare", "rulings": [{"date": "2019-01-25", "text": "If an opponent is instructed to draw multiple cards, that player draws all of them before deciding how many times to pay for Smothering Tithe’s triggered ability."}], "securityStamp": "oval", "setCode": "P22", "subtypes": [], "supertypes": [], "text": "Whenever an opponent draws a card, that player may pay {2}. If the player doesn't, you create a Treasure token. (It's an artifact with \"{T}, Sacrifice this artifact: Add one mana of any color.\")", "type": "Enchantment", "types": ["Enchantment"], "uuid": "bcaf5e6d-b760-5ade-bbc5-fb433a9a3bea"}, {"artist": "Caroline Gariba", "availability": ["paper"], "borderColor": "black", "colorIdentity": ["U"], "colors": ["U"], "convertedManaCost": 1.0, "edhrecRank": 1508, "finishes": ["foil"], "flavorText": "\"Practice alone will not bring perfection. The practice itself must be perfect. Again!\"", "foreignData": [], "frameVersion": "2015", "hasFoil": true, "hasNonFoil": false, "identifiers": {"cardKingdomFoilId": "263933", "mtgjsonV4Id": "5edda169-d4cf-5617-a57b-535856bcc430", "scryfallId": "969a8b6d-3186-497f-87ae-68c21d06e2a2", "scryfallIllustrationId": "c26784d5-3bbb-49ad-bf20-37fa0f391d82", "scryfallOracleId": "8de3eabe-9a8f-4865-beef-a4888c081d39", "tcgplayerProductId": "279252"}, "isPromo": true, "isReprint": true, "isStarter": true, "language": "English", "layout": "normal", "legalities": {"commander": "Legal", "duel": "Legal", "legacy": "Legal", "modern": "Legal", "penny": "Legal", "vintage": "Legal"}, "manaCost": "{U}", "manaValue": 1.0, "name": "Training Grounds", "number": "6", "originalReleaseDate": "2022-07-12", "printings": ["P22", "PLIST", "ROE"], "promoTypes": ["judgegift"], "purchaseUrls": {"cardKingdomFoil": "https://mtgjson.com/links/fb70174e31bd38c1", "tcgplayer": "https://mtgjson.com/links/b84c82f27784b49f"}, "rarity": "rare", "rulings": [{"date": "2010-06-15", "text": "Training Grounds won’t affect a cost that isn’t the cost to activate a creature’s activated ability. For example, it won’t affect Flameblast Dragon’s {X}{R} cost, since that’s a cost paid when a triggered ability resolves, and it won’t affect a kicker cost, since that’s an additional cost to cast a spell. Activated ability costs appear before a colon (:) in a card’s rules text, or, in the case of some keywords, before a colon in reminder text."}, {"date": "2010-06-15", "text": "Training Grounds affects only creatures you control on the battlefield. The costs of activated abilities that work in other zones (such as cycling or unearth) won’t be reduced."}, {"date": "2010-06-15", "text": "Training Grounds won’t affect the part of an activation cost represented by colored mana symbols or snow mana symbols. It also won’t affect nonmana parts of an activation cost, if there are any."}, {"date": "2010-06-15", "text": "Training Grounds can reduce the part of an activation cost represented by generic mana symbols down to nothing, as long as it still costs at least one mana. For example, if an activation cost is {2}{G}, you’d have to pay only {G}. If an activation cost is {2}, though, you’d still have to pay {1}."}, {"date": "2010-06-15", "text": "Training Grounds can reduce the amount you pay for a creature’s activated ability cost that includes {X}. For example, Drana, Kalastria Bloodchief has an activated ability that costs {X}{B}{B}. If you control Training Grounds and you activate the ability with X equal to 5, you’ll have to pay only {3}{B}{B}. This is true even if the ability states that {X} must be paid with a certain color of mana, as Crimson Hellkite’s ability does."}, {"date": "2010-06-15", "text": "If an activated ability of a creature you control costs no generic mana to activate (for example, if it costs {R}{R}, it costs {0}, or it costs only nonmana actions such as {T} or “Sacrifice a creature”), Training Grounds simply won’t affect it. In particular, it won’t increase the cost to include a mana payment of {1}."}, {"date": "2010-06-15", "text": "Training Grounds takes the total cost to activate a creature’s activated ability into account, not just the cost printed on it. For example, Furnace Spirit has an activated ability that costs {R}, and Suppression Field says “Activated abilities cost {2} more to activate unless they’re mana abilities.” Since activating Furnace Spirit’s activated ability would now cost {2}{R}, Training Grounds reduces that cost back to {R}."}, {"date": "2010-06-15", "text": "You may choose not to apply Training Ground’s cost reduction effect. You may also choose to apply only part of it (causing an activated ability of a creature you control to cost just {1} less to activate)."}], "securityStamp": "oval", "setCode": "P22", "subtypes": [], "supertypes": [], "text": "Activated abilities of creatures you control cost up to {2} less to activate. This effect can't reduce the mana in that cost to less than one mana.", "type": "Enchantment", "types": ["Enchantment"], "uuid": "c394bafc-f863-5312-adee-6ee0d6ff8564", "watermark": "judgeacademy"}, {"artist": "Helge C. Balzer", "availability": ["paper"], "borderColor": "black", "colorIdentity": ["B"], "colors": ["B"], "convertedManaCost": 2.0, "edhrecRank": 156, "finishes": ["foil"], "foreignData": [], "frameVersion": "1997", "hasFoil": true, "hasNonFoil": false, "identifiers": {"mtgjsonV4Id": "92a88085-d96c-5ef6-8284-1f3744b05531", "scryfallId": "f9e02314-bb21-48d0-b0c9-2824583b9c6f", "scryfallIllustrationId": "5ec91317-1533-4a51-832b-4683e1159a31", "scryfallOracleId": "c0d8fef4-65f4-4769-982d-b397d2b7e977"}, "isPromo": true, "isReprint": true, "isStarter": true, "keywords": ["Enchant"], "language": "English", "layout": "normal", "legalities": {"commander": "Legal", "duel": "Legal", "legacy": "Legal", "premodern": "Legal", "vintage": "Legal"}, "manaCost": "{1}{B}", "manaValue": 2.0, "name": "Animate Dead", "number": "7", "originalReleaseDate": "2022-10-01", "printings": ["2ED", "3ED", "4BB", "4ED", "5ED", "CED", "CEI", "EMA", "FBB", "LEA", "LEB", "MB1", "ME1", "P22", "PD3", "PLIST", "SUM", "TD0", "VMA"], "promoTypes": ["judgegift"], "purchaseUrls": {}, "rarity": "rare", "rulings": [{"date": "2016-06-08", "text": "Animate Dead is an Aura, albeit with an unusual enchant ability. You target a creature card in a graveyard when you cast it. It enters the battlefield attached to that card. Then it returns that card to the battlefield, and attaches itself to the card again (since the card is a new object on the battlefield). Animate Dead itself never moves into a graveyard during this process."}, {"date": "2016-06-08", "text": "If Animate Dead isn’t on the battlefield as its triggered ability resolves, none of its effects happen. The creature card won’t be returned to the battlefield."}, {"date": "2016-06-08", "text": "Abilities such as shroud and protection function only on the battlefield unless otherwise specified. A creature card with shroud may be targeted by Animate Dead, and Animate Dead will become attached to the creature that enters the battlefield."}, {"date": "2016-06-08", "text": "If the creature put onto the battlefield has protection from black—or if the creature can’t legally be enchanted by Animate Dead for another reason—Animate Dead won’t be able to attach to it. It will be put into the graveyard as a state-based action, causing its delayed triggered ability to trigger. When the trigger resolves, if the creature’s still on the battlefield, its controller will sacrifice it."}, {"date": "2016-06-08", "text": "Once the creature is returned to the battlefield, Animate Dead can’t be attached to anything other than it (unless Animate Dead somehow manages to put a different creature onto the battlefield). Attempting to move Animate Dead to another creature won’t work."}], "setCode": "P22", "subtypes": ["Aura"], "supertypes": [], "text": "Enchant creature card in a graveyard\nWhen Animate Dead enters the battlefield, if it's on the battlefield, it loses \"enchant creature card in a graveyard\" and gains \"enchant creature put onto the battlefield with Animate Dead.\" Return enchanted creature card to the battlefield under your control and attach Animate Dead to it. When Animate Dead leaves the battlefield, that creature's controller sacrifices it.\nEnchanted creature gets -1/-0.", "type": "Enchantment — Aura", "types": ["Enchantment"], "uuid": "5a9e1794-e4fc-584c-aa83-43ab45226bbd", "watermark": "wotc"}, {"artist": "Anato Finnstark", "availability": ["paper"], "borderColor": "black", "colorIdentity": ["R"], "colors": ["R"], "convertedManaCost": 4.0, "edhrecRank": 481, "finishes": ["foil"], "foreignData": [], "frameEffects": ["legendary"], "frameVersion": "2015", "hasFoil": true, "hasNonFoil": false, "identifiers": {"mtgjsonV4Id": "f00212ca-c5f8-59a6-a823-b24e33871186", "scryfallId": "d8969a3c-46eb-463a-b9e5-aaad912a5f15", "scryfallIllustrationId": "a9797a00-af75-49b1-b9c3-0c77d12e564d", "scryfallOracleId": "4fdbbec2-e921-4b63-958d-f9ba1e417197"}, "isPromo": true, "isReprint": true, "isStarter": true, "keywords": ["Indestructible"], "language": "English", "layout": "normal", "leadershipSkills": {"brawl": false, "commander": true, "oathbreaker": false}, "legalities": {"commander": "Legal", "duel": "Legal", "legacy": "Legal", "modern": "Legal", "pioneer": "Legal", "vintage": "Legal"}, "manaCost": "{3}{R}", "manaValue": 4.0, "name": "Purphoros, God of the Forge", "number": "8", "originalReleaseDate": "2022-10-01", "power": "6", "printings": ["MB1", "P22", "SLD", "THS"], "promoTypes": ["judgegift"], "purchaseUrls": {}, "rarity": "rare", "rulings": [{"date": "2013-09-15", "text": "If a God is attacking or blocking and it stops being a creature, it will be removed from combat."}, {"date": "2013-09-15", "text": "Numeric mana symbols ({0}, {1}, and so on) in mana costs of permanents you control don’t count toward your devotion to any color."}, {"date": "2013-09-15", "text": "Mana symbols in the text boxes of permanents you control don’t count toward your devotion to any color."}, {"date": "2013-09-15", "text": "Hybrid mana symbols, monocolored hybrid mana symbols, and Phyrexian mana symbols do count toward your devotion to their color(s)."}, {"date": "2013-09-15", "text": "If an activated ability or triggered ability has an effect that depends on your devotion to a color, you count the number of mana symbols of that color among the mana costs of permanents you control as the ability resolves. The permanent with that ability will be counted if it’s still on the battlefield at that time."}, {"date": "2013-09-15", "text": "The type-changing ability that can make the God not be a creature functions only on the battlefield. It’s always a creature card in other zones, regardless of your devotion to its color."}, {"date": "2013-09-15", "text": "If a God enters the battlefield, your devotion to its color (including the mana symbols in the mana cost of the God itself) will determine if a creature entered the battlefield or not, for abilities that trigger whenever a creature enters the battlefield."}, {"date": "2013-09-15", "text": "If a God stops being a creature, it loses the type creature and all creature subtypes. It continues to be a legendary enchantment."}, {"date": "2013-09-15", "text": "The abilities of Gods function as long as they’re on the battlefield, regardless of whether they’re creatures."}, {"date": "2013-09-15", "text": "If a God is dealt damage, then stops being a creature, then becomes a creature again later in the same turn, the damage will still be marked on it. This is also true for any effects that were affecting the God when it was originally a creature. (Note that in most cases, the damage marked on the God won’t matter because it has indestructible.)"}], "securityStamp": "oval", "setCode": "P22", "subtypes": ["God"], "supertypes": ["Legendary"], "text": "Indestructible\nAs long as your devotion to red is less than five, Purphoros isn't a creature.\nWhenever another creature enters the battlefield under your control, Purphoros deals 2 damage to each opponent.\n{2}{R}: Creatures you control get +1/+0 until end of turn.", "toughness": "5", "type": "Legendary Enchantment Creature — God", "types": ["Enchantment", "Creature"], "uuid": "d836a15c-9722-51d3-960f-dc1ab6faa2d0", "watermark": "judgeacademy"}, {"artist": "John Stanko", "availability": ["paper"], "borderColor": "black", "colorIdentity": ["B"], "colors": ["B"], "convertedManaCost": 4.0, "edhrecRank": 2890, "finishes": ["foil"], "flavorText": "\"If you wish to assassinate a master assassin, you'll have to do better than that.\"", "foreignData": [], "frameVersion": "2015", "hasFoil": true, "hasNonFoil": false, "identifiers": {"cardKingdomFoilId": "257902", "cardsphereId": "86172", "mtgjsonV4Id": "0845ba10-04f9-5476-b933-e34db3f0bc48", "scryfallId": "4133fcbc-de7b-4270-b6c5-8246f290c8cf", "scryfallIllustrationId": "083bb5cc-d665-4531-93d4-2756f7c16818", "scryfallOracleId": "b9538d53-480b-481a-abbf-83ab17e1a45b", "tcgplayerProductId": "265233"}, "isPromo": true, "isReprint": true, "isStarter": true, "language": "English", "layout": "normal", "legalities": {"commander": "Legal", "duel": "Legal", "legacy": "Legal", "premodern": "Legal", "vintage": "Legal"}, "manaCost": "{2}{B}{B}", "manaValue": 4.0, "name": "No Mercy", "number": "9", "printings": ["MP2", "P22", "ULG"], "promoTypes": ["judgegift"], "purchaseUrls": {"cardKingdomFoil": "https://mtgjson.com/links/9995eb2fb73e0ebb", "tcgplayer": "https://mtgjson.com/links/e2cf67f794738bd8"}, "rarity": "rare", "rulings": [{"date": "2004-10-04", "text": "If the damage to you is all prevented or redirected, then damage was not dealt to you, and this does not trigger."}], "securityStamp": "oval", "setCode": "P22", "subtypes": [], "supertypes": [], "text": "Whenever a creature deals damage to you, destroy it.", "type": "Enchantment", "types": ["Enchantment"], "uuid": "0292e192-6c74-591e-adfc-aa373ef494c6", "watermark": "judgeacademy"}, {"artist": "Dmitry Burmak", "availability": ["paper"], "borderColor": "black", "colorIdentity": ["G"], "colors": ["G"], "convertedManaCost": 3.0, "edhrecRank": 512, "faceConvertedManaCost": 3.0, "faceManaValue": 3.0, "faceName": "Growing Rites of Itlimoc", "finishes": ["foil"], "foreignData": [], "frameEffects": ["legendary", "compasslanddfc"], "frameVersion": "2015", "hasFoil": true, "hasNonFoil": false, "identifiers": {"cardKingdomFoilId": "263934", "mtgjsonV4Id": "e7025642-4af5-5c0b-94c3-a1e66412cc9f", "scryfallId": "38b45fa7-ccbc-4fdc-9ba5-117f7671d056", "scryfallIllustrationId": "e3efdde2-661f-4ad8-b6bf-2843d3965e2c", "scryfallOracleId": "ea9c459a-6047-43aa-968f-a582be4000e8", "tcgplayerProductId": "279253"}, "isPromo": true, "isReprint": true, "isStarter": true, "keywords": ["Transform"], "language": "English", "layout": "transform", "legalities": {"commander": "Legal", "duel": "Legal", "explorer": "Legal", "gladiator": "Legal", "historic": "Legal", "historicbrawl": "Legal", "legacy": "Legal", "modern": "Legal", "penny": "Legal", "pioneer": "Legal", "vintage": "Legal"}, "manaCost": "{2}{G}", "manaValue": 3.0, "name": "Growing Rites of Itlimoc // Itlimoc, Cradle of the Sun", "number": "10", "originalReleaseDate": "2022-07-12", "otherFaceIds": ["6ddf8855-4e59-563c-8e2c-15f4b1737fb4"], "printings": ["P22", "PXLN", "PXTC", "XLN"], "promoTypes": ["judgegift"], "purchaseUrls": {"cardKingdomFoil": "https://mtgjson.com/links/0900cdb99579603d", "tcgplayer": "https://mtgjson.com/links/a0af09d0e5714bdd"}, "rarity": "rare", "rulings": [{"date": "2017-09-29", "text": "The last ability of Growing Rites of Itlimoc doesn’t trigger if you don’t control four or more creatures as your end step begins. If you don’t control four or more creatures as it resolves, it does nothing."}, {"date": "2017-09-29", "text": "If you control a creature that will be removed from the battlefield “at the beginning of the next end step,” you can resolve the ability of Growing Rites of Itlimoc before that creature leaves the battlefield."}, {"date": "2017-09-29", "text": "If you gain control of a creature “until end of turn,” or if a noncreature permanent you control becomes a creature “until end of turn,” it’ll be a creature under your control through the entire end step."}, {"date": "2018-01-19", "text": "For more information on double-faced cards, see the Ixalan mechanics article (http://magic.wizards.com/en/articles/archive/feature/ixalan-mechanics)."}], "securityStamp": "oval", "setCode": "P22", "side": "a", "subtypes": [], "supertypes": ["Legendary"], "text": "When Growing Rites of Itlimoc enters the battlefield, look at the top four cards of your library. You may reveal a creature card from among them and put it into your hand. Put the rest on the bottom of your library in any order.\nAt the beginning of your end step, if you control four or more creatures, transform Growing Rites of Itlimoc.", "type": "Legendary Enchantment", "types": ["Enchantment"], "uuid": "7910c642-1b9b-5915-bf7b-d71d065a60b6", "watermark": "judgeacademy"}, {"artist": "Dmitry Burmak", "availability": ["paper"], "borderColor": "black", "colorIdentity": ["G"], "colors": [], "convertedManaCost": 3.0, "edhrecRank": 512, "faceConvertedManaCost": 0.0, "faceManaValue": 0.0, "faceName": "Itlimoc, Cradle of the Sun", "finishes": ["foil"], "flavorText": "\"The true treasures of our world are found ni the wild places, where Ixalli's light shines brightest.\"\n—Huatli", "foreignData": [], "frameEffects": ["legendary", "compasslanddfc"], "frameVersion": "2015", "hasFoil": true, "hasNonFoil": false, "identifiers": {"mtgjsonV4Id": "853ff9c9-7397-5f5d-b2e5-03f5bfa2315a", "scryfallId": "38b45fa7-ccbc-4fdc-9ba5-117f7671d056", "scryfallIllustrationId": "8857154c-b7c0-48c2-ab3d-f064df6abeb9", "scryfallOracleId": "ea9c459a-6047-43aa-968f-a582be4000e8", "tcgplayerProductId": "279253"}, "isPromo": true, "isReprint": true, "isStarter": true, "keywords": ["Transform"], "language": "English", "layout": "transform", "legalities": {"commander": "Legal", "duel": "Legal", "explorer": "Legal", "gladiator": "Legal", "historic": "Legal", "historicbrawl": "Legal", "legacy": "Legal", "modern": "Legal", "penny": "Legal", "pioneer": "Legal", "vintage": "Legal"}, "manaValue": 3.0, "name": "Growing Rites of Itlimoc // Itlimoc, Cradle of the Sun", "number": "10", "originalReleaseDate": "2022-07-12", "otherFaceIds": ["7910c642-1b9b-5915-bf7b-d71d065a60b6"], "printings": ["P22", "PXLN", "PXTC", "XLN"], "promoTypes": ["judgegift"], "purchaseUrls": {"tcgplayer": "https://mtgjson.com/links/8123fc55e5c3ffd0"}, "rarity": "rare", "rulings": [{"date": "2017-09-29", "text": "The last ability of Growing Rites of Itlimoc doesn’t trigger if you don’t control four or more creatures as your end step begins. If you don’t control four or more creatures as it resolves, it does nothing."}, {"date": "2017-09-29", "text": "If you control a creature that will be removed from the battlefield “at the beginning of the next end step,” you can resolve the ability of Growing Rites of Itlimoc before that creature leaves the battlefield."}, {"date": "2017-09-29", "text": "If you gain control of a creature “until end of turn,” or if a noncreature permanent you control becomes a creature “until end of turn,” it’ll be a creature under your control through the entire end step."}, {"date": "2018-01-19", "text": "For more information on double-faced cards, see the Ixalan mechanics article (http://magic.wizards.com/en/articles/archive/feature/ixalan-mechanics)."}], "securityStamp": "oval", "setCode": "P22", "side": "b", "subtypes": [], "supertypes": ["Legendary"], "text": "(Transforms from Growing Rites of Itlimoc.)\n{T}: Add {G}.\n{T}: Add {G} for each creature you control.", "type": "Legendary Land", "types": ["Land"], "uuid": "6ddf8855-4e59-563c-8e2c-15f4b1737fb4", "watermark": "judgeacademy"}], "code": "P22", "isFoilOnly": true, "isOnlineOnly": false, "keyruneCode": "ARCHIE", "name": "Judge Gift Cards 2022", "releaseDate": "2022-01-01", "tokens": [], "totalSetSize": 11, "translations": {}, "type": "promo"}}