{"meta": {"date": "2022-09-29", "version": "5.2.0+20220929"}, "data": {"baseSetSize": 12, "block": "Arena League", "cards": [{"artist": "Pat Morrissey", "availability": ["paper"], "borderColor": "black", "colorIdentity": ["G"], "colors": [], "convertedManaCost": 0.0, "finishes": ["foil"], "foreignData": [], "frameVersion": "1997", "hasFoil": true, "hasNonFoil": false, "identifiers": {"cardKingdomFoilId": "190521", "cardsphereId": "5667", "mcmId": "18220", "mtgjsonV4Id": "8354caf4-0e58-599d-8b31-2d8ef50a9607", "scryfallId": "df5d894f-ead3-4077-94a0-765b1159a34a", "scryfallIllustrationId": "3216ffd5-663a-4b43-9d76-e8bf423c104c", "scryfallOracleId": "b34bb2dc-c1af-4d77-b0b3-a0fb342a5fc6", "tcgplayerProductId": "37987"}, "isPromo": true, "isReprint": true, "isStarter": true, "language": "English", "layout": "normal", "legalities": {"alchemy": "Legal", "brawl": "Legal", "commander": "Legal", "duel": "Legal", "explorer": "Legal", "future": "Legal", "gladiator": "Legal", "historic": "Legal", "historicbrawl": "Legal", "legacy": "Legal", "modern": "Legal", "pauper": "Legal", "paupercommander": "Legal", "penny": "Legal", "pioneer": "Legal", "premodern": "Legal", "standard": "Legal", "vintage": "Legal"}, "manaValue": 0.0, "name": "Forest", "number": "1", "printings": ["10E", "2ED", "2XM", "3ED", "40K", "4BB", "4ED", "5ED", "6ED", "7ED", "8ED", "9ED", "AFR", "AKH", "AKR", "ALA", "ANA", "ANB", "ARC", "ATH", "AVR", "BBD", "BFZ", "BRB", "BTD", "C13", "C14", "C15", "C16", "C17", "C18", "C19", "CED", "CEI", "CHK", "CLB", "CM2", "CMA", "CMD", "CMR", "CST", "DD1", "DDD", "DDE", "DDG", "DDH", "DDJ", "DDL", "DDM", "DDO", "DDP", "DDR", "DDS", "DDU", "DKM", "DMU", "DOM", "DPA", "DTK", "E01", "ELD", "EVG", "FBB", "FRF", "G17", "GK1", "GK2", "GN2", "GNT", "GRN", "GS1", "GVL", "H09", "HBG", "HOP", "HOU", "ICE", "IKO", "INV", "ISD", "ITP", "J14", "JMP", "KHM", "KLD", "KLR", "KTK", "LEA", "LEB", "LRW", "M10", "M11", "M12", "M13", "M14", "M15", "M19", "M20", "M21", "MBS", "ME1", "ME3", "MH2", "MID", "MIR", "MMQ", "MRD", "NEO", "NPH", "ODY", "OLEP", "ONS", "ORI", "P02", "PAL00", "PAL01", "PAL03", "PAL04", "PAL05", "PAL06", "PAL99", "PALP", "PANA", "PARL", "PC2", "PCA", "PELP", "PF19", "PF20", "PGPX", "PGRU", "PMPS", "PMPS06", "PMPS07", "PMPS08", "PMPS09", "PMPS10", "PMPS11", "POR", "PPP1", "PRM", "PRW2", "PRWK", "PS11", "PSAL", "PSS2", "PSS3", "PTC", "PTK", "PZ2", "RAV", "RIX", "RNA", "ROE", "RQS", "RTR", "S99", "SHM", "SLD", "SNC", "SOI", "SOM", "STX", "SUM", "TD0", "TD2", "THB", "THS", "TMP", "TPR", "TSP", "UGL", "UND", "UNF", "UNH", "USG", "UST", "VOW", "WAR", "WC00", "WC01", "WC02", "WC03", "WC04", "WC97", "WC98", "WC99", "XANA", "XLN", "ZEN", "ZNR"], "promoTypes": ["arenaleague"], "purchaseUrls": {"cardKingdomFoil": "https://mtgjson.com/links/d0fca0c7bc8f29ce", "tcgplayer": "https://mtgjson.com/links/96e3c97e7a710164"}, "rarity": "rare", "rulings": [], "setCode": "PAL01", "subtypes": ["Forest"], "supertypes": ["Basic"], "text": "({T}: Add {G}.)", "type": "Basic Land — Forest", "types": ["Land"], "uuid": "d879ae07-3ac7-5f03-a873-ce66d38fd61b", "variations": ["d809bd7f-3cf8-57cc-b9a8-eb331acc312f"]}, {"artist": "David Seeley", "availability": ["paper"], "borderColor": "black", "colorIdentity": ["G"], "colors": ["G"], "convertedManaCost": 4.0, "edhrecRank": 10657, "finishes": ["foil"], "flavorText": "\"Mold could catch you.\"\n—Suq'Ata insult", "foreignData": [], "frameVersion": "1997", "hasFoil": true, "hasNonFoil": false, "identifiers": {"cardKingdomFoilId": "117234", "cardsphereId": "5649", "mcmId": "18205", "mtgjsonV4Id": "f1f92969-18cc-53cd-a2b7-adb33e53163f", "scryfallId": "87f53a8f-a86d-47ad-ae5c-89b3135a34a5", "scryfallIllustrationId": "e93956b8-744f-4d85-b3be-d07b0a60ea2c", "scryfallOracleId": "59180e94-ccdf-4d9f-9a4a-fe55497d0d63", "tcgplayerProductId": "37973"}, "isPromo": true, "isReprint": true, "isStarter": true, "language": "English", "layout": "normal", "legalities": {"commander": "Legal", "duel": "Legal", "explorer": "Legal", "gladiator": "Legal", "historic": "Legal", "historicbrawl": "Legal", "legacy": "Legal", "modern": "Legal", "penny": "Legal", "pioneer": "Legal", "premodern": "Legal", "vintage": "Legal"}, "manaCost": "{2}{G}{G}", "manaValue": 4.0, "name": "Creeping Mold", "number": "2", "printings": ["10E", "6ED", "7ED", "8ED", "9ED", "KLD", "KLR", "MB1", "MRD", "PAL01", "PRM", "VIS", "WC00"], "promoTypes": ["arenaleague"], "purchaseUrls": {"cardKingdomFoil": "https://mtgjson.com/links/512383e74928cc41", "tcgplayer": "https://mtgjson.com/links/bd1464315d831234"}, "rarity": "rare", "rulings": [], "setCode": "PAL01", "subtypes": [], "supertypes": [], "text": "Destroy target artifact, enchantment, or land.", "type": "Sorcery", "types": ["Sorcery"], "uuid": "70ed59e5-c92b-5f45-8b4e-a5409e6c3fef"}, {"artist": "Anson Maddocks", "availability": ["paper"], "borderColor": "black", "colorIdentity": ["U"], "colors": [], "convertedManaCost": 0.0, "finishes": ["foil"], "foreignData": [], "frameVersion": "1997", "hasFoil": true, "hasNonFoil": false, "identifiers": {"cardKingdomFoilId": "190525", "cardsphereId": "5681", "mcmId": "18233", "mtgjsonV4Id": "7cf565ca-4c8e-5429-9a6b-92083e27f4af", "scryfallId": "c20fe46c-f358-4974-adfb-86193c4857c1", "scryfallIllustrationId": "7f64a584-3ebd-4e7e-873c-e110c8bf3686", "scryfallOracleId": "b2c6aa39-2d2a-459c-a555-fb48ba993373", "tcgplayerProductId": "38001"}, "isPromo": true, "isReprint": true, "isStarter": true, "language": "English", "layout": "normal", "legalities": {"alchemy": "Legal", "brawl": "Legal", "commander": "Legal", "duel": "Legal", "explorer": "Legal", "future": "Legal", "gladiator": "Legal", "historic": "Legal", "historicbrawl": "Legal", "legacy": "Legal", "modern": "Legal", "pauper": "Legal", "paupercommander": "Legal", "penny": "Legal", "pioneer": "Legal", "premodern": "Legal", "standard": "Legal", "vintage": "Legal"}, "manaValue": 0.0, "name": "Island", "number": "3", "printings": ["10E", "2ED", "2XM", "3ED", "40K", "4BB", "4ED", "5ED", "6ED", "7ED", "8ED", "9ED", "AFR", "AKH", "AKR", "ALA", "ANA", "ANB", "ARC", "AVR", "BBD", "BFZ", "BRB", "BTD", "C13", "C14", "C15", "C16", "C17", "C18", "C19", "CED", "CEI", "CHK", "CLB", "CM2", "CMA", "CMD", "CMR", "CST", "DD2", "DDE", "DDF", "DDH", "DDI", "DDJ", "DDM", "DDN", "DDO", "DDQ", "DDS", "DDT", "DDU", "DMU", "DOM", "DPA", "DTK", "E01", "ELD", "FBB", "FRF", "G17", "GK1", "GK2", "GN2", "GNT", "GRN", "GS1", "H09", "HBG", "HOP", "HOU", "ICE", "IKO", "INV", "ISD", "ITP", "J14", "JMP", "JVC", "KHM", "KLD", "KLR", "KTK", "LEA", "LEB", "LRW", "M10", "M11", "M12", "M13", "M14", "M15", "M19", "M20", "M21", "MBS", "ME1", "ME3", "MH2", "MID", "MIR", "MMQ", "MRD", "NEO", "NPH", "ODY", "OLEP", "ONS", "ORI", "P02", "PAL00", "PAL01", "PAL02", "PAL03", "PAL04", "PAL05", "PAL06", "PAL99", "PALP", "PANA", "PARL", "PC2", "PCA", "PELP", "PF19", "PF20", "PGPX", "PGRU", "PHED", "PLIST", "PMPS", "PMPS06", "PMPS07", "PMPS08", "PMPS09", "PMPS10", "PMPS11", "POR", "PPP1", "PRM", "PRW2", "PRWK", "PS11", "PSAL", "PSS2", "PSS3", "PTC", "PTK", "PZ2", "RAV", "RIX", "RNA", "ROE", "RQS", "RTR", "S99", "SHM", "SLD", "SNC", "SOI", "SOM", "STX", "SUM", "TD0", "TD2", "THB", "THS", "TMP", "TPR", "TSP", "UGL", "UND", "UNF", "UNH", "USG", "UST", "VOW", "WAR", "WC00", "WC01", "WC02", "WC03", "WC04", "WC97", "WC98", "XANA", "XLN", "ZEN", "ZNR"], "promoTypes": ["arenaleague"], "purchaseUrls": {"cardKingdomFoil": "https://mtgjson.com/links/48b95828d1f53e9f", "tcgplayer": "https://mtgjson.com/links/f0246350a602a115"}, "rarity": "rare", "rulings": [], "setCode": "PAL01", "subtypes": ["Island"], "supertypes": ["Basic"], "text": "({T}: Add {U}.)", "type": "Basic Land — Island", "types": ["Land"], "uuid": "30baa032-5ea0-535e-a7c1-f2b12bdd327a"}, {"artist": "Donato Giancola", "availability": ["paper"], "borderColor": "black", "colorIdentity": ["U"], "colors": ["U"], "convertedManaCost": 4.0, "edhrecRank": 6246, "finishes": ["foil"], "flavorText": "\"There is nothing you can do that I cannot simply deny.\"\n—Ertai, wizard adept", "foreignData": [], "frameVersion": "1997", "hasFoil": true, "hasNonFoil": false, "identifiers": {"cardKingdomFoilId": "117238", "cardsphereId": "5654", "mcmId": "18210", "mtgjsonV4Id": "f2d01818-183f-5e5c-b288-58d7136fa693", "scryfallId": "710876cc-5e09-4d0f-aafc-dc8b6f020d91", "scryfallIllustrationId": "1e92af98-bf72-4dbc-a86b-2d3c2f238311", "scryfallOracleId": "5c828a5e-10ae-4f63-86fd-2f160af43cc3", "tcgplayerProductId": "37977"}, "isPromo": true, "isReprint": true, "isStarter": true, "language": "English", "layout": "normal", "legalities": {"commander": "Legal", "duel": "Legal", "gladiator": "Legal", "historic": "Legal", "historicbrawl": "Legal", "legacy": "Legal", "premodern": "Legal", "vintage": "Legal"}, "manaCost": "{2}{U}{U}", "manaValue": 4.0, "name": "Dismiss", "number": "4", "printings": ["C13", "C14", "CN2", "J21", "PAL01", "PRM", "TMP", "TPR", "WC98"], "promoTypes": ["arenaleague"], "purchaseUrls": {"cardKingdomFoil": "https://mtgjson.com/links/e57ffb13ba9bc6fe", "tcgplayer": "https://mtgjson.com/links/dc369d2e93b485a0"}, "rarity": "rare", "rulings": [], "setCode": "PAL01", "subtypes": [], "supertypes": [], "text": "Counter target spell.\nDraw a card.", "type": "Instant", "types": ["Instant"], "uuid": "58d12a5e-aa81-5d5a-a507-af9e28d89400"}, {"artist": "Tom Wänerstrand", "availability": ["paper"], "borderColor": "black", "colorIdentity": ["R"], "colors": [], "convertedManaCost": 0.0, "finishes": ["foil"], "foreignData": [], "frameVersion": "1997", "hasFoil": true, "hasNonFoil": false, "identifiers": {"cardKingdomFoilId": "190529", "cardsphereId": "5693", "mcmId": "18245", "mtgjsonV4Id": "f750d401-5042-5002-b5d3-fd7bc5dfd5eb", "scryfallId": "c35b5aa9-0d84-45df-99da-21535f9d45c5", "scryfallIllustrationId": "1a3e67ce-bf34-4646-867b-0ffac26f79ec", "scryfallOracleId": "a3fb7228-e76b-4e96-a40e-20b5fed75685", "tcgplayerProductId": "38015"}, "isPromo": true, "isReprint": true, "isStarter": true, "language": "English", "layout": "normal", "legalities": {"alchemy": "Legal", "brawl": "Legal", "commander": "Legal", "duel": "Legal", "explorer": "Legal", "future": "Legal", "gladiator": "Legal", "historic": "Legal", "historicbrawl": "Legal", "legacy": "Legal", "modern": "Legal", "pauper": "Legal", "paupercommander": "Legal", "penny": "Legal", "pioneer": "Legal", "premodern": "Legal", "standard": "Legal", "vintage": "Legal"}, "manaValue": 0.0, "name": "Mountain", "number": "5", "printings": ["10E", "2ED", "2XM", "3ED", "40K", "4BB", "4ED", "5ED", "6ED", "7ED", "8ED", "9ED", "AFR", "AKH", "AKR", "ALA", "ANA", "ANB", "ARC", "ARN", "ATH", "AVR", "BBD", "BFZ", "BRB", "BTD", "C13", "C14", "C15", "C16", "C17", "C18", "C19", "CED", "CEI", "CHK", "CLB", "CM2", "CMA", "CMD", "CMR", "CST", "DD1", "DD2", "DDE", "DDG", "DDH", "DDI", "DDJ", "DDK", "DDL", "DDN", "DDP", "DDS", "DDT", "DDU", "DKM", "DMU", "DOM", "DPA", "DTK", "E01", "ELD", "EVG", "FBB", "FRF", "G17", "GK1", "GK2", "GN2", "GNT", "GRN", "GS1", "H09", "HBG", "HOP", "HOU", "ICE", "IKO", "INV", "ISD", "ITP", "J14", "JMP", "JVC", "KHM", "KLD", "KLR", "KTK", "LEA", "LEB", "LRW", "M10", "M11", "M12", "M13", "M14", "M15", "M19", "M20", "M21", "MBS", "ME1", "ME3", "MH2", "MID", "MIR", "MMQ", "MRD", "NEO", "NPH", "ODY", "OLEP", "ONS", "ORI", "P02", "PAL00", "PAL01", "PAL03", "PAL04", "PAL05", "PAL06", "PAL99", "PALP", "PANA", "PARL", "PC2", "PCA", "PD2", "PELP", "PF19", "PF20", "PGPX", "PGRU", "PHED", "PLIST", "PMPS", "PMPS06", "PMPS07", "PMPS08", "PMPS09", "PMPS10", "PMPS11", "POR", "PPP1", "PRM", "PRW2", "PRWK", "PS11", "PSAL", "PSS2", "PSS3", "PTC", "PTK", "PZ2", "RAV", "RIX", "RNA", "ROE", "RQS", "RTR", "S99", "SHM", "SLD", "SNC", "SOI", "SOM", "STX", "SUM", "TD0", "THB", "THS", "TMP", "TPR", "TSP", "UGL", "UND", "UNF", "UNH", "USG", "UST", "VOW", "WAR", "WC00", "WC01", "WC02", "WC03", "WC97", "WC98", "WC99", "XANA", "XLN", "ZEN", "ZNR"], "promoTypes": ["arenaleague"], "purchaseUrls": {"cardKingdomFoil": "https://mtgjson.com/links/474d24bc29d75586", "tcgplayer": "https://mtgjson.com/links/afcf7b0006c9c77c"}, "rarity": "rare", "rulings": [], "setCode": "PAL01", "subtypes": ["Mountain"], "supertypes": ["Basic"], "text": "({T}: Add {R}.)", "type": "Basic Land — Mountain", "types": ["Land"], "uuid": "f75e5b2b-1929-5ebc-8f73-267149c15a01"}, {"artist": "Paolo Parente", "availability": ["paper"], "borderColor": "black", "colorIdentity": ["R"], "colors": ["R"], "convertedManaCost": 2.0, "edhrecRank": 1770, "finishes": ["foil"], "flavorText": "It's raining rats and moggs.", "foreignData": [], "frameVersion": "1997", "hasFoil": true, "hasNonFoil": false, "identifiers": {"cardKingdomFoilId": "117243", "cardsphereId": "5660", "mcmId": "18216", "mtgjsonV4Id": "ec68517c-34fe-5396-9126-b6db8b685a5c", "scryfallId": "84ba156e-09f4-415e-a7a2-95ba5d52f4a6", "scryfallIllustrationId": "e274d5ba-7b02-49f0-ac69-3330c034201d", "scryfallOracleId": "24227761-b50e-4b9e-93a2-e82d053b3e3d", "tcgplayerProductId": "37984"}, "isPromo": true, "isReprint": true, "isStarter": true, "language": "English", "layout": "normal", "legalities": {"commander": "Legal", "duel": "Legal", "explorer": "Legal", "gladiator": "Legal", "historic": "Legal", "historicbrawl": "Legal", "legacy": "Legal", "modern": "Legal", "pauper": "Legal", "paupercommander": "Legal", "penny": "Legal", "pioneer": "Legal", "premodern": "Legal", "vintage": "Legal"}, "manaCost": "{1}{R}", "manaValue": 2.0, "name": "Fling", "number": "6", "printings": ["AKH", "DKA", "ELD", "JMP", "M11", "M12", "MB1", "PAL01", "PC2", "PCA", "PRM", "PW10", "PW11", "STH"], "promoTypes": ["arenaleague"], "purchaseUrls": {"cardKingdomFoil": "https://mtgjson.com/links/cefd5fa06a2f8a35", "tcgplayer": "https://mtgjson.com/links/06e23d3ed1cdb92b"}, "rarity": "rare", "rulings": [{"date": "2019-10-04", "text": "The sacrificed creature's last known existence on the battlefield is checked to determine its power."}, {"date": "2019-10-04", "text": "You must sacrifice exactly one creature to cast this spell; you can't cast it without sacrificing a creature, and you can't sacrifice additional creatures."}, {"date": "2019-10-04", "text": "Players can only respond once this spell has been cast and all its costs have been paid. No one can try to interfere with the creature you sacrificed to prevent you from casting this spell."}], "setCode": "PAL01", "subtypes": [], "supertypes": [], "text": "As an additional cost to cast this spell, sacrifice a creature.\nFling deals damage equal to the sacrificed creature's power to any target.", "type": "Instant", "types": ["Instant"], "uuid": "0d023ff4-2e3f-5f4b-971c-e4fd24f76037"}, {"artist": "Christopher Rush", "availability": ["paper"], "borderColor": "black", "colorIdentity": ["W"], "colors": [], "convertedManaCost": 0.0, "finishes": ["foil"], "foreignData": [], "frameVersion": "1997", "hasFoil": true, "hasNonFoil": false, "identifiers": {"cardKingdomFoilId": "190532", "cardsphereId": "5703", "mcmId": "18254", "mtgjsonV4Id": "bb297b84-8638-5938-aaae-71d10927c9a2", "scryfallId": "793bfd55-e7ff-46cd-ad29-7997c9fd521a", "scryfallIllustrationId": "8877694e-5dfd-4390-b326-7b81701a3ce1", "scryfallOracleId": "bc71ebf6-2056-41f7-be35-b2e5c34afa99", "tcgplayerProductId": "38024"}, "isPromo": true, "isReprint": true, "isStarter": true, "language": "English", "layout": "normal", "legalities": {"alchemy": "Legal", "brawl": "Legal", "commander": "Legal", "duel": "Legal", "explorer": "Legal", "future": "Legal", "gladiator": "Legal", "historic": "Legal", "historicbrawl": "Legal", "legacy": "Legal", "modern": "Legal", "pauper": "Legal", "paupercommander": "Legal", "penny": "Legal", "pioneer": "Legal", "premodern": "Legal", "standard": "Legal", "vintage": "Legal"}, "manaValue": 0.0, "name": "Plains", "number": "7", "printings": ["10E", "2ED", "2XM", "3ED", "40K", "4BB", "4ED", "5ED", "6ED", "7ED", "8ED", "9ED", "AFR", "AKH", "AKR", "ALA", "ANA", "ANB", "ARC", "ATH", "AVR", "BBD", "BFZ", "BRB", "C13", "C14", "C15", "C16", "C17", "C18", "C19", "CED", "CEI", "CHK", "CLB", "CM2", "CMA", "CMD", "CMR", "CST", "DDC", "DDE", "DDF", "DDG", "DDH", "DDI", "DDK", "DDL", "DDN", "DDO", "DDP", "DDQ", "DMU", "DOM", "DTK", "DVD", "E01", "ELD", "FBB", "FRF", "G17", "GK1", "GK2", "GN2", "GNT", "GRN", "GS1", "H09", "HBG", "HOP", "HOU", "ICE", "IKO", "INV", "ISD", "ITP", "J14", "JMP", "KHM", "KLD", "KLR", "KTK", "LEA", "LEB", "LRW", "M10", "M11", "M12", "M13", "M14", "M15", "M19", "M20", "M21", "MBS", "MD1", "ME1", "ME3", "MH2", "MID", "MIR", "MMQ", "MRD", "NEO", "NPH", "ODY", "OLEP", "ONS", "ORI", "P02", "PAL00", "PAL01", "PAL03", "PAL04", "PAL05", "PAL06", "PAL99", "PALP", "PANA", "PARL", "PC2", "PCA", "PDGM", "PELP", "PF19", "PF20", "PGPX", "PGRU", "PLIST", "PMPS", "PMPS06", "PMPS07", "PMPS08", "PMPS09", "PMPS10", "PMPS11", "POR", "PPP1", "PRM", "PRW2", "PRWK", "PS11", "PSAL", "PSS2", "PSS3", "PTC", "PTK", "PZ2", "RAV", "RIX", "RNA", "ROE", "RQS", "RTR", "S99", "SHM", "SLD", "SNC", "SOI", "SOM", "STX", "SUM", "TD0", "TD2", "THB", "THS", "TMP", "TPR", "TSP", "UGL", "UND", "UNF", "UNH", "USG", "UST", "VOW", "WAR", "WC00", "WC02", "WC03", "WC04", "WC97", "WC98", "XANA", "XLN", "ZEN", "ZNR"], "promoTypes": ["arenaleague"], "purchaseUrls": {"cardKingdomFoil": "https://mtgjson.com/links/42b5d2fafafa606d", "tcgplayer": "https://mtgjson.com/links/6a6f6c83eeca5487"}, "rarity": "rare", "rulings": [], "setCode": "PAL01", "subtypes": ["Plains"], "supertypes": ["Basic"], "text": "({T}: Add {W}.)", "type": "Basic Land — Plains", "types": ["Land"], "uuid": "a15fa897-6d54-51b1-97b1-f32b7f24c9e8"}, {"artist": "D. Alexander Gregory", "availability": ["paper"], "borderColor": "black", "colorIdentity": ["W"], "colors": ["W"], "convertedManaCost": 3.0, "edhrecRank": 8969, "finishes": ["foil"], "flavorText": "\"An angel appeared in the smoldering skies above the fray, her clothes as flames, her armor as fire.\"\n—\"Hymn of Angelfire\"", "foreignData": [], "frameVersion": "1997", "hasFoil": true, "hasNonFoil": false, "identifiers": {"cardKingdomFoilId": "117240", "cardsphereId": "5657", "mcmId": "18213", "mtgjsonV4Id": "b4c0053d-3f24-5485-8f8a-3e27c0090c63", "scryfallId": "e4d278c1-8610-435d-8cfa-dd268a74eb63", "scryfallIllustrationId": "7e27d80f-5622-47d2-a79d-a23c85ff1a3d", "scryfallOracleId": "ec9e8611-e785-4d5d-b6e1-bf63daf408df", "tcgplayerProductId": "37980"}, "isPromo": true, "isReprint": true, "isStarter": true, "keywords": ["Enchant"], "language": "English", "layout": "normal", "legalities": {"commander": "Legal", "duel": "Legal", "legacy": "Legal", "pauper": "Legal", "paupercommander": "Legal", "penny": "Legal", "premodern": "Legal", "vintage": "Legal"}, "manaCost": "{1}{W}{W}", "manaValue": 3.0, "name": "Empyrial Armor", "number": "8", "printings": ["MB1", "PAL01", "PRM", "TD0", "VMA", "WC98", "WTH"], "promoTypes": ["arenaleague"], "purchaseUrls": {"cardKingdomFoil": "https://mtgjson.com/links/33111573af72f85a", "tcgplayer": "https://mtgjson.com/links/bd2eae2c37d98524"}, "rarity": "rare", "rulings": [{"date": "2004-10-04", "text": "The value of X is recalculated constantly, so this card’s bonus varies as the number of cards in your hand varies."}], "setCode": "PAL01", "subtypes": ["Aura"], "supertypes": [], "text": "Enchant creature\nEnchanted creature gets +1/+1 for each card in your hand.", "type": "Enchantment — Aura", "types": ["Enchantment"], "uuid": "28fe83ab-a99b-5395-a591-537754d89f6d"}, {"artist": "Douglas Shuler", "availability": ["paper"], "borderColor": "black", "colorIdentity": ["B"], "colors": [], "convertedManaCost": 0.0, "finishes": ["foil"], "foreignData": [], "frameVersion": "1997", "hasFoil": true, "hasNonFoil": false, "identifiers": {"cardKingdomFoilId": "190535", "cardsphereId": "5719", "mcmId": "18268", "mtgjsonV4Id": "344febd7-2f7b-5cb1-ac09-502002070841", "scryfallId": "115cfb4f-06d2-42c4-b94b-d0cbe44e2f8b", "scryfallIllustrationId": "87d2f60e-224e-4f82-b782-317f6e331e1e", "scryfallOracleId": "56719f6a-1a6c-4c0a-8d21-18f7d7350b68", "tcgplayerProductId": "38038"}, "isPromo": true, "isReprint": true, "isStarter": true, "language": "English", "layout": "normal", "legalities": {"alchemy": "Legal", "brawl": "Legal", "commander": "Legal", "duel": "Legal", "explorer": "Legal", "future": "Legal", "gladiator": "Legal", "historic": "Legal", "historicbrawl": "Legal", "legacy": "Legal", "modern": "Legal", "pauper": "Legal", "paupercommander": "Legal", "penny": "Legal", "pioneer": "Legal", "premodern": "Legal", "standard": "Legal", "vintage": "Legal"}, "manaValue": 0.0, "name": "Swamp", "number": "9", "printings": ["10E", "2ED", "2XM", "3ED", "40K", "4BB", "4ED", "5ED", "6ED", "7ED", "8ED", "9ED", "AFR", "AKH", "AKR", "ALA", "ANA", "ANB", "ARC", "ATH", "AVR", "BBD", "BFZ", "BRB", "BTD", "C13", "C14", "C15", "C16", "C17", "C18", "C19", "CED", "CEI", "CHK", "CLB", "CM2", "CMA", "CMD", "CST", "DDC", "DDD", "DDE", "DDH", "DDJ", "DDK", "DDM", "DDN", "DDP", "DDQ", "DDR", "DKM", "DMU", "DOM", "DPA", "DTK", "DVD", "E01", "ELD", "FBB", "FRF", "G17", "GK1", "GK2", "GN2", "GNT", "GRN", "GVL", "H09", "HBG", "HOP", "HOU", "ICE", "IKO", "INV", "ISD", "ITP", "J14", "JMP", "KHM", "KLD", "KLR", "KTK", "LEA", "LEB", "LRW", "M10", "M11", "M12", "M13", "M14", "M15", "M19", "M20", "M21", "MBS", "MD1", "ME1", "ME3", "MH2", "MID", "MIR", "MMQ", "MRD", "NEO", "NPH", "ODY", "OLEP", "ONS", "ORI", "P02", "PAL00", "PAL01", "PAL03", "PAL04", "PAL05", "PAL06", "PAL99", "PALP", "PANA", "PARL", "PC2", "PCA", "PD3", "PELP", "PF19", "PF20", "PGPX", "PGRU", "PHUK", "PMPS", "PMPS06", "PMPS07", "PMPS08", "PMPS09", "PMPS10", "PMPS11", "POR", "PPP1", "PRM", "PRW2", "PRWK", "PS11", "PSAL", "PSS2", "PSS3", "PTC", "PTK", "RAV", "RIX", "RNA", "ROE", "RQS", "RTR", "S99", "SHM", "SLD", "SNC", "SOI", "SOM", "STX", "SUM", "TD0", "TD2", "THB", "THS", "TMP", "TPR", "TSP", "UGL", "UND", "UNF", "UNH", "USG", "UST", "VOW", "WAR", "WC01", "WC02", "WC03", "WC97", "WC98", "WC99", "XANA", "XLN", "ZEN", "ZNR"], "promoTypes": ["arenaleague"], "purchaseUrls": {"cardKingdomFoil": "https://mtgjson.com/links/4cc334fc8acd2d62", "tcgplayer": "https://mtgjson.com/links/76f027ec350e0744"}, "rarity": "rare", "rulings": [], "setCode": "PAL01", "subtypes": ["Swamp"], "supertypes": ["Basic"], "text": "({T}: Add {B}.)", "type": "Basic Land — Swamp", "types": ["Land"], "uuid": "c171121a-f04e-5e37-9b1a-e8a71ad17043"}, {"artist": "Ron Spencer", "availability": ["paper"], "borderColor": "black", "colorIdentity": ["B"], "colors": ["B"], "convertedManaCost": 2.0, "edhrecRank": 6691, "finishes": ["foil"], "flavorText": "Greven *il*-Vec lifted Vhati off his feet. \"The fall will give you time to think on your failure.\"", "foreignData": [], "frameVersion": "1997", "hasFoil": true, "hasNonFoil": false, "identifiers": {"cardKingdomFoilId": "117236", "cardsphereId": "5652", "mcmId": "18208", "mtgjsonV4Id": "c2ce0279-5a86-57fb-8476-cf8adbc519ad", "scryfallId": "cf7acfaa-0fb7-4f2b-8607-3bfa877f8682", "scryfallIllustrationId": "080c6f23-5a4d-4a8d-99f3-4ee0ce252f86", "scryfallOracleId": "058917c1-21ab-488a-9f9c-591c55f3c596", "tcgplayerProductId": "37976"}, "isPromo": true, "isReprint": true, "isStarter": true, "language": "English", "layout": "normal", "legalities": {"commander": "Legal", "duel": "Legal", "legacy": "Legal", "modern": "Legal", "pauper": "Legal", "paupercommander": "Legal", "penny": "Legal", "premodern": "Legal", "vintage": "Legal"}, "manaCost": "{1}{B}", "manaValue": 2.0, "name": "Diabolic Edict", "number": "10", "printings": ["A25", "BTD", "MB1", "MH1", "MP2", "PAL01", "PMEI", "PRM", "TMP", "TPR", "WC99"], "promoTypes": ["arenaleague"], "purchaseUrls": {"cardKingdomFoil": "https://mtgjson.com/links/02921e900063f1ed", "tcgplayer": "https://mtgjson.com/links/4543bb1eb8105f7b"}, "rarity": "rare", "rulings": [], "setCode": "PAL01", "subtypes": [], "supertypes": [], "text": "Target player sacrifices a creature.", "type": "Instant", "types": ["Instant"], "uuid": "c7373e65-9439-5776-94ed-ba8cdfa28dd7"}, {"artist": "Christopher Rush", "availability": ["paper"], "borderColor": "black", "colorIdentity": ["G"], "colors": [], "convertedManaCost": 0.0, "finishes": ["foil"], "foreignData": [], "frameVersion": "1997", "hasFoil": true, "hasNonFoil": false, "identifiers": {"cardKingdomFoilId": "190522", "cardsphereId": "5666", "mcmId": "18221", "mtgjsonV4Id": "f475ba34-7d35-5d3c-af34-39b640278564", "scryfallId": "a67a595c-50fb-42c8-a15e-6ee40239ca23", "scryfallIllustrationId": "3b022529-b95d-4338-b4be-0d26fc37f2df", "scryfallOracleId": "b34bb2dc-c1af-4d77-b0b3-a0fb342a5fc6", "tcgplayerProductId": "37988"}, "isPromo": true, "isReprint": true, "isStarter": true, "language": "English", "layout": "normal", "legalities": {"alchemy": "Legal", "brawl": "Legal", "commander": "Legal", "duel": "Legal", "explorer": "Legal", "future": "Legal", "gladiator": "Legal", "historic": "Legal", "historicbrawl": "Legal", "legacy": "Legal", "modern": "Legal", "pauper": "Legal", "paupercommander": "Legal", "penny": "Legal", "pioneer": "Legal", "premodern": "Legal", "standard": "Legal", "vintage": "Legal"}, "manaValue": 0.0, "name": "Forest", "number": "11", "printings": ["10E", "2ED", "2XM", "3ED", "40K", "4BB", "4ED", "5ED", "6ED", "7ED", "8ED", "9ED", "AFR", "AKH", "AKR", "ALA", "ANA", "ANB", "ARC", "ATH", "AVR", "BBD", "BFZ", "BRB", "BTD", "C13", "C14", "C15", "C16", "C17", "C18", "C19", "CED", "CEI", "CHK", "CLB", "CM2", "CMA", "CMD", "CMR", "CST", "DD1", "DDD", "DDE", "DDG", "DDH", "DDJ", "DDL", "DDM", "DDO", "DDP", "DDR", "DDS", "DDU", "DKM", "DMU", "DOM", "DPA", "DTK", "E01", "ELD", "EVG", "FBB", "FRF", "G17", "GK1", "GK2", "GN2", "GNT", "GRN", "GS1", "GVL", "H09", "HBG", "HOP", "HOU", "ICE", "IKO", "INV", "ISD", "ITP", "J14", "JMP", "KHM", "KLD", "KLR", "KTK", "LEA", "LEB", "LRW", "M10", "M11", "M12", "M13", "M14", "M15", "M19", "M20", "M21", "MBS", "ME1", "ME3", "MH2", "MID", "MIR", "MMQ", "MRD", "NEO", "NPH", "ODY", "OLEP", "ONS", "ORI", "P02", "PAL00", "PAL01", "PAL03", "PAL04", "PAL05", "PAL06", "PAL99", "PALP", "PANA", "PARL", "PC2", "PCA", "PELP", "PF19", "PF20", "PGPX", "PGRU", "PMPS", "PMPS06", "PMPS07", "PMPS08", "PMPS09", "PMPS10", "PMPS11", "POR", "PPP1", "PRM", "PRW2", "PRWK", "PS11", "PSAL", "PSS2", "PSS3", "PTC", "PTK", "PZ2", "RAV", "RIX", "RNA", "ROE", "RQS", "RTR", "S99", "SHM", "SLD", "SNC", "SOI", "SOM", "STX", "SUM", "TD0", "TD2", "THB", "THS", "TMP", "TPR", "TSP", "UGL", "UND", "UNF", "UNH", "USG", "UST", "VOW", "WAR", "WC00", "WC01", "WC02", "WC03", "WC04", "WC97", "WC98", "WC99", "XANA", "XLN", "ZEN", "ZNR"], "promoTypes": ["arenaleague"], "purchaseUrls": {"cardKingdomFoil": "https://mtgjson.com/links/42488de84811f2bf", "tcgplayer": "https://mtgjson.com/links/c434bfd7b9d17adb"}, "rarity": "rare", "rulings": [], "setCode": "PAL01", "subtypes": ["Forest"], "supertypes": ["Basic"], "text": "({T}: Add {G}.)", "type": "Basic Land — Forest", "types": ["Land"], "uuid": "d809bd7f-3cf8-57cc-b9a8-eb331acc312f", "variations": ["d879ae07-3ac7-5f03-a873-ce66d38fd61b"]}, {"artist": "Rebecca Guay", "availability": ["paper"], "borderColor": "black", "colorIdentity": ["G"], "colors": ["G"], "convertedManaCost": 2.0, "edhrecRank": 3416, "finishes": ["foil"], "foreignData": [], "frameVersion": "1997", "hasFoil": true, "hasNonFoil": false, "identifiers": {"cardKingdomFoilId": "126615", "cardsphereId": "5670", "mcmId": "18225", "mtgjsonV4Id": "c07a749a-4ae6-57a7-9bf2-aeefbbb37b50", "scryfallId": "8b09be15-1674-4ce7-a3fb-acf572cc25bf", "scryfallIllustrationId": "85c1dafe-fafe-4801-b029-940bd7521395", "scryfallOracleId": "bd5478df-3854-404b-8634-9debcef69b99", "tcgplayerProductId": "37993"}, "isPromo": true, "isReprint": true, "isStarter": true, "language": "English", "layout": "normal", "legalities": {"commander": "Legal", "duel": "Legal", "explorer": "Legal", "gladiator": "Legal", "historic": "Legal", "historicbrawl": "Legal", "legacy": "Legal", "modern": "Legal", "penny": "Legal", "pioneer": "Legal", "premodern": "Legal", "vintage": "Legal"}, "manaCost": "{1}{G}", "manaValue": 2.0, "name": "Gaea's Blessing", "number": "12", "printings": ["DDR", "DOM", "EMA", "MB1", "PAL01", "PRM", "TSB", "WTH"], "promoTypes": ["arenaleague"], "purchaseUrls": {"cardKingdomFoil": "https://mtgjson.com/links/0ec56975d95cd293", "tcgplayer": "https://mtgjson.com/links/fb09c6ecaf3e7616"}, "rarity": "rare", "rulings": [{"date": "2018-04-27", "text": "If Gaea’s Blessing has no legal target cards in a graveyard, either because its targets became illegal or because you didn’t choose any, the target player shuffles their library."}, {"date": "2018-04-27", "text": "If an effect puts multiple cards from your library into your graveyard at once, put all of those cards there before Gaea’s Blessing shuffles your graveyard into your library."}], "setCode": "PAL01", "subtypes": [], "supertypes": [], "text": "Target player shuffles up to three target cards from their graveyard into their library.\nDraw a card.\nWhen Gaea's Blessing is put into your graveyard from your library, shuffle your graveyard into your library.", "type": "Sorcery", "types": ["Sorcery"], "uuid": "10013412-2cdd-5e41-94cf-91a81203becb"}], "code": "PAL01", "isFoilOnly": true, "isOnlineOnly": false, "keyruneCode": "PARL2", "name": "Arena League 2001", "releaseDate": "2001-01-01", "tokens": [], "totalSetSize": 12, "translations": {}, "type": "promo"}}