{"meta": {"date": "2022-09-29", "version": "5.2.0+20220929"}, "data": {"baseSetSize": 1, "block": "Alara", "cards": [{"artist": "Jason Chan", "availability": ["paper"], "borderColor": "black", "colorIdentity": ["R", "W"], "colors": ["R", "W"], "convertedManaCost": 4.0, "edhrecRank": 8311, "finishes": ["foil"], "foreignData": [], "frameVersion": "2003", "hasFoil": true, "hasNonFoil": false, "identifiers": {"cardKingdomFoilId": "125760", "cardsphereId": "23867", "mcmId": "19953", "mtgjsonV4Id": "661289ea-c0e9-5f7f-bdfc-7f1d515b63c0", "scryfallId": "c6ffd45c-2353-4292-b6f6-29d8f7e031ca", "scryfallIllustrationId": "eb0fb45d-28c4-4067-b019-e0c8a6d5d00e", "scryfallOracleId": "f953afdf-96f7-4851-994c-1617e8f5e5c9", "tcgplayerProductId": "38365"}, "isPromo": true, "isReprint": true, "isStarter": true, "language": "English", "layout": "normal", "leadershipSkills": {"brawl": false, "commander": false, "oathbreaker": true}, "legalities": {"commander": "Legal", "duel": "Legal", "legacy": "Legal", "modern": "Legal", "vintage": "Legal"}, "loyalty": "3", "manaCost": "{2}{R}{W}", "manaValue": 4.0, "name": "Ajani Vengeant", "number": "154★", "printings": ["ALA", "DDH", "PALA", "PRM"], "promoTypes": ["datestamped", "prerelease"], "purchaseUrls": {"cardKingdomFoil": "https://mtgjson.com/links/78d0e46b8ebdf345", "tcgplayer": "https://mtgjson.com/links/b932c35ff9ddf1e2"}, "rarity": "mythic", "rulings": [{"date": "2008-10-01", "text": "You may target any permanent with Ajani Vengeant’s first ability. It doesn’t have to be tapped."}, {"date": "2008-10-01", "text": "The first ability tracks the permanent, but not its controller. If the permanent changes controllers before its first controller’s next untap step has come around, then it won’t untap during its new controller’s next untap step."}], "setCode": "PALA", "subtypes": ["Ajani"], "supertypes": ["Legendary"], "text": "[+1]: Target permanent doesn't untap during its controller's next untap step.\n[−2]: Ajani Vengeant deals 3 damage to any target and you gain 3 life.\n[−7]: Destroy all lands target player controls.", "type": "Legendary Planeswalker — Ajani", "types": ["Planeswalker"], "uuid": "36bec6e7-5054-5f3c-95fc-660d92e329b8", "watermark": "set"}], "code": "PALA", "isFoilOnly": true, "isOnlineOnly": false, "keyruneCode": "ALA", "name": "Shards of Alara Promos", "parentCode": "ALA", "releaseDate": "2008-10-03", "tokens": [], "totalSetSize": 1, "translations": {}, "type": "promo"}}