{"meta": {"date": "2022-09-29", "version": "5.2.0+20220929"}, "data": {"baseSetSize": 2, "block": "Alara", "cards": [{"artist": "Jean-Sébastien Rossbach", "availability": ["paper"], "borderColor": "black", "colorIdentity": ["G", "R"], "colors": ["G", "R"], "convertedManaCost": 6.0, "edhrecRank": 2817, "finishes": ["foil"], "foreignData": [], "frameVersion": "2003", "hasFoil": true, "hasNonFoil": false, "identifiers": {"cardKingdomFoilId": "127034", "cardsphereId": "37143", "mcmId": "20879", "mtgjsonV4Id": "13a4bc68-7c58-5746-ac7e-e1da65626677", "scryfallId": "85a8404f-9e8d-484f-8377-48173b2dd08b", "scryfallIllustrationId": "2ecbec91-18cb-4891-8981-0916deb01194", "scryfallOracleId": "a9a6c2ba-30ba-4e45-9ea0-ea9833342069", "tcgplayerProductId": "38376"}, "isPromo": true, "isReprint": true, "isStarter": true, "keywords": ["Flying"], "language": "English", "layout": "normal", "legalities": {"commander": "Legal", "duel": "Legal", "legacy": "Legal", "modern": "Legal", "vintage": "Legal"}, "manaCost": "{2}{R}{R}{R}{G}", "manaValue": 6.0, "name": "Dragon Broodmother", "number": "53★", "originalReleaseDate": "2009-04-25", "power": "4", "printings": ["ARB", "MB1", "PARB", "PRM"], "promoTypes": ["datestamped", "prerelease"], "purchaseUrls": {"cardKingdomFoil": "https://mtgjson.com/links/ff487a9787018564", "tcgplayer": "https://mtgjson.com/links/1f05cac1a9babd2d"}, "rarity": "mythic", "rulings": [{"date": "2009-05-01", "text": "Putting a token creature with devour onto the battlefield works the same as putting any other creature with devour onto the battlefield. The token may devour Dragon Broodmother itself!"}, {"date": "2009-05-01", "text": "In a Two-Headed Giant game, Dragon Broodmother’s second ability triggers only once at the beginning of each team’s upkeep, not once for each player. You’ll get one Dragon token at the beginning of your team’s upkeep and one Dragon token at the beginning of the opposing team’s upkeep."}], "setCode": "PARB", "subtypes": ["Dragon"], "supertypes": [], "text": "Flying\nAt the beginning of each upkeep, create a 1/1 red and green Dragon creature token with flying and devour 2. (As the token enters the battlefield, you may sacrifice any number of creatures. It enters the battlefield with twice that many +1/+1 counters on it.)", "toughness": "4", "type": "Creature — Dragon", "types": ["Creature"], "uuid": "c9dc2d19-4a56-5949-a4d6-39b3ce212b6d", "watermark": "set"}, {"artist": "David Palumbo", "availability": ["paper"], "borderColor": "black", "colorIdentity": ["G", "W"], "colors": ["G", "W"], "convertedManaCost": 4.0, "edhrecRank": 6477, "finishes": ["foil"], "flavorText": "\"I embrace all of Alara, Grixis as much as Bant. Let my former home call me traitor. I do this not for accolades, but because it is right.\"", "foreignData": [], "frameVersion": "2003", "hasFoil": true, "hasNonFoil": false, "identifiers": {"cardKingdomFoilId": "127037", "cardsphereId": "23893", "mcmId": "20878", "mtgjsonV4Id": "9a8ef2b3-d3cc-516c-be12-9289c736039f", "scryfallId": "34f5458f-1745-499e-90ee-4f81a0508c54", "scryfallIllustrationId": "3dffc798-3e57-44d4-a4b7-0a9de9e1533d", "scryfallOracleId": "170856f4-7c9d-494b-9bae-20e4d9eba0da", "tcgplayerProductId": "38274"}, "isPromo": true, "isReprint": true, "isStarter": true, "language": "English", "layout": "normal", "legalities": {"commander": "Legal", "duel": "Legal", "legacy": "Legal", "modern": "Legal", "penny": "Legal", "vintage": "Legal"}, "manaCost": "{2}{G}{W}", "manaValue": 4.0, "name": "Knight of New Alara", "number": "70★", "power": "2", "printings": ["ARB", "DMC", "PARB", "PRM"], "promoTypes": ["datestamped", "release"], "purchaseUrls": {"cardKingdomFoil": "https://mtgjson.com/links/f646aae42bf9f57c", "tcgplayer": "https://mtgjson.com/links/3974015e14b02fe0"}, "rarity": "rare", "rulings": [{"date": "2009-05-01", "text": "For example, a white creature gets no bonus. A white and blue creature gets +2/+2. A white, blue, and black creature gets +3/+3, and so on."}], "setCode": "PARB", "subtypes": ["Human", "Knight"], "supertypes": [], "text": "Each other multicolored creature you control gets +1/+1 for each of its colors.", "toughness": "2", "type": "Creature — Human Knight", "types": ["Creature"], "uuid": "2163ea98-097d-5976-929e-37814b18a63e", "watermark": "set"}], "code": "PARB", "isFoilOnly": true, "isOnlineOnly": false, "keyruneCode": "ARB", "name": "Alara Reborn Promos", "parentCode": "ARB", "releaseDate": "2009-04-30", "tokens": [], "totalSetSize": 2, "translations": {}, "type": "promo"}}