{"meta": {"date": "2022-09-29", "version": "5.2.0+20220929"}, "data": {"baseSetSize": 5, "cards": [{"artist": "Jesper Ejsing", "availability": ["paper"], "borderColor": "black", "colorIdentity": [], "colors": [], "convertedManaCost": 0.0, "finishes": ["nonfoil"], "flavorText": "\"I don't expect you to understand the myriad ways in which you're about to die.\"", "foreignData": [], "frameVersion": "2003", "hasFoil": false, "hasNonFoil": true, "identifiers": {"mcmId": "240709", "mtgjsonV4Id": "fe3ef3e2-2d22-5c2b-a6aa-23064d50eed6", "scryfallId": "438cab33-ffb1-4fba-8c2a-2c91fd39b9a2", "scryfallIllustrationId": "11a5a9c4-a205-4a84-8593-f9c4e4a37017", "scryfallOracleId": "18614bab-42af-47f8-a7eb-b961e96e661a", "tcgplayerProductId": "77318"}, "isOversized": true, "isPromo": true, "isStarter": true, "language": "English", "layout": "scheme", "legalities": {}, "manaValue": 0.0, "name": "Plots That Span Centuries", "number": "54", "printings": ["PARC"], "promoTypes": ["instore"], "purchaseUrls": {"tcgplayer": "https://mtgjson.com/links/073b5e2c5c1ae3e6"}, "rarity": "rare", "rulings": [], "setCode": "PARC", "subtypes": [], "supertypes": [], "text": "When you set this scheme in motion, the next time you would set a scheme in motion, set three schemes in motion instead.", "type": "Scheme", "types": ["Scheme"], "uuid": "343f2c52-2a6d-59b8-b71a-91819232428b"}, {"artist": "Howard Lyon", "availability": ["paper"], "borderColor": "black", "colorIdentity": [], "colors": [], "convertedManaCost": 0.0, "finishes": ["nonfoil"], "flavorText": "\"I'm calling in a favor from an old friend. Once you're all dead, I'll consider the matter settled.\"", "foreignData": [], "frameVersion": "2003", "hasFoil": false, "hasNonFoil": true, "identifiers": {"mcmId": "242099", "mtgjsonV4Id": "8491be80-300f-5385-bf20-adf6d8e2b806", "scryfallId": "9fdda372-05b0-47ca-ac74-713037bcac17", "scryfallIllustrationId": "67da1a30-b22b-4037-a4cf-3de579bcde8c", "scryfallOracleId": "a5610989-2ad8-48a3-a86b-38e3730d8f39", "tcgplayerProductId": "70905"}, "isOversized": true, "isPromo": true, "isStarter": true, "language": "English", "layout": "scheme", "legalities": {}, "manaValue": 0.0, "name": "Perhaps You've Met My Cohort", "number": "55", "printings": ["PARC"], "promoTypes": ["instore"], "purchaseUrls": {"tcgplayer": "https://mtgjson.com/links/8792181f9f2ec5a9"}, "rarity": "rare", "rulings": [], "setCode": "PARC", "subtypes": [], "supertypes": [], "text": "When you set this scheme in motion, search your library for a planeswalker card, put it onto the battlefield, then shuffle your library.", "type": "Scheme", "types": ["Scheme"], "uuid": "c24b6976-dcae-5d93-b6fa-0c46c7bdaae9"}, {"artist": "Chuck Lukacs", "availability": ["paper"], "borderColor": "black", "colorIdentity": [], "colors": [], "convertedManaCost": 0.0, "finishes": ["nonfoil"], "foreignData": [], "frameVersion": "2003", "hasFoil": false, "hasNonFoil": true, "identifiers": {"mcmId": "242102", "mtgjsonV4Id": "1d99229a-e9fc-501b-b75b-e76a48cc604c", "scryfallId": "9badcc58-0281-499c-9e1f-5d894761ca61", "scryfallIllustrationId": "2d9e3c50-4b86-42f2-9cdd-f20487a49a1b", "scryfallOracleId": "c54101eb-8c10-420d-8172-d5985f348463", "tcgplayerProductId": "70906"}, "isOversized": true, "isPromo": true, "isStarter": true, "language": "English", "layout": "scheme", "legalities": {}, "manaValue": 0.0, "name": "Your Inescapable Doom", "number": "56", "printings": ["PARC"], "promoTypes": ["instore"], "purchaseUrls": {"tcgplayer": "https://mtgjson.com/links/32de0ab60e9d9a99"}, "rarity": "rare", "rulings": [], "setCode": "PARC", "subtypes": [], "supertypes": ["Ongoing"], "text": "(An ongoing scheme remains face up.)\nAt the beginning of your end step, put a doom counter on this scheme, then this scheme deals damage equal to the number of doom counters on it to the opponent with the highest life total among your opponents. If two or more players are tied for highest life total, you choose one.", "type": "Ongoing Scheme", "types": ["Scheme"], "uuid": "c7d8e097-8654-5f92-b1d7-1ce8fcca99dd"}, {"artist": "Val Mayerik", "availability": ["paper"], "borderColor": "black", "colorIdentity": [], "colors": [], "convertedManaCost": 0.0, "finishes": ["nonfoil"], "flavorText": "\"Are they dead yet? No? Then my previous order stands.\"", "foreignData": [], "frameVersion": "2003", "hasFoil": false, "hasNonFoil": true, "identifiers": {"mcmId": "246715", "mtgjsonV4Id": "b731fbe5-54ea-5648-a9ab-405adaf20226", "scryfallId": "14e5d253-e075-4df4-98af-4ae43c000634", "scryfallIllustrationId": "8119654a-0429-4b99-8df9-961fe655f18e", "scryfallOracleId": "5dfa845f-ca71-4f82-ab30-bc78f8061192", "tcgplayerProductId": "70907"}, "isOversized": true, "isPromo": true, "isStarter": true, "language": "English", "layout": "scheme", "legalities": {}, "manaValue": 0.0, "name": "Drench the Soil in Their Blood", "number": "57", "printings": ["PARC"], "promoTypes": ["instore"], "purchaseUrls": {"tcgplayer": "https://mtgjson.com/links/d796f325618c3a56"}, "rarity": "rare", "rulings": [], "setCode": "PARC", "subtypes": [], "supertypes": [], "text": "When you set this scheme in motion, after this main phase, there is an additional combat phase followed by an additional main phase. Creatures you control gain vigilance until end of turn.", "type": "Scheme", "types": ["Scheme"], "uuid": "a2006e32-0dde-533d-8da2-654d88b44d22"}, {"artist": "Jim Pavelec", "availability": ["paper"], "borderColor": "black", "colorIdentity": [], "colors": [], "convertedManaCost": 0.0, "finishes": ["nonfoil"], "foreignData": [], "frameVersion": "2003", "hasFoil": false, "hasNonFoil": true, "identifiers": {"mcmId": "245509", "mtgjsonV4Id": "aac57d45-2a25-56da-ab3b-10ab7e1f2a2a", "scryfallId": "fee17785-2a29-4998-a34e-b738de955d53", "scryfallIllustrationId": "31b59eb6-eb83-4cf1-a05f-dd5fce88e30d", "scryfallOracleId": "6a1c24c1-4c6d-4bed-94e4-51321c0586ec", "tcgplayerProductId": "70908"}, "isOversized": true, "isPromo": true, "isStarter": true, "language": "English", "layout": "scheme", "legalities": {}, "manaValue": 0.0, "name": "Imprison This Insolent Wretch", "number": "58", "printings": ["PARC"], "promoTypes": ["instore"], "purchaseUrls": {"tcgplayer": "https://mtgjson.com/links/457aa11a9c0de2a1"}, "rarity": "rare", "rulings": [], "setCode": "PARC", "subtypes": [], "supertypes": ["Ongoing"], "text": "(An ongoing scheme remains face up until it's abandoned.)\nWhen you set this scheme in motion, choose an opponent.\nPermanents the chosen player controls don't untap during their untap step.\nWhen the chosen player is attacked or becomes the target of a spell or ability, abandon this scheme.", "type": "Ongoing Scheme", "types": ["Scheme"], "uuid": "2b31e191-b203-500b-9433-fd47cefc02fa"}], "code": "PARC", "isFoilOnly": false, "isNonFoilOnly": true, "isOnlineOnly": false, "keyruneCode": "PARL", "name": "Promotional Schemes", "releaseDate": "2010-06-18", "tokens": [], "totalSetSize": 5, "translations": {}, "type": "archenemy"}}