{"meta": {"date": "2022-09-29", "version": "5.2.0+20220929"}, "data": {"baseSetSize": 12, "cards": [{"artist": "Pat Lewis", "availability": ["shandalar"], "borderColor": "black", "colorIdentity": ["G"], "colors": ["G"], "convertedManaCost": 3.0, "finishes": ["nonfoil"], "foreignData": [], "frameVersion": "1997", "hasFoil": false, "hasNonFoil": true, "identifiers": {"mtgjsonV4Id": "e8826f0c-962e-51a5-ae0f-7d3c3690fb94", "scryfallId": "76fab0bc-abc0-4e9f-ae06-b7d748cb073d", "scryfallIllustrationId": "5fd55524-5cdc-4a17-b907-e8e594567a1c", "scryfallOracleId": "9ab97610-76ad-4631-825e-8596dc9cfd4c"}, "isOnlineOnly": true, "isReprint": true, "isStarter": true, "language": "English", "layout": "normal", "legalities": {}, "manaCost": "{1}{G}{G}", "manaValue": 3.0, "name": "Aswan Jaguar", "number": "1", "power": "2", "printings": ["PAST", "PMIC"], "purchaseUrls": {}, "rarity": "common", "rulings": [], "setCode": "PAST", "subtypes": [], "supertypes": [], "text": "When Aswan Jaguar comes into play, choose a random creature type from those in target opponent's deck.\n{G}{G}, {T}: Bury target creature of the chosen type.", "toughness": "2", "type": "Summon Jaguar", "types": ["Summon", "Jaguar"], "uuid": "d5ea3e37-a6a9-5ff1-8216-58b0ece03a4c"}, {"artist": "Quinton Hoover", "availability": ["shandalar"], "borderColor": "black", "colorIdentity": ["B"], "colors": ["B"], "convertedManaCost": 3.0, "finishes": ["nonfoil"], "foreignData": [], "frameVersion": "1997", "hasFoil": false, "hasNonFoil": true, "identifiers": {"mtgjsonV4Id": "fc8f97e6-d375-5f4d-a713-709df09e3383", "scryfallId": "141533b5-2748-437a-8882-8e1643de12ae", "scryfallIllustrationId": "3b1ad498-885a-4dc3-bb5b-f23ba2273452", "scryfallOracleId": "252ff28e-3ea7-4e2c-a30c-3cb80aa278d0"}, "isOnlineOnly": true, "isStarter": true, "language": "English", "layout": "normal", "legalities": {}, "manaCost": "{2}{B}", "manaValue": 3.0, "name": "Call from the Grave", "number": "2", "printings": ["PAST"], "purchaseUrls": {}, "rarity": "common", "rulings": [], "setCode": "PAST", "subtypes": [], "supertypes": [], "text": "Put a random creature from a random graveyard into play under your control. Call from the Grave deals to you an amount of damage equal to that creature's casting cost.", "type": "Sorcery", "types": ["Sorcery"], "uuid": "67b288af-922b-5752-9175-35e40dc1950e"}, {"artist": "NéNé Thomas", "availability": ["shandalar"], "borderColor": "black", "colorIdentity": ["G"], "colors": ["G"], "convertedManaCost": 4.0, "finishes": ["nonfoil"], "foreignData": [], "frameVersion": "1997", "hasFoil": false, "hasNonFoil": true, "identifiers": {"mtgjsonV4Id": "ccf39f75-d6c7-5e9e-811c-6007750b0313", "scryfallId": "3e8a5cc8-5565-4372-bdfe-a82d672b644c", "scryfallIllustrationId": "f4c01adf-4603-4dc6-a5cb-80c32a671676", "scryfallOracleId": "412da1dc-83dc-4cf7-8135-98f729f67ef1"}, "isOnlineOnly": true, "isStarter": true, "keywords": ["Flying"], "language": "English", "layout": "normal", "legalities": {}, "manaCost": "{2}{G}{G}", "manaValue": 4.0, "name": "Faerie Dragon", "number": "3", "power": "1", "printings": ["PAST"], "purchaseUrls": {}, "rarity": "common", "rulings": [], "setCode": "PAST", "subtypes": [], "supertypes": [], "text": "Flying\n{1}{G}{G}: Play a random effect.", "toughness": "3", "type": "Summon Dragon", "types": ["Summon", "Dragon"], "uuid": "4904b7e5-19df-5d3f-8d01-f7f14afa2c94"}, {"artist": "Quinton Hoover", "availability": ["shandalar"], "borderColor": "black", "colorIdentity": ["R"], "colors": ["R"], "convertedManaCost": 2.0, "finishes": ["nonfoil"], "foreignData": [], "frameVersion": "1997", "hasFoil": false, "hasNonFoil": true, "identifiers": {"mtgjsonV4Id": "5d5ce360-f9f0-51de-9486-d6fcb95a18c1", "scryfallId": "86419b05-8199-4137-86a2-b341ad380770", "scryfallIllustrationId": "aec6067d-b479-4ae3-aecd-8fcb2323f523", "scryfallOracleId": "ca1bc31a-2cb1-4630-8513-a68816938c8a"}, "isOnlineOnly": true, "isStarter": true, "language": "English", "layout": "normal", "legalities": {}, "manaCost": "{R}{R}", "manaValue": 2.0, "name": "Goblin Polka Band", "number": "4", "power": "1", "printings": ["PAST"], "purchaseUrls": {}, "rarity": "common", "rulings": [], "setCode": "PAST", "subtypes": [], "supertypes": [], "text": "{2}, {T}, Pay {R} for each target: Tap any number of random target creatures. Goblins tapped in this way do not untap during their controllers' next untap phases.", "toughness": "1", "type": "Summon Goblin", "types": ["Summon", "Goblin"], "uuid": "0837763b-6181-5f83-9e59-5fb6e10a6e7a"}, {"artist": "Rob Alexander", "availability": ["shandalar"], "borderColor": "black", "colorIdentity": ["B"], "colors": ["B"], "convertedManaCost": 4.0, "finishes": ["nonfoil"], "foreignData": [], "frameVersion": "1997", "hasFoil": false, "hasNonFoil": true, "identifiers": {"mtgjsonV4Id": "6fa5b29a-257f-5a02-a9ed-b6b135be35f5", "scryfallId": "f17886ea-5dcf-4a92-9896-284bf3188998", "scryfallIllustrationId": "01094f60-f746-456d-9c90-7493d7b38ea8", "scryfallOracleId": "1c67d3cd-59db-422b-a242-2a6ca51d543d"}, "isOnlineOnly": true, "isStarter": true, "language": "English", "layout": "normal", "legalities": {}, "manaCost": "{2}{B}{B}", "manaValue": 4.0, "name": "Necropolis of Azar", "number": "5", "printings": ["PAST"], "purchaseUrls": {}, "rarity": "common", "rulings": [], "setCode": "PAST", "subtypes": [], "supertypes": [], "text": "Whenever a non-black creature is put into any graveyard from play, put a husk counter on Necropolis of Azar.\n{5}, Remove a husk counter from Necropolis of Azar: Put a Spawn of Azar token into play. Treat this token as a black creature with a random power and toughness, each no less than 1 and no greater than 3, that has swampwalk.", "type": "Enchantment", "types": ["Enchantment"], "uuid": "5563d4fe-1dea-52ed-9f57-d54bd622ac58"}, {"artist": "Melissa A. Benson", "availability": ["shandalar"], "borderColor": "black", "colorIdentity": ["R"], "colors": ["R"], "convertedManaCost": 2.0, "finishes": ["nonfoil"], "foreignData": [], "frameVersion": "1997", "hasFoil": false, "hasNonFoil": true, "identifiers": {"mtgjsonV4Id": "5d4d1365-7572-56ea-b7ae-50bc2751762d", "scryfallId": "27e37cd7-1e01-464d-933f-8326d677b126", "scryfallIllustrationId": "d00a3311-8a03-4a61-8d1b-bc0c407a18b6", "scryfallOracleId": "a2f3a8c4-0eca-47ae-b463-20f831b11486"}, "isOnlineOnly": true, "isStarter": true, "language": "English", "layout": "normal", "legalities": {}, "manaCost": "{X}{R}{R}", "manaValue": 2.0, "name": "Orcish Catapult", "number": "6", "printings": ["PAST"], "purchaseUrls": {}, "rarity": "common", "rulings": [], "setCode": "PAST", "subtypes": [], "supertypes": [], "text": "Randomly distribute X -0/-1 counters among a random number of random target creatures.", "type": "Instant", "types": ["Instant"], "uuid": "51c86c11-0367-531c-aa48-4edc47ef23bd"}, {"artist": "Mark Tedin", "availability": ["shandalar"], "borderColor": "black", "colorIdentity": ["U"], "colors": ["U"], "convertedManaCost": 5.0, "finishes": ["nonfoil"], "foreignData": [], "frameVersion": "1997", "hasFoil": false, "hasNonFoil": true, "identifiers": {"mtgjsonV4Id": "cda79f9a-d2d3-5223-9d94-818343caea98", "scryfallId": "55103248-6192-413a-ab69-a956c7c0587a", "scryfallIllustrationId": "c747facd-6b3e-4028-8cff-6be709947576", "scryfallOracleId": "159789a3-cef3-4260-9ea4-65856df5c523"}, "isOnlineOnly": true, "isStarter": true, "language": "English", "layout": "normal", "legalities": {}, "manaCost": "{2}{U}{U}{U}", "manaValue": 5.0, "name": "Power Struggle", "number": "7", "printings": ["PAST"], "purchaseUrls": {}, "rarity": "common", "rulings": [], "setCode": "PAST", "subtypes": [], "supertypes": [], "text": "During each player's upkeep, that player exchanges control of random target artifact, creature or land he or she controls, for control of random target permanent of the same type that a random opponent controls.", "type": "Enchantment", "types": ["Enchantment"], "uuid": "9ef5db69-3120-5017-a64a-21a14600332f"}, {"artist": "Amy Weber", "availability": ["shandalar"], "borderColor": "black", "colorIdentity": ["W"], "colors": ["W"], "convertedManaCost": 4.0, "finishes": ["nonfoil"], "foreignData": [], "frameVersion": "1997", "hasFoil": false, "hasNonFoil": true, "identifiers": {"mtgjsonV4Id": "07502ef1-aa3c-511d-aa31-8bfdd5503a31", "scryfallId": "ef59f284-dc3c-4b4f-acc4-fc8080d8dc23", "scryfallIllustrationId": "6c7a3623-351e-45d6-b769-1bca632e854e", "scryfallOracleId": "0499a59d-5bb1-4907-874e-e89ee5e4b992"}, "isOnlineOnly": true, "isStarter": true, "keywords": ["Flying"], "language": "English", "layout": "normal", "legalities": {}, "manaCost": "{2}{W}{W}", "manaValue": 4.0, "name": "Prismatic Dragon", "number": "8", "power": "2", "printings": ["PAST"], "purchaseUrls": {}, "rarity": "common", "rulings": [], "setCode": "PAST", "subtypes": [], "supertypes": [], "text": "Flying\nDuring your upkeep, Prismatic Dragon becomes a random color permanently.\n{2}: Prismatic Dragon becomes a random color permanently.", "toughness": "3", "type": "Summon Dragon", "types": ["Summon", "Dragon"], "uuid": "6ea40899-a909-516c-9872-2953f1289b21"}, {"artist": "Douglas Shuler", "availability": ["shandalar"], "borderColor": "black", "colorIdentity": ["W"], "colors": ["W"], "convertedManaCost": 2.0, "finishes": ["nonfoil"], "foreignData": [], "frameVersion": "1997", "hasFoil": false, "hasNonFoil": true, "identifiers": {"mtgjsonV4Id": "89cf545b-1ddf-5e8b-820f-a4571284a4c8", "scryfallId": "8205deb1-4dcc-4c0b-9dc9-a2bb65b251c1", "scryfallIllustrationId": "792a41a4-662c-4447-ac9b-ff1dc5570b17", "scryfallOracleId": "5ae62bf3-ab1e-4968-ad7d-6f06a7254cfa"}, "isOnlineOnly": true, "isStarter": true, "language": "English", "layout": "normal", "legalities": {}, "manaCost": "{W}{W}", "manaValue": 2.0, "name": "Rainbow Knights", "number": "9", "power": "2", "printings": ["PAST"], "purchaseUrls": {}, "rarity": "common", "rulings": [], "setCode": "PAST", "subtypes": [], "supertypes": [], "text": "When Rainbow Knights comes into play, it gains protection from a random color permanently.\n{1}: First strike until end of turn.\n{W}{W}: +0/+0, +1/+0 or +2/+0 until end of turn chosen at random.", "toughness": "1", "type": "Summon Knights", "types": ["Summon", "Knights"], "uuid": "a83fadbc-59fa-5944-b721-e8b4b1f7822f"}, {"artist": "Anson Maddocks", "availability": ["shandalar"], "borderColor": "black", "colorIdentity": ["U"], "colors": ["U"], "convertedManaCost": 2.0, "finishes": ["nonfoil"], "foreignData": [], "frameVersion": "1997", "hasFoil": false, "hasNonFoil": true, "identifiers": {"mtgjsonV4Id": "2e2fa20d-2891-5bdc-8fc4-2626090e4b9e", "scryfallId": "ff257509-8035-45c7-a0d7-ab55449a99c9", "scryfallIllustrationId": "cd25f4d6-1e4d-408b-8b81-fba4eb4de908", "scryfallOracleId": "e7922402-e759-4607-a11e-284d737baa53"}, "isOnlineOnly": true, "isStarter": true, "language": "English", "layout": "normal", "legalities": {}, "manaCost": "{X}{U}{U}", "manaValue": 2.0, "name": "Whimsy", "number": "10", "printings": ["PAST"], "purchaseUrls": {}, "rarity": "common", "rulings": [], "setCode": "PAST", "subtypes": [], "supertypes": [], "text": "Play X random fast effects.", "type": "Sorcery", "types": ["Sorcery"], "uuid": "095ecfe1-179f-534b-b168-02b8e6c4400c"}, {"artist": "Amy Weber", "availability": ["shandalar"], "borderColor": "black", "colorIdentity": [], "colors": [], "convertedManaCost": 5.0, "finishes": ["nonfoil"], "foreignData": [], "frameVersion": "1997", "hasFoil": false, "hasNonFoil": true, "identifiers": {"mtgjsonV4Id": "fddae6b7-451e-501e-b1a0-9d0d609ad3b5", "scryfallId": "d5cf7e7d-0d73-4760-b844-e9c3faf6fe20", "scryfallIllustrationId": "a7ddf7a7-884a-4a92-9ddc-ccb4fec501f9", "scryfallOracleId": "943b0fee-21af-4ef3-9cb5-c061a45e0256"}, "isOnlineOnly": true, "isStarter": true, "language": "English", "layout": "normal", "legalities": {}, "manaCost": "{5}", "manaValue": 5.0, "name": "Pandora's Box", "number": "11", "printings": ["PAST"], "purchaseUrls": {}, "rarity": "common", "rulings": [], "setCode": "PAST", "subtypes": [], "supertypes": [], "text": "{3}, {T}: Choose a random summon card from all players' decks. For each player, flip a coin. If the flip ends up heads, put a token creature into play and treat it as though an exact copy of the chosen summon card were just played.", "type": "Artifact", "types": ["Artifact"], "uuid": "16643bd3-0167-577d-b1b3-4bf022fb860b"}, {"artist": "Liz Danforth", "availability": ["shandalar"], "borderColor": "black", "colorIdentity": [], "colors": [], "convertedManaCost": 0.0, "finishes": ["nonfoil"], "foreignData": [], "frameVersion": "1997", "hasFoil": false, "hasNonFoil": true, "identifiers": {"mtgjsonV4Id": "0840bebe-d67b-54e4-a844-17eb97298446", "scryfallId": "ab186e91-3a4b-4916-a57d-cef8caea00cd", "scryfallIllustrationId": "6eb6b9bc-6976-4921-b4d6-c3e0b8b9d1eb", "scryfallOracleId": "cef33af2-b40d-4c65-9b6b-59c5175ea516"}, "isOnlineOnly": true, "isStarter": true, "language": "English", "layout": "normal", "legalities": {}, "manaValue": 0.0, "name": "Gem Bazaar", "number": "12", "printings": ["PAST"], "purchaseUrls": {}, "rarity": "common", "rulings": [], "setCode": "PAST", "subtypes": [], "supertypes": [], "text": "When Gem Bazaar comes into play, choose a random color.\n{T}: Add to your mana pool one mana of the color last chosen. Then choose a random color.", "type": "Land", "types": ["Land"], "uuid": "7fd34d98-7733-580d-a778-a03b1fffb16c"}], "code": "PAST", "isFoilOnly": false, "isNonFoilOnly": true, "isOnlineOnly": true, "keyruneCode": "PAST", "name": "Astral Cards", "releaseDate": "1997-04-01", "tokens": [], "totalSetSize": 12, "translations": {}, "type": "box"}}