{"meta": {"date": "2022-09-29", "version": "5.2.0+20220929"}, "data": {"baseSetSize": 9, "block": "Theros", "cards": [{"artist": "Kev Walker", "availability": ["paper"], "borderColor": "black", "colorIdentity": ["W"], "colors": ["W"], "convertedManaCost": 7.0, "edhrecRank": 7412, "finishes": ["foil"], "flavorText": "It serves a justice higher than the whims of the gods.", "foreignData": [], "frameVersion": "2003", "hasFoil": true, "hasNonFoil": false, "identifiers": {"cardKingdomFoilId": "194451", "cardsphereId": "37458", "mcmId": "266067", "mtgjsonV4Id": "4c5b6142-03ca-5965-94e5-49f127cee6e4", "scryfallId": "4b3d1c04-4094-4d9f-af4d-b5593b7b58d2", "scryfallIllustrationId": "a0345785-393a-48c3-b51f-9eeb275ce77a", "scryfallOracleId": "26396b80-e5b7-44f5-916c-56a9215a7a49", "tcgplayerProductId": "79216"}, "isPromo": true, "isReprint": true, "isStarter": true, "keywords": ["Flying"], "language": "English", "layout": "normal", "legalities": {"commander": "Legal", "duel": "Legal", "legacy": "Legal", "modern": "Legal", "penny": "Legal", "pioneer": "Legal", "vintage": "Legal"}, "manaCost": "{5}{W}{W}", "manaValue": 7.0, "name": "Silent Sentinel", "number": "26★", "power": "4", "printings": ["BNG", "C15", "C18", "PBNG", "PRM"], "promoTypes": ["setpromo", "datestamped", "prerelease"], "purchaseUrls": {"cardKingdomFoil": "https://mtgjson.com/links/528bd09c06c0a254", "tcgplayer": "https://mtgjson.com/links/a2b941d59d2f9205"}, "rarity": "rare", "rulings": [{"date": "2014-02-01", "text": "If you return an enchantment creature card with bestow to the battlefield, you can’t pay its bestow cost. It won’t be an Aura and can’t be attached to a creature."}, {"date": "2014-02-01", "text": "If the enchantment card is an Aura, you choose a legal player or object for that Aura to enchant as it enters the battlefield. This doesn’t target the player or object, so it’s possible to enchant an opposing creature with hexproof this way, for example. If there’s no player or object the Aura can legally enchant, it stays in the graveyard."}], "setCode": "PBNG", "subtypes": ["Archon"], "supertypes": [], "text": "Flying\nWhenever Silent Sentinel attacks, you may return target enchantment card from your graveyard to the battlefield.", "toughness": "6", "type": "Creature — Archon", "types": ["Creature"], "uuid": "1113a0d3-a7b1-54d0-91d9-4300179e49e4", "watermark": "set (BNG)"}, {"artist": "Johann Bodin", "availability": ["paper"], "borderColor": "black", "colorIdentity": ["U"], "colors": ["U"], "convertedManaCost": 6.0, "edhrecRank": 7439, "finishes": ["foil"], "foreignData": [], "frameVersion": "2003", "hasFoil": true, "hasNonFoil": false, "identifiers": {"cardKingdomFoilId": "194452", "cardsphereId": "37030", "mcmId": "266068", "mtgjsonV4Id": "ba526964-4f34-5f03-8dbb-444529dd8023", "scryfallId": "340a0f1b-d555-4c6c-8efe-b95996902d0a", "scryfallIllustrationId": "4096b048-7294-4218-9a0a-0781fe62baa5", "scryfallOracleId": "a6cefecd-459e-439a-a62c-689c2919b689", "tcgplayerProductId": "79213"}, "isPromo": true, "isReprint": true, "isStarter": true, "keywords": ["Flying", "Inspired"], "language": "English", "layout": "normal", "legalities": {"commander": "Legal", "duel": "Legal", "legacy": "Legal", "modern": "Legal", "penny": "Legal", "pioneer": "Legal", "vintage": "Legal"}, "manaCost": "{4}{U}{U}", "manaValue": 6.0, "name": "Arbiter of the Ideal", "number": "31★", "power": "4", "printings": ["BNG", "PBNG", "PRM"], "promoTypes": ["setpromo", "datestamped", "prerelease"], "purchaseUrls": {"cardKingdomFoil": "https://mtgjson.com/links/a05436b7305796da", "tcgplayer": "https://mtgjson.com/links/035324d6b0c17498"}, "rarity": "rare", "rulings": [{"date": "2014-02-01", "text": "The manifestation counter is a memory aid only. The permanent will continue to be an enchantment in addition to its other types even if that counter is removed."}, {"date": "2014-02-01", "text": "If you choose to not put the card onto the battlefield, or if the card isn’t one of the listed types, it will remain on top of your library. (Note that revealing the card is not optional.)"}, {"date": "2014-02-01", "text": "The permanent will be an enchantment as it enters the battlefield and will cause constellation abilities of permanents you control to trigger."}, {"date": "2014-02-01", "text": "Inspired abilities trigger no matter how the creature becomes untapped: by the turn-based action at the beginning of the untap step or by a spell or ability."}, {"date": "2014-02-01", "text": "If an inspired ability triggers during your untap step, the ability will be put on the stack at the beginning of your upkeep. If the ability creates one or more token creatures, those creatures won’t be able to attack that turn (unless they gain haste)."}, {"date": "2014-02-01", "text": "Inspired abilities don’t trigger when the creature enters the battlefield."}, {"date": "2014-02-01", "text": "If the inspired ability includes an optional cost, you decide whether to pay that cost as the ability resolves. You can do this even if the creature leaves the battlefield in response to the ability."}], "setCode": "PBNG", "subtypes": ["Sphinx"], "supertypes": [], "text": "Flying\nInspired — Whenever Arbiter of the Ideal becomes untapped, reveal the top card of your library. If it's an artifact, creature, or land card, you may put it onto the battlefield with a manifestation counter on it. That permanent is an enchantment in addition to its other types.", "toughness": "5", "type": "Creature — Sphinx", "types": ["Creature"], "uuid": "d4bc6176-4b13-5296-9b08-4e346fe3bc28", "watermark": "set (BNG)"}, {"artist": "Jaime Jones", "availability": ["paper"], "borderColor": "black", "colorIdentity": ["U"], "colors": ["U"], "convertedManaCost": 7.0, "edhrecRank": 3354, "finishes": ["foil"], "foreignData": [], "frameVersion": "2003", "hasFoil": true, "hasNonFoil": false, "identifiers": {"cardKingdomFoilId": "194456", "cardsphereId": "23913", "mcmId": "266069", "mtgjsonV4Id": "1cfe5e02-ca79-5f8b-95dd-2b684e60f810", "scryfallId": "c93e60f6-259c-4569-87cb-cc27deaf7d8d", "scryfallIllustrationId": "b6a26213-78ee-4dd1-b37f-af611263bcad", "scryfallOracleId": "9aa2f27b-4c00-44c1-8bc4-014350f05b6d", "tcgplayerProductId": "79217"}, "isPromo": true, "isReprint": true, "isStarter": true, "language": "English", "layout": "normal", "leadershipSkills": {"brawl": false, "commander": true, "oathbreaker": false}, "legalities": {"commander": "Legal", "duel": "Legal", "legacy": "Legal", "modern": "Legal", "penny": "Legal", "pioneer": "Legal", "vintage": "Legal"}, "manaCost": "{5}{U}{U}", "manaValue": 7.0, "name": "Tromokratis", "number": "55★", "power": "8", "printings": ["BNG", "CMR", "PBNG", "PRM"], "promoTypes": ["setpromo", "datestamped", "release"], "purchaseUrls": {"cardKingdomFoil": "https://mtgjson.com/links/e0ded54362b3e88a", "tcgplayer": "https://mtgjson.com/links/253878340a580712"}, "rarity": "rare", "rulings": [{"date": "2014-02-01", "text": "The defending player may block Tromokratis with each creature they control. If that player can’t, perhaps because one of those creatures is tapped, or chooses not to, Tromokratis can’t be blocked."}, {"date": "2014-02-01", "text": "Tromokratis (like all attacking and blocking creatures) remains an attacking or blocking creature until the end of combat step is over. Notably, it will still be an attacking or blocking creature during the combat damage step, so any abilities an opponent controls that trigger when a creature dies as a result of combat damage could target Tromokratis."}], "setCode": "PBNG", "subtypes": ["Kraken"], "supertypes": ["Legendary"], "text": "Tromokratis has hexproof unless it's attacking or blocking.\nTromokratis can't be blocked unless all creatures defending player controls block it. (If any creature that player controls doesn't block this creature, it can't be blocked.)", "toughness": "8", "type": "Legendary Creature — Kraken", "types": ["Creature"], "uuid": "e67f98fa-9575-574f-b7ae-a62e5f1abaa8", "watermark": "set (BNG)"}, {"artist": "Mathias Kollros", "availability": ["paper"], "borderColor": "black", "colorIdentity": ["B"], "colors": ["B"], "convertedManaCost": 7.0, "edhrecRank": 8555, "finishes": ["foil"], "flavorText": "Gods can be appeased. Demons, however . . .", "foreignData": [], "frameVersion": "2003", "hasFoil": true, "hasNonFoil": false, "identifiers": {"cardKingdomFoilId": "194453", "cardsphereId": "37165", "mcmId": "266066", "mtgjsonV4Id": "662a5d00-4814-53f4-b7e1-35ed69441c05", "scryfallId": "eeafd676-d99d-4f80-b426-5ef60dbf423d", "scryfallIllustrationId": "841f8514-ece7-46e2-878a-6f35a1e450bc", "scryfallOracleId": "3055381a-fb6b-47a3-8e77-a44768808e27", "tcgplayerProductId": "79212"}, "isPromo": true, "isReprint": true, "isStarter": true, "keywords": ["Flying"], "language": "English", "layout": "normal", "legalities": {"commander": "Legal", "duel": "Legal", "legacy": "Legal", "modern": "Legal", "penny": "Legal", "pioneer": "Legal", "vintage": "Legal"}, "manaCost": "{5}{B}{B}", "manaValue": 7.0, "name": "Eater of Hope", "number": "66★", "power": "6", "printings": ["BNG", "C15", "CMA", "MIC", "PBNG", "PRM"], "promoTypes": ["setpromo", "datestamped", "prerelease"], "purchaseUrls": {"cardKingdomFoil": "https://mtgjson.com/links/1e6f6fe226b6d66e", "tcgplayer": "https://mtgjson.com/links/e904e8f65ae856a7"}, "rarity": "rare", "rulings": [], "setCode": "PBNG", "subtypes": ["Demon"], "supertypes": [], "text": "Flying\n{B}, Sacrifice another creature: Regenerate Eater of Hope.\n{2}{B}, Sacrifice two other creatures: Destroy target creature.", "toughness": "4", "type": "Creature — Demon", "types": ["Creature"], "uuid": "28a8695f-950a-5a9f-a158-9e7524186de8", "watermark": "set (BNG)"}, {"artist": "Mark Winters", "availability": ["paper"], "borderColor": "black", "colorIdentity": ["B"], "colors": ["B"], "convertedManaCost": 2.0, "edhrecRank": 8105, "finishes": ["foil"], "foreignData": [], "frameVersion": "2003", "hasFoil": true, "hasNonFoil": false, "identifiers": {"cardKingdomFoilId": "194458", "cardsphereId": "18945", "mcmId": "266070", "mtgjsonV4Id": "18a8c74d-4473-55a4-b230-57d51cf3bd1c", "scryfallId": "b21dcd58-97c0-4f82-9362-47ba47cee702", "scryfallIllustrationId": "d7082481-1dd7-4ad2-9e28-0c7a41dd24cf", "scryfallOracleId": "910036e7-ae27-4adb-a314-d9760bce1eb0", "tcgplayerProductId": "79219"}, "isFullArt": true, "isPromo": true, "isReprint": true, "isStarter": true, "keywords": ["Inspired"], "language": "English", "layout": "normal", "legalities": {"commander": "Legal", "duel": "Legal", "legacy": "Legal", "modern": "Legal", "penny": "Legal", "pioneer": "Legal", "vintage": "Legal"}, "manaCost": "{1}{B}", "manaValue": 2.0, "name": "Pain Seer", "number": "80", "power": "2", "printings": ["BNG", "PBNG", "PRM"], "promoTypes": ["setpromo", "gameday"], "purchaseUrls": {"cardKingdomFoil": "https://mtgjson.com/links/c3e3f2b41813be33", "tcgplayer": "https://mtgjson.com/links/1351955593dbe015"}, "rarity": "rare", "rulings": [{"date": "2014-02-01", "text": "If the mana cost of the revealed card includes {X}, X is considered to be 0."}, {"date": "2014-02-01", "text": "If the revealed card doesn’t have a mana cost (because it’s a land card, for example), its converted mana cost is 0."}, {"date": "2014-02-01", "text": "Inspired abilities trigger no matter how the creature becomes untapped: by the turn-based action at the beginning of the untap step or by a spell or ability."}, {"date": "2014-02-01", "text": "If an inspired ability triggers during your untap step, the ability will be put on the stack at the beginning of your upkeep. If the ability creates one or more token creatures, those creatures won’t be able to attack that turn (unless they gain haste)."}, {"date": "2014-02-01", "text": "Inspired abilities don’t trigger when the creature enters the battlefield."}, {"date": "2014-02-01", "text": "If the inspired ability includes an optional cost, you decide whether to pay that cost as the ability resolves. You can do this even if the creature leaves the battlefield in response to the ability."}], "setCode": "PBNG", "subtypes": ["Human", "Wizard"], "supertypes": [], "text": "Inspired — Whenever Pain Seer becomes untapped, reveal the top card of your library and put that card into your hand. You lose life equal to that card's mana value.", "toughness": "2", "type": "Creature — Human Wizard", "types": ["Creature"], "uuid": "8eaf6809-86d4-5389-b053-48a76b56deb7"}, {"artist": "Clint Cearley", "availability": ["paper"], "borderColor": "black", "colorIdentity": ["R"], "colors": ["R"], "convertedManaCost": 4.0, "edhrecRank": 15546, "finishes": ["foil"], "foreignData": [], "frameVersion": "2003", "hasFoil": true, "hasNonFoil": false, "identifiers": {"cardKingdomFoilId": "194459", "cardsphereId": "7730", "mcmId": "266100", "mtgjsonV4Id": "2bae27ab-eb35-5ad6-9df9-22cf590aa993", "scryfallId": "9cf2cea6-0356-4036-9472-cf45ee225702", "scryfallIllustrationId": "0168bb10-7f78-4936-a09a-f8a60e56508b", "scryfallOracleId": "ac0a110a-0721-4aa6-a891-95e3fcc847df", "tcgplayerProductId": "78852"}, "isPromo": true, "isReprint": true, "isStarter": true, "keywords": ["Scry"], "language": "English", "layout": "normal", "legalities": {"commander": "Legal", "duel": "Legal", "legacy": "Legal", "modern": "Legal", "penny": "Legal", "pioneer": "Legal", "vintage": "Legal"}, "manaCost": "{1}{R}{R}{R}", "manaValue": 4.0, "name": "Fated Conflagration", "number": "94★", "printings": ["BNG", "PBNG", "PRM"], "promoTypes": ["setpromo", "buyabox"], "purchaseUrls": {"cardKingdomFoil": "https://mtgjson.com/links/8ad1f2b656cb2a7d", "tcgplayer": "https://mtgjson.com/links/9f85c49be4391a2e"}, "rarity": "rare", "rulings": [{"date": "2013-09-15", "text": "When you scry, you may put all the cards you look at back on top of your library, you may put all of those cards on the bottom of your library, or you may put some of those cards on top and the rest of them on the bottom."}, {"date": "2013-09-15", "text": "You choose how to order cards returned to your library after scrying no matter where you put them."}, {"date": "2013-09-15", "text": "You perform the actions stated on a card in sequence. For some spells and abilities, that means you’ll scry last. For others, that means you’ll scry and then perform other actions."}, {"date": "2013-09-15", "text": "Scry appears on some spells and abilities with one or more targets. If all of the spell or ability’s targets are illegal when it tries to resolve, it won’t resolve and none of its effects will happen. You won’t scry."}], "setCode": "PBNG", "subtypes": [], "supertypes": [], "text": "Fated Conflagration deals 5 damage to target creature or planeswalker. If it's your turn, scry 2. (Look at the top two cards of your library, then put any number of them on the bottom of your library and the rest on top in any order.)", "type": "Instant", "types": ["Instant"], "uuid": "073480bd-a266-5940-8444-087ee23abcc1", "watermark": "colorpie"}, {"artist": "Lucas Graciano", "availability": ["paper"], "borderColor": "black", "colorIdentity": ["R"], "colors": ["R"], "convertedManaCost": 6.0, "edhrecRank": 12758, "finishes": ["foil"], "flavorText": "The Akroans fashion their helms to honor the dragons, not to protect against them, as that would be of little help.", "foreignData": [], "frameVersion": "2003", "hasFoil": true, "hasNonFoil": false, "identifiers": {"cardKingdomFoilId": "194454", "cardsphereId": "37206", "mcmId": "266065", "mtgjsonV4Id": "c9797a37-c59f-51df-bf19-a5079af9a55d", "scryfallId": "db79ab19-0ab2-4ed9-b39a-eeaf22aabdbd", "scryfallIllustrationId": "68bf0780-c6d0-41d4-97d2-97e00bdfee59", "scryfallOracleId": "53de1e6f-9471-4cdc-ac67-66d47da4d7eb", "tcgplayerProductId": "79215"}, "isPromo": true, "isReprint": true, "isStarter": true, "keywords": ["Flying"], "language": "English", "layout": "normal", "legalities": {"commander": "Legal", "duel": "Legal", "legacy": "Legal", "modern": "Legal", "penny": "Legal", "pioneer": "Legal", "vintage": "Legal"}, "manaCost": "{4}{R}{R}", "manaValue": 6.0, "name": "Forgestoker Dragon", "number": "98★", "power": "5", "printings": ["BNG", "PBNG", "PRM"], "promoTypes": ["setpromo", "datestamped", "prerelease"], "purchaseUrls": {"cardKingdomFoil": "https://mtgjson.com/links/4cdc64e502707132", "tcgplayer": "https://mtgjson.com/links/12e805876873cda9"}, "rarity": "rare", "rulings": [{"date": "2014-02-01", "text": "Forgestoker Dragon’s activated ability can target any creature, not just creatures controlled by the defending player or ones that could block."}, {"date": "2014-02-01", "text": "If you don’t want the target creature to be able to block, Forgestoker Dragon’s activated ability must be activated during the declare attackers step."}], "setCode": "PBNG", "subtypes": ["Dragon"], "supertypes": [], "text": "Flying\n{1}{R}: Forgestoker Dragon deals 1 damage to target creature. That creature can't block this combat. Activate only if Forgestoker Dragon is attacking.", "toughness": "4", "type": "Creature — Dragon", "types": ["Creature"], "uuid": "687cc5e3-148a-58a1-9179-b7f759107ba1", "watermark": "set (BNG)"}, {"artist": "Kev Walker", "availability": ["paper"], "borderColor": "black", "colorIdentity": ["G"], "colors": ["G"], "convertedManaCost": 6.0, "edhrecRank": 7606, "finishes": ["foil"], "foreignData": [], "frameVersion": "2003", "hasFoil": true, "hasNonFoil": false, "identifiers": {"cardKingdomFoilId": "194455", "cardsphereId": "37354", "mcmId": "266064", "mtgjsonV4Id": "32de4ed4-4c1b-58b1-b512-591d970f17b7", "scryfallId": "63cdf224-ddfc-408f-a50a-2baed74013c4", "scryfallIllustrationId": "9bcf01f2-7507-48ff-b9db-1c483c591b26", "scryfallOracleId": "fa1a5797-3076-48a4-b64b-ce3dfe2a3e7b", "tcgplayerProductId": "79214"}, "isPromo": true, "isReprint": true, "isStarter": true, "keywords": ["Fight", "Tribute"], "language": "English", "layout": "normal", "legalities": {"commander": "Legal", "duel": "Legal", "legacy": "Legal", "modern": "Legal", "penny": "Legal", "pioneer": "Legal", "vintage": "Legal"}, "manaCost": "{4}{G}{G}", "manaValue": 6.0, "name": "Nessian Wilds Ravager", "number": "129★", "power": "6", "printings": ["BNG", "PBNG", "PRM"], "promoTypes": ["setpromo", "datestamped", "prerelease"], "purchaseUrls": {"cardKingdomFoil": "https://mtgjson.com/links/953638b78821aac2", "tcgplayer": "https://mtgjson.com/links/3450b4f26e628c35"}, "rarity": "rare", "rulings": [{"date": "2014-02-01", "text": "If the opponent pays tribute, the creature will enter the battlefield with the specified number of +1/+1 counters on it. It won’t enter the battlefield and then have the +1/+1 counters placed on it."}, {"date": "2014-02-01", "text": "The choice of whether to pay tribute is made as the creature with tribute is entering the battlefield. At that point, it’s too late to respond to the creature spell. For example, in a multiplayer game, opponents won’t know whether tribute will be paid or which opponent will be chosen to pay tribute or not when deciding whether to counter the creature spell."}, {"date": "2014-02-01", "text": "If the triggered ability has a target, that target will not be known while the creature spell with tribute is on the stack."}, {"date": "2014-02-01", "text": "Players can’t respond to the tribute decision before the creature enters the battlefield. That is, if the opponent doesn’t pay tribute, the triggered ability will trigger before any player has a chance to remove the creature."}, {"date": "2014-02-01", "text": "The triggered ability will resolve even if the creature with tribute isn’t on the battlefield at that time."}, {"date": "2017-04-18", "text": "For effects that check which player put counters on the entering creature, the player chosen to pay tribute puts those counters on it, not the creature’s controller."}], "setCode": "PBNG", "subtypes": ["Hydra"], "supertypes": [], "text": "Tribute 6 (As this creature enters the battlefield, an opponent of your choice may put six +1/+1 counters on it.)\nWhen Nessian Wilds Ravager enters the battlefield, if tribute wasn't paid, you may have Nessian Wilds Ravager fight another target creature. (Each deals damage equal to its power to the other.)", "toughness": "6", "type": "Creature — Hydra", "types": ["Creature"], "uuid": "05aa062c-8bc6-542d-ba6e-d5d66b196a6e", "watermark": "set (BNG)"}, {"artist": "Steve Prescott", "availability": ["paper"], "borderColor": "black", "colorIdentity": ["G", "U"], "colors": ["G", "U"], "convertedManaCost": 2.0, "edhrecRank": 1186, "finishes": ["nonfoil"], "foreignData": [], "frameVersion": "2003", "hasFoil": false, "hasNonFoil": true, "identifiers": {"cardKingdomId": "194457", "cardsphereId": "18930", "mcmId": "266071", "mtgjsonV4Id": "98ebb609-a422-52fb-b114-3aeed15a0d41", "scryfallId": "79f1d9d5-c778-4d35-be6c-d7d34ab1c85f", "scryfallIllustrationId": "7be4e1af-d9cc-4aa4-9faa-bf04680968e1", "scryfallOracleId": "22c044ad-77d7-4c93-953d-e2daa9686ff7", "tcgplayerProductId": "79218"}, "isFullArt": true, "isPromo": true, "isReprint": true, "isStarter": true, "language": "English", "layout": "normal", "legalities": {"commander": "Legal", "duel": "Legal", "legacy": "Legal", "modern": "Legal", "paupercommander": "Restricted", "penny": "Legal", "pioneer": "Legal", "vintage": "Legal"}, "manaCost": "{G}{U}", "manaValue": 2.0, "name": "Kiora's Follower", "number": "150", "power": "2", "printings": ["BNG", "DDO", "MB1", "PBNG", "PRM"], "promoTypes": ["setpromo", "gameday"], "purchaseUrls": {"cardKingdom": "https://mtgjson.com/links/f6de895a303147b3", "tcgplayer": "https://mtgjson.com/links/050579d337a8cae3"}, "rarity": "uncommon", "rulings": [], "setCode": "PBNG", "subtypes": ["Merfolk"], "supertypes": [], "text": "{T}: Untap another target permanent.", "toughness": "2", "type": "Creature — Merfolk", "types": ["Creature"], "uuid": "9d15aa82-b2dd-52a8-82be-517f6b5f8e6c"}], "code": "PBNG", "isFoilOnly": false, "isOnlineOnly": false, "keyruneCode": "BNG", "name": "Born of the Gods Promos", "parentCode": "BNG", "releaseDate": "2014-02-01", "tokens": [], "totalSetSize": 9, "translations": {}, "type": "promo"}}