{"meta": {"date": "2022-09-29", "version": "5.2.0+20220929"}, "data": {"baseSetSize": 1, "cards": [{"artist": "Aleksi Briclot", "availability": ["paper"], "borderColor": "black", "colorIdentity": ["U"], "colors": ["U"], "convertedManaCost": 3.0, "edhrecRank": 2479, "finishes": ["nonfoil"], "foreignData": [], "frameVersion": "2003", "hasFoil": false, "hasNonFoil": true, "identifiers": {"cardKingdomId": "126422", "cardsphereId": "7369", "mcmId": "20808", "mtgjsonV4Id": "3b17073e-d0e0-5458-abb3-a102b1faf2f7", "scryfallId": "39a89c44-1aa7-4f2e-909b-d821ec2b7948", "scryfallIllustrationId": "29188e1f-bd20-4041-b0aa-00a8d1853364", "scryfallOracleId": "cc2b6e58-2d6f-495e-95f3-9496105c4cba", "tcgplayerProductId": "38248"}, "isPromo": true, "isReprint": true, "isStarter": true, "keywords": ["Mill"], "language": "English", "layout": "normal", "leadershipSkills": {"brawl": false, "commander": false, "oathbreaker": true}, "legalities": {"commander": "Legal", "duel": "Legal", "legacy": "Legal", "modern": "Legal", "penny": "Legal", "vintage": "Legal"}, "loyalty": "3", "manaCost": "{1}{U}{U}", "manaValue": 3.0, "name": "Jace Beleren", "number": "1", "printings": ["DD2", "JVC", "LRW", "M10", "M11", "PBOOK", "PRM", "SS1"], "promoTypes": ["mediainsert"], "purchaseUrls": {"cardKingdom": "https://mtgjson.com/links/eb7be8753f5f9849", "tcgplayer": "https://mtgjson.com/links/3dce9464fddc52e0"}, "rarity": "mythic", "rulings": [{"date": "2009-10-01", "text": "If there are fewer than twenty cards in the targeted player’s library, that player puts all the cards from their library into their graveyard."}], "setCode": "PBOOK", "subtypes": ["Jace"], "supertypes": ["Legendary"], "text": "[+2]: Each player draws a card.\n[−1]: Target player draws a card.\n[−10]: Target player mills twenty cards.", "type": "Legendary Planeswalker — Jace", "types": ["Planeswalker"], "uuid": "095baf23-4c83-5be7-b12f-67fbb7deddb4"}], "code": "PBOOK", "isFoilOnly": false, "isNonFoilOnly": true, "isOnlineOnly": false, "keyruneCode": "PBOOK", "name": "Miscellaneous Book Promos", "releaseDate": "2009-01-27", "tokens": [], "totalSetSize": 1, "translations": {}, "type": "promo"}}