{"meta": {"date": "2022-09-29", "version": "5.2.0+20220929"}, "data": {"baseSetSize": 1, "block": "Kamigawa", "cards": [{"artist": "Nottsuo", "availability": ["paper"], "borderColor": "black", "colorIdentity": ["R"], "colors": ["R"], "convertedManaCost": 6.0, "edhrecRank": 2531, "finishes": ["foil"], "foreignData": [], "frameVersion": "2003", "hasFoil": true, "hasNonFoil": false, "identifiers": {"cardKingdomFoilId": "125573", "cardsphereId": "37424", "mcmId": "17719", "mtgjsonV4Id": "9a36be06-b0e5-5c4b-af0f-17ae92adef4b", "multiverseId": "97068", "scryfallId": "ded41d44-8233-4fc5-b2c7-e9f263512c1c", "scryfallIllustrationId": "ca3f68ba-d27a-4197-ba41-7fa7ae896172", "scryfallOracleId": "5e99ba3b-dc2b-4c3c-84ce-228d4772cfee", "tcgplayerProductId": "38396"}, "isPromo": true, "isReprint": true, "isStarter": true, "keywords": ["Flying"], "language": "English", "layout": "normal", "leadershipSkills": {"brawl": false, "commander": true, "oathbreaker": false}, "legalities": {"commander": "Legal", "duel": "Legal", "legacy": "Legal", "modern": "Legal", "penny": "Legal", "vintage": "Legal"}, "manaCost": "{5}{R}", "manaValue": 6.0, "name": "Ryusei, the Falling Star", "number": "185★", "originalReleaseDate": "2004-09-18", "originalText": "Flying\nWhen Ryusei, the Falling Star is put into a graveyard from play, it deals 5 damage to each creature without flying.", "originalType": "Legendary Creature - Dragon Spirit", "power": "5", "printings": ["ARC", "C17", "CHK", "CLB", "IMA", "MMA", "PCHK", "PRM"], "promoTypes": ["datestamped", "prerelease"], "purchaseUrls": {"cardKingdomFoil": "https://mtgjson.com/links/654e7beb614a8049", "tcgplayer": "https://mtgjson.com/links/8b50dd816bcb8e20"}, "rarity": "rare", "rulings": [], "setCode": "PCHK", "subtypes": ["Dragon", "Spirit"], "supertypes": ["Legendary"], "text": "Flying\nWhen Ryusei, the Falling Star dies, it deals 5 damage to each creature without flying.", "toughness": "5", "type": "Legendary Creature — Dragon Spirit", "types": ["Creature"], "uuid": "5c39b4a8-9d74-537e-a6c4-a008eb80ae21", "watermark": "set"}], "code": "PCHK", "isFoilOnly": true, "isOnlineOnly": false, "keyruneCode": "CHK", "name": "Champions of Kamigawa Promos", "parentCode": "CHK", "releaseDate": "2004-10-01", "tokens": [], "totalSetSize": 1, "translations": {}, "type": "promo"}}