{"meta": {"date": "2022-09-29", "version": "5.2.0+20220929"}, "data": {"baseSetSize": 34, "cards": [{"artist": "Michael Sutfin", "availability": ["mtgo", "paper"], "borderColor": "black", "colorIdentity": ["R"], "colors": ["R"], "convertedManaCost": 1.0, "edhrecRank": 9114, "finishes": ["foil"], "flavorText": "\"Fools dig for water, corpses, or gold. The earth's real treasure is far deeper.\"", "foreignData": [], "frameVersion": "2003", "hasFoil": true, "hasNonFoil": false, "identifiers": {"cardKingdomFoilId": "132573", "cardsphereId": "36910", "mcmId": "244228", "mtgjsonV4Id": "7cd3b0ce-7148-5cb5-a94c-e17bdf4e6c3f", "mtgoFoilId": "39286", "mtgoId": "39285", "multiverseId": "234706", "scryfallId": "15db4353-9c46-4fe4-b22e-0cf024aa9dfc", "scryfallIllustrationId": "02e98634-0830-48b0-b957-9aaace9acfc3", "scryfallOracleId": "37445e06-88a1-4e2e-a432-383736c9b977", "tcgplayerProductId": "38674"}, "isReprint": true, "isStarter": true, "language": "English", "layout": "normal", "legalities": {"commander": "Legal", "duel": "Legal", "gladiator": "Legal", "historic": "Legal", "historicbrawl": "Legal", "legacy": "Legal", "modern": "Legal", "penny": "Legal", "premodern": "Legal", "vintage": "Legal"}, "manaCost": "{R}", "manaValue": 1.0, "name": "Grim Lavamancer", "number": "1", "originalText": "{R}, {T}, Exile two cards from your graveyard: Grim Lavamancer deals 2 damage to target creature or player.", "originalType": "Creature — Human Wizard", "power": "1", "printings": ["2XM", "E01", "G06", "JMP", "M12", "PD2", "PRM", "TOR"], "purchaseUrls": {"cardKingdomFoil": "https://mtgjson.com/links/0beb3519953f93c5", "tcgplayer": "https://mtgjson.com/links/1273f1bcfffa6212"}, "rarity": "rare", "rulings": [{"date": "2011-09-22", "text": "The two cards are exiled as the cost of Grim Lavamancer's ability is paid. Players can't respond to the paying of costs by trying to move those cards to another zone."}], "setCode": "PD2", "subtypes": ["Human", "Wizard"], "supertypes": [], "text": "{R}, {T}, Exile two cards from your graveyard: Grim Lavamancer deals 2 damage to any target.", "toughness": "1", "type": "Creature — Human Wizard", "types": ["Creature"], "uuid": "1922e0e5-4a38-5b13-9b70-36e00726932e"}, {"artist": "Kev Walker", "availability": ["mtgo", "paper"], "borderColor": "black", "colorIdentity": ["R"], "colors": ["R"], "convertedManaCost": 1.0, "edhrecRank": 17016, "finishes": ["foil"], "flavorText": "The first morning after acquiring her familiar, the wizard awoke with fleabites and mange.", "foreignData": [], "frameVersion": "2003", "hasFoil": true, "hasNonFoil": false, "identifiers": {"cardKingdomFoilId": "132575", "cardsphereId": "36913", "mcmId": "244230", "mtgjsonV4Id": "fe624e15-617b-52e2-9261-022004dd3244", "mtgoFoilId": "39265", "mtgoId": "39264", "multiverseId": "217974", "scryfallId": "64ddf9c7-3d36-4222-a6a1-7739ab6da772", "scryfallIllustrationId": "33586c62-5169-4638-9184-c2e7d40a7c22", "scryfallOracleId": "993e41e6-0643-4a1f-8ada-b7a4aae486d9", "tcgplayerProductId": "38677"}, "isReprint": true, "isStarter": true, "language": "English", "layout": "normal", "legalities": {"commander": "Legal", "duel": "Legal", "legacy": "Legal", "pauper": "Legal", "paupercommander": "Legal", "penny": "Legal", "premodern": "Legal", "vintage": "Legal"}, "manaCost": "{R}", "manaValue": 1.0, "name": "Jackal Pup", "number": "2", "originalText": "Whenever Jackal Pup is dealt damage, it deals that much damage to you.", "originalType": "Creature — Hound", "power": "2", "printings": ["A25", "F01", "MB1", "PD2", "PRM", "TMP", "WC98", "WC99"], "purchaseUrls": {"cardKingdomFoil": "https://mtgjson.com/links/f4899283ea432a50", "tcgplayer": "https://mtgjson.com/links/7b2538368ea36d01"}, "rarity": "uncommon", "rulings": [], "setCode": "PD2", "subtypes": ["Jackal"], "supertypes": [], "text": "Whenever Jackal Pup is dealt damage, it deals that much damage to you.", "toughness": "1", "type": "Creature — Jackal", "types": ["Creature"], "uuid": "713d9a9d-3171-5eab-90df-02b6a7c71b29"}, {"artist": "Brom", "availability": ["mtgo", "paper"], "borderColor": "black", "colorIdentity": ["R"], "colors": ["R"], "convertedManaCost": 1.0, "edhrecRank": 5894, "finishes": ["foil"], "flavorText": "\"I got it! I got it! I—\"", "foreignData": [], "frameVersion": "2003", "hasFoil": true, "hasNonFoil": false, "identifiers": {"cardKingdomFoilId": "132579", "cardsphereId": "36918", "mcmId": "244234", "mtgjsonV4Id": "5a6bf111-46da-5698-85ba-578e39fc9554", "mtgoFoilId": "39229", "mtgoId": "39228", "multiverseId": "234699", "scryfallId": "84e7663d-781a-4b3b-897f-ce442b258c66", "scryfallIllustrationId": "31c63073-0141-40ae-9756-73e700c2ab94", "scryfallOracleId": "7efd5d62-6da2-428a-98e3-5b842f668656", "tcgplayerProductId": "38682"}, "isReprint": true, "isStarter": true, "language": "English", "layout": "normal", "legalities": {"commander": "Legal", "duel": "Legal", "legacy": "Legal", "modern": "Legal", "pauper": "Legal", "paupercommander": "Legal", "penny": "Legal", "premodern": "Legal", "vintage": "Legal"}, "manaCost": "{R}", "manaValue": 1.0, "name": "Mogg Fanatic", "number": "3", "originalText": "Sacrifice Mogg Fanatic: Mogg Fanatic deals 1 damage to target creature or player.", "originalType": "Creature — Goblin", "power": "1", "printings": ["10E", "ATH", "DD1", "EMA", "EVG", "F02", "MB1", "PD2", "PG07", "PRM", "TMP", "TPR", "WC98", "WC99"], "purchaseUrls": {"cardKingdomFoil": "https://mtgjson.com/links/6c2f4397304e564d", "tcgplayer": "https://mtgjson.com/links/c9ed108f18aa7dc5"}, "rarity": "uncommon", "rulings": [{"date": "2016-06-08", "text": "Once Mogg Fanatic has dealt and been dealt combat damage, it’s too late to activate its ability before it’s destroyed."}], "setCode": "PD2", "subtypes": ["Goblin"], "supertypes": [], "text": "Sacrifice Mogg Fanatic: It deals 1 damage to any target.", "toughness": "1", "type": "Creature — Goblin", "types": ["Creature"], "uuid": "8995af2e-ba93-541a-a21c-bdd5e6caa264"}, {"artist": "John Avon", "availability": ["mtgo", "paper"], "borderColor": "black", "colorIdentity": ["R"], "colors": ["R"], "convertedManaCost": 1.0, "edhrecRank": 13045, "finishes": ["foil"], "flavorText": "Vulshok shamans could never keep them alive for more than a few seconds, yet those few seconds seemed to be enough.", "foreignData": [], "frameVersion": "2003", "hasFoil": true, "hasNonFoil": false, "identifiers": {"cardKingdomFoilId": "132581", "cardsphereId": "36927", "mcmId": "244236", "mtgjsonV4Id": "457d3cde-2b3f-59d9-bc7b-a9c11f70811b", "mtgoFoilId": "39280", "mtgoId": "39279", "multiverseId": "234700", "scryfallId": "f9a8ddf2-03f8-4e6f-8dbb-0e09e1717221", "scryfallIllustrationId": "a100bf82-0997-4d2a-bf92-5503244f413e", "scryfallOracleId": "50608b7e-b6b2-40ca-91ec-db3e03dbb1af", "tcgplayerProductId": "38688"}, "isReprint": true, "isStarter": true, "keywords": ["Haste", "Trample"], "language": "English", "layout": "normal", "legalities": {"commander": "Legal", "duel": "Legal", "legacy": "Legal", "modern": "Legal", "pauper": "Legal", "paupercommander": "Legal", "penny": "Legal", "vintage": "Legal"}, "manaCost": "{R}", "manaValue": 1.0, "name": "Spark Elemental", "number": "4", "originalText": "Trample, haste\nAt the beginning of the end step, sacrifice Spark Elemental.", "originalType": "Creature — Elemental", "power": "3", "printings": ["10E", "5DN", "PD2"], "purchaseUrls": {"cardKingdomFoil": "https://mtgjson.com/links/cc1fcc6d5b41d098", "tcgplayer": "https://mtgjson.com/links/f46c76ecd126fa16"}, "rarity": "uncommon", "rulings": [], "setCode": "PD2", "subtypes": ["Elemental"], "supertypes": [], "text": "Trample, haste (This creature can deal excess combat damage to the player or planeswalker it's attacking. This creature can attack and {T} as soon as it comes under your control.)\nAt the beginning of the end step, sacrifice Spark Elemental.", "toughness": "1", "type": "Creature — Elemental", "types": ["Creature"], "uuid": "206b01be-5526-5533-aa01-f89d932f6513"}, {"artist": "Scott M. Fischer", "availability": ["mtgo", "paper"], "borderColor": "black", "colorIdentity": ["R", "W"], "colors": ["R", "W"], "convertedManaCost": 1.0, "edhrecRank": 8655, "finishes": ["foil"], "foreignData": [], "frameVersion": "2003", "hasFoil": true, "hasNonFoil": false, "identifiers": {"cardKingdomFoilId": "132571", "cardsphereId": "36904", "mcmId": "244226", "mtgjsonV4Id": "f1556550-0d87-5855-9e17-248a94cbe12b", "mtgoFoilId": "39243", "mtgoId": "39242", "multiverseId": "236456", "scryfallId": "9a7dd9d7-7b7c-46b9-b78d-7c39d656cfb0", "scryfallIllustrationId": "ffbf0e5f-d4ed-41a7-b1d5-f53f42cd2dd3", "scryfallOracleId": "cd51cc2d-0d39-4aba-b0ea-70e8118149bc", "tcgplayerProductId": "38668"}, "isReprint": true, "isStarter": true, "language": "English", "layout": "normal", "legalities": {"commander": "Legal", "duel": "Legal", "legacy": "Legal", "modern": "Legal", "penny": "Legal", "vintage": "Legal"}, "manaCost": "{R/W}", "manaValue": 1.0, "name": "Figure of Destiny", "number": "5", "originalText": "{GU}: Figure of Destiny becomes a 2/2 Kithkin Spirit.\n{GU}{GU}{GU}: If Figure of Destiny is a Spirit, it becomes a 4/4 Kithkin Spirit Warrior.\n{GU}{GU}{GU}{GU}{GU}{GU}: If Figure of Destiny is a Warrior, it becomes an 8/8 Kithkin Spirit Warrior Avatar with flying and first strike.", "originalType": "Creature — Kithkin", "power": "1", "printings": ["2X2", "DDL", "EVE", "MMA", "PD2", "PEVE", "PRM"], "purchaseUrls": {"cardKingdomFoil": "https://mtgjson.com/links/3ba68e50eb353231", "tcgplayer": "https://mtgjson.com/links/2e775b344a32e4d8"}, "rarity": "rare", "rulings": [{"date": "2008-08-01", "text": "None of these abilities has a duration. If one of them resolves, it will remain in effect until the game ends, Figure of Destiny leaves the battlefield, or some subsequent effect changes its characteristics, whichever comes first."}, {"date": "2008-08-01", "text": "Figure of Destiny’s abilities overwrite its power, toughness, and creature types. Typically, those abilities are activated in the order they appear on the card. However, if Figure of Destiny is an 8/8 Kithkin Spirit Warrior Avatar with flying and first strike, and you activate its first ability, it will become a 2/2 Kithkin Spirit that still has flying and first strike."}, {"date": "2008-08-01", "text": "You can activate Figure of Destiny’s second and third abilities regardless of what creature types it is. Each of those abilities checks Figure of Destiny’s creature types when that ability resolves. If Figure of Destiny isn’t the appropriate creature type at that time, the ability does nothing."}, {"date": "2008-08-01", "text": "Figure of Destiny’s second ability checks whether it’s a Spirit, and its third ability checks whether it’s a Warrior. It doesn’t matter how it became the appropriate creature type."}, {"date": "2009-10-01", "text": "The effect from the ability overwrites other effects that set power and/or toughness if and only if those effects existed before the ability resolved. It will not overwrite effects that modify power or toughness (whether from a static ability, counters, or a resolved spell or ability), nor will it overwrite effects that set power and toughness which come into existence after the ability resolves. Effects that switch the creature’s power and toughness are always applied after any other power or toughness changing effects, including this one, regardless of the order in which they are created."}], "setCode": "PD2", "subtypes": ["Kithkin"], "supertypes": [], "text": "{R/W}: Figure of Destiny becomes a Kithkin Spirit with base power and toughness 2/2.\n{R/W}{R/W}{R/W}: If Figure of Destiny is a Spirit, it becomes a Kithkin Spirit Warrior with base power and toughness 4/4.\n{R/W}{R/W}{R/W}{R/W}{R/W}{R/W}: If Figure of Destiny is a Warrior, it becomes a Kithkin Spirit Warrior Avatar with base power and toughness 8/8, flying, and first strike.", "toughness": "1", "type": "Creature — Kithkin", "types": ["Creature"], "uuid": "684e1be0-225a-5a26-9e51-0893f52d0392"}, {"artist": "Justin Sweet", "availability": ["mtgo", "paper"], "borderColor": "black", "colorIdentity": ["R"], "colors": ["R"], "convertedManaCost": 2.0, "edhrecRank": 12418, "finishes": ["foil"], "foreignData": [], "frameVersion": "2003", "hasFoil": true, "hasNonFoil": false, "identifiers": {"cardKingdomFoilId": "132574", "cardsphereId": "36912", "mcmId": "244229", "mtgjsonV4Id": "ea5572f2-fa50-5513-951e-eb95b4b8913d", "mtgoFoilId": "39251", "mtgoId": "39250", "multiverseId": "234711", "scryfallId": "93ec150e-0460-463b-a8cd-80af54441df0", "scryfallIllustrationId": "d290f3c8-23a2-409d-8624-a41fea237483", "scryfallOracleId": "a7ba88c6-81e7-4ab7-9c9b-308831e56833", "tcgplayerProductId": "38676"}, "isReprint": true, "isStarter": true, "keywords": ["Haste", "Trample", "Unearth"], "language": "English", "layout": "normal", "legalities": {"commander": "Legal", "duel": "Legal", "legacy": "Legal", "modern": "Legal", "paupercommander": "Restricted", "penny": "Legal", "vintage": "Legal"}, "manaCost": "{1}{R}", "manaValue": 2.0, "name": "Hellspark Elemental", "number": "6", "originalText": "Trample, haste\nAt the beginning of the end step, sacrifice Hellspark Elemental.\nUnearth {1}{R} ({1}{R}: Return this card from your graveyard to the battlefield. It gains haste. Exile it at the beginning of the next end step or if it would leave the battlefield. Unearth only as a sorcery.)", "originalType": "Creature — Elemental", "power": "3", "printings": ["CON", "DDK", "PD2", "PRM", "PW09", "TD0"], "purchaseUrls": {"cardKingdomFoil": "https://mtgjson.com/links/adb2544b6c176427", "tcgplayer": "https://mtgjson.com/links/aa0e850f76d2c458"}, "rarity": "uncommon", "rulings": [], "setCode": "PD2", "subtypes": ["Elemental"], "supertypes": [], "text": "Trample, haste\nAt the beginning of the end step, sacrifice Hellspark Elemental.\nUnearth {1}{R} ({1}{R}: Return this card from your graveyard to the battlefield. It gains haste. Exile it at the beginning of the next end step or if it would leave the battlefield. Unearth only as a sorcery.)", "toughness": "1", "type": "Creature — Elemental", "types": ["Creature"], "uuid": "b4ae0276-3d89-526f-9ff8-9dd53189d1b9"}, {"artist": "Alex Horley-Orlandelli", "availability": ["mtgo", "paper"], "borderColor": "black", "colorIdentity": ["R"], "colors": ["R"], "convertedManaCost": 2.0, "edhrecRank": 17546, "finishes": ["foil"], "foreignData": [], "frameVersion": "2003", "hasFoil": true, "hasNonFoil": false, "identifiers": {"cardKingdomFoilId": "132578", "cardsphereId": "36916", "mcmId": "244233", "mtgjsonV4Id": "bfdb9830-cca6-58e6-85e8-ad9333a2505a", "mtgoFoilId": "39221", "mtgoId": "39220", "multiverseId": "234709", "scryfallId": "efb6990b-056c-4bb8-b46e-8fceb4911258", "scryfallIllustrationId": "29b4b2c6-e2d7-42c3-aba3-dd098ed5664f", "scryfallOracleId": "e05b850f-24cd-42b9-bc4f-0f05f9aea679", "tcgplayerProductId": "38680"}, "isReprint": true, "isStarter": true, "keywords": ["Vanishing"], "language": "English", "layout": "normal", "legalities": {"commander": "Legal", "duel": "Legal", "legacy": "Legal", "modern": "Legal", "pauper": "Legal", "paupercommander": "Legal", "penny": "Legal", "vintage": "Legal"}, "manaCost": "{1}{R}", "manaValue": 2.0, "name": "Keldon Marauders", "number": "7", "originalText": "Vanishing 2 (This permanent enters the battlefield with two time counters on it. At the beginning of your upkeep, remove a time counter from it. When the last is removed, sacrifice it.)\nWhen Keldon Marauders enters the battlefield or leaves the battlefield, it deals 1 damage to target player.", "originalType": "Creature — Human Warrior", "power": "3", "printings": ["EMA", "PD2", "PLC", "TD0"], "purchaseUrls": {"cardKingdomFoil": "https://mtgjson.com/links/f6e490392d59a538", "tcgplayer": "https://mtgjson.com/links/6dc730a8090e766a"}, "rarity": "common", "rulings": [], "setCode": "PD2", "subtypes": ["Human", "Warrior"], "supertypes": [], "text": "Vanishing 2 (This creature enters the battlefield with two time counters on it. At the beginning of your upkeep, remove a time counter from it. When the last is removed, sacrifice it.)\nWhen Keldon Marauders enters or leaves the battlefield, it deals 1 damage to target player or planeswalker.", "toughness": "3", "type": "Creature — Human Warrior", "types": ["Creature"], "uuid": "f7eac2cc-fc35-5a5a-ac63-d33b8d434f0f"}, {"artist": "Brom", "availability": ["mtgo", "paper"], "borderColor": "black", "colorIdentity": ["R"], "colors": ["R"], "convertedManaCost": 2.0, "edhrecRank": 16779, "finishes": ["foil"], "flavorText": "They'll attack whatever's in front of them—as long as you tell them where that is.", "foreignData": [], "frameVersion": "2003", "hasFoil": true, "hasNonFoil": false, "identifiers": {"cardKingdomFoilId": "132580", "cardsphereId": "36919", "mcmId": "244235", "mtgjsonV4Id": "ed2280d6-cd47-52de-a43d-90e33325e293", "mtgoFoilId": "39231", "mtgoId": "39230", "multiverseId": "234710", "scryfallId": "f7a3c698-961f-498c-b15b-516976b0e006", "scryfallIllustrationId": "b64dc5bb-8e86-4ea7-81fa-de7321c77de2", "scryfallOracleId": "b92fc9c1-7264-4894-90b8-a193039489c5", "tcgplayerProductId": "38683"}, "isReprint": true, "isStarter": true, "language": "English", "layout": "normal", "legalities": {"commander": "Legal", "duel": "Legal", "legacy": "Legal", "modern": "Legal", "pauper": "Legal", "paupercommander": "Legal", "penny": "Legal", "premodern": "Legal", "vintage": "Legal"}, "manaCost": "{1}{R}", "manaValue": 2.0, "name": "Mogg Flunkies", "number": "8", "originalText": "Mogg Flunkies can't attack or block alone.", "originalType": "Creature — Goblin", "power": "3", "printings": ["A25", "ATH", "M13", "MB1", "MM3", "PD2", "STH", "TPR", "WC98"], "purchaseUrls": {"cardKingdomFoil": "https://mtgjson.com/links/4714a28c6f4874f5", "tcgplayer": "https://mtgjson.com/links/42183f1c8abd14d1"}, "rarity": "common", "rulings": [{"date": "2018-03-16", "text": "If you control more than one Mogg Flunkies, they can attack or block together, even if no other creatures attack or block."}, {"date": "2018-03-16", "text": "Although Mogg Flunkies can’t attack alone, other attacking creatures don’t have to attack the same player or planeswalker. For example, Mogg Flunkies could attack an opponent and another creature could attack a planeswalker that opponent controls. Similarly, other blocking creatures don’t have to block the same creature that Mogg Flunkies blocks."}, {"date": "2018-03-16", "text": "Once Mogg Flunkies has attacked or blocked, it will remain in combat even if you no longer control another attacking or blocking creature."}, {"date": "2018-03-16", "text": "If an effect says that Mogg Flunkies attacks or blocks if able and you control another creature able to attack or block, you must attack or block with Mogg Flunkies and that creature."}, {"date": "2018-03-16", "text": "In a Two-Headed Giant game, Mogg Flunkies can attack or block with a creature controlled by your teammate, even if no other creatures you control are attacking or blocking."}], "setCode": "PD2", "subtypes": ["Goblin"], "supertypes": [], "text": "Mogg Flunkies can't attack or block alone.", "toughness": "3", "type": "Creature — Goblin", "types": ["Creature"], "uuid": "c6850339-b339-5ef6-9b20-3eff280962e5"}, {"artist": "Greg Staples", "availability": ["mtgo", "paper"], "borderColor": "black", "colorIdentity": ["R"], "colors": ["R"], "convertedManaCost": 3.0, "edhrecRank": 8936, "finishes": ["foil"], "flavorText": "\"If the whole world burns, I'll never grow cold.\"", "foreignData": [], "frameVersion": "2003", "hasFoil": true, "hasNonFoil": false, "identifiers": {"cardKingdomFoilId": "132570", "cardsphereId": "36903", "mcmId": "244225", "mtgjsonV4Id": "0025e67b-5041-5db5-8aa0-b2adceb6eacd", "mtgoFoilId": "39241", "mtgoId": "39240", "multiverseId": "234717", "scryfallId": "d42fe083-c2ab-4d67-8b10-8869c5da0b2a", "scryfallIllustrationId": "172016ef-910c-42e5-ab8b-d7c8027245f4", "scryfallOracleId": "47bfee3e-34b4-4b89-aaf8-f74e0c3d3c62", "tcgplayerProductId": "38667"}, "isReprint": true, "isStarter": true, "language": "English", "layout": "normal", "legalities": {"commander": "Legal", "duel": "Legal", "legacy": "Legal", "modern": "Legal", "pauper": "Legal", "paupercommander": "Legal", "penny": "Legal", "vintage": "Legal"}, "manaCost": "{2}{R}", "manaValue": 3.0, "name": "Cinder Pyromancer", "number": "9", "originalText": "{T}: Cinder Pyromancer deals 1 damage to target player.\nWhenever you cast a red spell, you may untap Cinder Pyromancer.", "originalType": "Creature — Elemental Shaman", "power": "0", "printings": ["DPA", "EVE", "PD2", "PS11"], "purchaseUrls": {"cardKingdomFoil": "https://mtgjson.com/links/19599030089f2e49", "tcgplayer": "https://mtgjson.com/links/c33d72d6db640e3f"}, "rarity": "common", "rulings": [], "setCode": "PD2", "subtypes": ["Elemental", "Shaman"], "supertypes": [], "text": "{T}: Cinder Pyromancer deals 1 damage to target player or planeswalker.\nWhenever you cast a red spell, you may untap Cinder Pyromancer.", "toughness": "1", "type": "Creature — Elemental Shaman", "types": ["Creature"], "uuid": "3a983e86-8ad2-5b78-b3b2-3758440622f8"}, {"artist": "Matt Cavotta", "availability": ["mtgo", "paper"], "borderColor": "black", "colorIdentity": ["R"], "colors": ["R"], "convertedManaCost": 3.0, "edhrecRank": 9010, "finishes": ["foil"], "foreignData": [], "frameVersion": "2003", "hasFoil": true, "hasNonFoil": false, "identifiers": {"cardKingdomFoilId": "132576", "cardsphereId": "36914", "mcmId": "244231", "mtgjsonV4Id": "a391b0c3-b901-54a3-aaab-3f9370bbc383", "mtgoFoilId": "39288", "mtgoId": "39287", "multiverseId": "234707", "scryfallId": "17e96837-31bd-4598-9c3d-37af1f52b5c3", "scryfallIllustrationId": "3ac84852-69dd-41a7-8229-d4ce97987e16", "scryfallOracleId": "cbbad3da-695e-4527-9678-0942f3751287", "tcgplayerProductId": "38678"}, "isReprint": true, "isStarter": true, "language": "English", "layout": "normal", "leadershipSkills": {"brawl": false, "commander": true, "oathbreaker": false}, "legalities": {"commander": "Legal", "duel": "Legal", "legacy": "Legal", "modern": "Legal", "penny": "Legal", "vintage": "Legal"}, "manaCost": "{1}{R}{R}", "manaValue": 3.0, "name": "Jaya Ballard, Task Mage", "number": "10", "originalText": "{R}, {T}, Discard a card: Destroy target blue permanent.\n{1}{R}, {T}, Discard a card: Jaya Ballard, Task Mage deals 3 damage to target creature or player. A creature dealt damage this way can't be regenerated this turn.\n{5}{R}{R}, {T}, Discard a card: Jaya Ballard deals 6 damage to each creature and each player.", "originalType": "Legendary Creature — Human Spellshaper", "power": "2", "printings": ["PD2", "PLIST", "PMPS08", "PRES", "PRM", "TSP", "TSR"], "purchaseUrls": {"cardKingdomFoil": "https://mtgjson.com/links/f112fed30afeb169", "tcgplayer": "https://mtgjson.com/links/6d717095471e3446"}, "rarity": "rare", "rulings": [], "setCode": "PD2", "subtypes": ["Human", "Spellshaper"], "supertypes": ["Legendary"], "text": "{R}, {T}, Discard a card: Destroy target blue permanent.\n{1}{R}, {T}, Discard a card: Jaya Ballard, Task Mage deals 3 damage to any target. A creature dealt damage this way can't be regenerated this turn.\n{5}{R}{R}, {T}, Discard a card: Jaya Ballard deals 6 damage to each creature and each player.", "toughness": "2", "type": "Legendary Creature — Human Spellshaper", "types": ["Creature"], "uuid": "96eae1c3-003b-5975-b76a-88eefa38d920"}, {"artist": "rk post", "availability": ["mtgo", "paper"], "borderColor": "black", "colorIdentity": ["R"], "colors": ["R"], "convertedManaCost": 3.0, "edhrecRank": 8096, "finishes": ["foil"], "flavorText": "Vulshok sorcerers train by leaping into electrified storm clouds. Dead or alive, they come back down with smiles on their faces.", "foreignData": [], "frameVersion": "2003", "hasFoil": true, "hasNonFoil": false, "identifiers": {"cardKingdomFoilId": "132582", "cardsphereId": "36931", "mcmId": "244237", "mtgjsonV4Id": "71748d74-776a-5595-a269-15356fd399af", "mtgoFoilId": "39278", "mtgoId": "39277", "multiverseId": "234719", "scryfallId": "f4ddb2f9-e31c-4d17-b522-d16f63dba24c", "scryfallIllustrationId": "7d248d70-6fe7-43ad-a3f9-fdd127df1000", "scryfallOracleId": "6f858405-dfe4-4ca2-b2e3-80ce8cda5522", "tcgplayerProductId": "38692"}, "isReprint": true, "isStarter": true, "keywords": ["Haste"], "language": "English", "layout": "normal", "legalities": {"commander": "Legal", "duel": "Legal", "legacy": "Legal", "modern": "Legal", "pauper": "Legal", "paupercommander": "Legal", "penny": "Legal", "vintage": "Legal"}, "manaCost": "{1}{R}{R}", "manaValue": 3.0, "name": "Vulshok Sorcerer", "number": "11", "originalText": "Haste\n{T}: Vulshok Sorcerer deals 1 damage to target creature or player.", "originalType": "Creature — Human Shaman", "power": "1", "printings": ["5DN", "DDI", "PD2", "PSAL"], "purchaseUrls": {"cardKingdomFoil": "https://mtgjson.com/links/efd9aac502bf2158", "tcgplayer": "https://mtgjson.com/links/8764e4483c730eee"}, "rarity": "common", "rulings": [], "setCode": "PD2", "subtypes": ["Human", "Shaman"], "supertypes": [], "text": "Haste\n{T}: Vulshok Sorcerer deals 1 damage to any target.", "toughness": "1", "type": "Creature — Human Shaman", "types": ["Creature"], "uuid": "5d7fb969-76ab-59fc-b332-de8f1eac154b"}, {"artist": "Trevor Claxton", "availability": ["mtgo", "paper"], "borderColor": "black", "colorIdentity": ["R"], "colors": ["R"], "convertedManaCost": 3.0, "edhrecRank": 7554, "finishes": ["foil"], "foreignData": [], "frameVersion": "2003", "hasFoil": true, "hasNonFoil": false, "identifiers": {"cardKingdomFoilId": "132568", "cardsphereId": "36898", "mcmId": "244223", "mtgjsonV4Id": "5290c96b-da12-5151-a7ba-0ab02f0f5a08", "mtgoFoilId": "39255", "mtgoId": "39254", "multiverseId": "234722", "scryfallId": "240fae0f-a3a2-48a9-a411-79b90230db34", "scryfallIllustrationId": "55c1e46a-7af5-43ff-98f3-26f7905299e2", "scryfallOracleId": "7485cf25-eb41-4397-be13-7f0b8c10c70a", "tcgplayerProductId": "38662"}, "isReprint": true, "isStarter": true, "keywords": ["Haste", "Trample"], "language": "English", "layout": "normal", "legalities": {"commander": "Legal", "duel": "Legal", "legacy": "Legal", "modern": "Legal", "paupercommander": "Restricted", "penny": "Legal", "premodern": "Legal", "vintage": "Legal"}, "manaCost": "{R}{R}{R}", "manaValue": 3.0, "name": "Ball Lightning", "number": "12", "originalText": "Trample, haste\nAt the beginning of the end step, sacrifice Ball Lightning.", "originalType": "Creature — Elemental", "power": "6", "printings": ["4BB", "4ED", "5ED", "A25", "BTD", "DRK", "G01", "JMP", "M10", "ME1", "P30A", "PD2", "PRM", "REN", "WC98"], "purchaseUrls": {"cardKingdomFoil": "https://mtgjson.com/links/7b959cc8034adc4d", "tcgplayer": "https://mtgjson.com/links/dc29d840217f76b6"}, "rarity": "rare", "rulings": [{"date": "2007-02-01", "text": "The creature is sacrificed at the end of every turn in which it is on the battlefield. There is no choice about what turn to sacrifice it."}], "setCode": "PD2", "subtypes": ["Elemental"], "supertypes": [], "text": "Trample (This creature can deal excess combat damage to the player or planeswalker it's attacking.)\nHaste (This creature can attack and {T} as soon as it comes under your control.)\nAt the beginning of the end step, sacrifice Ball Lightning.", "toughness": "1", "type": "Creature — Elemental", "types": ["Creature"], "uuid": "f1bfbcdb-7a9a-5d7f-908b-4abc8facbca0"}, {"artist": "Dave Allsop", "availability": ["mtgo", "paper"], "borderColor": "black", "colorIdentity": ["G", "R"], "colors": ["G", "R"], "convertedManaCost": 3.0, "edhrecRank": 16070, "finishes": ["foil"], "flavorText": "\"We're going to need a bigger gate.\"\n—Bowen, Barrenton guardcaptain", "foreignData": [], "frameVersion": "2003", "hasFoil": true, "hasNonFoil": false, "identifiers": {"cardKingdomFoilId": "132569", "cardsphereId": "36900", "mcmId": "244224", "mtgjsonV4Id": "352a8678-a7c7-58fc-833e-94b6518f3644", "mtgoFoilId": "39239", "mtgoId": "39238", "multiverseId": "234723", "scryfallId": "b2bf6d5b-2bcc-42a0-98db-33faf090df23", "scryfallIllustrationId": "3c0419e2-4e5a-4b72-b275-e424b3e7eef3", "scryfallOracleId": "30d2437a-87c9-4f88-8fb8-b686d6522677", "tcgplayerProductId": "38664"}, "isReprint": true, "isStarter": true, "keywords": ["Haste", "Wither"], "language": "English", "layout": "normal", "legalities": {"commander": "Legal", "duel": "Legal", "legacy": "Legal", "modern": "Legal", "paupercommander": "Restricted", "penny": "Legal", "vintage": "Legal"}, "manaCost": "{R/G}{R/G}{R/G}", "manaValue": 3.0, "name": "Boggart Ram-Gang", "number": "13", "originalText": "Haste\nWither (This deals damage to creatures in the form of -1/-1 counters.)", "originalType": "Creature — Goblin Warrior", "power": "3", "printings": ["PD2", "PG08", "PRM", "SHM"], "purchaseUrls": {"cardKingdomFoil": "https://mtgjson.com/links/b429838e5d39ac4b", "tcgplayer": "https://mtgjson.com/links/253fbf3c299afa66"}, "rarity": "uncommon", "rulings": [], "setCode": "PD2", "subtypes": ["Goblin", "Warrior"], "supertypes": [], "text": "Haste\nWither (This deals damage to creatures in the form of -1/-1 counters.)", "toughness": "3", "type": "Creature — Goblin Warrior", "types": ["Creature"], "uuid": "ab45f830-28ad-56d6-8cb3-9eb32eeaa410"}, {"artist": "Mark Tedin", "availability": ["mtgo", "paper"], "borderColor": "black", "colorIdentity": ["R"], "colors": ["R"], "convertedManaCost": 4.0, "edhrecRank": 19547, "finishes": ["foil"], "foreignData": [], "frameVersion": "2003", "hasFoil": true, "hasNonFoil": false, "identifiers": {"cardKingdomFoilId": "132577", "cardsphereId": "36915", "mcmId": "244232", "mtgjsonV4Id": "f989cae8-74b0-5dd8-8478-09e66d6c4576", "mtgoFoilId": "39249", "mtgoId": "39248", "multiverseId": "234713", "scryfallId": "aec38450-81f7-4071-8735-4a21dc6b1c1f", "scryfallIllustrationId": "d85a5732-d4e2-401a-baa2-daf07d40e4bd", "scryfallOracleId": "1600b361-9298-49f0-8925-4c1aad363e1b", "tcgplayerProductId": "38679"}, "isReprint": true, "isStarter": true, "keywords": ["Echo", "Haste"], "language": "English", "layout": "normal", "legalities": {"commander": "Legal", "duel": "Legal", "legacy": "Legal", "paupercommander": "Restricted", "penny": "Legal", "premodern": "Legal", "vintage": "Legal"}, "manaCost": "{2}{R}{R}", "manaValue": 4.0, "name": "Keldon Champion", "number": "14", "originalText": "Haste\nEcho {2}{R}{R} (At the beginning of your upkeep, if this came under your control since the beginning of your last upkeep, sacrifice it unless you pay its echo cost.)\nWhen Keldon Champion enters the battlefield, it deals 3 damage to target player.", "originalType": "Creature — Human Barbarian", "power": "3", "printings": ["EMA", "HOP", "PD2", "UDS"], "purchaseUrls": {"cardKingdomFoil": "https://mtgjson.com/links/6999436dddbaa8bc", "tcgplayer": "https://mtgjson.com/links/2b583766ffe3a4f3"}, "rarity": "uncommon", "rulings": [], "setCode": "PD2", "subtypes": ["Human", "Barbarian"], "supertypes": [], "text": "Haste\nEcho {2}{R}{R} (At the beginning of your upkeep, if this came under your control since the beginning of your last upkeep, sacrifice it unless you pay its echo cost.)\nWhen Keldon Champion enters the battlefield, it deals 3 damage to target player or planeswalker.", "toughness": "2", "type": "Creature — Human Barbarian", "types": ["Creature"], "uuid": "5286ae76-bed0-54db-be6a-9030abf4b263"}, {"artist": "Ryan Yee", "availability": ["mtgo", "paper"], "borderColor": "black", "colorIdentity": ["R"], "colors": ["R"], "convertedManaCost": 5.0, "edhrecRank": 5206, "finishes": ["foil"], "flavorText": "\"Elemental fire shimmers with rose hues and, unlike terrestrial blazes, smolders long after it's extinguished.\"\n—Jestus Dreya, *Of Elements and Eternity*", "foreignData": [], "frameVersion": "2003", "hasFoil": true, "hasNonFoil": false, "identifiers": {"cardKingdomFoilId": "132572", "cardsphereId": "36905", "mcmId": "244227", "mtgjsonV4Id": "3a056220-4543-530a-b75e-5766fffc7ef6", "mtgoFoilId": "39261", "mtgoId": "39260", "multiverseId": "234702", "scryfallId": "0a5c7bb2-37ef-4f99-a447-0c6e4d18fd5c", "scryfallIllustrationId": "6132b309-8ef7-40f7-9c29-b1c5f526e032", "scryfallOracleId": "dbf64afa-ace6-44b9-b47f-750c7e52cc29", "tcgplayerProductId": "38669"}, "isReprint": true, "isStarter": true, "language": "English", "layout": "normal", "legalities": {"commander": "Legal", "duel": "Legal", "legacy": "Legal", "modern": "Legal", "paupercommander": "Restricted", "penny": "Legal", "vintage": "Legal"}, "manaCost": "{3}{R}{R}", "manaValue": 5.0, "name": "Fire Servant", "number": "15", "originalText": "If a red instant or sorcery spell you control would deal damage, it deals double that damage instead.", "originalType": "Creature — Elemental", "power": "4", "printings": ["M11", "PD2"], "purchaseUrls": {"cardKingdomFoil": "https://mtgjson.com/links/c2970518f4fe87d2", "tcgplayer": "https://mtgjson.com/links/942b310c40f89a01"}, "rarity": "uncommon", "rulings": [{"date": "2010-08-15", "text": "Fire Servant’s ability applies no matter who or what the damage would be dealt to: a creature, a player, or a planeswalker."}, {"date": "2010-08-15", "text": "If a red instant or sorcery spell you control causes damage to be dealt, that spell will always identify the source of the damage. In most cases, the source is the spell itself. For example, Lightning Bolt says “Lightning Bolt deals 3 damage to any target.” Such a spell is affected by Fire Servant’s ability. If the source of the damage is something else (for example, if the spell is Soul’s Fire, which says “Target creature you control on the battlefield deals damage equal to its power to any target”), it isn’t affected by Fire Servant’s ability."}, {"date": "2010-08-15", "text": "If multiple effects modify how damage will be dealt, the player who would be dealt damage or the controller of the permanent that would be dealt damage chooses the order to apply the effects. For example, Mending Hands says, “Prevent the next 4 damage that would be dealt to any target this turn” and Lava Axe is a red sorcery that says “Lava Axe deals 5 damage to target player or planeswalker.” Suppose a Lava Axe controlled by a player who controls Fire Servant would deal 5 damage to a player who has cast Mending Hands targeting themselves. The player who would be dealt damage can either (a) prevent 4 damage first and then let Fire Servant’s effect double the remaining 1 damage, taking 2 damage, or (b) double the damage to 10 and then prevent 4 damage, taking 6 damage."}, {"date": "2010-08-15", "text": "If a red instant or sorcery spell you control divides damage among multiple recipients (such as Fireball does), the damage is divided before Fire Servant’s effect doubles it."}, {"date": "2010-08-15", "text": "If you control more than one Fire Servant, the effects are cumulative. Two such effects will cause damage from red instant or sorcery spells you control to be multiplied by four; three such effects will cause damage from red instant or sorcery spells you control to be multiplied by eight."}], "setCode": "PD2", "subtypes": ["Elemental"], "supertypes": [], "text": "If a red instant or sorcery spell you control would deal damage, it deals double that damage instead.", "toughness": "3", "type": "Creature — Elemental", "types": ["Creature"], "uuid": "6fb54a10-1c41-5fb6-bf80-9e2087c22c47"}, {"artist": "Christopher Moeller", "availability": ["mtgo", "paper"], "borderColor": "black", "colorIdentity": ["R"], "colors": ["R"], "convertedManaCost": 1.0, "edhrecRank": 6629, "finishes": ["foil"], "foreignData": [], "frameVersion": "2003", "hasFoil": true, "hasNonFoil": false, "identifiers": {"cardKingdomFoilId": "132584", "cardsphereId": "36902", "mcmId": "244219", "mtgjsonV4Id": "9cd9b5aa-9bc5-514d-913a-419b2674a2f2", "mtgoFoilId": "39267", "mtgoId": "39266", "multiverseId": "217977", "scryfallId": "9ca05db2-ad92-4f4a-992d-b7f08f4f9c26", "scryfallIllustrationId": "3e297899-ab77-4da1-be4d-3ce4d8df62c8", "scryfallOracleId": "8785f42f-87b9-4a0a-89ce-ea423649ba9c", "tcgplayerProductId": "38666"}, "isReprint": true, "isStarter": true, "language": "English", "layout": "normal", "legalities": {"commander": "Legal", "duel": "Legal", "legacy": "Legal", "pauper": "Legal", "paupercommander": "Legal", "vintage": "Legal"}, "manaCost": "{R}", "manaValue": 1.0, "name": "Chain Lightning", "number": "16", "originalText": "Chain Lightning deals 3 damage to target creature or player. Then that player or that creature's controller may pay {R}{R}. If the player does, he or she may copy this spell and may choose a new target for that copy.", "originalType": "Sorcery", "printings": ["BBD", "EMA", "JMP", "LEG", "ME3", "MP2", "PD2", "SLD", "TD0", "VMA"], "purchaseUrls": {"cardKingdomFoil": "https://mtgjson.com/links/487a3ecefb5cf80e", "tcgplayer": "https://mtgjson.com/links/df520dcf9601f00b"}, "rarity": "common", "rulings": [{"date": "2004-10-04", "text": "The spell copy has all the text and can result in itself being copied."}, {"date": "2004-10-04", "text": "The copy is a spell, so it can be targeted by other spells and abilities that target a spell."}, {"date": "2004-10-04", "text": "The player putting the copy spell on the stack controls that spell."}, {"date": "2016-06-08", "text": "As Chain Lightning resolves, the targeted player or the controller of the targeted creature may copy it. The copy has the same text, target, and color of the resolving spell, though the player who’s copying it may choose a new target for it. Once that copy is created (or not), the first Chain Lightning has finished resolving and leaves the stack."}, {"date": "2016-06-08", "text": "The copy of Chain Lightning is created on the stack, so it’s not cast. Abilities that trigger when a player casts a spell won’t trigger. Players may respond to that spell before it resolves."}, {"date": "2016-06-08", "text": "If the targeted permanent or player is an illegal target when Chain Lightning tries to resolve, the spell doesn’t resolve. It can’t be copied."}, {"date": "2016-06-08", "text": "The player putting the copy of the spell on the stack controls that copy."}], "setCode": "PD2", "subtypes": [], "supertypes": [], "text": "Chain Lightning deals 3 damage to any target. Then that player or that permanent's controller may pay {R}{R}. If the player does, they may copy this spell and may choose a new target for that copy.", "type": "Sorcery", "types": ["Sorcery"], "uuid": "0cf15adb-ddeb-544d-bcb3-edbc907558de"}, {"artist": "Christopher Moeller", "availability": ["mtgo", "paper"], "borderColor": "black", "colorIdentity": ["R"], "colors": ["R"], "convertedManaCost": 1.0, "edhrecRank": 314, "finishes": ["foil"], "foreignData": [], "frameVersion": "2003", "hasFoil": true, "hasNonFoil": false, "identifiers": {"cardKingdomFoilId": "132589", "cardsphereId": "36917", "mcmId": "244243", "mtgjsonV4Id": "c18ccd57-4160-57db-988c-0fdb41b002b1", "mtgoFoilId": "39253", "mtgoId": "39252", "multiverseId": "234704", "scryfallId": "6773a3cf-707f-4bc0-b64d-2a96b70f7975", "scryfallIllustrationId": "013e7eda-ef8e-44cd-9832-4033d9de1c34", "scryfallOracleId": "4457ed35-7c10-48c8-9776-456485fdf070", "tcgplayerProductId": "38681"}, "isReprint": true, "isStarter": true, "language": "English", "layout": "normal", "legalities": {"commander": "Legal", "duel": "Legal", "gladiator": "Legal", "historic": "Banned", "historicbrawl": "Legal", "legacy": "Legal", "modern": "Legal", "pauper": "Legal", "paupercommander": "Legal", "premodern": "Legal", "vintage": "Legal"}, "manaCost": "{R}", "manaValue": 1.0, "name": "Lightning Bolt", "number": "17", "originalText": "Lightning Bolt deals 3 damage to target creature or player.", "originalType": "Instant", "printings": ["2ED", "2X2", "3ED", "4BB", "4ED", "A25", "ATH", "BTD", "CED", "CEI", "CLB", "E01", "FBB", "HBG", "J21", "JGP", "JMP", "LEA", "LEB", "M10", "M11", "MB1", "ME1", "MM2", "P10", "PD2", "PF19", "PLIST", "PRM", "PTC", "SLD", "STA", "SUM", "TD0"], "purchaseUrls": {"cardKingdomFoil": "https://mtgjson.com/links/fa5b8e6c10b451b4", "tcgplayer": "https://mtgjson.com/links/2c4fdde6ce114579"}, "rarity": "common", "rulings": [], "setCode": "PD2", "subtypes": [], "supertypes": [], "text": "Lightning Bolt deals 3 damage to any target.", "type": "Instant", "types": ["Instant"], "uuid": "8cc1ad54-423e-5851-b201-baef7b893718"}, {"artist": "Richard Kane Ferguson", "availability": ["mtgo", "paper"], "borderColor": "black", "colorIdentity": ["R"], "colors": ["R"], "convertedManaCost": 2.0, "edhrecRank": 2254, "finishes": ["foil"], "flavorText": "Man versus nature is not a fair fight.", "foreignData": [], "frameVersion": "2003", "hasFoil": true, "hasNonFoil": false, "identifiers": {"cardKingdomFoilId": "132591", "cardsphereId": "36925", "mcmId": "244245", "mtgjsonV4Id": "e4c436fd-ca64-54dd-b0a9-4c4be48fdee4", "mtgoFoilId": "39237", "mtgoId": "39236", "multiverseId": "234714", "scryfallId": "75ebf5ba-0171-4a9f-8475-4e8715f7e270", "scryfallIllustrationId": "892647a0-0d98-4647-96b3-3d21f29c81f6", "scryfallOracleId": "e9da499c-fa43-4e94-8395-5c030ff39502", "tcgplayerProductId": "38686"}, "isReprint": true, "isStarter": true, "language": "English", "layout": "normal", "legalities": {"commander": "Legal", "duel": "Banned", "legacy": "Legal", "penny": "Legal", "premodern": "Legal", "vintage": "Legal"}, "manaCost": "{1}{R}", "manaValue": 2.0, "name": "Price of Progress", "number": "18", "originalText": "Price of Progress deals damage to each player equal to twice the number of nonbasic lands that player controls.", "originalType": "Instant", "printings": ["EMA", "EXO", "MB1", "PD2", "TD0"], "purchaseUrls": {"cardKingdomFoil": "https://mtgjson.com/links/c1265729d6ef0ece", "tcgplayer": "https://mtgjson.com/links/f5841fe2078d86de"}, "rarity": "uncommon", "rulings": [], "setCode": "PD2", "subtypes": [], "supertypes": [], "text": "Price of Progress deals damage to each player equal to twice the number of nonbasic lands that player controls.", "type": "Instant", "types": ["Instant"], "uuid": "ac2af49b-438b-5176-a7f6-5a4c10044ab1"}, {"artist": "Dylan Martens", "availability": ["mtgo", "paper"], "borderColor": "black", "colorIdentity": ["R"], "colors": ["R"], "convertedManaCost": 2.0, "edhrecRank": 14690, "finishes": ["foil"], "flavorText": "\"Most wizards consider a thunderbolt to be a proper retort.\"\n—Ertai, wizard adept", "foreignData": [], "frameVersion": "2003", "hasFoil": true, "hasNonFoil": false, "identifiers": {"cardKingdomFoilId": "132594", "cardsphereId": "36930", "mcmId": "244248", "mtgjsonV4Id": "40a07695-7a73-5e8a-a9be-42a32c21dbff", "mtgoFoilId": "39227", "mtgoId": "39226", "multiverseId": "234716", "scryfallId": "f7051a0d-dfa0-4290-8e2c-b2a2548da815", "scryfallIllustrationId": "61a08778-b165-45c1-99b0-9018f954e3c8", "scryfallOracleId": "6ffae2fa-511a-45bf-93c4-5d53c85324f5", "tcgplayerProductId": "38691"}, "isReprint": true, "isStarter": true, "language": "English", "layout": "normal", "legalities": {"commander": "Legal", "duel": "Legal", "legacy": "Legal", "modern": "Legal", "pauper": "Legal", "paupercommander": "Legal", "penny": "Legal", "premodern": "Legal", "vintage": "Legal"}, "manaCost": "{1}{R}", "manaValue": 2.0, "name": "Thunderbolt", "number": "19", "originalText": "Choose one — Thunderbolt deals 3 damage to target player; or Thunderbolt deals 4 damage to target creature with flying.", "originalType": "Instant", "printings": ["AVR", "BTD", "PD2", "WTH"], "purchaseUrls": {"cardKingdomFoil": "https://mtgjson.com/links/cb5607ba141ec7e4", "tcgplayer": "https://mtgjson.com/links/cea821b021f32eb1"}, "rarity": "common", "rulings": [], "setCode": "PD2", "subtypes": [], "supertypes": [], "text": "Choose one —\n• Thunderbolt deals 3 damage to target player or planeswalker.\n• Thunderbolt deals 4 damage to target creature with flying.", "type": "Instant", "types": ["Instant"], "uuid": "50acde1f-b0aa-5251-95c9-b3f0a902ee8b"}, {"artist": "jD", "availability": ["mtgo", "paper"], "borderColor": "black", "colorIdentity": ["R"], "colors": ["R"], "convertedManaCost": 2.0, "edhrecRank": 899, "finishes": ["foil"], "flavorText": "\"I'm not indecisive. I just don't like to limit my options.\"\n—Maxti, pyromancer", "foreignData": [], "frameVersion": "2003", "hasFoil": true, "hasNonFoil": false, "identifiers": {"cardKingdomFoilId": "132592", "cardsphereId": "36926", "mcmId": "244246", "mtgjsonV4Id": "99312cdc-527e-562f-b8ea-3807e2b23537", "mtgoFoilId": "39263", "mtgoId": "39262", "multiverseId": "234705", "scryfallId": "02bc4956-32b4-48cd-af04-4f0ad0f893d3", "scryfallIllustrationId": "33242fdc-32e8-41bf-bf2c-91caa6c1ee3e", "scryfallOracleId": "a1f55890-31c5-4ed4-a2cd-7a4a9f05f8ca", "tcgplayerProductId": "38687"}, "isReprint": true, "isStarter": true, "language": "English", "layout": "normal", "legalities": {"commander": "Legal", "duel": "Legal", "legacy": "Legal", "modern": "Legal", "penny": "Legal", "vintage": "Legal"}, "manaCost": "{R}{R}", "manaValue": 2.0, "name": "Reverberate", "number": "20", "originalText": "Copy target instant or sorcery spell. You may choose new targets for the copy.", "originalType": "Instant", "printings": ["40K", "M11", "M12", "M13", "PD2"], "purchaseUrls": {"cardKingdomFoil": "https://mtgjson.com/links/4d2dc4b753fa4dc6", "tcgplayer": "https://mtgjson.com/links/1b1fbb1db592a4d0"}, "rarity": "rare", "rulings": [{"date": "2010-08-15", "text": "Reverberate can target (and copy) any instant or sorcery spell, not just one with targets. It doesn’t matter who controls it."}, {"date": "2010-08-15", "text": "When Reverberate resolves, it creates a copy of a spell. You control the copy. That copy is created on the stack, so it’s not “cast.” Abilities that trigger when a player casts a spell won’t trigger. The copy will then resolve like a normal spell, after players get a chance to cast spells and activate abilities."}, {"date": "2010-08-15", "text": "The copy will have the same targets as the spell it’s copying unless you choose new ones. You may change any number of the targets, including all of them or none of them. If, for one of the targets, you can’t choose a new legal target, then it remains unchanged (even if the current target is illegal)."}, {"date": "2010-08-15", "text": "If the spell Reverberate copies is modal (that is, it says “Choose one —” or the like), the copy will have the same mode. You can’t choose a different one."}, {"date": "2010-08-15", "text": "If the spell Reverberate copies has an X whose value was determined as it was cast (like Earthquake does), the copy has the same value of X."}, {"date": "2010-08-15", "text": "You can’t choose to pay any additional costs for the copy. However, effects based on any additional costs that were paid for the original spell are copied as though those same costs were paid for the copy too. For example, if a player sacrifices a 3/3 creature to cast Fling, and you copy it with Reverberate, the copy of Fling will also deal 3 damage to its target."}, {"date": "2010-08-15", "text": "If the copy says that it affects “you,” it affects the controller of the copy, not the controller of the original spell. Similarly, if the copy says that it affects an “opponent,” it affects an opponent of the copy’s controller, not an opponent of the original spell’s controller."}], "setCode": "PD2", "subtypes": [], "supertypes": [], "text": "Copy target instant or sorcery spell. You may choose new targets for the copy.", "type": "Instant", "types": ["Instant"], "uuid": "daff3c3b-9893-5a5d-b72b-eacee22f09bf"}, {"artist": "Mark Tedin", "availability": ["mtgo", "paper"], "borderColor": "black", "colorIdentity": ["R"], "colors": ["R"], "convertedManaCost": 3.0, "edhrecRank": 5208, "finishes": ["foil"], "flavorText": "\"Even the threat of power has power.\"\n—Jeska, warrior adept", "foreignData": [], "frameVersion": "2003", "hasFoil": true, "hasNonFoil": false, "identifiers": {"cardKingdomFoilId": "132583", "cardsphereId": "36901", "mcmId": "244238", "mtgjsonV4Id": "044342ea-9832-507a-b26a-84d3fd99b7b6", "mtgoFoilId": "39271", "mtgoId": "39270", "multiverseId": "234712", "scryfallId": "aa49eca7-4c7b-4e3c-9a08-0668d1cbf1ab", "scryfallIllustrationId": "5af1d34d-293c-4f22-ae14-18081e87e876", "scryfallOracleId": "11cd0c42-4148-4d82-9172-b1a1967fe319", "tcgplayerProductId": "38665"}, "isReprint": true, "isStarter": true, "language": "English", "layout": "normal", "legalities": {"commander": "Legal", "duel": "Legal", "legacy": "Legal", "modern": "Legal", "penny": "Legal", "premodern": "Legal", "vintage": "Legal"}, "manaCost": "{2}{R}", "manaValue": 3.0, "name": "Browbeat", "number": "21", "originalText": "Any player may have Browbeat deal 5 damage to him or her. If no one does, target player draws three cards.", "originalType": "Sorcery", "printings": ["A25", "DDK", "F09", "HOP", "JUD", "MB1", "PD2", "PRM", "TSB"], "purchaseUrls": {"cardKingdomFoil": "https://mtgjson.com/links/2ac8a171af9d0829", "tcgplayer": "https://mtgjson.com/links/eb71fa74c7b2390c"}, "rarity": "uncommon", "rulings": [], "setCode": "PD2", "subtypes": [], "supertypes": [], "text": "Any player may have Browbeat deal 5 damage to them. If no one does, target player draws three cards.", "type": "Sorcery", "types": ["Sorcery"], "uuid": "4b880259-a69e-5f69-a1c5-446459cb6e74"}, {"artist": "Aleksi Briclot", "availability": ["mtgo", "paper"], "borderColor": "black", "colorIdentity": ["R"], "colors": ["R"], "convertedManaCost": 3.0, "edhrecRank": 15131, "finishes": ["foil"], "flavorText": "Many ogres extracted blood oaths from the oni they summoned. Others simply extracted blood.", "foreignData": [], "frameVersion": "2003", "hasFoil": true, "hasNonFoil": false, "identifiers": {"cardKingdomFoilId": "132587", "cardsphereId": "36908", "mcmId": "244241", "mtgjsonV4Id": "77ff5760-013a-59fe-8de6-72cb7896dd2c", "mtgoFoilId": "39282", "mtgoId": "39281", "multiverseId": "234718", "scryfallId": "d60ce86f-1697-4613-ab7d-cc2fcf3f1810", "scryfallIllustrationId": "3f443bb9-2321-429d-af46-336a5706fba7", "scryfallOracleId": "4e9df979-c1c2-4de1-944e-c5e2d782e66e", "tcgplayerProductId": "38672"}, "isReprint": true, "isStarter": true, "language": "English", "layout": "normal", "legalities": {"commander": "Legal", "duel": "Legal", "legacy": "Legal", "modern": "Legal", "penny": "Legal", "vintage": "Legal"}, "manaCost": "{2}{R}", "manaValue": 3.0, "name": "Flames of the Blood Hand", "number": "22", "originalText": "Flames of the Blood Hand deals 4 damage to target player. The damage can't be prevented. If that player would gain life this turn, that player gains no life instead.", "originalType": "Instant", "printings": ["BOK", "PD2", "TD0"], "purchaseUrls": {"cardKingdomFoil": "https://mtgjson.com/links/45c8a0cb399f8315", "tcgplayer": "https://mtgjson.com/links/2ee9f3314dcf6cf6"}, "rarity": "uncommon", "rulings": [{"date": "2005-02-01", "text": "The damage is unpreventable, and the targeted player’s life gain that turn is replaced with nothing."}, {"date": "2005-02-01", "text": "The replacement effect applies only to the target player, not to a permanent or player the damage might be redirected to."}], "setCode": "PD2", "subtypes": [], "supertypes": [], "text": "Flames of the Blood Hand deals 4 damage to target player or planeswalker. The damage can't be prevented. If that player or that planeswalker's controller would gain life this turn, that player gains no life instead.", "type": "Instant", "types": ["Instant"], "uuid": "8e29cccd-3040-51ae-a245-a715bb971077"}, {"artist": "Ron Spencer", "availability": ["mtgo", "paper"], "borderColor": "black", "colorIdentity": ["R"], "colors": ["R"], "convertedManaCost": 3.0, "edhrecRank": 16878, "finishes": ["foil"], "foreignData": [], "frameVersion": "2003", "hasFoil": true, "hasNonFoil": false, "identifiers": {"cardKingdomFoilId": "132588", "cardsphereId": "36911", "mcmId": "244242", "mtgjsonV4Id": "6fe2ab26-8d37-5839-9ca9-c2a9a039e386", "mtgoFoilId": "39223", "mtgoId": "39222", "multiverseId": "234721", "scryfallId": "6ba0a838-eb60-468d-aa7f-bca4f7764267", "scryfallIllustrationId": "588f58c1-8e7c-4d4e-be2a-eec1ec7512f5", "scryfallOracleId": "3089bdd7-87e6-4d0e-ad98-c32e6f861c30", "tcgplayerProductId": "38675"}, "isReprint": true, "isStarter": true, "language": "English", "layout": "normal", "legalities": {"commander": "Legal", "duel": "Legal", "legacy": "Legal", "modern": "Legal", "penny": "Legal", "premodern": "Legal", "vintage": "Legal"}, "manaCost": "{1}{R}{R}", "manaValue": 3.0, "name": "Hammer of Bogardan", "number": "23", "originalText": "Hammer of Bogardan deals 3 damage to target creature or player.\n{2}{R}{R}{R}: Return Hammer of Bogardan from your graveyard to your hand. Activate this ability only during your upkeep.", "originalType": "Sorcery", "printings": ["6ED", "8ED", "G02", "MIR", "PD2", "PRM", "WC97", "WC98", "WC99"], "purchaseUrls": {"cardKingdomFoil": "https://mtgjson.com/links/08b9c12854eef3ef", "tcgplayer": "https://mtgjson.com/links/966848329350c556"}, "rarity": "rare", "rulings": [], "setCode": "PD2", "subtypes": [], "supertypes": [], "text": "Hammer of Bogardan deals 3 damage to any target.\n{2}{R}{R}{R}: Return Hammer of Bogardan from your graveyard to your hand. Activate only during your upkeep.", "type": "Sorcery", "types": ["Sorcery"], "uuid": "57010933-0924-5192-b4ff-e88cf80fff9e"}, {"artist": "Bradley Williams", "availability": ["mtgo", "paper"], "borderColor": "black", "colorIdentity": ["R"], "colors": ["R"], "convertedManaCost": 3.0, "edhrecRank": 8302, "finishes": ["foil"], "foreignData": [], "frameVersion": "2003", "hasFoil": true, "hasNonFoil": false, "identifiers": {"cardKingdomFoilId": "132590", "cardsphereId": "36924", "mcmId": "244244", "mtgjsonV4Id": "f827dbb4-0ee0-5f96-ab1e-5be84dcc77da", "mtgoFoilId": "39259", "mtgoId": "39258", "multiverseId": "234720", "scryfallId": "5c05b1f9-5b68-46f1-984d-c5aeea17a6fb", "scryfallIllustrationId": "8b603132-4b41-4d18-baa6-e5fe98304bc8", "scryfallOracleId": "0b137853-7cb9-424b-8285-12938991eafb", "tcgplayerProductId": "38685"}, "isReprint": true, "isStarter": true, "language": "English", "layout": "normal", "legalities": {"commander": "Legal", "duel": "Legal", "legacy": "Legal", "modern": "Legal", "pauper": "Legal", "paupercommander": "Legal", "penny": "Legal", "premodern": "Legal", "vintage": "Legal"}, "manaCost": "{1}{R}{R}", "manaValue": 3.0, "name": "Pillage", "number": "24", "originalText": "Destroy target artifact or land. It can't be regenerated.", "originalType": "Sorcery", "printings": ["6ED", "7ED", "A25", "ALL", "DKM", "MB1", "ME2", "MH1", "PAL00", "PD2", "PLIST", "PRM", "WC97", "WC99"], "purchaseUrls": {"cardKingdomFoil": "https://mtgjson.com/links/61da3019e92b8c55", "tcgplayer": "https://mtgjson.com/links/f1dfe5850270c70e"}, "rarity": "uncommon", "rulings": [], "setCode": "PD2", "subtypes": [], "supertypes": [], "text": "Destroy target artifact or land. It can't be regenerated.", "type": "Sorcery", "types": ["Sorcery"], "uuid": "30072421-e015-565e-9d20-b2a7a5e9987d"}, {"artist": "Wayne Reynolds", "availability": ["mtgo", "paper"], "borderColor": "black", "colorIdentity": ["R"], "colors": ["R"], "convertedManaCost": 4.0, "edhrecRank": 14640, "finishes": ["foil"], "flavorText": "\"Some say it's better to think before you act. While those people are considering all the options, that's usually when I kill them.\"\n—Dravus, lava mage", "foreignData": [], "frameVersion": "2003", "hasFoil": true, "hasNonFoil": false, "identifiers": {"cardKingdomFoilId": "132593", "cardsphereId": "36928", "mcmId": "244247", "mtgjsonV4Id": "15c98b83-4b38-5c19-9a1c-ea0453a51000", "mtgoFoilId": "39235", "mtgoId": "39234", "multiverseId": "234701", "scryfallId": "bd940e36-d97e-4920-826a-ad405f338ff4", "scryfallIllustrationId": "73fb6932-44bf-4c39-8f87-4ea160d9e1fc", "scryfallOracleId": "2bf65e7d-6d31-4ad6-93cd-623612d3175d", "tcgplayerProductId": "38689"}, "isReprint": true, "isStarter": true, "language": "English", "layout": "normal", "legalities": {"commander": "Legal", "duel": "Legal", "legacy": "Legal", "modern": "Legal", "penny": "Legal", "premodern": "Legal", "vintage": "Legal"}, "manaCost": "{3}{R}", "manaValue": 4.0, "name": "Sudden Impact", "number": "25", "originalText": "Sudden Impact deals damage equal to the number of cards in target player's hand to that player.", "originalType": "Instant", "printings": ["10E", "7ED", "8ED", "9ED", "PD2", "TMP"], "purchaseUrls": {"cardKingdomFoil": "https://mtgjson.com/links/3ed06515c9eef4d3", "tcgplayer": "https://mtgjson.com/links/b9c59f4bf0cb5fe1"}, "rarity": "uncommon", "rulings": [], "setCode": "PD2", "subtypes": [], "supertypes": [], "text": "Sudden Impact deals damage to target player equal to the number of cards in that player's hand.", "type": "Instant", "types": ["Instant"], "uuid": "abd008a7-b5f4-58af-b929-7f236ad6c7b5"}, {"artist": "Michael Danza", "availability": ["mtgo", "paper"], "borderColor": "black", "colorIdentity": ["R"], "colors": ["R"], "convertedManaCost": 6.0, "edhrecRank": 12743, "finishes": ["foil"], "flavorText": "Embermages aren't well known for their diplomatic skills.", "foreignData": [], "frameVersion": "2003", "hasFoil": true, "hasNonFoil": false, "identifiers": {"cardKingdomFoilId": "132586", "cardsphereId": "36907", "mcmId": "244240", "mtgjsonV4Id": "7b8cde2c-04f1-53c2-be83-2b3f989bc05c", "mtgoFoilId": "39225", "mtgoId": "39224", "multiverseId": "234736", "scryfallId": "14d6bfda-c066-4cc0-b317-3d8c7c168546", "scryfallIllustrationId": "f001571b-d24f-4ac1-8a1a-8182584e19f6", "scryfallOracleId": "9dd7f27a-e862-47d7-9158-034cf4d353b8", "tcgplayerProductId": "38671"}, "isReprint": true, "isStarter": true, "language": "English", "layout": "normal", "legalities": {"commander": "Legal", "duel": "Legal", "legacy": "Legal", "pauper": "Legal", "paupercommander": "Legal", "premodern": "Legal", "vintage": "Legal"}, "manaCost": "{4}{R}{R}", "manaValue": 6.0, "name": "Fireblast", "number": "26", "originalText": "You may sacrifice two Mountains rather than pay Fireblast's mana cost.\nFireblast deals 4 damage to target creature or player.", "originalType": "Instant", "printings": ["DD2", "F01", "JVC", "PD2", "PRM", "TD0", "VIS", "VMA", "WC98"], "purchaseUrls": {"cardKingdomFoil": "https://mtgjson.com/links/34708d3014122fd2", "tcgplayer": "https://mtgjson.com/links/8f65388f58e7a10e"}, "rarity": "common", "rulings": [], "setCode": "PD2", "subtypes": [], "supertypes": [], "text": "You may sacrifice two Mountains rather than pay this spell's mana cost.\nFireblast deals 4 damage to any target.", "type": "Instant", "types": ["Instant"], "uuid": "a624c3cf-4c45-5535-90a9-d14e1a4960b5"}, {"artist": "Dave Dorman", "availability": ["mtgo", "paper"], "borderColor": "black", "colorIdentity": ["R"], "colors": ["R"], "convertedManaCost": 1.0, "edhrecRank": 3249, "finishes": ["foil"], "foreignData": [], "frameVersion": "2003", "hasFoil": true, "hasNonFoil": false, "identifiers": {"cardKingdomFoilId": "132585", "cardsphereId": "36906", "mcmId": "244239", "mtgjsonV4Id": "5e3837d7-11f9-5a1a-8f10-889ea20b3f5a", "mtgoFoilId": "39275", "mtgoId": "39274", "multiverseId": "234703", "scryfallId": "e634d8f0-c150-402e-ab69-c2cb54eebb44", "scryfallIllustrationId": "bae72844-d1ea-457b-aa1a-195193f1436d", "scryfallOracleId": "aa7714b0-2bfb-458a-8ebf-37ec2c53383e", "tcgplayerProductId": "38670"}, "isReprint": true, "isStarter": true, "language": "English", "layout": "normal", "legalities": {"commander": "Legal", "duel": "Legal", "legacy": "Legal", "modern": "Legal", "pauper": "Legal", "paupercommander": "Legal", "penny": "Legal", "premodern": "Legal", "vintage": "Legal"}, "manaCost": "{X}{R}", "manaValue": 1.0, "name": "Fireball", "number": "27", "originalText": "Fireball deals X damage divided evenly, rounded down, among any number of target creatures and/or players.\nFireball costs {1} more to cast for each target beyond the first.", "originalType": "Sorcery", "printings": ["2ED", "3ED", "4BB", "4ED", "5ED", "ARC", "ATH", "BTD", "C13", "CED", "CEI", "CLB", "DD2", "DST", "FBB", "IMA", "ITP", "JVC", "LEA", "LEB", "M10", "M11", "M12", "MB1", "ME4", "OLEP", "P05", "PARL", "PD2", "PLIST", "PMEI", "PRM", "PTC", "RQS", "SUM", "WC04"], "purchaseUrls": {"cardKingdomFoil": "https://mtgjson.com/links/82ffe69307ef03ab", "tcgplayer": "https://mtgjson.com/links/c40722d2d1bd3f16"}, "rarity": "uncommon", "rulings": [{"date": "2017-11-17", "text": "For example, if X is 5 and you choose three target creatures, Fireball has a total cost of {7}{R} (even though its mana cost is just {5}{R} and its mana value is 6). If those creatures are all still legal targets as Fireball resolves, it deals 1 damage to each of them."}, {"date": "2017-11-17", "text": "You may cast Fireball with zero targets, regardless of the value chosen for X. If you do so, it will not be a targeted spell, and no damage will actually be dealt when it resolves."}, {"date": "2017-11-17", "text": "Fireball's damage is divided as Fireball resolves, not as it's cast, because there are no choices involved. The division involves only targets that are still legal as Fireball resolves."}, {"date": "2017-11-17", "text": "You can target more than X creatures. However, if the number of legal targets at the time Fireball resolves is greater than X, none of them will be dealt any damage."}], "setCode": "PD2", "subtypes": [], "supertypes": [], "text": "This spell costs {1} more to cast for each target beyond the first.\nFireball deals X damage divided evenly, rounded down, among any number of targets.", "type": "Sorcery", "types": ["Sorcery"], "uuid": "9ee8030d-e329-5cc3-abca-6cc12624667b"}, {"artist": "John Avon", "availability": ["mtgo", "paper"], "borderColor": "black", "colorIdentity": ["R"], "colors": [], "convertedManaCost": 0.0, "edhrecRank": 6265, "finishes": ["foil"], "foreignData": [], "frameVersion": "2003", "hasFoil": true, "hasNonFoil": false, "identifiers": {"cardKingdomFoilId": "132564", "cardsphereId": "36899", "mcmId": "244220", "mtgjsonV4Id": "ed2fdc4c-e95c-5a2f-95cb-3bd84bb4e815", "mtgoFoilId": "39269", "mtgoId": "39268", "multiverseId": "234737", "scryfallId": "b444fbee-82f6-4e73-8068-fce5ec16cc45", "scryfallIllustrationId": "09d0fc5b-7daf-44d1-b634-e57a9dfe8d0e", "scryfallOracleId": "eeb9377b-72c1-4214-9a66-0f55577c17d1", "tcgplayerProductId": "38663"}, "isReprint": true, "isStarter": true, "keywords": ["Threshold"], "language": "English", "layout": "normal", "legalities": {"commander": "Legal", "duel": "Legal", "legacy": "Legal", "penny": "Legal", "premodern": "Legal", "vintage": "Legal"}, "manaValue": 0.0, "name": "Barbarian Ring", "number": "28", "originalText": "{T}: Add {R} to your mana pool. Barbarian Ring deals 1 damage to you.\nThreshold — {R}, {T}, Sacrifice Barbarian Ring: Barbarian Ring deals 2 damage to target creature or player. Activate this ability only if seven or more cards are in your graveyard.", "originalType": "Land", "printings": ["ODY", "PD2", "PLIST"], "purchaseUrls": {"cardKingdomFoil": "https://mtgjson.com/links/5aafd5b74d8ef6aa", "tcgplayer": "https://mtgjson.com/links/015818357d2a61f9"}, "rarity": "uncommon", "rulings": [], "setCode": "PD2", "subtypes": [], "supertypes": [], "text": "{T}: Add {R}. Barbarian Ring deals 1 damage to you.\nThreshold — {R}, {T}, Sacrifice Barbarian Ring: It deals 2 damage to any target. Activate only if seven or more cards are in your graveyard.", "type": "Land", "types": ["Land"], "uuid": "f8255ce1-931c-521c-891d-12795e4fd503"}, {"artist": "John Avon", "availability": ["mtgo", "paper"], "borderColor": "black", "colorIdentity": ["R"], "colors": [], "convertedManaCost": 0.0, "edhrecRank": 8358, "finishes": ["foil"], "foreignData": [], "frameVersion": "2003", "hasFoil": true, "hasNonFoil": false, "identifiers": {"cardKingdomFoilId": "132565", "cardsphereId": "36909", "mcmId": "244221", "mtgjsonV4Id": "24865f75-eec5-584c-9f1f-7d806e06e702", "mtgoFoilId": "39233", "mtgoId": "39232", "multiverseId": "234698", "scryfallId": "d7cde268-4f49-4c9c-8ba4-59fc9410190f", "scryfallIllustrationId": "f3019605-98fa-49f4-ac00-a25bbaf72f70", "scryfallOracleId": "9cc02c16-8cf9-4ac7-9475-231c27121968", "tcgplayerProductId": "38673"}, "isReprint": true, "isStarter": true, "language": "English", "layout": "normal", "legalities": {"commander": "Legal", "duel": "Legal", "legacy": "Legal", "modern": "Legal", "penny": "Legal", "premodern": "Legal", "vintage": "Legal"}, "manaValue": 0.0, "name": "Ghitu Encampment", "number": "29", "originalText": "Ghitu Encampment enters the battlefield tapped.\n{T}: Add {R} to your mana pool.\n{1}{R}: Ghitu Encampment becomes a 2/1 red Warrior creature with first strike until end of turn. It's still a land.", "originalType": "Land", "printings": ["10E", "DDN", "PD2", "ULG", "WC99"], "purchaseUrls": {"cardKingdomFoil": "https://mtgjson.com/links/b87b898b0d92933b", "tcgplayer": "https://mtgjson.com/links/8705693270cc6a2c"}, "rarity": "uncommon", "rulings": [{"date": "2008-08-01", "text": "A noncreature permanent that turns into a creature can attack, and its {T} abilities can be activated, only if its controller has continuously controlled that permanent since the beginning of their most recent turn. It doesn’t matter how long the permanent has been a creature."}, {"date": "2009-10-01", "text": "Activating the ability that turns it into a creature while it’s already a creature will override any effects that set its power and/or toughness to a specific number. However, any effect that raises or lowers power and/or toughness (such as the effect created by Giant Growth, Glorious Anthem, or a +1/+1 counter) will continue to apply."}], "setCode": "PD2", "subtypes": [], "supertypes": [], "text": "Ghitu Encampment enters the battlefield tapped.\n{T}: Add {R}.\n{1}{R}: Ghitu Encampment becomes a 2/1 red Warrior creature with first strike until end of turn. It's still a land. (It deals combat damage before creatures without first strike.)", "type": "Land", "types": ["Land"], "uuid": "007c1889-0b62-5903-bc66-555f8c1fccea"}, {"artist": "Fred Fields", "availability": ["mtgo", "paper"], "borderColor": "black", "colorIdentity": ["R"], "colors": [], "convertedManaCost": 0.0, "edhrecRank": 10258, "finishes": ["foil"], "foreignData": [], "frameVersion": "2003", "hasFoil": true, "hasNonFoil": false, "identifiers": {"cardKingdomFoilId": "132567", "cardsphereId": "36929", "mcmId": "244222", "mtgjsonV4Id": "dfe30df8-ac37-52dd-b9f9-433eb53d060c", "mtgoFoilId": "39257", "mtgoId": "39256", "multiverseId": "234715", "scryfallId": "ea882e40-08c9-4185-acf8-decd45b43924", "scryfallIllustrationId": "3025c470-7a10-4113-88e4-f6a63aae1882", "scryfallOracleId": "4a9437a6-4e61-48b6-8194-1c6ba6432250", "tcgplayerProductId": "38690"}, "isReprint": true, "isStarter": true, "language": "English", "layout": "normal", "legalities": {"commander": "Legal", "duel": "Legal", "legacy": "Legal", "modern": "Legal", "pauper": "Legal", "paupercommander": "Legal", "penny": "Legal", "vintage": "Legal"}, "manaValue": 0.0, "name": "Teetering Peaks", "number": "30", "originalText": "Teetering Peaks enters the battlefield tapped.\nWhen Teetering Peaks enters the battlefield, target creature gets +2/+0 until end of turn.\n{T}: Add {R} to your mana pool.", "originalType": "Land", "printings": ["F11", "PD2", "PRM", "ZEN"], "purchaseUrls": {"cardKingdomFoil": "https://mtgjson.com/links/0461c12a1c0a262d", "tcgplayer": "https://mtgjson.com/links/c0bf4608ad53174b"}, "rarity": "common", "rulings": [], "setCode": "PD2", "subtypes": [], "supertypes": [], "text": "Teetering Peaks enters the battlefield tapped.\nWhen Teetering Peaks enters the battlefield, target creature gets +2/+0 until end of turn.\n{T}: Add {R}.", "type": "Land", "types": ["Land"], "uuid": "9023f12e-a7a6-513c-bf58-1056e3b024af"}, {"artist": "John Avon", "availability": ["mtgo", "paper"], "borderColor": "black", "colorIdentity": ["R"], "colors": [], "convertedManaCost": 0.0, "finishes": ["foil"], "foreignData": [], "frameVersion": "2003", "hasFoil": true, "hasNonFoil": false, "identifiers": {"cardKingdomFoilId": "194109", "cardsphereId": "36920", "mcmId": "244249", "mtgjsonV4Id": "75e29430-06a6-54a1-845b-89a94b7d9eef", "mtgoFoilId": "39273", "mtgoId": "39272", "multiverseId": "234738", "scryfallId": "59ff1114-04b0-49c6-b0fe-7bdd26afa63e", "scryfallIllustrationId": "9f365577-7fae-41cd-9b00-80c9d5026753", "scryfallOracleId": "a3fb7228-e76b-4e96-a40e-20b5fed75685", "tcgplayerProductId": "77352"}, "isReprint": true, "isStarter": true, "language": "English", "layout": "normal", "legalities": {"alchemy": "Legal", "brawl": "Legal", "commander": "Legal", "duel": "Legal", "explorer": "Legal", "future": "Legal", "gladiator": "Legal", "historic": "Legal", "historicbrawl": "Legal", "legacy": "Legal", "modern": "Legal", "pauper": "Legal", "paupercommander": "Legal", "penny": "Legal", "pioneer": "Legal", "premodern": "Legal", "standard": "Legal", "vintage": "Legal"}, "manaValue": 0.0, "name": "Mountain", "number": "31", "originalText": "R", "originalType": "Basic Land — Mountain", "printings": ["10E", "2ED", "2XM", "3ED", "40K", "4BB", "4ED", "5ED", "6ED", "7ED", "8ED", "9ED", "AFR", "AKH", "AKR", "ALA", "ANA", "ANB", "ARC", "ARN", "ATH", "AVR", "BBD", "BFZ", "BRB", "BTD", "C13", "C14", "C15", "C16", "C17", "C18", "C19", "CED", "CEI", "CHK", "CLB", "CM2", "CMA", "CMD", "CMR", "CST", "DD1", "DD2", "DDE", "DDG", "DDH", "DDI", "DDJ", "DDK", "DDL", "DDN", "DDP", "DDS", "DDT", "DDU", "DKM", "DMU", "DOM", "DPA", "DTK", "E01", "ELD", "EVG", "FBB", "FRF", "G17", "GK1", "GK2", "GN2", "GNT", "GRN", "GS1", "H09", "HBG", "HOP", "HOU", "ICE", "IKO", "INV", "ISD", "ITP", "J14", "JMP", "JVC", "KHM", "KLD", "KLR", "KTK", "LEA", "LEB", "LRW", "M10", "M11", "M12", "M13", "M14", "M15", "M19", "M20", "M21", "MBS", "ME1", "ME3", "MH2", "MID", "MIR", "MMQ", "MRD", "NEO", "NPH", "ODY", "OLEP", "ONS", "ORI", "P02", "PAL00", "PAL01", "PAL03", "PAL04", "PAL05", "PAL06", "PAL99", "PALP", "PANA", "PARL", "PC2", "PCA", "PD2", "PELP", "PF19", "PF20", "PGPX", "PGRU", "PHED", "PLIST", "PMPS", "PMPS06", "PMPS07", "PMPS08", "PMPS09", "PMPS10", "PMPS11", "POR", "PPP1", "PRM", "PRW2", "PRWK", "PS11", "PSAL", "PSS2", "PSS3", "PTC", "PTK", "PZ2", "RAV", "RIX", "RNA", "ROE", "RQS", "RTR", "S99", "SHM", "SLD", "SNC", "SOI", "SOM", "STX", "SUM", "TD0", "THB", "THS", "TMP", "TPR", "TSP", "UGL", "UND", "UNF", "UNH", "USG", "UST", "VOW", "WAR", "WC00", "WC01", "WC02", "WC03", "WC97", "WC98", "WC99", "XANA", "XLN", "ZEN", "ZNR"], "purchaseUrls": {"cardKingdomFoil": "https://mtgjson.com/links/9fee03243f17446f", "tcgplayer": "https://mtgjson.com/links/d68363243ad7e118"}, "rarity": "common", "rulings": [], "setCode": "PD2", "subtypes": ["Mountain"], "supertypes": ["Basic"], "text": "({T}: Add {R}.)", "type": "Basic Land — Mountain", "types": ["Land"], "uuid": "f0ceb652-bb5d-527a-8e77-b5bc5a66d5e5", "variations": ["a1d44d61-4339-53c7-b26d-fa60ab9d3463", "e6f8f088-d899-5716-acb0-41ba5fe587f7", "2e2cdb06-6839-51dc-a115-f411381db9e5"]}, {"artist": "Aleksi Briclot", "availability": ["mtgo", "paper"], "borderColor": "black", "colorIdentity": ["R"], "colors": [], "convertedManaCost": 0.0, "finishes": ["foil"], "foreignData": [], "frameVersion": "2003", "hasFoil": true, "hasNonFoil": false, "identifiers": {"cardKingdomFoilId": "194110", "cardsphereId": "36921", "mcmId": "244681", "mtgjsonV4Id": "ffaaddaf-c12b-56d3-bda6-5d384d385163", "mtgoFoilId": "39245", "mtgoId": "39244", "multiverseId": "234739", "scryfallId": "096df7a1-823d-46d9-8271-aa26449abe75", "scryfallIllustrationId": "8cf86c70-c18a-4b99-af34-e5b429f7c92f", "scryfallOracleId": "a3fb7228-e76b-4e96-a40e-20b5fed75685", "tcgplayerProductId": "38684"}, "isReprint": true, "isStarter": true, "language": "English", "layout": "normal", "legalities": {"alchemy": "Legal", "brawl": "Legal", "commander": "Legal", "duel": "Legal", "explorer": "Legal", "future": "Legal", "gladiator": "Legal", "historic": "Legal", "historicbrawl": "Legal", "legacy": "Legal", "modern": "Legal", "pauper": "Legal", "paupercommander": "Legal", "penny": "Legal", "pioneer": "Legal", "premodern": "Legal", "standard": "Legal", "vintage": "Legal"}, "manaValue": 0.0, "name": "Mountain", "number": "32", "originalText": "R", "originalType": "Basic Land — Mountain", "printings": ["10E", "2ED", "2XM", "3ED", "40K", "4BB", "4ED", "5ED", "6ED", "7ED", "8ED", "9ED", "AFR", "AKH", "AKR", "ALA", "ANA", "ANB", "ARC", "ARN", "ATH", "AVR", "BBD", "BFZ", "BRB", "BTD", "C13", "C14", "C15", "C16", "C17", "C18", "C19", "CED", "CEI", "CHK", "CLB", "CM2", "CMA", "CMD", "CMR", "CST", "DD1", "DD2", "DDE", "DDG", "DDH", "DDI", "DDJ", "DDK", "DDL", "DDN", "DDP", "DDS", "DDT", "DDU", "DKM", "DMU", "DOM", "DPA", "DTK", "E01", "ELD", "EVG", "FBB", "FRF", "G17", "GK1", "GK2", "GN2", "GNT", "GRN", "GS1", "H09", "HBG", "HOP", "HOU", "ICE", "IKO", "INV", "ISD", "ITP", "J14", "JMP", "JVC", "KHM", "KLD", "KLR", "KTK", "LEA", "LEB", "LRW", "M10", "M11", "M12", "M13", "M14", "M15", "M19", "M20", "M21", "MBS", "ME1", "ME3", "MH2", "MID", "MIR", "MMQ", "MRD", "NEO", "NPH", "ODY", "OLEP", "ONS", "ORI", "P02", "PAL00", "PAL01", "PAL03", "PAL04", "PAL05", "PAL06", "PAL99", "PALP", "PANA", "PARL", "PC2", "PCA", "PD2", "PELP", "PF19", "PF20", "PGPX", "PGRU", "PHED", "PLIST", "PMPS", "PMPS06", "PMPS07", "PMPS08", "PMPS09", "PMPS10", "PMPS11", "POR", "PPP1", "PRM", "PRW2", "PRWK", "PS11", "PSAL", "PSS2", "PSS3", "PTC", "PTK", "PZ2", "RAV", "RIX", "RNA", "ROE", "RQS", "RTR", "S99", "SHM", "SLD", "SNC", "SOI", "SOM", "STX", "SUM", "TD0", "THB", "THS", "TMP", "TPR", "TSP", "UGL", "UND", "UNF", "UNH", "USG", "UST", "VOW", "WAR", "WC00", "WC01", "WC02", "WC03", "WC97", "WC98", "WC99", "XANA", "XLN", "ZEN", "ZNR"], "purchaseUrls": {"cardKingdomFoil": "https://mtgjson.com/links/58a28dc882f0a146", "tcgplayer": "https://mtgjson.com/links/ec37384f2e3606ea"}, "rarity": "common", "rulings": [], "setCode": "PD2", "subtypes": ["Mountain"], "supertypes": ["Basic"], "text": "({T}: Add {R}.)", "type": "Basic Land — Mountain", "types": ["Land"], "uuid": "a1d44d61-4339-53c7-b26d-fa60ab9d3463", "variations": ["f0ceb652-bb5d-527a-8e77-b5bc5a66d5e5", "e6f8f088-d899-5716-acb0-41ba5fe587f7", "2e2cdb06-6839-51dc-a115-f411381db9e5"]}, {"artist": "Aleksi Briclot", "availability": ["mtgo", "paper"], "borderColor": "black", "colorIdentity": ["R"], "colors": [], "convertedManaCost": 0.0, "finishes": ["foil"], "foreignData": [], "frameVersion": "2003", "hasFoil": true, "hasNonFoil": false, "identifiers": {"cardKingdomFoilId": "194111", "cardsphereId": "36922", "mcmId": "244682", "mtgjsonV4Id": "4d8db69f-c40e-54e2-b35a-1ac9a742ded3", "mtgoFoilId": "39247", "mtgoId": "39246", "multiverseId": "234740", "scryfallId": "0b5dc20a-749f-4ee8-9d7b-ea62e6b4dfcc", "scryfallIllustrationId": "6c46950a-0671-4fa9-ae8b-2a60eb53b338", "scryfallOracleId": "a3fb7228-e76b-4e96-a40e-20b5fed75685", "tcgplayerProductId": "77353"}, "isReprint": true, "isStarter": true, "language": "English", "layout": "normal", "legalities": {"alchemy": "Legal", "brawl": "Legal", "commander": "Legal", "duel": "Legal", "explorer": "Legal", "future": "Legal", "gladiator": "Legal", "historic": "Legal", "historicbrawl": "Legal", "legacy": "Legal", "modern": "Legal", "pauper": "Legal", "paupercommander": "Legal", "penny": "Legal", "pioneer": "Legal", "premodern": "Legal", "standard": "Legal", "vintage": "Legal"}, "manaValue": 0.0, "name": "Mountain", "number": "33", "originalText": "R", "originalType": "Basic Land — Mountain", "printings": ["10E", "2ED", "2XM", "3ED", "40K", "4BB", "4ED", "5ED", "6ED", "7ED", "8ED", "9ED", "AFR", "AKH", "AKR", "ALA", "ANA", "ANB", "ARC", "ARN", "ATH", "AVR", "BBD", "BFZ", "BRB", "BTD", "C13", "C14", "C15", "C16", "C17", "C18", "C19", "CED", "CEI", "CHK", "CLB", "CM2", "CMA", "CMD", "CMR", "CST", "DD1", "DD2", "DDE", "DDG", "DDH", "DDI", "DDJ", "DDK", "DDL", "DDN", "DDP", "DDS", "DDT", "DDU", "DKM", "DMU", "DOM", "DPA", "DTK", "E01", "ELD", "EVG", "FBB", "FRF", "G17", "GK1", "GK2", "GN2", "GNT", "GRN", "GS1", "H09", "HBG", "HOP", "HOU", "ICE", "IKO", "INV", "ISD", "ITP", "J14", "JMP", "JVC", "KHM", "KLD", "KLR", "KTK", "LEA", "LEB", "LRW", "M10", "M11", "M12", "M13", "M14", "M15", "M19", "M20", "M21", "MBS", "ME1", "ME3", "MH2", "MID", "MIR", "MMQ", "MRD", "NEO", "NPH", "ODY", "OLEP", "ONS", "ORI", "P02", "PAL00", "PAL01", "PAL03", "PAL04", "PAL05", "PAL06", "PAL99", "PALP", "PANA", "PARL", "PC2", "PCA", "PD2", "PELP", "PF19", "PF20", "PGPX", "PGRU", "PHED", "PLIST", "PMPS", "PMPS06", "PMPS07", "PMPS08", "PMPS09", "PMPS10", "PMPS11", "POR", "PPP1", "PRM", "PRW2", "PRWK", "PS11", "PSAL", "PSS2", "PSS3", "PTC", "PTK", "PZ2", "RAV", "RIX", "RNA", "ROE", "RQS", "RTR", "S99", "SHM", "SLD", "SNC", "SOI", "SOM", "STX", "SUM", "TD0", "THB", "THS", "TMP", "TPR", "TSP", "UGL", "UND", "UNF", "UNH", "USG", "UST", "VOW", "WAR", "WC00", "WC01", "WC02", "WC03", "WC97", "WC98", "WC99", "XANA", "XLN", "ZEN", "ZNR"], "purchaseUrls": {"cardKingdomFoil": "https://mtgjson.com/links/a9a678b66424ac98", "tcgplayer": "https://mtgjson.com/links/91b66fb410355455"}, "rarity": "common", "rulings": [], "setCode": "PD2", "subtypes": ["Mountain"], "supertypes": ["Basic"], "text": "({T}: Add {R}.)", "type": "Basic Land — Mountain", "types": ["Land"], "uuid": "e6f8f088-d899-5716-acb0-41ba5fe587f7", "variations": ["f0ceb652-bb5d-527a-8e77-b5bc5a66d5e5", "a1d44d61-4339-53c7-b26d-fa60ab9d3463", "2e2cdb06-6839-51dc-a115-f411381db9e5"]}, {"artist": "Richard Wright", "availability": ["mtgo", "paper"], "borderColor": "black", "colorIdentity": ["R"], "colors": [], "convertedManaCost": 0.0, "finishes": ["foil"], "foreignData": [], "frameVersion": "2003", "hasFoil": true, "hasNonFoil": false, "identifiers": {"cardKingdomFoilId": "194112", "cardsphereId": "36923", "mcmId": "244683", "mtgjsonV4Id": "fd89a0c1-a9fd-522e-96d9-9da6ec73f62b", "mtgoFoilId": "39284", "mtgoId": "39283", "multiverseId": "234741", "scryfallId": "35248287-ffbc-490d-b7f0-e2d3691e56be", "scryfallIllustrationId": "164a6458-3626-423f-a0b2-5c7659873159", "scryfallOracleId": "a3fb7228-e76b-4e96-a40e-20b5fed75685", "tcgplayerProductId": "77354"}, "isReprint": true, "isStarter": true, "language": "English", "layout": "normal", "legalities": {"alchemy": "Legal", "brawl": "Legal", "commander": "Legal", "duel": "Legal", "explorer": "Legal", "future": "Legal", "gladiator": "Legal", "historic": "Legal", "historicbrawl": "Legal", "legacy": "Legal", "modern": "Legal", "pauper": "Legal", "paupercommander": "Legal", "penny": "Legal", "pioneer": "Legal", "premodern": "Legal", "standard": "Legal", "vintage": "Legal"}, "manaValue": 0.0, "name": "Mountain", "number": "34", "originalText": "R", "originalType": "Basic Land — Mountain", "printings": ["10E", "2ED", "2XM", "3ED", "40K", "4BB", "4ED", "5ED", "6ED", "7ED", "8ED", "9ED", "AFR", "AKH", "AKR", "ALA", "ANA", "ANB", "ARC", "ARN", "ATH", "AVR", "BBD", "BFZ", "BRB", "BTD", "C13", "C14", "C15", "C16", "C17", "C18", "C19", "CED", "CEI", "CHK", "CLB", "CM2", "CMA", "CMD", "CMR", "CST", "DD1", "DD2", "DDE", "DDG", "DDH", "DDI", "DDJ", "DDK", "DDL", "DDN", "DDP", "DDS", "DDT", "DDU", "DKM", "DMU", "DOM", "DPA", "DTK", "E01", "ELD", "EVG", "FBB", "FRF", "G17", "GK1", "GK2", "GN2", "GNT", "GRN", "GS1", "H09", "HBG", "HOP", "HOU", "ICE", "IKO", "INV", "ISD", "ITP", "J14", "JMP", "JVC", "KHM", "KLD", "KLR", "KTK", "LEA", "LEB", "LRW", "M10", "M11", "M12", "M13", "M14", "M15", "M19", "M20", "M21", "MBS", "ME1", "ME3", "MH2", "MID", "MIR", "MMQ", "MRD", "NEO", "NPH", "ODY", "OLEP", "ONS", "ORI", "P02", "PAL00", "PAL01", "PAL03", "PAL04", "PAL05", "PAL06", "PAL99", "PALP", "PANA", "PARL", "PC2", "PCA", "PD2", "PELP", "PF19", "PF20", "PGPX", "PGRU", "PHED", "PLIST", "PMPS", "PMPS06", "PMPS07", "PMPS08", "PMPS09", "PMPS10", "PMPS11", "POR", "PPP1", "PRM", "PRW2", "PRWK", "PS11", "PSAL", "PSS2", "PSS3", "PTC", "PTK", "PZ2", "RAV", "RIX", "RNA", "ROE", "RQS", "RTR", "S99", "SHM", "SLD", "SNC", "SOI", "SOM", "STX", "SUM", "TD0", "THB", "THS", "TMP", "TPR", "TSP", "UGL", "UND", "UNF", "UNH", "USG", "UST", "VOW", "WAR", "WC00", "WC01", "WC02", "WC03", "WC97", "WC98", "WC99", "XANA", "XLN", "ZEN", "ZNR"], "purchaseUrls": {"cardKingdomFoil": "https://mtgjson.com/links/481d25cf0949caaa", "tcgplayer": "https://mtgjson.com/links/e398268035fe5db2"}, "rarity": "common", "rulings": [], "setCode": "PD2", "subtypes": ["Mountain"], "supertypes": ["Basic"], "text": "({T}: Add {R}.)", "type": "Basic Land — Mountain", "types": ["Land"], "uuid": "2e2cdb06-6839-51dc-a115-f411381db9e5", "variations": ["f0ceb652-bb5d-527a-8e77-b5bc5a66d5e5", "a1d44d61-4339-53c7-b26d-fa60ab9d3463", "e6f8f088-d899-5716-acb0-41ba5fe587f7"]}], "cardsphereSetId": 903, "code": "PD2", "isFoilOnly": true, "isOnlineOnly": false, "keyruneCode": "PD2", "mtgoCode": "PD2", "name": "Premium Deck Series: Fire and Lightning", "releaseDate": "2010-11-19", "sealedProduct": [{"identifiers": {"tcgplayerProductId": "78736"}, "name": "Fire and Lightning Deck", "purchaseUrls": {"tcgplayer": "https://mtgjson.com/links/f65b8be9431d9c8c"}, "releaseDate": null, "uuid": "85f9676b-6fb8-5280-b7af-1ef4271cec4e"}], "tcgplayerGroupId": 89, "tokens": [], "totalSetSize": 34, "translations": {}, "type": "premium_deck"}}