{"meta": {"date": "2022-09-29", "version": "5.2.0+20220929"}, "data": {"baseSetSize": 6, "block": "Return to Ravnica", "cards": [{"artist": "Johann Bodin", "availability": ["paper"], "borderColor": "black", "colorIdentity": ["R", "U"], "colors": ["R", "U"], "convertedManaCost": 6.0, "edhrecRank": 2962, "finishes": ["foil"], "foreignData": [], "frameVersion": "2003", "hasFoil": true, "hasNonFoil": false, "identifiers": {"cardKingdomFoilId": "190607", "cardsphereId": "18936", "mcmId": "261922", "mtgjsonV4Id": "738b2cf6-8c93-5aa7-8dc0-fa6b91d07cdc", "scryfallId": "19b4dc6c-940e-478c-b87f-b3939a30efbd", "scryfallIllustrationId": "a6bfa0fe-e4e5-4354-9d4a-c1562e8d988c", "scryfallOracleId": "095d9719-0db6-43de-8e4f-a0035a4c65ed", "tcgplayerProductId": "68027"}, "isFullArt": true, "isPromo": true, "isReprint": true, "isStarter": true, "language": "English", "layout": "normal", "leadershipSkills": {"brawl": false, "commander": true, "oathbreaker": false}, "legalities": {"commander": "Legal", "duel": "Legal", "legacy": "Legal", "modern": "Legal", "penny": "Legal", "pioneer": "Legal", "vintage": "Legal"}, "manaCost": "{4}{U}{R}", "manaValue": 6.0, "name": "Melek, Izzet Paragon", "number": "84", "power": "2", "printings": ["C15", "C20", "DGM", "PDGM", "PRM"], "promoTypes": ["setpromo", "gameday"], "purchaseUrls": {"cardKingdomFoil": "https://mtgjson.com/links/2e4f74c05e60c4f8", "tcgplayer": "https://mtgjson.com/links/0a7e0ef258f6d728"}, "rarity": "rare", "rulings": [{"date": "2013-04-15", "text": "Melek doesn’t affect the timing rules associated with when you can cast the card. If it’s a sorcery card, you can cast it only during your main phase when the stack is empty."}, {"date": "2013-04-15", "text": "You still pay all costs for that spell, including additional costs. You may also pay alternative costs, such as overload costs. Although you can’t pay additional costs for the copy that’s created, effects based on any additional costs that were paid for the original spell are copied as though those same costs were paid for the copy too. For example, if a player sacrifices a 3/3 creature to cast Fling, and you copy it, the copy of Fling will also deal 3 damage to its target."}, {"date": "2013-04-15", "text": "Melek’s last ability will copy any instant or sorcery spell you cast from your library, not just one with targets."}, {"date": "2013-04-15", "text": "When the last ability resolves, it creates a copy of the spell. You control the copy. That copy is created on the stack, so it’s not “cast.” Abilities that trigger when a player casts a spell won’t trigger. The copy will then resolve like a normal spell, after players get a chance to cast spells and activate abilities."}, {"date": "2013-04-15", "text": "The copy will have the same targets as the spell it’s copying unless you choose new ones. You may change any number of the targets, including all of them or none of them. If, for one of the targets, you can’t choose a new legal target, then it remains unchanged (even if the current target is illegal)."}, {"date": "2013-04-15", "text": "If the spell being copied is modal (that is, it says “Choose one —” or the like), the copy will have the same mode. You can’t choose a different one."}, {"date": "2013-04-15", "text": "If the spell being copied has an X whose value was determined as it was cast (like Debt to the Deathless has), the copy has the same value of X."}, {"date": "2013-04-15", "text": "Instant and sorcery cards with miracle allow a player to cast a card immediately upon drawing it. If you cast a spell this way, you’re casting it from your hand, not your library. Melek’s ability won’t trigger."}, {"date": "2013-04-15", "text": "The top card of your library isn’t in your hand, so you can’t suspend it, cycle it, discard it, or activate any of its activated abilities."}, {"date": "2013-04-15", "text": "If the top card of your library changes while you’re casting a spell, playing a land, or activating an ability, the new top card won’t be revealed until you finish doing so."}, {"date": "2013-04-15", "text": "When playing with the top card of your library revealed, if an effect tells you to draw several cards, reveal each one before you draw it."}], "setCode": "PDGM", "subtypes": ["Weird", "Wizard"], "supertypes": ["Legendary"], "text": "Play with the top card of your library revealed.\nYou may cast instant and sorcery spells from the top of your library.\nWhenever you cast an instant or sorcery spell from your library, copy it. You may choose new targets for the copy.", "toughness": "4", "type": "Legendary Creature — Weird Wizard", "types": ["Creature"], "uuid": "02f45005-8f0f-5176-9efe-66b4a23c3a2e"}, {"artist": "Kev Walker", "availability": ["paper"], "borderColor": "black", "colorIdentity": ["U", "W"], "colors": ["U", "W"], "convertedManaCost": 3.0, "edhrecRank": 1806, "finishes": ["foil"], "flavorText": "\"We have confiscated your spells as evidence. Once we conclude our investigation, you may petition to have them returned.\"", "foreignData": [], "frameVersion": "2003", "hasFoil": true, "hasNonFoil": false, "identifiers": {"cardKingdomFoilId": "190605", "cardsphereId": "7743", "mcmId": "261720", "mtgjsonV4Id": "de2afd01-0d71-5f8d-aa09-8d11c372a197", "scryfallId": "4514a13f-5eee-49a8-876c-6b4befff4592", "scryfallIllustrationId": "b4c869cd-a6a6-4922-aa8f-f8c7542b5e1b", "scryfallOracleId": "3966bd03-a98e-43b6-a0c0-10d4d81c173c", "tcgplayerProductId": "68025"}, "isPromo": true, "isReprint": true, "isStarter": true, "language": "English", "layout": "normal", "legalities": {"commander": "Legal", "duel": "Legal", "legacy": "Legal", "modern": "Legal", "penny": "Legal", "pioneer": "Legal", "vintage": "Legal"}, "manaCost": "{W}{U}{U}", "manaValue": 3.0, "name": "Render Silent", "number": "96★", "printings": ["DGM", "GK2", "PDGM", "PRM"], "promoTypes": ["setpromo", "buyabox"], "purchaseUrls": {"cardKingdomFoil": "https://mtgjson.com/links/e6a1ededd1aadf7c", "tcgplayer": "https://mtgjson.com/links/36b1ce9405710184"}, "rarity": "rare", "rulings": [{"date": "2013-04-15", "text": "You must be able to target a spell to cast Render Silent."}, {"date": "2013-04-15", "text": "Render Silent doesn’t stop any player from casting spells in response to Render Silent before it resolves."}, {"date": "2013-04-15", "text": "The affected player can still activate abilities, including abilities of cards in their hand (such as bloodrush abilities), and the player can still play lands."}, {"date": "2013-04-15", "text": "If the spell is an illegal target when Render Silent tries to resolve (because it’s been countered by another spell, for example), Render Silent won’t resolve and none of its effects will happen."}, {"date": "2013-04-15", "text": "A spell that “can’t be countered” is a legal target for Render Silent. The spell won’t be countered when Render Silent resolves, but that spell’s controller won’t be able to cast spells for the rest of the turn."}], "setCode": "PDGM", "subtypes": [], "supertypes": [], "text": "Counter target spell. Its controller can't cast spells this turn.", "type": "Instant", "types": ["Instant"], "uuid": "4a15d9c9-3d50-5078-bab3-9522798d0bae", "watermark": "azorius"}, {"artist": "Nils Hamm", "availability": ["paper"], "borderColor": "black", "colorIdentity": ["G", "W"], "colors": ["G", "W"], "convertedManaCost": 7.0, "edhrecRank": 8356, "finishes": ["nonfoil"], "foreignData": [], "frameVersion": "2003", "hasFoil": false, "hasNonFoil": true, "identifiers": {"cardKingdomId": "190606", "cardsphereId": "18960", "mcmId": "261921", "mtgjsonV4Id": "5379ce4e-fa13-547b-af47-19dfcee81442", "scryfallId": "2a50a999-8b16-4f0f-ba30-61e7d1114f1a", "scryfallIllustrationId": "b3af1fa0-4ac1-42a9-8e19-e79be71605ad", "scryfallOracleId": "874e0b54-bc24-4887-abe1-1ecfd3a3abae", "tcgplayerProductId": "68026"}, "isFullArt": true, "isPromo": true, "isReprint": true, "isStarter": true, "language": "English", "layout": "normal", "legalities": {"commander": "Legal", "duel": "Legal", "legacy": "Legal", "modern": "Legal", "paupercommander": "Restricted", "penny": "Legal", "pioneer": "Legal", "vintage": "Legal"}, "manaCost": "{5}{G}{W}", "manaValue": 7.0, "name": "Trostani's Summoner", "number": "110", "power": "1", "printings": ["DGM", "MIC", "PDGM", "PRM"], "promoTypes": ["setpromo", "gameday"], "purchaseUrls": {"cardKingdom": "https://mtgjson.com/links/f337e05da43a0e00", "tcgplayer": "https://mtgjson.com/links/5fe840700b909ba5"}, "rarity": "uncommon", "rulings": [], "setCode": "PDGM", "subtypes": ["Elf", "Shaman"], "supertypes": [], "text": "When Trostani's Summoner enters the battlefield, create a 2/2 white Knight creature token with vigilance, a 3/3 green Centaur creature token, and a 4/4 green Rhino creature token with trample.", "toughness": "1", "type": "Creature — Elf Shaman", "types": ["Creature"], "uuid": "23d49f22-8b56-5f29-80ae-7d02225d3d87"}, {"artist": "Igor Kieryluk", "availability": ["paper"], "borderColor": "black", "colorIdentity": ["B", "R", "U"], "colors": ["U", "B"], "convertedManaCost": 8.0, "edhrecRank": 13090, "faceConvertedManaCost": 2.0, "faceManaValue": 2.0, "faceName": "Breaking", "finishes": ["foil"], "foreignData": [], "frameVersion": "2003", "hasFoil": true, "hasNonFoil": false, "identifiers": {"cardKingdomFoilId": "190604", "cardsphereId": "23874", "mcmId": "261755", "mtgjsonV4Id": "1b0f2505-c7c9-5ae2-8370-8419f4b19174", "scryfallId": "50e30e21-0bf7-4d10-b2cc-ed0c52b95955", "scryfallIllustrationId": "ab042f44-c697-4069-bd60-d7264dc4351c", "scryfallOracleId": "043370fd-9cfe-47ce-8019-e915cee1ae95", "tcgplayerProductId": "68024"}, "isPromo": true, "isReprint": true, "isStarter": true, "keywords": ["Fuse", "Mill"], "language": "English", "layout": "split", "legalities": {"commander": "Legal", "duel": "Legal", "legacy": "Legal", "modern": "Legal", "penny": "Legal", "pioneer": "Legal", "vintage": "Legal"}, "manaCost": "{U}{B}", "manaValue": 8.0, "name": "Breaking // Entering", "number": "124★", "otherFaceIds": ["47c08bfc-3559-5de1-945a-5f4d5ef70180"], "printings": ["DGM", "PDGM", "PRM"], "promoTypes": ["setpromo", "datestamped", "release"], "purchaseUrls": {"cardKingdomFoil": "https://mtgjson.com/links/9112c7ff60853e00", "tcgplayer": "https://mtgjson.com/links/445a7b7111d3de7e"}, "rarity": "rare", "rulings": [{"date": "2013-04-15", "text": "If you’re casting a split card with fuse from any zone other than your hand, you can’t cast both halves. You’ll only be able to cast one half or the other."}, {"date": "2013-04-15", "text": "To cast a fused split spell, pay both of its mana costs. While the spell is on the stack, its mana value is the total amount of mana in both costs."}, {"date": "2013-04-15", "text": "You can choose the same object as the target of each half of a fused split spell, if appropriate."}, {"date": "2013-04-15", "text": "When resolving a fused split spell with multiple targets, treat it as you would any spell with multiple targets. If all targets are illegal when the spell tries to resolve, the spell doesn’t resolve and none of its effects happen. If at least one target is still legal at that time, the spell resolves, but an illegal target can’t perform any actions or have any actions performed on it."}, {"date": "2013-04-15", "text": "When a fused split spell resolves, follow the instructions of the left half first, then the instructions on the right half."}, {"date": "2013-04-15", "text": "On the stack, a split spell that hasn’t been fused has only that half’s characteristics and mana value. The other half is treated as though it didn’t exist."}, {"date": "2013-04-15", "text": "Some split cards with fuse have two monocolor halves of different colors. If such a card is cast as a fused split spell, the resulting spell is multicolored. If only one half is cast, the spell is the color of that half. While not on the stack, such a card is multicolored."}, {"date": "2013-04-15", "text": "Some split cards with fuse have two halves that are both multicolored. That card is multicolored no matter which half is cast, or if both halves are cast. It’s also multicolored while not on the stack."}, {"date": "2013-04-15", "text": "If a player names a card, the player may name either half of a split card, but not both. A split card has the chosen name if one of its two names matches the chosen name."}, {"date": "2013-04-15", "text": "If you cast a split card with fuse from your hand without paying its mana cost, you can choose to use its fuse ability and cast both halves without paying their mana costs."}, {"date": "2013-04-15", "text": "Entering doesn’t target any creature card. You choose which card you’re putting onto the battlefield as Entering resolves. You can choose any creature card in a graveyard at time, including one put into a graveyard because of Breaking if you cast Breaking // Entering as a fused split spell."}], "setCode": "PDGM", "side": "a", "subtypes": [], "supertypes": [], "text": "Target player mills eight cards.\nFuse (You may cast one or both halves of this card from your hand.)", "type": "Sorcery", "types": ["Sorcery"], "uuid": "8eea09c4-6e0c-5e33-8438-7a27bb8b37bd", "watermark": "dimir"}, {"artist": "Igor Kieryluk", "availability": ["paper"], "borderColor": "black", "colorIdentity": ["B", "R", "U"], "colors": ["B", "R"], "convertedManaCost": 8.0, "edhrecRank": 13090, "faceConvertedManaCost": 6.0, "faceManaValue": 6.0, "faceName": "Entering", "finishes": ["foil"], "foreignData": [], "frameVersion": "2003", "hasFoil": true, "hasNonFoil": false, "identifiers": {"cardsphereId": "23874", "mcmId": "261755", "mtgjsonV4Id": "ec4bd67f-efa1-528e-9423-020335bba0f2", "scryfallId": "50e30e21-0bf7-4d10-b2cc-ed0c52b95955", "scryfallIllustrationId": "ab042f44-c697-4069-bd60-d7264dc4351c", "scryfallOracleId": "043370fd-9cfe-47ce-8019-e915cee1ae95", "tcgplayerProductId": "68024"}, "isPromo": true, "isReprint": true, "isStarter": true, "keywords": ["Fuse"], "language": "English", "layout": "split", "legalities": {"commander": "Legal", "duel": "Legal", "legacy": "Legal", "modern": "Legal", "penny": "Legal", "pioneer": "Legal", "vintage": "Legal"}, "manaCost": "{4}{B}{R}", "manaValue": 8.0, "name": "Breaking // Entering", "number": "124★", "otherFaceIds": ["8eea09c4-6e0c-5e33-8438-7a27bb8b37bd"], "printings": ["DGM", "PDGM", "PRM"], "promoTypes": ["setpromo", "datestamped", "release"], "purchaseUrls": {"tcgplayer": "https://mtgjson.com/links/c805fcbfb3f4636c"}, "rarity": "rare", "rulings": [{"date": "2013-04-15", "text": "If you’re casting a split card with fuse from any zone other than your hand, you can’t cast both halves. You’ll only be able to cast one half or the other."}, {"date": "2013-04-15", "text": "To cast a fused split spell, pay both of its mana costs. While the spell is on the stack, its mana value is the total amount of mana in both costs."}, {"date": "2013-04-15", "text": "You can choose the same object as the target of each half of a fused split spell, if appropriate."}, {"date": "2013-04-15", "text": "When resolving a fused split spell with multiple targets, treat it as you would any spell with multiple targets. If all targets are illegal when the spell tries to resolve, the spell doesn’t resolve and none of its effects happen. If at least one target is still legal at that time, the spell resolves, but an illegal target can’t perform any actions or have any actions performed on it."}, {"date": "2013-04-15", "text": "When a fused split spell resolves, follow the instructions of the left half first, then the instructions on the right half."}, {"date": "2013-04-15", "text": "On the stack, a split spell that hasn’t been fused has only that half’s characteristics and mana value. The other half is treated as though it didn’t exist."}, {"date": "2013-04-15", "text": "Some split cards with fuse have two monocolor halves of different colors. If such a card is cast as a fused split spell, the resulting spell is multicolored. If only one half is cast, the spell is the color of that half. While not on the stack, such a card is multicolored."}, {"date": "2013-04-15", "text": "Some split cards with fuse have two halves that are both multicolored. That card is multicolored no matter which half is cast, or if both halves are cast. It’s also multicolored while not on the stack."}, {"date": "2013-04-15", "text": "If a player names a card, the player may name either half of a split card, but not both. A split card has the chosen name if one of its two names matches the chosen name."}, {"date": "2013-04-15", "text": "If you cast a split card with fuse from your hand without paying its mana cost, you can choose to use its fuse ability and cast both halves without paying their mana costs."}, {"date": "2013-04-15", "text": "Entering doesn’t target any creature card. You choose which card you’re putting onto the battlefield as Entering resolves. You can choose any creature card in a graveyard at time, including one put into a graveyard because of Breaking if you cast Breaking // Entering as a fused split spell."}], "setCode": "PDGM", "side": "b", "subtypes": [], "supertypes": [], "text": "Put a creature card from a graveyard onto the battlefield under your control. It gains haste until end of turn.\nFuse (You may cast one or both halves of this card from your hand.)", "type": "Sorcery", "types": ["Sorcery"], "uuid": "47c08bfc-3559-5de1-945a-5f4d5ef70180", "watermark": "dimir"}, {"artist": "Cliff Childs", "availability": ["paper"], "borderColor": "black", "colorIdentity": [], "colors": [], "convertedManaCost": 0.0, "edhrecRank": 2738, "finishes": ["foil"], "foreignData": [], "frameVersion": "2003", "hasFoil": true, "hasNonFoil": false, "identifiers": {"cardKingdomFoilId": "190602", "cardsphereId": "37329", "mcmId": "261212", "mtgjsonV4Id": "169fbdf4-5741-563a-b5a0-137cc4f8dfbf", "scryfallId": "6966ecf0-6dab-4652-bf5b-6e766b8347d0", "scryfallIllustrationId": "25504c63-9f15-45c8-b62f-057de7bdc075", "scryfallOracleId": "49479778-c4c0-43ba-a7b7-45f00d067462", "tcgplayerProductId": "68022"}, "isPromo": true, "isReprint": true, "isStarter": true, "language": "English", "layout": "normal", "legalities": {"commander": "Legal", "duel": "Legal", "explorer": "Legal", "gladiator": "Legal", "historic": "Legal", "historicbrawl": "Legal", "legacy": "Legal", "modern": "Legal", "penny": "Legal", "pioneer": "Legal", "vintage": "Legal"}, "manaValue": 0.0, "name": "Maze's End", "number": "152★", "printings": ["DGM", "HA3", "PDGM", "PLIST", "PRM"], "promoTypes": ["setpromo", "datestamped", "prerelease"], "purchaseUrls": {"cardKingdomFoil": "https://mtgjson.com/links/be0bcf86b0abaccd", "tcgplayer": "https://mtgjson.com/links/ef7d51cf0cc84cc5"}, "rarity": "mythic", "rulings": [{"date": "2013-04-15", "text": "Returning Maze’s End to its owner’s hand is part of the cost to activate its last ability. Once that ability is announced, players can’t respond to it until after you’ve paid its activation cost and returned Maze’s End to hand."}, {"date": "2013-04-15", "text": "When the last ability of Maze’s End resolves, you’ll search for a Gate and put it onto the battlefield before checking to see if you win the game. This check will happen even if you don’t put a Gate onto the battlefield this way. This check will happen only as the ability resolves, not at other times."}, {"date": "2013-04-15", "text": "Putting a Gate onto the battlefield with Maze’s End doesn’t count as the one land you can play during your turn. If it’s your turn, you can play Maze’s End or a different land card from your hand after its ability has resolved."}, {"date": "2013-04-15", "text": "Controlling multiple Gates with the same name has no effect on your ability to win the game with Maze’s End. The excess Gates are simply ignored."}], "setCode": "PDGM", "subtypes": [], "supertypes": [], "text": "Maze's End enters the battlefield tapped.\n{T}: Add {C}.\n{3}, {T}, Return Maze's End to its owner's hand: Search your library for a Gate card, put it onto the battlefield, then shuffle. If you control ten or more Gates with different names, you win the game.", "type": "Land", "types": ["Land"], "uuid": "bf246672-89c6-5529-acf6-64d718ecb8f2", "watermark": "set (DGM)"}, {"artist": "Eric Deschamps", "availability": ["paper"], "borderColor": "black", "colorIdentity": ["W"], "colors": [], "convertedManaCost": 0.0, "finishes": ["foil"], "foreignData": [], "frameVersion": "2003", "hasFoil": true, "hasNonFoil": false, "identifiers": {"cardKingdomFoilId": "190603", "cardsphereId": "37393", "mcmId": "261753", "mtgjsonV4Id": "394bb601-10b1-516d-bb75-aff05559f95f", "scryfallId": "f4157fbc-76eb-457c-b952-06d3a68ab098", "scryfallIllustrationId": "0965367a-6e1a-47a3-9feb-95132ed8045f", "scryfallOracleId": "bc71ebf6-2056-41f7-be35-b2e5c34afa99", "tcgplayerProductId": "68023"}, "isPromo": true, "isReprint": true, "isStarter": true, "language": "English", "layout": "normal", "legalities": {"alchemy": "Legal", "brawl": "Legal", "commander": "Legal", "duel": "Legal", "explorer": "Legal", "future": "Legal", "gladiator": "Legal", "historic": "Legal", "historicbrawl": "Legal", "legacy": "Legal", "modern": "Legal", "pauper": "Legal", "paupercommander": "Legal", "penny": "Legal", "pioneer": "Legal", "premodern": "Legal", "standard": "Legal", "vintage": "Legal"}, "manaValue": 0.0, "name": "Plains", "number": "157★", "printings": ["10E", "2ED", "2XM", "3ED", "40K", "4BB", "4ED", "5ED", "6ED", "7ED", "8ED", "9ED", "AFR", "AKH", "AKR", "ALA", "ANA", "ANB", "ARC", "ATH", "AVR", "BBD", "BFZ", "BRB", "C13", "C14", "C15", "C16", "C17", "C18", "C19", "CED", "CEI", "CHK", "CLB", "CM2", "CMA", "CMD", "CMR", "CST", "DDC", "DDE", "DDF", "DDG", "DDH", "DDI", "DDK", "DDL", "DDN", "DDO", "DDP", "DDQ", "DMU", "DOM", "DTK", "DVD", "E01", "ELD", "FBB", "FRF", "G17", "GK1", "GK2", "GN2", "GNT", "GRN", "GS1", "H09", "HBG", "HOP", "HOU", "ICE", "IKO", "INV", "ISD", "ITP", "J14", "JMP", "KHM", "KLD", "KLR", "KTK", "LEA", "LEB", "LRW", "M10", "M11", "M12", "M13", "M14", "M15", "M19", "M20", "M21", "MBS", "MD1", "ME1", "ME3", "MH2", "MID", "MIR", "MMQ", "MRD", "NEO", "NPH", "ODY", "OLEP", "ONS", "ORI", "P02", "PAL00", "PAL01", "PAL03", "PAL04", "PAL05", "PAL06", "PAL99", "PALP", "PANA", "PARL", "PC2", "PCA", "PDGM", "PELP", "PF19", "PF20", "PGPX", "PGRU", "PLIST", "PMPS", "PMPS06", "PMPS07", "PMPS08", "PMPS09", "PMPS10", "PMPS11", "POR", "PPP1", "PRM", "PRW2", "PRWK", "PS11", "PSAL", "PSS2", "PSS3", "PTC", "PTK", "PZ2", "RAV", "RIX", "RNA", "ROE", "RQS", "RTR", "S99", "SHM", "SLD", "SNC", "SOI", "SOM", "STX", "SUM", "TD0", "TD2", "THB", "THS", "TMP", "TPR", "TSP", "UGL", "UND", "UNF", "UNH", "USG", "UST", "VOW", "WAR", "WC00", "WC02", "WC03", "WC04", "WC97", "WC98", "XANA", "XLN", "ZEN", "ZNR"], "promoTypes": ["setpromo", "datestamped", "prerelease"], "purchaseUrls": {"cardKingdomFoil": "https://mtgjson.com/links/ffc51fc01ad00195", "tcgplayer": "https://mtgjson.com/links/e3d6cb3b949e698d"}, "rarity": "common", "rulings": [], "setCode": "PDGM", "subtypes": ["Plains"], "supertypes": ["Basic"], "text": "({T}: Add {W}.)", "type": "Basic Land — Plains", "types": ["Land"], "uuid": "e6e2f3b6-d6bf-52be-ac09-a4eec48f91dd"}], "code": "PDGM", "isFoilOnly": false, "isOnlineOnly": false, "keyruneCode": "DGM", "name": "Dragon's Maze Promos", "parentCode": "DGM", "releaseDate": "2013-04-27", "tokens": [], "totalSetSize": 7, "translations": {}, "type": "promo"}}