{"meta": {"date": "2022-09-29", "version": "5.2.0+20220929"}, "data": {"baseSetSize": 3, "cards": [{"artist": "Mike Sass", "availability": ["paper"], "borderColor": "black", "colorIdentity": ["U"], "colors": ["U"], "convertedManaCost": 6.0, "edhrecRank": 5109, "finishes": ["foil"], "foreignData": [], "frameVersion": "2003", "hasFoil": true, "hasNonFoil": false, "identifiers": {"cardKingdomFoilId": "185236", "cardsphereId": "15853", "mcmId": "247432", "mtgjsonV4Id": "a05512ec-ecc8-5c9e-bc77-a1cfc6071d1a", "scryfallId": "0640c256-ef99-476a-95e1-31368472647e", "scryfallIllustrationId": "b3bd366f-c610-4b06-976d-a578f81ee76d", "scryfallOracleId": "4c5a2443-a038-44d3-83a4-5e9a6db7b1a7", "tcgplayerProductId": "72348"}, "isPromo": true, "isReprint": true, "isStarter": true, "language": "English", "layout": "normal", "legalities": {"commander": "Legal", "duel": "Legal", "legacy": "Legal", "modern": "Legal", "penny": "Legal", "vintage": "Legal"}, "manaCost": "{4}{U}{U}", "manaValue": 6.0, "name": "Frost Titan", "number": "1", "power": "6", "printings": ["C14", "M11", "M12", "PDP12", "PLIST", "SLD"], "promoTypes": ["duels"], "purchaseUrls": {"cardKingdomFoil": "https://mtgjson.com/links/af48f518946b8e48", "tcgplayer": "https://mtgjson.com/links/cc131f94ec788697"}, "rarity": "mythic", "rulings": [{"date": "2010-08-15", "text": "Frost Titan’s first ability affects each spell (including Aura spells), activated ability, and triggered ability that’s controlled by an opponent and that Frost Titan becomes a target of."}, {"date": "2010-08-15", "text": "You may target any permanent with Frost Titan’s second ability. It’s okay if that permanent is already tapped."}, {"date": "2010-08-15", "text": "If the permanent affected by Frost Titan’s second ability is untapped at the time that permanent’s controller’s next untap step begins, the last part of Frost Titan’s second ability has no effect."}, {"date": "2010-08-15", "text": "If the permanent affected by Frost Titan’s second ability changes controllers before its old controller’s next untap step, Frost Titan’s second ability will prevent it from being untapped during its new controller’s next untap step."}], "setCode": "PDP12", "subtypes": ["Giant"], "supertypes": [], "text": "Whenever Frost Titan becomes the target of a spell or ability an opponent controls, counter that spell or ability unless its controller pays {2}.\nWhenever Frost Titan enters the battlefield or attacks, tap target permanent. It doesn't untap during its controller's next untap step.", "toughness": "6", "type": "Creature — Giant", "types": ["Creature"], "uuid": "beab403e-826c-579b-b2b0-47999f0840eb"}, {"artist": "Lucas Graciano", "availability": ["paper"], "borderColor": "black", "colorIdentity": ["B"], "colors": ["B"], "convertedManaCost": 6.0, "edhrecRank": 809, "finishes": ["foil"], "flavorText": "Death in form and function.", "foreignData": [], "frameVersion": "2003", "hasFoil": true, "hasNonFoil": false, "identifiers": {"cardKingdomFoilId": "185237", "cardsphereId": "15855", "mcmId": "247434", "mtgjsonV4Id": "56d5ac98-d0e4-5366-91ed-ccfbefd50f28", "scryfallId": "c6a86111-3556-43a0-b034-2bc9bd8c3230", "scryfallIllustrationId": "345c0a20-cb30-420b-91bd-240ff6cac858", "scryfallOracleId": "f3abd4d1-a975-4e85-8684-aa0fce029670", "tcgplayerProductId": "72347"}, "isPromo": true, "isReprint": true, "isStarter": true, "keywords": ["Deathtouch"], "language": "English", "layout": "normal", "legalities": {"commander": "Legal", "duel": "Legal", "legacy": "Legal", "modern": "Legal", "vintage": "Legal"}, "manaCost": "{4}{B}{B}", "manaValue": 6.0, "name": "Grave Titan", "number": "2", "power": "6", "printings": ["C14", "M11", "M12", "MB1", "PDP12", "PRM", "SLD"], "promoTypes": ["duels"], "purchaseUrls": {"cardKingdomFoil": "https://mtgjson.com/links/4d4b70180d55512f", "tcgplayer": "https://mtgjson.com/links/396591fa846c8dfd"}, "rarity": "mythic", "rulings": [], "setCode": "PDP12", "subtypes": ["Giant"], "supertypes": [], "text": "Deathtouch\nWhenever Grave Titan enters the battlefield or attacks, create two 2/2 black Zombie creature tokens.", "toughness": "6", "type": "Creature — Giant", "types": ["Creature"], "uuid": "98cb893d-dc46-5c12-80b1-6cfad88ba61d"}, {"artist": "Sam Burley", "availability": ["paper"], "borderColor": "black", "colorIdentity": ["R"], "colors": ["R"], "convertedManaCost": 6.0, "edhrecRank": 1268, "finishes": ["foil"], "foreignData": [], "frameVersion": "2003", "hasFoil": true, "hasNonFoil": false, "identifiers": {"cardKingdomFoilId": "186225", "cardsphereId": "15856", "mcmId": "247433", "mtgjsonV4Id": "bfff5f0b-fa6e-5874-a0c6-2068a889211b", "scryfallId": "17ac2bff-f570-4955-a8d4-7e12d616dd8b", "scryfallIllustrationId": "d2bedade-ce3e-4608-ad29-c626588186cd", "scryfallOracleId": "0ce47c8b-1e1f-463f-94f0-35ca00be89e6", "tcgplayerProductId": "72349"}, "isPromo": true, "isReprint": true, "isStarter": true, "language": "English", "layout": "normal", "legalities": {"commander": "Legal", "duel": "Legal", "legacy": "Legal", "modern": "Legal", "vintage": "Legal"}, "manaCost": "{4}{R}{R}", "manaValue": 6.0, "name": "Inferno Titan", "number": "3", "power": "6", "printings": ["C13", "C15", "CM2", "E01", "M11", "M12", "NCC", "PDP12", "PRM", "SLD"], "promoTypes": ["duels"], "purchaseUrls": {"cardKingdomFoil": "https://mtgjson.com/links/eadef492a84eba7e", "tcgplayer": "https://mtgjson.com/links/e86b5a430e43801c"}, "rarity": "mythic", "rulings": [{"date": "2010-08-15", "text": "You divide the damage as you put Inferno Titan's triggered ability on the stack, not as it resolves. Each target must be assigned at least 1 damage. (In other words, as you put the ability on the stack, you choose whether to have it deal 3 damage to a single target, 2 damage to one target and 1 damage to another target, or 1 damage to each of three targets.)"}], "setCode": "PDP12", "subtypes": ["Giant"], "supertypes": [], "text": "{R}: Inferno Titan gets +1/+0 until end of turn.\nWhenever Inferno Titan enters the battlefield or attacks, it deals 3 damage divided as you choose among one, two, or three targets.", "toughness": "6", "type": "Creature — Giant", "types": ["Creature"], "uuid": "39e75501-0028-554d-a792-36a3b0ca85ef"}], "code": "PDP12", "isFoilOnly": true, "isOnlineOnly": false, "keyruneCode": "PMTG2", "name": "Duels of the Planeswalkers 2012 Promos", "releaseDate": "2011-01-01", "tokens": [], "totalSetSize": 3, "translations": {}, "type": "promo"}}