{"meta": {"date": "2022-09-29", "version": "5.2.0+20220929"}, "data": {"baseSetSize": 3, "cards": [{"artist": "Brad Rigney", "availability": ["paper"], "borderColor": "black", "colorIdentity": ["W"], "colors": ["W"], "convertedManaCost": 4.0, "edhrecRank": 3829, "finishes": ["foil"], "flavorText": "\"Their appendages are sharper than our swords and quicker than our bows.\"\n—Hastric, Thunian scout", "foreignData": [], "frameVersion": "2003", "hasFoil": true, "hasNonFoil": false, "identifiers": {"cardKingdomFoilId": "191064", "cardsphereId": "15852", "mcmId": "262411", "mtgjsonV4Id": "1241f639-316f-5afe-af2a-a3e9464726dc", "scryfallId": "73419af6-7df0-48d5-b6f4-e621c75a1acd", "scryfallIllustrationId": "12e2808c-baf7-4833-8ca0-3f2feb36ba52", "scryfallOracleId": "1d95ad32-768f-40a1-a461-e0562326b2b7", "tcgplayerProductId": "71415"}, "isPromo": true, "isReprint": true, "isStarter": true, "language": "English", "layout": "normal", "legalities": {"commander": "Legal", "duel": "Legal", "explorer": "Legal", "gladiator": "Legal", "historic": "Legal", "historicbrawl": "Legal", "legacy": "Legal", "modern": "Legal", "penny": "Legal", "pioneer": "Legal", "vintage": "Legal"}, "manaCost": "{3}{W}", "manaValue": 4.0, "name": "Bonescythe Sliver", "number": "1", "power": "2", "printings": ["J21", "M14", "PDP14"], "promoTypes": ["duels"], "purchaseUrls": {"cardKingdomFoil": "https://mtgjson.com/links/c851f69ad7fbedf5", "tcgplayer": "https://mtgjson.com/links/f71e3a4f4e6dad32"}, "rarity": "rare", "rulings": [{"date": "2013-07-01", "text": "If Bonescythe Sliver leaves the battlefield after other Sliver creatures you control have dealt first-strike damage but before regular combat damage, those Slivers won’t deal regular combat damage (unless they still have double strike for some other reason)."}, {"date": "2013-07-01", "text": "If you change the creature type of a Sliver you control so it’s no longer a Sliver, it will no longer be affected by its own ability. Its ability will continue to affect other Sliver creatures you control."}, {"date": "2013-07-01", "text": "Abilities that Slivers grant, as well as power/toughness boosts, are cumulative. However, for some abilities, like flying, having more than one instance of the ability doesn’t provide any additional benefit."}], "setCode": "PDP14", "subtypes": ["Sliver"], "supertypes": [], "text": "Sliver creatures you control have double strike. (They deal both first-strike and regular combat damage.)", "toughness": "2", "type": "Creature — Sliver", "types": ["Creature"], "uuid": "49aa946f-f77d-54fd-9f45-5ea4974ed5cd"}, {"artist": "Matt Stewart", "availability": ["paper"], "borderColor": "black", "colorIdentity": ["R"], "colors": ["R"], "convertedManaCost": 4.0, "edhrecRank": 1940, "finishes": ["foil"], "flavorText": "Ogres are driven by passion, rage, and another ogre standing behind them with a whip.", "foreignData": [], "frameVersion": "2003", "hasFoil": true, "hasNonFoil": false, "identifiers": {"cardKingdomFoilId": "191065", "cardsphereId": "15859", "mcmId": "262412", "mtgjsonV4Id": "84d1d310-2c91-5d87-a966-0187f53daf31", "scryfallId": "743195b7-bfc6-4071-a713-cb0c0d54798d", "scryfallIllustrationId": "9026a3af-f7ee-477a-a1fb-43333d668dc8", "scryfallOracleId": "c834c4b5-c122-4c63-81c7-884ca4c0dc3b", "tcgplayerProductId": "72353"}, "isPromo": true, "isReprint": true, "isStarter": true, "language": "English", "layout": "normal", "legalities": {"commander": "Legal", "duel": "Legal", "explorer": "Legal", "gladiator": "Legal", "historic": "Legal", "historicbrawl": "Legal", "legacy": "Legal", "modern": "Legal", "penny": "Legal", "pioneer": "Legal", "vintage": "Legal"}, "manaCost": "{2}{R}{R}", "manaValue": 4.0, "name": "Ogre Battledriver", "number": "2", "power": "3", "printings": ["ANB", "DDN", "M14", "PDP14"], "promoTypes": ["duels"], "purchaseUrls": {"cardKingdomFoil": "https://mtgjson.com/links/e56d90df4368c0d1", "tcgplayer": "https://mtgjson.com/links/750fc35562ff199e"}, "rarity": "rare", "rulings": [], "setCode": "PDP14", "subtypes": ["Ogre", "Warrior"], "supertypes": [], "text": "Whenever another creature enters the battlefield under your control, that creature gets +2/+0 and gains haste until end of turn. (It can attack and {T} this turn.)", "toughness": "3", "type": "Creature — Ogre Warrior", "types": ["Creature"], "uuid": "47ccb61a-3662-5dde-968d-24ae77e072c5"}, {"artist": "Dan Scott", "availability": ["paper"], "borderColor": "black", "colorIdentity": ["G"], "colors": ["G"], "convertedManaCost": 2.0, "edhrecRank": 524, "finishes": ["foil"], "flavorText": "In nature, not a single bone or scrap of flesh goes to waste.", "foreignData": [], "frameVersion": "2003", "hasFoil": true, "hasNonFoil": false, "identifiers": {"cardKingdomFoilId": "191062", "cardsphereId": "15861", "mcmId": "262413", "mtgjsonV4Id": "74dd782b-f48a-5477-adab-46466f4b326d", "scryfallId": "38eb6807-caed-46fe-8c44-0071158537bc", "scryfallIllustrationId": "626d0c19-9df3-4c91-a1a9-fddaa1db75aa", "scryfallOracleId": "1ff25f67-36a7-4cfa-a2b1-2135b5b6fb67", "tcgplayerProductId": "70712"}, "isPromo": true, "isReprint": true, "isStarter": true, "language": "English", "layout": "normal", "legalities": {"commander": "Legal", "duel": "Legal", "explorer": "Legal", "gladiator": "Legal", "historic": "Legal", "historicbrawl": "Legal", "legacy": "Legal", "modern": "Legal", "pioneer": "Legal", "vintage": "Legal"}, "manaCost": "{1}{G}", "manaValue": 2.0, "name": "Scavenging Ooze", "number": "3", "power": "2", "printings": ["C16", "CM2", "CMD", "M14", "M21", "MM3", "NCC", "PDP14", "PLG21", "PM21", "PRM", "SLD"], "promoTypes": ["duels"], "purchaseUrls": {"cardKingdomFoil": "https://mtgjson.com/links/0e35654d5d9c8a13", "tcgplayer": "https://mtgjson.com/links/27ee5936b464ba80"}, "rarity": "rare", "rulings": [{"date": "2020-06-23", "text": "If the target card is an illegal target when the ability tries to resolve, it won't resolve and none of its effects will happen. No +1/+1 counter will be put on Scavenging Ooze and you won't gain life. Notably, this means that if you activate Scavenging Ooze's ability multiple times targeting the same creature card, only the first instance of the ability to resolve will have any effect."}], "setCode": "PDP14", "subtypes": ["Ooze"], "supertypes": [], "text": "{G}: Exile target card from a graveyard. If it was a creature card, put a +1/+1 counter on Scavenging Ooze and you gain 1 life.", "toughness": "2", "type": "Creature — Ooze", "types": ["Creature"], "uuid": "b4ea5f31-5506-5595-a2a3-95dac162a8f2"}], "code": "PDP14", "isFoilOnly": true, "isOnlineOnly": false, "keyruneCode": "M14", "name": "Duels of the Planeswalkers 2014 Promos", "releaseDate": "2013-01-01", "tokens": [], "totalSetSize": 3, "translations": {}, "type": "promo"}}