{"meta": {"date": "2022-09-29", "version": "5.2.0+20220929"}, "data": {"baseSetSize": 20, "cards": [{"artist": "Kev Walker", "availability": ["paper"], "borderColor": "black", "colorIdentity": ["B", "G"], "colors": ["B", "G"], "convertedManaCost": 5.0, "edhrecRank": 14364, "finishes": ["foil"], "foreignData": [], "frameVersion": "2003", "hasFoil": true, "hasNonFoil": false, "identifiers": {"cardKingdomFoilId": "126617", "cardsphereId": "19489", "mcmId": "17741", "mcmMetaId": "5508", "mtgjsonV4Id": "2ce22482-b387-5fa9-9920-eb88af9a3a24", "scryfallId": "ce20919e-cdc7-465d-8653-4b912ff08997", "scryfallIllustrationId": "69841a2c-f3a2-4472-b3b1-62fbfb9dcedd", "scryfallOracleId": "3913c7f2-86b7-4dd4-84a6-9bd4c1c66781", "tcgplayerProductId": "38413"}, "isPromo": true, "isReprint": true, "isStarter": true, "language": "English", "layout": "normal", "legalities": {"commander": "Legal", "duel": "Legal", "legacy": "Legal", "penny": "Legal", "premodern": "Legal", "vintage": "Legal"}, "manaCost": "{3}{B}{G}", "manaValue": 5.0, "name": "Spiritmonger", "number": "2007", "power": "6", "printings": ["APC", "CNS", "IMA", "PGPX", "PRM", "VMA", "WC01"], "promoTypes": ["tourney"], "purchaseUrls": {"cardKingdomFoil": "https://mtgjson.com/links/2ea44aed9e2573ec", "cardmarket": "https://mtgjson.com/links/73c6d3102332ffef", "tcgplayer": "https://mtgjson.com/links/bf491dffc02a5a85"}, "rarity": "rare", "rulings": [], "setCode": "PGPX", "subtypes": ["Beast"], "supertypes": [], "text": "Whenever Spiritmonger deals damage to a creature, put a +1/+1 counter on Spiritmonger.\n{B}: Regenerate Spiritmonger.\n{G}: Spiritmonger becomes the color of your choice until end of turn.", "toughness": "6", "type": "Creature — Beast", "types": ["Creature"], "uuid": "1f7d79e3-4331-54a7-8557-c49a56b2e797", "watermark": "grandprix"}, {"artist": "Lars Grant-West", "availability": ["paper"], "borderColor": "black", "colorIdentity": ["G"], "colors": ["G"], "convertedManaCost": 3.0, "edhrecRank": 14158, "finishes": ["foil"], "foreignData": [], "frameEffects": ["tombstone"], "frameVersion": "2003", "hasFoil": true, "hasNonFoil": false, "identifiers": {"cardKingdomFoilId": "126160", "cardsphereId": "19482", "mcmId": "19013", "mcmMetaId": "786", "mtgjsonV4Id": "1e444e12-4f49-54f3-ae78-a0eada6a0e30", "scryfallId": "d502a87d-8b48-4173-8397-b4687b8a2b57", "scryfallIllustrationId": "7e48f180-de7f-49c5-86b2-3ba5f4aa69de", "scryfallOracleId": "ee243f81-f51c-4d9a-a396-f7cef84b46c1", "tcgplayerProductId": "38407"}, "isPromo": true, "isReprint": true, "isStarter": true, "keywords": ["Flashback"], "language": "English", "layout": "normal", "legalities": {"commander": "Legal", "duel": "Legal", "legacy": "Legal", "modern": "Legal", "penny": "Legal", "premodern": "Legal", "vintage": "Legal"}, "manaCost": "{2}{G}", "manaValue": 3.0, "name": "Call of the Herd", "number": "2008", "originalReleaseDate": "2008-01-01", "printings": ["DDS", "MM3", "ODY", "PGPX", "PRM", "TSB", "WC02"], "promoTypes": ["tourney"], "purchaseUrls": {"cardKingdomFoil": "https://mtgjson.com/links/3da16728b0514635", "cardmarket": "https://mtgjson.com/links/a583e418577d102b", "tcgplayer": "https://mtgjson.com/links/28edeaab0c9bb3ea"}, "rarity": "rare", "rulings": [{"date": "2021-03-19", "text": "“Flashback [cost]” means “You may cast this card from your graveyard by paying [cost] rather than paying its mana cost” and “If the flashback cost was paid, exile this card instead of putting it anywhere else any time it would leave the stack.”"}, {"date": "2021-03-19", "text": "You must still follow any timing restrictions and permissions, including those based on the card’s type. For instance, you can cast a sorcery using flashback only when you could normally cast a sorcery."}, {"date": "2021-03-19", "text": "To determine the total cost of a spell, start with the mana cost or alternative cost (such as a flashback cost) you’re paying, add any cost increases, then apply any cost reductions. The mana value of the spell is determined only by its mana cost, no matter what the total cost to cast the spell was."}, {"date": "2021-03-19", "text": "A spell cast using flashback will always be exiled afterward, whether it resolves, is countered, or leaves the stack in some other way."}, {"date": "2021-03-19", "text": "You can cast a spell using flashback even if it was somehow put into your graveyard without having been cast."}, {"date": "2021-03-19", "text": "If a card with flashback is put into your graveyard during your turn, you can cast it if it’s legal to do so before any other player can take any actions."}], "setCode": "PGPX", "subtypes": [], "supertypes": [], "text": "Create a 3/3 green Elephant creature token.\nFlashback {3}{G} (You may cast this card from your graveyard for its flashback cost. Then exile it.)", "type": "Sorcery", "types": ["Sorcery"], "uuid": "45eeabe2-8748-5996-ab0e-a9112a6e1e0e", "watermark": "grandprix"}, {"artist": "Alan Pollack", "availability": ["paper"], "borderColor": "black", "colorIdentity": [], "colors": [], "convertedManaCost": 0.0, "edhrecRank": 105, "finishes": ["foil"], "foreignData": [], "frameVersion": "2003", "hasFoil": true, "hasNonFoil": false, "identifiers": {"cardKingdomFoilId": "126321", "cardsphereId": "19483", "mcmId": "20797", "mcmMetaId": "976", "mtgjsonV4Id": "5e74a715-6614-5ae3-9422-bc699fdc2d71", "scryfallId": "6de7be0f-6f8a-4e34-a659-70b0eb2be6c0", "scryfallIllustrationId": "3d61713c-727d-4040-bf89-93a13fc8211a", "scryfallOracleId": "ec3d4466-547c-4e02-b1b5-a156ec4637e9", "tcgplayerProductId": "38409"}, "isPromo": true, "isReprint": true, "isStarter": true, "keywords": ["Imprint"], "language": "English", "layout": "normal", "legalities": {"commander": "Legal", "duel": "Banned", "legacy": "Legal", "modern": "Banned", "vintage": "Legal"}, "manaCost": "{0}", "manaValue": 0.0, "name": "Chrome Mox", "number": "2009", "originalReleaseDate": "2009-01-01", "printings": ["2XM", "EMA", "MPS", "MRD", "PGPX", "PRM", "WC04"], "promoTypes": ["tourney"], "purchaseUrls": {"cardKingdomFoil": "https://mtgjson.com/links/1008eb59b60f1b30", "cardmarket": "https://mtgjson.com/links/9090354c30105ae6", "tcgplayer": "https://mtgjson.com/links/49bd79718d176317"}, "rarity": "rare", "rulings": [{"date": "2020-08-07", "text": "If no card is imprinted on Chrome Mox, it can't add mana to your mana pool. It can never add {C} to your mana pool, even if the imprinted card has a colorless mana symbol in its mana cost."}, {"date": "2020-08-07", "text": "If you imprinted a multicolored card, you choose one of that card's colors each time you tap Chrome Mox for mana."}], "setCode": "PGPX", "subtypes": [], "supertypes": [], "text": "Imprint — When Chrome Mox enters the battlefield, you may exile a nonartifact, nonland card from your hand.\n{T}: Add one mana of any of the exiled card's colors.", "type": "Artifact", "types": ["Artifact"], "uuid": "a4c78e97-5641-5a60-a80d-612757d0ab50", "watermark": "grandprix"}, {"artist": "Svetlin Velinov", "availability": ["paper"], "borderColor": "black", "colorIdentity": [], "colors": [], "convertedManaCost": 2.0, "edhrecRank": 2156, "finishes": ["foil"], "foreignData": [], "frameVersion": "2003", "hasFoil": true, "hasNonFoil": false, "identifiers": {"cardKingdomFoilId": "130366", "cardsphereId": "19491", "mcmId": "22089", "mcmMetaId": "7525", "mtgjsonV4Id": "7f8baae8-6430-5eab-87c5-f4f75c98823c", "scryfallId": "a1d09418-de9b-42a3-b324-c04ce3012bf7", "scryfallIllustrationId": "8c9b9db2-4ff9-49dc-b8a3-b404522a85b5", "scryfallOracleId": "1da10d5c-36a8-473f-a5d4-782ad61d8057", "tcgplayerProductId": "38415"}, "isPromo": true, "isReprint": true, "isStarter": true, "keywords": ["Equip"], "language": "English", "layout": "normal", "legalities": {"commander": "Legal", "duel": "Legal", "legacy": "Legal", "modern": "Banned", "vintage": "Legal"}, "manaCost": "{2}", "manaValue": 2.0, "name": "Umezawa's Jitte", "number": "2010", "originalReleaseDate": "2010-01-01", "printings": ["BOK", "PGPX", "PLIST", "PRM", "TD0", "V16"], "promoTypes": ["tourney"], "purchaseUrls": {"cardKingdomFoil": "https://mtgjson.com/links/df71de96d82cc93e", "cardmarket": "https://mtgjson.com/links/bfba9e85ce107044", "tcgplayer": "https://mtgjson.com/links/2a03da0d74f0d5de"}, "rarity": "rare", "rulings": [{"date": "2005-02-01", "text": "Umezawa’s Jitte’s activated ability generates a modal choice. The choice is made when the ability is activated."}, {"date": "2005-02-01", "text": "If the “target creature gets -1/-1 until end of turn” mode is chosen, the target creature must also be announced."}, {"date": "2005-02-01", "text": "The ability can be used any time Umezawa’s Jitte’s controller has priority — only the “target creature” choice has additional requirements. Choosing the “Equipped creature gets +2/+2 until end of turn” mode does nothing if the Jitte isn’t equipped to a creature when the ability resolves."}, {"date": "2005-02-01", "text": "If the Jitte is moved after the “+2/+2” mode is announced but before it resolves, the bonus is given to the creature that is equipped when the ability resolves."}, {"date": "2005-02-01", "text": "If the Jitte leaves the battlefield after the “+2/+2” mode is announced but before it resolves, the bonus is given to the creature that was most recently equipped once the ability resolves."}], "setCode": "PGPX", "subtypes": ["Equipment"], "supertypes": ["Legendary"], "text": "Whenever equipped creature deals combat damage, put two charge counters on Umezawa's Jitte.\nRemove a charge counter from Umezawa's Jitte: Choose one —\n• Equipped creature gets +2/+2 until end of turn.\n• Target creature gets -1/-1 until end of turn.\n• You gain 2 life.\nEquip {2}", "type": "Legendary Artifact — Equipment", "types": ["Artifact"], "uuid": "1061d758-e8b8-5851-8c98-d8258b5f55c5", "watermark": "grandprix"}, {"artist": "John Avon", "availability": ["paper"], "borderColor": "black", "colorIdentity": ["B", "G"], "colors": ["B", "G"], "convertedManaCost": 3.0, "edhrecRank": 2885, "finishes": ["foil"], "flavorText": "During the collision of the shards, entire ways of life disappeared without a trace.", "foreignData": [], "frameVersion": "2003", "hasFoil": true, "hasNonFoil": false, "identifiers": {"cardKingdomFoilId": "186253", "cardsphereId": "19487", "mcmId": "245513", "mcmMetaId": "10505", "mtgjsonV4Id": "0e6b7c9e-748e-5d5c-8d07-6ba9da81c531", "scryfallId": "d351c901-103b-460f-9d01-6e4d4b25cac8", "scryfallIllustrationId": "346228e7-2845-4128-9234-2f0c829b44b5", "scryfallOracleId": "95ce305f-34bc-4d6d-b7ba-ffd4b2a25336", "tcgplayerProductId": "39330"}, "isPromo": true, "isReprint": true, "isStarter": true, "language": "English", "layout": "normal", "legalities": {"commander": "Legal", "duel": "Legal", "gladiator": "Legal", "historic": "Legal", "historicbrawl": "Legal", "legacy": "Legal", "modern": "Legal", "vintage": "Legal"}, "manaCost": "{1}{B}{G}", "manaValue": 3.0, "name": "Maelstrom Pulse", "number": "2011", "originalReleaseDate": "2011-01-01", "printings": ["2XM", "ARB", "HA2", "MMA", "MP2", "PGPX", "PRM", "PUMA", "UMA"], "promoTypes": ["tourney"], "purchaseUrls": {"cardKingdomFoil": "https://mtgjson.com/links/42d0f9561ed54b1b", "cardmarket": "https://mtgjson.com/links/6f3dbdc1541246b8", "tcgplayer": "https://mtgjson.com/links/30d7154d4e8679f9"}, "rarity": "rare", "rulings": [{"date": "2020-08-07", "text": "Maelstrom Pulse has only one target. Other permanents with the same name will be destroyed even if they have hexproof or protection."}, {"date": "2020-08-07", "text": "If the target permanent is an illegal target by the time Maelstrom Pulse tries to resolve, the spell won't resolve. You won't destroy any permanents at all. If the target is legal but not destroyed (most likely because it has indestructible), you do destroy other permanents with the same name."}, {"date": "2020-08-07", "text": "The name of a token is the same as the subtypes it was created with unless the token is a copy of another permanent or the effect that created the token specifically gives it a different name. For example, a 1/1 red Elemental creature token created by Young Pyromancer and a 4/4 green Elemental creature token created by Walker of the Grove are both named “Elemental.”"}], "setCode": "PGPX", "subtypes": [], "supertypes": [], "text": "Destroy target nonland permanent and all other permanents with the same name as that permanent.", "type": "Sorcery", "types": ["Sorcery"], "uuid": "eff07336-f287-5998-b3d9-e44904baba35", "watermark": "grandprix"}, {"artist": "Steve Prescott", "availability": ["paper"], "borderColor": "black", "colorIdentity": ["R"], "colors": ["R"], "convertedManaCost": 1.0, "edhrecRank": 8940, "finishes": ["foil"], "flavorText": "\"I've been all over this world. I even remember some of those places.\"", "foreignData": [], "frameVersion": "2003", "hasFoil": true, "hasNonFoil": false, "identifiers": {"cardKingdomFoilId": "186616", "cardsphereId": "19484", "mcmId": "253192", "mcmMetaId": "10755", "mtgjsonV4Id": "8093a870-170d-5bd3-9158-54bb333226bb", "scryfallId": "8028dd6f-cd19-4dc4-925f-5f98daa56c45", "scryfallIllustrationId": "834dbea5-7d04-4812-8660-8642520ab806", "scryfallOracleId": "51d9564b-44fc-4de1-9119-09d7b4089378", "tcgplayerProductId": "57664"}, "isPromo": true, "isReprint": true, "isStarter": true, "keywords": ["Haste"], "language": "English", "layout": "normal", "legalities": {"commander": "Legal", "duel": "Legal", "legacy": "Legal", "modern": "Legal", "vintage": "Legal"}, "manaCost": "{R}", "manaValue": 1.0, "name": "Goblin Guide", "number": "2012a", "originalReleaseDate": "2012-01-01", "power": "2", "printings": ["2XM", "MM3", "PGPX", "PLG21", "PRM", "TD0", "ZEN"], "promoTypes": ["tourney"], "purchaseUrls": {"cardKingdomFoil": "https://mtgjson.com/links/abf8719158d2e91d", "cardmarket": "https://mtgjson.com/links/75143c9f35e2bae9", "tcgplayer": "https://mtgjson.com/links/3b0e1a8d9fec3e56"}, "rarity": "rare", "rulings": [{"date": "2020-08-07", "text": "If the defending player reveals a nonland card, it remains on top of their library."}, {"date": "2020-08-07", "text": "If Goblin Guide is attacking a planeswalker, that planeswalker's controller is the defending player."}], "setCode": "PGPX", "subtypes": ["Goblin", "Scout"], "supertypes": [], "text": "Haste\nWhenever Goblin Guide attacks, defending player reveals the top card of their library. If it's a land card, that player puts it into their hand.", "toughness": "2", "type": "Creature — Goblin Scout", "types": ["Creature"], "uuid": "aeabd3a6-3a6f-5d71-93f7-bc30555844ce"}, {"artist": "Terese Nielsen", "availability": ["paper"], "borderColor": "black", "colorIdentity": ["G"], "colors": ["G"], "convertedManaCost": 2.0, "edhrecRank": 270, "finishes": ["foil"], "flavorText": "Its scales contain the essence of thousands of lotus blooms.", "foreignData": [], "frameVersion": "2003", "hasFoil": true, "hasNonFoil": false, "identifiers": {"cardKingdomFoilId": "188830", "cardsphereId": "19486", "mcmId": "254185", "mcmMetaId": "10792", "mtgjsonV4Id": "298e9a20-702a-5b1a-bdbf-89ec02fa0a3f", "scryfallId": "da7bc803-04b0-4030-9a69-1c89c6572eb1", "scryfallIllustrationId": "69abf5b5-6025-4e58-9123-e0af255a02d7", "scryfallOracleId": "8ad91f64-ccab-4edc-bd54-b2ee9267d614", "tcgplayerProductId": "67398"}, "isPromo": true, "isReprint": true, "isStarter": true, "keywords": ["Landfall"], "language": "English", "layout": "normal", "legalities": {"commander": "Legal", "duel": "Legal", "explorer": "Legal", "gladiator": "Legal", "historic": "Legal", "historicbrawl": "Legal", "legacy": "Legal", "modern": "Legal", "pioneer": "Legal", "vintage": "Legal"}, "manaCost": "{1}{G}", "manaValue": 2.0, "name": "Lotus Cobra", "number": "2012b", "originalReleaseDate": "2012-01-01", "power": "2", "printings": ["IMA", "PGPX", "PRM", "PZNR", "ZEN", "ZNR"], "promoTypes": ["tourney"], "purchaseUrls": {"cardKingdomFoil": "https://mtgjson.com/links/db89c92349535367", "cardmarket": "https://mtgjson.com/links/1530c6d67c5a9730", "tcgplayer": "https://mtgjson.com/links/0f4745eb1c34efd4"}, "rarity": "rare", "rulings": [{"date": "2009-10-01", "text": "When a land enters the battlefield under your control, each landfall ability of the permanents you control will trigger. You can put them on the stack in any order. The last ability you put on the stack will be the first one that resolves."}, {"date": "2009-10-01", "text": "The landfall ability triggers whenever a land enters the battlefield under your control for any reason. It triggers whenever you play a land, as well as whenever a spell or ability (such as Rampant Growth) causes you to put a land onto the battlefield under your control. It will even trigger when a spell or ability causes another player to put a land onto the battlefield under your control (as can happen with Yavimaya Dryad’s ability, for example)."}, {"date": "2017-11-17", "text": "Lotus Cobra’s ability isn’t a mana ability. Opponents may respond to it before you have that mana."}, {"date": "2020-09-25", "text": "Lotus Cobra’s ability uses the stack and players may respond to it. It isn’t a mana ability because the event that causes it to trigger isn’t a mana ability."}, {"date": "2020-09-25", "text": "A landfall ability triggers whenever a land enters the battlefield under your control for any reason. It triggers whenever you play a land, as well as whenever a spell or ability puts a land onto the battlefield under your control."}, {"date": "2020-09-25", "text": "A landfall ability doesn’t trigger if a permanent already on the battlefield becomes a land."}, {"date": "2020-09-25", "text": "Whenever a land enters the battlefield under your control, each landfall ability of the permanents you control will trigger. You can put them on the stack in any order. The last ability you put on the stack will be the first one to resolve."}], "setCode": "PGPX", "subtypes": ["Snake"], "supertypes": [], "text": "Landfall — Whenever a land enters the battlefield under your control, add one mana of any color.", "toughness": "1", "type": "Creature — Snake", "types": ["Creature"], "uuid": "2ba97997-e416-510a-9a11-752cad33302a"}, {"artist": "Vincent Proce", "availability": ["paper"], "borderColor": "black", "colorIdentity": [], "colors": [], "convertedManaCost": 7.0, "edhrecRank": 1127, "finishes": ["foil"], "flavorText": "\"The emergence of the Eldrazi isn't necessarily a bad thing, as long as you've already lived a fulfilling and complete life without regrets.\"\n—Javad Nasrin, Ondu relic hunter", "foreignData": [], "frameVersion": "2003", "hasFoil": true, "hasNonFoil": false, "identifiers": {"cardKingdomFoilId": "191066", "cardsphereId": "19480", "mcmId": "261476", "mcmMetaId": "11121", "mtgjsonV4Id": "8dbba6a0-dc50-55ec-8997-a1c5894fa3af", "scryfallId": "ee61e609-afae-420c-bc63-439df485b649", "scryfallIllustrationId": "1b5bbc03-0aba-4d8b-a8c1-87da09a1931f", "scryfallOracleId": "14693689-d087-43b6-9c3f-63ab0648fc20", "tcgplayerProductId": "69983"}, "isPromo": true, "isReprint": true, "isStarter": true, "language": "English", "layout": "normal", "legalities": {"commander": "Legal", "duel": "Legal", "legacy": "Legal", "modern": "Legal", "vintage": "Legal"}, "manaCost": "{7}", "manaValue": 7.0, "name": "All Is Dust", "number": "2013b", "originalReleaseDate": "2013-01-01", "printings": ["MB1", "MM2", "PGPX", "ROE", "SLD", "UMA"], "promoTypes": ["tourney"], "purchaseUrls": {"cardKingdomFoil": "https://mtgjson.com/links/69f5f677bb6e0052", "cardmarket": "https://mtgjson.com/links/52ee564095280694", "tcgplayer": "https://mtgjson.com/links/ec9ddbe21206452a"}, "rarity": "rare", "rulings": [{"date": "2010-06-15", "text": "A colored permanent is a permanent with at least one colored mana symbol in its mana cost. Note that effects may cause a colored permanent to become colorless (as Moonlace could), or a colorless permanent to become colored (as Crimson Wisps could)."}, {"date": "2010-06-15", "text": "Tokens may also be colored permanents. The effect that creates a token states what color it is or whether it’s colorless."}, {"date": "2010-06-15", "text": "Lands have no mana cost, so they are colorless unless an effect states otherwise."}, {"date": "2010-06-15", "text": "All the colored permanents are sacrificed at the same time."}, {"date": "2013-07-01", "text": "All Is Dust doesn’t destroy permanents. Rather, it causes them to be sacrificed. Regeneration, totem armor, and indestructible can’t save permanents from All Is Dust."}, {"date": "2018-12-07", "text": "A land card that produces colored mana, even a land with a basic land type, normally has no color."}], "setCode": "PGPX", "subtypes": ["Eldrazi"], "supertypes": [], "text": "Each player sacrifices all permanents they control that are one or more colors.", "type": "Tribal Sorcery — Eldrazi", "types": ["Tribal", "Sorcery"], "uuid": "dfff2a47-871c-54d2-b372-3e4c14d1dbea"}, {"artist": "Peter Mohrbacher", "availability": ["paper"], "borderColor": "black", "colorIdentity": ["G"], "colors": ["G"], "convertedManaCost": 6.0, "finishes": ["foil"], "flavorText": "When nature calls, *run*.", "foreignData": [], "frameVersion": "2003", "hasFoil": true, "hasNonFoil": false, "identifiers": {"cardKingdomFoilId": "189546", "cardsphereId": "19488", "mcmId": "259777", "mcmMetaId": "200441", "mtgjsonV4Id": "932879b3-be5f-58d1-9e07-5aad4fdfa67e", "scryfallId": "f046212e-9b3e-4605-b1f1-fd1540236d95", "scryfallIllustrationId": "739da4bd-a555-45fe-a40b-de3140f34313", "scryfallOracleId": "ae83ef2c-960f-4c5b-97cc-52465c687c18", "tcgplayerProductId": "67399"}, "isPromo": true, "isReprint": true, "isStarter": true, "keywords": ["Trample"], "language": "English", "layout": "normal", "legalities": {"commander": "Banned", "duel": "Legal", "legacy": "Legal", "modern": "Legal", "vintage": "Legal"}, "manaCost": "{4}{G}{G}", "manaValue": 6.0, "name": "Primeval Titan", "number": "2013a", "originalReleaseDate": "2013-01-01", "power": "6", "printings": ["IMA", "M11", "M12", "MM2", "PGPX", "SLD", "TSR"], "promoTypes": ["tourney"], "purchaseUrls": {"cardKingdomFoil": "https://mtgjson.com/links/79504345994b2e19", "cardmarket": "https://mtgjson.com/links/abec5021e8ba7b1e", "tcgplayer": "https://mtgjson.com/links/bd28c8986f626c7e"}, "rarity": "mythic", "rulings": [{"date": "2017-11-17", "text": "You may find any land cards, not just basic land cards."}], "setCode": "PGPX", "subtypes": ["Giant"], "supertypes": [], "text": "Trample\nWhenever Primeval Titan enters the battlefield or attacks, you may search your library for up to two land cards, put them onto the battlefield tapped, then shuffle.", "toughness": "6", "type": "Creature — Giant", "types": ["Creature"], "uuid": "6e927474-71ed-5443-ba16-c92402ce4ce9"}, {"artist": "Igor Kieryluk", "availability": ["paper"], "borderColor": "black", "colorIdentity": [], "colors": [], "convertedManaCost": 5.0, "edhrecRank": 3431, "finishes": ["foil"], "foreignData": [], "frameVersion": "2003", "hasFoil": true, "hasNonFoil": false, "identifiers": {"cardKingdomFoilId": "193501", "cardsphereId": "19481", "mcmId": "265853", "mcmMetaId": "202768", "mtgjsonV4Id": "bf66c43c-704e-5fa2-982e-21c2bf7274b2", "scryfallId": "674a54bc-d283-4852-9b3a-71587874e628", "scryfallIllustrationId": "ea80eff2-e05a-48ea-974d-b6fef5da1db6", "scryfallOracleId": "d12e5ce0-5705-4c35-9a93-b883db52c80c", "tcgplayerProductId": "77847"}, "isPromo": true, "isReprint": true, "isStarter": true, "keywords": ["Equip", "Living weapon"], "language": "English", "layout": "normal", "legalities": {"commander": "Legal", "duel": "Legal", "legacy": "Legal", "modern": "Legal", "vintage": "Legal"}, "manaCost": "{5}", "manaValue": 5.0, "name": "Batterskull", "number": "2014", "originalReleaseDate": "2014-01-01", "printings": ["2XM", "NPH", "PGPX", "PLIST", "PRM"], "promoTypes": ["tourney"], "purchaseUrls": {"cardKingdomFoil": "https://mtgjson.com/links/83c01a68fe40f89b", "cardmarket": "https://mtgjson.com/links/f38a6b7972e3d51f", "tcgplayer": "https://mtgjson.com/links/8486d3e554c3a740"}, "rarity": "mythic", "rulings": [{"date": "2020-08-07", "text": "The ability to return Batterskull to its owner's hand can be activated only if Batterskull is on the battlefield. If Batterskull is no longer on the battlefield when the ability resolves, Batterskull remains in its new zone and isn't returned to its owner's hand."}, {"date": "2020-08-07", "text": "The Germ token enters the battlefield as a 0/0 creature and the Equipment becomes attached to it before state-based actions would cause the token to die. Abilities that trigger as the token enters the battlefield see that a 0/0 creature entered the battlefield."}, {"date": "2020-08-07", "text": "Like other Equipment, each Equipment with living weapon has an equip cost. You can pay this cost to attach an Equipment to another creature you control. Once the Germ token is no longer equipped, it will be put into your graveyard and subsequently cease to exist, unless another effect raises its toughness above 0."}, {"date": "2020-08-07", "text": "If the Germ token is destroyed, the Equipment remains on the battlefield as with any other Equipment."}, {"date": "2020-08-07", "text": "If the living weapon trigger causes two Germs to be created (due to an effect such as that of Doubling Season), the Equipment becomes attached to one of them. The other will be put into your graveyard and subsequently cease to exist, unless another effect raises its toughness above 0."}], "setCode": "PGPX", "subtypes": ["Equipment"], "supertypes": [], "text": "Living weapon (When this Equipment enters the battlefield, create a 0/0 black Phyrexian Germ creature token, then attach this to it.)\nEquipped creature gets +4/+4 and has vigilance and lifelink.\n{3}: Return Batterskull to its owner's hand.\nEquip {5}", "type": "Artifact — Equipment", "types": ["Artifact"], "uuid": "1cb28add-17dd-5e08-9d02-7d6c2275a1fa"}, {"artist": "Jaime Jones", "availability": ["paper"], "borderColor": "black", "colorIdentity": ["B"], "colors": ["B"], "convertedManaCost": 8.0, "finishes": ["foil"], "flavorText": "\"Avacyn emerged from the broken Helvault, but her freedom came at a price—him.\"\n—Thalia, Knight-Cathar", "foreignData": [], "frameVersion": "2015", "hasFoil": true, "hasNonFoil": false, "identifiers": {"cardKingdomFoilId": "199255", "cardsphereId": "19485", "mcmId": "269747", "mcmMetaId": "205305", "mtgjsonV4Id": "f607f703-ff1d-5949-a08e-263b3a97bc00", "scryfallId": "1ab640f0-72cf-4659-98fd-20d0bb787e40", "scryfallIllustrationId": "d5f9d051-63eb-4a42-afb4-aa64c5c73552", "scryfallOracleId": "f759d112-76db-4091-a22b-b9f19ab6fa5f", "tcgplayerProductId": "95054"}, "isPromo": true, "isReprint": true, "isStarter": true, "keywords": ["Flying", "Lifelink"], "language": "English", "layout": "normal", "leadershipSkills": {"brawl": false, "commander": true, "oathbreaker": false}, "legalities": {"commander": "Banned", "duel": "Legal", "legacy": "Legal", "modern": "Legal", "vintage": "Legal"}, "manaCost": "{4}{B}{B}{B}{B}", "manaValue": 8.0, "name": "Griselbrand", "number": "2015", "originalReleaseDate": "2015-01-01", "power": "7", "printings": ["AVR", "MM3", "PGPX", "PHEL", "PRM", "SLD"], "promoTypes": ["tourney"], "purchaseUrls": {"cardKingdomFoil": "https://mtgjson.com/links/46124eb8f770b139", "cardmarket": "https://mtgjson.com/links/b81da6b88133bc90", "tcgplayer": "https://mtgjson.com/links/30999c938c575fbd"}, "rarity": "mythic", "rulings": [{"date": "2012-05-01", "text": "You can’t activate Griselbrand’s ability if you have 6 or less life."}], "securityStamp": "oval", "setCode": "PGPX", "subtypes": ["Demon"], "supertypes": ["Legendary"], "text": "Flying, lifelink\nPay 7 life: Draw seven cards.", "toughness": "7", "type": "Legendary Creature — Demon", "types": ["Creature"], "uuid": "80cfbb6f-0d6a-50c9-8251-508bf046029c", "watermark": "wotc"}, {"artist": "Johannes Voss", "availability": ["paper"], "borderColor": "black", "colorIdentity": ["W"], "colors": ["W"], "convertedManaCost": 2.0, "edhrecRank": 945, "finishes": ["foil"], "foreignData": [], "frameVersion": "2015", "hasFoil": true, "hasNonFoil": false, "identifiers": {"cardKingdomFoilId": "205699", "cardsphereId": "19490", "mcmId": "286888", "mcmMetaId": "11016", "mtgjsonV4Id": "2b2bab14-48ef-5091-8e3c-4d4972d5a888", "scryfallId": "6003e1e8-13d5-4f17-bbd4-ee05a6c4b30d", "scryfallIllustrationId": "928595f2-6daa-459f-bbac-9ec44c9d69f7", "scryfallOracleId": "358789f9-7d87-411d-919e-d597da665cbd", "tcgplayerProductId": "111210"}, "isPromo": true, "isReprint": true, "isStarter": true, "language": "English", "layout": "normal", "legalities": {"commander": "Legal", "duel": "Legal", "legacy": "Legal", "modern": "Legal", "vintage": "Legal"}, "manaCost": "{1}{W}", "manaValue": 2.0, "name": "Stoneforge Mystic", "number": "2016", "originalReleaseDate": "2016-01-01", "power": "1", "printings": ["2XM", "J16", "PGPX", "PRM", "TD0", "WWK"], "promoTypes": ["tourney"], "purchaseUrls": {"cardKingdomFoil": "https://mtgjson.com/links/b04e394ad4c5d5f4", "cardmarket": "https://mtgjson.com/links/623e967b7a29dab6", "tcgplayer": "https://mtgjson.com/links/706140b1b32c77d3"}, "rarity": "rare", "rulings": [{"date": "2010-03-01", "text": "When Stoneforge Mystic's second ability resolves, you may put any Equipment card from your hand onto the battlefield, not just the one you searched for with its first ability. The Equipment is put onto the battlefield unattached."}], "securityStamp": "oval", "setCode": "PGPX", "subtypes": ["Kor", "Artificer"], "supertypes": [], "text": "When Stoneforge Mystic enters the battlefield, you may search your library for an Equipment card, reveal it, put it into your hand, then shuffle.\n{1}{W}, {T}: You may put an Equipment card from your hand onto the battlefield.", "toughness": "2", "type": "Creature — Kor Artificer", "types": ["Creature"], "uuid": "1dee8f75-fbfb-55b3-bedc-abe8147ba0dc", "watermark": "wotc"}, {"artist": "Efrem Palacios", "availability": ["paper"], "borderColor": "black", "colorIdentity": [], "colors": [], "convertedManaCost": 3.0, "edhrecRank": 520, "finishes": ["foil"], "foreignData": [], "frameVersion": "2015", "hasFoil": true, "hasNonFoil": false, "identifiers": {"mtgjsonV4Id": "20fe81b0-f589-575a-aa26-c2e9c751027f", "scryfallId": "de2a35fe-d53b-4e3a-8d0e-94031dfae937", "scryfallIllustrationId": "8df3327b-3a98-4775-9c82-a058f80379e3", "scryfallOracleId": "d0901053-6de0-46d0-9ee3-8d40510236c1", "tcgplayerProductId": "207377"}, "isPromo": true, "isReprint": true, "isStarter": true, "keywords": ["Equip"], "language": "English", "layout": "normal", "legalities": {"commander": "Legal", "duel": "Legal", "legacy": "Legal", "modern": "Legal", "vintage": "Legal"}, "manaCost": "{3}", "manaValue": 3.0, "name": "Sword of Feast and Famine", "number": "2016b", "originalReleaseDate": "2016-01-01", "printings": ["2XM", "J14", "MBS", "MD1", "MPS", "PGPX", "PRM"], "promoTypes": ["tourney"], "purchaseUrls": {"tcgplayer": "https://mtgjson.com/links/ce58681d5339ec39"}, "rarity": "rare", "rulings": [{"date": "2020-08-07", "text": "You'll untap all lands you control even if the player can't discard a card."}, {"date": "2020-08-07", "text": "You can tap your lands for mana while the triggered ability is on the stack. However, you'll lose any mana you produce this way if you don't spend it before the end of the current combat damage step."}], "securityStamp": "oval", "setCode": "PGPX", "subtypes": ["Equipment"], "supertypes": [], "text": "Equipped creature gets +2/+2 and has protection from black and from green.\nWhenever equipped creature deals combat damage to a player, that player discards a card and you untap all lands you control.\nEquip {2}", "type": "Artifact — Equipment", "types": ["Artifact"], "uuid": "b1d92c58-a2ab-5dd5-bf15-9ef2b8787a33", "watermark": "wotc"}, {"artist": "Jaime Jones", "availability": ["paper"], "borderColor": "black", "colorIdentity": ["B", "G", "R", "U", "W"], "colors": ["B", "G", "R", "U", "W"], "convertedManaCost": 10.0, "edhrecRank": 4567, "finishes": ["foil"], "flavorText": "The Soul of the World has returned.", "foreignData": [], "frameVersion": "2015", "hasFoil": true, "hasNonFoil": false, "identifiers": {"cardKingdomFoilId": "212749", "cardsphereId": "48207", "mcmId": "293552", "mcmMetaId": "10389", "mtgjsonV4Id": "f4003494-a6e7-54ff-ad66-c746a7c33eda", "scryfallId": "f9d8579f-d539-44fb-a016-2537cd27efeb", "scryfallIllustrationId": "1fde14ba-e26e-4619-87c3-a2703e38d475", "scryfallOracleId": "2d7e00b6-12f0-4b03-82a6-50e3d1b5395e", "tcgplayerProductId": "126557"}, "isPromo": true, "isReprint": true, "isStarter": true, "keywords": ["Protection"], "language": "English", "layout": "normal", "leadershipSkills": {"brawl": false, "commander": true, "oathbreaker": false}, "legalities": {"commander": "Legal", "duel": "Legal", "legacy": "Legal", "modern": "Legal", "vintage": "Legal"}, "manaCost": "{W}{W}{U}{U}{B}{B}{R}{R}{G}{G}", "manaValue": 10.0, "name": "Progenitus", "number": "2017", "originalReleaseDate": "2017-01-01", "power": "10", "printings": ["CON", "MMA", "PGPX", "PLIST", "V11"], "promoTypes": ["tourney"], "purchaseUrls": {"cardKingdomFoil": "https://mtgjson.com/links/4c505f1c1b4a99f8", "cardmarket": "https://mtgjson.com/links/c704cf1309420213", "tcgplayer": "https://mtgjson.com/links/9bf3adef5bea3a31"}, "rarity": "mythic", "rulings": [{"date": "2009-02-01", "text": "“Protection from everything” means the following: Progenitus can’t be blocked, Progenitus can’t be enchanted or equipped, Progenitus can’t be the target of spells or abilities, and all damage that would be dealt to Progenitus is prevented."}, {"date": "2009-02-01", "text": "Progenitus can still be affected by effects that don’t target it or deal damage to it (such as Day of Judgment)."}], "securityStamp": "oval", "setCode": "PGPX", "subtypes": ["Hydra", "Avatar"], "supertypes": ["Legendary"], "text": "Protection from everything\nIf Progenitus would be put into a graveyard from anywhere, reveal Progenitus and shuffle it into its owner's library instead.", "toughness": "10", "type": "Legendary Creature — Hydra Avatar", "types": ["Creature"], "uuid": "45c81608-e88f-5651-9472-529dc357a5ca", "watermark": "wotc"}, {"artist": "John Avon", "availability": ["paper"], "borderColor": "black", "colorIdentity": [], "colors": [], "convertedManaCost": 0.0, "edhrecRank": 1519, "finishes": ["foil"], "flavorText": "Some worlds possess a hidden core where life's essence constantly surges.", "foreignData": [], "frameVersion": "2015", "hasFoil": true, "hasNonFoil": false, "identifiers": {"cardKingdomFoilId": "216656", "cardsphereId": "53556", "mcmId": "315524", "mcmMetaId": "9563", "mtgjsonV4Id": "6a3aeba8-7740-5430-a1fe-ad4dc4a05ff0", "scryfallId": "bed54db2-20a8-400e-acd8-16d4e5d7c307", "scryfallIllustrationId": "07be08af-db38-49e5-b3bd-f73d988b989d", "scryfallOracleId": "6b3cc59a-7ea5-4eb5-9bf9-5a9c07f80e2b", "tcgplayerProductId": "155854"}, "isPromo": true, "isReprint": true, "isStarter": true, "language": "English", "layout": "normal", "legalities": {"commander": "Legal", "duel": "Legal", "legacy": "Legal", "modern": "Legal", "pioneer": "Legal", "vintage": "Legal"}, "manaValue": 0.0, "name": "Mutavault", "number": "2018", "originalReleaseDate": "2018-01-01", "printings": ["CLB", "M14", "MOR", "PCMP", "PGPX", "PRM"], "promoTypes": ["tourney"], "purchaseUrls": {"cardKingdomFoil": "https://mtgjson.com/links/db2f436652e26812", "cardmarket": "https://mtgjson.com/links/1f577fe2fc59cc80", "tcgplayer": "https://mtgjson.com/links/f79e6ea8cebf4cf7"}, "rarity": "rare", "rulings": [{"date": "2008-04-01", "text": "Although Mutavault has all creature types while it's animated, it does not have the changeling keyword ability."}, {"date": "2008-08-01", "text": "A noncreature permanent that turns into a creature can attack, and its {T} abilities can be activated, only if its controller has continuously controlled that permanent since the beginning of their most recent turn. It doesn't matter how long the permanent has been a creature."}], "securityStamp": "oval", "setCode": "PGPX", "subtypes": [], "supertypes": [], "text": "{T}: Add {C}.\n{1}: Mutavault becomes a 2/2 creature with all creature types until end of turn. It's still a land.", "type": "Land", "types": ["Land"], "uuid": "64a329cf-9b9e-5c56-9d08-dddb9a198d52", "watermark": "wotc"}, {"artist": "Donato Giancola", "availability": ["paper"], "borderColor": "black", "colorIdentity": ["G"], "colors": [], "convertedManaCost": 0.0, "finishes": ["foil"], "foreignData": [], "frameVersion": "2015", "hasFoil": true, "hasNonFoil": false, "identifiers": {"cardKingdomFoilId": "220654", "cardsphereId": "55353", "mcmId": "359666", "mcmMetaId": "2177", "mtgjsonV4Id": "58588e06-4e5f-5de0-9686-27653e9c6198", "scryfallId": "714a0a11-837a-4c44-9d37-d418b60e8f12", "scryfallIllustrationId": "d73d1555-682a-4db4-9d3e-20e3cdba42e7", "scryfallOracleId": "b34bb2dc-c1af-4d77-b0b3-a0fb342a5fc6", "tcgplayerProductId": "169683"}, "isPromo": true, "isReprint": true, "isStarter": true, "language": "English", "layout": "normal", "legalities": {"alchemy": "Legal", "brawl": "Legal", "commander": "Legal", "duel": "Legal", "explorer": "Legal", "future": "Legal", "gladiator": "Legal", "historic": "Legal", "historicbrawl": "Legal", "legacy": "Legal", "modern": "Legal", "pauper": "Legal", "paupercommander": "Legal", "penny": "Legal", "pioneer": "Legal", "premodern": "Legal", "standard": "Legal", "vintage": "Legal"}, "manaValue": 0.0, "name": "Forest", "number": "2018f", "originalReleaseDate": "2018-06-14", "printings": ["10E", "2ED", "2XM", "3ED", "40K", "4BB", "4ED", "5ED", "6ED", "7ED", "8ED", "9ED", "AFR", "AKH", "AKR", "ALA", "ANA", "ANB", "ARC", "ATH", "AVR", "BBD", "BFZ", "BRB", "BTD", "C13", "C14", "C15", "C16", "C17", "C18", "C19", "CED", "CEI", "CHK", "CLB", "CM2", "CMA", "CMD", "CMR", "CST", "DD1", "DDD", "DDE", "DDG", "DDH", "DDJ", "DDL", "DDM", "DDO", "DDP", "DDR", "DDS", "DDU", "DKM", "DMU", "DOM", "DPA", "DTK", "E01", "ELD", "EVG", "FBB", "FRF", "G17", "GK1", "GK2", "GN2", "GNT", "GRN", "GS1", "GVL", "H09", "HBG", "HOP", "HOU", "ICE", "IKO", "INV", "ISD", "ITP", "J14", "JMP", "KHM", "KLD", "KLR", "KTK", "LEA", "LEB", "LRW", "M10", "M11", "M12", "M13", "M14", "M15", "M19", "M20", "M21", "MBS", "ME1", "ME3", "MH2", "MID", "MIR", "MMQ", "MRD", "NEO", "NPH", "ODY", "OLEP", "ONS", "ORI", "P02", "PAL00", "PAL01", "PAL03", "PAL04", "PAL05", "PAL06", "PAL99", "PALP", "PANA", "PARL", "PC2", "PCA", "PELP", "PF19", "PF20", "PGPX", "PGRU", "PMPS", "PMPS06", "PMPS07", "PMPS08", "PMPS09", "PMPS10", "PMPS11", "POR", "PPP1", "PRM", "PRW2", "PRWK", "PS11", "PSAL", "PSS2", "PSS3", "PTC", "PTK", "PZ2", "RAV", "RIX", "RNA", "ROE", "RQS", "RTR", "S99", "SHM", "SLD", "SNC", "SOI", "SOM", "STX", "SUM", "TD0", "TD2", "THB", "THS", "TMP", "TPR", "TSP", "UGL", "UND", "UNF", "UNH", "USG", "UST", "VOW", "WAR", "WC00", "WC01", "WC02", "WC03", "WC04", "WC97", "WC98", "WC99", "XANA", "XLN", "ZEN", "ZNR"], "promoTypes": ["tourney"], "purchaseUrls": {"cardKingdomFoil": "https://mtgjson.com/links/7c619758079ffe36", "cardmarket": "https://mtgjson.com/links/f34a4bba39e27fa9", "tcgplayer": "https://mtgjson.com/links/c18b0357bd5b0f14"}, "rarity": "rare", "rulings": [], "securityStamp": "oval", "setCode": "PGPX", "subtypes": ["Forest"], "supertypes": ["Basic"], "text": "({T}: Add {G}.)", "type": "Basic Land — Forest", "types": ["Land"], "uuid": "e61b9ca6-4582-5282-98c9-ee47826dadc2", "watermark": "grandprix"}, {"artist": "Donato Giancola", "availability": ["paper"], "borderColor": "black", "colorIdentity": ["U"], "colors": [], "convertedManaCost": 0.0, "finishes": ["foil"], "foreignData": [], "frameVersion": "2015", "hasFoil": true, "hasNonFoil": false, "identifiers": {"cardKingdomFoilId": "220651", "cardsphereId": "55354", "mcmId": "359669", "mcmMetaId": "2923", "mtgjsonV4Id": "2556ba4d-821c-560a-8d62-2da3c054c736", "scryfallId": "95f698a0-8cfb-4a3b-8558-8a49763fd5c8", "scryfallIllustrationId": "c19f2873-67a9-4bd2-91be-b6e6d23fbecd", "scryfallOracleId": "b2c6aa39-2d2a-459c-a555-fb48ba993373", "tcgplayerProductId": "169684"}, "isPromo": true, "isReprint": true, "isStarter": true, "language": "English", "layout": "normal", "legalities": {"alchemy": "Legal", "brawl": "Legal", "commander": "Legal", "duel": "Legal", "explorer": "Legal", "future": "Legal", "gladiator": "Legal", "historic": "Legal", "historicbrawl": "Legal", "legacy": "Legal", "modern": "Legal", "pauper": "Legal", "paupercommander": "Legal", "penny": "Legal", "pioneer": "Legal", "premodern": "Legal", "standard": "Legal", "vintage": "Legal"}, "manaValue": 0.0, "name": "Island", "number": "2018b", "originalReleaseDate": "2018-06-14", "printings": ["10E", "2ED", "2XM", "3ED", "40K", "4BB", "4ED", "5ED", "6ED", "7ED", "8ED", "9ED", "AFR", "AKH", "AKR", "ALA", "ANA", "ANB", "ARC", "AVR", "BBD", "BFZ", "BRB", "BTD", "C13", "C14", "C15", "C16", "C17", "C18", "C19", "CED", "CEI", "CHK", "CLB", "CM2", "CMA", "CMD", "CMR", "CST", "DD2", "DDE", "DDF", "DDH", "DDI", "DDJ", "DDM", "DDN", "DDO", "DDQ", "DDS", "DDT", "DDU", "DMU", "DOM", "DPA", "DTK", "E01", "ELD", "FBB", "FRF", "G17", "GK1", "GK2", "GN2", "GNT", "GRN", "GS1", "H09", "HBG", "HOP", "HOU", "ICE", "IKO", "INV", "ISD", "ITP", "J14", "JMP", "JVC", "KHM", "KLD", "KLR", "KTK", "LEA", "LEB", "LRW", "M10", "M11", "M12", "M13", "M14", "M15", "M19", "M20", "M21", "MBS", "ME1", "ME3", "MH2", "MID", "MIR", "MMQ", "MRD", "NEO", "NPH", "ODY", "OLEP", "ONS", "ORI", "P02", "PAL00", "PAL01", "PAL02", "PAL03", "PAL04", "PAL05", "PAL06", "PAL99", "PALP", "PANA", "PARL", "PC2", "PCA", "PELP", "PF19", "PF20", "PGPX", "PGRU", "PHED", "PLIST", "PMPS", "PMPS06", "PMPS07", "PMPS08", "PMPS09", "PMPS10", "PMPS11", "POR", "PPP1", "PRM", "PRW2", "PRWK", "PS11", "PSAL", "PSS2", "PSS3", "PTC", "PTK", "PZ2", "RAV", "RIX", "RNA", "ROE", "RQS", "RTR", "S99", "SHM", "SLD", "SNC", "SOI", "SOM", "STX", "SUM", "TD0", "TD2", "THB", "THS", "TMP", "TPR", "TSP", "UGL", "UND", "UNF", "UNH", "USG", "UST", "VOW", "WAR", "WC00", "WC01", "WC02", "WC03", "WC04", "WC97", "WC98", "XANA", "XLN", "ZEN", "ZNR"], "promoTypes": ["tourney"], "purchaseUrls": {"cardKingdomFoil": "https://mtgjson.com/links/db7d0a24f87fe6d2", "cardmarket": "https://mtgjson.com/links/9c7ec7bd547d19ce", "tcgplayer": "https://mtgjson.com/links/c1b266cd656c1593"}, "rarity": "rare", "rulings": [], "securityStamp": "oval", "setCode": "PGPX", "subtypes": ["Island"], "supertypes": ["Basic"], "text": "({T}: Add {U}.)", "type": "Basic Land — Island", "types": ["Land"], "uuid": "0e6ff7e8-9f7c-50fd-88d7-6949dd0d874b", "watermark": "grandprix"}, {"artist": "Donato Giancola", "availability": ["paper"], "borderColor": "black", "colorIdentity": ["R"], "colors": [], "convertedManaCost": 0.0, "finishes": ["foil"], "foreignData": [], "frameVersion": "2015", "hasFoil": true, "hasNonFoil": false, "identifiers": {"cardKingdomFoilId": "220653", "cardsphereId": "55355", "mcmId": "359667", "mcmMetaId": "3743", "mtgjsonV4Id": "acb33b70-99dd-5c09-a6b3-095f80df6e29", "scryfallId": "45d524d4-4b7a-402d-85a5-e020bd56b8cd", "scryfallIllustrationId": "fa3f2fb2-9cee-49dc-888e-3d71f476ec3f", "scryfallOracleId": "a3fb7228-e76b-4e96-a40e-20b5fed75685", "tcgplayerProductId": "169685"}, "isPromo": true, "isReprint": true, "isStarter": true, "language": "English", "layout": "normal", "legalities": {"alchemy": "Legal", "brawl": "Legal", "commander": "Legal", "duel": "Legal", "explorer": "Legal", "future": "Legal", "gladiator": "Legal", "historic": "Legal", "historicbrawl": "Legal", "legacy": "Legal", "modern": "Legal", "pauper": "Legal", "paupercommander": "Legal", "penny": "Legal", "pioneer": "Legal", "premodern": "Legal", "standard": "Legal", "vintage": "Legal"}, "manaValue": 0.0, "name": "Mountain", "number": "2018d", "originalReleaseDate": "2018-06-14", "printings": ["10E", "2ED", "2XM", "3ED", "40K", "4BB", "4ED", "5ED", "6ED", "7ED", "8ED", "9ED", "AFR", "AKH", "AKR", "ALA", "ANA", "ANB", "ARC", "ARN", "ATH", "AVR", "BBD", "BFZ", "BRB", "BTD", "C13", "C14", "C15", "C16", "C17", "C18", "C19", "CED", "CEI", "CHK", "CLB", "CM2", "CMA", "CMD", "CMR", "CST", "DD1", "DD2", "DDE", "DDG", "DDH", "DDI", "DDJ", "DDK", "DDL", "DDN", "DDP", "DDS", "DDT", "DDU", "DKM", "DMU", "DOM", "DPA", "DTK", "E01", "ELD", "EVG", "FBB", "FRF", "G17", "GK1", "GK2", "GN2", "GNT", "GRN", "GS1", "H09", "HBG", "HOP", "HOU", "ICE", "IKO", "INV", "ISD", "ITP", "J14", "JMP", "JVC", "KHM", "KLD", "KLR", "KTK", "LEA", "LEB", "LRW", "M10", "M11", "M12", "M13", "M14", "M15", "M19", "M20", "M21", "MBS", "ME1", "ME3", "MH2", "MID", "MIR", "MMQ", "MRD", "NEO", "NPH", "ODY", "OLEP", "ONS", "ORI", "P02", "PAL00", "PAL01", "PAL03", "PAL04", "PAL05", "PAL06", "PAL99", "PALP", "PANA", "PARL", "PC2", "PCA", "PD2", "PELP", "PF19", "PF20", "PGPX", "PGRU", "PHED", "PLIST", "PMPS", "PMPS06", "PMPS07", "PMPS08", "PMPS09", "PMPS10", "PMPS11", "POR", "PPP1", "PRM", "PRW2", "PRWK", "PS11", "PSAL", "PSS2", "PSS3", "PTC", "PTK", "PZ2", "RAV", "RIX", "RNA", "ROE", "RQS", "RTR", "S99", "SHM", "SLD", "SNC", "SOI", "SOM", "STX", "SUM", "TD0", "THB", "THS", "TMP", "TPR", "TSP", "UGL", "UND", "UNF", "UNH", "USG", "UST", "VOW", "WAR", "WC00", "WC01", "WC02", "WC03", "WC97", "WC98", "WC99", "XANA", "XLN", "ZEN", "ZNR"], "promoTypes": ["tourney"], "purchaseUrls": {"cardKingdomFoil": "https://mtgjson.com/links/68d36bcb35741beb", "cardmarket": "https://mtgjson.com/links/3328e92ad66148e9", "tcgplayer": "https://mtgjson.com/links/8790bdb844c1188a"}, "rarity": "rare", "rulings": [], "securityStamp": "oval", "setCode": "PGPX", "subtypes": ["Mountain"], "supertypes": ["Basic"], "text": "({T}: Add {R}.)", "type": "Basic Land — Mountain", "types": ["Land"], "uuid": "3f339cb6-affb-5097-b598-4efe13f5e2a3", "watermark": "grandprix"}, {"artist": "Donato Giancola", "availability": ["paper"], "borderColor": "black", "colorIdentity": ["W"], "colors": [], "convertedManaCost": 0.0, "finishes": ["foil"], "foreignData": [], "frameVersion": "2015", "hasFoil": true, "hasNonFoil": false, "identifiers": {"cardKingdomFoilId": "220650", "cardsphereId": "55356", "mcmId": "359670", "mcmMetaId": "4251", "mtgjsonV4Id": "2b8192f0-8ccc-5012-bd24-f935514fa214", "scryfallId": "a21333ae-490e-4614-b998-f1a99dafcff2", "scryfallIllustrationId": "ff5d7170-40ea-4f8e-b559-af2ecc3a26b0", "scryfallOracleId": "bc71ebf6-2056-41f7-be35-b2e5c34afa99", "tcgplayerProductId": "169686"}, "isPromo": true, "isReprint": true, "isStarter": true, "language": "English", "layout": "normal", "legalities": {"alchemy": "Legal", "brawl": "Legal", "commander": "Legal", "duel": "Legal", "explorer": "Legal", "future": "Legal", "gladiator": "Legal", "historic": "Legal", "historicbrawl": "Legal", "legacy": "Legal", "modern": "Legal", "pauper": "Legal", "paupercommander": "Legal", "penny": "Legal", "pioneer": "Legal", "premodern": "Legal", "standard": "Legal", "vintage": "Legal"}, "manaValue": 0.0, "name": "Plains", "number": "2018a", "originalReleaseDate": "2018-06-14", "printings": ["10E", "2ED", "2XM", "3ED", "40K", "4BB", "4ED", "5ED", "6ED", "7ED", "8ED", "9ED", "AFR", "AKH", "AKR", "ALA", "ANA", "ANB", "ARC", "ATH", "AVR", "BBD", "BFZ", "BRB", "C13", "C14", "C15", "C16", "C17", "C18", "C19", "CED", "CEI", "CHK", "CLB", "CM2", "CMA", "CMD", "CMR", "CST", "DDC", "DDE", "DDF", "DDG", "DDH", "DDI", "DDK", "DDL", "DDN", "DDO", "DDP", "DDQ", "DMU", "DOM", "DTK", "DVD", "E01", "ELD", "FBB", "FRF", "G17", "GK1", "GK2", "GN2", "GNT", "GRN", "GS1", "H09", "HBG", "HOP", "HOU", "ICE", "IKO", "INV", "ISD", "ITP", "J14", "JMP", "KHM", "KLD", "KLR", "KTK", "LEA", "LEB", "LRW", "M10", "M11", "M12", "M13", "M14", "M15", "M19", "M20", "M21", "MBS", "MD1", "ME1", "ME3", "MH2", "MID", "MIR", "MMQ", "MRD", "NEO", "NPH", "ODY", "OLEP", "ONS", "ORI", "P02", "PAL00", "PAL01", "PAL03", "PAL04", "PAL05", "PAL06", "PAL99", "PALP", "PANA", "PARL", "PC2", "PCA", "PDGM", "PELP", "PF19", "PF20", "PGPX", "PGRU", "PLIST", "PMPS", "PMPS06", "PMPS07", "PMPS08", "PMPS09", "PMPS10", "PMPS11", "POR", "PPP1", "PRM", "PRW2", "PRWK", "PS11", "PSAL", "PSS2", "PSS3", "PTC", "PTK", "PZ2", "RAV", "RIX", "RNA", "ROE", "RQS", "RTR", "S99", "SHM", "SLD", "SNC", "SOI", "SOM", "STX", "SUM", "TD0", "TD2", "THB", "THS", "TMP", "TPR", "TSP", "UGL", "UND", "UNF", "UNH", "USG", "UST", "VOW", "WAR", "WC00", "WC02", "WC03", "WC04", "WC97", "WC98", "XANA", "XLN", "ZEN", "ZNR"], "promoTypes": ["tourney"], "purchaseUrls": {"cardKingdomFoil": "https://mtgjson.com/links/55e04e92491afb89", "cardmarket": "https://mtgjson.com/links/3724b67fdbc80d45", "tcgplayer": "https://mtgjson.com/links/3f7f71617670a6c6"}, "rarity": "rare", "rulings": [], "securityStamp": "oval", "setCode": "PGPX", "subtypes": ["Plains"], "supertypes": ["Basic"], "text": "({T}: Add {W}.)", "type": "Basic Land — Plains", "types": ["Land"], "uuid": "3ab01b0d-3a22-57d1-96cd-0f3955888171", "watermark": "grandprix"}, {"artist": "Donato Giancola", "availability": ["paper"], "borderColor": "black", "colorIdentity": ["B"], "colors": [], "convertedManaCost": 0.0, "finishes": ["foil"], "foreignData": [], "frameVersion": "2015", "hasFoil": true, "hasNonFoil": false, "identifiers": {"cardKingdomFoilId": "220652", "cardsphereId": "55357", "mcmId": "359668", "mcmMetaId": "5739", "mtgjsonV4Id": "d8b305e4-d233-5769-abd9-cc30bdddd215", "scryfallId": "47ad789b-a519-4f90-91fc-e45f41dbbf22", "scryfallIllustrationId": "9e3b72b1-5f94-428e-9d90-b6782ce7f735", "scryfallOracleId": "56719f6a-1a6c-4c0a-8d21-18f7d7350b68", "tcgplayerProductId": "169687"}, "isPromo": true, "isReprint": true, "isStarter": true, "language": "English", "layout": "normal", "legalities": {"alchemy": "Legal", "brawl": "Legal", "commander": "Legal", "duel": "Legal", "explorer": "Legal", "future": "Legal", "gladiator": "Legal", "historic": "Legal", "historicbrawl": "Legal", "legacy": "Legal", "modern": "Legal", "pauper": "Legal", "paupercommander": "Legal", "penny": "Legal", "pioneer": "Legal", "premodern": "Legal", "standard": "Legal", "vintage": "Legal"}, "manaValue": 0.0, "name": "Swamp", "number": "2018c", "originalReleaseDate": "2018-06-14", "printings": ["10E", "2ED", "2XM", "3ED", "40K", "4BB", "4ED", "5ED", "6ED", "7ED", "8ED", "9ED", "AFR", "AKH", "AKR", "ALA", "ANA", "ANB", "ARC", "ATH", "AVR", "BBD", "BFZ", "BRB", "BTD", "C13", "C14", "C15", "C16", "C17", "C18", "C19", "CED", "CEI", "CHK", "CLB", "CM2", "CMA", "CMD", "CST", "DDC", "DDD", "DDE", "DDH", "DDJ", "DDK", "DDM", "DDN", "DDP", "DDQ", "DDR", "DKM", "DMU", "DOM", "DPA", "DTK", "DVD", "E01", "ELD", "FBB", "FRF", "G17", "GK1", "GK2", "GN2", "GNT", "GRN", "GVL", "H09", "HBG", "HOP", "HOU", "ICE", "IKO", "INV", "ISD", "ITP", "J14", "JMP", "KHM", "KLD", "KLR", "KTK", "LEA", "LEB", "LRW", "M10", "M11", "M12", "M13", "M14", "M15", "M19", "M20", "M21", "MBS", "MD1", "ME1", "ME3", "MH2", "MID", "MIR", "MMQ", "MRD", "NEO", "NPH", "ODY", "OLEP", "ONS", "ORI", "P02", "PAL00", "PAL01", "PAL03", "PAL04", "PAL05", "PAL06", "PAL99", "PALP", "PANA", "PARL", "PC2", "PCA", "PD3", "PELP", "PF19", "PF20", "PGPX", "PGRU", "PHUK", "PMPS", "PMPS06", "PMPS07", "PMPS08", "PMPS09", "PMPS10", "PMPS11", "POR", "PPP1", "PRM", "PRW2", "PRWK", "PS11", "PSAL", "PSS2", "PSS3", "PTC", "PTK", "RAV", "RIX", "RNA", "ROE", "RQS", "RTR", "S99", "SHM", "SLD", "SNC", "SOI", "SOM", "STX", "SUM", "TD0", "TD2", "THB", "THS", "TMP", "TPR", "TSP", "UGL", "UND", "UNF", "UNH", "USG", "UST", "VOW", "WAR", "WC01", "WC02", "WC03", "WC97", "WC98", "WC99", "XANA", "XLN", "ZEN", "ZNR"], "promoTypes": ["tourney"], "purchaseUrls": {"cardKingdomFoil": "https://mtgjson.com/links/fcb3022b5de6b92c", "cardmarket": "https://mtgjson.com/links/f54ed2aa12de05e9", "tcgplayer": "https://mtgjson.com/links/f19aee93c05a2410"}, "rarity": "rare", "rulings": [], "securityStamp": "oval", "setCode": "PGPX", "subtypes": ["Swamp"], "supertypes": ["Basic"], "text": "({T}: Add {B}.)", "type": "Basic Land — Swamp", "types": ["Land"], "uuid": "903f922e-d9d3-5d8a-9cc9-5599f579911c", "watermark": "grandprix"}], "cardsphereSetId": 849, "code": "PGPX", "isFoilOnly": true, "isOnlineOnly": false, "keyruneCode": "PMEI", "mcmId": 1595, "mcmName": "Grand Prix Promos", "name": "Grand Prix Promos", "releaseDate": "2007-02-24", "tcgplayerGroupId": 54, "tokens": [], "totalSetSize": 20, "translations": {}, "type": "promo"}}