{"meta": {"date": "2022-09-29", "version": "5.2.0+20220929"}, "data": {"baseSetSize": 6, "cards": [{"artist": "Jason Chan", "availability": ["paper"], "borderColor": "black", "colorIdentity": ["W"], "colors": ["W"], "convertedManaCost": 8.0, "edhrecRank": 632, "finishes": ["nonfoil", "foil"], "flavorText": "A golden helix streaked skyward from the Helvault. A thunderous explosion shattered the silver monolith and Avacyn emerged, free from her prison at last.", "foreignData": [], "frameVersion": "2003", "hasFoil": true, "hasNonFoil": true, "identifiers": {"cardKingdomFoilId": "216122", "cardKingdomId": "216121", "mcmId": "254774", "mtgjsonV4Id": "f9f6789d-d61f-5da2-af10-e9ac0dbd64c0", "scryfallId": "446f001c-2164-4c3e-8017-5f4ea33e5d08", "scryfallIllustrationId": "e4cb9f8d-fdf1-47ef-a393-a5b3f76d9e00", "scryfallOracleId": "216cb26e-8da9-478b-bfbc-8030f7adee72", "tcgplayerProductId": "77444"}, "isOversized": true, "isReprint": true, "isStarter": true, "keywords": ["Flying", "Indestructible", "Vigilance"], "language": "English", "layout": "normal", "leadershipSkills": {"brawl": false, "commander": true, "oathbreaker": false}, "legalities": {"commander": "Legal", "duel": "Legal", "gladiator": "Legal", "historic": "Legal", "historicbrawl": "Legal", "legacy": "Legal", "modern": "Legal", "vintage": "Legal"}, "manaCost": "{5}{W}{W}{W}", "manaValue": 8.0, "name": "Avacyn, Angel of Hope", "number": "6", "power": "8", "printings": ["2XM", "AVR", "HA6", "IMA", "J17", "PHEL", "PRM", "V15"], "promoTypes": ["instore"], "purchaseUrls": {"cardKingdom": "https://mtgjson.com/links/11afdc6bb47a1682", "cardKingdomFoil": "https://mtgjson.com/links/e312a76e5a650028", "tcgplayer": "https://mtgjson.com/links/9f19149280543b41"}, "rarity": "mythic", "rulings": [{"date": "2020-08-07", "text": "Because damage remains marked on a creature until the damage is removed as the turn ends, nonlethal damage dealt to a creature you control may become lethal if Avacyn leaves the battlefield during that turn."}, {"date": "2020-08-07", "text": "A planeswalker with indestructible still loses loyalty as it's dealt damage. It is put into its owner's graveyard if its loyalty becomes 0."}], "setCode": "PHEL", "subtypes": ["Angel"], "supertypes": ["Legendary"], "text": "Flying, vigilance, indestructible\nOther permanents you control have indestructible.", "toughness": "8", "type": "Legendary Creature — Angel", "types": ["Creature"], "uuid": "8904fd5b-295f-557d-9d48-d70471c59df0"}, {"artist": "Igor Kieryluk", "availability": ["paper"], "borderColor": "black", "colorIdentity": ["B"], "colors": ["B"], "convertedManaCost": 8.0, "finishes": ["nonfoil", "foil"], "flavorText": "\"Avacyn emerged from the broken Helvault, but her freedom came at a price—him.\"\n—Thalia, Knight-Cathar", "foreignData": [], "frameVersion": "2003", "hasFoil": true, "hasNonFoil": true, "identifiers": {"cardKingdomFoilId": "216124", "cardKingdomId": "216123", "mcmId": "254770", "mtgjsonV4Id": "30c6b5b9-dcf6-5ccd-94ab-d8b870cab073", "scryfallId": "0d3c824c-c20c-4708-897f-3796ec4245f9", "scryfallIllustrationId": "a2c096a2-1971-44ca-b89d-f2f1fa3f595f", "scryfallOracleId": "f759d112-76db-4091-a22b-b9f19ab6fa5f", "tcgplayerProductId": "77448"}, "isOversized": true, "isReprint": true, "isStarter": true, "keywords": ["Flying", "Lifelink"], "language": "English", "layout": "normal", "leadershipSkills": {"brawl": false, "commander": true, "oathbreaker": false}, "legalities": {"commander": "Banned", "duel": "Legal", "legacy": "Legal", "modern": "Legal", "vintage": "Legal"}, "manaCost": "{4}{B}{B}{B}{B}", "manaValue": 8.0, "name": "Griselbrand", "number": "106", "power": "7", "printings": ["AVR", "MM3", "PGPX", "PHEL", "PRM", "SLD"], "promoTypes": ["instore"], "purchaseUrls": {"cardKingdom": "https://mtgjson.com/links/90cecdc1796db664", "cardKingdomFoil": "https://mtgjson.com/links/77580372140d9f3c", "tcgplayer": "https://mtgjson.com/links/14c195b6ec11adde"}, "rarity": "mythic", "rulings": [{"date": "2012-05-01", "text": "You can’t activate Griselbrand’s ability if you have 6 or less life."}], "setCode": "PHEL", "subtypes": ["Demon"], "supertypes": ["Legendary"], "text": "Flying, lifelink\nPay 7 life: Draw seven cards.", "toughness": "7", "type": "Legendary Creature — Demon", "types": ["Creature"], "uuid": "4a33389f-4930-5112-86d7-2e235b18302e"}, {"artist": "Winona Nelson", "availability": ["paper"], "borderColor": "black", "colorIdentity": ["U", "W"], "colors": ["U", "W"], "convertedManaCost": 6.0, "edhrecRank": 4830, "finishes": ["nonfoil", "foil"], "foreignData": [], "frameVersion": "2003", "hasFoil": true, "hasNonFoil": true, "identifiers": {"cardKingdomFoilId": "202404", "cardKingdomId": "216119", "mcmId": "254773", "mtgjsonV4Id": "eb39e15f-d602-58fe-859f-9fb221875481", "scryfallId": "c1995b46-cd88-470d-89ec-37ffb6596348", "scryfallIllustrationId": "467aa396-f9ac-4939-bb7c-37b3412cdf6d", "scryfallOracleId": "e8f213eb-58db-4fab-bd0b-2acfd0a86ac3", "tcgplayerProductId": "77445"}, "isOversized": true, "isReprint": true, "isStarter": true, "keywords": ["Flying", "Vigilance"], "language": "English", "layout": "normal", "leadershipSkills": {"brawl": false, "commander": true, "oathbreaker": false}, "legalities": {"commander": "Legal", "duel": "Legal", "legacy": "Legal", "modern": "Legal", "penny": "Legal", "vintage": "Legal"}, "manaCost": "{3}{W}{W}{U}", "manaValue": 6.0, "name": "Bruna, Light of Alabaster", "number": "208", "power": "5", "printings": ["AVR", "C18", "PHEL"], "promoTypes": ["instore"], "purchaseUrls": {"cardKingdom": "https://mtgjson.com/links/3ebcce4902a29c7c", "cardKingdomFoil": "https://mtgjson.com/links/b97c89175e3a2a03", "tcgplayer": "https://mtgjson.com/links/901ec772e7966fd7"}, "rarity": "mythic", "rulings": [{"date": "2012-05-01", "text": "Only Auras that could legally enchant Bruna may be attached to it, whether they’re being moved from other permanents or being put onto the battlefield. An Aura with “enchant land,” for example, could not be attached to Bruna this way."}, {"date": "2012-05-01", "text": "All of these Auras will become attached to Bruna before combat damage is dealt. If Bruna is attacking, these Auras become attached before blockers are declared."}], "setCode": "PHEL", "subtypes": ["Angel"], "supertypes": ["Legendary"], "text": "Flying, vigilance\nWhenever Bruna, Light of Alabaster attacks or blocks, you may attach to it any number of Auras on the battlefield and you may put onto the battlefield attached to it any number of Aura cards that could enchant it from your graveyard and/or hand.", "toughness": "5", "type": "Legendary Creature — Angel", "types": ["Creature"], "uuid": "7757c96c-3123-5d24-b99b-4981bee0f3fe"}, {"artist": "Jason Chan", "availability": ["paper"], "borderColor": "black", "colorIdentity": ["R", "W"], "colors": ["R", "W"], "convertedManaCost": 7.0, "edhrecRank": 975, "finishes": ["nonfoil", "foil"], "foreignData": [], "frameVersion": "2003", "hasFoil": true, "hasNonFoil": true, "identifiers": {"cardKingdomFoilId": "216126", "cardKingdomId": "216125", "mcmId": "254772", "mtgjsonV4Id": "b827b203-31b1-5c3d-8ca2-7f0406d6c641", "scryfallId": "95a576a5-e873-4f27-93df-d363fc5945d0", "scryfallIllustrationId": "ddf4595c-2fbd-41f1-bf45-f096c9c4154a", "scryfallOracleId": "66f9f325-5e8e-4ebf-b5b3-c6410d80f2c5", "tcgplayerProductId": "77446"}, "isOversized": true, "isReprint": true, "isStarter": true, "keywords": ["First strike", "Flying"], "language": "English", "layout": "normal", "leadershipSkills": {"brawl": false, "commander": true, "oathbreaker": false}, "legalities": {"commander": "Legal", "duel": "Legal", "legacy": "Legal", "modern": "Legal", "vintage": "Legal"}, "manaCost": "{4}{R}{W}{W}", "manaValue": 7.0, "name": "Gisela, Blade of Goldnight", "number": "209", "power": "5", "printings": ["A25", "AVR", "C15", "CM2", "PHEL", "PLIST", "SLD"], "promoTypes": ["instore"], "purchaseUrls": {"cardKingdom": "https://mtgjson.com/links/b896d940b1523942", "cardKingdomFoil": "https://mtgjson.com/links/907ded2edafc0762", "tcgplayer": "https://mtgjson.com/links/10dda8b1ba6d1064"}, "rarity": "mythic", "rulings": [{"date": "2018-03-16", "text": "Gisela doubles damage dealt to opponents and permanents your opponents control from any source, including sources controlled by those opponents."}, {"date": "2018-03-16", "text": "If multiple replacement effects would modify how damage would be dealt, the player being dealt damage (or the controller of the permanent being dealt damage) chooses the order in which to apply those effects."}, {"date": "2018-03-16", "text": "If damage dealt by a source you control is being divided or assigned among multiple permanents an opponent controls or among an opponent and one or more permanents they control simultaneously, divide the original amount and double the results. For example, if you attack with a 5/5 creature with trample and your opponent blocks with a 2/2 creature, you can assign 2 damage to the blocker and 3 damage to the defending player. These amounts are then doubled to 4 and 6 damage, respectively. You can’t double the damage to 10 first and then assign 2 to the creature and 8 to the player."}], "setCode": "PHEL", "subtypes": ["Angel"], "supertypes": ["Legendary"], "text": "Flying, first strike\nIf a source would deal damage to an opponent or a permanent an opponent controls, that source deals double that damage to that player or permanent instead.\nIf a source would deal damage to you or a permanent you control, prevent half that damage, rounded up.", "toughness": "5", "type": "Legendary Creature — Angel", "types": ["Creature"], "uuid": "57c36a49-032c-5e2e-af4a-b230ff6ae234"}, {"artist": "Chris Rahn", "availability": ["paper"], "borderColor": "black", "colorIdentity": ["G", "W"], "colors": ["G", "W"], "convertedManaCost": 5.0, "edhrecRank": 2870, "finishes": ["nonfoil", "foil"], "flavorText": "Great devotion yields great reward.", "foreignData": [], "frameVersion": "2003", "hasFoil": true, "hasNonFoil": true, "identifiers": {"cardKingdomFoilId": "202403", "cardKingdomId": "216120", "mcmId": "254771", "mtgjsonV4Id": "44e04ea2-6761-51c8-81e6-37a838a6e480", "scryfallId": "5d7b3923-7740-433e-bfbb-1898923eafe8", "scryfallIllustrationId": "6148d251-479b-4510-b79b-90fe624bc025", "scryfallOracleId": "e55104e2-4900-48de-b288-d3e6abd5e09e", "tcgplayerProductId": "77447"}, "isOversized": true, "isReprint": true, "isStarter": true, "keywords": ["Flying", "Hexproof"], "language": "English", "layout": "normal", "leadershipSkills": {"brawl": false, "commander": true, "oathbreaker": false}, "legalities": {"commander": "Legal", "duel": "Legal", "legacy": "Legal", "modern": "Legal", "vintage": "Legal"}, "manaCost": "{2}{G}{W}{W}", "manaValue": 5.0, "name": "Sigarda, Host of Herons", "number": "210", "power": "5", "printings": ["AVR", "PHEL", "PUMA", "UMA"], "promoTypes": ["instore"], "purchaseUrls": {"cardKingdom": "https://mtgjson.com/links/3ec1e95974687311", "cardKingdomFoil": "https://mtgjson.com/links/d665fc423749a663", "tcgplayer": "https://mtgjson.com/links/f602c43ba37e1e0e"}, "rarity": "mythic", "rulings": [{"date": "2018-12-07", "text": "As a spell or ability an opponent controls resolves, if it would force you to sacrifice a permanent, you just don’t. That part of the effect does nothing. If that spell or ability gives you the option to sacrifice a permanent (as Desecration Demon does), you can’t take that option."}, {"date": "2018-12-07", "text": "If a spell or ability an opponent controls states something happens unless you sacrifice a permanent (as Mogis, God of Slaughter does), you can’t choose to sacrifice a permanent. On the other hand, if a spell or ability an opponent controls instructs you to sacrifice a permanent unless you perform an action (as Killing Wave does), you can choose whether or not to perform the action. If you don’t perform the action, nothing happens, since you can’t sacrifice any permanents."}, {"date": "2018-12-07", "text": "Sigarda’s ability affects only sacrifices. It won’t stop a creature from dying due to lethal damage or having 0 toughness, and it won’t stop a permanent from being put into its owner’s graveyard due to the “legend rule.” None of these are sacrifices; they’re the result of game rules."}], "setCode": "PHEL", "subtypes": ["Angel"], "supertypes": ["Legendary"], "text": "Flying, hexproof\nSpells and abilities your opponents control can't cause you to sacrifice permanents.", "toughness": "5", "type": "Legendary Creature — Angel", "types": ["Creature"], "uuid": "6365039b-36cf-5062-a6a7-51739f83cbf1"}], "code": "PHEL", "isFoilOnly": false, "isOnlineOnly": false, "keyruneCode": "AVR", "name": "Open the Helvault", "parentCode": "AVR", "releaseDate": "2012-04-28", "tokens": [{"artist": "James Ryman", "availability": ["paper"], "borderColor": "black", "colorIdentity": ["B", "W"], "colors": ["W"], "faceName": "Angel", "finishes": ["nonfoil", "foil"], "frameVersion": "2003", "hasFoil": true, "hasNonFoil": true, "identifiers": {"mtgjsonV4Id": "c5f44c1b-52e2-5caf-b3fb-d46330586da3", "scryfallId": "4ac2b852-92b2-4daf-9d1f-f71d3b27c241", "scryfallIllustrationId": "9ad41f32-8ef8-4ac4-9a19-575cd1212306", "scryfallOracleId": "01fbdd79-5c23-43d5-8e95-492f8e994956", "tcgplayerProductId": "78525"}, "keywords": ["Flying"], "language": "English", "layout": "double_faced_token", "name": "Angel // Demon", "number": "1★", "otherFaceIds": ["c9f511f7-6427-5a07-a528-5927acce53ce"], "power": "4", "promoTypes": ["instore"], "reverseRelated": [], "setCode": "PHEL", "side": "a", "subtypes": ["Angel"], "supertypes": [], "text": "Flying", "toughness": "4", "type": "Token Creature — Angel", "types": ["Token", "Creature"], "uuid": "8d1a9e3a-ecec-5a87-8168-c92b7abfcf04"}, {"artist": "Karl Kopinski", "availability": ["paper"], "borderColor": "black", "colorIdentity": ["B", "W"], "colors": ["B"], "faceName": "Demon", "finishes": ["nonfoil", "foil"], "frameVersion": "2003", "hasFoil": true, "hasNonFoil": true, "identifiers": {"mtgjsonV4Id": "a690ac6b-b4dc-5d2e-8b98-3a46911c4281", "scryfallId": "4ac2b852-92b2-4daf-9d1f-f71d3b27c241", "scryfallIllustrationId": "57de4783-8a3f-406d-866b-ed1f7d96e753", "scryfallOracleId": "01fbdd79-5c23-43d5-8e95-492f8e994956", "tcgplayerProductId": "78525"}, "keywords": ["Flying"], "language": "English", "layout": "double_faced_token", "name": "Angel // Demon", "number": "1★", "otherFaceIds": ["8d1a9e3a-ecec-5a87-8168-c92b7abfcf04"], "power": "5", "promoTypes": ["instore"], "reverseRelated": [], "setCode": "PHEL", "side": "b", "subtypes": ["Demon"], "supertypes": [], "text": "Flying", "toughness": "5", "type": "Token Creature — Demon", "types": ["Token", "Creature"], "uuid": "c9f511f7-6427-5a07-a528-5927acce53ce"}], "totalSetSize": 5, "translations": {}, "type": "memorabilia"}}