{"meta": {"date": "2022-09-29", "version": "5.2.0+20220929"}, "data": {"baseSetSize": 5, "cards": [{"artist": "Daniel Gelon", "availability": ["paper"], "borderColor": "black", "colorIdentity": ["R"], "colors": ["R"], "convertedManaCost": 4.0, "edhrecRank": 22713, "finishes": ["nonfoil"], "foreignData": [], "frameVersion": "1997", "hasFoil": false, "hasNonFoil": true, "identifiers": {"mcmId": "259530", "mtgjsonV4Id": "302bb25a-0b77-52eb-b4ee-cbd2338df47d", "scryfallId": "4b81c23e-8177-4a0c-907c-23b2ab359417", "scryfallIllustrationId": "f54275d8-213d-43e2-aede-f2e944ddd0a3", "scryfallOracleId": "540e1371-baa9-412f-a17a-22ea833ea3e8"}, "isPromo": true, "isReprint": true, "isStarter": true, "keywords": ["Trample"], "language": "Japanese", "layout": "normal", "legalities": {"commander": "Legal", "duel": "Legal", "legacy": "Legal", "paupercommander": "Restricted", "premodern": "Legal", "vintage": "Legal"}, "manaCost": "{2}{R}{R}", "manaValue": 4.0, "name": "Goblin Mutant", "number": "1", "power": "5", "printings": ["ATH", "DKM", "ICE", "ME1", "PHJ"], "purchaseUrls": {}, "rarity": "rare", "rulings": [], "setCode": "PHJ", "subtypes": ["Goblin", "Mutant"], "supertypes": [], "text": "Trample\nGoblin Mutant can't attack if defending player controls an untapped creature with power 3 or greater.\nGoblin Mutant can't block creatures with power 3 or greater.", "toughness": "3", "type": "Creature — Goblin Mutant", "types": ["Creature"], "uuid": "a164ca48-beae-5388-8874-c9d95c5af914"}, {"artist": "Christopher Rush", "availability": ["paper"], "borderColor": "black", "colorIdentity": ["B"], "colors": ["B"], "convertedManaCost": 6.0, "edhrecRank": 17015, "finishes": ["nonfoil"], "foreignData": [], "frameVersion": "1997", "hasFoil": false, "hasNonFoil": true, "identifiers": {"mcmId": "259531", "mtgjsonV4Id": "b8a328e6-2c25-5316-a94c-9f8b32c9ba4e", "scryfallId": "56d13d28-811d-4e13-9d93-e5051b15dd14", "scryfallIllustrationId": "706e5d82-439d-479b-8b94-49e2aad85839", "scryfallOracleId": "5eb29367-4ec3-4bd2-887e-13eeeecae8fa"}, "isPromo": true, "isReprint": true, "isStarter": true, "keywords": ["Protection"], "language": "Japanese", "layout": "normal", "leadershipSkills": {"brawl": false, "commander": true, "oathbreaker": false}, "legalities": {"commander": "Legal", "duel": "Legal", "legacy": "Legal", "paupercommander": "Restricted", "penny": "Legal", "premodern": "Legal", "vintage": "Legal"}, "manaCost": "{3}{B}{B}{B}", "manaValue": 6.0, "name": "Ihsan's Shade", "number": "2", "power": "5", "printings": ["A25", "ATH", "HML", "ME2", "PHJ", "PTC"], "purchaseUrls": {}, "rarity": "rare", "rulings": [], "setCode": "PHJ", "subtypes": ["Shade", "Knight"], "supertypes": ["Legendary"], "text": "Protection from white", "toughness": "5", "type": "Legendary Creature — Shade Knight", "types": ["Creature"], "uuid": "7e844d22-64ce-5fd5-9f15-699333732a94"}, {"artist": "Quinton Hoover", "availability": ["paper"], "borderColor": "black", "colorIdentity": ["B"], "colors": ["B"], "convertedManaCost": 5.0, "edhrecRank": 19995, "finishes": ["nonfoil"], "foreignData": [], "frameVersion": "1997", "hasFoil": false, "hasNonFoil": true, "identifiers": {"mcmId": "259532", "mtgjsonV4Id": "2cfc2db8-9691-5ba1-be6e-f4a9081e9111", "scryfallId": "7e8cbd3c-e88d-4d08-8553-20dfbad5f833", "scryfallIllustrationId": "f1b7cf7f-9b8e-4ef4-b937-8e1641a9ee00", "scryfallOracleId": "8fa93c01-f9ea-4d48-a040-418d1ca6be19"}, "isPromo": true, "isReprint": true, "isStarter": true, "language": "Japanese", "layout": "normal", "legalities": {"commander": "Legal", "duel": "Legal", "legacy": "Legal", "paupercommander": "Restricted", "premodern": "Legal", "vintage": "Legal"}, "manaCost": "{3}{B}{B}", "manaValue": 5.0, "name": "Krovikan Vampire", "number": "3", "power": "3", "printings": ["ICE", "ME2", "PHJ"], "purchaseUrls": {}, "rarity": "rare", "rulings": [{"date": "2004-10-04", "text": "At the beginning of each end step, the game checks all creatures that died that turn to see if Krovikan Vampire had dealt damage to them during the turn. It doesn’t matter whether the damage was combat damage, and it doesn’t matter whether the damage was what caused the creatures to die."}, {"date": "2004-10-04", "text": "If a creature Krovikan Vampire dealt damage to dies, then leaves the graveyard by some means, the game loses track of it. Krovikan Vampire’s ability won’t be able to return it to the battlefield, even if it’s put back into the graveyard before the end step."}, {"date": "2008-08-01", "text": "Whoever controls Krovikan Vampire when the ability triggers will return the applicable cards to the battlefield under their control. It doesn’t matter who controlled it at the time the damage was dealt."}, {"date": "2008-08-01", "text": "If Krovikan Vampire isn’t on the battlefield at the beginning of the end step, its ability won’t trigger. No cards will be returned to the battlefield, even if Krovikan Vampire dealt damage to some creatures that died that turn."}, {"date": "2008-10-01", "text": "If a creature that Krovikan Vampire dealt damage to that turn dies in response to the triggered ability, that creature card will be put onto the battlefield. Note that an appropriate creature must have died prior to the beginning of the end step in order for the ability to trigger in the first place."}], "setCode": "PHJ", "subtypes": ["Vampire"], "supertypes": [], "text": "At the beginning of each end step, if a creature dealt damage by Krovikan Vampire this turn died, put that card onto the battlefield under your control. Sacrifice it when you lose control of Krovikan Vampire.", "toughness": "3", "type": "Creature — Vampire", "types": ["Creature"], "uuid": "424dc6c9-d3bb-5ad3-b4f0-f865dda5b501"}, {"artist": "Ruth Thompson", "availability": ["paper"], "borderColor": "black", "colorIdentity": ["G", "R"], "colors": ["G", "R"], "convertedManaCost": 2.0, "edhrecRank": 20217, "finishes": ["nonfoil"], "foreignData": [], "frameVersion": "1997", "hasFoil": false, "hasNonFoil": true, "identifiers": {"mcmId": "259533", "mtgjsonV4Id": "a3824bc0-b8d4-50c6-9e78-ac52153e83ae", "scryfallId": "2f532e49-5f70-4210-9b09-5a8ced370215", "scryfallIllustrationId": "8bd05921-4e6f-4f48-8fa6-006b12d2b879", "scryfallOracleId": "bd3e55cf-ffca-402c-91ea-2420035a9dd1"}, "isPromo": true, "isReprint": true, "isStarter": true, "language": "Japanese", "layout": "normal", "legalities": {"commander": "Legal", "duel": "Legal", "legacy": "Legal", "premodern": "Legal", "vintage": "Legal"}, "manaCost": "{R}{G}", "manaValue": 2.0, "name": "Surge of Strength", "number": "4", "printings": ["ALL", "PHJ"], "purchaseUrls": {}, "rarity": "rare", "rulings": [], "setCode": "PHJ", "subtypes": [], "supertypes": [], "text": "As an additional cost to cast this spell, discard a red or green card.\nTarget creature gains trample and gets +X/+0 until end of turn, where X is that creature's mana value.", "type": "Instant", "types": ["Instant"], "uuid": "301b1c35-c84c-57e2-8870-cc1f9fa26332"}, {"artist": "Pat Lewis", "availability": ["paper"], "borderColor": "black", "colorIdentity": ["G"], "colors": ["G"], "convertedManaCost": 4.0, "edhrecRank": 19096, "finishes": ["nonfoil"], "foreignData": [], "frameVersion": "1997", "hasFoil": false, "hasNonFoil": true, "identifiers": {"mcmId": "259534", "mtgjsonV4Id": "66e75144-6250-5293-a750-967e10c46707", "scryfallId": "ed7a8162-304a-4148-ad2e-c6e513aaff92", "scryfallIllustrationId": "7fa26ebe-2eb2-4200-b10a-5de4fce99c0b", "scryfallOracleId": "3f5bbfaa-cbd7-47af-9aa2-abb49d672734"}, "isPromo": true, "isReprint": true, "isStarter": true, "keywords": ["Cumulative upkeep", "Haste", "Trample"], "language": "Japanese", "layout": "normal", "legalities": {"commander": "Legal", "duel": "Legal", "legacy": "Legal", "paupercommander": "Restricted", "penny": "Legal", "premodern": "Legal", "vintage": "Legal"}, "manaCost": "{2}{G}{G}", "manaValue": 4.0, "name": "Yavimaya Ants", "number": "5", "power": "5", "printings": ["ALL", "DKM", "ME1", "PHJ"], "purchaseUrls": {}, "rarity": "rare", "rulings": [{"date": "2008-10-01", "text": "Paying cumulative upkeep is always optional. If it’s not paid, the permanent with cumulative upkeep is sacrificed. Partial payments of the total cumulative upkeep cost can’t be made. For example, if a permanent with “cumulative upkeep {1}” has three age counters on it when its cumulative upkeep ability triggers, it gets another age counter and then its controller chooses to either pay {4} or sacrifice the permanent."}], "setCode": "PHJ", "subtypes": ["Insect"], "supertypes": [], "text": "Trample, haste\nCumulative upkeep {G}{G} (At the beginning of your upkeep, put an age counter on this permanent, then sacrifice it unless you pay its upkeep cost for each age counter on it.)", "toughness": "1", "type": "Creature — Insect", "types": ["Creature"], "uuid": "d4820719-1a63-58d1-af51-3770cf2d10b7"}], "code": "PHJ", "isFoilOnly": false, "isForeignOnly": true, "isNonFoilOnly": true, "isOnlineOnly": false, "keyruneCode": "DEFAULT", "name": "Hobby Japan Promos", "releaseDate": "2002-07-01", "tokens": [], "totalSetSize": 5, "translations": {}, "type": "promo"}}