{"meta": {"date": "2022-09-29", "version": "5.2.0+20220929"}, "data": {"baseSetSize": 5, "cards": [{"artist": "Ryan Pancoast", "availability": ["paper"], "borderColor": "black", "colorIdentity": ["U"], "colors": ["U"], "convertedManaCost": 4.0, "edhrecRank": 8778, "finishes": ["nonfoil"], "foreignData": [], "frameVersion": "2003", "hasFoil": false, "hasNonFoil": true, "identifiers": {"cardKingdomId": "190802", "cardsphereId": "19982", "mcmId": "261474", "mtgjsonV4Id": "dc5aa12d-2b3b-5100-bbaa-dd4f2ee11918", "scryfallId": "e199afa3-d16d-4b8e-b553-86bc3884aed1", "scryfallIllustrationId": "8ef0f7c7-bf27-4138-9ed2-8da9c8d1fb06", "scryfallOracleId": "cdb1f944-a5ac-4683-a4eb-eebb82feea8d", "tcgplayerProductId": "82197"}, "isPromo": true, "isReprint": true, "isStarter": true, "keywords": ["Flash"], "language": "English", "layout": "normal", "legalities": {"commander": "Legal", "duel": "Legal", "legacy": "Legal", "modern": "Legal", "paupercommander": "Restricted", "penny": "Legal", "vintage": "Legal"}, "manaCost": "{3}{U}", "manaValue": 4.0, "name": "Voidmage Husher", "number": "10", "power": "2", "printings": ["PI13", "TSP"], "promoTypes": ["mediainsert"], "purchaseUrls": {"cardKingdom": "https://mtgjson.com/links/21d402dc42f09d7e", "tcgplayer": "https://mtgjson.com/links/040ef091dcda8f3c"}, "rarity": "rare", "rulings": [{"date": "2016-06-08", "text": "Activated abilities contain a colon. They’re generally written “[Cost]: [Effect].” Some keywords are activated abilities and will have colons in their reminder text."}], "setCode": "PI13", "subtypes": ["Human", "Wizard"], "supertypes": [], "text": "Flash (You may cast this spell any time you could cast an instant.)\nWhen Voidmage Husher enters the battlefield, counter target activated ability. (Mana abilities can't be targeted.)\nWhenever you cast a spell, you may return Voidmage Husher to its owner's hand.", "toughness": "2", "type": "Creature — Human Wizard", "types": ["Creature"], "uuid": "6c1f8d31-1b9f-5b3f-94c9-71f5b712a15f"}, {"artist": "Chris Rahn", "availability": ["paper"], "borderColor": "black", "colorIdentity": ["R"], "colors": ["R"], "convertedManaCost": 5.0, "edhrecRank": 19522, "finishes": ["nonfoil"], "flavorText": "\"All of Ravnica's looking for you, Dack, from the Wojek on down.\"\n—Maytov", "foreignData": [], "frameVersion": "2003", "hasFoil": false, "hasNonFoil": true, "identifiers": {"cardKingdomId": "190801", "cardsphereId": "19978", "mcmId": "261475", "mtgjsonV4Id": "c93726df-499d-5a94-b415-970896bad289", "scryfallId": "474f4537-905d-44f2-bc69-1e94c6727ad1", "scryfallIllustrationId": "461cd414-31ee-45b1-8112-5e96b41c1815", "scryfallOracleId": "00af96af-5eae-4044-a2f7-a08cd0699d1e", "tcgplayerProductId": "82195"}, "isPromo": true, "isReprint": true, "isStarter": true, "language": "English", "layout": "normal", "legalities": {"commander": "Legal", "duel": "Legal", "legacy": "Legal", "paupercommander": "Restricted", "vintage": "Legal"}, "manaCost": "{4}{R}", "manaValue": 5.0, "name": "Ogre Arsonist", "number": "11", "power": "3", "printings": ["P02", "PI13"], "promoTypes": ["mediainsert"], "purchaseUrls": {"cardKingdom": "https://mtgjson.com/links/8c7a43a0bf43ae4b", "tcgplayer": "https://mtgjson.com/links/fbe600da018a60d6"}, "rarity": "rare", "rulings": [], "setCode": "PI13", "subtypes": ["Ogre"], "supertypes": [], "text": "When Ogre Arsonist enters the battlefield, destroy target land.", "toughness": "3", "type": "Creature — Ogre", "types": ["Creature"], "uuid": "11daa8a8-38fb-5158-add8-eb5286a92539"}, {"artist": "Alex Horley-Orlandelli", "availability": ["paper"], "borderColor": "black", "colorIdentity": ["B"], "colors": ["B"], "convertedManaCost": 6.0, "edhrecRank": 7472, "finishes": ["nonfoil"], "foreignData": [], "frameVersion": "2003", "hasFoil": false, "hasNonFoil": true, "identifiers": {"cardKingdomId": "190803", "cardsphereId": "19971", "mcmId": "263001", "mtgjsonV4Id": "82e0deb2-c2c8-5c93-b362-7267a49a8823", "scryfallId": "a4ca5099-48d1-4581-9345-b906c2e5b894", "scryfallIllustrationId": "6f24eeb8-419c-4ee1-b74b-b6794a4d3de8", "scryfallOracleId": "a88a1c53-7de3-423a-a95a-24ed5666ab96", "tcgplayerProductId": "81794"}, "isPromo": true, "isReprint": true, "isStarter": true, "language": "English", "layout": "normal", "legalities": {"commander": "Legal", "duel": "Legal", "legacy": "Legal", "modern": "Legal", "pauper": "Legal", "paupercommander": "Legal", "penny": "Legal", "pioneer": "Legal", "premodern": "Legal", "vintage": "Legal"}, "manaCost": "{5}{B}", "manaValue": 6.0, "name": "Corrupt", "number": "12", "printings": ["7ED", "DDC", "DDD", "DVD", "GVL", "M11", "M14", "P08", "PI13", "PRM", "SHM", "USG"], "promoTypes": ["mediainsert"], "purchaseUrls": {"cardKingdom": "https://mtgjson.com/links/561f2da816491f9d", "tcgplayer": "https://mtgjson.com/links/d06b7797386af180"}, "rarity": "rare", "rulings": [{"date": "2004-10-04", "text": "The swamps are counted on resolution."}, {"date": "2010-08-15", "text": "The life you gain is equal to the damage dealt by Corrupt, not necessarily to the number of Swamps you control (if some or all of the damage is prevented, for example)."}, {"date": "2010-08-15", "text": "The amount of damage dealt to a creature is not bounded by its toughness, and the amount of damage dealt to a player is not bounded by that player’s life total. For example, if Corrupt deals 6 damage to a 2/2 creature, you’ll gain 6 life."}, {"date": "2013-07-01", "text": "Corrupt counts any land you control with the subtype Swamp, not just ones named Swamp."}], "setCode": "PI13", "subtypes": [], "supertypes": [], "text": "Corrupt deals damage to any target equal to the number of Swamps you control. You gain life equal to the damage dealt this way.", "type": "Sorcery", "types": ["Sorcery"], "uuid": "f7f8f9d4-8054-5b0f-a93d-d5156a4b1d3c"}, {"artist": "Eric Deschamps", "availability": ["paper"], "borderColor": "black", "colorIdentity": ["U"], "colors": ["U"], "convertedManaCost": 1.0, "edhrecRank": 869, "finishes": ["nonfoil"], "flavorText": "\"There's nothing like the high seas to clear your head or escape pursuers.\"", "foreignData": [], "frameVersion": "2003", "hasFoil": false, "hasNonFoil": true, "identifiers": {"cardKingdomId": "192939", "cardsphereId": "19977", "mcmId": "265728", "mtgjsonV4Id": "25ff9471-14a3-50e6-8512-7fbf281a5a45", "scryfallId": "e4bfe5d1-0914-4c0b-b851-598d0850dc01", "scryfallIllustrationId": "07e311b9-f02e-483f-ab93-d360fa32ac31", "scryfallOracleId": "dc671205-f2fa-454f-9957-921a6069ad53", "tcgplayerProductId": "77437"}, "isPromo": true, "isReprint": true, "isStarter": true, "language": "English", "layout": "normal", "legalities": {"commander": "Legal", "duel": "Banned", "legacy": "Legal", "pauper": "Banned", "paupercommander": "Legal", "vintage": "Legal"}, "manaCost": "{U}", "manaValue": 1.0, "name": "High Tide", "number": "13", "printings": ["FEM", "ME1", "PI13", "VMA"], "promoTypes": ["mediainsert"], "purchaseUrls": {"cardKingdom": "https://mtgjson.com/links/5faae05e68d3fab1", "tcgplayer": "https://mtgjson.com/links/3ca3916aef6d53b7"}, "rarity": "rare", "rulings": [{"date": "2010-03-01", "text": "The delayed triggered ability triggers and produces {U} any time a land with the land-type Island is tapped for mana, even if that land has other types or the mana for which it was tapped is another color. For example, if you tap a Breeding Pool for {G}, High Tide will give you an extra {U}."}, {"date": "2010-03-01", "text": "The effect applies even if the Island in question entered the battlefield after High Tide resolved."}], "setCode": "PI13", "subtypes": [], "supertypes": [], "text": "Until end of turn, whenever a player taps an Island for mana, that player adds an additional {U}.", "type": "Instant", "types": ["Instant"], "uuid": "0488f4a8-483b-51d5-a607-55ea291b0dd0"}, {"artist": "Dan Scott", "availability": ["paper"], "borderColor": "black", "colorIdentity": ["B", "G"], "colors": ["B", "G"], "convertedManaCost": 3.0, "edhrecRank": 1758, "finishes": ["nonfoil"], "flavorText": "\"Show yourself, thief.\"", "foreignData": [], "frameVersion": "2003", "hasFoil": false, "hasNonFoil": true, "identifiers": {"cardKingdomId": "213385", "cardsphereId": "19976", "mcmId": "265729", "mtgjsonV4Id": "a2a3ca38-4d5b-58ef-8892-908b2cd019d2", "scryfallId": "1aca163e-abff-459f-9925-09dda212dce2", "scryfallIllustrationId": "59fd7513-3ece-4e56-a323-97fd5a3ea5d4", "scryfallOracleId": "103d9ad0-d655-4bd5-a899-e9f8869e333d", "tcgplayerProductId": "78069"}, "isPromo": true, "isReprint": true, "isStarter": true, "language": "English", "layout": "normal", "legalities": {"commander": "Legal", "duel": "Legal", "legacy": "Legal", "modern": "Legal", "penny": "Legal", "pioneer": "Legal", "vintage": "Legal"}, "manaCost": "{X}{B}{B}{G}", "manaValue": 3.0, "name": "Gaze of Granite", "number": "14", "printings": ["C18", "C20", "C21", "DGM", "GK1", "PI13"], "promoTypes": ["mediainsert"], "purchaseUrls": {"cardKingdom": "https://mtgjson.com/links/a5e7b07ac4165668", "tcgplayer": "https://mtgjson.com/links/90c50cb1539cbf9a"}, "rarity": "rare", "rulings": [{"date": "2013-04-15", "text": "If a permanent has {X} in its mana cost, the value of that X is 0."}, {"date": "2013-04-15", "text": "The mana value of a creature token is 0 unless that token is a copy of another creature, in which case it copies that creature’s mana cost."}], "setCode": "PI13", "subtypes": [], "supertypes": [], "text": "Destroy each nonland permanent with mana value X or less.", "type": "Sorcery", "types": ["Sorcery"], "uuid": "02ba87b6-567a-59b9-89a0-4086b9f2b78a"}], "code": "PI13", "isFoilOnly": false, "isNonFoilOnly": true, "isOnlineOnly": false, "keyruneCode": "PIDW", "name": "IDW Comics 2013", "releaseDate": "2013-01-01", "tokens": [], "totalSetSize": 5, "translations": {}, "type": "promo"}}