{"meta": {"date": "2022-09-29", "version": "5.2.0+20220929"}, "data": {"baseSetSize": 1, "block": "Invasion", "cards": [{"artist": "Arnie Swekel", "availability": ["paper"], "borderColor": "black", "colorIdentity": ["G", "R"], "colors": ["G", "R"], "convertedManaCost": 3.0, "edhrecRank": 20439, "finishes": ["foil"], "flavorText": "\"Yavaimayae necesse mille annis fuit ut illa aluerent, sed modo momentum necesse fuit ut illa pretium probaverent.\"", "foreignData": [{"flavorText": "\"Yavaimayae necesse mille annis fuit ut illa aluerent, sed modo momentum necesse fuit ut illa pretium probaverent.\"", "language": "Latin", "multiverseId": 97061, "name": "Kavu Furens", "text": "Festinatio (animali oppugnare et {T} licet ordine penes tuum venit.)\nKavu Furentem adhibere tibi licet quandocumque subitum adhibere potes.", "type": "Animal — Kavu"}], "frameVersion": "1997", "hasFoil": true, "hasNonFoil": false, "identifiers": {"cardKingdomFoilId": "117220", "cardsphereId": "37406", "mcmId": "17707", "mtgjsonV4Id": "42475e82-094e-5f03-b888-62ce49f62561", "multiverseId": "97061", "scryfallId": "c9c77844-742c-48cf-9c1e-954ffe781e25", "scryfallIllustrationId": "af8f4210-c89e-48c6-97db-30098f64954f", "scryfallOracleId": "d126bb08-be60-4046-91f1-65672ef42c63", "tcgplayerProductId": "38394"}, "isPromo": true, "isReprint": true, "isStarter": true, "keywords": ["Flash", "Haste"], "language": "Latin", "layout": "normal", "legalities": {"commander": "Legal", "duel": "Legal", "legacy": "Legal", "penny": "Legal", "premodern": "Legal", "vintage": "Legal"}, "manaCost": "{1}{R}{G}", "manaValue": 3.0, "name": "Raging Kavu", "number": "262", "originalReleaseDate": "2000-09-23", "originalText": "Haste (This creature may attack and oc\nT the turn it comes under your control.)\nYou may play Raging Kavu any time you could play an instant.", "originalType": "Creature - Kavu", "power": "3", "printings": ["INV", "PINV", "PRM"], "promoTypes": ["datestamped", "prerelease"], "purchaseUrls": {"cardKingdomFoil": "https://mtgjson.com/links/21ddb8498613834f", "tcgplayer": "https://mtgjson.com/links/e83dca567893a285"}, "rarity": "rare", "rulings": [], "setCode": "PINV", "subtypes": ["Kavu"], "supertypes": [], "text": "Flash\nHaste", "toughness": "1", "type": "Creature — Kavu", "types": ["Creature"], "uuid": "c83d5f72-45eb-5672-996b-83c5ec170d4d"}], "code": "PINV", "isFoilOnly": true, "isOnlineOnly": false, "keyruneCode": "INV", "name": "Invasion Promos", "parentCode": "INV", "releaseDate": "2000-10-02", "tokens": [], "totalSetSize": 1, "translations": {}, "type": "promo"}}