{"meta": {"date": "2022-09-29", "version": "5.2.0+20220929"}, "data": {"baseSetSize": 10, "block": "Judge Gift Cards", "cards": [{"artist": "Svetlin Velinov", "availability": ["paper"], "borderColor": "black", "colorIdentity": ["B", "G", "R", "U", "W"], "colors": [], "convertedManaCost": 7.0, "edhrecRank": 1480, "finishes": ["foil"], "foreignData": [], "frameEffects": ["legendary"], "frameVersion": "2015", "hasFoil": true, "hasNonFoil": false, "identifiers": {"cardKingdomFoilId": "249892", "cardsphereId": "81747", "mcmId": "576866", "mtgjsonV4Id": "6811911e-0c35-5111-8e7a-3abc034e9e16", "scryfallId": "72219be6-3806-4f9f-a414-78317cfd4e04", "scryfallIllustrationId": "ee200195-ebe4-477f-aa74-c9a9e5cd7a73", "scryfallOracleId": "bf418a2f-e639-4e52-9cad-5a0713a1829b", "tcgplayerProductId": "246269"}, "isPromo": true, "isReprint": true, "isStarter": true, "keywords": ["Changeling"], "language": "English", "layout": "normal", "leadershipSkills": {"brawl": false, "commander": true, "oathbreaker": false}, "legalities": {"commander": "Legal", "duel": "Legal", "legacy": "Legal", "modern": "Legal", "vintage": "Legal"}, "manaCost": "{7}", "manaValue": 7.0, "name": "Morophon, the Boundless", "number": "1", "power": "6", "printings": ["MH1", "PJ21", "PLIST", "PMH1"], "promoTypes": ["judgegift"], "purchaseUrls": {"cardKingdomFoil": "https://mtgjson.com/links/e323aa82a623fa1d", "tcgplayer": "https://mtgjson.com/links/fa7dd0bf29d4e99a"}, "rarity": "mythic", "rulings": [{"date": "2019-06-14", "text": "You must choose an existing creature type, such as Sliver or Warrior. Card types such as artifact, and supertypes such as legendary or snow, can’t be chosen."}, {"date": "2019-06-14", "text": "Morophon’s effect reduces the total cost by up to one mana of each color. For example, if a spell of the chosen type costs {4}{R}{W}{W}, it will cost {4}{W} after applying Morophon’s effect."}, {"date": "2019-06-14", "text": "If a spell has hybrid mana symbols in its mana cost, you choose which half you will be paying before determining the total cost. For example, if a spell of the chosen type costs {2}{W/U}{W/U}, you may choose for the cost to be {2}{W}{U} and then reduce it to {2}."}, {"date": "2019-06-14", "text": "Cost reduction effects are applied after other cost modifiers, so Morophon can reduce additional costs or alternative costs of spells of the chosen type."}, {"date": "2019-06-14", "text": "Because damage remains marked on a creature until the damage is removed as the turn ends, nonlethal damage dealt to other creatures you control of the chosen type may become lethal if Morophon leaves the battlefield during that turn."}], "securityStamp": "oval", "setCode": "PJ21", "subtypes": ["Shapeshifter"], "supertypes": ["Legendary"], "text": "Changeling (This card is every creature type.)\nAs Morophon, the Boundless enters the battlefield, choose a creature type.\nSpells of the chosen type you cast cost {W}{U}{B}{R}{G} less to cast. This effect reduces only the amount of colored mana you pay.\nOther creatures you control of the chosen type get +1/+1.", "toughness": "6", "type": "Legendary Creature — Shapeshifter", "types": ["Creature"], "uuid": "e81caf32-f9c6-591d-b03e-3ea8e418d346", "watermark": "judgeacademy"}, {"artist": "Daniel Ljunggren", "availability": ["paper"], "borderColor": "black", "colorIdentity": ["B"], "colors": ["B"], "convertedManaCost": 7.0, "edhrecRank": 1264, "finishes": ["foil"], "foreignData": [], "frameEffects": ["legendary"], "frameVersion": "2015", "hasFoil": true, "hasNonFoil": false, "identifiers": {"cardKingdomFoilId": "255392", "cardsphereId": "81742", "mcmId": "576864", "mtgjsonV4Id": "787175e3-408e-50ff-9956-f0f4254df7d3", "scryfallId": "a2dc6a50-2a7e-4366-82a7-3c5b5aa2cca6", "scryfallIllustrationId": "32c37c1a-fbdf-466f-9fdb-c3b2e48a753d", "scryfallOracleId": "cbe3a4e7-5dbe-4f58-8ee6-a1762b65acfd", "tcgplayerProductId": "247903"}, "isPromo": true, "isReprint": true, "isStarter": true, "keywords": ["Lifelink"], "language": "English", "layout": "normal", "leadershipSkills": {"brawl": false, "commander": true, "oathbreaker": false}, "legalities": {"commander": "Legal", "duel": "Legal", "legacy": "Legal", "vintage": "Legal"}, "manaCost": "{4}{B/P}{B/P}{B/P}", "manaValue": 7.0, "name": "K'rrik, Son of Yawgmoth", "number": "2", "originalReleaseDate": "2021-12-01", "power": "2", "printings": ["C19", "PJ21"], "promoTypes": ["judgegift"], "purchaseUrls": {"cardKingdomFoil": "https://mtgjson.com/links/433f2253e91e2f1d", "tcgplayer": "https://mtgjson.com/links/3402d73f740f893d"}, "rarity": "rare", "rulings": [{"date": "2019-08-23", "text": "K’rrik’s last ability resolves before the spell that caused it to trigger. It resolves even if that spell is countered."}, {"date": "2019-08-23", "text": "K’rrik’s ability lets you pay 2 life for {B} in any cost you pay, including casting costs, activation costs, and even costs for special actions (such as morph). Any time you pay mana, that’s a cost."}, {"date": "2019-08-23", "text": "K’rrik’s ability doesn’t modify or reduce costs you pay. It changes only how you may pay those costs."}, {"date": "2019-08-23", "text": "You can’t pay 2 life to pay for generic mana in costs you pay, even if an effect says that you must spend black mana to pay that generic mana."}, {"date": "2019-08-23", "text": "If a cost contains a mana symbol that may be paid in multiple ways, such as {B/R}, {B/P}, or {2/B}, you choose how you’ll pay it before you do so. If you choose to pay {B} this way, K’rrik’s ability allows you to pay life rather than pay that mana."}], "securityStamp": "oval", "setCode": "PJ21", "subtypes": ["Phyrexian", "Horror", "Minion"], "supertypes": ["Legendary"], "text": "({B/P} can be paid with either {B} or 2 life.)\nLifelink\nFor each {B} in a cost, you may pay 2 life rather than pay that mana.\nWhenever you cast a black spell, put a +1/+1 counter on K'rrik, Son of Yawgmoth.", "toughness": "2", "type": "Legendary Creature — Phyrexian Horror Minion", "types": ["Creature"], "uuid": "d0d1719e-c6a1-5351-890e-9f1e32754f87", "watermark": "judgeacademy"}, {"artist": "Martina Fackova", "availability": ["paper"], "borderColor": "black", "colorIdentity": ["B", "R", "W"], "colors": ["B", "R", "W"], "convertedManaCost": 6.0, "edhrecRank": 2800, "finishes": ["foil"], "foreignData": [], "frameEffects": ["legendary"], "frameVersion": "2015", "hasFoil": true, "hasNonFoil": false, "identifiers": {"cardKingdomFoilId": "255393", "cardsphereId": "81745", "mcmId": "576862", "mtgjsonV4Id": "bb3bd814-5999-5ce4-b87a-566920c4ca5c", "scryfallId": "8c936967-b8eb-4d32-a6cc-c6bb006023d3", "scryfallIllustrationId": "8f6924f3-f146-4640-9f7b-d4b5cdc2e3a5", "scryfallOracleId": "41e2790d-49f5-4e98-b8d9-04179f47f13a", "tcgplayerProductId": "247904"}, "isPromo": true, "isReprint": true, "isStarter": true, "keywords": ["Eminence", "First strike", "Haste"], "language": "English", "layout": "normal", "leadershipSkills": {"brawl": false, "commander": true, "oathbreaker": false}, "legalities": {"commander": "Legal", "duel": "Restricted", "legacy": "Legal", "vintage": "Legal"}, "manaCost": "{3}{R}{W}{B}", "manaValue": 6.0, "name": "Edgar Markov", "number": "3", "originalReleaseDate": "2021-12-01", "power": "4", "printings": ["C17", "OC17", "PJ21", "PZ2"], "promoTypes": ["judgegift"], "purchaseUrls": {"cardKingdomFoil": "https://mtgjson.com/links/d2e97ece9252ff68", "tcgplayer": "https://mtgjson.com/links/e531646b4479536b"}, "rarity": "mythic", "rulings": [{"date": "2017-08-25", "text": "Edgar Markov’s last ability puts a +1/+1 counter on each Vampire you control, including itself and Vampires you control that aren’t attacking."}, {"date": "2017-08-25", "text": "Three eminence abilities are triggered abilities. That creature must be on the battlefield or in the command zone as the trigger event occurs and also as the triggered ability resolves. If the creature is in an appropriate zone as the trigger event occurs but leaves that zone, the ability won’t do anything as it resolves."}, {"date": "2017-08-25", "text": "Notably, if your commander is on the battlefield and its eminence ability triggers, but it’s put into the command zone before that ability resolves, that ability won’t do anything as it resolves. This is because an object that changes zones is considered a new object."}], "securityStamp": "oval", "setCode": "PJ21", "subtypes": ["Vampire", "Knight"], "supertypes": ["Legendary"], "text": "Eminence — Whenever you cast another Vampire spell, if Edgar Markov is in the command zone or on the battlefield, create a 1/1 black Vampire creature token.\nFirst strike, haste\nWhenever Edgar Markov attacks, put a +1/+1 counter on each Vampire you control.", "toughness": "4", "type": "Legendary Creature — Vampire Knight", "types": ["Creature"], "uuid": "5a797265-527c-56d9-a622-32c46f5f3991", "watermark": "judgeacademy"}, {"artist": "Livia Prima", "availability": ["paper"], "borderColor": "black", "colorIdentity": ["G", "U"], "colors": ["G", "U"], "convertedManaCost": 4.0, "edhrecRank": 4967, "finishes": ["foil"], "foreignData": [], "frameEffects": ["legendary"], "frameVersion": "2015", "hasFoil": true, "hasNonFoil": false, "identifiers": {"cardKingdomFoilId": "255394", "cardsphereId": "81746", "mcmId": "576863", "mtgjsonV4Id": "c085d071-27a6-56fa-a6c9-5e2c2fd48383", "scryfallId": "8607993c-84b6-4625-926c-0e4191e9c60f", "scryfallIllustrationId": "c0ca41fb-3552-41ff-a670-6abec3355011", "scryfallOracleId": "40eacdae-fae5-46b9-a9e5-9211469f74fc", "tcgplayerProductId": "247902"}, "isPromo": true, "isReprint": true, "isStarter": true, "language": "English", "layout": "normal", "leadershipSkills": {"brawl": false, "commander": true, "oathbreaker": false}, "legalities": {"commander": "Legal", "duel": "Legal", "legacy": "Legal", "vintage": "Legal"}, "manaCost": "{2}{G}{U}", "manaValue": 4.0, "name": "Ezuri, Claw of Progress", "number": "4", "originalReleaseDate": "2021-12-01", "power": "3", "printings": ["2X2", "C15", "OC15", "PJ21", "PLIST", "PZ1"], "promoTypes": ["judgegift"], "purchaseUrls": {"cardKingdomFoil": "https://mtgjson.com/links/8be65ca63d3c77ee", "tcgplayer": "https://mtgjson.com/links/5dfbe612df7aaf0d"}, "rarity": "mythic", "rulings": [{"date": "2015-11-04", "text": "Experience counters are the second kind of counters a player can have, joining poison."}, {"date": "2015-11-04", "text": "All experience counters are identical, no matter how you got them. For example, the last ability will count experience counters that you got from the first ability, from another ability, from proliferating, and so on."}, {"date": "2015-11-04", "text": "Each game pack includes a card labeled “Experience” with the suggestion “Place your experience counters here.” This card isn’t required for play. It’s simply a convenient spot to put your experience counters, which can be represented with dice, glass beads, or other small items."}], "securityStamp": "oval", "setCode": "PJ21", "subtypes": ["Phyrexian", "Elf", "Warrior"], "supertypes": ["Legendary"], "text": "Whenever a creature with power 2 or less enters the battlefield under your control, you get an experience counter.\nAt the beginning of combat on your turn, put X +1/+1 counters on another target creature you control, where X is the number of experience counters you have.", "toughness": "3", "type": "Legendary Creature — Phyrexian Elf Warrior", "types": ["Creature"], "uuid": "fbf5f67e-41c6-5656-be63-73978de2184b", "watermark": "judgeacademy"}, {"artist": "Nils Hamm", "availability": ["paper"], "borderColor": "black", "colorIdentity": ["B", "G"], "colors": ["B", "G"], "convertedManaCost": 5.0, "edhrecRank": 1207, "finishes": ["foil"], "foreignData": [], "frameEffects": ["legendary"], "frameVersion": "2015", "hasFoil": true, "hasNonFoil": false, "identifiers": {"cardKingdomFoilId": "243670", "cardsphereId": "75181", "mcmId": "557289", "mtgjsonV4Id": "f5b14c76-d141-529d-8a1e-9227ee83012e", "scryfallId": "debd0dfa-c20d-4886-a80e-26f800cfc17b", "scryfallIllustrationId": "6e0e2da9-d6ed-4141-a5b4-31ccb126c8e8", "scryfallOracleId": "a5e54d2b-aad8-4ddd-af4b-13668913762b", "tcgplayerProductId": "231290"}, "isPromo": true, "isReprint": true, "isStarter": true, "keywords": ["Deathtouch"], "language": "English", "layout": "normal", "leadershipSkills": {"brawl": false, "commander": true, "oathbreaker": false}, "legalities": {"commander": "Legal", "duel": "Legal", "explorer": "Legal", "gladiator": "Legal", "historic": "Legal", "historicbrawl": "Legal", "legacy": "Legal", "modern": "Legal", "pioneer": "Legal", "vintage": "Legal"}, "manaCost": "{3}{B}{G}", "manaValue": 5.0, "name": "The Gitrog Monster", "number": "5", "power": "6", "printings": ["MB1", "PANA", "PJ21", "PSOI", "SLD", "SOI"], "promoTypes": ["judgegift"], "purchaseUrls": {"cardKingdomFoil": "https://mtgjson.com/links/1acf414db045c215", "tcgplayer": "https://mtgjson.com/links/95f31cc0d9905ce6"}, "rarity": "mythic", "rulings": [{"date": "2016-04-08", "text": "If multiple land cards are put into your graveyard at once, The Gitrog Monster’s last ability triggers only once. This could happen because an effect (such as that of Crawling Sensation’s first ability) put them there from your library at once, or because they were destroyed at the same time (such as two land creatures that were dealt lethal combat damage)."}], "securityStamp": "oval", "setCode": "PJ21", "subtypes": ["Frog", "Horror"], "supertypes": ["Legendary"], "text": "Deathtouch\nAt the beginning of your upkeep, sacrifice The Gitrog Monster unless you sacrifice a land.\nYou may play an additional land on each of your turns.\nWhenever one or more land cards are put into your graveyard from anywhere, draw a card.", "toughness": "6", "type": "Legendary Creature — Frog Horror", "types": ["Creature"], "uuid": "cdfd91c8-7323-567d-8500-9c63f4d92e3e", "watermark": "judgeacademy"}, {"artist": "Matt Stewart", "availability": ["paper"], "borderColor": "black", "colorIdentity": ["U", "W"], "colors": ["U", "W"], "convertedManaCost": 4.0, "edhrecRank": 2193, "finishes": ["foil"], "flavorText": "\"A great leader must have the wisdom to know what's right and the courage to make it so.\"", "foreignData": [], "frameEffects": ["legendary"], "frameVersion": "2015", "hasFoil": true, "hasNonFoil": false, "identifiers": {"cardKingdomFoilId": "245751", "cardsphereId": "77171", "mcmId": "569208", "mtgjsonV4Id": "d7580340-b1c8-55e5-a3ae-f5d91a513de7", "scryfallId": "83afa82f-e3e5-45e3-87e4-51f59b1a0688", "scryfallIllustrationId": "4c3a7d2f-a4dc-400b-8c56-1d8ed6a98ac4", "scryfallOracleId": "1f8d4d5f-e82f-45f3-823e-1bb6b536eb18", "tcgplayerProductId": "240896"}, "isPromo": true, "isReprint": true, "isStarter": true, "language": "English", "layout": "normal", "leadershipSkills": {"brawl": false, "commander": true, "oathbreaker": false}, "legalities": {"commander": "Legal", "duel": "Legal", "legacy": "Legal", "modern": "Legal", "penny": "Legal", "vintage": "Legal"}, "manaCost": "{2}{W}{U}", "manaValue": 4.0, "name": "Grand Arbiter Augustin IV", "number": "6", "power": "2", "printings": ["2X2", "DIS", "MMA", "PJ21", "PLIST"], "promoTypes": ["judgegift"], "purchaseUrls": {"cardKingdomFoil": "https://mtgjson.com/links/25271e44c8cba4d4", "tcgplayer": "https://mtgjson.com/links/8aa6ff1c0a1caacb"}, "rarity": "rare", "rulings": [{"date": "2006-05-01", "text": "Spells you cast that are both blue and white cost {2} less to cast."}, {"date": "2006-05-01", "text": "This reduces only generic mana portion of mana costs. A spell you cast with mana cost {1}{W}{U} will cost {W}{U} to cast."}], "securityStamp": "oval", "setCode": "PJ21", "subtypes": ["Human", "Advisor"], "supertypes": ["Legendary"], "text": "White spells you cast cost {1} less to cast.\nBlue spells you cast cost {1} less to cast.\nSpells your opponents cast cost {1} more to cast.", "toughness": "3", "type": "Legendary Creature — Human Advisor", "types": ["Creature"], "uuid": "28ff2988-0e3c-5acf-9d84-9bc2f3067b71", "watermark": "judgeacademy"}, {"artist": "Wisnu Tan", "availability": ["paper"], "borderColor": "black", "colorIdentity": ["B", "W"], "colors": ["B", "W"], "convertedManaCost": 2.0, "edhrecRank": 3723, "finishes": ["foil"], "flavorText": "\"Those who say money can't buy happiness clearly don't have enough.\"", "foreignData": [], "frameEffects": ["legendary"], "frameVersion": "2015", "hasFoil": true, "hasNonFoil": false, "identifiers": {"cardKingdomFoilId": "245752", "cardsphereId": "77172", "mcmId": "569209", "mtgjsonV4Id": "190c0be3-9314-5055-9819-6a0d33538d1d", "scryfallId": "10c9597a-abcf-4b88-9bb2-ce2d1fb68f5e", "scryfallIllustrationId": "f33707f4-750e-4bf0-b6ce-80722c7ab7dd", "scryfallOracleId": "647d7988-9a5d-4700-9238-938d0d5fae12", "tcgplayerProductId": "240895"}, "isPromo": true, "isReprint": true, "isStarter": true, "language": "English", "layout": "normal", "leadershipSkills": {"brawl": false, "commander": true, "oathbreaker": false}, "legalities": {"commander": "Legal", "duel": "Legal", "legacy": "Legal", "vintage": "Legal"}, "manaCost": "{W}{B}", "manaValue": 2.0, "name": "Karlov of the Ghost Council", "number": "7", "power": "2", "printings": ["C15", "PJ21", "PZ1"], "promoTypes": ["judgegift"], "purchaseUrls": {"cardKingdomFoil": "https://mtgjson.com/links/d2b10f87ac64ac51", "tcgplayer": "https://mtgjson.com/links/f09e4f427df74122"}, "rarity": "mythic", "rulings": [{"date": "2015-11-04", "text": "The ability triggers just once for each life-gaining event, whether it’s 1 life from an attacking creature with lifelink or 4 life from Faith’s Fetters."}, {"date": "2015-11-04", "text": "A creature with lifelink dealing combat damage is a single life-gaining event. For example, if two creatures you control with lifelink deal combat damage at the same time, the ability will trigger twice. However, if a single creature with lifelink deals combat damage to multiple creatures, players, and/or planeswalkers at the same time (perhaps because it has trample or was blocked by more than one creature), the ability will trigger only once."}, {"date": "2015-11-04", "text": "In a Two-Headed Giant game, life gained by your teammate won’t cause the ability to trigger, even though it causes your team’s life total to increase."}], "securityStamp": "oval", "setCode": "PJ21", "subtypes": ["Spirit", "Advisor"], "supertypes": ["Legendary"], "text": "Whenever you gain life, put two +1/+1 counters on Karlov of the Ghost Council.\n{W}{B}, Remove six +1/+1 counters from Karlov of the Ghost Council: Exile target creature.", "toughness": "2", "type": "Legendary Creature — Spirit Advisor", "types": ["Creature"], "uuid": "3f3bac68-1eda-5c26-9a75-c02cce5f0c0e", "watermark": "judgeacademy"}, {"artist": "Zoltan Boros", "availability": ["paper"], "borderColor": "black", "colorIdentity": ["R", "U"], "colors": ["R", "U"], "convertedManaCost": 4.0, "edhrecRank": 4770, "finishes": ["foil"], "foreignData": [], "frameEffects": ["legendary"], "frameVersion": "2015", "hasFoil": true, "hasNonFoil": false, "identifiers": {"cardKingdomFoilId": "255395", "cardsphereId": "81743", "mcmId": "576865", "mtgjsonV4Id": "35a893ae-6c3b-571c-856e-8a54e653584a", "scryfallId": "edd5eedf-4065-4ed0-805a-de47e5d98ac9", "scryfallIllustrationId": "5d28236d-d59e-437b-825c-80239c6b86fd", "scryfallOracleId": "f787c6cf-a4ff-487b-a7b0-0f516e68510a", "tcgplayerProductId": "247901"}, "isPromo": true, "isReprint": true, "isStarter": true, "language": "English", "layout": "normal", "leadershipSkills": {"brawl": false, "commander": true, "oathbreaker": false}, "legalities": {"commander": "Legal", "duel": "Legal", "legacy": "Legal", "vintage": "Legal"}, "manaCost": "{2}{U}{R}", "manaValue": 4.0, "name": "Mizzix of the Izmagnus", "number": "8", "originalReleaseDate": "2021-12-01", "power": "2", "printings": ["2X2", "C15", "OC15", "PJ21", "PLIST", "PZ1"], "promoTypes": ["judgegift"], "purchaseUrls": {"cardKingdomFoil": "https://mtgjson.com/links/be870678cc1bc9ca", "tcgplayer": "https://mtgjson.com/links/c4496e2dfb3f64b4"}, "rarity": "mythic", "rulings": [{"date": "2015-11-04", "text": "You finish casting a spell, including paying its costs, before Mizzix’s first ability triggers. The ability that gives you the experience counter will resolve before the spell that caused it to trigger."}, {"date": "2015-11-04", "text": "Mizzix’s last ability doesn’t change the mana cost or converted mana cost of any spell. It changes only the total cost you pay."}, {"date": "2015-11-04", "text": "Mizzix’s last ability can’t reduce the amount of colored mana you pay for a spell. It reduces only the generic component of that cost."}, {"date": "2015-11-04", "text": "If there are additional costs to cast a spell, or if the cost to cast a spell is increased by an effect (such as the one created by Thalia, Guardian of Thraben’s ability), apply those increases before applying cost reductions."}, {"date": "2015-11-04", "text": "The cost reduction can apply to alternative costs such as flashback costs."}, {"date": "2015-11-04", "text": "If an instant or sorcery spell you cast has {X} in its mana cost, you choose the value of X before calculating the spell’s total cost. For example, if that spell’s mana cost is {X}{R} and you have one experience counter, you could choose 5 as the value of X and pay {4}{R} to cast the spell."}, {"date": "2015-11-04", "text": "Experience counters are the second kind of counters a player can have, joining poison."}, {"date": "2015-11-04", "text": "All experience counters are identical, no matter how you got them. For example, the last ability will count experience counters that you got from the first ability, from another ability, from proliferating, and so on."}, {"date": "2015-11-04", "text": "Each game pack includes a card labeled “Experience” with the suggestion “Place your experience counters here.” This card isn’t required for play. It’s simply a convenient spot to put your experience counters, which can be represented with dice, glass beads, or other small items."}], "securityStamp": "oval", "setCode": "PJ21", "subtypes": ["Goblin", "Wizard"], "supertypes": ["Legendary"], "text": "Whenever you cast an instant or sorcery spell with mana value greater than the number of experience counters you have, you get an experience counter.\nInstant and sorcery spells you cast cost {1} less to cast for each experience counter you have.", "toughness": "2", "type": "Legendary Creature — Goblin Wizard", "types": ["Creature"], "uuid": "1cf6cb46-93d3-5299-970f-db8a11d3f9a4", "watermark": "judgeacademy"}, {"artist": "Lie Setiawan", "availability": ["paper"], "borderColor": "black", "colorIdentity": ["B", "R", "U"], "colors": ["B", "R", "U"], "convertedManaCost": 4.0, "edhrecRank": 2819, "faceConvertedManaCost": 4.0, "faceManaValue": 4.0, "faceName": "Nicol Bolas, the Ravager", "finishes": ["foil"], "foreignData": [], "frameEffects": ["originpwdfc"], "frameVersion": "2015", "hasFoil": true, "hasNonFoil": false, "identifiers": {"cardKingdomFoilId": "243671", "cardsphereId": "75180", "mcmId": "557287", "mtgjsonV4Id": "17c76ae4-7bad-5bef-a6a8-149a0a914a02", "scryfallId": "0a77fabf-481d-4fff-be8f-faf35af9160b", "scryfallIllustrationId": "e97348c7-d2f8-43d6-be16-daccbb66728e", "scryfallOracleId": "55e4b27e-5447-4fc2-8cae-a03e344600c6", "tcgplayerProductId": "231291"}, "isPromo": true, "isReprint": true, "isStarter": true, "keywords": ["Flying", "Transform"], "language": "English", "layout": "transform", "leadershipSkills": {"brawl": false, "commander": true, "oathbreaker": false}, "legalities": {"commander": "Legal", "duel": "Legal", "explorer": "Legal", "gladiator": "Legal", "historic": "Legal", "historicbrawl": "Legal", "legacy": "Legal", "modern": "Legal", "pioneer": "Legal", "vintage": "Legal"}, "manaCost": "{1}{U}{B}{R}", "manaValue": 4.0, "name": "Nicol Bolas, the Ravager // Nicol Bolas, the Arisen", "number": "9", "otherFaceIds": ["83a09a94-4c38-5cd5-b70b-1b83f5b270f8"], "power": "4", "printings": ["M19", "PJ21", "PM19"], "promoTypes": ["judgegift"], "purchaseUrls": {"cardKingdomFoil": "https://mtgjson.com/links/8d48ba33771e1ba4", "tcgplayer": "https://mtgjson.com/links/7ae308f77c369a65"}, "rarity": "mythic", "rulings": [{"date": "2018-07-13", "text": "When Nicol Bolas’s enters-the-battlefield triggered ability resolves, first the next opponent in turn order (or, if it’s an opponent’s turn, that opponent) chooses a card in their hand without revealing it, then each other opponent in turn order does the same. Then all the chosen cards are discarded at the same time."}, {"date": "2018-07-13", "text": "If Nicol Bolas leaves the battlefield after his creature face’s activated ability has been activated but before it resolves, the card remains in whichever zone it moves to. It won’t be exiled or return transformed."}, {"date": "2018-07-13", "text": "Each face of a double-faced card has its own set of characteristics: name, types, subtypes, abilities, and so on. While a double-faced card is on the battlefield, consider only the characteristics of the face that’s currently up. The other set of characteristics is ignored."}, {"date": "2018-07-13", "text": "While a double-faced card isn’t on the battlefield, consider only the characteristics of its front face. For example, Nicol Bolas has the characteristics of its creature face in the graveyard, even if it was a planeswalker on the battlefield before it was put into the graveyard."}, {"date": "2018-07-13", "text": "A double-faced card enters the battlefield with its front face up by default, unless a spell or ability instructs you to put it onto the battlefield transformed, in which case it enters with its back face up. The back face of a double-faced card can’t be played."}, {"date": "2018-07-13", "text": "If another permanent that isn’t a double-faced card (such as Mirror Image) becomes a copy of Nicol Bolas, the Ravager, activating the ability to exile it and return it transformed will only exile it. It won’t return to the battlefield at all."}, {"date": "2018-07-13", "text": "In a multiplayer game, if a player leaves the game, all cards that player owns leave as well. If you leave the game, any permanents you control from Nicol Bolas’s third loyalty ability that came from other players’ graveyards are exiled."}, {"date": "2018-07-13", "text": "The converted mana cost of a double-faced card is the converted mana cost of its front face, even while it’s on the battlefield with its back face up. For example, the converted mana cost of Nicol Bolas, the Arisen is 4."}, {"date": "2018-07-13", "text": "Nicol Bolas, the Arisen has a color indicator on its typeline. This color indicator means that it’s a blue, black, and red permanent."}, {"date": "2018-07-13", "text": "You can activate one of the planeswalker’s loyalty abilities the turn it enters the battlefield."}, {"date": "2018-07-13", "text": "In some rare cases, a spell or ability may cause Nicol Bolas to transform while it’s a creature on the battlefield. If this happens, the resulting planeswalker won’t have any loyalty counters on it and will subsequently be put into its owner’s graveyard."}], "securityStamp": "oval", "setCode": "PJ21", "side": "a", "subtypes": ["Elder", "Dragon"], "supertypes": ["Legendary"], "text": "Flying\nWhen Nicol Bolas, the Ravager enters the battlefield, each opponent discards a card.\n{4}{U}{B}{R}: Exile Nicol Bolas, the Ravager, then return him to the battlefield transformed under his owner's control. Activate only as a sorcery.", "toughness": "4", "type": "Legendary Creature — Elder Dragon", "types": ["Creature"], "uuid": "456a6852-a6d6-5a54-a902-f55f4e153598", "watermark": "judgeacademy"}, {"artist": "Lie Setiawan", "availability": ["paper"], "borderColor": "black", "colorIdentity": ["B", "R", "U"], "colorIndicator": ["B", "R", "U"], "colors": ["B", "R", "U"], "convertedManaCost": 4.0, "edhrecRank": 2819, "faceConvertedManaCost": 0.0, "faceManaValue": 0.0, "faceName": "Nicol Bolas, the Arisen", "finishes": ["foil"], "foreignData": [], "frameEffects": ["originpwdfc"], "frameVersion": "2015", "hasFoil": true, "hasNonFoil": false, "identifiers": {"cardsphereId": "75180", "mcmId": "557287", "mtgjsonV4Id": "9211e098-900b-5a92-a895-32fc2e53a49d", "scryfallId": "0a77fabf-481d-4fff-be8f-faf35af9160b", "scryfallIllustrationId": "a9fcc225-4a67-4d0b-a6fb-bcccbdea9165", "scryfallOracleId": "55e4b27e-5447-4fc2-8cae-a03e344600c6", "tcgplayerProductId": "231291"}, "isPromo": true, "isReprint": true, "isStarter": true, "language": "English", "layout": "transform", "leadershipSkills": {"brawl": false, "commander": false, "oathbreaker": true}, "legalities": {"commander": "Legal", "duel": "Legal", "explorer": "Legal", "gladiator": "Legal", "historic": "Legal", "historicbrawl": "Legal", "legacy": "Legal", "modern": "Legal", "pioneer": "Legal", "vintage": "Legal"}, "loyalty": "7", "manaValue": 4.0, "name": "Nicol Bolas, the Ravager // Nicol Bolas, the Arisen", "number": "9", "otherFaceIds": ["456a6852-a6d6-5a54-a902-f55f4e153598"], "printings": ["M19", "PJ21", "PM19"], "promoTypes": ["judgegift"], "purchaseUrls": {"tcgplayer": "https://mtgjson.com/links/8473091a0a78118e"}, "rarity": "mythic", "rulings": [{"date": "2018-07-13", "text": "When Nicol Bolas’s enters-the-battlefield triggered ability resolves, first the next opponent in turn order (or, if it’s an opponent’s turn, that opponent) chooses a card in their hand without revealing it, then each other opponent in turn order does the same. Then all the chosen cards are discarded at the same time."}, {"date": "2018-07-13", "text": "If Nicol Bolas leaves the battlefield after his creature face’s activated ability has been activated but before it resolves, the card remains in whichever zone it moves to. It won’t be exiled or return transformed."}, {"date": "2018-07-13", "text": "Each face of a double-faced card has its own set of characteristics: name, types, subtypes, abilities, and so on. While a double-faced card is on the battlefield, consider only the characteristics of the face that’s currently up. The other set of characteristics is ignored."}, {"date": "2018-07-13", "text": "While a double-faced card isn’t on the battlefield, consider only the characteristics of its front face. For example, Nicol Bolas has the characteristics of its creature face in the graveyard, even if it was a planeswalker on the battlefield before it was put into the graveyard."}, {"date": "2018-07-13", "text": "A double-faced card enters the battlefield with its front face up by default, unless a spell or ability instructs you to put it onto the battlefield transformed, in which case it enters with its back face up. The back face of a double-faced card can’t be played."}, {"date": "2018-07-13", "text": "If another permanent that isn’t a double-faced card (such as Mirror Image) becomes a copy of Nicol Bolas, the Ravager, activating the ability to exile it and return it transformed will only exile it. It won’t return to the battlefield at all."}, {"date": "2018-07-13", "text": "In a multiplayer game, if a player leaves the game, all cards that player owns leave as well. If you leave the game, any permanents you control from Nicol Bolas’s third loyalty ability that came from other players’ graveyards are exiled."}, {"date": "2018-07-13", "text": "The converted mana cost of a double-faced card is the converted mana cost of its front face, even while it’s on the battlefield with its back face up. For example, the converted mana cost of Nicol Bolas, the Arisen is 4."}, {"date": "2018-07-13", "text": "Nicol Bolas, the Arisen has a color indicator on its typeline. This color indicator means that it’s a blue, black, and red permanent."}, {"date": "2018-07-13", "text": "You can activate one of the planeswalker’s loyalty abilities the turn it enters the battlefield."}, {"date": "2018-07-13", "text": "In some rare cases, a spell or ability may cause Nicol Bolas to transform while it’s a creature on the battlefield. If this happens, the resulting planeswalker won’t have any loyalty counters on it and will subsequently be put into its owner’s graveyard."}], "securityStamp": "oval", "setCode": "PJ21", "side": "b", "subtypes": ["Bolas"], "supertypes": ["Legendary"], "text": "[+2]: Draw two cards.\n[−3]: Nicol Bolas, the Arisen deals 10 damage to target creature or planeswalker.\n[−4]: Put target creature or planeswalker card from a graveyard onto the battlefield under your control.\n[−12]: Exile all but the bottom card of target player's library.", "type": "Legendary Planeswalker — Bolas", "types": ["Planeswalker"], "uuid": "83a09a94-4c38-5cd5-b70b-1b83f5b270f8", "watermark": "judgeacademy"}, {"artist": "Yigit Koroglu", "availability": ["paper"], "borderColor": "black", "colorIdentity": ["G", "R", "W"], "colors": ["G", "R", "W"], "convertedManaCost": 9.0, "edhrecRank": 2080, "finishes": ["foil"], "foreignData": [], "frameEffects": ["legendary"], "frameVersion": "2015", "hasFoil": true, "hasNonFoil": false, "identifiers": {"cardKingdomFoilId": "249893", "cardsphereId": "81744", "mcmId": "576867", "mtgjsonV4Id": "0014defc-3f7f-51e9-a243-1d52cf58d2d4", "scryfallId": "e566f373-ba8e-4dbc-ab96-deb271979fcd", "scryfallIllustrationId": "9e53117d-b9c9-42d8-8e0c-b5e9182a1ee4", "scryfallOracleId": "23270e4a-a222-4ffb-a946-d0e20d665187", "tcgplayerProductId": "246270"}, "isPromo": true, "isReprint": true, "isStarter": true, "keywords": ["Reach", "Trample", "Vigilance"], "language": "English", "layout": "normal", "leadershipSkills": {"brawl": false, "commander": true, "oathbreaker": false}, "legalities": {"commander": "Legal", "duel": "Legal", "explorer": "Legal", "gladiator": "Legal", "historic": "Legal", "historicbrawl": "Legal", "legacy": "Legal", "modern": "Legal", "pioneer": "Legal", "vintage": "Legal"}, "manaCost": "{6}{R}{G}{W}", "manaValue": 9.0, "name": "Zacama, Primal Calamity", "number": "10", "power": "9", "printings": ["PJ21", "PLIST", "PRIX", "RIX"], "promoTypes": ["judgegift"], "purchaseUrls": {"cardKingdomFoil": "https://mtgjson.com/links/c343c4938dd65e35", "tcgplayer": "https://mtgjson.com/links/3dc56f6d3ab6af09"}, "rarity": "mythic", "rulings": [{"date": "2018-01-19", "text": "Zacama’s triggered ability triggers if you cast it from any zone. It doesn’t trigger if you put Zacama onto the battlefield without casting it."}, {"date": "2018-01-19", "text": "Zacama’s damage-dealing ability can be activated during combat, perhaps targeting a creature blocking it. If all creatures blocking Zacama are destroyed, its combat damage is assigned to the player or planeswalker it’s attacking because of trample. If the blocking creatures are dealt nonlethal damage, that damage is considered when assigning trample damage."}], "securityStamp": "oval", "setCode": "PJ21", "subtypes": ["Elder", "Dinosaur"], "supertypes": ["Legendary"], "text": "Vigilance, reach, trample\nWhen Zacama, Primal Calamity enters the battlefield, if you cast it, untap all lands you control.\n{2}{R}: Zacama deals 3 damage to target creature.\n{2}{G}: Destroy target artifact or enchantment.\n{2}{W}: You gain 3 life.", "toughness": "9", "type": "Legendary Creature — Elder Dinosaur", "types": ["Creature"], "uuid": "00e4d7d7-5bb0-5602-9eb3-558d74b0bb64", "watermark": "judgeacademy"}], "code": "PJ21", "isFoilOnly": true, "isOnlineOnly": false, "keyruneCode": "ARCHIE", "name": "Judge Gift Cards 2021", "releaseDate": "2021-01-01", "tokens": [], "totalSetSize": 11, "translations": {}, "type": "promo"}}