{"meta": {"date": "2022-09-29", "version": "5.2.0+20220929"}, "data": {"baseSetSize": 10, "block": "Theros", "cards": [{"artist": "Volkan Baǵa", "availability": ["paper"], "borderColor": "black", "colorIdentity": ["W"], "colors": ["W"], "convertedManaCost": 4.0, "edhrecRank": 13743, "finishes": ["foil"], "flavorText": "\"Nyx may belong to the gods, but the skies of Theros are ours.\"", "foreignData": [], "frameVersion": "2003", "hasFoil": true, "hasNonFoil": false, "identifiers": {"cardKingdomFoilId": "199195", "cardsphereId": "37114", "mcmId": "266926", "mtgjsonV4Id": "c0e6b8f6-f56a-5ebe-aaed-2ead569728c3", "scryfallId": "9bfeda36-26ee-41c2-935d-07d02cf3e940", "scryfallIllustrationId": "8f8247f1-d425-47a0-9685-c7592edaa8cf", "scryfallOracleId": "29263d48-cb28-478b-a99e-5a18dbc924f0", "tcgplayerProductId": "82205"}, "isPromo": true, "isReprint": true, "isStarter": true, "keywords": ["Flying", "Heroic", "Lifelink"], "language": "English", "layout": "normal", "legalities": {"commander": "Legal", "duel": "Legal", "legacy": "Legal", "modern": "Legal", "penny": "Legal", "pioneer": "Legal", "vintage": "Legal"}, "manaCost": "{2}{W}{W}", "manaValue": 4.0, "name": "Dawnbringer Charioteers", "number": "6★", "power": "2", "printings": ["JOU", "PJOU", "PRM"], "promoTypes": ["setpromo", "datestamped", "prerelease"], "purchaseUrls": {"cardKingdomFoil": "https://mtgjson.com/links/8c7528629a3d3732", "tcgplayer": "https://mtgjson.com/links/e01717a66bf8182d"}, "rarity": "rare", "rulings": [{"date": "2014-04-26", "text": "Heroic abilities will resolve before the spell that caused them to trigger."}, {"date": "2014-04-26", "text": "Heroic abilities will trigger only once per spell, even if that spell targets the creature with the heroic ability multiple times."}, {"date": "2014-04-26", "text": "Heroic abilities won't trigger when a copy of a spell is created on the stack or when a spell's targets are changed to include a creature with a heroic ability."}], "setCode": "PJOU", "subtypes": ["Human", "Soldier"], "supertypes": [], "text": "Flying, lifelink\nHeroic — Whenever you cast a spell that targets Dawnbringer Charioteers, put a +1/+1 counter on Dawnbringer Charioteers.", "toughness": "4", "type": "Creature — Human Soldier", "types": ["Creature"], "uuid": "c9980a8a-91b9-59c0-88d7-f0f9fa3e93ca", "watermark": "set (JOU)"}, {"artist": "Ryan Barger", "availability": ["paper"], "borderColor": "black", "colorIdentity": ["U"], "colors": ["U"], "convertedManaCost": 3.0, "edhrecRank": 1559, "finishes": ["foil"], "foreignData": [], "frameVersion": "2003", "hasFoil": true, "hasNonFoil": false, "identifiers": {"cardKingdomFoilId": "200394", "cardsphereId": "18911", "mcmId": "266935", "mtgjsonV4Id": "417e4970-40e5-560e-8cf5-ed3511c1fa05", "scryfallId": "d6306f45-36fd-42b1-88b1-31b915410879", "scryfallIllustrationId": "8838f77f-e51a-4932-9463-863802277e3b", "scryfallOracleId": "be74a4c1-d569-4203-b28a-3e2ac6a82990", "tcgplayerProductId": "82212"}, "isFullArt": true, "isPromo": true, "isReprint": true, "isStarter": true, "keywords": ["Flash"], "language": "English", "layout": "normal", "legalities": {"commander": "Legal", "duel": "Legal", "legacy": "Legal", "modern": "Legal", "penny": "Legal", "pioneer": "Legal", "vintage": "Legal"}, "manaCost": "{1}{U}{U}", "manaValue": 3.0, "name": "Dictate of Kruphix", "number": "37", "printings": ["C18", "JOU", "PJOU", "PRM"], "promoTypes": ["setpromo", "gameday"], "purchaseUrls": {"cardKingdomFoil": "https://mtgjson.com/links/2462a1046c1106c8", "tcgplayer": "https://mtgjson.com/links/a43277ef5985b80e"}, "rarity": "rare", "rulings": [], "setCode": "PJOU", "subtypes": [], "supertypes": [], "text": "Flash\nAt the beginning of each player's draw step, that player draws an additional card.", "type": "Enchantment", "types": ["Enchantment"], "uuid": "a7e32353-c94f-57a8-acbd-5fbaa6b669b8"}, {"artist": "Adam Paquette", "availability": ["paper"], "borderColor": "black", "colorIdentity": ["U"], "colors": ["U"], "convertedManaCost": 7.0, "edhrecRank": 1269, "finishes": ["foil"], "foreignData": [], "frameVersion": "2003", "hasFoil": true, "hasNonFoil": false, "identifiers": {"cardKingdomFoilId": "200393", "cardsphereId": "37436", "mcmId": "266927", "mtgjsonV4Id": "a7044e23-957a-5e51-86a9-317e6af07bea", "scryfallId": "005be4aa-9800-4f68-b341-90328dc34d13", "scryfallIllustrationId": "c51b62b2-37d6-46bd-a63d-2ce6daa2edfa", "scryfallOracleId": "57308fc8-8915-4211-a5fd-9363caea9ab9", "tcgplayerProductId": "82206"}, "isPromo": true, "isReprint": true, "isStarter": true, "language": "English", "layout": "normal", "legalities": {"commander": "Legal", "duel": "Legal", "legacy": "Legal", "modern": "Legal", "penny": "Legal", "pioneer": "Legal", "vintage": "Legal"}, "manaCost": "{5}{U}{U}", "manaValue": 7.0, "name": "Scourge of Fleets", "number": "51★", "power": "6", "printings": ["CMR", "DDO", "JOU", "PJOU", "PRM", "ZNC"], "promoTypes": ["setpromo", "datestamped", "prerelease"], "purchaseUrls": {"cardKingdomFoil": "https://mtgjson.com/links/0eb60ce0e94a981c", "tcgplayer": "https://mtgjson.com/links/8964932348905bd7"}, "rarity": "rare", "rulings": [{"date": "2014-04-26", "text": "The value of X is determined as the ability resolves."}], "setCode": "PJOU", "subtypes": ["Kraken"], "supertypes": [], "text": "When Scourge of Fleets enters the battlefield, return each creature your opponents control with toughness X or less to its owner's hand, where X is the number of Islands you control.", "toughness": "6", "type": "Creature — Kraken", "types": ["Creature"], "uuid": "45f8e8cc-db7e-5448-b5b5-c49b9e43efbd", "watermark": "set (JOU)"}, {"artist": "Nils Hamm", "availability": ["paper"], "borderColor": "black", "colorIdentity": ["B"], "colors": ["B"], "convertedManaCost": 5.0, "edhrecRank": 1852, "finishes": ["foil"], "flavorText": "Crippling fear precedes it. A foul stench accompanies it. Death follows in its wake.", "foreignData": [], "frameEffects": ["nyxtouched"], "frameVersion": "2003", "hasFoil": true, "hasNonFoil": false, "identifiers": {"cardKingdomFoilId": "200935", "cardsphereId": "37140", "mcmId": "266928", "mtgjsonV4Id": "e71935cd-d2a3-5203-933b-8b7988e63865", "scryfallId": "95ca8091-5282-4c87-88a8-cc84717e9d41", "scryfallIllustrationId": "55fd34bb-3055-4640-835f-858f234fdfcc", "scryfallOracleId": "ba069664-9f92-47c7-b556-9e5143a22579", "tcgplayerProductId": "82207"}, "isPromo": true, "isReprint": true, "isStarter": true, "keywords": ["Constellation"], "language": "English", "layout": "normal", "legalities": {"commander": "Legal", "duel": "Legal", "legacy": "Legal", "modern": "Legal", "penny": "Legal", "pioneer": "Legal", "vintage": "Legal"}, "manaCost": "{4}{B}", "manaValue": 5.0, "name": "Doomwake Giant", "number": "66★", "power": "4", "printings": ["C15", "JOU", "PJOU", "PLIST", "PRM"], "promoTypes": ["setpromo", "datestamped", "prerelease"], "purchaseUrls": {"cardKingdomFoil": "https://mtgjson.com/links/92c6b597f3337674", "tcgplayer": "https://mtgjson.com/links/9ae266816ca3468e"}, "rarity": "rare", "rulings": [{"date": "2014-04-26", "text": "A constellation ability triggers whenever an enchantment enters the battlefield under your control for any reason. Enchantments with other card types, such as enchantment creatures, will also cause constellation abilities to trigger."}, {"date": "2014-04-26", "text": "An Aura spell without bestow that has an illegal target when it tries to resolve won't resolve and will be put into its owner's graveyard. It won't enter the battlefield and constellation abilities won't trigger. An Aura spell with bestow won't be countered this way. It will revert to being an enchantment creature and resolve, entering the battlefield and triggering constellation abilities."}, {"date": "2014-04-26", "text": "When an enchantment enters the battlefield under your control, each constellation ability of permanents you control will trigger. You can put these abilities on the stack in any order. The last ability you put on the stack will be the first one that resolves."}], "setCode": "PJOU", "subtypes": ["Giant"], "supertypes": [], "text": "Constellation — Whenever Doomwake Giant or another enchantment enters the battlefield under your control, creatures your opponents control get -1/-1 until end of turn.", "toughness": "6", "type": "Enchantment Creature — Giant", "types": ["Enchantment", "Creature"], "uuid": "a68d2dcd-cc01-5cf0-8740-ba79b0752b46", "watermark": "set (JOU)"}, {"artist": "Tomasz Jedruszek", "availability": ["paper"], "borderColor": "black", "colorIdentity": ["B"], "colors": ["B"], "convertedManaCost": 4.0, "edhrecRank": 12951, "finishes": ["nonfoil"], "foreignData": [], "frameVersion": "2003", "hasFoil": false, "hasNonFoil": true, "identifiers": {"cardKingdomId": "200936", "cardsphereId": "18951", "mcmId": "266934", "mtgjsonV4Id": "c933e28f-cc20-56be-aaaf-94a8bf709b38", "scryfallId": "b564f16b-c212-4788-84a5-a95e4a748372", "scryfallIllustrationId": "0ec8c5a1-03d8-4065-b311-363ed25ea7f7", "scryfallOracleId": "662a2158-4176-4b4a-be6a-13f4501d22f9", "tcgplayerProductId": "82211"}, "isFullArt": true, "isPromo": true, "isReprint": true, "isStarter": true, "language": "English", "layout": "normal", "legalities": {"commander": "Legal", "duel": "Legal", "legacy": "Legal", "modern": "Legal", "paupercommander": "Restricted", "penny": "Legal", "pioneer": "Legal", "vintage": "Legal"}, "manaCost": "{2}{B}{B}", "manaValue": 4.0, "name": "Squelching Leeches", "number": "84", "power": "*", "printings": ["DDR", "JOU", "PJOU", "PRM"], "promoTypes": ["setpromo", "gameday"], "purchaseUrls": {"cardKingdom": "https://mtgjson.com/links/683d1e75adfac765", "tcgplayer": "https://mtgjson.com/links/720cea8411ea1b9b"}, "rarity": "uncommon", "rulings": [{"date": "2014-04-26", "text": "Squelching Leeches's power and toughness will change as the number of Swamps you control changes. Its ability counts all lands you control with the subtype Swamp, not just those named Swamp."}, {"date": "2014-04-26", "text": "The ability that defines Squelching Leeches's power and toughness works in all zones, not just the battlefield."}], "setCode": "PJOU", "subtypes": ["Leech"], "supertypes": [], "text": "Squelching Leeches's power and toughness are each equal to the number of Swamps you control.", "toughness": "*", "type": "Creature — Leech", "types": ["Creature"], "uuid": "5dd4a503-d8f1-5408-a0fa-2371ee3f8a69"}, {"artist": "Chase Stone", "availability": ["paper"], "borderColor": "black", "colorIdentity": ["R"], "colors": ["R"], "convertedManaCost": 5.0, "edhrecRank": 1393, "finishes": ["foil"], "flavorText": "Iroas and Mogis are as different in appearance as they are in personality.", "foreignData": [], "frameVersion": "2003", "hasFoil": true, "hasNonFoil": false, "identifiers": {"cardKingdomFoilId": "202400", "cardsphereId": "23879", "mcmId": "266936", "mtgjsonV4Id": "53da1187-1f6e-5bbc-ab42-545676e62c8d", "scryfallId": "be67e7aa-25ca-409f-9382-aa6b259cfa41", "scryfallIllustrationId": "55c0a0ed-597d-43f2-a78b-c8c69f344fa3", "scryfallOracleId": "3d960d33-623a-4415-ae00-f8cffbc15f5a", "tcgplayerProductId": "82210"}, "isPromo": true, "isReprint": true, "isStarter": true, "keywords": ["Flash"], "language": "English", "layout": "normal", "legalities": {"commander": "Legal", "duel": "Legal", "legacy": "Legal", "modern": "Legal", "penny": "Legal", "pioneer": "Legal", "vintage": "Legal"}, "manaCost": "{3}{R}{R}", "manaValue": 5.0, "name": "Dictate of the Twin Gods", "number": "93★", "printings": ["JOU", "PJOU", "PRM"], "promoTypes": ["setpromo", "datestamped", "release"], "purchaseUrls": {"cardKingdomFoil": "https://mtgjson.com/links/34d20027466d99a3", "tcgplayer": "https://mtgjson.com/links/ed1b3936462dea45"}, "rarity": "rare", "rulings": [{"date": "2014-04-26", "text": "Dictate of the Twin Gods applies to any damage, not just combat damage. It also doesn't matter who controls the source of the damage that's being dealt."}, {"date": "2014-04-26", "text": "The source of the damage doesn't change. A spell that deals damage will specify the source of the damage, often the spell itself. An ability that deals damage will also specify the source of the damage, although the ability itself will never be that source. Often the source of the ability is also the source of the damage."}, {"date": "2014-04-26", "text": "If more than one Dictate of the Twin Gods is on the battlefield, damage dealt will double for each one (two of them will end up multiplying the damage by four, three of them by eight, and four of them by sixteen)."}, {"date": "2014-04-26", "text": "If multiple effects modify how damage will be dealt, the player being dealt damage or the controller of the permanent being dealt damage chooses the order to apply the effects. For example, the ability of Decorated Griffin says “Prevent the next 1 combat damage that would be dealt to you this turn.” Suppose you would be dealt 3 combat damage and you activate the ability of Decorated Griffin. You can either (a) prevent 1 damage first and then let Dictate of the Twin Gods's effect double the remaining 2 damage, for a result of being dealt 4 damage, or (b) double the damage to 6 and then prevent 1 damage, for a result of being dealt 5 damage."}], "setCode": "PJOU", "subtypes": [], "supertypes": [], "text": "Flash\nIf a source would deal damage to a permanent or player, it deals double that damage to that permanent or player instead.", "type": "Enchantment", "types": ["Enchantment"], "uuid": "ca2b83e6-ad89-5ba2-8c1d-5969404780fe", "watermark": "set (JOU)"}, {"artist": "Jason Rainville", "availability": ["paper"], "borderColor": "black", "colorIdentity": ["R"], "colors": ["R"], "convertedManaCost": 7.0, "edhrecRank": 5543, "finishes": ["foil"], "flavorText": "Sparks from Purphoros's forge fill the belly of every dragon.", "foreignData": [], "frameVersion": "2003", "hasFoil": true, "hasNonFoil": false, "identifiers": {"cardKingdomFoilId": "200397", "cardsphereId": "37479", "mcmId": "266929", "mtgjsonV4Id": "d8f622c9-7c33-5fce-b35f-cc8caf73a425", "scryfallId": "402a302a-4ba5-44a8-b291-afe74f3d0e67", "scryfallIllustrationId": "a248c45d-efb3-45a0-8208-6e18d3c4d5e1", "scryfallOracleId": "52289774-d292-4028-91fb-8826fa004dc8", "tcgplayerProductId": "82208"}, "isPromo": true, "isReprint": true, "isStarter": true, "keywords": ["Flying"], "language": "English", "layout": "normal", "legalities": {"commander": "Legal", "duel": "Legal", "legacy": "Legal", "modern": "Legal", "penny": "Legal", "pioneer": "Legal", "vintage": "Legal"}, "manaCost": "{5}{R}{R}", "manaValue": 7.0, "name": "Spawn of Thraxes", "number": "112★", "power": "5", "printings": ["JOU", "PJOU", "PRM"], "promoTypes": ["setpromo", "datestamped", "prerelease"], "purchaseUrls": {"cardKingdomFoil": "https://mtgjson.com/links/62b8612c7d4d6137", "tcgplayer": "https://mtgjson.com/links/9a8b0983fa037c0d"}, "rarity": "rare", "rulings": [{"date": "2014-04-26", "text": "Count the number of Mountains you control when the last ability resolves to determine how much damage is dealt. This includes any land with the subtype Mountain, not just those named Mountain."}], "setCode": "PJOU", "subtypes": ["Dragon"], "supertypes": [], "text": "Flying\nWhen Spawn of Thraxes enters the battlefield, it deals damage to any target equal to the number of Mountains you control.", "toughness": "5", "type": "Creature — Dragon", "types": ["Creature"], "uuid": "8f0fdbd2-6a31-5504-adc5-37cb8de0364b", "watermark": "set (JOU)"}, {"artist": "Seb McKinnon", "availability": ["paper"], "borderColor": "black", "colorIdentity": ["G"], "colors": ["G"], "convertedManaCost": 4.0, "edhrecRank": 731, "finishes": ["foil"], "flavorText": "The emotional echoes of dryad gatherings attract lost souls.", "foreignData": [], "frameEffects": ["nyxtouched"], "frameVersion": "2003", "hasFoil": true, "hasNonFoil": false, "identifiers": {"cardKingdomFoilId": "199264", "cardsphereId": "7728", "mcmId": "266931", "mtgjsonV4Id": "0d98d4a9-9532-5efd-b160-1ed5753c8232", "scryfallId": "bb2d43eb-a72f-4721-82b5-121a7c4d2ffa", "scryfallIllustrationId": "caadfa3d-0ed7-4547-92b5-4d9173469145", "scryfallOracleId": "77ccbea1-70af-4194-adad-39a904221c75", "tcgplayerProductId": "82879"}, "isPromo": true, "isReprint": true, "isStarter": true, "keywords": ["Constellation"], "language": "English", "layout": "normal", "legalities": {"commander": "Legal", "duel": "Legal", "legacy": "Legal", "modern": "Legal", "pioneer": "Legal", "vintage": "Legal"}, "manaCost": "{2}{G}{G}", "manaValue": 4.0, "name": "Eidolon of Blossoms", "number": "122★", "power": "2", "printings": ["C18", "JOU", "PJOU", "PLIST", "PRM"], "promoTypes": ["setpromo", "buyabox"], "purchaseUrls": {"cardKingdomFoil": "https://mtgjson.com/links/b3aae00cc66f441a", "tcgplayer": "https://mtgjson.com/links/cbc4ec219cbdec52"}, "rarity": "rare", "rulings": [{"date": "2014-04-26", "text": "A constellation ability triggers whenever an enchantment enters the battlefield under your control for any reason. Enchantments with other card types, such as enchantment creatures, will also cause constellation abilities to trigger."}, {"date": "2014-04-26", "text": "An Aura spell without bestow that has an illegal target when it tries to resolve won't resolve and will be put into its owner's graveyard. It won't enter the battlefield and constellation abilities won't trigger. An Aura spell with bestow won't be countered this way. It will revert to being an enchantment creature and resolve, entering the battlefield and triggering constellation abilities."}, {"date": "2014-04-26", "text": "When an enchantment enters the battlefield under your control, each constellation ability of permanents you control will trigger. You can put these abilities on the stack in any order. The last ability you put on the stack will be the first one that resolves."}], "setCode": "PJOU", "subtypes": ["Spirit"], "supertypes": [], "text": "Constellation — Whenever Eidolon of Blossoms or another enchantment enters the battlefield under your control, draw a card.", "toughness": "2", "type": "Enchantment Creature — Spirit", "types": ["Enchantment", "Creature"], "uuid": "fe283c73-15fa-59e6-ae6e-d75df4ab47b0", "watermark": "colorpie"}, {"artist": "Volkan Baǵa", "availability": ["paper"], "borderColor": "black", "colorIdentity": ["G"], "colors": ["G"], "convertedManaCost": 5.0, "edhrecRank": 4421, "finishes": ["foil"], "flavorText": "Travelers' tales claim that hydras bite off their own heads to make themselves deadlier.", "foreignData": [], "frameVersion": "2003", "hasFoil": true, "hasNonFoil": false, "identifiers": {"cardKingdomFoilId": "200396", "cardsphereId": "37255", "mcmId": "266930", "mtgjsonV4Id": "8145e677-5dee-5b1a-a50a-22263e9acac0", "scryfallId": "f4fed10c-74f8-49af-8daa-b9c081f549f8", "scryfallIllustrationId": "81885783-883d-412e-80f2-62c4b51eb17c", "scryfallOracleId": "bccd722a-b610-4017-93bd-313f08448f5e", "tcgplayerProductId": "82209"}, "isPromo": true, "isReprint": true, "isStarter": true, "language": "English", "layout": "normal", "legalities": {"commander": "Legal", "duel": "Legal", "legacy": "Legal", "modern": "Legal", "paupercommander": "Restricted", "penny": "Legal", "pioneer": "Legal", "vintage": "Legal"}, "manaCost": "{3}{G}{G}", "manaValue": 5.0, "name": "Heroes' Bane", "number": "126★", "power": "0", "printings": ["C20", "IMA", "JOU", "PJOU", "PRM"], "promoTypes": ["setpromo", "datestamped", "prerelease"], "purchaseUrls": {"cardKingdomFoil": "https://mtgjson.com/links/01804a13fdb3aa2b", "tcgplayer": "https://mtgjson.com/links/2fdf0f1cc0140f72"}, "rarity": "rare", "rulings": [{"date": "2017-11-17", "text": "The value of X is determined using the power of Heroes' Bane when the ability resolves."}, {"date": "2017-11-17", "text": "If Heroes' Bane's power is less than 0 when its second ability resolves, X is considered to be 0."}], "setCode": "PJOU", "subtypes": ["Hydra"], "supertypes": [], "text": "Heroes' Bane enters the battlefield with four +1/+1 counters on it.\n{2}{G}{G}: Put X +1/+1 counters on Heroes' Bane, where X is its power.", "toughness": "0", "type": "Creature — Hydra", "types": ["Creature"], "uuid": "c8675b62-3fcf-56e5-a5e8-c1bcb6ba3f55", "watermark": "set (JOU)"}, {"artist": "Chuck Lukacs", "availability": ["paper"], "borderColor": "black", "colorIdentity": [], "colors": [], "convertedManaCost": 3.0, "edhrecRank": 5363, "finishes": ["foil"], "flavorText": "Heroes act without thought of glory or reward. Accolades are a consequence, not a goal.", "foreignData": [], "frameVersion": "2003", "hasFoil": true, "hasNonFoil": false, "identifiers": {"cardKingdomFoilId": "203141", "cardsphereId": "18921", "mcmId": "267150", "mtgjsonV4Id": "70829c91-d56b-561b-b2d4-1a9a384516ce", "scryfallId": "2e60397c-5d21-4b8c-be4e-38554b8b405c", "scryfallIllustrationId": "911ea371-148d-425c-8eb7-8cbb23ea77de", "scryfallOracleId": "716632dd-2947-4641-a1db-50e0a2b0b4e8", "tcgplayerProductId": "92418"}, "isPromo": true, "isReprint": true, "isStarter": true, "language": "English", "layout": "normal", "legalities": {"commander": "Legal", "duel": "Legal", "legacy": "Legal", "modern": "Legal", "penny": "Legal", "pioneer": "Legal", "vintage": "Legal"}, "manaCost": "{3}", "manaValue": 3.0, "name": "Hall of Triumph", "number": "162", "printings": ["JOU", "PJOU", "PRM"], "promoTypes": ["setpromo", "gameday"], "purchaseUrls": {"cardKingdomFoil": "https://mtgjson.com/links/44bf031466359614", "tcgplayer": "https://mtgjson.com/links/9314b7d9da23d125"}, "rarity": "rare", "rulings": [], "setCode": "PJOU", "subtypes": [], "supertypes": ["Legendary"], "text": "As Hall of Triumph enters the battlefield, choose a color.\nCreatures you control of the chosen color get +1/+1.", "type": "Legendary Artifact", "types": ["Artifact"], "uuid": "4690d6a8-63e9-5923-b446-3db2becc8426", "watermark": "herospath"}], "code": "PJOU", "isFoilOnly": false, "isOnlineOnly": false, "keyruneCode": "JOU", "name": "Journey into Nyx Promos", "parentCode": "JOU", "releaseDate": "2014-04-26", "tokens": [], "totalSetSize": 10, "translations": {}, "type": "promo"}}