{"meta": {"date": "2022-09-29", "version": "5.2.0+20220929"}, "data": {"baseSetSize": 8, "cards": [{"artist": "Justin Sweet", "availability": ["paper"], "borderColor": "black", "colorIdentity": ["R"], "colors": ["R"], "convertedManaCost": 2.0, "edhrecRank": 19353, "finishes": ["foil"], "flavorText": "The slith incubate in the Great Furnace's heat, emerging on Mirrodin's surface only when the four suns have aligned overhead.", "foreignData": [], "frameVersion": "2003", "hasFoil": true, "hasNonFoil": false, "identifiers": {"cardKingdomFoilId": "219558", "mcmId": "253848", "mtgjsonV4Id": "18f23c25-1581-550a-96ff-72d0c425704e", "scryfallId": "d087c754-df96-49de-87cd-d27d96d45ec3", "scryfallIllustrationId": "a0d1b033-43ee-45b1-a3da-2809d8b68002", "scryfallOracleId": "ea1af948-686d-4b40-ad4e-cb48a0258269", "tcgplayerProductId": "38224"}, "isPromo": true, "isReprint": true, "isStarter": true, "keywords": ["Haste"], "language": "English", "layout": "normal", "legalities": {"commander": "Legal", "duel": "Legal", "legacy": "Legal", "modern": "Legal", "paupercommander": "Restricted", "penny": "Legal", "vintage": "Legal"}, "manaCost": "{R}{R}", "manaValue": 2.0, "name": "Slith Firewalker", "number": "1E05", "power": "1", "printings": ["DD2", "JVC", "MRD", "PJJT", "PJSE", "PRM", "PSUS"], "promoTypes": ["tourney"], "purchaseUrls": {"cardKingdomFoil": "https://mtgjson.com/links/d4eb566f97804f63", "tcgplayer": "https://mtgjson.com/links/8192040a70e2b963"}, "rarity": "rare", "rulings": [], "setCode": "PJSE", "subtypes": ["Slith"], "supertypes": [], "text": "Haste\nWhenever Slith Firewalker deals combat damage to a player, put a +1/+1 counter on it.", "toughness": "1", "type": "Creature — Slith", "types": ["Creature"], "uuid": "54f4b724-34b2-5a65-954c-5bdbc335a5ea", "watermark": "junioreurope"}, {"artist": "Carl Critchlow", "availability": ["paper"], "borderColor": "black", "colorIdentity": ["G"], "colors": ["G"], "convertedManaCost": 2.0, "edhrecRank": 53, "finishes": ["foil"], "flavorText": "There were no tombstones in orochi territory. Slain warriors were buried with a tree sapling, so they would become a part of the forest after death.", "foreignData": [], "frameVersion": "2003", "hasFoil": true, "hasNonFoil": false, "identifiers": {"cardKingdomFoilId": "210328", "mcmId": "253850", "mtgjsonV4Id": "3cc0d097-bee7-5e81-a37e-03da0f8aa8f3", "scryfallId": "65195553-a7a0-414f-b945-25d93dc76395", "scryfallIllustrationId": "6c8e4e05-f8f2-4026-8752-a5a3534e0c8d", "scryfallOracleId": "e3afc704-220f-498f-9eaa-0821b17dc24c", "tcgplayerProductId": "38221"}, "isPromo": true, "isReprint": true, "isStarter": true, "language": "English", "layout": "normal", "legalities": {"commander": "Legal", "duel": "Legal", "legacy": "Legal", "modern": "Legal", "pauper": "Legal", "paupercommander": "Legal", "vintage": "Legal"}, "manaCost": "{1}{G}", "manaValue": 2.0, "name": "Sakura-Tribe Elder", "number": "1E06", "originalReleaseDate": "2006-01-01", "power": "1", "printings": ["ARC", "C13", "C15", "C16", "C18", "C19", "C20", "CHK", "CLB", "CMA", "CMD", "CNS", "F09", "MB1", "NCC", "NEC", "PJAS", "PJJT", "PJSE", "PRM", "PSUS", "PZ1", "SLD", "TD0"], "promoTypes": ["tourney"], "purchaseUrls": {"cardKingdomFoil": "https://mtgjson.com/links/5034e4734aa26ed2", "tcgplayer": "https://mtgjson.com/links/27599873267d63f8"}, "rarity": "rare", "rulings": [], "setCode": "PJSE", "subtypes": ["Snake", "Shaman"], "supertypes": [], "text": "Sacrifice Sakura-Tribe Elder: Search your library for a basic land card, put that card onto the battlefield tapped, then shuffle.", "toughness": "1", "type": "Creature — Snake Shaman", "types": ["Creature"], "uuid": "d89c1fd3-c643-5b3b-bee4-636423ae5d43", "watermark": "junioreurope"}, {"artist": "Dany Orizio", "availability": ["paper"], "borderColor": "black", "colorIdentity": ["W"], "colors": ["W"], "convertedManaCost": 2.0, "edhrecRank": 13749, "finishes": ["foil"], "flavorText": "\"In Rath,\" the priest said, \"there is even greater need for prayer.\"", "foreignData": [], "frameVersion": "2003", "hasFoil": true, "hasNonFoil": false, "identifiers": {"cardKingdomFoilId": "223851", "mcmId": "19008", "mtgjsonV4Id": "15873f92-cdf9-5818-9c6f-f6acc217ed49", "scryfallId": "4e44c6aa-75ef-412a-94a7-d95d9d41b9cf", "scryfallIllustrationId": "45ad8540-149f-4e9c-b7eb-6595f01f3622", "scryfallOracleId": "f8c9cb9f-3a37-4004-9cde-f51ca5579e1a", "tcgplayerProductId": "38225"}, "isPromo": true, "isReprint": true, "isStarter": true, "keywords": ["Protection", "Shadow"], "language": "English", "layout": "normal", "legalities": {"commander": "Legal", "duel": "Legal", "legacy": "Legal", "modern": "Legal", "paupercommander": "Restricted", "penny": "Legal", "premodern": "Legal", "vintage": "Legal"}, "manaCost": "{W}{W}", "manaValue": 2.0, "name": "Soltari Priest", "number": "1E07", "originalReleaseDate": "2007-01-01", "power": "2", "printings": ["F02", "PJAS", "PJJT", "PJSE", "PRM", "PSUS", "TMP", "TPR", "TSB", "WC98"], "promoTypes": ["tourney"], "purchaseUrls": {"cardKingdomFoil": "https://mtgjson.com/links/359a4e188eeecb64", "tcgplayer": "https://mtgjson.com/links/6ddae5ef6bf29015"}, "rarity": "rare", "rulings": [{"date": "2021-03-19", "text": "Once a creature has been blocked, that creature remains blocked and will deal and be dealt combat damage even if it gains or loses shadow or if the blocking creature gains or loses shadow."}, {"date": "2021-03-19", "text": "If an attacking creature has multiple evasion abilities, such as shadow and flying, a creature can block it only if that creature satisfies all of the appropriate evasion abilities."}, {"date": "2021-03-19", "text": "Multiple instances of shadow on the same creature are redundant."}], "setCode": "PJSE", "subtypes": ["Soltari", "Cleric"], "supertypes": [], "text": "Protection from red\nShadow (This creature can block or be blocked by only creatures with shadow.)", "toughness": "1", "type": "Creature — Soltari Cleric", "types": ["Creature"], "uuid": "7c685511-66f4-5273-bfca-4b462a9bedcc", "watermark": "junioreurope"}, {"artist": "Raymond Swanland", "availability": ["paper"], "borderColor": "black", "colorIdentity": ["W"], "colors": ["W"], "convertedManaCost": 3.0, "edhrecRank": 3548, "finishes": ["foil"], "flavorText": "The songs of angels are perceived not as words in the ears but as stirrings in the soul.", "foreignData": [], "frameVersion": "2003", "hasFoil": true, "hasNonFoil": false, "identifiers": {"cardKingdomFoilId": "221355", "mcmId": "241053", "mtgjsonV4Id": "6675a710-a4bb-59a9-b967-7e4729cfc983", "scryfallId": "34b6c51a-673b-4bbc-8423-f49fc5a05270", "scryfallIllustrationId": "8f05bbfe-383a-454a-b8d3-94d7234797ba", "scryfallOracleId": "e3886fe8-9b76-4613-8891-4ec74657c087", "tcgplayerProductId": "95436"}, "isPromo": true, "isReprint": true, "isStarter": true, "language": "English", "layout": "normal", "legalities": {"commander": "Legal", "duel": "Legal", "explorer": "Legal", "gladiator": "Legal", "historic": "Legal", "historicbrawl": "Legal", "legacy": "Legal", "modern": "Legal", "penny": "Legal", "pioneer": "Legal", "premodern": "Legal", "vintage": "Legal"}, "manaCost": "{1}{W}{W}", "manaValue": 3.0, "name": "Glorious Anthem", "number": "1E08", "originalReleaseDate": "2008-01-01", "printings": ["10E", "7ED", "8ED", "9ED", "M21", "PJAS", "PJJT", "PJSE", "PM21", "PRM", "PS11", "PSUS", "USG"], "promoTypes": ["tourney"], "purchaseUrls": {"cardKingdomFoil": "https://mtgjson.com/links/b33d463b9d01b6f1", "tcgplayer": "https://mtgjson.com/links/3c9327d94c982076"}, "rarity": "rare", "rulings": [], "setCode": "PJSE", "subtypes": [], "supertypes": [], "text": "Creatures you control get +1/+1.", "type": "Enchantment", "types": ["Enchantment"], "uuid": "4ae677ec-89ab-5efa-8f4a-70969cb28102", "watermark": "junioreurope"}, {"artist": "Tom Wänerstrand", "availability": ["paper"], "borderColor": "black", "colorIdentity": ["B"], "colors": ["B"], "convertedManaCost": 3.0, "edhrecRank": 2912, "finishes": ["foil"], "flavorText": "Trained in the arts of stealth, royal assassins choose their victims carefully, relying on timing and precision rather than brute force..", "foreignData": [], "frameVersion": "2003", "hasFoil": true, "hasNonFoil": false, "identifiers": {"cardKingdomFoilId": "125302", "mcmId": "253849", "mtgjsonV4Id": "fabe3fbf-ae5a-5815-ab75-44d2855ff6f3", "scryfallId": "4a9bed5f-44e9-48f9-be50-2071b926121e", "scryfallIllustrationId": "42c3632d-5a5a-4d74-bf9f-5af479d3b657", "scryfallOracleId": "9ed6f28f-a3db-48c5-9ab0-b90a7fba5f57", "tcgplayerProductId": "38220"}, "isPromo": true, "isReprint": true, "isStarter": true, "language": "English", "layout": "normal", "legalities": {"commander": "Legal", "duel": "Legal", "legacy": "Legal", "modern": "Legal", "penny": "Legal", "premodern": "Legal", "vintage": "Legal"}, "manaCost": "{1}{B}{B}", "manaValue": 3.0, "name": "Royal Assassin", "number": "2E05", "power": "1", "printings": ["10E", "2ED", "3ED", "4BB", "4ED", "8ED", "9ED", "CED", "CEI", "FBB", "LEA", "LEB", "M10", "M11", "M12", "PJJT", "PJSE", "PRM", "PSUS", "SUM"], "promoTypes": ["tourney"], "purchaseUrls": {"cardKingdomFoil": "https://mtgjson.com/links/abc4b43bd9e949ef", "tcgplayer": "https://mtgjson.com/links/c284588c94bea4b6"}, "rarity": "rare", "rulings": [{"date": "2004-10-04", "text": "Can’t target itself because you choose the target before you tap him. At that time he is not yet a legal target."}, {"date": "2004-10-04", "text": "If the creature is no longer tapped when the Assassin’s ability resolves, then the ability doesn’t resolve."}], "setCode": "PJSE", "subtypes": ["Human", "Assassin"], "supertypes": [], "text": "{T}: Destroy target tapped creature.", "toughness": "1", "type": "Creature — Human Assassin", "types": ["Creature"], "uuid": "993ef086-6d30-54e3-8cbb-bca729d27ff8", "watermark": "junioreurope"}, {"artist": "Ron Spencer", "availability": ["paper"], "borderColor": "black", "colorIdentity": ["R"], "colors": ["R"], "convertedManaCost": 5.0, "edhrecRank": 11234, "finishes": ["foil"], "foreignData": [], "frameVersion": "2003", "hasFoil": true, "hasNonFoil": false, "identifiers": {"cardKingdomFoilId": "126618", "mcmId": "253851", "mtgjsonV4Id": "b6c63677-2c9b-5ef1-9591-21355956cf61", "scryfallId": "48b07346-f271-441f-9327-fd519a88f628", "scryfallIllustrationId": "5e9919da-0246-40b7-b9d5-91cd0da6a9b7", "scryfallOracleId": "3b629793-0efb-4d60-9d82-38b7b400abfd", "tcgplayerProductId": "38223"}, "isPromo": true, "isReprint": true, "isStarter": true, "keywords": ["Flying"], "language": "English", "layout": "normal", "legalities": {"commander": "Legal", "duel": "Legal", "legacy": "Legal", "modern": "Legal", "penny": "Legal", "premodern": "Legal", "vintage": "Legal"}, "manaCost": "{4}{R}", "manaValue": 5.0, "name": "Shard Phoenix", "number": "2E06", "originalReleaseDate": "2006-01-01", "power": "2", "printings": ["9ED", "PJAS", "PJJT", "PJSE", "PRM", "PSUS", "STH", "TPR"], "promoTypes": ["tourney"], "purchaseUrls": {"cardKingdomFoil": "https://mtgjson.com/links/a66159fe673ca30b", "tcgplayer": "https://mtgjson.com/links/95d5d233101a93bc"}, "rarity": "rare", "rulings": [{"date": "2005-08-01", "text": "You can return Shard Phoenix any time during your upkeep; this is not a beginning of upkeep triggered ability."}, {"date": "2005-08-01", "text": "Shard Phoenix uses Last Known Information. If, for example, it was blue when it was sacrificed, the damage will come from a blue source."}], "setCode": "PJSE", "subtypes": ["Phoenix"], "supertypes": [], "text": "Flying (This creature can't be blocked except by creatures with flying or reach.)\nSacrifice Shard Phoenix: It deals 2 damage to each creature without flying.\n{R}{R}{R}: Return Shard Phoenix from your graveyard to your hand. Activate only during your upkeep.", "toughness": "2", "type": "Creature — Phoenix", "types": ["Creature"], "uuid": "0e8e827c-40a0-548c-81e5-96d87d326d8c", "watermark": "junioreurope"}, {"artist": "Alex Horley-Orlandelli", "availability": ["paper"], "borderColor": "black", "colorIdentity": ["G"], "colors": ["G"], "convertedManaCost": 2.0, "edhrecRank": 20145, "finishes": ["foil"], "flavorText": "Amid this whirling hurricane of blades, there is no calm eye in which the hapless can find shelter.", "foreignData": [], "frameVersion": "2003", "hasFoil": true, "hasNonFoil": false, "identifiers": {"cardKingdomFoilId": "223854", "mcmId": "19009", "mtgjsonV4Id": "a8aec7b9-179e-5db6-a5da-9bf04bb9610a", "scryfallId": "cd0aef6e-39ba-4231-9d53-2619930f52b4", "scryfallIllustrationId": "6ac30395-e829-4c6a-ad9c-190b36e2a563", "scryfallOracleId": "43f89524-4b22-4707-9aba-6eb4c01d75dc", "tcgplayerProductId": "38229"}, "isPromo": true, "isReprint": true, "isStarter": true, "keywords": ["Protection"], "language": "English", "layout": "normal", "legalities": {"commander": "Legal", "duel": "Legal", "legacy": "Legal", "modern": "Legal", "paupercommander": "Restricted", "penny": "Legal", "premodern": "Legal", "vintage": "Legal"}, "manaCost": "{G}{G}", "manaValue": 2.0, "name": "Whirling Dervish", "number": "2E07", "originalReleaseDate": "2007-01-01", "power": "1", "printings": ["4BB", "4ED", "5ED", "ITP", "LEG", "PJAS", "PJJT", "PJSE", "PRM", "PSUS", "PTC", "REN", "RQS", "TSB", "WC97"], "promoTypes": ["tourney"], "purchaseUrls": {"cardKingdomFoil": "https://mtgjson.com/links/d364b1c2d6882bc1", "tcgplayer": "https://mtgjson.com/links/ba2351d95753f9f0"}, "rarity": "rare", "rulings": [{"date": "2021-03-19", "text": "Whirling Dervish’s triggered ability gives it at most one +1/+1 counter each turn, regardless of how many opponents were dealt damage beyond the first."}, {"date": "2021-03-19", "text": "If Dunerider Outlaw dealt damage to an opponent who later left the game before that turn’s end step, its ability still gives it a +1/+1 counter."}, {"date": "2021-03-19", "text": "Whirling Dervish’s triggered ability checks to see if it dealt damage during the turn to an opponent of its current controller. If it dealt damage to player A, then player A takes control of it, the ability doesn’t trigger."}], "setCode": "PJSE", "subtypes": ["Human", "Monk"], "supertypes": [], "text": "Protection from black\nAt the beginning of each end step, if Whirling Dervish dealt damage to an opponent this turn, put a +1/+1 counter on it.", "toughness": "1", "type": "Creature — Human Monk", "types": ["Creature"], "uuid": "ed2276e9-d6bd-5318-94d1-465efea9b3cc", "watermark": "junioreurope"}, {"artist": "Matt Cavotta", "availability": ["paper"], "borderColor": "black", "colorIdentity": ["G"], "colors": ["G"], "convertedManaCost": 3.0, "edhrecRank": 2575, "finishes": ["foil"], "flavorText": "\"We've endured your slights to Gaea with the grace of tolerance. Now behold the grace of our ferocity.\"", "foreignData": [], "frameVersion": "2003", "hasFoil": true, "hasNonFoil": false, "identifiers": {"cardKingdomFoilId": "223162", "mcmId": "241052", "mtgjsonV4Id": "13bc0513-7c80-57e2-aeab-08f2489d7d43", "scryfallId": "8ede03a3-9999-4eb4-b9c6-b0c0f68164c3", "scryfallIllustrationId": "83479d83-f0ff-4b8e-947e-5c00b2a9c690", "scryfallOracleId": "7e40f37c-9a0c-40e0-b195-7ea94b12f798", "tcgplayerProductId": "92308"}, "isPromo": true, "isReprint": true, "isStarter": true, "language": "English", "layout": "normal", "legalities": {"commander": "Legal", "duel": "Legal", "legacy": "Legal", "modern": "Legal", "penny": "Legal", "premodern": "Legal", "vintage": "Legal"}, "manaCost": "{1}{G}{G}", "manaValue": 3.0, "name": "Elvish Champion", "number": "2E08", "originalReleaseDate": "2008-01-01", "power": "2", "printings": ["10E", "7ED", "8ED", "9ED", "DPA", "INV", "PJAS", "PJJT", "PJSE", "PLIST", "PRM", "PS11", "PSAL", "PSUS"], "promoTypes": ["tourney"], "purchaseUrls": {"cardKingdomFoil": "https://mtgjson.com/links/5895af4c283f84a2", "tcgplayer": "https://mtgjson.com/links/9a11523363a4c397"}, "rarity": "rare", "rulings": [{"date": "2004-10-04", "text": "It affects Elves controlled by all players, not just yours."}, {"date": "2005-08-01", "text": "This card is now an Elf but has been reworded so that it does not give itself the bonus."}], "setCode": "PJSE", "subtypes": ["Elf"], "supertypes": [], "text": "Other Elf creatures get +1/+1 and have forestwalk. (They can't be blocked as long as defending player controls a Forest.)", "toughness": "2", "type": "Creature — Elf", "types": ["Creature"], "uuid": "74fff00a-6409-5515-8fd2-4d28daf39bae", "watermark": "junioreurope"}], "code": "PJSE", "isFoilOnly": true, "isOnlineOnly": false, "keyruneCode": "PARL", "name": "Junior Series Europe", "releaseDate": "2005-01-01", "tokens": [], "totalSetSize": 8, "translations": {}, "type": "promo"}}