{"meta": {"date": "2022-09-29", "version": "5.2.0+20220929"}, "data": {"baseSetSize": 1, "block": "Odyssey", "cards": [{"artist": "Donato Giancola", "availability": ["paper"], "borderColor": "black", "colorIdentity": ["W"], "colors": ["W"], "convertedManaCost": 5.0, "edhrecRank": 10231, "finishes": ["foil"], "flavorText": "\"תהילה נﬠלמה; תהילה הייתה בכל מקום.\"\n—מגילת ההיווצרות והמקור", "foreignData": [{"flavorText": "\"תהילה נﬠלמה; תהילה הייתה בכל מקום.\"\n—מגילת ההיווצרות והמקור", "language": "Hebrew", "multiverseId": 97064, "name": "תהילה", "text": "יכולת תﬠופה\n{W}{2}:יצורים שנמצאים בשליטתך נהנים מהגנתו של הצבﬠ שבחרת, ﬠד לסיום התור. השתמש/י ביכולת זו רק במקרה, שתהילה נמצאת בבית-הקברות שלך.", "type": "יצור — התגלמות"}], "frameEffects": ["tombstone"], "frameVersion": "1997", "hasFoil": true, "hasNonFoil": false, "identifiers": {"cardKingdomFoilId": "117245", "cardsphereId": "37229", "mcmId": "17712", "mtgjsonV4Id": "d86ac63d-c2d3-56bd-bee3-e40fc3f20a4b", "multiverseId": "97064", "scryfallId": "319724d5-8937-4470-a880-a65e674f7b3b", "scryfallIllustrationId": "320966f1-490c-4331-8458-7d83155adfa5", "scryfallOracleId": "3853ef6a-6771-4708-8ed5-d667f646de5a", "tcgplayerProductId": "38381"}, "isPromo": true, "isReprint": true, "isStarter": true, "keywords": ["Flying"], "language": "Hebrew", "layout": "normal", "legalities": {"commander": "Legal", "duel": "Legal", "legacy": "Legal", "premodern": "Legal", "vintage": "Legal"}, "manaCost": "{3}{W}{W}", "manaValue": 5.0, "name": "Glory", "number": "11", "originalReleaseDate": "2002-05-18", "originalText": "Flying\no2oo\nW Creatures you control gain protection from the color of your choice until end of turn. Play this ability only if Glory is in your graveyard.", "originalType": "Creature - Incarnation", "power": "3", "printings": ["JUD", "PJUD", "PRM", "WC02"], "promoTypes": ["datestamped", "prerelease"], "purchaseUrls": {"cardKingdomFoil": "https://mtgjson.com/links/a1ca8bc3e011fd99", "tcgplayer": "https://mtgjson.com/links/ef909ace18267749"}, "rarity": "rare", "rulings": [], "setCode": "PJUD", "subtypes": ["Incarnation"], "supertypes": [], "text": "Flying\n{2}{W}: Choose a color. Creatures you control gain protection from the chosen color until end of turn. Activate only if Glory is in your graveyard.", "toughness": "3", "type": "Creature — Incarnation", "types": ["Creature"], "uuid": "8d9f230c-ad3f-5b5f-9132-96368bb04ace"}], "code": "PJUD", "isFoilOnly": true, "isOnlineOnly": false, "keyruneCode": "JUD", "name": "Judgment Promos", "parentCode": "JUD", "releaseDate": "2002-05-27", "tokens": [], "totalSetSize": 1, "translations": {}, "type": "promo"}}