{"meta": {"date": "2022-09-29", "version": "5.2.0+20220929"}, "data": {"baseSetSize": 5, "cards": [{"artist": "Ralph Horsley", "availability": ["paper"], "borderColor": "black", "colorIdentity": ["W"], "colors": ["W"], "convertedManaCost": 2.0, "edhrecRank": 4624, "finishes": ["foil"], "flavorText": "Together the soldiers were like a golden blade, cutting down their enemies and scarring the darkness.", "foreignData": [], "frameVersion": "2003", "hasFoil": true, "hasNonFoil": false, "identifiers": {"cardKingdomFoilId": "127570", "cardsphereId": "7735", "mcmId": "21470", "mtgjsonV4Id": "7d7caad2-9d67-53eb-901e-dee3a346dc2a", "scryfallId": "e09a2f0a-333a-4114-8b9b-f0011628cb90", "scryfallIllustrationId": "0c29cbc9-9529-4fcf-824c-b3514962ca83", "scryfallOracleId": "eb4188bb-62df-4309-bde1-f66318fe2f05", "tcgplayerProductId": "38247"}, "isPromo": true, "isReprint": true, "isStarter": true, "language": "English", "layout": "normal", "legalities": {"commander": "Legal", "duel": "Legal", "legacy": "Legal", "modern": "Legal", "penny": "Legal", "vintage": "Legal"}, "manaCost": "{1}{W}", "manaValue": 2.0, "name": "Honor of the Pure", "number": "16★", "printings": ["M10", "M11", "M12", "MD1", "PM10", "PRM", "PS11"], "promoTypes": ["setpromo", "buyabox"], "purchaseUrls": {"cardKingdomFoil": "https://mtgjson.com/links/0fd3fc428bebf46a", "tcgplayer": "https://mtgjson.com/links/8f05567028a89ed6"}, "rarity": "rare", "rulings": [], "setCode": "PM10", "subtypes": [], "supertypes": [], "text": "White creatures you control get +1/+1.", "type": "Enchantment", "types": ["Enchantment"], "uuid": "a786e700-3f3b-5238-b7cb-0ffac23165cb", "watermark": "colorpie"}, {"artist": "Jarreau Wimberly", "availability": ["paper"], "borderColor": "black", "colorIdentity": ["G", "W"], "colors": ["G", "W"], "convertedManaCost": 4.0, "edhrecRank": 16079, "finishes": ["foil"], "foreignData": [], "frameVersion": "2003", "hasFoil": true, "hasNonFoil": false, "identifiers": {"cardKingdomFoilId": "129950", "cardsphereId": "18940", "mcmId": "21473", "mtgjsonV4Id": "02fb918b-d589-5f1c-9a8f-8d7bd13db812", "scryfallId": "4bb53920-2511-4467-b287-79b562d3c24c", "scryfallIllustrationId": "c2536840-ce9d-441f-8214-a5f4569d1414", "scryfallOracleId": "c4a4e607-7f37-4dc6-8fc0-f77bdafeb919", "tcgplayerProductId": "38184"}, "isFullArt": true, "isPromo": true, "isReprint": true, "isStarter": true, "language": "English", "layout": "normal", "legalities": {"commander": "Legal", "duel": "Legal", "legacy": "Legal", "modern": "Legal", "penny": "Legal", "vintage": "Legal"}, "manaCost": "{1}{G}{G}{W}", "manaValue": 4.0, "name": "Mycoid Shepherd", "number": "28", "power": "5", "printings": ["ARB", "PM10", "PRM"], "promoTypes": ["setpromo", "gameday"], "purchaseUrls": {"cardKingdomFoil": "https://mtgjson.com/links/0191e515e9ccbe57", "tcgplayer": "https://mtgjson.com/links/f9373358efc64210"}, "rarity": "rare", "rulings": [{"date": "2009-05-01", "text": "Mycoid Shepherd’s ability will trigger when it’s put into a graveyard from the battlefield no matter what its power is at that time."}, {"date": "2009-05-01", "text": "If another creature you control is put into a graveyard from the battlefield, Mycoid Shepherd’s ability checks that creature’s power as it last existed on the battlefield. If it was 5 or greater, the ability will trigger."}, {"date": "2009-05-01", "text": "If Mycoid Shepherd and another creature you control with power 5 or greater are put into a graveyard from the battlefield at the same time, Mycoid Shepherd’s ability will trigger twice."}], "setCode": "PM10", "subtypes": ["Fungus"], "supertypes": [], "text": "Whenever Mycoid Shepherd or another creature you control with power 5 or greater dies, you may gain 5 life.", "toughness": "4", "type": "Creature — Fungus", "types": ["Creature"], "uuid": "d227d5fb-b738-50e8-901b-388acc656a6f"}, {"artist": "Michael Bruinsma", "availability": ["paper"], "borderColor": "black", "colorIdentity": ["G", "R", "W"], "colors": ["G", "R", "W"], "convertedManaCost": 5.0, "edhrecRank": 21454, "finishes": ["foil"], "flavorText": "The elves had entered a land like an open grave-an act of fortitude or folly?", "foreignData": [], "frameVersion": "2003", "hasFoil": true, "hasNonFoil": false, "identifiers": {"cardKingdomFoilId": "129951", "cardsphereId": "18942", "mcmId": "21472", "mtgjsonV4Id": "2fa8e0c4-e41a-5c6c-a8bf-8c83e3b929b8", "scryfallId": "1a7dcba8-416e-4908-8969-bf5511a117e8", "scryfallIllustrationId": "d59c3b3d-483a-4211-9a20-ee52260f3fb0", "scryfallOracleId": "703215df-dee2-4b82-9f32-256e1410543c", "tcgplayerProductId": "38185"}, "isPromo": true, "isReprint": true, "isStarter": true, "keywords": ["Cycling"], "language": "English", "layout": "normal", "legalities": {"commander": "Legal", "duel": "Legal", "legacy": "Legal", "modern": "Legal", "pauper": "Legal", "paupercommander": "Legal", "penny": "Legal", "vintage": "Legal"}, "manaCost": "{2}{R}{G}{W}", "manaValue": 5.0, "name": "Naya Sojourners", "number": "29", "power": "5", "printings": ["ARB", "PM10", "PRM"], "promoTypes": ["setpromo", "gameday"], "purchaseUrls": {"cardKingdomFoil": "https://mtgjson.com/links/d1c0138eecc42673", "tcgplayer": "https://mtgjson.com/links/2793b4054cb698d9"}, "rarity": "rare", "rulings": [{"date": "2008-10-01", "text": "Cycling is an activated ability. Effects that interact with activated abilities (such as Stifle or Rings of Brighthearth) will interact with cycling. Effects that interact with spells (such as Remove Soul or Faerie Tauntings) will not."}, {"date": "2009-05-01", "text": "The triggered ability acts as a cycle-triggered ability or as a leaves-the-battlefield ability, as appropriate. The player who controls the triggered ability is the player who cycled the Sojourner, or the player who last controlled the Sojourner on the battlefield."}, {"date": "2009-05-01", "text": "If you cycle this card, the cycling ability goes on the stack, then the triggered ability goes on the stack on top of it. The triggered ability will resolve before you draw a card from the cycling ability."}, {"date": "2009-05-01", "text": "The cycling ability and the triggered ability are separate. If the triggered ability doesn’t resolve (due to being countered with Stifle, for example, or if all its targets have become illegal), the cycling ability will still resolve and you’ll draw a card."}, {"date": "2009-05-01", "text": "You can cycle this card even if there are no targets for the triggered ability. That’s because the cycling ability itself has no targets."}], "setCode": "PM10", "subtypes": ["Elf", "Shaman"], "supertypes": [], "text": "When you cycle Naya Sojourners or it dies, you may put a +1/+1 counter on target creature.\nCycling {2}{G} ({2}{G}, Discard this card: Draw a card.)", "toughness": "3", "type": "Creature — Elf Shaman", "types": ["Creature"], "uuid": "5561b2e3-b0fd-5f2c-be7e-0ccd448bb8e2"}, {"artist": "Andrew Robinson", "availability": ["paper"], "borderColor": "black", "colorIdentity": ["B"], "colors": ["B"], "convertedManaCost": 4.0, "edhrecRank": 4797, "finishes": ["foil"], "flavorText": "\"Your life will set with the sun.\"", "foreignData": [], "frameVersion": "2003", "hasFoil": true, "hasNonFoil": false, "identifiers": {"cardKingdomFoilId": "127311", "cardsphereId": "37539", "mcmId": "21446", "mtgjsonV4Id": "598ebae5-3a1e-51c5-9efe-672b159c3c32", "scryfallId": "3194ae81-90fb-49e9-90de-9d161e296770", "scryfallIllustrationId": "224c9e92-551a-4933-87cc-9c8f237cf44a", "scryfallOracleId": "2109c49e-dc81-4a10-8265-3cf8c90db523", "tcgplayerProductId": "38403"}, "isPromo": true, "isReprint": true, "isStarter": true, "language": "English", "layout": "normal", "legalities": {"commander": "Legal", "duel": "Legal", "legacy": "Legal", "modern": "Legal", "vintage": "Legal"}, "manaCost": "{1}{B}{B}{B}", "manaValue": 4.0, "name": "Vampire Nocturnus", "number": "118★", "power": "3", "printings": ["M10", "M13", "PDP13", "PLIST", "PM10", "PRM"], "promoTypes": ["setpromo", "datestamped", "prerelease"], "purchaseUrls": {"cardKingdomFoil": "https://mtgjson.com/links/5e091b9a5a5a68b8", "tcgplayer": "https://mtgjson.com/links/ee44b6e7d206e22a"}, "rarity": "mythic", "rulings": [{"date": "2009-10-01", "text": "To work as an evasion ability, an attacking creature must already have flying when the declare blockers step begins. Once a creature has become blocked, giving it flying won’t change that."}, {"date": "2013-04-15", "text": "The top card of your library isn’t in your hand, so you can’t suspend it, cycle it, discard it, or activate any of its activated abilities."}, {"date": "2013-04-15", "text": "If the top card of your library changes while you’re casting a spell or activating an ability, the new top card won’t be revealed until you finish casting that spell or activating that ability."}, {"date": "2013-04-15", "text": "When playing with the top card of your library revealed, if an effect tells you to draw several cards, reveal each one before you draw it."}, {"date": "2013-07-01", "text": "If the top card of your library is black, Vampire Nocturnus will give itself +2/+1 and flying even if it’s somehow not a Vampire."}], "setCode": "PM10", "subtypes": ["Vampire"], "supertypes": [], "text": "Play with the top card of your library revealed.\nAs long as the top card of your library is black, Vampire Nocturnus and other Vampire creatures you control get +2/+1 and have flying.", "toughness": "3", "type": "Creature — Vampire", "types": ["Creature"], "uuid": "6325ae29-bbda-59e4-8829-612389aa1472", "watermark": "set (M10)"}, {"artist": "Ron Spencer", "availability": ["paper"], "borderColor": "black", "colorIdentity": ["G"], "colors": ["G"], "convertedManaCost": 5.0, "edhrecRank": 4690, "finishes": ["foil"], "flavorText": "\"Kill the queen first, or we'll be fighting her drones forever. It is not in a queen's nature to have enough servants.\"\n—Borzard, exterminator captain", "foreignData": [], "frameVersion": "2003", "hasFoil": true, "hasNonFoil": false, "identifiers": {"cardKingdomFoilId": "128295", "cardsphereId": "23870", "mcmId": "21445", "mtgjsonV4Id": "7ad173be-a066-5c5f-a118-aaafc7a323fa", "scryfallId": "d868d3b8-997c-4984-a2b3-72de90e280f7", "scryfallIllustrationId": "acdf264c-986c-4139-a3b0-d25a08bb8b24", "scryfallOracleId": "50de88d4-0beb-45e5-9664-d4f0e280e652", "tcgplayerProductId": "38285"}, "isPromo": true, "isReprint": true, "isStarter": true, "language": "English", "layout": "normal", "legalities": {"commander": "Legal", "duel": "Legal", "legacy": "Legal", "modern": "Legal", "penny": "Legal", "vintage": "Legal"}, "manaCost": "{3}{G}{G}", "manaValue": 5.0, "name": "Ant Queen", "number": "166★", "power": "5", "printings": ["M10", "MM2", "PM10", "PRM"], "promoTypes": ["setpromo", "datestamped", "release"], "purchaseUrls": {"cardKingdomFoil": "https://mtgjson.com/links/4aa67a82e4d27e3d", "tcgplayer": "https://mtgjson.com/links/50fcef5ca2dcd5ff"}, "rarity": "rare", "rulings": [], "setCode": "PM10", "subtypes": ["Insect"], "supertypes": [], "text": "{1}{G}: Create a 1/1 green Insect creature token.", "toughness": "5", "type": "Creature — Insect", "types": ["Creature"], "uuid": "960282eb-ef42-5688-b0f8-7ba8ab5d4f0a", "watermark": "set (M10)"}], "code": "PM10", "isFoilOnly": true, "isOnlineOnly": false, "keyruneCode": "M10", "name": "Magic 2010 Promos", "parentCode": "M10", "releaseDate": "2009-07-16", "tokens": [], "totalSetSize": 5, "translations": {}, "type": "promo"}}