{"meta": {"date": "2022-09-29", "version": "5.2.0+20220929"}, "data": {"baseSetSize": 1, "block": "Onslaught", "cards": [{"artist": "Daren Bader", "availability": ["paper"], "borderColor": "black", "colorIdentity": ["B"], "colors": ["B"], "convertedManaCost": 6.0, "edhrecRank": 13167, "finishes": ["foil"], "foreignData": [], "frameVersion": "1997", "hasFoil": true, "hasNonFoil": false, "identifiers": {"cardKingdomFoilId": "117214", "cardsphereId": "37459", "mcmId": "17713", "mtgjsonV4Id": "0749672c-48cd-5ac8-af31-0eb48c2ca557", "multiverseId": "97065", "scryfallId": "28a3f78c-f7c1-4257-95cc-09d10022abba", "scryfallIllustrationId": "47351eea-67ab-4c50-80f7-94406349393e", "scryfallOracleId": "49e70569-b0bc-4705-927e-eb1504925210", "tcgplayerProductId": "38398"}, "isPromo": true, "isReprint": true, "isStarter": true, "keywords": ["Flying", "Morph"], "language": "English", "layout": "normal", "legalities": {"commander": "Legal", "duel": "Legal", "legacy": "Legal", "premodern": "Legal", "vintage": "Legal"}, "manaCost": "{4}{B}{B}", "manaValue": 6.0, "name": "Silent Specter", "number": "169", "originalReleaseDate": "2002-09-28", "originalText": "Flying\nWhenever Silent Specter deals combat damage to a player, that player discards two cards from his or her hand.\nMorph o3o\nBo\nB (You may play this face down as a 2/2 creature for o3. Turn it face up any time for its morph cost.)", "originalType": "Creature - Specter", "power": "4", "printings": ["ONS", "PONS", "PRM"], "promoTypes": ["datestamped", "prerelease"], "purchaseUrls": {"cardKingdomFoil": "https://mtgjson.com/links/e6a4f85ff0b83811", "tcgplayer": "https://mtgjson.com/links/c092a7eebe1f9cd8"}, "rarity": "rare", "rulings": [], "setCode": "PONS", "subtypes": ["Specter"], "supertypes": [], "text": "Flying\nWhenever Silent Specter deals combat damage to a player, that player discards two cards.\nMorph {3}{B}{B} (You may cast this card face down as a 2/2 creature for {3}. Turn it face up any time for its morph cost.)", "toughness": "4", "type": "Creature — Specter", "types": ["Creature"], "uuid": "e19ab3ac-df49-5038-b29f-0e1fc956e000", "watermark": "set"}], "code": "PONS", "isFoilOnly": true, "isOnlineOnly": false, "keyruneCode": "ONS", "name": "Onslaught Promos", "parentCode": "ONS", "releaseDate": "2003-02-03", "tokens": [], "totalSetSize": 1, "translations": {}, "type": "promo"}}