{"meta": {"date": "2022-09-29", "version": "5.2.0+20220929"}, "data": {"baseSetSize": 2, "cards": [{"artist": "Brad Rigney", "availability": ["paper"], "borderColor": "black", "colorIdentity": ["B", "G"], "colors": ["B", "G"], "convertedManaCost": 0.0, "finishes": ["nonfoil"], "foreignData": [], "frameVersion": "2015", "hasFoil": false, "hasNonFoil": true, "identifiers": {"mcmId": "268046", "mtgjsonV4Id": "c4d600d9-eeb9-5da9-8d44-73c7e44da6b0", "scryfallId": "c18e2175-ec42-47f2-a40f-426ccaa1e89e", "scryfallIllustrationId": "a1fac638-d3b4-47ba-9451-617840337a8a", "scryfallOracleId": "640c1743-3ad6-46ae-87d1-4d7fbe6a8ff4", "tcgplayerProductId": "91617"}, "isOversized": true, "isStarter": true, "language": "English", "layout": "normal", "leadershipSkills": {"brawl": false, "commander": false, "oathbreaker": true}, "legalities": {}, "loyalty": "20", "manaValue": 0.0, "name": "Garruk the Slayer", "number": "1", "printings": ["PPC1"], "purchaseUrls": {"tcgplayer": "https://mtgjson.com/links/457bcf801f6762e1"}, "rarity": "common", "rulings": [], "setCode": "PPC1", "subtypes": ["Garruk"], "supertypes": ["Legendary"], "text": "[0]: Put a 2/2 green Wolf creature token onto the battlefield.\n[+4]: Target Wolf creature gets +1/+0 and gains deathtouch until end of turn.\n[−10]: Destroy target creature. Put loyalty counters on Garruk the Slayer equal to that creature's toughness.\n[−25]: Destroy all creatures Garruk the Slayer doesn't control.", "type": "Legendary Planeswalker — Garruk", "types": ["Planeswalker"], "uuid": "e5e7832c-f203-5c89-859f-f6d35d454480"}], "code": "PPC1", "isFoilOnly": false, "isNonFoilOnly": true, "isOnlineOnly": false, "keyruneCode": "M15", "name": "M15 Prerelease Challenge", "parentCode": "M15", "releaseDate": "2014-07-12", "tokens": [{"artist": "David Palumbo", "availability": ["paper"], "borderColor": "black", "colorIdentity": ["G"], "colors": ["G"], "finishes": ["nonfoil"], "frameVersion": "2015", "hasFoil": false, "hasNonFoil": true, "identifiers": {"mtgjsonV4Id": "f0857e81-b65d-5787-a448-57affd27b269", "scryfallId": "f36559a1-6fe9-451f-b1a5-5baa9e9301fa", "scryfallIllustrationId": "cc035855-ebc1-4443-976c-661e22b89991", "scryfallOracleId": "b2224843-8274-4872-a7ca-2adf69cc066b"}, "isReprint": true, "language": "English", "layout": "token", "name": "Wolf", "number": "T1", "power": "2", "reverseRelated": ["Hollowhenge Overlord", "Tovolar's Huntmaster // Tovolar's Packleader", "Fable of Wolf and Owl", "Elturgard Ranger", "Wolfbriar Elemental", "Turntimber Ranger", "Bird", "Feed the Pack", "Wolfkin Bond", "Nightpack Ambusher", "Cult of the Waxing Moon", "Huntmaster of the Fells // Ravager of the Fells", "Pack Guardian", "Arlinn Kord // Arlinn, Embraced by the Moon", "Mayor of Avabruck // Howlpack Alpha", "Wolfwillow Haven", "Garruk Relentless // Garruk, the Veil-Cursed", "Howl of the Night Pack", "Ferocious Pup", "Predator's Howl", "Arlinn, Voice of the Pack", "Journey to the Lost City", "Howling Moon", "Child of the Pack // Savage Packmate", "Raised by Wolves", "Varis, Silverymoon Ranger", "Wolf-Skull Shaman", "Howling Giant", "Mantle of the Wolf", "Wolfrider's Saddle", "Ranger Class", "Wren's Run Packmaster", "Kessig Cagebreakers", "Faldorn, Dread Wolf Herald", "Master of the Wild Hunt", "Somberwald Beastmaster", "Silverfur Partisan", "Wolfcaller's Howl", "Bestial Menace", "Arlinn, the Pack's Hope // Arlinn, the Moon's Fury", "Sword of Body and Mind"], "setCode": "PPC1", "subtypes": ["Wolf"], "supertypes": [], "toughness": "2", "type": "Token Creature — Wolf", "types": ["Token", "Creature"], "uuid": "fecc96e1-9dc6-5550-901c-340b2abd7960"}], "totalSetSize": 1, "translations": {}, "type": "memorabilia"}}