{"meta": {"date": "2022-09-29", "version": "5.2.0+20220929"}, "data": {"baseSetSize": 2, "cards": [{"artist": "Gao Jianzhang", "availability": ["paper"], "borderColor": "white", "colorIdentity": ["R"], "colors": ["R"], "convertedManaCost": 6.0, "edhrecRank": 18491, "finishes": ["nonfoil"], "flavorText": "\"Dong Zhuo's man, Lu Bu, warrior without peer, / Far surpassed the champions of his sphere.\"", "foreignData": [], "frameVersion": "1997", "hasFoil": false, "hasNonFoil": true, "identifiers": {"cardKingdomId": "125163", "cardsphereId": "37311", "mcmId": "17701", "mtgjsonV4Id": "212276a4-1a15-5aaa-b4ca-596031a0855e", "scryfallId": "634b794d-05d9-4c1a-8d90-4f8dc42f9e0c", "scryfallIllustrationId": "7dcbee8a-c0ba-44ee-9d11-60c40c7ffbac", "scryfallOracleId": "ff959f1f-0982-4761-a6b0-3044dff1d617", "tcgplayerProductId": "91346"}, "isPromo": true, "isReprint": true, "isStarter": true, "keywords": ["Haste", "Horsemanship"], "language": "English", "layout": "normal", "leadershipSkills": {"brawl": false, "commander": true, "oathbreaker": false}, "legalities": {"commander": "Legal", "duel": "Legal", "legacy": "Legal", "penny": "Legal", "vintage": "Legal"}, "manaCost": "{5}{R}", "manaValue": 6.0, "name": "Lu Bu, Master-at-Arms", "number": "115a", "originalReleaseDate": "1999-04-29", "power": "4", "printings": ["ME3", "PPTK", "PRM", "PTK"], "promoTypes": ["datestamped", "prerelease"], "purchaseUrls": {"cardKingdom": "https://mtgjson.com/links/be78af1c41746bbc", "tcgplayer": "https://mtgjson.com/links/570c3cd200f2e9f6"}, "rarity": "rare", "rulings": [{"date": "2009-10-01", "text": "Despite the similarities between horsemanship and flying, horsemanship doesn’t interact with flying or reach."}], "setCode": "PPTK", "subtypes": ["Human", "Soldier", "Warrior"], "supertypes": ["Legendary"], "text": "Haste; horsemanship (This creature can't be blocked except by creatures with horsemanship.)", "toughness": "3", "type": "Legendary Creature — Human Soldier Warrior", "types": ["Creature"], "uuid": "b08029e5-476e-57a1-84c7-83f33b60e9e5", "variations": ["6b0ad772-5c2b-59b2-9a51-5296d3383077"]}, {"artist": "Gao Jianzhang", "availability": ["paper"], "borderColor": "white", "colorIdentity": ["R"], "colors": ["R"], "convertedManaCost": 6.0, "edhrecRank": 18491, "finishes": ["nonfoil"], "flavorText": "\"Dong Zhuo's man, Lu Bu, warrior without peer, / Far surpassed the champions of his sphere.\"", "foreignData": [], "frameVersion": "1997", "hasFoil": false, "hasNonFoil": true, "identifiers": {"cardKingdomId": "125162", "cardsphereId": "37312", "mcmId": "17702", "mtgjsonV4Id": "485c633b-2d07-5a81-8260-dac5641e7a06", "scryfallId": "35e56360-6104-48f3-a54d-ad2d4fab900e", "scryfallIllustrationId": "7dcbee8a-c0ba-44ee-9d11-60c40c7ffbac", "scryfallOracleId": "ff959f1f-0982-4761-a6b0-3044dff1d617", "tcgplayerProductId": "38389"}, "isPromo": true, "isReprint": true, "isStarter": true, "keywords": ["Haste", "Horsemanship"], "language": "English", "layout": "normal", "leadershipSkills": {"brawl": false, "commander": true, "oathbreaker": false}, "legalities": {"commander": "Legal", "duel": "Legal", "legacy": "Legal", "penny": "Legal", "vintage": "Legal"}, "manaCost": "{5}{R}", "manaValue": 6.0, "name": "Lu Bu, Master-at-Arms", "number": "115b", "originalReleaseDate": "1999-07-04", "power": "4", "printings": ["ME3", "PPTK", "PRM", "PTK"], "promoTypes": ["datestamped", "prerelease"], "purchaseUrls": {"cardKingdom": "https://mtgjson.com/links/43f5dc55e5379978", "tcgplayer": "https://mtgjson.com/links/f9469606aeabe21e"}, "rarity": "rare", "rulings": [{"date": "2009-10-01", "text": "Despite the similarities between horsemanship and flying, horsemanship doesn’t interact with flying or reach."}], "setCode": "PPTK", "subtypes": ["Human", "Soldier", "Warrior"], "supertypes": ["Legendary"], "text": "Haste; horsemanship (This creature can't be blocked except by creatures with horsemanship.)", "toughness": "3", "type": "Legendary Creature — Human Soldier Warrior", "types": ["Creature"], "uuid": "6b0ad772-5c2b-59b2-9a51-5296d3383077", "variations": ["b08029e5-476e-57a1-84c7-83f33b60e9e5"]}], "code": "PPTK", "isFoilOnly": false, "isNonFoilOnly": true, "isOnlineOnly": false, "keyruneCode": "PTK", "name": "Portal: Three Kingdoms Promos", "parentCode": "PTK", "releaseDate": "1999-07-01", "tokens": [], "totalSetSize": 2, "translations": {}, "type": "promo"}}