{"meta": {"date": "2022-09-29", "version": "5.2.0+20220929"}, "data": {"baseSetSize": 269, "cards": [{"artist": "Jae Lee", "availability": ["paper"], "borderColor": "black", "colorIdentity": ["W"], "colors": ["W"], "convertedManaCost": 4.0, "edhrecRank": 3919, "finishes": ["foil"], "foreignData": [], "frameVersion": "2015", "hasFoil": true, "hasNonFoil": false, "identifiers": {"cardKingdomFoilId": "195547", "cardsphereId": "39858", "mcmId": "268105", "mtgjsonV4Id": "340ea778-ac89-5e05-9506-3e53940c4729", "scryfallId": "31477c26-2256-4c66-a15b-8a16431fffdb", "scryfallIllustrationId": "6ecd36b5-2d23-4870-a3cb-f510d93ba553", "scryfallOracleId": "90249526-1875-450a-882d-bf6f6bfd37a6", "tcgplayerProductId": "91630"}, "isPromo": true, "isReprint": true, "isStarter": true, "language": "English", "layout": "normal", "leadershipSkills": {"brawl": false, "commander": false, "oathbreaker": true}, "legalities": {"commander": "Legal", "duel": "Legal", "legacy": "Legal", "modern": "Legal", "penny": "Legal", "pioneer": "Legal", "vintage": "Legal"}, "loyalty": "4", "manaCost": "{3}{W}", "manaValue": 4.0, "name": "Ajani Steadfast", "number": "1", "printings": ["M15", "PS14", "SLD"], "promoTypes": ["convention"], "purchaseUrls": {"cardKingdomFoil": "https://mtgjson.com/links/ab305c749a8ebe0e", "tcgplayer": "https://mtgjson.com/links/72f84301e62cfc9e"}, "rarity": "mythic", "rulings": [{"date": "2014-07-18", "text": "You may activate the first ability with no targets. If you do, you simply put a loyalty counter on Ajani to pay the cost of the ability."}, {"date": "2014-07-18", "text": "If a permanent you control is both a creature and a planeswalker, Ajani’s second ability will put both a +1/+1 counter and a loyalty counter on it."}, {"date": "2014-07-18", "text": "The emblem’s ability doesn’t consider who controls the source dealing damage to you or a planeswalker you control."}, {"date": "2014-07-18", "text": "Each attacking creature is a separate source of damage. For example, if two 3/3 creatures attack you and are unblocked, the emblem will prevent 2 damage from each creature. You’ll be dealt a total of 2 damage."}, {"date": "2014-07-18", "text": "If multiple effects modify how damage is dealt, the player being dealt damage or the controller of the permanent being dealt damage chooses the order to apply the effects. For example, Dictate of the Twin Gods says, “If a source would deal damage to a permanent or player, it deals double that damage to that permanent or player instead.” Suppose you would be dealt 3 damage while Dictate of the Twin Gods is on the battlefield and you control Ajani’s emblem. You can either (a) prevent all but 1 damage first and then let Dictate of the Twin Gods’s effect double that, for a result of being dealt 2 damage, or (b) double the damage to 6 and then prevent all but 1 of that damage."}], "securityStamp": "oval", "setCode": "PS14", "subtypes": ["Ajani"], "supertypes": ["Legendary"], "text": "[+1]: Until end of turn, up to one target creature gets +1/+1 and gains first strike, vigilance, and lifelink.\n[−2]: Put a +1/+1 counter on each creature you control and a loyalty counter on each other planeswalker you control.\n[−7]: You get an emblem with \"If a source would deal damage to you or a planeswalker you control, prevent all but 1 of that damage.\"", "type": "Legendary Planeswalker — Ajani", "types": ["Planeswalker"], "uuid": "f0d6d980-9eb3-517a-a598-32b5940d2abc"}, {"artist": "Jae Lee", "availability": ["paper"], "borderColor": "black", "colorIdentity": ["U"], "colors": ["U"], "convertedManaCost": 4.0, "edhrecRank": 10706, "finishes": ["foil"], "foreignData": [], "frameVersion": "2015", "hasFoil": true, "hasNonFoil": false, "identifiers": {"cardKingdomFoilId": "195550", "cardsphereId": "39870", "mcmId": "268108", "mtgjsonV4Id": "dfd78dca-3749-58c3-a5c9-5c0884662838", "scryfallId": "72504cc8-0ad4-48e6-8f51-12259121ae5c", "scryfallIllustrationId": "ca0617dd-2a43-42d5-8a7d-fa79577123ab", "scryfallOracleId": "55259de3-561d-4a9e-bb28-63c6a7ac5c68", "tcgplayerProductId": "91631"}, "isPromo": true, "isReprint": true, "isStarter": true, "language": "English", "layout": "normal", "leadershipSkills": {"brawl": false, "commander": false, "oathbreaker": true}, "legalities": {"commander": "Legal", "duel": "Legal", "legacy": "Legal", "modern": "Legal", "penny": "Legal", "pioneer": "Legal", "vintage": "Legal"}, "loyalty": "5", "manaCost": "{2}{U}{U}", "manaValue": 4.0, "name": "Jace, the Living Guildpact", "number": "62", "printings": ["M15", "PS14"], "promoTypes": ["convention"], "purchaseUrls": {"cardKingdomFoil": "https://mtgjson.com/links/0494c12e87249a39", "tcgplayer": "https://mtgjson.com/links/f6327089dc2c3bfd"}, "rarity": "mythic", "rulings": [{"date": "2014-07-18", "text": "When the first ability resolves, the card you don’t put into your graveyard stays on top of your library."}, {"date": "2014-07-18", "text": "If a player has no cards in their hand and no cards in their graveyard when the third ability resolves, that player won’t shuffle their library."}], "securityStamp": "oval", "setCode": "PS14", "subtypes": ["Jace"], "supertypes": ["Legendary"], "text": "[+1]: Look at the top two cards of your library. Put one of them into your graveyard.\n[−3]: Return another target nonland permanent to its owner's hand.\n[−8]: Each player shuffles their hand and graveyard into their library. You draw seven cards.", "type": "Legendary Planeswalker — Jace", "types": ["Planeswalker"], "uuid": "ff179bb6-a5a3-5b5f-b6e5-1c15352964b5"}, {"artist": "Jae Lee", "availability": ["paper"], "borderColor": "black", "colorIdentity": ["B"], "colors": ["B"], "convertedManaCost": 5.0, "edhrecRank": 1897, "finishes": ["foil"], "foreignData": [], "frameVersion": "2015", "hasFoil": true, "hasNonFoil": false, "identifiers": {"cardKingdomFoilId": "195551", "cardsphereId": "39872", "mcmId": "268107", "mtgjsonV4Id": "3e4f9814-9b8e-56eb-bb9c-96cdb1a0f54c", "scryfallId": "58041a68-19f0-4343-9102-fb86fb817b07", "scryfallIllustrationId": "30ea2160-a246-4806-b406-f3414a8fe360", "scryfallOracleId": "a6c05941-2cfb-4dac-a7c0-ab808187eb7c", "tcgplayerProductId": "91632"}, "isPromo": true, "isReprint": true, "isStarter": true, "language": "English", "layout": "normal", "leadershipSkills": {"brawl": false, "commander": false, "oathbreaker": true}, "legalities": {"commander": "Legal", "duel": "Legal", "legacy": "Legal", "modern": "Legal", "penny": "Legal", "pioneer": "Legal", "vintage": "Legal"}, "loyalty": "5", "manaCost": "{3}{B}{B}", "manaValue": 5.0, "name": "Liliana Vess", "number": "103", "printings": ["DDD", "GVL", "LRW", "M10", "M11", "M15", "PDP10", "PS14"], "promoTypes": ["convention"], "purchaseUrls": {"cardKingdomFoil": "https://mtgjson.com/links/8297d1a5139c5f5e", "tcgplayer": "https://mtgjson.com/links/32b71d6d25845242"}, "rarity": "mythic", "rulings": [{"date": "2009-10-01", "text": "A “creature card” is any card with the type creature, even if it has other types such as artifact, enchantment, or land. Older cards of type summon are also creature cards."}], "securityStamp": "oval", "setCode": "PS14", "subtypes": ["Liliana"], "supertypes": ["Legendary"], "text": "[+1]: Target player discards a card.\n[−2]: Search your library for a card, then shuffle and put that card on top.\n[−8]: Put all creature cards from all graveyards onto the battlefield under your control.", "type": "Legendary Planeswalker — Liliana", "types": ["Planeswalker"], "uuid": "4b8eb39c-6b31-5da8-9b13-9a53b4772d90"}, {"artist": "Jae Lee", "availability": ["paper"], "borderColor": "black", "colorIdentity": ["R"], "colors": ["R"], "convertedManaCost": 4.0, "edhrecRank": 6791, "finishes": ["foil"], "foreignData": [], "frameVersion": "2015", "hasFoil": true, "hasNonFoil": false, "identifiers": {"cardKingdomFoilId": "195549", "cardsphereId": "39863", "mcmId": "268106", "mtgjsonV4Id": "3c0eb80b-5630-5c7c-9909-1c256eb2c250", "scryfallId": "0947a15a-957a-4858-8143-5fa3d286e6d9", "scryfallIllustrationId": "c900002b-e9a9-4d62-afef-e623f75f5274", "scryfallOracleId": "68e12748-9a7b-4e99-a6de-be097a269342", "tcgplayerProductId": "91633"}, "isPromo": true, "isReprint": true, "isStarter": true, "language": "English", "layout": "normal", "leadershipSkills": {"brawl": false, "commander": false, "oathbreaker": true}, "legalities": {"commander": "Legal", "duel": "Legal", "explorer": "Legal", "gladiator": "Legal", "historic": "Legal", "historicbrawl": "Legal", "legacy": "Legal", "modern": "Legal", "penny": "Legal", "pioneer": "Legal", "vintage": "Legal"}, "loyalty": "4", "manaCost": "{2}{R}{R}", "manaValue": 4.0, "name": "Chandra, Pyromaster", "number": "134", "printings": ["AKR", "E01", "M14", "M15", "PRM", "PS14", "PSDC"], "promoTypes": ["convention"], "purchaseUrls": {"cardKingdomFoil": "https://mtgjson.com/links/0c2cac85bdca009d", "tcgplayer": "https://mtgjson.com/links/c713b366d7f89df4"}, "rarity": "mythic", "rulings": [{"date": "2014-07-18", "text": "To activate the first ability, you must target a player but you can choose to not target any creatures."}, {"date": "2014-07-18", "text": "If the first ability resolves but the damage is prevented or redirected, the target creature still won’t be able to block that turn."}, {"date": "2014-07-18", "text": "The card exiled by the second ability is exiled face up. Playing it follows the normal rules for playing that card. You must pay its costs, and you must follow all applicable timing rules. For example, if it’s a creature card, you can cast it only during your main phase while the stack is empty."}, {"date": "2014-07-18", "text": "If you exile a land card using the second ability, you may play that land only if you have any available land plays. Normally, this means you can play the land only if you haven’t played a land yet that turn."}, {"date": "2014-07-18", "text": "In the third ability, “exiled this way” means the cards you just exiled because of that ability resolving. Cards exiled with the second ability or with previous activations of the third ability don’t count."}, {"date": "2014-07-18", "text": "While resolving the third ability, you create the copies of the card in exile and cast them from exile. You can cast zero, one, two, or all three copies. The card itself isn’t cast. It remains exiled."}, {"date": "2014-07-18", "text": "While casting the copies created by the third ability, timing restrictions based on the card’s type (such as creature or sorcery) are ignored. Other restrictions, such as “Cast [this spell] only during combat,” are not."}, {"date": "2014-07-18", "text": "Because you’re casting the copies “without paying their mana costs,” you can’t pay any alternative costs for the copies. You can pay additional costs, such as kicker costs. If the copies have any mandatory additional costs, you must pay those."}, {"date": "2014-07-18", "text": "If the copied card has {X} in its mana cost, you must choose 0 as its value when casting the copies."}], "securityStamp": "oval", "setCode": "PS14", "subtypes": ["Chandra"], "supertypes": ["Legendary"], "text": "[+1]: Chandra, Pyromaster deals 1 damage to target player or planeswalker and 1 damage to up to one target creature that player or that planeswalker's controller controls. That creature can't block this turn.\n[0]: Exile the top card of your library. You may play it this turn.\n[−7]: Exile the top ten cards of your library. Choose an instant or sorcery card exiled this way and copy it three times. You may cast the copies without paying their mana costs.", "type": "Legendary Planeswalker — Chandra", "types": ["Planeswalker"], "uuid": "4683d250-c3d8-5e8d-b124-16bb2ccaada5"}, {"artist": "Jae Lee", "availability": ["paper"], "borderColor": "black", "colorIdentity": ["G"], "colors": ["G"], "convertedManaCost": 5.0, "edhrecRank": 4371, "finishes": ["foil"], "foreignData": [], "frameVersion": "2015", "hasFoil": true, "hasNonFoil": false, "identifiers": {"cardKingdomFoilId": "195552", "cardsphereId": "39878", "mcmId": "268110", "mtgjsonV4Id": "e8753c98-b5ea-5f22-9ba9-51cb9503db95", "scryfallId": "1fd44e8f-0494-42c6-b21a-0072e1b8c2f2", "scryfallIllustrationId": "cabfcd34-617e-444c-aa69-946d499403a0", "scryfallOracleId": "468f9b8e-4423-4131-8611-d34b0aa3d96f", "tcgplayerProductId": "91634"}, "isPromo": true, "isReprint": true, "isStarter": true, "language": "English", "layout": "normal", "leadershipSkills": {"brawl": false, "commander": false, "oathbreaker": true}, "legalities": {"commander": "Legal", "duel": "Legal", "legacy": "Legal", "modern": "Legal", "pioneer": "Legal", "vintage": "Legal"}, "loyalty": "3", "manaCost": "{3}{G}{G}", "manaValue": 5.0, "name": "Nissa, Worldwaker", "number": "187", "printings": ["E01", "M15", "PRM", "PS14"], "promoTypes": ["convention"], "purchaseUrls": {"cardKingdomFoil": "https://mtgjson.com/links/cd7831c96f8c7945", "tcgplayer": "https://mtgjson.com/links/29cee47187abafde"}, "rarity": "mythic", "rulings": [{"date": "2014-07-18", "text": "The type-changing effects of the first and third abilities don’t have a duration. They last indefinitely."}, {"date": "2014-07-18", "text": "If the land targeted by the first ability entered the battlefield this turn, it won’t be able to attack and its activated abilities with {T} in the cost (including its mana ability) can’t be activated (unless something gives it haste). The same is true for the lands put onto the battlefield with the third ability."}], "securityStamp": "oval", "setCode": "PS14", "subtypes": ["Nissa"], "supertypes": ["Legendary"], "text": "[+1]: Target land you control becomes a 4/4 Elemental creature with trample. It's still a land.\n[+1]: Untap up to four target Forests.\n[−7]: Search your library for any number of basic land cards, put them onto the battlefield, then shuffle. Those lands become 4/4 Elemental creatures with trample. They're still lands.", "type": "Legendary Planeswalker — Nissa", "types": ["Planeswalker"], "uuid": "c1c49188-5bce-55c8-9369-3a6b2705963d"}, {"artist": "Jae Lee", "availability": ["paper"], "borderColor": "black", "colorIdentity": ["B", "G"], "colors": ["B", "G"], "convertedManaCost": 7.0, "edhrecRank": 5055, "finishes": ["foil"], "foreignData": [], "frameVersion": "2015", "hasFoil": true, "hasNonFoil": false, "identifiers": {"cardKingdomFoilId": "195548", "cardsphereId": "39864", "mcmId": "268109", "mtgjsonV4Id": "ebf13965-4b84-5563-83c3-b6973e1c5045", "scryfallId": "4377cc8a-c987-4089-bee4-5f4e883dbead", "scryfallIllustrationId": "cb5f8bdf-0273-4a00-be4b-0d1bfb8ebecf", "scryfallOracleId": "ef9a8bdc-3361-440d-89f6-0bf5ff7a09e8", "tcgplayerProductId": "91635"}, "isPromo": true, "isReprint": true, "isStarter": true, "language": "English", "layout": "normal", "leadershipSkills": {"brawl": false, "commander": false, "oathbreaker": true}, "legalities": {"commander": "Legal", "duel": "Legal", "legacy": "Legal", "modern": "Legal", "pioneer": "Legal", "vintage": "Legal"}, "loyalty": "5", "manaCost": "{5}{B}{G}", "manaValue": 7.0, "name": "Garruk, Apex Predator", "number": "210", "printings": ["M15", "MED", "PS14"], "promoTypes": ["convention"], "purchaseUrls": {"cardKingdomFoil": "https://mtgjson.com/links/6493d50bf9e08574", "tcgplayer": "https://mtgjson.com/links/3622378edaac130a"}, "rarity": "mythic", "rulings": [{"date": "2014-07-18", "text": "The first ability can target and destroy a Garruk planeswalker controlled by another player."}, {"date": "2014-07-18", "text": "If you activate the third ability, and the target creature is an illegal target when the ability tries to resolve, it won’t resolve and none of its effects will happen. You won’t gain any life."}, {"date": "2014-07-18", "text": "The emblem’s ability won’t trigger if a creature attacks a planeswalker."}, {"date": "2014-07-18", "text": "The emblem is owned and controlled by the target of the ability that created it. In a multiplayer game, if Garruk’s owner leaves the game, the emblem does not."}], "securityStamp": "oval", "setCode": "PS14", "subtypes": ["Garruk"], "supertypes": ["Legendary"], "text": "[+1]: Destroy another target planeswalker.\n[+1]: Create a 3/3 black Beast creature token with deathtouch.\n[−3]: Destroy target creature. You gain life equal to its toughness.\n[−8]: Target opponent gets an emblem with \"Whenever a creature attacks you, it gets +5/+5 and gains trample until end of turn.\"", "type": "Legendary Planeswalker — Garruk", "types": ["Planeswalker"], "uuid": "5899e8a2-cce9-5c40-ab32-26caeaccacb2"}], "code": "PS14", "isFoilOnly": true, "isOnlineOnly": false, "keyruneCode": "DEFAULT", "name": "San Diego Comic-Con 2014", "releaseDate": "2014-07-08", "tokens": [], "totalSetSize": 6, "translations": {}, "type": "promo"}}