{"meta": {"date": "2022-09-29", "version": "5.2.0+20220929"}, "data": {"baseSetSize": 5, "cards": [{"artist": "Wayne Reynolds", "availability": ["paper"], "borderColor": "black", "colorIdentity": ["W"], "colors": ["W"], "convertedManaCost": 1.0, "edhrecRank": 6366, "faceConvertedManaCost": 1.0, "faceManaValue": 1.0, "faceName": "Kytheon, Hero of Akros", "finishes": ["foil"], "foreignData": [], "frameEffects": ["originpwdfc"], "frameVersion": "2015", "hasFoil": true, "hasNonFoil": false, "identifiers": {"cardKingdomFoilId": "202273", "cardsphereId": "39871", "mcmId": "283712", "mtgjsonV4Id": "780b79ed-ccdb-5a59-9a3f-de0e89ca385f", "scryfallId": "249cfc69-062a-43d4-9f09-7a8ba976f899", "scryfallIllustrationId": "704ac95b-5bf0-4f75-a7ca-d15ac0f4489b", "scryfallOracleId": "e49d745c-5130-4b54-bcbb-643b08528456", "tcgplayerProductId": "101349"}, "isPromo": true, "isReprint": true, "isStarter": true, "keywords": ["Transform"], "language": "English", "layout": "transform", "leadershipSkills": {"brawl": false, "commander": true, "oathbreaker": false}, "legalities": {"commander": "Legal", "duel": "Legal", "legacy": "Legal", "modern": "Legal", "pioneer": "Legal", "vintage": "Legal"}, "manaCost": "{W}", "manaValue": 1.0, "name": "Kytheon, Hero of Akros // Gideon, Battle-Forged", "number": "23", "otherFaceIds": ["75b118ac-1fe5-5844-82e3-56bcf1e6c554"], "power": "2", "printings": ["ORI", "PORI", "PS15", "V17"], "promoTypes": ["convention"], "purchaseUrls": {"cardKingdomFoil": "https://mtgjson.com/links/1dcbfd30a9f445ba", "tcgplayer": "https://mtgjson.com/links/55de0d0fbb5f49c0"}, "rarity": "mythic", "rulings": [{"date": "2015-06-22", "text": "The back face of a double-faced card (in the case of Magic Origins, the planeswalker face) can’t be cast."}, {"date": "2015-06-22", "text": "A double-faced card enters the battlefield with its front face up by default, unless a spell or ability instructs you to put it onto the battlefield transformed, in which case it enters with its back face up."}, {"date": "2015-06-22", "text": "A Magic Origins planeswalker that enters the battlefield because of the ability of its front face will enter with loyalty counters as normal."}, {"date": "2015-06-22", "text": "In some rare cases, a spell or ability may cause one of these five cards to transform while it’s a creature (front face up) on the battlefield. If this happens, the resulting planeswalker won’t have any loyalty counters on it and will subsequently be put into its owner’s graveyard."}, {"date": "2015-06-22", "text": "You can activate one of the planeswalker’s loyalty abilities the turn it enters the battlefield. However, you may do so only during one of your main phases when the stack is empty. For example, if the planeswalker enters the battlefield during combat, there will be an opportunity for your opponent to remove it before you can activate one of its abilities."}, {"date": "2015-06-22", "text": "If a double-faced card is manifested, it will be put onto the battlefield face down (this is also true if it’s put onto the battlefield face down some other way). Note that “face down” is not synonymous with “with its back face up.” A manifested double-faced card is a 2/2 creature with no name, mana cost, creature types, or abilities. While face down, it can’t transform. If the front face of a manifested double-faced card is a creature card, you can turn it face up by paying its mana cost. If you do, its front face will be up. A double-faced card on the battlefield can’t be turned face down."}, {"date": "2015-06-22", "text": "Gideon’s first ability causes a creature to attack him if able. If, during its controller’s declare attackers step, that creature is tapped, is affected by a spell or ability that says it can’t attack, or hasn’t been under its controller’s control continuously since that player’s turn began, then that creature doesn’t attack. If there’s a cost associated with having that creature attack, its controller isn’t forced to pay that cost. If they don’t, the creature doesn’t have to attack."}, {"date": "2015-06-22", "text": "If the creature targeted by Gideon’s first ability changes controllers before it has the chance to attack Gideon, the ability will apply to it during its new controller’s next turn."}, {"date": "2015-06-22", "text": "If Gideon can’t be attacked, perhaps because he has left the battlefield before the creature’s controller’s next combat, the creature targeted by Gideon’s first ability can attack you or another planeswalker you control, or its controller can choose to have it not attack at all."}, {"date": "2015-06-22", "text": "If Gideon becomes a creature due to his third ability, that doesn’t count as having a creature enter the battlefield. Gideon was already on the battlefield; he only changed his types. Abilities that trigger whenever a creature enters the battlefield won’t trigger."}, {"date": "2015-06-22", "text": "Gideon’s third ability causes him to become a creature with the creature types Human Soldier. He remains a planeswalker with the planeswalker type Gideon. (He also retains any other card types or subtypes he may have had.) Each subtype is correlated to the proper card type: Gideon is just a planeswalker type (not a creature type), and Human and Soldier are just creature types (not planeswalker types)."}, {"date": "2015-06-22", "text": "If you activate Gideon’s third ability and then damage is dealt to him that can’t be prevented, that damage has all applicable results: specifically, the damage is marked on Gideon (since he’s a creature) and that damage causes that many loyalty counters to be removed from him (since he’s a planeswalker). If Gideon has no loyalty counters on him, he’s put into his owner’s graveyard as a state-based action. (As long as he still has indestructible, the marked damage won’t cause him to be destroyed.)"}, {"date": "2015-06-22", "text": "Kytheon’s first ability will count creatures that attacked but are no longer on the battlefield (perhaps because they didn’t survive combat damage being dealt). It will not count any creatures that were put onto the battlefield attacking, as those creatures were never declared as attackers."}, {"date": "2015-06-22", "text": "Say you activate Gideon’s third ability, then an opponent gains control of him before combat. You may have any of your creatures attack Gideon (since he’s still a planeswalker). Then Gideon may block (since he’s a creature). He may block any eligible attacking creature, including one that’s attacking him. During combat, he behaves as an attacked planeswalker and/or a blocking creature, as appropriate. For example, he deals combat damage to any creatures he’s blocking, but he doesn’t deal combat damage to any unblocked creatures that are attacking him."}, {"date": "2015-06-22", "text": "Each face of a double-faced card has its own set of characteristics: name, types, subtypes, power and toughness, loyalty, abilities, and so on. While a double-faced card is on the battlefield, consider only the characteristics of the face that’s currently up. The other set of characteristics is ignored. While a double-faced card isn’t on the battlefield, consider only the characteristics of its front face."}, {"date": "2015-06-22", "text": "The converted mana cost of a double-faced card not on the battlefield is the converted mana cost of its front face."}, {"date": "2016-04-08", "text": "The back face of a double-faced card doesn’t have a mana cost. A double-faced permanent with its back face up has a converted mana cost equal to the converted mana cost of its front face. Each back face has a color indicator that defines its color."}, {"date": "2016-07-13", "text": "For more information on double-faced cards, see the Shadows over Innistrad mechanics article (http://magic.wizards.com/en/articles/archive/feature/shadows-over-innistrad-mechanics)."}, {"date": "2017-09-29", "text": "You can control two of this permanent, one front-face up and the other back-face up, at the same time."}], "securityStamp": "oval", "setCode": "PS15", "side": "a", "subtypes": ["Human", "Soldier"], "supertypes": ["Legendary"], "text": "At end of combat, if Kytheon, Hero of Akros and at least two other creatures attacked this combat, exile Kytheon, then return him to the battlefield transformed under his owner's control.\n{2}{W}: Kytheon gains indestructible until end of turn.", "toughness": "1", "type": "Legendary Creature — Human Soldier", "types": ["Creature"], "uuid": "b2790856-8511-53af-93cb-01464a8e453b"}, {"artist": "Wayne Reynolds", "availability": ["paper"], "borderColor": "black", "colorIdentity": ["W"], "colorIndicator": ["W"], "colors": ["W"], "convertedManaCost": 1.0, "edhrecRank": 6366, "faceConvertedManaCost": 0.0, "faceManaValue": 0.0, "faceName": "Gideon, Battle-Forged", "finishes": ["foil"], "foreignData": [], "frameEffects": ["originpwdfc"], "frameVersion": "2015", "hasFoil": true, "hasNonFoil": false, "identifiers": {"cardsphereId": "39871", "mcmId": "283712", "mtgjsonV4Id": "cd8dadea-acbd-5608-b02a-f212c13662f6", "scryfallId": "249cfc69-062a-43d4-9f09-7a8ba976f899", "scryfallIllustrationId": "aa29506b-f1f0-4e9e-9f59-0c675276fd65", "scryfallOracleId": "e49d745c-5130-4b54-bcbb-643b08528456", "tcgplayerProductId": "101349"}, "isPromo": true, "isReprint": true, "isStarter": true, "language": "English", "layout": "transform", "leadershipSkills": {"brawl": false, "commander": false, "oathbreaker": true}, "legalities": {"commander": "Legal", "duel": "Legal", "legacy": "Legal", "modern": "Legal", "pioneer": "Legal", "vintage": "Legal"}, "loyalty": "3", "manaValue": 1.0, "name": "Kytheon, Hero of Akros // Gideon, Battle-Forged", "number": "23", "otherFaceIds": ["b2790856-8511-53af-93cb-01464a8e453b"], "printings": ["ORI", "PORI", "PS15", "V17"], "promoTypes": ["convention"], "purchaseUrls": {"tcgplayer": "https://mtgjson.com/links/b8509a0dbe5ff4b3"}, "rarity": "mythic", "rulings": [{"date": "2015-06-22", "text": "The back face of a double-faced card (in the case of Magic Origins, the planeswalker face) can’t be cast."}, {"date": "2015-06-22", "text": "A double-faced card enters the battlefield with its front face up by default, unless a spell or ability instructs you to put it onto the battlefield transformed, in which case it enters with its back face up."}, {"date": "2015-06-22", "text": "A Magic Origins planeswalker that enters the battlefield because of the ability of its front face will enter with loyalty counters as normal."}, {"date": "2015-06-22", "text": "In some rare cases, a spell or ability may cause one of these five cards to transform while it’s a creature (front face up) on the battlefield. If this happens, the resulting planeswalker won’t have any loyalty counters on it and will subsequently be put into its owner’s graveyard."}, {"date": "2015-06-22", "text": "You can activate one of the planeswalker’s loyalty abilities the turn it enters the battlefield. However, you may do so only during one of your main phases when the stack is empty. For example, if the planeswalker enters the battlefield during combat, there will be an opportunity for your opponent to remove it before you can activate one of its abilities."}, {"date": "2015-06-22", "text": "If a double-faced card is manifested, it will be put onto the battlefield face down (this is also true if it’s put onto the battlefield face down some other way). Note that “face down” is not synonymous with “with its back face up.” A manifested double-faced card is a 2/2 creature with no name, mana cost, creature types, or abilities. While face down, it can’t transform. If the front face of a manifested double-faced card is a creature card, you can turn it face up by paying its mana cost. If you do, its front face will be up. A double-faced card on the battlefield can’t be turned face down."}, {"date": "2015-06-22", "text": "Gideon’s first ability causes a creature to attack him if able. If, during its controller’s declare attackers step, that creature is tapped, is affected by a spell or ability that says it can’t attack, or hasn’t been under its controller’s control continuously since that player’s turn began, then that creature doesn’t attack. If there’s a cost associated with having that creature attack, its controller isn’t forced to pay that cost. If they don’t, the creature doesn’t have to attack."}, {"date": "2015-06-22", "text": "If the creature targeted by Gideon’s first ability changes controllers before it has the chance to attack Gideon, the ability will apply to it during its new controller’s next turn."}, {"date": "2015-06-22", "text": "If Gideon can’t be attacked, perhaps because he has left the battlefield before the creature’s controller’s next combat, the creature targeted by Gideon’s first ability can attack you or another planeswalker you control, or its controller can choose to have it not attack at all."}, {"date": "2015-06-22", "text": "If Gideon becomes a creature due to his third ability, that doesn’t count as having a creature enter the battlefield. Gideon was already on the battlefield; he only changed his types. Abilities that trigger whenever a creature enters the battlefield won’t trigger."}, {"date": "2015-06-22", "text": "Gideon’s third ability causes him to become a creature with the creature types Human Soldier. He remains a planeswalker with the planeswalker type Gideon. (He also retains any other card types or subtypes he may have had.) Each subtype is correlated to the proper card type: Gideon is just a planeswalker type (not a creature type), and Human and Soldier are just creature types (not planeswalker types)."}, {"date": "2015-06-22", "text": "If you activate Gideon’s third ability and then damage is dealt to him that can’t be prevented, that damage has all applicable results: specifically, the damage is marked on Gideon (since he’s a creature) and that damage causes that many loyalty counters to be removed from him (since he’s a planeswalker). If Gideon has no loyalty counters on him, he’s put into his owner’s graveyard as a state-based action. (As long as he still has indestructible, the marked damage won’t cause him to be destroyed.)"}, {"date": "2015-06-22", "text": "Kytheon’s first ability will count creatures that attacked but are no longer on the battlefield (perhaps because they didn’t survive combat damage being dealt). It will not count any creatures that were put onto the battlefield attacking, as those creatures were never declared as attackers."}, {"date": "2015-06-22", "text": "Say you activate Gideon’s third ability, then an opponent gains control of him before combat. You may have any of your creatures attack Gideon (since he’s still a planeswalker). Then Gideon may block (since he’s a creature). He may block any eligible attacking creature, including one that’s attacking him. During combat, he behaves as an attacked planeswalker and/or a blocking creature, as appropriate. For example, he deals combat damage to any creatures he’s blocking, but he doesn’t deal combat damage to any unblocked creatures that are attacking him."}, {"date": "2015-06-22", "text": "Each face of a double-faced card has its own set of characteristics: name, types, subtypes, power and toughness, loyalty, abilities, and so on. While a double-faced card is on the battlefield, consider only the characteristics of the face that’s currently up. The other set of characteristics is ignored. While a double-faced card isn’t on the battlefield, consider only the characteristics of its front face."}, {"date": "2015-06-22", "text": "The converted mana cost of a double-faced card not on the battlefield is the converted mana cost of its front face."}, {"date": "2016-04-08", "text": "The back face of a double-faced card doesn’t have a mana cost. A double-faced permanent with its back face up has a converted mana cost equal to the converted mana cost of its front face. Each back face has a color indicator that defines its color."}, {"date": "2016-07-13", "text": "For more information on double-faced cards, see the Shadows over Innistrad mechanics article (http://magic.wizards.com/en/articles/archive/feature/shadows-over-innistrad-mechanics)."}, {"date": "2017-09-29", "text": "You can control two of this permanent, one front-face up and the other back-face up, at the same time."}], "securityStamp": "oval", "setCode": "PS15", "side": "b", "subtypes": ["Gideon"], "supertypes": ["Legendary"], "text": "[+2]: Up to one target creature an opponent controls attacks Gideon, Battle-Forged during its controller's next turn if able.\n[+1]: Until your next turn, target creature gains indestructible. Untap that creature.\n[0]: Until end of turn, Gideon, Battle-Forged becomes a 4/4 Human Soldier creature with indestructible that's still a planeswalker. Prevent all damage that would be dealt to him this turn.", "type": "Legendary Planeswalker — Gideon", "types": ["Planeswalker"], "uuid": "75b118ac-1fe5-5844-82e3-56bcf1e6c554"}, {"artist": "Wayne Reynolds", "availability": ["paper"], "borderColor": "black", "colorIdentity": ["U"], "colors": ["U"], "convertedManaCost": 2.0, "edhrecRank": 3283, "faceConvertedManaCost": 2.0, "faceManaValue": 2.0, "faceName": "Jace, Vryn's Prodigy", "finishes": ["foil"], "foreignData": [], "frameEffects": ["originpwdfc"], "frameVersion": "2015", "hasFoil": true, "hasNonFoil": false, "identifiers": {"cardKingdomFoilId": "202272", "cardsphereId": "39869", "mcmId": "283714", "mtgjsonV4Id": "23d8f5c1-09bf-5d13-934c-9c80cfa50b5d", "scryfallId": "e7b5705f-dc56-41af-a781-8a41aaa7c5b8", "scryfallIllustrationId": "c60fc51b-cfec-4625-a654-595c594b880b", "scryfallOracleId": "594f6881-c059-46f8-aa4e-7151d502de73", "tcgplayerProductId": "101347"}, "isPromo": true, "isReprint": true, "isStarter": true, "keywords": ["Transform"], "language": "English", "layout": "transform", "leadershipSkills": {"brawl": false, "commander": true, "oathbreaker": false}, "legalities": {"commander": "Legal", "duel": "Legal", "legacy": "Legal", "modern": "Legal", "pioneer": "Legal", "vintage": "Legal"}, "manaCost": "{1}{U}", "manaValue": 2.0, "name": "Jace, Vryn's Prodigy // Jace, Telepath Unbound", "number": "60", "otherFaceIds": ["a38d96e4-3f8c-583a-947f-0c166d88b0ee"], "power": "0", "printings": ["ORI", "PORI", "PS15", "V17"], "promoTypes": ["convention"], "purchaseUrls": {"cardKingdomFoil": "https://mtgjson.com/links/a5144324949b502b", "tcgplayer": "https://mtgjson.com/links/416009c0d85e5ba9"}, "rarity": "mythic", "rulings": [{"date": "2015-06-22", "text": "A double-faced card enters the battlefield with its front face up by default, unless a spell or ability instructs you to put it onto the battlefield transformed, in which case it enters with its back face up."}, {"date": "2015-06-22", "text": "A Magic Origins planeswalker that enters the battlefield because of the ability of its front face will enter with loyalty counters as normal."}, {"date": "2015-06-22", "text": "In some rare cases, a spell or ability may cause one of these five cards to transform while it’s a creature (front face up) on the battlefield. If this happens, the resulting planeswalker won’t have any loyalty counters on it and will subsequently be put into its owner’s graveyard."}, {"date": "2015-06-22", "text": "You can activate one of the planeswalker’s loyalty abilities the turn it enters the battlefield. However, you may do so only during one of your main phases when the stack is empty. For example, if the planeswalker enters the battlefield during combat, there will be an opportunity for your opponent to remove it before you can activate one of its abilities."}, {"date": "2015-06-22", "text": "If a double-faced card is manifested, it will be put onto the battlefield face down (this is also true if it’s put onto the battlefield face down some other way). Note that “face down” is not synonymous with “with its back face up.” A manifested double-faced card is a 2/2 creature with no name, mana cost, creature types, or abilities. While face down, it can’t transform. If the front face of a manifested double-faced card is a creature card, you can turn it face up by paying its mana cost. If you do, its front face will be up. A double-faced card on the battlefield can’t be turned face down."}, {"date": "2015-06-22", "text": "If you activate the second ability of Jace, Telepath Unbound, you must follow the timing rules for the card’s types. For example, if you target a sorcery card, you may cast it during your main phase when the stack is empty. You pay all the spell’s costs."}, {"date": "2015-06-22", "text": "If you don’t cast the card that turn, nothing happens. It remains in your graveyard."}, {"date": "2015-06-22", "text": "The card is exiled only if it’s cast from the graveyard and put back into the graveyard (either by resolving or being countered). If, at any time, the card goes to a hidden zone (such as your hand or your library), the effect loses track of the card. It won’t be exiled, even if that card is put into your graveyard later that turn."}, {"date": "2015-06-22", "text": "The activated ability of Jace, Vryn’s Prodigy checks to see if there are five or more cards in your graveyard after you discard a card. Putting a fifth card into your graveyard at other times won’t cause Jace to be exiled, nor will Jace entering the battlefield while there are five or more cards in your graveyard."}, {"date": "2015-06-22", "text": "Each face of a double-faced card has its own set of characteristics: name, types, subtypes, power and toughness, loyalty, abilities, and so on. While a double-faced card is on the battlefield, consider only the characteristics of the face that’s currently up. The other set of characteristics is ignored. While a double-faced card isn’t on the battlefield, consider only the characteristics of its front face."}, {"date": "2015-06-22", "text": "The converted mana cost of a double-faced card not on the battlefield is the converted mana cost of its front face."}, {"date": "2015-06-22", "text": "The back face of a double-faced card (in the case of Magic Origins, the planeswalker face) can’t be cast."}, {"date": "2016-04-08", "text": "If you discard a card with madness while resolving the ability of Jace, Vryn’s Prodigy, you’ll need to already have five other cards in your graveyard to satisfy that ability’s condition. You can’t choose to put the card directly into your graveyard to satisfy it."}, {"date": "2016-04-08", "text": "The back face of a double-faced card doesn’t have a mana cost. A double-faced permanent with its back face up has a converted mana cost equal to the converted mana cost of its front face. Each back face has a color indicator that defines its color."}, {"date": "2016-07-13", "text": "For more information on double-faced cards, see the Shadows over Innistrad mechanics article (http://magic.wizards.com/en/articles/archive/feature/shadows-over-innistrad-mechanics)."}, {"date": "2017-07-17", "text": "Jace, Vryn's Prodigy is banned as a commander in Duel Commander format, but it may be part of your deck."}, {"date": "2017-09-29", "text": "You can control two of this permanent, one front-face up and the other back-face up, at the same time."}], "securityStamp": "oval", "setCode": "PS15", "side": "a", "subtypes": ["Human", "Wizard"], "supertypes": ["Legendary"], "text": "{T}: Draw a card, then discard a card. If there are five or more cards in your graveyard, exile Jace, Vryn's Prodigy, then return him to the battlefield transformed under his owner's control.", "toughness": "2", "type": "Legendary Creature — Human Wizard", "types": ["Creature"], "uuid": "067fdc21-b92b-5630-aafb-69af9c7e6300"}, {"artist": "Wayne Reynolds", "availability": ["paper"], "borderColor": "black", "colorIdentity": ["U"], "colorIndicator": ["U"], "colors": ["U"], "convertedManaCost": 2.0, "edhrecRank": 3283, "faceConvertedManaCost": 0.0, "faceManaValue": 0.0, "faceName": "Jace, Telepath Unbound", "finishes": ["foil"], "foreignData": [], "frameEffects": ["originpwdfc"], "frameVersion": "2015", "hasFoil": true, "hasNonFoil": false, "identifiers": {"cardsphereId": "39869", "mcmId": "283714", "mtgjsonV4Id": "8fa3b963-3f9f-5a55-93c2-ea24afa76958", "scryfallId": "e7b5705f-dc56-41af-a781-8a41aaa7c5b8", "scryfallIllustrationId": "4cd94ab4-5f6c-452e-98f1-ab719f12c539", "scryfallOracleId": "594f6881-c059-46f8-aa4e-7151d502de73", "tcgplayerProductId": "101347"}, "isPromo": true, "isReprint": true, "isStarter": true, "keywords": ["Mill"], "language": "English", "layout": "transform", "leadershipSkills": {"brawl": false, "commander": false, "oathbreaker": true}, "legalities": {"commander": "Legal", "duel": "Legal", "legacy": "Legal", "modern": "Legal", "pioneer": "Legal", "vintage": "Legal"}, "loyalty": "5", "manaValue": 2.0, "name": "Jace, Vryn's Prodigy // Jace, Telepath Unbound", "number": "60", "otherFaceIds": ["067fdc21-b92b-5630-aafb-69af9c7e6300"], "printings": ["ORI", "PORI", "PS15", "V17"], "promoTypes": ["convention"], "purchaseUrls": {"tcgplayer": "https://mtgjson.com/links/f302e72a2bcbb24a"}, "rarity": "mythic", "rulings": [{"date": "2015-06-22", "text": "A double-faced card enters the battlefield with its front face up by default, unless a spell or ability instructs you to put it onto the battlefield transformed, in which case it enters with its back face up."}, {"date": "2015-06-22", "text": "A Magic Origins planeswalker that enters the battlefield because of the ability of its front face will enter with loyalty counters as normal."}, {"date": "2015-06-22", "text": "In some rare cases, a spell or ability may cause one of these five cards to transform while it’s a creature (front face up) on the battlefield. If this happens, the resulting planeswalker won’t have any loyalty counters on it and will subsequently be put into its owner’s graveyard."}, {"date": "2015-06-22", "text": "You can activate one of the planeswalker’s loyalty abilities the turn it enters the battlefield. However, you may do so only during one of your main phases when the stack is empty. For example, if the planeswalker enters the battlefield during combat, there will be an opportunity for your opponent to remove it before you can activate one of its abilities."}, {"date": "2015-06-22", "text": "If a double-faced card is manifested, it will be put onto the battlefield face down (this is also true if it’s put onto the battlefield face down some other way). Note that “face down” is not synonymous with “with its back face up.” A manifested double-faced card is a 2/2 creature with no name, mana cost, creature types, or abilities. While face down, it can’t transform. If the front face of a manifested double-faced card is a creature card, you can turn it face up by paying its mana cost. If you do, its front face will be up. A double-faced card on the battlefield can’t be turned face down."}, {"date": "2015-06-22", "text": "If you activate the second ability of Jace, Telepath Unbound, you must follow the timing rules for the card’s types. For example, if you target a sorcery card, you may cast it during your main phase when the stack is empty. You pay all the spell’s costs."}, {"date": "2015-06-22", "text": "If you don’t cast the card that turn, nothing happens. It remains in your graveyard."}, {"date": "2015-06-22", "text": "The card is exiled only if it’s cast from the graveyard and put back into the graveyard (either by resolving or being countered). If, at any time, the card goes to a hidden zone (such as your hand or your library), the effect loses track of the card. It won’t be exiled, even if that card is put into your graveyard later that turn."}, {"date": "2015-06-22", "text": "The activated ability of Jace, Vryn’s Prodigy checks to see if there are five or more cards in your graveyard after you discard a card. Putting a fifth card into your graveyard at other times won’t cause Jace to be exiled, nor will Jace entering the battlefield while there are five or more cards in your graveyard."}, {"date": "2015-06-22", "text": "Each face of a double-faced card has its own set of characteristics: name, types, subtypes, power and toughness, loyalty, abilities, and so on. While a double-faced card is on the battlefield, consider only the characteristics of the face that’s currently up. The other set of characteristics is ignored. While a double-faced card isn’t on the battlefield, consider only the characteristics of its front face."}, {"date": "2015-06-22", "text": "The converted mana cost of a double-faced card not on the battlefield is the converted mana cost of its front face."}, {"date": "2015-06-22", "text": "The back face of a double-faced card (in the case of Magic Origins, the planeswalker face) can’t be cast."}, {"date": "2016-04-08", "text": "If you discard a card with madness while resolving the ability of Jace, Vryn’s Prodigy, you’ll need to already have five other cards in your graveyard to satisfy that ability’s condition. You can’t choose to put the card directly into your graveyard to satisfy it."}, {"date": "2016-04-08", "text": "The back face of a double-faced card doesn’t have a mana cost. A double-faced permanent with its back face up has a converted mana cost equal to the converted mana cost of its front face. Each back face has a color indicator that defines its color."}, {"date": "2016-07-13", "text": "For more information on double-faced cards, see the Shadows over Innistrad mechanics article (http://magic.wizards.com/en/articles/archive/feature/shadows-over-innistrad-mechanics)."}, {"date": "2017-07-17", "text": "Jace, Vryn's Prodigy is banned as a commander in Duel Commander format, but it may be part of your deck."}, {"date": "2017-09-29", "text": "You can control two of this permanent, one front-face up and the other back-face up, at the same time."}], "securityStamp": "oval", "setCode": "PS15", "side": "b", "subtypes": ["Jace"], "supertypes": ["Legendary"], "text": "[+1]: Up to one target creature gets -2/-0 until your next turn.\n[−3]: You may cast target instant or sorcery card from your graveyard this turn. If that spell would be put into your graveyard, exile it instead.\n[−9]: You get an emblem with \"Whenever you cast a spell, target opponent mills five cards.\"", "type": "Legendary Planeswalker — Jace", "types": ["Planeswalker"], "uuid": "a38d96e4-3f8c-583a-947f-0c166d88b0ee"}, {"artist": "Wayne Reynolds", "availability": ["paper"], "borderColor": "black", "colorIdentity": ["B"], "colors": ["B"], "convertedManaCost": 3.0, "edhrecRank": 2077, "faceConvertedManaCost": 3.0, "faceManaValue": 3.0, "faceName": "Liliana, Heretical Healer", "finishes": ["foil"], "foreignData": [], "frameEffects": ["originpwdfc"], "frameVersion": "2015", "hasFoil": true, "hasNonFoil": false, "identifiers": {"cardKingdomFoilId": "202274", "cardsphereId": "39874", "mcmId": "283715", "mtgjsonV4Id": "622e9d8c-98e7-552c-a06d-bb7b0d90234f", "scryfallId": "d93a27d8-26cf-410b-a8a9-707239134951", "scryfallIllustrationId": "b5348982-140f-4dfb-8553-55ac867233c7", "scryfallOracleId": "b96a8ad2-3d86-459b-a34f-19c9dc07c3c4", "tcgplayerProductId": "101350"}, "isPromo": true, "isReprint": true, "isStarter": true, "keywords": ["Lifelink", "Transform"], "language": "English", "layout": "transform", "leadershipSkills": {"brawl": false, "commander": true, "oathbreaker": false}, "legalities": {"commander": "Legal", "duel": "Legal", "legacy": "Legal", "modern": "Legal", "pioneer": "Legal", "vintage": "Legal"}, "manaCost": "{1}{B}{B}", "manaValue": 3.0, "name": "Liliana, Heretical Healer // Liliana, Defiant Necromancer", "number": "106", "otherFaceIds": ["94c73c6b-dc15-56b2-a276-b73a311156c1"], "power": "2", "printings": ["CC2", "ORI", "PORI", "PS15", "V17"], "promoTypes": ["convention"], "purchaseUrls": {"cardKingdomFoil": "https://mtgjson.com/links/b697a32885c43058", "tcgplayer": "https://mtgjson.com/links/1de3016845069548"}, "rarity": "mythic", "rulings": [{"date": "2015-06-22", "text": "The back face of a double-faced card (in the case of Magic Origins, the planeswalker face) can’t be cast."}, {"date": "2015-06-22", "text": "A double-faced card enters the battlefield with its front face up by default, unless a spell or ability instructs you to put it onto the battlefield transformed, in which case it enters with its back face up."}, {"date": "2015-06-22", "text": "A Magic Origins planeswalker that enters the battlefield because of the ability of its front face will enter with loyalty counters as normal."}, {"date": "2015-06-22", "text": "In some rare cases, a spell or ability may cause one of these five cards to transform while it’s a creature (front face up) on the battlefield. If this happens, the resulting planeswalker won’t have any loyalty counters on it and will subsequently be put into its owner’s graveyard."}, {"date": "2015-06-22", "text": "You can activate one of the planeswalker’s loyalty abilities the turn it enters the battlefield. However, you may do so only during one of your main phases when the stack is empty. For example, if the planeswalker enters the battlefield during combat, there will be an opportunity for your opponent to remove it before you can activate one of its abilities."}, {"date": "2015-06-22", "text": "If a double-faced card is manifested, it will be put onto the battlefield face down (this is also true if it’s put onto the battlefield face down some other way). Note that “face down” is not synonymous with “with its back face up.” A manifested double-faced card is a 2/2 creature with no name, mana cost, creature types, or abilities. While face down, it can’t transform. If the front face of a manifested double-faced card is a creature card, you can turn it face up by paying its mana cost. If you do, its front face will be up. A double-faced card on the battlefield can’t be turned face down."}, {"date": "2015-06-22", "text": "If multiple nontoken creatures you control die, then Liliana, Heretical Healer’s ability will trigger that many times. However, since Liliana can be exiled and returned to the battlefield only once, only the first ability to resolve will create a Zombie token. The other abilities will resolve but won’t do anything."}, {"date": "2015-06-22", "text": "When Liliana, Defiant Necromancer’s first ability resolves, first you choose a card to discard, then each other player in turn order chooses a card to discard, then all those cards are discarded simultaneously. No one sees what the other players are discarding before deciding which card to discard."}, {"date": "2015-06-22", "text": "Each face of a double-faced card has its own set of characteristics: name, types, subtypes, power and toughness, loyalty, abilities, and so on. While a double-faced card is on the battlefield, consider only the characteristics of the face that’s currently up. The other set of characteristics is ignored. While a double-faced card isn’t on the battlefield, consider only the characteristics of its front face."}, {"date": "2015-06-22", "text": "The converted mana cost of a double-faced card not on the battlefield is the converted mana cost of its front face."}, {"date": "2016-04-08", "text": "The back face of a double-faced card doesn’t have a mana cost. A double-faced permanent with its back face up has a converted mana cost equal to the converted mana cost of its front face. Each back face has a color indicator that defines its color."}, {"date": "2016-07-13", "text": "For more information on double-faced cards, see the Shadows over Innistrad mechanics article (http://magic.wizards.com/en/articles/archive/feature/shadows-over-innistrad-mechanics)."}, {"date": "2017-09-29", "text": "You can control two of this permanent, one front-face up and the other back-face up, at the same time."}], "securityStamp": "oval", "setCode": "PS15", "side": "a", "subtypes": ["Human", "Cleric"], "supertypes": ["Legendary"], "text": "Lifelink\nWhenever another nontoken creature you control dies, exile Liliana, Heretical Healer, then return her to the battlefield transformed under her owner's control. If you do, create a 2/2 black Zombie creature token.", "toughness": "3", "type": "Legendary Creature — Human Cleric", "types": ["Creature"], "uuid": "c4f790d8-c987-5470-9210-0337f1001b50"}, {"artist": "Wayne Reynolds", "availability": ["paper"], "borderColor": "black", "colorIdentity": ["B"], "colorIndicator": ["B"], "colors": ["B"], "convertedManaCost": 3.0, "edhrecRank": 2077, "faceConvertedManaCost": 0.0, "faceManaValue": 0.0, "faceName": "Liliana, Defiant Necromancer", "finishes": ["foil"], "foreignData": [], "frameEffects": ["originpwdfc"], "frameVersion": "2015", "hasFoil": true, "hasNonFoil": false, "identifiers": {"cardsphereId": "39874", "mcmId": "283715", "mtgjsonV4Id": "7eeee6cc-39eb-5e12-ad5a-a0f7c4a05d58", "scryfallId": "d93a27d8-26cf-410b-a8a9-707239134951", "scryfallIllustrationId": "1d708d88-dc1d-4607-a6f5-b968c6ec6450", "scryfallOracleId": "b96a8ad2-3d86-459b-a34f-19c9dc07c3c4", "tcgplayerProductId": "101350"}, "isPromo": true, "isReprint": true, "isStarter": true, "language": "English", "layout": "transform", "leadershipSkills": {"brawl": false, "commander": false, "oathbreaker": true}, "legalities": {"commander": "Legal", "duel": "Legal", "legacy": "Legal", "modern": "Legal", "pioneer": "Legal", "vintage": "Legal"}, "loyalty": "3", "manaValue": 3.0, "name": "Liliana, Heretical Healer // Liliana, Defiant Necromancer", "number": "106", "otherFaceIds": ["c4f790d8-c987-5470-9210-0337f1001b50"], "printings": ["CC2", "ORI", "PORI", "PS15", "V17"], "promoTypes": ["convention"], "purchaseUrls": {"tcgplayer": "https://mtgjson.com/links/cb74ec98aaabada3"}, "rarity": "mythic", "rulings": [{"date": "2015-06-22", "text": "The back face of a double-faced card (in the case of Magic Origins, the planeswalker face) can’t be cast."}, {"date": "2015-06-22", "text": "A double-faced card enters the battlefield with its front face up by default, unless a spell or ability instructs you to put it onto the battlefield transformed, in which case it enters with its back face up."}, {"date": "2015-06-22", "text": "A Magic Origins planeswalker that enters the battlefield because of the ability of its front face will enter with loyalty counters as normal."}, {"date": "2015-06-22", "text": "In some rare cases, a spell or ability may cause one of these five cards to transform while it’s a creature (front face up) on the battlefield. If this happens, the resulting planeswalker won’t have any loyalty counters on it and will subsequently be put into its owner’s graveyard."}, {"date": "2015-06-22", "text": "You can activate one of the planeswalker’s loyalty abilities the turn it enters the battlefield. However, you may do so only during one of your main phases when the stack is empty. For example, if the planeswalker enters the battlefield during combat, there will be an opportunity for your opponent to remove it before you can activate one of its abilities."}, {"date": "2015-06-22", "text": "If a double-faced card is manifested, it will be put onto the battlefield face down (this is also true if it’s put onto the battlefield face down some other way). Note that “face down” is not synonymous with “with its back face up.” A manifested double-faced card is a 2/2 creature with no name, mana cost, creature types, or abilities. While face down, it can’t transform. If the front face of a manifested double-faced card is a creature card, you can turn it face up by paying its mana cost. If you do, its front face will be up. A double-faced card on the battlefield can’t be turned face down."}, {"date": "2015-06-22", "text": "If multiple nontoken creatures you control die, then Liliana, Heretical Healer’s ability will trigger that many times. However, since Liliana can be exiled and returned to the battlefield only once, only the first ability to resolve will create a Zombie token. The other abilities will resolve but won’t do anything."}, {"date": "2015-06-22", "text": "When Liliana, Defiant Necromancer’s first ability resolves, first you choose a card to discard, then each other player in turn order chooses a card to discard, then all those cards are discarded simultaneously. No one sees what the other players are discarding before deciding which card to discard."}, {"date": "2015-06-22", "text": "Each face of a double-faced card has its own set of characteristics: name, types, subtypes, power and toughness, loyalty, abilities, and so on. While a double-faced card is on the battlefield, consider only the characteristics of the face that’s currently up. The other set of characteristics is ignored. While a double-faced card isn’t on the battlefield, consider only the characteristics of its front face."}, {"date": "2015-06-22", "text": "The converted mana cost of a double-faced card not on the battlefield is the converted mana cost of its front face."}, {"date": "2016-04-08", "text": "The back face of a double-faced card doesn’t have a mana cost. A double-faced permanent with its back face up has a converted mana cost equal to the converted mana cost of its front face. Each back face has a color indicator that defines its color."}, {"date": "2016-07-13", "text": "For more information on double-faced cards, see the Shadows over Innistrad mechanics article (http://magic.wizards.com/en/articles/archive/feature/shadows-over-innistrad-mechanics)."}, {"date": "2017-09-29", "text": "You can control two of this permanent, one front-face up and the other back-face up, at the same time."}], "securityStamp": "oval", "setCode": "PS15", "side": "b", "subtypes": ["Liliana"], "supertypes": ["Legendary"], "text": "[+2]: Each player discards a card.\n[−X]: Return target nonlegendary creature card with mana value X from your graveyard to the battlefield.\n[−8]: You get an emblem with \"Whenever a creature dies, return it to the battlefield under your control at the beginning of the next end step.\"", "type": "Legendary Planeswalker — Liliana", "types": ["Planeswalker"], "uuid": "94c73c6b-dc15-56b2-a276-b73a311156c1"}, {"artist": "Wayne Reynolds", "availability": ["paper"], "borderColor": "black", "colorIdentity": ["R"], "colors": ["R"], "convertedManaCost": 3.0, "edhrecRank": 5782, "faceConvertedManaCost": 3.0, "faceManaValue": 3.0, "faceName": "Chandra, Fire of Kaladesh", "finishes": ["foil"], "foreignData": [], "frameEffects": ["originpwdfc"], "frameVersion": "2015", "hasFoil": true, "hasNonFoil": false, "identifiers": {"cardKingdomFoilId": "202271", "cardsphereId": "39860", "mcmId": "283713", "mtgjsonV4Id": "f202e52d-33da-5111-ae84-a77f990c5e34", "scryfallId": "2b567975-53b5-4716-831d-e65612285d51", "scryfallIllustrationId": "d525bca6-a9e5-460f-b1fb-c4b6a7baef9e", "scryfallOracleId": "6f6b8e14-c247-4dfd-8b39-38c7a5f2f354", "tcgplayerProductId": "101348"}, "isPromo": true, "isReprint": true, "isStarter": true, "keywords": ["Transform"], "language": "English", "layout": "transform", "leadershipSkills": {"brawl": false, "commander": true, "oathbreaker": false}, "legalities": {"commander": "Legal", "duel": "Legal", "legacy": "Legal", "modern": "Legal", "penny": "Legal", "pioneer": "Legal", "vintage": "Legal"}, "manaCost": "{1}{R}{R}", "manaValue": 3.0, "name": "Chandra, Fire of Kaladesh // Chandra, Roaring Flame", "number": "135", "otherFaceIds": ["b95247fd-0c81-5a57-bf91-56e13dda237c"], "power": "2", "printings": ["ORI", "PORI", "PS15", "V17"], "promoTypes": ["convention"], "purchaseUrls": {"cardKingdomFoil": "https://mtgjson.com/links/4340cdee51a1e09b", "tcgplayer": "https://mtgjson.com/links/dfe8b7bf7925d097"}, "rarity": "mythic", "rulings": [{"date": "2015-06-22", "text": "The mana value of a double-faced card not on the battlefield is the mana value of its front face."}, {"date": "2015-06-22", "text": "The back face of a double-faced card (in the case of Magic Origins, the planeswalker face) can’t be cast."}, {"date": "2015-06-22", "text": "A double-faced card enters the battlefield with its front face up by default, unless a spell or ability instructs you to put it onto the battlefield transformed, in which case it enters with its back face up."}, {"date": "2015-06-22", "text": "A Magic Origins planeswalker that enters the battlefield because of the ability of its front face will enter with loyalty counters as normal."}, {"date": "2015-06-22", "text": "In some rare cases, a spell or ability may cause one of these five cards to transform while it’s a creature (front face up) on the battlefield. If this happens, the resulting planeswalker won’t have any loyalty counters on it and will subsequently be put into its owner’s graveyard."}, {"date": "2015-06-22", "text": "You can activate one of the planeswalker’s loyalty abilities the turn it enters the battlefield. However, you may do so only during one of your main phases when the stack is empty. For example, if the planeswalker enters the battlefield during combat, there will be an opportunity for your opponent to remove it before you can activate one of its abilities."}, {"date": "2015-06-22", "text": "If a double-faced card is manifested, it will be put onto the battlefield face down (this is also true if it’s put onto the battlefield face down some other way). Note that “face down” is not synonymous with “with its back face up.” A manifested double-faced card is a 2/2 creature with no name, mana cost, creature types, or abilities. While face down, it can’t transform. If the front face of a manifested double-faced card is a creature card, you can turn it face up by paying its mana cost. If you do, its front face will be up. A double-faced card on the battlefield can’t be turned face down."}, {"date": "2015-06-22", "text": "The emblem created by Chandra, Roaring Flame is colorless. The damage it deals is from a colorless source."}, {"date": "2015-06-22", "text": "Only players actually dealt damage by the third ability of Chandra, Roaring Flame will get an emblem. If all of that damage to a player is prevented, that player won’t get an emblem. If any of that damage is redirected to Chandra’s controller, that player will get an emblem."}, {"date": "2015-06-22", "text": "Chandra, Fire of Kaladesh’s activated ability will count any damage Chandra has dealt during the turn to any permanent or player, including combat damage."}, {"date": "2015-06-22", "text": "Each player who gets Chandra’s emblem is the owner of that emblem. In multiplayer games, that emblem will remain in the game as long as its owner does, even if Chandra’s owner leaves the game."}, {"date": "2015-06-22", "text": "The last sentence of Chandra, Fire of Kaladesh’s activated ability isn’t a separate ability. The check happens only as that activated ability resolves. You must activate the ability in order to exile Chandra and return her to the battlefield transformed, even if Chandra has already dealt 3 or more damage during the turn."}, {"date": "2015-06-22", "text": "Each face of a double-faced card has its own set of characteristics: name, types, subtypes, power and toughness, loyalty, abilities, and so on. While a double-faced card is on the battlefield, consider only the characteristics of the face that’s currently up. The other set of characteristics is ignored. While a double-faced card isn’t on the battlefield, consider only the characteristics of its front face."}, {"date": "2016-04-08", "text": "The back face of a double-faced card doesn’t have a mana cost. A double-faced permanent with its back face up has a mana value equal to the mana value of its front face. Each back face has a color indicator that defines its color."}, {"date": "2016-07-13", "text": "For more information on double-faced cards, see the Shadows over Innistrad mechanics article (http://magic.wizards.com/en/articles/archive/feature/shadows-over-innistrad-mechanics)."}, {"date": "2017-09-29", "text": "You can control two of this permanent, one front-face up and the other back-face up, at the same time."}], "securityStamp": "oval", "setCode": "PS15", "side": "a", "subtypes": ["Human", "Shaman"], "supertypes": ["Legendary"], "text": "Whenever you cast a red spell, untap Chandra, Fire of Kaladesh.\n{T}: Chandra, Fire of Kaladesh deals 1 damage to target player or planeswalker. If Chandra has dealt 3 or more damage this turn, exile her, then return her to the battlefield transformed under her owner's control.", "toughness": "2", "type": "Legendary Creature — Human Shaman", "types": ["Creature"], "uuid": "054a665c-9685-5e46-b930-1bb06b97f56c"}, {"artist": "Wayne Reynolds", "availability": ["paper"], "borderColor": "black", "colorIdentity": ["R"], "colorIndicator": ["R"], "colors": ["R"], "convertedManaCost": 3.0, "edhrecRank": 5782, "faceConvertedManaCost": 0.0, "faceManaValue": 0.0, "faceName": "Chandra, Roaring Flame", "finishes": ["foil"], "foreignData": [], "frameEffects": ["originpwdfc"], "frameVersion": "2015", "hasFoil": true, "hasNonFoil": false, "identifiers": {"cardsphereId": "39860", "mcmId": "283713", "mtgjsonV4Id": "1bd8da2b-713e-5779-962c-30fa098f1ad4", "scryfallId": "2b567975-53b5-4716-831d-e65612285d51", "scryfallIllustrationId": "c9fcbf88-5c12-4bb7-bccd-92b8c5473355", "scryfallOracleId": "6f6b8e14-c247-4dfd-8b39-38c7a5f2f354", "tcgplayerProductId": "101348"}, "isPromo": true, "isReprint": true, "isStarter": true, "language": "English", "layout": "transform", "leadershipSkills": {"brawl": false, "commander": false, "oathbreaker": true}, "legalities": {"commander": "Legal", "duel": "Legal", "legacy": "Legal", "modern": "Legal", "penny": "Legal", "pioneer": "Legal", "vintage": "Legal"}, "loyalty": "4", "manaValue": 3.0, "name": "Chandra, Fire of Kaladesh // Chandra, Roaring Flame", "number": "135", "otherFaceIds": ["054a665c-9685-5e46-b930-1bb06b97f56c"], "printings": ["ORI", "PORI", "PS15", "V17"], "promoTypes": ["convention"], "purchaseUrls": {"tcgplayer": "https://mtgjson.com/links/af0d3835f8029853"}, "rarity": "mythic", "rulings": [{"date": "2015-06-22", "text": "The mana value of a double-faced card not on the battlefield is the mana value of its front face."}, {"date": "2015-06-22", "text": "The back face of a double-faced card (in the case of Magic Origins, the planeswalker face) can’t be cast."}, {"date": "2015-06-22", "text": "A double-faced card enters the battlefield with its front face up by default, unless a spell or ability instructs you to put it onto the battlefield transformed, in which case it enters with its back face up."}, {"date": "2015-06-22", "text": "A Magic Origins planeswalker that enters the battlefield because of the ability of its front face will enter with loyalty counters as normal."}, {"date": "2015-06-22", "text": "In some rare cases, a spell or ability may cause one of these five cards to transform while it’s a creature (front face up) on the battlefield. If this happens, the resulting planeswalker won’t have any loyalty counters on it and will subsequently be put into its owner’s graveyard."}, {"date": "2015-06-22", "text": "You can activate one of the planeswalker’s loyalty abilities the turn it enters the battlefield. However, you may do so only during one of your main phases when the stack is empty. For example, if the planeswalker enters the battlefield during combat, there will be an opportunity for your opponent to remove it before you can activate one of its abilities."}, {"date": "2015-06-22", "text": "If a double-faced card is manifested, it will be put onto the battlefield face down (this is also true if it’s put onto the battlefield face down some other way). Note that “face down” is not synonymous with “with its back face up.” A manifested double-faced card is a 2/2 creature with no name, mana cost, creature types, or abilities. While face down, it can’t transform. If the front face of a manifested double-faced card is a creature card, you can turn it face up by paying its mana cost. If you do, its front face will be up. A double-faced card on the battlefield can’t be turned face down."}, {"date": "2015-06-22", "text": "The emblem created by Chandra, Roaring Flame is colorless. The damage it deals is from a colorless source."}, {"date": "2015-06-22", "text": "Only players actually dealt damage by the third ability of Chandra, Roaring Flame will get an emblem. If all of that damage to a player is prevented, that player won’t get an emblem. If any of that damage is redirected to Chandra’s controller, that player will get an emblem."}, {"date": "2015-06-22", "text": "Chandra, Fire of Kaladesh’s activated ability will count any damage Chandra has dealt during the turn to any permanent or player, including combat damage."}, {"date": "2015-06-22", "text": "Each player who gets Chandra’s emblem is the owner of that emblem. In multiplayer games, that emblem will remain in the game as long as its owner does, even if Chandra’s owner leaves the game."}, {"date": "2015-06-22", "text": "The last sentence of Chandra, Fire of Kaladesh’s activated ability isn’t a separate ability. The check happens only as that activated ability resolves. You must activate the ability in order to exile Chandra and return her to the battlefield transformed, even if Chandra has already dealt 3 or more damage during the turn."}, {"date": "2015-06-22", "text": "Each face of a double-faced card has its own set of characteristics: name, types, subtypes, power and toughness, loyalty, abilities, and so on. While a double-faced card is on the battlefield, consider only the characteristics of the face that’s currently up. The other set of characteristics is ignored. While a double-faced card isn’t on the battlefield, consider only the characteristics of its front face."}, {"date": "2016-04-08", "text": "The back face of a double-faced card doesn’t have a mana cost. A double-faced permanent with its back face up has a mana value equal to the mana value of its front face. Each back face has a color indicator that defines its color."}, {"date": "2016-07-13", "text": "For more information on double-faced cards, see the Shadows over Innistrad mechanics article (http://magic.wizards.com/en/articles/archive/feature/shadows-over-innistrad-mechanics)."}, {"date": "2017-09-29", "text": "You can control two of this permanent, one front-face up and the other back-face up, at the same time."}], "securityStamp": "oval", "setCode": "PS15", "side": "b", "subtypes": ["Chandra"], "supertypes": ["Legendary"], "text": "[+1]: Chandra, Roaring Flame deals 2 damage to target player or planeswalker.\n[−2]: Chandra, Roaring Flame deals 2 damage to target creature.\n[−7]: Chandra, Roaring Flame deals 6 damage to each opponent. Each player dealt damage this way gets an emblem with \"At the beginning of your upkeep, this emblem deals 3 damage to you.\"", "type": "Legendary Planeswalker — Chandra", "types": ["Planeswalker"], "uuid": "b95247fd-0c81-5a57-bf91-56e13dda237c"}, {"artist": "Wayne Reynolds", "availability": ["paper"], "borderColor": "black", "colorIdentity": ["G"], "colors": ["G"], "convertedManaCost": 3.0, "edhrecRank": 2358, "faceConvertedManaCost": 3.0, "faceManaValue": 3.0, "faceName": "Nissa, Vastwood Seer", "finishes": ["foil"], "foreignData": [], "frameEffects": ["originpwdfc"], "frameVersion": "2015", "hasFoil": true, "hasNonFoil": false, "identifiers": {"cardKingdomFoilId": "202275", "cardsphereId": "39876", "mcmId": "283716", "mtgjsonV4Id": "6e320f8d-0cb4-55d7-ba42-e4c4b2c9091f", "scryfallId": "008b1ea5-1a8d-4a9d-b208-421fea2f9c58", "scryfallIllustrationId": "21c1ad90-bab9-4cc6-b68e-94621f12af67", "scryfallOracleId": "35754a21-9fba-4370-a254-292918a777ba", "tcgplayerProductId": "101351"}, "isPromo": true, "isReprint": true, "isStarter": true, "keywords": ["Transform"], "language": "English", "layout": "transform", "leadershipSkills": {"brawl": false, "commander": true, "oathbreaker": false}, "legalities": {"commander": "Legal", "duel": "Legal", "legacy": "Legal", "modern": "Legal", "pioneer": "Legal", "vintage": "Legal"}, "manaCost": "{2}{G}", "manaValue": 3.0, "name": "Nissa, Vastwood Seer // Nissa, Sage Animist", "number": "189", "otherFaceIds": ["650136d9-d114-5cfb-b432-d750a7cac467"], "power": "2", "printings": ["ORI", "PORI", "PS15", "V17"], "promoTypes": ["convention"], "purchaseUrls": {"cardKingdomFoil": "https://mtgjson.com/links/19dff8bcca95e8fc", "tcgplayer": "https://mtgjson.com/links/8e188777a50279a4"}, "rarity": "mythic", "rulings": [{"date": "2015-06-22", "text": "The back face of a double-faced card (in the case of Magic Origins, the planeswalker face) can’t be cast."}, {"date": "2015-06-22", "text": "A double-faced card enters the battlefield with its front face up by default, unless a spell or ability instructs you to put it onto the battlefield transformed, in which case it enters with its back face up."}, {"date": "2015-06-22", "text": "A Magic Origins planeswalker that enters the battlefield because of the ability of its front face will enter with loyalty counters as normal."}, {"date": "2015-06-22", "text": "In some rare cases, a spell or ability may cause one of these five cards to transform while it’s a creature (front face up) on the battlefield. If this happens, the resulting planeswalker won’t have any loyalty counters on it and will subsequently be put into its owner’s graveyard."}, {"date": "2015-06-22", "text": "You can activate one of the planeswalker’s loyalty abilities the turn it enters the battlefield. However, you may do so only during one of your main phases when the stack is empty. For example, if the planeswalker enters the battlefield during combat, there will be an opportunity for your opponent to remove it before you can activate one of its abilities."}, {"date": "2015-06-22", "text": "If a double-faced card is manifested, it will be put onto the battlefield face down (this is also true if it’s put onto the battlefield face down some other way). Note that “face down” is not synonymous with “with its back face up.” A manifested double-faced card is a 2/2 creature with no name, mana cost, creature types, or abilities. While face down, it can’t transform. If the front face of a manifested double-faced card is a creature card, you can turn it face up by paying its mana cost. If you do, its front face will be up. A double-faced card on the battlefield can’t be turned face down."}, {"date": "2015-06-22", "text": "You can activate Nissa, Sage Animist’s second ability even if you already control an Ashaya, the Awoken World. Just after the second token is created, you’ll choose one to remain on the battlefield. The other will be put into your graveyard and subsequently cease to exist."}, {"date": "2015-06-22", "text": "Nissa, Vastwood Seer is exiled as a result of her second triggered ability. If she enters the battlefield while you control seven or more lands, she won’t automatically be exiled and transform."}, {"date": "2015-06-22", "text": "If a land becomes a creature but hasn’t continuously been under its controller’s control since that player’s most recent turn began, it won’t be able to attack and its abilities with {T} in the cost (including mana abilities) won’t be able to be activated. In other words, look at how long the permanent itself has been under your control, not how long it’s been a creature."}, {"date": "2015-06-22", "text": "Each face of a double-faced card has its own set of characteristics: name, types, subtypes, power and toughness, loyalty, abilities, and so on. While a double-faced card is on the battlefield, consider only the characteristics of the face that’s currently up. The other set of characteristics is ignored. While a double-faced card isn’t on the battlefield, consider only the characteristics of its front face."}, {"date": "2015-06-22", "text": "The converted mana cost of a double-faced card not on the battlefield is the converted mana cost of its front face."}, {"date": "2016-04-08", "text": "The back face of a double-faced card doesn’t have a mana cost. A double-faced permanent with its back face up has a converted mana cost equal to the converted mana cost of its front face. Each back face has a color indicator that defines its color."}, {"date": "2016-07-13", "text": "For more information on double-faced cards, see the Shadows over Innistrad mechanics article (http://magic.wizards.com/en/articles/archive/feature/shadows-over-innistrad-mechanics)."}, {"date": "2017-09-29", "text": "You can control two of this permanent, one front-face up and the other back-face up, at the same time."}], "securityStamp": "oval", "setCode": "PS15", "side": "a", "subtypes": ["Elf", "Scout"], "supertypes": ["Legendary"], "text": "When Nissa, Vastwood Seer enters the battlefield, you may search your library for a basic Forest card, reveal it, put it into your hand, then shuffle.\nWhenever a land enters the battlefield under your control, if you control seven or more lands, exile Nissa, then return her to the battlefield transformed under her owner's control.", "toughness": "2", "type": "Legendary Creature — Elf Scout", "types": ["Creature"], "uuid": "dbeda9f7-6a0c-5c67-be59-041426fe1fa0"}, {"artist": "Wayne Reynolds", "availability": ["paper"], "borderColor": "black", "colorIdentity": ["G"], "colorIndicator": ["G"], "colors": ["G"], "convertedManaCost": 3.0, "edhrecRank": 2358, "faceConvertedManaCost": 0.0, "faceManaValue": 0.0, "faceName": "Nissa, Sage Animist", "finishes": ["foil"], "foreignData": [], "frameEffects": ["originpwdfc"], "frameVersion": "2015", "hasFoil": true, "hasNonFoil": false, "identifiers": {"cardsphereId": "39876", "mcmId": "283716", "mtgjsonV4Id": "329b5e37-7cc8-5a41-aaf0-87848664f85c", "scryfallId": "008b1ea5-1a8d-4a9d-b208-421fea2f9c58", "scryfallIllustrationId": "c7cc49cc-8041-4e26-aea7-8f58d83a0104", "scryfallOracleId": "35754a21-9fba-4370-a254-292918a777ba", "tcgplayerProductId": "101351"}, "isPromo": true, "isReprint": true, "isStarter": true, "language": "English", "layout": "transform", "leadershipSkills": {"brawl": false, "commander": false, "oathbreaker": true}, "legalities": {"commander": "Legal", "duel": "Legal", "legacy": "Legal", "modern": "Legal", "pioneer": "Legal", "vintage": "Legal"}, "loyalty": "3", "manaValue": 3.0, "name": "Nissa, Vastwood Seer // Nissa, Sage Animist", "number": "189", "otherFaceIds": ["dbeda9f7-6a0c-5c67-be59-041426fe1fa0"], "printings": ["ORI", "PORI", "PS15", "V17"], "promoTypes": ["convention"], "purchaseUrls": {"tcgplayer": "https://mtgjson.com/links/47470990f2e04e67"}, "rarity": "mythic", "rulings": [{"date": "2015-06-22", "text": "The back face of a double-faced card (in the case of Magic Origins, the planeswalker face) can’t be cast."}, {"date": "2015-06-22", "text": "A double-faced card enters the battlefield with its front face up by default, unless a spell or ability instructs you to put it onto the battlefield transformed, in which case it enters with its back face up."}, {"date": "2015-06-22", "text": "A Magic Origins planeswalker that enters the battlefield because of the ability of its front face will enter with loyalty counters as normal."}, {"date": "2015-06-22", "text": "In some rare cases, a spell or ability may cause one of these five cards to transform while it’s a creature (front face up) on the battlefield. If this happens, the resulting planeswalker won’t have any loyalty counters on it and will subsequently be put into its owner’s graveyard."}, {"date": "2015-06-22", "text": "You can activate one of the planeswalker’s loyalty abilities the turn it enters the battlefield. However, you may do so only during one of your main phases when the stack is empty. For example, if the planeswalker enters the battlefield during combat, there will be an opportunity for your opponent to remove it before you can activate one of its abilities."}, {"date": "2015-06-22", "text": "If a double-faced card is manifested, it will be put onto the battlefield face down (this is also true if it’s put onto the battlefield face down some other way). Note that “face down” is not synonymous with “with its back face up.” A manifested double-faced card is a 2/2 creature with no name, mana cost, creature types, or abilities. While face down, it can’t transform. If the front face of a manifested double-faced card is a creature card, you can turn it face up by paying its mana cost. If you do, its front face will be up. A double-faced card on the battlefield can’t be turned face down."}, {"date": "2015-06-22", "text": "You can activate Nissa, Sage Animist’s second ability even if you already control an Ashaya, the Awoken World. Just after the second token is created, you’ll choose one to remain on the battlefield. The other will be put into your graveyard and subsequently cease to exist."}, {"date": "2015-06-22", "text": "Nissa, Vastwood Seer is exiled as a result of her second triggered ability. If she enters the battlefield while you control seven or more lands, she won’t automatically be exiled and transform."}, {"date": "2015-06-22", "text": "If a land becomes a creature but hasn’t continuously been under its controller’s control since that player’s most recent turn began, it won’t be able to attack and its abilities with {T} in the cost (including mana abilities) won’t be able to be activated. In other words, look at how long the permanent itself has been under your control, not how long it’s been a creature."}, {"date": "2015-06-22", "text": "Each face of a double-faced card has its own set of characteristics: name, types, subtypes, power and toughness, loyalty, abilities, and so on. While a double-faced card is on the battlefield, consider only the characteristics of the face that’s currently up. The other set of characteristics is ignored. While a double-faced card isn’t on the battlefield, consider only the characteristics of its front face."}, {"date": "2015-06-22", "text": "The converted mana cost of a double-faced card not on the battlefield is the converted mana cost of its front face."}, {"date": "2016-04-08", "text": "The back face of a double-faced card doesn’t have a mana cost. A double-faced permanent with its back face up has a converted mana cost equal to the converted mana cost of its front face. Each back face has a color indicator that defines its color."}, {"date": "2016-07-13", "text": "For more information on double-faced cards, see the Shadows over Innistrad mechanics article (http://magic.wizards.com/en/articles/archive/feature/shadows-over-innistrad-mechanics)."}, {"date": "2017-09-29", "text": "You can control two of this permanent, one front-face up and the other back-face up, at the same time."}], "securityStamp": "oval", "setCode": "PS15", "side": "b", "subtypes": ["Nissa"], "supertypes": ["Legendary"], "text": "[+1]: Reveal the top card of your library. If it's a land card, put it onto the battlefield. Otherwise, put it into your hand.\n[−2]: Create Ashaya, the Awoken World, a legendary 4/4 green Elemental creature token.\n[−7]: Untap up to six target lands. They become 6/6 Elemental creatures. They're still lands.", "type": "Legendary Planeswalker — Nissa", "types": ["Planeswalker"], "uuid": "650136d9-d114-5cfb-b432-d750a7cac467"}], "code": "PS15", "isFoilOnly": true, "isOnlineOnly": false, "keyruneCode": "ORI", "name": "San Diego Comic-Con 2015", "releaseDate": "2015-07-09", "tokens": [], "totalSetSize": 10, "translations": {}, "type": "promo"}}