{"meta": {"date": "2022-09-29", "version": "5.2.0+20220929"}, "data": {"baseSetSize": 5, "cards": [{"artist": "Steve Prescott", "availability": ["paper"], "borderColor": "black", "colorIdentity": ["W"], "colors": ["W"], "convertedManaCost": 3.0, "edhrecRank": 5425, "finishes": ["foil"], "foreignData": [], "frameVersion": "2003", "hasFoil": true, "hasNonFoil": false, "identifiers": {"cardKingdomFoilId": "193094", "cardsphereId": "39859", "mcmId": "263498", "mtgjsonV4Id": "e95b27a5-7405-530d-b534-3605402aaf4c", "scryfallId": "a2ff8a87-b07d-436f-9e0b-86ef6aa918d2", "scryfallIllustrationId": "33ea2cc6-3fba-47d3-915e-4a2bad08ef5a", "scryfallOracleId": "1d5ff280-7f4d-4801-aefd-9b6e6b1f2818", "tcgplayerProductId": "70708"}, "isPromo": true, "isReprint": true, "isStarter": true, "language": "English", "layout": "normal", "leadershipSkills": {"brawl": false, "commander": false, "oathbreaker": true}, "legalities": {"commander": "Legal", "duel": "Legal", "legacy": "Legal", "modern": "Legal", "pioneer": "Legal", "vintage": "Legal"}, "loyalty": "4", "manaCost": "{1}{W}{W}", "manaValue": 3.0, "name": "Ajani, Caller of the Pride", "number": "1★", "printings": ["M13", "M14", "PSDC"], "promoTypes": ["convention"], "purchaseUrls": {"cardKingdomFoil": "https://mtgjson.com/links/4f517b6b4fc7506c", "tcgplayer": "https://mtgjson.com/links/5862e930b4d70a80"}, "rarity": "mythic", "rulings": [{"date": "2012-07-01", "text": "The number of Cat tokens you put onto the battlefield is equal to your life total when the third ability resolves."}, {"date": "2012-07-01", "text": "You can activate the first ability without a target. You’ll still put one loyalty counter on Ajani when you activate the ability."}], "setCode": "PSDC", "subtypes": ["Ajani"], "supertypes": ["Legendary"], "text": "[+1]: Put a +1/+1 counter on up to one target creature.\n[−3]: Target creature gains flying and double strike until end of turn.\n[−8]: Create X 2/2 white Cat creature tokens, where X is your life total.", "type": "Legendary Planeswalker — Ajani", "types": ["Planeswalker"], "uuid": "b1120c65-613e-5a54-9c03-fe89f0303a33"}, {"artist": "Steve Prescott", "availability": ["paper"], "borderColor": "black", "colorIdentity": ["U"], "colors": ["U"], "convertedManaCost": 5.0, "edhrecRank": 3761, "finishes": ["foil"], "foreignData": [], "frameVersion": "2003", "hasFoil": true, "hasNonFoil": false, "identifiers": {"cardKingdomFoilId": "193097", "cardsphereId": "39867", "mcmId": "263499", "mtgjsonV4Id": "c648fcc1-ed3d-5899-897d-d56cd5aa0c8d", "scryfallId": "ca17ab95-2799-4822-a345-d81dc2c8dba9", "scryfallIllustrationId": "1cbae437-43a7-4e0d-84cb-6e7a6b295c62", "scryfallOracleId": "4a4dc133-541f-456b-a95f-3d707e1c95e9", "tcgplayerProductId": "70707"}, "isPromo": true, "isReprint": true, "isStarter": true, "keywords": ["Mill"], "language": "English", "layout": "normal", "leadershipSkills": {"brawl": false, "commander": false, "oathbreaker": true}, "legalities": {"commander": "Legal", "duel": "Legal", "legacy": "Legal", "modern": "Legal", "penny": "Legal", "pioneer": "Legal", "vintage": "Legal"}, "loyalty": "4", "manaCost": "{3}{U}{U}", "manaValue": 5.0, "name": "Jace, Memory Adept", "number": "60★", "printings": ["M12", "M13", "M14", "PSDC"], "promoTypes": ["convention"], "purchaseUrls": {"cardKingdomFoil": "https://mtgjson.com/links/e30b7d8f719f403d", "tcgplayer": "https://mtgjson.com/links/1645ebbb90ca1cae"}, "rarity": "mythic", "rulings": [{"date": "2011-09-22", "text": "If you target yourself with Jace’s first ability, you’ll draw a card first, then put the top card of your library into your graveyard."}, {"date": "2011-09-22", "text": "If you activate Jace’s first ability, and the player is an illegal target when the ability tries to resolve, it won’t resolve and none of its effects will happen. You won’t draw a card."}, {"date": "2011-09-22", "text": "If Jace’s third ability causes a player to draw more cards than are left in their library, that player loses the game as a state-based action. If this ability causes all players to do this, the game is a draw."}], "setCode": "PSDC", "subtypes": ["Jace"], "supertypes": ["Legendary"], "text": "[+1]: Draw a card. Target player mills a card.\n[0]: Target player mills ten cards.\n[−7]: Any number of target players each draw twenty cards.", "type": "Legendary Planeswalker — Jace", "types": ["Planeswalker"], "uuid": "35f26254-e416-52fc-bf1c-0f8624ed8e73"}, {"artist": "Steve Prescott", "availability": ["paper"], "borderColor": "black", "colorIdentity": ["B"], "colors": ["B"], "convertedManaCost": 4.0, "edhrecRank": 2150, "finishes": ["foil"], "foreignData": [], "frameVersion": "2003", "hasFoil": true, "hasNonFoil": false, "identifiers": {"cardKingdomFoilId": "193098", "cardsphereId": "39873", "mcmId": "263500", "mtgjsonV4Id": "f1adfe49-94b6-535c-a64b-d32759965aec", "scryfallId": "15c0c1eb-09ac-4d07-aeef-181af9f2a1ca", "scryfallIllustrationId": "cff7bf06-cda3-4df5-8eab-41d151f72008", "scryfallOracleId": "92301066-8904-41bc-84bd-4aa286cbab9c", "tcgplayerProductId": "70710"}, "isPromo": true, "isReprint": true, "isStarter": true, "language": "English", "layout": "normal", "leadershipSkills": {"brawl": false, "commander": false, "oathbreaker": true}, "legalities": {"commander": "Legal", "duel": "Legal", "legacy": "Legal", "modern": "Legal", "pioneer": "Legal", "vintage": "Legal"}, "loyalty": "3", "manaCost": "{2}{B}{B}", "manaValue": 4.0, "name": "Liliana of the Dark Realms", "number": "102★", "printings": ["M13", "M14", "PSDC"], "promoTypes": ["convention"], "purchaseUrls": {"cardKingdomFoil": "https://mtgjson.com/links/c23aecbd03b7bfd9", "tcgplayer": "https://mtgjson.com/links/af037788e68947db"}, "rarity": "mythic", "rulings": [{"date": "2012-07-01", "text": "You can activate Liliana’s first ability even if your library contains no Swamp cards (or you don’t want to find one). You’ll still search your library and shuffle it."}, {"date": "2012-07-01", "text": "When you activate Liliana’s second ability, you choose only the target creature. You choose whether that creature gets +X/+X or -X/-X when the ability resolves. The value of X is determined by the number of Swamps you control when the ability resolves."}, {"date": "2012-07-01", "text": "Liliana’s emblem doesn’t remove any other abilities of Swamps you control."}, {"date": "2013-07-01", "text": "Each of Liliana’s abilities refers to lands (or land cards) with the subtype Swamp, not just ones named Swamp."}], "setCode": "PSDC", "subtypes": ["Liliana"], "supertypes": ["Legendary"], "text": "[+1]: Search your library for a Swamp card, reveal it, put it into your hand, then shuffle.\n[−3]: Target creature gets +X/+X or -X/-X until end of turn, where X is the number of Swamps you control.\n[−6]: You get an emblem with \"Swamps you control have '{T}: Add {B}{B}{B}{B}.'\"", "type": "Legendary Planeswalker — Liliana", "types": ["Planeswalker"], "uuid": "d78d3e6b-989c-52ec-ba6d-a2a6f355127e"}, {"artist": "Steve Prescott", "availability": ["paper"], "borderColor": "black", "colorIdentity": ["R"], "colors": ["R"], "convertedManaCost": 4.0, "edhrecRank": 6791, "finishes": ["foil"], "foreignData": [], "frameVersion": "2003", "hasFoil": true, "hasNonFoil": false, "identifiers": {"cardKingdomFoilId": "193095", "cardsphereId": "39862", "mcmId": "263497", "mtgjsonV4Id": "94945001-b62d-59e5-9c6f-cdc8d3fae681", "scryfallId": "53ce8381-4cbb-4bf9-bdac-3b2375a46340", "scryfallIllustrationId": "72b0e884-3d35-4f71-a2aa-ddfef068f4b1", "scryfallOracleId": "68e12748-9a7b-4e99-a6de-be097a269342", "tcgplayerProductId": "70709"}, "isPromo": true, "isReprint": true, "isStarter": true, "language": "English", "layout": "normal", "leadershipSkills": {"brawl": false, "commander": false, "oathbreaker": true}, "legalities": {"commander": "Legal", "duel": "Legal", "explorer": "Legal", "gladiator": "Legal", "historic": "Legal", "historicbrawl": "Legal", "legacy": "Legal", "modern": "Legal", "penny": "Legal", "pioneer": "Legal", "vintage": "Legal"}, "loyalty": "4", "manaCost": "{2}{R}{R}", "manaValue": 4.0, "name": "Chandra, Pyromaster", "number": "132★", "printings": ["AKR", "E01", "M14", "M15", "PRM", "PS14", "PSDC"], "promoTypes": ["convention"], "purchaseUrls": {"cardKingdomFoil": "https://mtgjson.com/links/a1036797749f861a", "tcgplayer": "https://mtgjson.com/links/4161fc4834de09eb"}, "rarity": "mythic", "rulings": [{"date": "2014-07-18", "text": "To activate the first ability, you must target a player but you can choose to not target any creatures."}, {"date": "2014-07-18", "text": "If the first ability resolves but the damage is prevented or redirected, the target creature still won’t be able to block that turn."}, {"date": "2014-07-18", "text": "The card exiled by the second ability is exiled face up. Playing it follows the normal rules for playing that card. You must pay its costs, and you must follow all applicable timing rules. For example, if it’s a creature card, you can cast it only during your main phase while the stack is empty."}, {"date": "2014-07-18", "text": "If you exile a land card using the second ability, you may play that land only if you have any available land plays. Normally, this means you can play the land only if you haven’t played a land yet that turn."}, {"date": "2014-07-18", "text": "In the third ability, “exiled this way” means the cards you just exiled because of that ability resolving. Cards exiled with the second ability or with previous activations of the third ability don’t count."}, {"date": "2014-07-18", "text": "While resolving the third ability, you create the copies of the card in exile and cast them from exile. You can cast zero, one, two, or all three copies. The card itself isn’t cast. It remains exiled."}, {"date": "2014-07-18", "text": "While casting the copies created by the third ability, timing restrictions based on the card’s type (such as creature or sorcery) are ignored. Other restrictions, such as “Cast [this spell] only during combat,” are not."}, {"date": "2014-07-18", "text": "Because you’re casting the copies “without paying their mana costs,” you can’t pay any alternative costs for the copies. You can pay additional costs, such as kicker costs. If the copies have any mandatory additional costs, you must pay those."}, {"date": "2014-07-18", "text": "If the copied card has {X} in its mana cost, you must choose 0 as its value when casting the copies."}], "setCode": "PSDC", "subtypes": ["Chandra"], "supertypes": ["Legendary"], "text": "[+1]: Chandra, Pyromaster deals 1 damage to target player or planeswalker and 1 damage to up to one target creature that player or that planeswalker's controller controls. That creature can't block this turn.\n[0]: Exile the top card of your library. You may play it this turn.\n[−7]: Exile the top ten cards of your library. Choose an instant or sorcery card exiled this way and copy it three times. You may cast the copies without paying their mana costs.", "type": "Legendary Planeswalker — Chandra", "types": ["Planeswalker"], "uuid": "348f7c61-2ce9-5014-a2a4-97219a225ec2"}, {"artist": "Steve Prescott", "availability": ["paper"], "borderColor": "black", "colorIdentity": ["G"], "colors": ["G"], "convertedManaCost": 6.0, "edhrecRank": 5732, "finishes": ["foil"], "foreignData": [], "frameVersion": "2003", "hasFoil": true, "hasNonFoil": false, "identifiers": {"cardKingdomFoilId": "193096", "cardsphereId": "39865", "mcmId": "263496", "mtgjsonV4Id": "3204285a-4e5a-5acb-85ae-cf250e84e401", "scryfallId": "d61f670e-8e4c-493f-bef0-c4c7b0bcd288", "scryfallIllustrationId": "b82e4b55-744b-4baf-b7aa-e42c573a020b", "scryfallOracleId": "8e2fbc26-5373-4fd7-8e9e-41af5bb9ff18", "tcgplayerProductId": "70711"}, "isPromo": true, "isReprint": true, "isStarter": true, "language": "English", "layout": "normal", "leadershipSkills": {"brawl": false, "commander": false, "oathbreaker": true}, "legalities": {"commander": "Legal", "duel": "Legal", "legacy": "Legal", "modern": "Legal", "penny": "Legal", "pioneer": "Legal", "vintage": "Legal"}, "loyalty": "4", "manaCost": "{4}{G}{G}", "manaValue": 6.0, "name": "Garruk, Caller of Beasts", "number": "172★", "printings": ["M14", "PSDC", "SLD"], "promoTypes": ["convention"], "purchaseUrls": {"cardKingdomFoil": "https://mtgjson.com/links/7e2efa5fe5ede629", "tcgplayer": "https://mtgjson.com/links/d850ee60e7928bec"}, "rarity": "mythic", "rulings": [{"date": "2013-07-01", "text": "You choose what green creature card to put onto the battlefield, if any, when the second ability resolves."}, {"date": "2013-07-01", "text": "If you have Garruk’s emblem, the creature card you search for will be put onto the battlefield before the creature spell you cast resolves. The creature card you put onto the battlefield isn’t cast, so the ability of the emblem won’t retrigger."}], "setCode": "PSDC", "subtypes": ["Garruk"], "supertypes": ["Legendary"], "text": "[+1]: Reveal the top five cards of your library. Put all creature cards revealed this way into your hand and the rest on the bottom of your library in any order.\n[−3]: You may put a green creature card from your hand onto the battlefield.\n[−7]: You get an emblem with \"Whenever you cast a creature spell, you may search your library for a creature card, put it onto the battlefield, then shuffle.\"", "type": "Legendary Planeswalker — Garruk", "types": ["Planeswalker"], "uuid": "965ae67e-d8bb-5275-9c37-7f2c59a65ca4"}], "code": "PSDC", "isFoilOnly": true, "isOnlineOnly": false, "keyruneCode": "DEFAULT", "name": "San Diego Comic-Con 2013", "releaseDate": "2013-07-18", "tokens": [], "totalSetSize": 5, "translations": {}, "type": "promo"}}