{"meta": {"date": "2022-09-29", "version": "5.2.0+20220929"}, "data": {"baseSetSize": 5, "block": "Scars of Mirrodin", "cards": [{"artist": "jD", "availability": ["paper"], "borderColor": "black", "colorIdentity": ["W"], "colors": ["W"], "convertedManaCost": 3.0, "edhrecRank": 3669, "finishes": ["foil"], "foreignData": [], "frameVersion": "2003", "hasFoil": true, "hasNonFoil": false, "identifiers": {"cardKingdomFoilId": "185505", "cardsphereId": "18957", "mcmId": "243700", "mtgjsonV4Id": "a9413ff4-ea62-52ac-8392-01ecb6a95fbf", "scryfallId": "bd03c292-821f-41fd-b582-db71b40b9804", "scryfallIllustrationId": "457dc477-9a5a-4836-b4ad-e7265b9303cf", "scryfallOracleId": "e220138c-5fc6-487d-9fa9-f21b2fb1f12c", "tcgplayerProductId": "48127"}, "isFullArt": true, "isPromo": true, "isReprint": true, "isStarter": true, "language": "English", "layout": "normal", "legalities": {"commander": "Legal", "duel": "Legal", "gladiator": "Legal", "historic": "Legal", "historicbrawl": "Legal", "legacy": "Legal", "modern": "Legal", "penny": "Legal", "vintage": "Legal"}, "manaCost": "{1}{W}{W}", "manaValue": 3.0, "name": "Tempered Steel", "number": "24", "printings": ["2XM", "HA3", "PRM", "PSOM", "SOM"], "promoTypes": ["setpromo", "gameday"], "purchaseUrls": {"cardKingdomFoil": "https://mtgjson.com/links/30efeb9662a53665", "tcgplayer": "https://mtgjson.com/links/c7bcf49c28c04124"}, "rarity": "rare", "rulings": [{"date": "2020-08-07", "text": "Because damage remains marked on a creature until the damage is removed as the turn ends, nonlethal damage dealt to artifact creatures you control may become lethal if Tempered Steel leaves the battlefield during that turn."}], "setCode": "PSOM", "subtypes": [], "supertypes": [], "text": "Artifact creatures you control get +2/+2.", "type": "Enchantment", "types": ["Enchantment"], "uuid": "3d2d7c4d-8cbe-5c14-8e8c-26a30f4b8c75"}, {"artist": "Erica Yang", "availability": ["paper"], "borderColor": "black", "colorIdentity": ["B"], "colors": ["B"], "convertedManaCost": 4.0, "edhrecRank": 19856, "finishes": ["foil"], "flavorText": "\"You claim wisdom, yet I see nothing in here but tawdry wishes.\"", "foreignData": [], "frameVersion": "2003", "hasFoil": true, "hasNonFoil": false, "identifiers": {"cardKingdomFoilId": "184983", "cardsphereId": "7736", "mcmId": "243698", "mtgjsonV4Id": "ff6068bf-64a2-557d-86cc-891be5be4a79", "scryfallId": "c9d74bae-0b96-4a78-b805-a0b764d0716c", "scryfallIllustrationId": "c6d470b7-05a2-4e3d-8588-e6a6e9e63d8c", "scryfallOracleId": "deeb942b-cf50-43f7-90a9-bdce4e42123a", "tcgplayerProductId": "38326"}, "isPromo": true, "isReprint": true, "isStarter": true, "language": "English", "layout": "normal", "legalities": {"commander": "Legal", "duel": "Legal", "legacy": "Legal", "modern": "Legal", "penny": "Legal", "vintage": "Legal"}, "manaCost": "{3}{B}", "manaValue": 4.0, "name": "Memoricide", "number": "69★", "printings": ["PRM", "PSOM", "SOM"], "promoTypes": ["setpromo", "buyabox"], "purchaseUrls": {"cardKingdomFoil": "https://mtgjson.com/links/b2470f42ebfae6a9", "tcgplayer": "https://mtgjson.com/links/dde40effe4ead22c"}, "rarity": "rare", "rulings": [{"date": "2011-01-01", "text": "Because you’re searching for “any number” of cards with the chosen name, you can opt to find all of them, none of them, or any number in between. That means you may leave any cards with that name in that target’s graveyard, hand, and/or library."}], "setCode": "PSOM", "subtypes": [], "supertypes": [], "text": "Choose a nonland card name. Search target player's graveyard, hand, and library for any number of cards with that name and exile them. Then that player shuffles.", "type": "Sorcery", "types": ["Sorcery"], "uuid": "65822ace-efa1-57bf-a01e-a7b1de16c2e4", "watermark": "colorpie"}, {"artist": "rk post", "availability": ["paper"], "borderColor": "black", "colorIdentity": [], "colors": [], "convertedManaCost": 0.0, "edhrecRank": 1786, "finishes": ["nonfoil"], "flavorText": "Reminders of Memnarch's reign still skirr across Mirrodin, reminiscent of his form if not his power.", "foreignData": [], "frameVersion": "2003", "hasFoil": false, "hasNonFoil": true, "identifiers": {"cardKingdomId": "186146", "cardsphereId": "18937", "mcmId": "243699", "mtgjsonV4Id": "79bda4a9-edd5-54ad-9838-639dc9bcc341", "scryfallId": "4669327f-268f-43c2-ad57-555a02baa6a1", "scryfallIllustrationId": "b9b92f1c-4cd1-4b29-b48d-27fdbc22593e", "scryfallOracleId": "7663ac7c-1de3-4250-b96a-fae9dbd66a27", "tcgplayerProductId": "48126"}, "isFullArt": true, "isPromo": true, "isReprint": true, "isStarter": true, "language": "English", "layout": "normal", "legalities": {"commander": "Legal", "duel": "Legal", "legacy": "Legal", "modern": "Legal", "paupercommander": "Restricted", "vintage": "Legal"}, "manaCost": "{0}", "manaValue": 0.0, "name": "Memnite", "number": "174", "power": "1", "printings": ["FMB1", "PLIST", "PRM", "PSOM", "SOM", "TD2"], "promoTypes": ["setpromo", "gameday"], "purchaseUrls": {"cardKingdom": "https://mtgjson.com/links/baaa69acb6976927", "tcgplayer": "https://mtgjson.com/links/7a20a115057b11e0"}, "rarity": "uncommon", "rulings": [], "setCode": "PSOM", "subtypes": ["Construct"], "supertypes": [], "toughness": "1", "type": "Artifact Creature — Construct", "types": ["Artifact", "Creature"], "uuid": "846109d6-6fb0-534b-83ec-19b058ebc4bb"}, {"artist": "Jaime Jones", "availability": ["paper"], "borderColor": "black", "colorIdentity": [], "colors": [], "convertedManaCost": 6.0, "edhrecRank": 528, "finishes": ["foil"], "foreignData": [], "frameVersion": "2003", "hasFoil": true, "hasNonFoil": false, "identifiers": {"cardKingdomFoilId": "132560", "cardsphereId": "23909", "mcmId": "242747", "mtgjsonV4Id": "5116a6f4-261f-5124-b4bf-2787f0709592", "scryfallId": "b268cd3b-af91-4c22-ac73-347babb69200", "scryfallIllustrationId": "04c2f668-9988-4b5e-afde-247ffcc2a2a6", "scryfallOracleId": "6e64f1e0-ddd6-4ee7-8797-086e234b02e8", "tcgplayerProductId": "38291"}, "isPromo": true, "isReprint": true, "isStarter": true, "keywords": ["Flying"], "language": "English", "layout": "normal", "legalities": {"commander": "Legal", "duel": "Legal", "legacy": "Legal", "modern": "Legal", "penny": "Legal", "vintage": "Legal"}, "manaCost": "{6}", "manaValue": 6.0, "name": "Steel Hellkite", "number": "205★", "power": "5", "printings": ["C14", "C17", "C18", "C21", "CLB", "CM2", "PRM", "PSOM", "SOM"], "promoTypes": ["setpromo", "datestamped", "release"], "purchaseUrls": {"cardKingdomFoil": "https://mtgjson.com/links/bf70d64ef26062b8", "tcgplayer": "https://mtgjson.com/links/d88e3e1866709f30"}, "rarity": "rare", "rulings": [{"date": "2011-01-01", "text": "Steel Hellkite's last ability destroys only nonland permanents whose mana value is exactly equal to X, and only those controlled by players who have been dealt combat damage by Steel Hellkite this turn."}, {"date": "2011-01-01", "text": "It doesn't matter who controlled those permanents at the time Steel Hellkite dealt combat damage, or if those permanents were even on the battlefield at that time."}, {"date": "2011-01-01", "text": "You may activate the last ability even if Steel Hellkite hasn't dealt combat damage to any players that turn. If you do, the ability won't do anything."}, {"date": "2011-01-01", "text": "If Steel Hellkite's third ability is activated with X equal to 0, it will destroy each nonland permanent with mana value 0 the appropriate players control."}, {"date": "2011-01-01", "text": "The mana value of a permanent is determined solely by the mana symbols printed in its upper right corner, unless it's copying something else (see below). The mana value is the total amount of mana in that cost, regardless of color. For example, a card with mana cost {3}{U}{U} has mana value 5."}, {"date": "2011-01-01", "text": "If a permanent is copying something else, its mana value is the mana value of whatever it's copying."}, {"date": "2011-01-01", "text": "In all cases, ignore any alternative costs or additional costs (such as kicker) paid when the permanent was cast."}, {"date": "2011-01-01", "text": "If the mana cost of a permanent includes {X}, X is considered to be 0."}, {"date": "2011-01-01", "text": "If a nonland permanent has no mana symbols in its upper right corner (because it's a token that's not copying of something else, for example), its mana value is 0."}], "setCode": "PSOM", "subtypes": ["Dragon"], "supertypes": [], "text": "Flying\n{2}: Steel Hellkite gets +1/+0 until end of turn.\n{X}: Destroy each nonland permanent with mana value X whose controller was dealt combat damage by Steel Hellkite this turn. Activate only once each turn.", "toughness": "5", "type": "Artifact Creature — Dragon", "types": ["Artifact", "Creature"], "uuid": "b676d992-79ac-5999-83cf-6f0f5e2d3ef1", "watermark": "mirran"}, {"artist": "Raymond Swanland", "availability": ["paper"], "borderColor": "black", "colorIdentity": [], "colors": [], "convertedManaCost": 6.0, "edhrecRank": 806, "finishes": ["foil"], "foreignData": [], "frameVersion": "2003", "hasFoil": true, "hasNonFoil": false, "identifiers": {"cardKingdomFoilId": "132553", "cardsphereId": "37561", "mcmId": "242746", "mtgjsonV4Id": "835e3186-bfdc-5644-909f-41dc99714c9c", "scryfallId": "b9bdfa34-f608-40d4-b634-b260ad620f18", "scryfallIllustrationId": "ba36f91f-5d01-4a9d-9858-f09e57910e81", "scryfallOracleId": "d1a60f44-7696-49ee-91fb-cab5b3102962", "tcgplayerProductId": "38405"}, "isPromo": true, "isReprint": true, "isStarter": true, "keywords": ["Deathtouch", "Lifelink"], "language": "English", "layout": "normal", "legalities": {"commander": "Legal", "duel": "Legal", "legacy": "Legal", "modern": "Legal", "vintage": "Legal"}, "manaCost": "{6}", "manaValue": 6.0, "name": "Wurmcoil Engine", "number": "223★", "power": "6", "printings": ["2XM", "C14", "CM2", "MPS", "PRM", "PSOM", "PW21", "SOM"], "promoTypes": ["setpromo", "datestamped", "prerelease"], "purchaseUrls": {"cardKingdomFoil": "https://mtgjson.com/links/383c7ffc5ff5d8d6", "tcgplayer": "https://mtgjson.com/links/edb3ebe81f7f7a4d"}, "rarity": "mythic", "rulings": [{"date": "2011-01-01", "text": "The two creature tokens enter the battlefield at the same time."}, {"date": "2011-01-01", "text": "It must be clear to all players which token has deathtouch and which token has lifelink."}], "setCode": "PSOM", "subtypes": ["Phyrexian", "Wurm"], "supertypes": [], "text": "Deathtouch, lifelink\nWhen Wurmcoil Engine dies, create a 3/3 colorless Phyrexian Wurm artifact creature token with deathtouch and a 3/3 colorless Phyrexian Wurm artifact creature token with lifelink.", "toughness": "6", "type": "Artifact Creature — Phyrexian Wurm", "types": ["Artifact", "Creature"], "uuid": "6de0ad44-68ec-52ad-85dd-18ff10c24a59", "watermark": "phyrexian"}], "code": "PSOM", "isFoilOnly": false, "isOnlineOnly": false, "keyruneCode": "SOM", "name": "Scars of Mirrodin Promos", "parentCode": "SOM", "releaseDate": "2010-09-30", "tokens": [], "totalSetSize": 5, "translations": {}, "type": "promo"}}