{"meta": {"date": "2022-09-29", "version": "5.2.0+20220929"}, "data": {"baseSetSize": 5, "block": "Battle for Zendikar", "cards": [{"artist": "Titus Lunter", "availability": ["paper"], "borderColor": "black", "colorIdentity": ["G", "W"], "colors": [], "convertedManaCost": 0.0, "edhrecRank": 148, "finishes": ["nonfoil"], "flavorText": "The continent of Murasa lies beneath a blanket of dense vegetation, its enormous branches tangled so thickly that some inhabitants never see the ground.", "foreignData": [], "frameVersion": "2015", "hasFoil": false, "hasNonFoil": true, "identifiers": {"cardKingdomId": "213477", "cardsphereId": "49581", "mcmId": "297764", "mtgjsonV4Id": "d5e9b116-5204-52c8-ae49-36af85da9cbe", "scryfallId": "8f5533cb-699a-4eaa-9a9c-e3fe206447d2", "scryfallIllustrationId": "f24024c9-679b-4dec-8c4b-daf33034a3a9", "scryfallOracleId": "dcb7e046-f01b-497c-88e5-57794eb30ce5", "tcgplayerProductId": "130531"}, "isPromo": true, "isReprint": true, "isStarter": true, "language": "English", "layout": "normal", "legalities": {"commander": "Legal", "duel": "Legal", "legacy": "Legal", "modern": "Legal", "pioneer": "Legal", "vintage": "Legal"}, "manaValue": 0.0, "name": "Canopy Vista", "number": "234", "printings": ["AFC", "BFZ", "C20", "DMC", "EXP", "MIC", "NCC", "PBFZ", "PSS1"], "promoTypes": ["instore"], "purchaseUrls": {"cardKingdom": "https://mtgjson.com/links/9910aa6a928dda84", "tcgplayer": "https://mtgjson.com/links/e7177b71216633df"}, "rarity": "rare", "rulings": [{"date": "2015-08-25", "text": "Even though these lands have basic land types, they are not basic lands because “basic” doesn't appear on their type line. Notably, controlling two or more of them won't allow others to enter the battlefield untapped."}, {"date": "2015-08-25", "text": "However, because these cards have basic land types, effects that specify a basic land type without also specifying that the land be basic can affect them. For example, a spell or ability that reads “Destroy target Forest” can target Canopy Vista, while one that reads “Destroy target basic Forest” cannot."}, {"date": "2015-08-25", "text": "If one of these lands enters the battlefield at the same time as any number of basic lands, those other lands are not counted when determining if this land enters the battlefield tapped or untapped."}], "securityStamp": "oval", "setCode": "PSS1", "subtypes": ["Forest", "Plains"], "supertypes": [], "text": "({T}: Add {G} or {W}.)\nCanopy Vista enters the battlefield tapped unless you control two or more basic lands.", "type": "Land — Forest Plains", "types": ["Land"], "uuid": "bb6fbb2a-2ac0-5c59-819c-bdf388623871"}, {"artist": "Titus Lunter", "availability": ["paper"], "borderColor": "black", "colorIdentity": ["G", "R"], "colors": [], "convertedManaCost": 0.0, "edhrecRank": 119, "finishes": ["nonfoil"], "flavorText": "On the volcanic continent of Akoum, bizarre vegetation clusters around gas vents, and jagged mountain peaks rise high into the air.", "foreignData": [], "frameVersion": "2015", "hasFoil": false, "hasNonFoil": true, "identifiers": {"cardKingdomId": "213478", "cardsphereId": "49582", "mcmId": "297765", "mtgjsonV4Id": "626ea9dc-06a7-59b5-8897-d4c79a3ec659", "scryfallId": "91f3dcdc-c5ec-49ba-82be-86795d401cbd", "scryfallIllustrationId": "1119cc36-5145-4498-a01d-470c52f58881", "scryfallOracleId": "dfac0258-e148-4d7d-8ded-fc2466d9caa6", "tcgplayerProductId": "130529"}, "isPromo": true, "isReprint": true, "isStarter": true, "language": "English", "layout": "normal", "legalities": {"commander": "Legal", "duel": "Legal", "legacy": "Legal", "modern": "Legal", "pioneer": "Legal", "vintage": "Legal"}, "manaValue": 0.0, "name": "Cinder Glade", "number": "235", "printings": ["40K", "AFC", "BFZ", "C19", "C20", "CLB", "DMC", "EXP", "NCC", "NEC", "PBFZ", "PSS1"], "promoTypes": ["instore"], "purchaseUrls": {"cardKingdom": "https://mtgjson.com/links/886d8d7a3ca16c82", "tcgplayer": "https://mtgjson.com/links/e0b07c9e4ea492b4"}, "rarity": "rare", "rulings": [{"date": "2015-08-25", "text": "Even though these lands have basic land types, they are not basic lands because “basic” doesn't appear on their type line. Notably, controlling two or more of them won't allow others to enter the battlefield untapped."}, {"date": "2015-08-25", "text": "However, because these cards have basic land types, effects that specify a basic land type without also specifying that the land be basic can affect them. For example, a spell or ability that reads “Destroy target Forest” can target Canopy Vista, while one that reads “Destroy target basic Forest” cannot."}, {"date": "2015-08-25", "text": "If one of these lands enters the battlefield at the same time as any number of basic lands, those other lands are not counted when determining if this land enters the battlefield tapped or untapped."}], "securityStamp": "oval", "setCode": "PSS1", "subtypes": ["Mountain", "Forest"], "supertypes": [], "text": "({T}: Add {R} or {G}.)\nCinder Glade enters the battlefield tapped unless you control two or more basic lands.", "type": "Land — Mountain Forest", "types": ["Land"], "uuid": "9a3bd8a9-c9d6-5dd5-8e7b-f4a1806e0caa"}, {"artist": "Titus Lunter", "availability": ["paper"], "borderColor": "black", "colorIdentity": ["U", "W"], "colors": [], "convertedManaCost": 0.0, "edhrecRank": 135, "finishes": ["nonfoil"], "flavorText": "The continent of Ondu is a vast plateau crisscrossed by deep trenches and meandering rivers.", "foreignData": [], "frameVersion": "2015", "hasFoil": false, "hasNonFoil": true, "identifiers": {"cardKingdomId": "213476", "cardsphereId": "49585", "mcmId": "297761", "mtgjsonV4Id": "8f38676e-9ab0-5c44-bbb6-d9ae5174d072", "scryfallId": "d39faa94-8e2a-4d74-8035-5b5d31d3629a", "scryfallIllustrationId": "4e805468-f3d0-4e60-92ab-41323b367de1", "scryfallOracleId": "5330e24a-8568-446e-840a-594cd08bd1bc", "tcgplayerProductId": "130528"}, "isPromo": true, "isReprint": true, "isStarter": true, "language": "English", "layout": "normal", "legalities": {"commander": "Legal", "duel": "Legal", "legacy": "Legal", "modern": "Legal", "pioneer": "Legal", "vintage": "Legal"}, "manaValue": 0.0, "name": "Prairie Stream", "number": "241", "printings": ["40K", "AFC", "BFZ", "C19", "C20", "DMC", "EXP", "NCC", "NEC", "PBFZ", "PSS1", "VOC"], "promoTypes": ["instore"], "purchaseUrls": {"cardKingdom": "https://mtgjson.com/links/57dc707332ac2f96", "tcgplayer": "https://mtgjson.com/links/5445924101a33f10"}, "rarity": "rare", "rulings": [{"date": "2015-08-25", "text": "Even though these lands have basic land types, they are not basic lands because “basic” doesn't appear on their type line. Notably, controlling two or more of them won't allow others to enter the battlefield untapped."}, {"date": "2015-08-25", "text": "However, because these cards have basic land types, effects that specify a basic land type without also specifying that the land be basic can affect them. For example, a spell or ability that reads “Destroy target Forest” can target Canopy Vista, while one that reads “Destroy target basic Forest” cannot."}, {"date": "2015-08-25", "text": "If one of these lands enters the battlefield at the same time as any number of basic lands, those other lands are not counted when determining if this land enters the battlefield tapped or untapped."}], "securityStamp": "oval", "setCode": "PSS1", "subtypes": ["Plains", "Island"], "supertypes": [], "text": "({T}: Add {W} or {U}.)\nPrairie Stream enters the battlefield tapped unless you control two or more basic lands.", "type": "Land — Plains Island", "types": ["Land"], "uuid": "33cf09fd-7c29-5b48-8eab-5facae860dd7"}, {"artist": "Titus Lunter", "availability": ["paper"], "borderColor": "black", "colorIdentity": ["B", "R"], "colors": [], "convertedManaCost": 0.0, "edhrecRank": 150, "finishes": ["nonfoil"], "flavorText": "The continent of Guul Draz is a geothermal swampland reeking of heat and decay.", "foreignData": [], "frameVersion": "2015", "hasFoil": false, "hasNonFoil": true, "identifiers": {"cardKingdomId": "213475", "cardsphereId": "49584", "mcmId": "297763", "mtgjsonV4Id": "49dbe6c5-179e-51ea-94fd-d2d7c38cd3a3", "scryfallId": "7381dec7-1429-4499-b5dd-4aa93a41e73a", "scryfallIllustrationId": "3276e39d-f8d0-4152-9af7-5fca0123329b", "scryfallOracleId": "390f1b56-264e-4336-83be-dc1fe79bfdcf", "tcgplayerProductId": "130532"}, "isPromo": true, "isReprint": true, "isStarter": true, "language": "English", "layout": "normal", "legalities": {"commander": "Legal", "duel": "Legal", "legacy": "Legal", "modern": "Legal", "pioneer": "Legal", "vintage": "Legal"}, "manaValue": 0.0, "name": "Smoldering Marsh", "number": "247", "printings": ["AFC", "BFZ", "C20", "DMC", "EXP", "NCC", "PBFZ", "PSS1", "VOC"], "promoTypes": ["instore"], "purchaseUrls": {"cardKingdom": "https://mtgjson.com/links/6e9c52556d33009a", "tcgplayer": "https://mtgjson.com/links/e3dc5644e454b46f"}, "rarity": "rare", "rulings": [{"date": "2015-08-25", "text": "Even though these lands have basic land types, they are not basic lands because “basic” doesn't appear on their type line. Notably, controlling two or more of them won't allow others to enter the battlefield untapped."}, {"date": "2015-08-25", "text": "However, because these cards have basic land types, effects that specify a basic land type without also specifying that the land be basic can affect them. For example, a spell or ability that reads “Destroy target Forest” can target Canopy Vista, while one that reads “Destroy target basic Forest” cannot."}, {"date": "2015-08-25", "text": "If one of these lands enters the battlefield at the same time as any number of basic lands, those other lands are not counted when determining if this land enters the battlefield tapped or untapped."}], "securityStamp": "oval", "setCode": "PSS1", "subtypes": ["Swamp", "Mountain"], "supertypes": [], "text": "({T}: Add {B} or {R}.)\nSmoldering Marsh enters the battlefield tapped unless you control two or more basic lands.", "type": "Land — Swamp Mountain", "types": ["Land"], "uuid": "87567027-46c6-54de-9410-377f9419c5e7"}, {"artist": "Titus Lunter", "availability": ["paper"], "borderColor": "black", "colorIdentity": ["B", "U"], "colors": [], "convertedManaCost": 0.0, "edhrecRank": 112, "finishes": ["nonfoil"], "flavorText": "On the continent of Tazeem, rushing waters plunge through narrow canyons into mist-cloaked lakes.", "foreignData": [], "frameVersion": "2015", "hasFoil": false, "hasNonFoil": true, "identifiers": {"cardKingdomId": "213474", "cardsphereId": "49583", "mcmId": "297762", "mtgjsonV4Id": "9f799aed-dc03-5e83-b322-092e27a42f03", "scryfallId": "c01678bf-0eaa-4ff5-8d6c-20b2bb5d1f77", "scryfallIllustrationId": "dc1ac6c1-e03f-460a-bd66-374f7789fe90", "scryfallOracleId": "cd2c90ac-2b04-461c-92f3-939871b6b6a3", "tcgplayerProductId": "130530"}, "isPromo": true, "isReprint": true, "isStarter": true, "language": "English", "layout": "normal", "legalities": {"commander": "Legal", "duel": "Legal", "legacy": "Legal", "modern": "Legal", "pioneer": "Legal", "vintage": "Legal"}, "manaValue": 0.0, "name": "Sunken Hollow", "number": "249", "printings": ["40K", "AFC", "BFZ", "C19", "C20", "CLB", "DMC", "EXP", "MIC", "NCC", "PBFZ", "PSS1"], "promoTypes": ["instore"], "purchaseUrls": {"cardKingdom": "https://mtgjson.com/links/a9c03142de9b66e5", "tcgplayer": "https://mtgjson.com/links/f8e7552792cbdff2"}, "rarity": "rare", "rulings": [{"date": "2015-08-25", "text": "Even though these lands have basic land types, they are not basic lands because “basic” doesn't appear on their type line. Notably, controlling two or more of them won't allow others to enter the battlefield untapped."}, {"date": "2015-08-25", "text": "However, because these cards have basic land types, effects that specify a basic land type without also specifying that the land be basic can affect them. For example, a spell or ability that reads “Destroy target Forest” can target Canopy Vista, while one that reads “Destroy target basic Forest” cannot."}, {"date": "2015-08-25", "text": "If one of these lands enters the battlefield at the same time as any number of basic lands, those other lands are not counted when determining if this land enters the battlefield tapped or untapped."}], "securityStamp": "oval", "setCode": "PSS1", "subtypes": ["Island", "Swamp"], "supertypes": [], "text": "({T}: Add {U} or {B}.)\nSunken Hollow enters the battlefield tapped unless you control two or more basic lands.", "type": "Land — Island Swamp", "types": ["Land"], "uuid": "a95b64f0-9976-592f-b7ad-aa09158aa63c"}], "code": "PSS1", "isFoilOnly": false, "isNonFoilOnly": true, "isOnlineOnly": false, "keyruneCode": "BFZ", "name": "BFZ Standard Series", "parentCode": "BFZ", "releaseDate": "2015-10-02", "tokens": [], "totalSetSize": 5, "translations": {}, "type": "promo"}}