{"meta": {"date": "2022-09-29", "version": "5.2.0+20220929"}, "data": {"baseSetSize": 1, "block": "Tempest", "cards": [{"artist": "Terese Nielsen", "availability": ["paper"], "borderColor": "black", "colorIdentity": ["B"], "colors": ["B"], "convertedManaCost": 5.0, "edhrecRank": 10760, "finishes": ["nonfoil"], "flavorText": "\"Not again.\"\n—Hans", "foreignData": [], "frameVersion": "1997", "hasFoil": false, "hasNonFoil": true, "identifiers": {"cardKingdomId": "117205", "cardsphereId": "37420", "mcmId": "17697", "mtgjsonV4Id": "5fe54c0c-88aa-54ce-97eb-a3498752b4f3", "multiverseId": "97053", "scryfallId": "74d11d10-90c7-4deb-bf7c-2208a0fcc19f", "scryfallIllustrationId": "021d971a-82f1-475b-86ca-0f777d241b94", "scryfallOracleId": "05fc62d3-9b3c-409a-a623-9f81f395a5a0", "tcgplayerProductId": "21700"}, "isPromo": true, "isReprint": true, "isStarter": true, "keywords": ["Flying"], "language": "English", "layout": "normal", "legalities": {"commander": "Legal", "duel": "Legal", "legacy": "Legal", "modern": "Legal", "paupercommander": "Restricted", "penny": "Legal", "pioneer": "Legal", "premodern": "Legal", "vintage": "Legal"}, "manaCost": "{4}{B}", "manaValue": 5.0, "name": "Revenant", "number": "68", "originalReleaseDate": "1998-02-01", "originalText": "Flying\nRevenant has power and toughness each equal to the number of creature cards in your graveyard.", "originalType": "Summon - Spirit", "power": "*", "printings": ["7ED", "CMR", "MB1", "ORI", "PRM", "PSTH", "STH", "TPR"], "promoTypes": ["datestamped", "prerelease"], "purchaseUrls": {"cardKingdom": "https://mtgjson.com/links/8107767a28da5418", "tcgplayer": "https://mtgjson.com/links/c670015610821c5f"}, "rarity": "rare", "rulings": [{"date": "2020-11-10", "text": "The ability that defines Revenant’s power and toughness applies in all zones, not just the battlefield."}, {"date": "2020-11-10", "text": "As long as Revenant is in your graveyard, its ability will count itself."}, {"date": "2020-11-10", "text": "If Revenant is dealt lethal damage at the same time as another creature you control, both die at the same time. The other creature won’t die in time to raise Revenant’s toughness."}], "setCode": "PSTH", "subtypes": ["Spirit"], "supertypes": [], "text": "Flying\nRevenant's power and toughness are each equal to the number of creature cards in your graveyard.", "toughness": "*", "type": "Creature — Spirit", "types": ["Creature"], "uuid": "2daa1f43-4e47-5479-9fa8-d41c830e4819"}], "code": "PSTH", "isFoilOnly": false, "isNonFoilOnly": true, "isOnlineOnly": false, "keyruneCode": "STH", "name": "Stronghold Promos", "parentCode": "STH", "releaseDate": "1998-03-02", "tokens": [], "totalSetSize": 1, "translations": {}, "type": "promo"}}