{"meta": {"date": "2022-09-29", "version": "5.2.0+20220929"}, "data": {"baseSetSize": 383, "cards": [{"artist": "Stephan Martiniere", "availability": ["paper"], "borderColor": "black", "colorIdentity": ["U"], "colors": [], "convertedManaCost": 0.0, "edhrecRank": 3673, "finishes": ["foil"], "foreignData": [], "frameVersion": "2003", "hasFoil": true, "hasNonFoil": false, "identifiers": {"cardKingdomFoilId": "125575", "cardsphereId": "47010", "mcmId": "17563", "mtgjsonV4Id": "b434be95-755e-5bd3-b700-ccaaa1337854", "scryfallId": "2e18f380-320c-4f53-9270-debf3e00914a", "scryfallIllustrationId": "f9054346-3372-4552-9a0f-bd0aaed05cbe", "scryfallOracleId": "0c25f6b1-8fb3-4406-9605-0282d2dbbcec", "tcgplayerProductId": "37983"}, "isPromo": true, "isReprint": true, "isStarter": true, "language": "English", "layout": "normal", "legalities": {"commander": "Legal", "duel": "Legal", "legacy": "Legal", "modern": "Legal", "premodern": "Legal", "vintage": "Legal"}, "manaValue": 0.0, "name": "Faerie Conclave", "number": "1", "printings": ["10E", "C13", "CMA", "MB1", "PRM", "PSUM", "ULG"], "promoTypes": ["instore"], "purchaseUrls": {"cardKingdomFoil": "https://mtgjson.com/links/500f24ade8053b93", "tcgplayer": "https://mtgjson.com/links/c0a7c59f0c87a85d"}, "rarity": "rare", "rulings": [{"date": "2008-08-01", "text": "A noncreature permanent that turns into a creature can attack, and its {T} abilities can be activated, only if its controller has continuously controlled that permanent since the beginning of their most recent turn. It doesn’t matter how long the permanent has been a creature."}, {"date": "2009-10-01", "text": "Activating the ability that turns it into a creature while it’s already a creature will override any effects that set its power and/or toughness to a specific number. However, any effect that raises or lowers power and/or toughness (such as the effect created by Giant Growth, Glorious Anthem, or a +1/+1 counter) will continue to apply."}], "setCode": "PSUM", "subtypes": [], "supertypes": [], "text": "Faerie Conclave enters the battlefield tapped.\n{T}: Add {U}.\n{1}{U}: Faerie Conclave becomes a 2/1 blue Faerie creature with flying until end of turn. It's still a land.", "type": "Land", "types": ["Land"], "uuid": "82bb6349-48a1-5067-b150-7e681571dd0c", "watermark": "mtg"}, {"artist": "Rob Alexander", "availability": ["paper"], "borderColor": "black", "colorIdentity": ["G"], "colors": [], "convertedManaCost": 0.0, "edhrecRank": 4992, "finishes": ["foil"], "foreignData": [], "frameVersion": "2003", "hasFoil": true, "hasNonFoil": false, "identifiers": {"cardKingdomFoilId": "125574", "cardsphereId": "47048", "mcmId": "17564", "mtgjsonV4Id": "be576efe-170e-5b7e-9fb8-3271af2aa2d6", "scryfallId": "a9c6a303-1f59-4d41-b5b5-ae8739e2e0a8", "scryfallIllustrationId": "259f3315-4114-42e1-b2d2-5abe3a49918d", "scryfallOracleId": "b53f216d-1592-4eee-b204-502a805fbc8c", "tcgplayerProductId": "38043"}, "isPromo": true, "isReprint": true, "isStarter": true, "language": "English", "layout": "normal", "legalities": {"commander": "Legal", "duel": "Legal", "legacy": "Legal", "modern": "Legal", "premodern": "Legal", "vintage": "Legal"}, "manaValue": 0.0, "name": "Treetop Village", "number": "2", "printings": ["10E", "DDD", "DDG", "DDR", "DDU", "F04", "GVL", "PRM", "PSUM", "ULG", "WC99"], "promoTypes": ["instore"], "purchaseUrls": {"cardKingdomFoil": "https://mtgjson.com/links/e8b4194628f00e3a", "tcgplayer": "https://mtgjson.com/links/6a4a2720edcd34d0"}, "rarity": "rare", "rulings": [{"date": "2008-08-01", "text": "A noncreature permanent that turns into a creature can attack, and its {T} abilities can be activated, only if its controller has continuously controlled that permanent since the beginning of their most recent turn. It doesn’t matter how long the permanent has been a creature."}, {"date": "2009-10-01", "text": "Activating the ability that turns it into a creature while it’s already a creature will override any effects that set its power and/or toughness to a specific number. However, any effect that raises or lowers power and/or toughness (such as the effect created by Giant Growth, Glorious Anthem, or a +1/+1 counter) will continue to apply."}], "setCode": "PSUM", "subtypes": [], "supertypes": [], "text": "Treetop Village enters the battlefield tapped.\n{T}: Add {G}.\n{1}{G}: Treetop Village becomes a 3/3 green Ape creature with trample until end of turn. It's still a land. (It can deal excess combat damage to the player or planeswalker it's attacking.)", "type": "Land", "types": ["Land"], "uuid": "5572750f-aebd-5413-b9e8-b893af110b33", "watermark": "mtg"}], "code": "PSUM", "isFoilOnly": true, "isOnlineOnly": false, "keyruneCode": "10E", "name": "Summer of Magic", "releaseDate": "2007-07-21", "tokens": [], "totalSetSize": 2, "translations": {}, "type": "promo"}}