{"meta": {"date": "2022-09-29", "version": "5.2.0+20220929"}, "data": {"baseSetSize": 4, "block": "Khans of Tarkir", "cards": [{"artist": "Jesper Ejsing", "availability": ["paper"], "borderColor": "black", "colorIdentity": ["R"], "colors": ["R"], "convertedManaCost": 2.0, "edhrecRank": 1711, "finishes": ["nonfoil"], "flavorText": "Atarka goblins meet their demise as readily as their Temur counterparts did, but usually under big, winged shadows.", "foreignData": [], "frameVersion": "2015", "hasFoil": false, "hasNonFoil": true, "identifiers": {"cardKingdomId": "202395", "cardsphereId": "14090", "mcmId": "273114", "mtgjsonV4Id": "59bbf374-157b-54f7-a8ce-f7070144e52f", "scryfallId": "47202d15-cb80-496f-84fb-8e3998c3d27b", "scryfallIllustrationId": "1a5131f0-75b2-4b1d-a770-dd5d028c179c", "scryfallOracleId": "d0d2c45b-b6e3-4999-bdab-976e8f0d6617", "tcgplayerProductId": "96438"}, "isPromo": true, "isReprint": true, "isStarter": true, "language": "English", "layout": "normal", "legalities": {"commander": "Legal", "duel": "Legal", "explorer": "Legal", "gladiator": "Legal", "historic": "Legal", "historicbrawl": "Legal", "legacy": "Legal", "modern": "Legal", "pauper": "Legal", "paupercommander": "Legal", "penny": "Legal", "pioneer": "Legal", "vintage": "Legal"}, "manaCost": "{1}{R}", "manaValue": 2.0, "name": "Dragon Fodder", "number": "135", "printings": ["ALA", "ARC", "DDG", "DTK", "GNT", "JMP", "MB1", "MM3", "ORI", "PRM", "PS11", "PTKDF"], "promoTypes": ["instore"], "purchaseUrls": {"cardKingdom": "https://mtgjson.com/links/96fbbcd7eec1aa8d", "tcgplayer": "https://mtgjson.com/links/dd433aa797f45309"}, "rarity": "common", "rulings": [], "setCode": "PTKDF", "subtypes": [], "supertypes": [], "text": "Create two 1/1 red Goblin creature tokens.", "type": "Sorcery", "types": ["Sorcery"], "uuid": "c4f15107-28a0-53d7-8e6d-5c998b12e103"}, {"artist": "Carl Frank", "availability": ["paper"], "borderColor": "black", "colorIdentity": ["R"], "colors": ["R"], "convertedManaCost": 2.0, "edhrecRank": 1216, "finishes": ["nonfoil"], "flavorText": "Atarka serving-goblins coat themselves with grease imbued with noxious herbs, hoping to discourage their ravenous masters from adding them to the meal.", "foreignData": [], "frameVersion": "2015", "hasFoil": false, "hasNonFoil": true, "identifiers": {"cardKingdomId": "202394", "cardsphereId": "14091", "mcmId": "273113", "mtgjsonV4Id": "8340007b-b30a-5bd4-91b1-289dadba054e", "scryfallId": "ce134b85-2cbd-4dab-b233-040fd1f31765", "scryfallIllustrationId": "9c01c0b6-9faf-47b8-91d4-6b1656051b2e", "scryfallOracleId": "faf81ae0-0b35-45ef-a50d-6cecf0c0eeeb", "tcgplayerProductId": "96437"}, "isPromo": true, "isReprint": true, "isStarter": true, "language": "English", "layout": "normal", "legalities": {"commander": "Legal", "duel": "Legal", "explorer": "Legal", "gladiator": "Legal", "historic": "Legal", "historicbrawl": "Legal", "legacy": "Legal", "modern": "Legal", "pauper": "Legal", "paupercommander": "Legal", "penny": "Legal", "pioneer": "Legal", "vintage": "Legal"}, "manaCost": "{1}{R}", "manaValue": 2.0, "name": "Dragonlord's Servant", "number": "138", "power": "1", "printings": ["AFC", "C17", "DTK", "IMA", "JMP", "PRM", "PTKDF"], "promoTypes": ["instore"], "purchaseUrls": {"cardKingdom": "https://mtgjson.com/links/77b3b1e4fcd06d80", "tcgplayer": "https://mtgjson.com/links/451e72979e0bb26b"}, "rarity": "uncommon", "rulings": [{"date": "2015-02-25", "text": "Dragonlord's Servant can't reduce the colored mana requirement of a Dragon spell you cast."}, {"date": "2015-02-25", "text": "If there are any additional costs to cast a Dragon spell, apply those before applying Dragonlord's Servant and any other cost reductions."}, {"date": "2015-02-25", "text": "The ability can apply to alternative costs to cast a Dragon spell."}], "setCode": "PTKDF", "subtypes": ["Goblin", "Shaman"], "supertypes": [], "text": "Dragon spells you cast cost {1} less to cast.", "toughness": "3", "type": "Creature — Goblin Shaman", "types": ["Creature"], "uuid": "2ac9bae6-f59b-5cf0-8c79-26086e8fea09", "watermark": "atarka"}, {"artist": "Svetlin Velinov", "availability": ["paper"], "borderColor": "black", "colorIdentity": ["G"], "colors": ["G"], "convertedManaCost": 7.0, "edhrecRank": 5867, "finishes": ["nonfoil"], "foreignData": [], "frameVersion": "2015", "hasFoil": false, "hasNonFoil": true, "identifiers": {"cardKingdomId": "202393", "cardsphereId": "14093", "mcmId": "273112", "mtgjsonV4Id": "4aa708e6-b02e-588f-bb97-8dc0529a0790", "scryfallId": "865d90ee-c436-47b0-a77b-d77043b9fe36", "scryfallIllustrationId": "f138efcd-255e-481a-91aa-a1f9943ffd85", "scryfallOracleId": "e7dd3e2c-34a5-4097-b6d1-2ccd097fe57f", "tcgplayerProductId": "96436"}, "isPromo": true, "isReprint": true, "isStarter": true, "keywords": ["Fight", "Flying"], "language": "English", "layout": "normal", "legalities": {"commander": "Legal", "duel": "Legal", "legacy": "Legal", "modern": "Legal", "penny": "Legal", "pioneer": "Legal", "vintage": "Legal"}, "manaCost": "{5}{G}{G}", "manaValue": 7.0, "name": "Foe-Razer Regent", "number": "187", "power": "4", "printings": ["DTK", "PDTK", "PRM", "PTKDF"], "promoTypes": ["instore"], "purchaseUrls": {"cardKingdom": "https://mtgjson.com/links/d27c7e8067b87822", "tcgplayer": "https://mtgjson.com/links/4dcd7c5c0b3d5ebd"}, "rarity": "rare", "rulings": [{"date": "2015-02-25", "text": "You choose the target of the first triggered ability as it goes on the stack, but you choose whether or not to fight as that ability resolves."}, {"date": "2015-02-25", "text": "If the target creature you don’t control becomes an illegal target of the first triggered ability before it resolves, Foe-Razer Regent won’t fight and its last ability won’t trigger."}, {"date": "2015-02-25", "text": "If a creature you control fights during an end step, the delayed triggered ability that puts +1/+1 counters on that creature won’t trigger until the beginning of the following turn’s end step."}], "securityStamp": "oval", "setCode": "PTKDF", "subtypes": ["Dragon"], "supertypes": [], "text": "Flying\nWhen Foe-Razer Regent enters the battlefield, you may have it fight target creature you don't control.\nWhenever a creature you control fights, put two +1/+1 counters on it at the beginning of the next end step.", "toughness": "5", "type": "Creature — Dragon", "types": ["Creature"], "uuid": "cb0b89e1-3349-5572-b88f-5cd88c6a7266", "watermark": "atarka"}, {"artist": "Noah Bradley", "availability": ["paper"], "borderColor": "black", "colorIdentity": [], "colors": [], "convertedManaCost": 0.0, "edhrecRank": 14, "finishes": ["nonfoil"], "flavorText": "The land is ever resilient. Should it die, it will be reborn.", "foreignData": [], "frameVersion": "2015", "hasFoil": false, "hasNonFoil": true, "identifiers": {"cardKingdomId": "202396", "cardsphereId": "14092", "mcmId": "273115", "mtgjsonV4Id": "d6b96c56-8090-57fd-b07c-fd043683553e", "scryfallId": "13ff769b-455b-497a-afc4-d87e1ff7e33d", "scryfallIllustrationId": "ae294f1a-fad0-4671-962a-7cc8ff46b13a", "scryfallOracleId": "a75445d3-1303-4bb5-89ad-26ea93fecd48", "tcgplayerProductId": "96439"}, "isPromo": true, "isReprint": true, "isStarter": true, "language": "English", "layout": "normal", "legalities": {"alchemy": "Legal", "brawl": "Legal", "commander": "Legal", "duel": "Legal", "explorer": "Legal", "future": "Legal", "gladiator": "Legal", "historic": "Legal", "historicbrawl": "Legal", "legacy": "Legal", "modern": "Legal", "pauper": "Legal", "paupercommander": "Legal", "penny": "Legal", "pioneer": "Legal", "standard": "Legal", "vintage": "Legal"}, "manaValue": 0.0, "name": "Evolving Wilds", "number": "248", "printings": ["40K", "AFR", "AKH", "AKR", "ANB", "BFZ", "C13", "C14", "C15", "C16", "C17", "C18", "C19", "CLB", "CM2", "CMA", "CMD", "CMR", "CN2", "DBL", "DDH", "DDK", "DDN", "DDO", "DDP", "DKA", "DMC", "DTK", "F12", "IKO", "IMA", "M13", "M15", "M20", "MB1", "MID", "MM2", "ORI", "PANA", "PRIX", "PRM", "PTKDF", "RIX", "ROE", "SLD", "VOW", "ZNC"], "promoTypes": ["instore"], "purchaseUrls": {"cardKingdom": "https://mtgjson.com/links/4ec7a37415e6caab", "tcgplayer": "https://mtgjson.com/links/ba273a62a72de854"}, "rarity": "common", "rulings": [], "setCode": "PTKDF", "subtypes": [], "supertypes": [], "text": "{T}, Sacrifice Evolving Wilds: Search your library for a basic land card, put it onto the battlefield tapped, then shuffle.", "type": "Land", "types": ["Land"], "uuid": "9941b662-3ec5-5156-ad35-d1d25e6ccf1e"}], "cardsphereSetId": 805, "code": "PTKDF", "isFoilOnly": false, "isNonFoilOnly": true, "isOnlineOnly": false, "keyruneCode": "DTK", "name": "Tarkir Dragonfury", "parentCode": "DTK", "releaseDate": "2015-04-03", "tcgplayerGroupId": 1520, "tokens": [], "totalSetSize": 4, "translations": {}, "type": "promo"}}