{"meta": {"date": "2022-09-29", "version": "5.2.0+20220929"}, "data": {"baseSetSize": 1, "block": "Tempest", "cards": [{"artist": "Dan Frazier", "availability": ["paper"], "borderColor": "black", "colorIdentity": ["G"], "colors": ["G"], "convertedManaCost": 5.0, "edhrecRank": 11345, "finishes": ["nonfoil"], "flavorText": "Few of Rath's rivers follow a steady course, so many new channels are carved for them.", "foreignData": [], "frameVersion": "1997", "hasFoil": false, "hasNonFoil": true, "identifiers": {"cardKingdomId": "117216", "cardsphereId": "37136", "mcmId": "17696", "mtgjsonV4Id": "635508d7-c193-58d5-8066-4e3bec3bc8ec", "multiverseId": "97043", "scryfallId": "59f9b7f9-1f6c-416f-ba73-62924bca1856", "scryfallIllustrationId": "c4cc8456-361f-4009-82d1-c5aaa85ba054", "scryfallOracleId": "608293f1-34aa-4e55-8389-73f975858de6", "tcgplayerProductId": "21694"}, "isPromo": true, "isReprint": true, "isStarter": true, "language": "English", "layout": "normal", "legalities": {"commander": "Legal", "duel": "Legal", "legacy": "Legal", "penny": "Legal", "premodern": "Legal", "vintage": "Legal"}, "manaCost": "{4}{G}", "manaValue": 5.0, "name": "Dirtcowl Wurm", "number": "221", "originalReleaseDate": "1997-10-01", "originalText": "Whenever any opponent plays a land, put a +1/+1 counter on Dirtcowl Wurm.", "originalType": "Summon - Wurm", "power": "3", "printings": ["BRB", "PRM", "PTMP", "TMP"], "promoTypes": ["datestamped", "prerelease"], "purchaseUrls": {"cardKingdom": "https://mtgjson.com/links/8e8b15e08680b562", "tcgplayer": "https://mtgjson.com/links/ffc89b69196b52d5"}, "rarity": "rare", "rulings": [{"date": "2004-10-04", "text": "A spell or ability that tells a player to “put a land onto the battlefield” does not count as playing a land."}], "setCode": "PTMP", "subtypes": ["Wurm"], "supertypes": [], "text": "Whenever an opponent plays a land, put a +1/+1 counter on Dirtcowl Wurm.", "toughness": "4", "type": "Creature — Wurm", "types": ["Creature"], "uuid": "47e5adcd-e3d8-51e5-b864-1412ee62600a"}], "code": "PTMP", "isFoilOnly": false, "isNonFoilOnly": true, "isOnlineOnly": false, "keyruneCode": "TMP", "name": "Tempest Promos", "parentCode": "TMP", "releaseDate": "1997-10-14", "tokens": [], "totalSetSize": 1, "translations": {}, "type": "promo"}}