{"meta": {"date": "2022-09-29", "version": "5.2.0+20220929"}, "data": {"baseSetSize": 1, "block": "Odyssey", "cards": [{"artist": "Greg Staples", "availability": ["paper"], "borderColor": "black", "colorIdentity": ["B"], "colors": ["B"], "convertedManaCost": 6.0, "edhrecRank": 16326, "finishes": ["foil"], "flavorText": "Темный дар Чейнера еще более темной душе.", "foreignData": [{"flavorText": "Темный дар Чейнера еще более темной душе.", "language": "Russian", "multiverseId": 97063, "name": "Воин Лакватуса", "text": "Когда Воин Лакватуса входит в игру, целевой игрок теряет 6 жизней.\nКогда Воин Лакватуса покидает игру, целевой игрок получает 6 жизней.\n{B}: Восстановить Воина Лакватуса.", "type": "Существо — Кошмарный ужас"}], "frameVersion": "1997", "hasFoil": true, "hasNonFoil": false, "identifiers": {"cardKingdomFoilId": "117213", "cardsphereId": "37302", "mcmId": "17711", "mtgjsonV4Id": "1032460b-c30f-5ac7-a52d-407a3563cb1f", "multiverseId": "97063", "scryfallId": "d36d81d0-438e-4106-b45b-df9fba0e0591", "scryfallIllustrationId": "fba1cb37-96ee-40c7-9c1c-b0424e297556", "scryfallOracleId": "693ddb18-00d2-4784-90a0-701a64195034", "tcgplayerProductId": "38387"}, "isPromo": true, "isReprint": true, "isStarter": true, "language": "Russian", "layout": "normal", "legalities": {"commander": "Legal", "duel": "Legal", "legacy": "Legal", "penny": "Legal", "premodern": "Legal", "vintage": "Legal"}, "manaCost": "{4}{B}{B}", "manaValue": 6.0, "name": "Laquatus's Champion", "number": "67", "originalReleaseDate": "2002-01-26", "originalText": "When Laquatus's Champion comes into play, target player loses 6 life.\nWhen Laquatus's Champion leaves play, that player gains 6 life.\noo\nB Regenerate Laquatus's Champion.", "originalType": "Creature - Nightmare Horror", "power": "6", "printings": ["A25", "PRM", "PTOR", "TOR", "VMA"], "promoTypes": ["datestamped", "prerelease"], "purchaseUrls": {"cardKingdomFoil": "https://mtgjson.com/links/0809dfd46de47863", "tcgplayer": "https://mtgjson.com/links/3970825e020094a2"}, "rarity": "rare", "rulings": [{"date": "2018-03-16", "text": "As Laquatus’s Champion’s second ability resolves, the player who gains 6 life is the player who was the target of the first ability (or, if that ability is still on the stack, the player who is its target)."}], "setCode": "PTOR", "subtypes": ["Nightmare", "Horror"], "supertypes": [], "text": "When Laquatus's Champion enters the battlefield, target player loses 6 life.\nWhen Laquatus's Champion leaves the battlefield, that player gains 6 life.\n{B}: Regenerate Laquatus's Champion.", "toughness": "3", "type": "Creature — Nightmare Horror", "types": ["Creature"], "uuid": "5351f6ca-4c00-57c4-ba43-272f6eb622df", "variations": ["7c3cac05-a2a1-5e74-8a5f-dc73a3f3b013", "89d7f595-d549-526a-ba83-6f976f6c542c"]}, {"artist": "Greg Staples", "availability": ["paper"], "borderColor": "black", "colorIdentity": ["B"], "colors": ["B"], "convertedManaCost": 6.0, "edhrecRank": 16326, "finishes": ["foil"], "flavorText": "Темный дар Чейнера еще более темной душе.", "foreignData": [], "frameVersion": "1997", "hasFoil": true, "hasNonFoil": false, "identifiers": {"mcmId": "370911", "mtgjsonV4Id": "0f716a95-e364-580b-aad7-612c0dac8943", "scryfallId": "e20b1920-9134-40bc-832f-8010968b1329", "scryfallIllustrationId": "fba1cb37-96ee-40c7-9c1c-b0424e297556", "scryfallOracleId": "693ddb18-00d2-4784-90a0-701a64195034"}, "isPromo": true, "isReprint": true, "isStarter": true, "language": "Russian", "layout": "normal", "legalities": {"commander": "Legal", "duel": "Legal", "legacy": "Legal", "penny": "Legal", "premodern": "Legal", "vintage": "Legal"}, "manaCost": "{4}{B}{B}", "manaValue": 6.0, "name": "Laquatus's Champion", "number": "67†", "originalReleaseDate": "2002-01-26", "power": "6", "printings": ["A25", "PRM", "PTOR", "TOR", "VMA"], "promoTypes": ["prerelease"], "purchaseUrls": {}, "rarity": "rare", "rulings": [{"date": "2018-03-16", "text": "As Laquatus’s Champion’s second ability resolves, the player who gains 6 life is the player who was the target of the first ability (or, if that ability is still on the stack, the player who is its target)."}], "setCode": "PTOR", "subtypes": ["Nightmare", "Horror"], "supertypes": [], "text": "When Laquatus's Champion enters the battlefield, target player loses 6 life.\nWhen Laquatus's Champion leaves the battlefield, that player gains 6 life.\n{B}: Regenerate Laquatus's Champion.", "toughness": "3", "type": "Creature — Nightmare Horror", "types": ["Creature"], "uuid": "7c3cac05-a2a1-5e74-8a5f-dc73a3f3b013", "variations": ["5351f6ca-4c00-57c4-ba43-272f6eb622df", "89d7f595-d549-526a-ba83-6f976f6c542c"]}, {"artist": "Greg Staples", "availability": ["paper"], "borderColor": "black", "colorIdentity": ["B"], "colors": ["B"], "convertedManaCost": 6.0, "edhrecRank": 16326, "finishes": ["nonfoil", "foil"], "flavorText": "Темный дар Чейнера еще более темной душе.", "foreignData": [], "frameVersion": "1997", "hasFoil": true, "hasNonFoil": true, "identifiers": {"mcmId": "254927", "mtgjsonV4Id": "5cf78ebe-2d4f-512f-b50d-4dd9e2fd907b", "scryfallId": "7f995525-7e82-45fc-8e55-76607487151a", "scryfallIllustrationId": "fba1cb37-96ee-40c7-9c1c-b0424e297556", "scryfallOracleId": "693ddb18-00d2-4784-90a0-701a64195034"}, "isPromo": true, "isReprint": true, "isStarter": true, "language": "Russian", "layout": "normal", "legalities": {"commander": "Legal", "duel": "Legal", "legacy": "Legal", "penny": "Legal", "premodern": "Legal", "vintage": "Legal"}, "manaCost": "{4}{B}{B}", "manaValue": 6.0, "name": "Laquatus's Champion", "number": "67†a", "originalReleaseDate": "2002-01-26", "power": "6", "printings": ["A25", "PRM", "PTOR", "TOR", "VMA"], "promoTypes": ["prerelease"], "purchaseUrls": {}, "rarity": "rare", "rulings": [{"date": "2018-03-16", "text": "As Laquatus’s Champion’s second ability resolves, the player who gains 6 life is the player who was the target of the first ability (or, if that ability is still on the stack, the player who is its target)."}], "setCode": "PTOR", "subtypes": ["Nightmare", "Horror"], "supertypes": [], "text": "When Laquatus's Champion enters the battlefield, target player loses 6 life.\nWhen Laquatus's Champion leaves the battlefield, that player gains 6 life.\n{B}: Regenerate Laquatus's Champion.", "toughness": "3", "type": "Creature — Nightmare Horror", "types": ["Creature"], "uuid": "89d7f595-d549-526a-ba83-6f976f6c542c", "variations": ["5351f6ca-4c00-57c4-ba43-272f6eb622df", "7c3cac05-a2a1-5e74-8a5f-dc73a3f3b013"]}], "code": "PTOR", "isFoilOnly": false, "isOnlineOnly": false, "keyruneCode": "TOR", "name": "Torment Promos", "parentCode": "TOR", "releaseDate": "2002-02-04", "tokens": [], "totalSetSize": 3, "translations": {}, "type": "promo"}}