{"meta": {"date": "2022-09-29", "version": "5.2.0+20220929"}, "data": {"baseSetSize": 1, "block": "Urza", "cards": [{"artist": "Ron Spears", "availability": ["paper"], "borderColor": "black", "colorIdentity": [], "colors": [], "convertedManaCost": 6.0, "edhrecRank": 12009, "finishes": ["foil"], "flavorText": "\"If it is meant to be nothing but a machine,\" Karn finally asked Jhoira, \"why did Urza build it to be like me?\"", "foreignData": [], "frameVersion": "1997", "hasFoil": true, "hasNonFoil": false, "identifiers": {"cardKingdomFoilId": "122329", "cardsphereId": "37051", "mcmId": "17700", "mtgjsonV4Id": "10296341-a6ad-5580-b2a9-7586ce7a5bf9", "multiverseId": "97058", "scryfallId": "42db4cd3-6351-498e-944a-4b93e32e1494", "scryfallIllustrationId": "e3d6044e-b020-4dcf-ad43-c4249221ad29", "scryfallOracleId": "67389ccc-dacc-4ce3-a9a2-f551a0d6e9d3", "tcgplayerProductId": "21692"}, "isPromo": true, "isReprint": true, "isStarter": true, "language": "English", "layout": "normal", "legalities": {"commander": "Legal", "duel": "Legal", "legacy": "Legal", "modern": "Legal", "penny": "Legal", "premodern": "Legal", "vintage": "Legal"}, "manaCost": "{6}", "manaValue": 6.0, "name": "Beast of Burden", "number": "122", "originalReleaseDate": "1999-02-06", "originalText": "Beast of Burden has power and toughness each equal to the total number of creatures in play.", "originalType": "Artifact Creature", "power": "*", "printings": ["7ED", "8ED", "9ED", "PRM", "PSAL", "PULG", "ULG"], "promoTypes": ["datestamped", "prerelease"], "purchaseUrls": {"cardKingdomFoil": "https://mtgjson.com/links/4b7d931ee7c07980", "tcgplayer": "https://mtgjson.com/links/a4e5a6bc90961303"}, "rarity": "rare", "rulings": [], "setCode": "PULG", "subtypes": ["Golem"], "supertypes": [], "text": "Beast of Burden's power and toughness are each equal to the number of creatures on the battlefield.", "toughness": "*", "type": "Artifact Creature — Golem", "types": ["Artifact", "Creature"], "uuid": "abbc453a-db93-528e-91f2-3e24d6dc1d15", "variations": ["28177519-82fa-5b71-aaf1-7ecbe4dd772e"]}, {"artist": "Ron Spears", "availability": ["paper"], "borderColor": "black", "colorIdentity": [], "colors": [], "convertedManaCost": 6.0, "edhrecRank": 12009, "finishes": ["foil"], "flavorText": "\"If it is meant to be nothing but a machine,\" Karn finally asked Jhoira, \"why did Urza build it to be like me?\"", "foreignData": [], "frameVersion": "1997", "hasFoil": true, "hasNonFoil": false, "identifiers": {"mcmId": "263743", "mtgjsonV4Id": "5624953c-ee9c-5fa8-a960-164e0fff3455", "scryfallId": "78caa5db-cfd2-4b59-bcea-ef1e2b899506", "scryfallIllustrationId": "e3d6044e-b020-4dcf-ad43-c4249221ad29", "scryfallOracleId": "67389ccc-dacc-4ce3-a9a2-f551a0d6e9d3", "tcgplayerProductId": "250072"}, "isPromo": true, "isReprint": true, "isStarter": true, "language": "English", "layout": "normal", "legalities": {"commander": "Legal", "duel": "Legal", "legacy": "Legal", "modern": "Legal", "penny": "Legal", "premodern": "Legal", "vintage": "Legal"}, "manaCost": "{6}", "manaValue": 6.0, "name": "Beast of Burden", "number": "122†", "originalReleaseDate": "1999-02-06", "power": "*", "printings": ["7ED", "8ED", "9ED", "PRM", "PSAL", "PULG", "ULG"], "promoTypes": ["prerelease"], "purchaseUrls": {"tcgplayer": "https://mtgjson.com/links/0a7205b47f9e9b09"}, "rarity": "rare", "rulings": [], "setCode": "PULG", "subtypes": ["Golem"], "supertypes": [], "text": "Beast of Burden's power and toughness are each equal to the number of creatures on the battlefield.", "toughness": "*", "type": "Artifact Creature — Golem", "types": ["Artifact", "Creature"], "uuid": "28177519-82fa-5b71-aaf1-7ecbe4dd772e", "variations": ["abbc453a-db93-528e-91f2-3e24d6dc1d15"]}], "code": "PULG", "isFoilOnly": true, "isOnlineOnly": false, "keyruneCode": "ULG", "name": "Urza's Legacy Promos", "parentCode": "ULG", "releaseDate": "1999-02-15", "tokens": [], "totalSetSize": 2, "translations": {}, "type": "promo"}}