{"meta": {"date": "2022-09-29", "version": "5.2.0+20220929"}, "data": {"baseSetSize": 1, "cards": [{"artist": "Matt Cavotta", "availability": ["paper"], "borderColor": "silver", "colorIdentity": ["G"], "colors": ["G"], "convertedManaCost": 6.0, "finishes": ["foil"], "foreignData": [], "frameVersion": "2015", "hasFoil": true, "hasNonFoil": false, "identifiers": {"cardKingdomFoilId": "216563", "cardsphereId": "53561", "mcmId": "313538", "mtgjsonV4Id": "4cd5e8ad-8b1a-55db-9ab9-3d625cec7c1d", "scryfallId": "c7188d0f-0329-4ecc-ab2e-dea7c5f39852", "scryfallIllustrationId": "0d67656e-60f2-4663-b54d-98f686e129ef", "scryfallOracleId": "edc4d1fb-f482-4f2b-985e-1e4d5941e574", "tcgplayerProductId": "154762"}, "isPromo": true, "isReprint": true, "isStarter": true, "language": "English", "layout": "normal", "legalities": {}, "manaCost": "{4}{G}{G}", "manaValue": 6.0, "name": "Earl of Squirrel", "number": "108", "power": "4", "printings": ["PUST", "UPLIST", "UST"], "promoTypes": ["draftweekend"], "purchaseUrls": {"cardKingdomFoil": "https://mtgjson.com/links/c0bc8b86495fc6df", "tcgplayer": "https://mtgjson.com/links/6d29e2b5e9fa85a2"}, "rarity": "rare", "rulings": [{"date": "2018-01-19", "text": "If Earl of Squirrel deals damage, you’ll create 1/1 green Squirrel creature tokens at the same time the damage is dealt."}, {"date": "2018-01-19", "text": "If you control two Earls of Squirrel (Earl of Squirrels? Earl ofs Squirrel?), each will get +1/+1 from the other. Other Squirrels you control will get +2/+2."}], "securityStamp": "oval", "setCode": "PUST", "subtypes": ["Squirrel", "Noble", "Advisor"], "supertypes": [], "text": "Squirrellink (Damage dealt by this creature also causes you to create that many 1/1 green Squirrel creature tokens.)\nCreature tokens you control are Squirrels in addition to their other creature types.\nOther Squirrels you control get +1/+1.", "toughness": "4", "type": "Creature — Squirrel Noble Advisor", "types": ["Creature"], "uuid": "180727de-6673-5851-accd-bf73832db14a"}], "code": "PUST", "isFoilOnly": true, "isOnlineOnly": false, "keyruneCode": "UST", "name": "Unstable Promos", "parentCode": "UST", "releaseDate": "2017-12-08", "tokens": [], "totalSetSize": 1, "translations": {}, "type": "promo"}}