{"meta": {"date": "2022-09-29", "version": "5.2.0+20220929"}, "data": {"baseSetSize": 14, "cards": [{"artist": "Erica Yang", "availability": ["paper"], "borderColor": "black", "colorIdentity": ["W"], "colors": ["W"], "convertedManaCost": 3.0, "edhrecRank": 13260, "finishes": ["foil"], "flavorText": "The need to obey was inscribed on every plate in their bodies.", "foreignData": [], "frameVersion": "2003", "hasFoil": true, "hasNonFoil": false, "identifiers": {"cardKingdomFoilId": "185506", "cardsphereId": "47025", "mcmId": "245511", "mtgjsonV4Id": "50902ddb-9b80-5c4e-913e-c69834f3e428", "scryfallId": "8a4c6e74-bb8d-406d-9fb0-ac879108db81", "scryfallIllustrationId": "3a67daf7-126f-4111-b6fa-53825d4b13ee", "scryfallOracleId": "d6c9c1f0-050f-40e2-ab6c-6566d0af418c", "tcgplayerProductId": "57641"}, "isPromo": true, "isReprint": true, "isStarter": true, "language": "English", "layout": "normal", "legalities": {"commander": "Legal", "duel": "Legal", "legacy": "Legal", "modern": "Legal", "pauper": "Legal", "paupercommander": "Legal", "penny": "Legal", "vintage": "Legal"}, "manaCost": "{2}{W}", "manaValue": 3.0, "name": "Master's Call", "number": "64", "printings": ["MBS", "PRM", "PW11"], "promoTypes": ["wizardsplaynetwork"], "purchaseUrls": {"cardKingdomFoil": "https://mtgjson.com/links/874053a99d2dd604", "tcgplayer": "https://mtgjson.com/links/18fd395a92bc367f"}, "rarity": "rare", "rulings": [], "setCode": "PW11", "subtypes": [], "supertypes": [], "text": "Create two 1/1 colorless Myr artifact creature tokens.", "type": "Instant", "types": ["Instant"], "uuid": "3a46e7cc-a444-56f2-b87a-b24b2cfd49be", "watermark": "mirran"}, {"artist": "Ryan Pancoast", "availability": ["paper"], "borderColor": "black", "colorIdentity": [], "colors": [], "convertedManaCost": 2.0, "edhrecRank": 1789, "finishes": ["foil"], "flavorText": "They watch for a new master, one more sinister than the last.", "foreignData": [], "frameVersion": "2003", "hasFoil": true, "hasNonFoil": false, "identifiers": {"cardKingdomFoilId": "185489", "cardsphereId": "47034", "mcmId": "245510", "mtgjsonV4Id": "0d31bc14-1f3b-542f-a21c-d574eb2d612a", "scryfallId": "e068a398-74f3-4e41-b077-aa1963a5986b", "scryfallIllustrationId": "92d329ba-5358-4702-b5da-7b6c01375da1", "scryfallOracleId": "2f328e05-5edf-4b21-9c2a-50dcf1e7b3ec", "tcgplayerProductId": "57642"}, "isPromo": true, "isReprint": true, "isStarter": true, "keywords": ["Infect"], "language": "English", "layout": "normal", "legalities": {"commander": "Legal", "duel": "Legal", "legacy": "Legal", "modern": "Legal", "paupercommander": "Restricted", "vintage": "Legal"}, "manaCost": "{2}", "manaValue": 2.0, "name": "Plague Myr", "number": "65", "power": "1", "printings": ["MBS", "PRM", "PW11", "TD2"], "promoTypes": ["wizardsplaynetwork"], "purchaseUrls": {"cardKingdomFoil": "https://mtgjson.com/links/2fb52b5293103f98", "tcgplayer": "https://mtgjson.com/links/62aa382ef4f7b004"}, "rarity": "rare", "rulings": [], "setCode": "PW11", "subtypes": ["Phyrexian", "Myr"], "supertypes": [], "text": "Infect (This creature deals damage to creatures in the form of -1/-1 counters and to players in the form of poison counters.)\n{T}: Add {C}.", "toughness": "1", "type": "Artifact Creature — Phyrexian Myr", "types": ["Artifact", "Creature"], "uuid": "73feea7b-2af9-5114-84f5-3f9609fe84d9", "watermark": "phyrexian"}, {"artist": "Chippy", "availability": ["paper"], "borderColor": "black", "colorIdentity": [], "colors": [], "convertedManaCost": 1.0, "edhrecRank": 4723, "finishes": ["foil"], "flavorText": "It leaps from tree to tree, revealing the enemy's positions.", "foreignData": [], "frameVersion": "2003", "hasFoil": true, "hasNonFoil": false, "identifiers": {"cardKingdomFoilId": "185500", "cardsphereId": "47040", "mcmId": "245512", "mtgjsonV4Id": "71e8c4d4-bfbd-5bb0-b753-0b1eabc9f3d8", "scryfallId": "5312358c-128f-4bcb-b121-1f7441ae7bc7", "scryfallIllustrationId": "112d7017-aa12-44b5-bfbf-605e5a7202c2", "scryfallOracleId": "724f3d2f-0513-4efd-961f-56a7ea7b5731", "tcgplayerProductId": "57639"}, "isPromo": true, "isReprint": true, "isStarter": true, "keywords": ["Battle Cry"], "language": "English", "layout": "normal", "legalities": {"commander": "Legal", "duel": "Legal", "legacy": "Legal", "modern": "Legal", "paupercommander": "Restricted", "vintage": "Legal"}, "manaCost": "{1}", "manaValue": 1.0, "name": "Signal Pest", "number": "66", "power": "0", "printings": ["MBS", "PRM", "PW11"], "promoTypes": ["wizardsplaynetwork"], "purchaseUrls": {"cardKingdomFoil": "https://mtgjson.com/links/f6522a69ef5c9001", "tcgplayer": "https://mtgjson.com/links/251dfcba16dd2998"}, "rarity": "rare", "rulings": [], "setCode": "PW11", "subtypes": ["Pest"], "supertypes": [], "text": "Battle cry (Whenever this creature attacks, each other attacking creature gets +1/+0 until end of turn.)\nSignal Pest can't be blocked except by creatures with flying or reach.", "toughness": "1", "type": "Artifact Creature — Pest", "types": ["Artifact", "Creature"], "uuid": "e17dc9ec-0a35-5830-b86f-c4328e5e106f", "watermark": "mirran"}, {"artist": "Daren Bader", "availability": ["paper"], "borderColor": "black", "colorIdentity": ["R"], "colors": ["R"], "convertedManaCost": 2.0, "edhrecRank": 1770, "finishes": ["foil"], "flavorText": "Sometimes the cannoneer must become the cannonball.", "foreignData": [], "frameVersion": "2003", "hasFoil": true, "hasNonFoil": false, "identifiers": {"cardKingdomFoilId": "211697", "cardsphereId": "47013", "mcmId": "263008", "mtgjsonV4Id": "ed172fe9-cfc9-5429-abe8-616cccd74949", "scryfallId": "ca9d200b-1384-4eb9-8efb-94dc5fa106ed", "scryfallIllustrationId": "bf086b83-238b-4650-ba0f-ebc3896b3ee7", "scryfallOracleId": "24227761-b50e-4b9e-93a2-e82d053b3e3d", "tcgplayerProductId": "117559"}, "isPromo": true, "isReprint": true, "isStarter": true, "language": "English", "layout": "normal", "legalities": {"commander": "Legal", "duel": "Legal", "explorer": "Legal", "gladiator": "Legal", "historic": "Legal", "historicbrawl": "Legal", "legacy": "Legal", "modern": "Legal", "pauper": "Legal", "paupercommander": "Legal", "penny": "Legal", "pioneer": "Legal", "premodern": "Legal", "vintage": "Legal"}, "manaCost": "{1}{R}", "manaValue": 2.0, "name": "Fling", "number": "69", "printings": ["AKH", "DKA", "ELD", "JMP", "M11", "M12", "MB1", "PAL01", "PC2", "PCA", "PRM", "PW10", "PW11", "STH"], "promoTypes": ["wizardsplaynetwork"], "purchaseUrls": {"cardKingdomFoil": "https://mtgjson.com/links/19e9e80ef87e9d1c", "tcgplayer": "https://mtgjson.com/links/6021d9f80773ef05"}, "rarity": "rare", "rulings": [{"date": "2019-10-04", "text": "The sacrificed creature's last known existence on the battlefield is checked to determine its power."}, {"date": "2019-10-04", "text": "You must sacrifice exactly one creature to cast this spell; you can't cast it without sacrificing a creature, and you can't sacrifice additional creatures."}, {"date": "2019-10-04", "text": "Players can only respond once this spell has been cast and all its costs have been paid. No one can try to interfere with the creature you sacrificed to prevent you from casting this spell."}], "setCode": "PW11", "subtypes": [], "supertypes": [], "text": "As an additional cost to cast this spell, sacrifice a creature.\nFling deals damage equal to the sacrificed creature's power to any target.", "type": "Instant", "types": ["Instant"], "uuid": "8a070694-d785-51b1-a9b9-7f55e9b67659", "watermark": "wotc"}, {"artist": "Ciruelo", "availability": ["paper"], "borderColor": "black", "colorIdentity": ["G"], "colors": ["G"], "convertedManaCost": 2.0, "edhrecRank": 5302, "finishes": ["foil"], "flavorText": "\"Not all paths are found on the forest floor.\"", "foreignData": [], "frameVersion": "2003", "hasFoil": true, "hasNonFoil": false, "identifiers": {"cardKingdomFoilId": "218346", "cardsphereId": "47045", "mcmId": "263007", "mtgjsonV4Id": "4891f267-3b6c-593a-b9f4-28995510cfe3", "scryfallId": "0ddeb538-f706-44a8-8f36-0c73a8870f35", "scryfallIllustrationId": "a59e46c4-0b6f-4d63-898a-89a7951cbbf6", "scryfallOracleId": "29a90fda-541e-4923-b3ed-e2b35d02c74b", "tcgplayerProductId": "123635"}, "isPromo": true, "isReprint": true, "isStarter": true, "language": "English", "layout": "normal", "legalities": {"commander": "Legal", "duel": "Legal", "gladiator": "Legal", "historic": "Legal", "historicbrawl": "Legal", "legacy": "Legal", "modern": "Legal", "pauper": "Legal", "paupercommander": "Legal", "penny": "Legal", "vintage": "Legal"}, "manaCost": "{1}{G}", "manaValue": 2.0, "name": "Sylvan Ranger", "number": "70", "power": "1", "printings": ["C14", "CMA", "DDH", "JMP", "M11", "MM3", "PRM", "PW10", "PW11"], "promoTypes": ["wizardsplaynetwork"], "purchaseUrls": {"cardKingdomFoil": "https://mtgjson.com/links/592e66eea446c75d", "tcgplayer": "https://mtgjson.com/links/b97f6ed4549d35fa"}, "rarity": "rare", "rulings": [], "setCode": "PW11", "subtypes": ["Elf", "Scout", "Ranger"], "supertypes": [], "text": "When Sylvan Ranger enters the battlefield, you may search your library for a basic land card, reveal it, put it into your hand, then shuffle.", "toughness": "1", "type": "Creature — Elf Scout Ranger", "types": ["Creature"], "uuid": "e1874730-46a8-57be-9e5a-012b76056679", "watermark": "wotc"}, {"artist": "Lars Grant-West", "availability": ["paper"], "borderColor": "black", "colorIdentity": ["B"], "colors": ["B"], "convertedManaCost": 2.0, "edhrecRank": 8957, "finishes": ["foil"], "flavorText": "From the remnants of the dead, Geth forged a swarm to safeguard his throne.", "foreignData": [], "frameVersion": "2003", "hasFoil": true, "hasNonFoil": false, "identifiers": {"cardKingdomFoilId": "185491", "cardsphereId": "47050", "mcmId": "248163", "mtgjsonV4Id": "2b69d6c0-dd59-5fde-a408-62f41f6cad5a", "scryfallId": "19dbd2db-ab33-4171-ae51-aa66c79b97b2", "scryfallIllustrationId": "53325483-909d-49cc-a333-b18c775e06b1", "scryfallOracleId": "64cf5d59-7bcd-4b0b-a160-c8468d4c0f60", "tcgplayerProductId": "57654"}, "isPromo": true, "isReprint": true, "isStarter": true, "keywords": ["Flying", "Lifelink"], "language": "English", "layout": "normal", "legalities": {"commander": "Legal", "duel": "Legal", "gladiator": "Legal", "historic": "Legal", "historicbrawl": "Legal", "legacy": "Legal", "modern": "Legal", "pauper": "Legal", "paupercommander": "Legal", "penny": "Legal", "vintage": "Legal"}, "manaCost": "{1}{B/P}", "manaValue": 2.0, "name": "Vault Skirge", "number": "71", "power": "1", "printings": ["HA5", "NPH", "PRM", "PW11"], "promoTypes": ["wizardsplaynetwork"], "purchaseUrls": {"cardKingdomFoil": "https://mtgjson.com/links/7cab89b9cba0f08c", "tcgplayer": "https://mtgjson.com/links/7ad9c5776e495a5c"}, "rarity": "rare", "rulings": [{"date": "2011-06-01", "text": "A card with Phyrexian mana symbols in its mana cost is each color that appears in that mana cost, regardless of how that cost may have been paid."}, {"date": "2011-06-01", "text": "To calculate the converted mana cost of a card with Phyrexian mana symbols in its cost, count each Phyrexian mana symbol as 1."}, {"date": "2011-06-01", "text": "As you cast a spell or activate an activated ability with one or more Phyrexian mana symbols in its cost, you choose how to pay for each Phyrexian mana symbol at the same time you would choose modes or choose a value for X."}, {"date": "2011-06-01", "text": "If you’re at 1 life or less, you can’t pay 2 life."}, {"date": "2011-06-01", "text": "Phyrexian mana is not a new color. Players can’t add Phyrexian mana to their mana pools."}], "setCode": "PW11", "subtypes": ["Phyrexian", "Imp"], "supertypes": [], "text": "({B/P} can be paid with either {B} or 2 life.)\nFlying\nLifelink (Damage dealt by this creature also causes you to gain that much life.)", "toughness": "1", "type": "Artifact Creature — Phyrexian Imp", "types": ["Artifact", "Creature"], "uuid": "2e1d6090-5f51-58ef-880e-a4f44ede4b29", "watermark": "phyrexian"}, {"artist": "Erica Yang", "availability": ["paper"], "borderColor": "black", "colorIdentity": ["G"], "colors": ["G"], "convertedManaCost": 7.0, "edhrecRank": 7949, "finishes": ["foil"], "foreignData": [], "frameVersion": "2003", "hasFoil": true, "hasNonFoil": false, "identifiers": {"cardKingdomFoilId": "186138", "cardsphereId": "47026", "mcmId": "248164", "mtgjsonV4Id": "338b0bd5-6ae6-5eff-a491-a2e3c0b36e0b", "scryfallId": "69f66142-fda7-461b-a876-d055c9d4febf", "scryfallIllustrationId": "86931ff5-0641-4067-bd5b-af5f8388dd90", "scryfallOracleId": "b0d0c534-8bd2-4801-aadd-dcc9c92d6ec3", "tcgplayerProductId": "57655"}, "isPromo": true, "isReprint": true, "isStarter": true, "language": "English", "layout": "normal", "legalities": {"commander": "Legal", "duel": "Legal", "legacy": "Legal", "modern": "Legal", "pauper": "Legal", "paupercommander": "Legal", "penny": "Legal", "vintage": "Legal"}, "manaCost": "{6}{G}", "manaValue": 7.0, "name": "Maul Splicer", "number": "72", "power": "1", "printings": ["NPH", "PRM", "PW11"], "promoTypes": ["wizardsplaynetwork"], "purchaseUrls": {"cardKingdomFoil": "https://mtgjson.com/links/6ba8c9a32d4c05e9", "tcgplayer": "https://mtgjson.com/links/fee66907ee253a90"}, "rarity": "rare", "rulings": [], "setCode": "PW11", "subtypes": ["Phyrexian", "Human", "Artificer"], "supertypes": [], "text": "When Maul Splicer enters the battlefield, create two 3/3 colorless Phyrexian Golem artifact creature tokens.\nGolem creatures you control have trample.", "toughness": "1", "type": "Creature — Phyrexian Human Artificer", "types": ["Creature"], "uuid": "3ad08607-751c-593c-911a-72e78532b339", "watermark": "phyrexian"}, {"artist": "Nils Hamm", "availability": ["paper"], "borderColor": "black", "colorIdentity": [], "colors": [], "convertedManaCost": 2.0, "edhrecRank": 13454, "finishes": ["foil"], "foreignData": [], "frameVersion": "2003", "hasFoil": true, "hasNonFoil": false, "identifiers": {"cardKingdomFoilId": "186643", "cardsphereId": "47039", "mcmId": "248165", "mtgjsonV4Id": "53b9298e-41e5-5f5e-a5e3-0b9d61e0273c", "scryfallId": "d9185aa3-e0af-477f-951d-be4f9d3b0c9c", "scryfallIllustrationId": "c7cfb107-32b2-4618-99d8-f997095f1b06", "scryfallOracleId": "e2535383-79f5-4900-8dce-227b0b3650c4", "tcgplayerProductId": "81773"}, "isPromo": true, "isReprint": true, "isStarter": true, "language": "English", "layout": "normal", "legalities": {"commander": "Legal", "duel": "Legal", "legacy": "Legal", "modern": "Legal", "penny": "Legal", "vintage": "Legal"}, "manaCost": "{2}", "manaValue": 2.0, "name": "Shrine of Burning Rage", "number": "73", "printings": ["NPH", "PRM", "PW11"], "promoTypes": ["wizardsplaynetwork"], "purchaseUrls": {"cardKingdomFoil": "https://mtgjson.com/links/c30fdcf74d035f75", "tcgplayer": "https://mtgjson.com/links/70f192791fbf97e0"}, "rarity": "rare", "rulings": [], "setCode": "PW11", "subtypes": [], "supertypes": [], "text": "At the beginning of your upkeep or whenever you cast a red spell, put a charge counter on Shrine of Burning Rage.\n{3}, {T}, Sacrifice Shrine of Burning Rage: It deals damage equal to the number of charge counters on it to any target.", "type": "Artifact", "types": ["Artifact"], "uuid": "d0ed1451-6b97-5e29-8f27-27c40ab80988", "watermark": "phyrexian"}, {"artist": "John Stanko", "availability": ["paper"], "borderColor": "black", "colorIdentity": ["B"], "colors": ["B"], "convertedManaCost": 1.0, "edhrecRank": 2989, "finishes": ["foil"], "flavorText": "Those who raged most bitterly at the world in life are cursed to roam the nether realms in death.", "foreignData": [], "frameVersion": "2003", "hasFoil": true, "hasNonFoil": false, "identifiers": {"cardKingdomFoilId": "194463", "cardsphereId": "47047", "mcmId": "250564", "mtgjsonV4Id": "b4d3b7a6-ed20-5ec5-921d-f931f5789f68", "scryfallId": "ceb5d4c4-d6b5-4d28-8ed7-e367c6201f24", "scryfallIllustrationId": "71317b5a-a94b-494d-9f80-95a50e6e4d61", "scryfallOracleId": "ee334bd7-d344-4684-85c8-d0464bbaf2b4", "tcgplayerProductId": "71282"}, "isPromo": true, "isReprint": true, "isStarter": true, "language": "English", "layout": "normal", "legalities": {"commander": "Legal", "duel": "Legal", "legacy": "Legal", "modern": "Legal", "pauper": "Legal", "paupercommander": "Legal", "penny": "Legal", "vintage": "Legal"}, "manaCost": "{B}", "manaValue": 1.0, "name": "Tormented Soul", "number": "76", "power": "1", "printings": ["M12", "M13", "PC2", "PCA", "PRM", "PW11"], "promoTypes": ["wizardsplaynetwork"], "purchaseUrls": {"cardKingdomFoil": "https://mtgjson.com/links/c1fcf374f64971ef", "tcgplayer": "https://mtgjson.com/links/94b86aff84940ee0"}, "rarity": "rare", "rulings": [], "setCode": "PW11", "subtypes": ["Spirit"], "supertypes": [], "text": "Tormented Soul can't block and can't be blocked.", "toughness": "1", "type": "Creature — Spirit", "types": ["Creature"], "uuid": "d4fdf97d-02fc-54cd-b62b-1c1ad6f28709", "watermark": "wotc"}, {"artist": "Wayne Reynolds", "availability": ["paper"], "borderColor": "black", "colorIdentity": ["W"], "colors": ["W"], "convertedManaCost": 3.0, "edhrecRank": 2413, "finishes": ["foil"], "flavorText": "\"In memories, we can find our deepest reserves of strength.\"", "foreignData": [], "frameVersion": "2003", "hasFoil": true, "hasNonFoil": false, "identifiers": {"cardKingdomFoilId": "186627", "cardsphereId": "46998", "mcmId": "250565", "mtgjsonV4Id": "23dc3cbc-ead7-590c-bd95-a8338bb9fd15", "scryfallId": "c568b80e-8c1b-416f-b47d-100086549fd8", "scryfallIllustrationId": "a46125f0-046b-4ff4-ac51-40b35423ba54", "scryfallOracleId": "bd5eb181-6a69-4dc2-93a0-fa000291bc3d", "tcgplayerProductId": "71273"}, "isPromo": true, "isReprint": true, "isStarter": true, "language": "English", "layout": "normal", "legalities": {"commander": "Legal", "duel": "Legal", "legacy": "Legal", "modern": "Legal", "pauper": "Legal", "paupercommander": "Legal", "penny": "Legal", "pioneer": "Legal", "premodern": "Legal", "vintage": "Legal"}, "manaCost": "{2}{W}", "manaValue": 3.0, "name": "Auramancer", "number": "77", "power": "2", "printings": ["A25", "DDL", "M12", "M14", "ODY", "ORI", "PC2", "PCA", "PRM", "PW11", "TD0"], "promoTypes": ["wizardsplaynetwork"], "purchaseUrls": {"cardKingdomFoil": "https://mtgjson.com/links/5508d5ee0783cc68", "tcgplayer": "https://mtgjson.com/links/48c8ef9bb78bef5c"}, "rarity": "rare", "rulings": [], "setCode": "PW11", "subtypes": ["Human", "Wizard"], "supertypes": [], "text": "When Auramancer enters the battlefield, you may return target enchantment card from your graveyard to your hand.", "toughness": "2", "type": "Creature — Human Wizard", "types": ["Creature"], "uuid": "4abe44ea-4149-5bab-89cc-e3358fbfdf12", "watermark": "wotc"}, {"artist": "James Paick", "availability": ["paper"], "borderColor": "black", "colorIdentity": ["R"], "colors": ["R"], "convertedManaCost": 2.0, "edhrecRank": 8142, "finishes": ["foil"], "flavorText": "\"Which do you think is a better deterrent: a moat of water or one of fire?\"\n—Chandra Nalaar", "foreignData": [], "frameVersion": "2003", "hasFoil": true, "hasNonFoil": false, "identifiers": {"cardKingdomFoilId": "218503", "cardsphereId": "47005", "mcmId": "252113", "mtgjsonV4Id": "530149bd-bf0d-5002-90d0-fcb4669d9520", "scryfallId": "a2de620b-1358-483e-8b59-53206b1d3936", "scryfallIllustrationId": "e0113c93-3214-4934-953a-3f22cdacc335", "scryfallOracleId": "c31801e6-2444-4158-8e19-2afe751d7cff", "tcgplayerProductId": "71897"}, "isPromo": true, "isReprint": true, "isStarter": true, "language": "English", "layout": "normal", "legalities": {"commander": "Legal", "duel": "Legal", "legacy": "Legal", "modern": "Legal", "penny": "Legal", "pioneer": "Legal", "vintage": "Legal"}, "manaCost": "{1}{R}", "manaValue": 2.0, "name": "Circle of Flame", "number": "78", "printings": ["M12", "M15", "PRM", "PW11"], "promoTypes": ["wizardsplaynetwork"], "purchaseUrls": {"cardKingdomFoil": "https://mtgjson.com/links/31daef6b3d22399c", "tcgplayer": "https://mtgjson.com/links/7d380ecd77e379c8"}, "rarity": "rare", "rulings": [{"date": "2014-07-18", "text": "Circle of Flame’s ability triggers only if a creature without flying is declared as an attacker during the declare attackers step. If a creature with flying attacks you or a planeswalker you control and then loses flying, or if a creature without flying is put onto the battlefield attacking you or a planeswalker you control, the ability won’t trigger."}, {"date": "2021-02-01", "text": "Circle of Flame is banned in Pauper (not just non-legal), due to a special case on MTGO: https://magic.wizards.com/en/articles/archive/news/january-21-2019-banned-and-restricted-announcement"}], "setCode": "PW11", "subtypes": [], "supertypes": [], "text": "Whenever a creature without flying attacks you or a planeswalker you control, Circle of Flame deals 1 damage to that creature.", "type": "Enchantment", "types": ["Enchantment"], "uuid": "149a148b-8597-5b9a-8bf3-a0211d734b25", "watermark": "wotc"}, {"artist": "John Stanko", "availability": ["paper"], "borderColor": "black", "colorIdentity": ["U"], "colors": ["U"], "convertedManaCost": 3.0, "edhrecRank": 7676, "finishes": ["foil"], "flavorText": "After seeing his life's work drip away, the mage decided it was a good time to go crazy.", "foreignData": [], "frameVersion": "2003", "hasFoil": true, "hasNonFoil": false, "identifiers": {"cardKingdomFoilId": "194367", "cardsphereId": "47008", "mcmId": "252108", "mtgjsonV4Id": "6b4e4add-8418-5748-8651-0e801c04216e", "scryfallId": "bb4b500e-2616-4135-ae04-ca14a33fce59", "scryfallIllustrationId": "e7c9ef68-20d0-4aa2-8b7f-8b3074312359", "scryfallOracleId": "5480f855-80b7-45c7-94a9-071c7b5d5ccf", "tcgplayerProductId": "57637"}, "isPromo": true, "isReprint": true, "isStarter": true, "keywords": ["Enchant", "Mill"], "language": "English", "layout": "normal", "legalities": {"commander": "Legal", "duel": "Legal", "legacy": "Legal", "modern": "Legal", "pauper": "Legal", "paupercommander": "Legal", "penny": "Legal", "vintage": "Legal"}, "manaCost": "{2}{U}", "manaValue": 3.0, "name": "Curse of the Bloody Tome", "number": "80", "printings": ["ISD", "PRM", "PW11"], "promoTypes": ["wizardsplaynetwork"], "purchaseUrls": {"cardKingdomFoil": "https://mtgjson.com/links/61091869e4cda728", "tcgplayer": "https://mtgjson.com/links/31a9dba97f010579"}, "rarity": "rare", "rulings": [{"date": "2011-09-22", "text": "If the enchanted player has only one card in their library, they put that card into their graveyard."}], "setCode": "PW11", "subtypes": ["Aura", "Curse"], "supertypes": [], "text": "Enchant player\nAt the beginning of enchanted player's upkeep, that player mills two cards.", "type": "Enchantment — Aura Curse", "types": ["Enchantment"], "uuid": "60568261-ff45-51bc-8424-f6334f5dfe50", "watermark": "wotc"}, {"artist": "Dave Kendall", "availability": ["paper"], "borderColor": "black", "colorIdentity": ["R"], "colors": ["R"], "convertedManaCost": 2.0, "edhrecRank": 14900, "finishes": ["foil"], "flavorText": "While elder vampires select their meals with care, the newly sired frenzy at the first whiff.", "foreignData": [], "frameVersion": "2003", "hasFoil": true, "hasNonFoil": false, "identifiers": {"cardKingdomFoilId": "194365", "cardsphereId": "46999", "mcmId": "252459", "mtgjsonV4Id": "747aee94-1c63-560b-9dfc-99d6a5baf288", "scryfallId": "2488aa06-1c79-49ed-aeb9-0c9374c28c10", "scryfallIllustrationId": "89c64539-5bb2-4069-af79-8326dec421c5", "scryfallOracleId": "7319eec8-48ba-4238-bce1-450abcae73a6", "tcgplayerProductId": "71287"}, "isPromo": true, "isReprint": true, "isStarter": true, "language": "English", "layout": "normal", "legalities": {"commander": "Legal", "duel": "Legal", "legacy": "Legal", "modern": "Legal", "pauper": "Legal", "paupercommander": "Legal", "penny": "Legal", "vintage": "Legal"}, "manaCost": "{1}{R}", "manaValue": 2.0, "name": "Bloodcrazed Neonate", "number": "83", "power": "2", "printings": ["ISD", "PRM", "PW11"], "promoTypes": ["wizardsplaynetwork"], "purchaseUrls": {"cardKingdomFoil": "https://mtgjson.com/links/75ad51fe2795a388", "tcgplayer": "https://mtgjson.com/links/4dd4702ac4aa9d06"}, "rarity": "rare", "rulings": [], "setCode": "PW11", "subtypes": ["Vampire"], "supertypes": [], "text": "Bloodcrazed Neonate attacks each combat if able.\nWhenever Bloodcrazed Neonate deals combat damage to a player, put a +1/+1 counter on it.", "toughness": "1", "type": "Creature — Vampire", "types": ["Creature"], "uuid": "777beae6-3e5f-50c4-a4c8-52a5b1df8b29", "watermark": "wotc"}, {"artist": "Austin Hsu", "availability": ["paper"], "borderColor": "black", "colorIdentity": ["G"], "colors": ["G"], "convertedManaCost": 2.0, "edhrecRank": 8182, "finishes": ["foil"], "flavorText": "The only thing it likes more than discovering a pit of bones is adding to it.", "foreignData": [], "frameVersion": "2003", "hasFoil": true, "hasNonFoil": false, "identifiers": {"cardKingdomFoilId": "186783", "cardsphereId": "47001", "mcmId": "252114", "mtgjsonV4Id": "e62f0f1c-3563-5179-bbf1-a95b8a6badfa", "scryfallId": "3342096a-24bf-4f66-911e-d8a0c856f722", "scryfallIllustrationId": "d883a3b0-1a3b-461a-a2d2-c2f8a225e119", "scryfallOracleId": "6e5f908a-f4f1-4718-ac39-34176e401756", "tcgplayerProductId": "57638"}, "isPromo": true, "isReprint": true, "isStarter": true, "language": "English", "layout": "normal", "legalities": {"commander": "Legal", "duel": "Legal", "legacy": "Legal", "modern": "Legal", "paupercommander": "Restricted", "penny": "Legal", "vintage": "Legal"}, "manaCost": "{1}{G}", "manaValue": 2.0, "name": "Boneyard Wurm", "number": "84", "power": "*", "printings": ["DDJ", "ISD", "PRM", "PW11", "UMA"], "promoTypes": ["wizardsplaynetwork"], "purchaseUrls": {"cardKingdomFoil": "https://mtgjson.com/links/80bb6af6bc76bfbe", "tcgplayer": "https://mtgjson.com/links/a1354743884b0693"}, "rarity": "rare", "rulings": [{"date": "2018-12-07", "text": "The ability that defines Boneyard Wurm’s power and toughness works in all zones, not just the battlefield. If Boneyard Wurm is in your graveyard, it will count itself."}], "setCode": "PW11", "subtypes": ["Wurm"], "supertypes": [], "text": "Boneyard Wurm's power and toughness are each equal to the number of creature cards in your graveyard.", "toughness": "*", "type": "Creature — Wurm", "types": ["Creature"], "uuid": "6f8c399c-3f3d-5503-b7f2-cc3776e9a27b", "watermark": "wotc"}], "code": "PW11", "isFoilOnly": true, "isOnlineOnly": false, "keyruneCode": "PMEI", "name": "Wizards Play Network 2011", "releaseDate": "2011-01-01", "tokens": [], "totalSetSize": 14, "translations": {}, "type": "promo"}}