{"meta": {"date": "2022-09-29", "version": "5.2.0+20220929"}, "data": {"baseSetSize": 1, "cards": [{"artist": "Douglas Shuler", "availability": ["paper"], "borderColor": "black", "colorIdentity": ["W"], "colors": ["W"], "convertedManaCost": 5.0, "edhrecRank": 8065, "finishes": ["foil"], "flavorText": "Born with wings of light and a sword of faith, this heavenly incarnation embodies both fury and purity.", "foreignData": [], "frameVersion": "1997", "hasFoil": true, "hasNonFoil": false, "identifiers": {"cardKingdomFoilId": "111753", "cardsphereId": "34440", "mcmId": "22932", "mtgjsonV4Id": "1cf767ca-7b2d-549b-8901-907d903e4fc0", "scryfallId": "bb2360f1-e868-410a-9f91-59e15c99de79", "scryfallIllustrationId": "6eb98f0e-e947-4efd-a84f-a4b20de70872", "scryfallOracleId": "4b7ac066-e5c7-43e6-9e7e-2739b24a905d", "tcgplayerProductId": "38360"}, "isPromo": true, "isReprint": true, "isStarter": true, "keywords": ["Flying", "Vigilance"], "language": "English", "layout": "normal", "legalities": {"commander": "Legal", "duel": "Legal", "explorer": "Legal", "gladiator": "Legal", "historic": "Legal", "historicbrawl": "Legal", "legacy": "Legal", "modern": "Legal", "paupercommander": "Restricted", "penny": "Legal", "pioneer": "Legal", "premodern": "Legal", "vintage": "Legal"}, "manaCost": "{3}{W}{W}", "manaValue": 5.0, "name": "Serra Angel", "number": "1", "power": "4", "printings": ["10E", "2ED", "3ED", "4BB", "4ED", "7ED", "8ED", "9ED", "ANB", "ATH", "CED", "CEI", "CMA", "CMD", "DDC", "DOM", "DVD", "EMA", "FBB", "GNT", "IMA", "JMP", "LEA", "LEB", "M10", "M11", "M12", "M13", "M14", "M15", "ME4", "O90P", "OANA", "ORI", "P30A", "P30H", "PDOM", "PRM", "PS11", "PTC", "PWOS", "SUM", "V15", "W16", "W17"], "promoTypes": ["mediainsert"], "purchaseUrls": {"cardKingdomFoil": "https://mtgjson.com/links/ee0133fdc0b29530", "tcgplayer": "https://mtgjson.com/links/cc52d203b6c03f93"}, "rarity": "rare", "rulings": [], "setCode": "PWOS", "subtypes": ["Angel"], "supertypes": [], "text": "Flying, vigilance", "toughness": "4", "type": "Creature — Angel", "types": ["Creature"], "uuid": "74ca9c39-538d-503b-952c-1b3cf9846afd"}], "code": "PWOS", "isFoilOnly": true, "isOnlineOnly": false, "keyruneCode": "DEFAULT", "name": "Wizards of the Coast Online Store", "releaseDate": "1999-09-04", "tokens": [], "totalSetSize": 1, "translations": {}, "type": "promo"}}