{"meta": {"date": "2022-09-29", "version": "5.2.0+20220929"}, "data": {"baseSetSize": 2, "cards": [{"artist": "Jaime Jones", "availability": ["paper"], "borderColor": "black", "colorIdentity": ["B", "G", "R"], "colors": ["B", "G", "R"], "convertedManaCost": 3.0, "edhrecRank": 8061, "finishes": ["foil"], "flavorText": "The vast network of predation on Jund has actually caused some strange creatures to adapt to being eaten.", "foreignData": [], "frameVersion": "2003", "hasFoil": true, "hasNonFoil": false, "identifiers": {"cardKingdomFoilId": "126224", "cardsphereId": "47043", "mcmId": "19975", "mtgjsonV4Id": "69b493e4-67d2-55d7-988c-d8f4522ae651", "scryfallId": "310038c2-685e-4f1b-b91f-7a5ad2b0646f", "scryfallIllustrationId": "9f73c75b-a1d3-4986-ac2e-e2492b33e0bb", "scryfallOracleId": "ea74e89e-0724-4744-a6c9-e35c415624fb", "tcgplayerProductId": "38438"}, "isPromo": true, "isReprint": true, "isStarter": true, "language": "English", "layout": "normal", "legalities": {"commander": "Legal", "duel": "Legal", "legacy": "Legal", "modern": "Legal", "paupercommander": "Restricted", "penny": "Legal", "vintage": "Legal"}, "manaCost": "{B}{R}{G}", "manaValue": 3.0, "name": "Sprouting Thrinax", "number": "21", "power": "3", "printings": ["2X2", "ALA", "C13", "MB1", "MM3", "PRM", "PS11", "PWPN"], "promoTypes": ["wizardsplaynetwork"], "purchaseUrls": {"cardKingdomFoil": "https://mtgjson.com/links/a494d237603eb70a", "tcgplayer": "https://mtgjson.com/links/d187852a80db9d6b"}, "rarity": "rare", "rulings": [], "setCode": "PWPN", "subtypes": ["Lizard"], "supertypes": [], "text": "When Sprouting Thrinax dies, create three 1/1 green Saproling creature tokens.", "toughness": "3", "type": "Creature — Lizard", "types": ["Creature"], "uuid": "8320bf70-1429-5bc3-827b-7bcedee4a658", "watermark": "dci"}, {"artist": "Steve Argyle", "availability": ["paper"], "borderColor": "black", "colorIdentity": ["G", "R", "W"], "colors": ["G", "R", "W"], "convertedManaCost": 3.0, "edhrecRank": 14368, "finishes": ["foil"], "flavorText": "One of the most ferocious and deadly gargantuans, the thoctar never sees its worshippers, but it often awakens surrounded by gifts and sacrifices.", "foreignData": [], "frameVersion": "2003", "hasFoil": true, "hasNonFoil": false, "identifiers": {"cardKingdomFoilId": "126223", "cardsphereId": "47053", "mcmId": "19976", "mtgjsonV4Id": "4d9dbd5f-2ecc-519d-8f5d-92cf42162412", "scryfallId": "fb3a2bb2-3ba7-4486-84c9-3aab85c368e1", "scryfallIllustrationId": "0a1e28d3-d667-4650-ac37-551ea47a0a85", "scryfallOracleId": "220bfa3b-0e17-4350-a967-cfcf05b754ef", "tcgplayerProductId": "38441"}, "isPromo": true, "isReprint": true, "isStarter": true, "language": "English", "layout": "normal", "legalities": {"commander": "Legal", "duel": "Legal", "legacy": "Legal", "modern": "Legal", "paupercommander": "Restricted", "penny": "Legal", "vintage": "Legal"}, "manaCost": "{R}{G}{W}", "manaValue": 3.0, "name": "Woolly Thoctar", "number": "22", "power": "5", "printings": ["ALA", "DDH", "MB1", "MM3", "PRM", "PS11", "PWPN"], "promoTypes": ["wizardsplaynetwork"], "purchaseUrls": {"cardKingdomFoil": "https://mtgjson.com/links/dcb55aa3144f016d", "tcgplayer": "https://mtgjson.com/links/2d41c7411d9a7a9f"}, "rarity": "rare", "rulings": [], "setCode": "PWPN", "subtypes": ["Beast"], "supertypes": [], "toughness": "4", "type": "Creature — Beast", "types": ["Creature"], "uuid": "0e5dafaa-b0d6-5ed2-ba29-6859a115e86c", "watermark": "dci"}], "code": "PWPN", "isFoilOnly": true, "isOnlineOnly": false, "keyruneCode": "PARL", "name": "Wizards Play Network 2008", "releaseDate": "2008-10-01", "tokens": [], "totalSetSize": 2, "translations": {}, "type": "promo"}}