{"meta": {"date": "2022-09-29", "version": "5.2.0+20220929"}, "data": {"baseSetSize": 10, "block": "Ixalan", "cards": [{"artist": "Svetlin Velinov", "availability": ["paper"], "borderColor": "black", "colorIdentity": ["W"], "colors": ["W"], "convertedManaCost": 1.0, "edhrecRank": 1880, "faceConvertedManaCost": 1.0, "faceManaValue": 1.0, "faceName": "Legion's Landing", "finishes": ["foil"], "flavorText": "\"I claim this land in the name of the queen.\"\n—Adrian Adanto of Lujio", "foreignData": [], "frameEffects": ["compasslanddfc"], "frameVersion": "2015", "hasFoil": true, "hasNonFoil": false, "identifiers": {"cardKingdomFoilId": "216082", "cardsphereId": "52356", "mcmId": "313038", "mtgjsonV4Id": "fe04063b-b06a-5dcb-8835-e6494c6bb03d", "scryfallId": "af6a8b6f-344a-4a4f-8949-b3ab2465b74b", "scryfallIllustrationId": "10c237dc-a7f2-427c-a191-72f59bb8aae7", "scryfallOracleId": "f7d8b91b-6541-4d3e-af51-7e000eac69c1", "tcgplayerProductId": "151709"}, "isPromo": true, "isReprint": true, "isStarter": true, "keywords": ["Transform"], "language": "English", "layout": "transform", "legalities": {"commander": "Legal", "duel": "Legal", "explorer": "Legal", "gladiator": "Legal", "historic": "Legal", "historicbrawl": "Legal", "legacy": "Legal", "modern": "Legal", "pioneer": "Legal", "vintage": "Legal"}, "manaCost": "{W}", "manaValue": 1.0, "name": "Legion's Landing // Adanto, the First Fort", "number": "22", "otherFaceIds": ["a2d17b53-ec8b-55a6-a9be-50759995699d"], "printings": ["PXLN", "PXTC", "XLN"], "promoTypes": ["buyabox"], "purchaseUrls": {"cardKingdomFoil": "https://mtgjson.com/links/33acb59d4507dff0", "tcgplayer": "https://mtgjson.com/links/27cc2f0f096f60b1"}, "rarity": "rare", "rulings": [{"date": "2017-09-29", "text": "Once you’ve attacked with three or more creatures, Legion’s Landing will transform even if some of those creatures leave the battlefield or are removed from combat."}, {"date": "2017-09-29", "text": "The last ability of Legion’s Landing only counts creatures that you declare as attacking creatures. Creatures that enter the battlefield attacking won’t count."}, {"date": "2018-01-19", "text": "For more information on double-faced cards, see the Ixalan mechanics article (http://magic.wizards.com/en/articles/archive/feature/ixalan-mechanics)."}], "securityStamp": "oval", "setCode": "PXTC", "side": "a", "subtypes": [], "supertypes": ["Legendary"], "text": "When Legion's Landing enters the battlefield, create a 1/1 white Vampire creature token with lifelink.\nWhen you attack with three or more creatures, transform Legion's Landing.", "type": "Legendary Enchantment", "types": ["Enchantment"], "uuid": "b6873a08-92a1-53cb-88ef-26dcfedf759f", "watermark": "set"}, {"artist": "Jared Blando", "availability": ["paper"], "borderColor": "black", "colorIdentity": ["W"], "colors": [], "convertedManaCost": 1.0, "edhrecRank": 1880, "faceConvertedManaCost": 0.0, "faceManaValue": 0.0, "faceName": "Adanto, the First Fort", "finishes": ["foil"], "foreignData": [], "frameEffects": ["compasslanddfc"], "frameVersion": "2015", "hasFoil": true, "hasNonFoil": false, "identifiers": {"cardsphereId": "52356", "mcmId": "313038", "mtgjsonV4Id": "6b39dcef-0abd-5f0c-99c6-0e606253a8be", "scryfallId": "af6a8b6f-344a-4a4f-8949-b3ab2465b74b", "scryfallIllustrationId": "8d281317-20a5-4d70-a966-beed2afb6821", "scryfallOracleId": "f7d8b91b-6541-4d3e-af51-7e000eac69c1", "tcgplayerProductId": "151709"}, "isPromo": true, "isReprint": true, "isStarter": true, "keywords": ["Transform"], "language": "English", "layout": "transform", "legalities": {"commander": "Legal", "duel": "Legal", "explorer": "Legal", "gladiator": "Legal", "historic": "Legal", "historicbrawl": "Legal", "legacy": "Legal", "modern": "Legal", "pioneer": "Legal", "vintage": "Legal"}, "manaValue": 1.0, "name": "Legion's Landing // Adanto, the First Fort", "number": "22", "otherFaceIds": ["b6873a08-92a1-53cb-88ef-26dcfedf759f"], "printings": ["PXLN", "PXTC", "XLN"], "promoTypes": ["buyabox"], "purchaseUrls": {"tcgplayer": "https://mtgjson.com/links/eeda346623625495"}, "rarity": "rare", "rulings": [{"date": "2017-09-29", "text": "Once you’ve attacked with three or more creatures, Legion’s Landing will transform even if some of those creatures leave the battlefield or are removed from combat."}, {"date": "2017-09-29", "text": "The last ability of Legion’s Landing only counts creatures that you declare as attacking creatures. Creatures that enter the battlefield attacking won’t count."}, {"date": "2018-01-19", "text": "For more information on double-faced cards, see the Ixalan mechanics article (http://magic.wizards.com/en/articles/archive/feature/ixalan-mechanics)."}], "securityStamp": "oval", "setCode": "PXTC", "side": "b", "subtypes": [], "supertypes": ["Legendary"], "text": "(Transforms from Legion's Landing.)\n{T}: Add {W}.\n{2}{W}, {T}: Create a 1/1 white Vampire creature token with lifelink.", "type": "Legendary Land", "types": ["Land"], "uuid": "a2d17b53-ec8b-55a6-a9be-50759995699d", "watermark": "set"}, {"artist": "Magali Villeneuve", "availability": ["paper"], "borderColor": "black", "colorIdentity": ["U"], "colors": ["U"], "convertedManaCost": 2.0, "edhrecRank": 1551, "faceConvertedManaCost": 2.0, "faceManaValue": 2.0, "faceName": "Search for Azcanta", "finishes": ["foil"], "flavorText": "The Sunken Ruin houses all the learning of a long-forgotten age.", "foreignData": [], "frameEffects": ["compasslanddfc"], "frameVersion": "2015", "hasFoil": true, "hasNonFoil": false, "identifiers": {"cardKingdomFoilId": "216006", "cardsphereId": "52358", "mcmId": "313037", "mtgjsonV4Id": "ea716d5c-2728-5f46-b772-b3ebdadcf6d0", "scryfallId": "1056ab38-416c-450b-9e99-1a3eefc39f32", "scryfallIllustrationId": "ce2e2b15-3e46-45d9-a7f2-435f7cbc897c", "scryfallOracleId": "f74c4d96-bc4a-4d32-9519-a753d192144e", "tcgplayerProductId": "151710"}, "isPromo": true, "isReprint": true, "isStarter": true, "keywords": ["Transform"], "language": "English", "layout": "transform", "legalities": {"commander": "Legal", "duel": "Legal", "explorer": "Legal", "gladiator": "Legal", "historic": "Legal", "historicbrawl": "Legal", "legacy": "Legal", "modern": "Legal", "penny": "Legal", "pioneer": "Legal", "vintage": "Legal"}, "manaCost": "{1}{U}", "manaValue": 2.0, "name": "Search for Azcanta // Azcanta, the Sunken Ruin", "number": "74", "otherFaceIds": ["a73cb036-9191-5649-b0bc-b4293a3975f7"], "printings": ["PXLN", "PXTC", "XLN"], "promoTypes": ["buyabox"], "purchaseUrls": {"cardKingdomFoil": "https://mtgjson.com/links/11c70f5fd6bfd5cf", "tcgplayer": "https://mtgjson.com/links/b03749c5f44211bd"}, "rarity": "rare", "rulings": [{"date": "2017-09-29", "text": "If a seventh card is put into your graveyard by something other than resolving Search for Azcanta’s triggered ability, you won’t transform it yet. You’ll have to wait until your next upkeep."}, {"date": "2017-09-29", "text": "If you have seven or more cards in your graveyard, you may transform Search for Azcanta while resolving its triggered ability even if you choose not to put the top card of your library into your graveyard."}, {"date": "2017-09-29", "text": "If you don’t put the top card of your library into your graveyard while resolving Search for Azcanta’s triggered ability, you’ll leave it on top of your library (and probably draw it during your draw step)."}, {"date": "2018-01-19", "text": "For more information on double-faced cards, see the Ixalan mechanics article (http://magic.wizards.com/en/articles/archive/feature/ixalan-mechanics)."}], "securityStamp": "oval", "setCode": "PXTC", "side": "a", "subtypes": [], "supertypes": ["Legendary"], "text": "At the beginning of your upkeep, look at the top card of your library. You may put it into your graveyard. Then if you have seven or more cards in your graveyard, you may transform Search for Azcanta.", "type": "Legendary Enchantment", "types": ["Enchantment"], "uuid": "d26a77b0-9a5b-59e6-8096-43f03402118b", "watermark": "set"}, {"artist": "Jared Blando", "availability": ["paper"], "borderColor": "black", "colorIdentity": ["U"], "colors": [], "convertedManaCost": 2.0, "edhrecRank": 1551, "faceConvertedManaCost": 0.0, "faceManaValue": 0.0, "faceName": "Azcanta, the Sunken Ruin", "finishes": ["foil"], "foreignData": [], "frameEffects": ["compasslanddfc"], "frameVersion": "2015", "hasFoil": true, "hasNonFoil": false, "identifiers": {"cardsphereId": "52358", "mcmId": "313037", "mtgjsonV4Id": "5cd48f69-21f2-55b2-af41-80f32cbdd402", "scryfallId": "1056ab38-416c-450b-9e99-1a3eefc39f32", "scryfallIllustrationId": "43a04400-b0aa-4c33-8e16-d02f532eeabf", "scryfallOracleId": "f74c4d96-bc4a-4d32-9519-a753d192144e", "tcgplayerProductId": "151710"}, "isPromo": true, "isReprint": true, "isStarter": true, "keywords": ["Transform"], "language": "English", "layout": "transform", "legalities": {"commander": "Legal", "duel": "Legal", "explorer": "Legal", "gladiator": "Legal", "historic": "Legal", "historicbrawl": "Legal", "legacy": "Legal", "modern": "Legal", "penny": "Legal", "pioneer": "Legal", "vintage": "Legal"}, "manaValue": 2.0, "name": "Search for Azcanta // Azcanta, the Sunken Ruin", "number": "74", "otherFaceIds": ["d26a77b0-9a5b-59e6-8096-43f03402118b"], "printings": ["PXLN", "PXTC", "XLN"], "promoTypes": ["buyabox"], "purchaseUrls": {"tcgplayer": "https://mtgjson.com/links/f9e2b2e18951978a"}, "rarity": "rare", "rulings": [{"date": "2017-09-29", "text": "If a seventh card is put into your graveyard by something other than resolving Search for Azcanta’s triggered ability, you won’t transform it yet. You’ll have to wait until your next upkeep."}, {"date": "2017-09-29", "text": "If you have seven or more cards in your graveyard, you may transform Search for Azcanta while resolving its triggered ability even if you choose not to put the top card of your library into your graveyard."}, {"date": "2017-09-29", "text": "If you don’t put the top card of your library into your graveyard while resolving Search for Azcanta’s triggered ability, you’ll leave it on top of your library (and probably draw it during your draw step)."}, {"date": "2018-01-19", "text": "For more information on double-faced cards, see the Ixalan mechanics article (http://magic.wizards.com/en/articles/archive/feature/ixalan-mechanics)."}], "securityStamp": "oval", "setCode": "PXTC", "side": "b", "subtypes": [], "supertypes": ["Legendary"], "text": "(Transforms from Search for Azcanta.)\n{T}: Add {U}.\n{2}{U}, {T}: Look at the top four cards of your library. You may reveal a noncreature, nonland card from among them and put it into your hand. Put the rest on the bottom of your library in any order.", "type": "Legendary Land", "types": ["Land"], "uuid": "a73cb036-9191-5649-b0bc-b4293a3975f7", "watermark": "set"}, {"artist": "Daarken", "availability": ["paper"], "borderColor": "black", "colorIdentity": ["B"], "colors": ["B"], "convertedManaCost": 2.0, "edhrecRank": 3203, "faceConvertedManaCost": 2.0, "faceManaValue": 2.0, "faceName": "Arguel's Blood Fast", "finishes": ["foil"], "flavorText": "Arguel's vision led him into the jungles of Ixalan …", "foreignData": [], "frameEffects": ["compasslanddfc"], "frameVersion": "2015", "hasFoil": true, "hasNonFoil": false, "identifiers": {"cardKingdomFoilId": "216076", "cardsphereId": "52352", "mcmId": "313041", "mtgjsonV4Id": "4e5d803f-e854-56fa-8b84-d49042bbff9c", "scryfallId": "2b31d323-a715-4085-a711-8f2a3f4d9942", "scryfallIllustrationId": "a1e9f54d-adde-4c8a-acd0-5c63c2fece55", "scryfallOracleId": "be2a4bc4-8af6-48c5-9421-32d26272e71a", "tcgplayerProductId": "151711"}, "isPromo": true, "isReprint": true, "isStarter": true, "keywords": ["Transform"], "language": "English", "layout": "transform", "legalities": {"commander": "Legal", "duel": "Legal", "explorer": "Legal", "gladiator": "Legal", "historic": "Legal", "historicbrawl": "Legal", "legacy": "Legal", "modern": "Legal", "penny": "Legal", "pioneer": "Legal", "vintage": "Legal"}, "manaCost": "{1}{B}", "manaValue": 2.0, "name": "Arguel's Blood Fast // Temple of Aclazotz", "number": "90", "otherFaceIds": ["244b666e-1254-5d8d-9139-ac943730b367"], "printings": ["PXLN", "PXTC", "V17", "XLN"], "promoTypes": ["buyabox"], "purchaseUrls": {"cardKingdomFoil": "https://mtgjson.com/links/854dd89662fd43f8", "tcgplayer": "https://mtgjson.com/links/2434e744a73887e4"}, "rarity": "rare", "rulings": [{"date": "2017-09-29", "text": "If your life total is 6 or greater as your upkeep begins, the second ability of Arguel’s Blood Fast won’t trigger. You can’t take any actions during your turn before your upkeep begins."}, {"date": "2017-09-29", "text": "If your life total is 6 or greater as the second ability of Arguel’s Blood Fast tries to resolve, it won’t do anything."}, {"date": "2017-09-29", "text": "Once you’ve announced the last ability of Temple of Aclazotz, it’s too late for anyone to interrupt you by trying to remove the creature you sacrifice."}, {"date": "2017-09-29", "text": "For the last ability of Temple of Aclazotz, use the creature’s toughness as it last existed on the battlefield to determine how much life you gain."}, {"date": "2018-01-19", "text": "For more information on double-faced cards, see the Ixalan mechanics article (http://magic.wizards.com/en/articles/archive/feature/ixalan-mechanics)."}], "securityStamp": "oval", "setCode": "PXTC", "side": "a", "subtypes": [], "supertypes": ["Legendary"], "text": "{1}{B}, Pay 2 life: Draw a card.\nAt the beginning of your upkeep, if you have 5 or less life, you may transform Arguel's Blood Fast.", "type": "Legendary Enchantment", "types": ["Enchantment"], "uuid": "ee825e41-f513-543d-9bdc-f994c2976064", "watermark": "set"}, {"artist": "Jared Blando", "availability": ["paper"], "borderColor": "black", "colorIdentity": ["B"], "colors": [], "convertedManaCost": 2.0, "edhrecRank": 3203, "faceConvertedManaCost": 0.0, "faceManaValue": 0.0, "faceName": "Temple of Aclazotz", "finishes": ["foil"], "flavorText": "… to the lost temple of a bat-god of night, eternal enemy to the Threefold Sun.", "foreignData": [], "frameEffects": ["compasslanddfc"], "frameVersion": "2015", "hasFoil": true, "hasNonFoil": false, "identifiers": {"cardsphereId": "52352", "mcmId": "313041", "mtgjsonV4Id": "e45531c9-cea1-51f7-8b85-ed1ced1c0369", "scryfallId": "2b31d323-a715-4085-a711-8f2a3f4d9942", "scryfallIllustrationId": "38338656-95ab-4be8-96ba-6074b42460cd", "scryfallOracleId": "be2a4bc4-8af6-48c5-9421-32d26272e71a", "tcgplayerProductId": "151711"}, "isPromo": true, "isReprint": true, "isStarter": true, "keywords": ["Transform"], "language": "English", "layout": "transform", "legalities": {"commander": "Legal", "duel": "Legal", "explorer": "Legal", "gladiator": "Legal", "historic": "Legal", "historicbrawl": "Legal", "legacy": "Legal", "modern": "Legal", "penny": "Legal", "pioneer": "Legal", "vintage": "Legal"}, "manaValue": 2.0, "name": "Arguel's Blood Fast // Temple of Aclazotz", "number": "90", "otherFaceIds": ["ee825e41-f513-543d-9bdc-f994c2976064"], "printings": ["PXLN", "PXTC", "V17", "XLN"], "promoTypes": ["buyabox"], "purchaseUrls": {"tcgplayer": "https://mtgjson.com/links/d5c4d68fbc1c2a28"}, "rarity": "rare", "rulings": [{"date": "2017-09-29", "text": "If your life total is 6 or greater as your upkeep begins, the second ability of Arguel’s Blood Fast won’t trigger. You can’t take any actions during your turn before your upkeep begins."}, {"date": "2017-09-29", "text": "If your life total is 6 or greater as the second ability of Arguel’s Blood Fast tries to resolve, it won’t do anything."}, {"date": "2017-09-29", "text": "Once you’ve announced the last ability of Temple of Aclazotz, it’s too late for anyone to interrupt you by trying to remove the creature you sacrifice."}, {"date": "2017-09-29", "text": "For the last ability of Temple of Aclazotz, use the creature’s toughness as it last existed on the battlefield to determine how much life you gain."}, {"date": "2018-01-19", "text": "For more information on double-faced cards, see the Ixalan mechanics article (http://magic.wizards.com/en/articles/archive/feature/ixalan-mechanics)."}], "securityStamp": "oval", "setCode": "PXTC", "side": "b", "subtypes": [], "supertypes": ["Legendary"], "text": "(Transforms from Arguel's Blood Fast.)\n{T}: Add {B}.\n{T}, Sacrifice a creature: You gain life equal to the sacrificed creature's toughness.", "type": "Legendary Land", "types": ["Land"], "uuid": "244b666e-1254-5d8d-9139-ac943730b367", "watermark": "set"}, {"artist": "Jonas De Ro", "availability": ["paper"], "borderColor": "black", "colorIdentity": ["R"], "colors": ["R"], "convertedManaCost": 4.0, "edhrecRank": 5251, "faceConvertedManaCost": 4.0, "faceManaValue": 4.0, "faceName": "Vance's Blasting Cannons", "finishes": ["foil"], "flavorText": "With a broadside assault, Captain Vance carved the cliffs to form her new home.", "foreignData": [], "frameEffects": ["compasslanddfc"], "frameVersion": "2015", "hasFoil": true, "hasNonFoil": false, "identifiers": {"cardKingdomFoilId": "216089", "cardsphereId": "52361", "mcmId": "313045", "mtgjsonV4Id": "715e51ba-ce40-5994-867b-bb7f6ce471e1", "scryfallId": "b96daf2a-9065-484b-a078-c6ee5a0281ed", "scryfallIllustrationId": "4d62b221-044a-47ef-adda-cf1761940f1c", "scryfallOracleId": "5e7eca9c-a7b8-4b7b-a0a0-e8937530145a", "tcgplayerProductId": "151712"}, "isPromo": true, "isReprint": true, "isStarter": true, "keywords": ["Transform"], "language": "English", "layout": "transform", "legalities": {"commander": "Legal", "duel": "Legal", "explorer": "Legal", "gladiator": "Legal", "historic": "Legal", "historicbrawl": "Legal", "legacy": "Legal", "modern": "Legal", "penny": "Legal", "pioneer": "Legal", "vintage": "Legal"}, "manaCost": "{3}{R}", "manaValue": 4.0, "name": "Vance's Blasting Cannons // Spitfire Bastion", "number": "173", "otherFaceIds": ["e4c41651-8465-5951-936c-3a96c77cd6a1"], "printings": ["PXLN", "PXTC", "XLN"], "promoTypes": ["buyabox"], "purchaseUrls": {"cardKingdomFoil": "https://mtgjson.com/links/490c16280fd26a73", "tcgplayer": "https://mtgjson.com/links/5849994b7f197e18"}, "rarity": "rare", "rulings": [{"date": "2017-09-29", "text": "The card exiled by the first ability of Vance’s Blasting Cannons is exiled face up."}, {"date": "2017-09-29", "text": "Casting the exiled card follows the normal rules for casting that card. You must pay its costs, and you must follow all applicable timing rules. For example, if you exile a creature card this way, you must wait until your main phase to cast it."}, {"date": "2017-09-29", "text": "If you don’t cast the exiled card, it remains in exile."}, {"date": "2017-09-29", "text": "The second ability of Vance’s Blasting Cannons resolves before the spell that caused it to trigger. The ability will resolve even if that spell is countered."}, {"date": "2017-09-29", "text": "The second ability of Vance’s Blasting Cannons counts all the spells you’ve cast, including Vance’s Blasting Cannons itself if you cast it this turn. The ability won’t trigger unless Vance’s Blasting Cannons is on the battlefield as you cast your third spell of the turn."}, {"date": "2018-01-19", "text": "For more information on double-faced cards, see the Ixalan mechanics article (http://magic.wizards.com/en/articles/archive/feature/ixalan-mechanics)."}], "securityStamp": "oval", "setCode": "PXTC", "side": "a", "subtypes": [], "supertypes": ["Legendary"], "text": "At the beginning of your upkeep, exile the top card of your library. If it's a nonland card, you may cast that card this turn.\nWhenever you cast your third spell in a turn, you may transform Vance's Blasting Cannons.", "type": "Legendary Enchantment", "types": ["Enchantment"], "uuid": "8a11f95d-5335-5bda-ba45-b4d49184d5ef", "watermark": "set"}, {"artist": "Jared Blando", "availability": ["paper"], "borderColor": "black", "colorIdentity": ["R"], "colors": [], "convertedManaCost": 4.0, "edhrecRank": 5251, "faceConvertedManaCost": 0.0, "faceManaValue": 0.0, "faceName": "Spitfire Bastion", "finishes": ["foil"], "flavorText": "Now instead of a ship, Ripley Vance commands a fortress.", "foreignData": [], "frameEffects": ["compasslanddfc"], "frameVersion": "2015", "hasFoil": true, "hasNonFoil": false, "identifiers": {"cardsphereId": "52361", "mcmId": "313045", "mtgjsonV4Id": "e0d1857e-eb09-5c90-a4cb-39602f6036be", "scryfallId": "b96daf2a-9065-484b-a078-c6ee5a0281ed", "scryfallIllustrationId": "6b40a9eb-e8a4-4e60-818c-c750b209f4a9", "scryfallOracleId": "5e7eca9c-a7b8-4b7b-a0a0-e8937530145a", "tcgplayerProductId": "151712"}, "isPromo": true, "isReprint": true, "isStarter": true, "keywords": ["Transform"], "language": "English", "layout": "transform", "legalities": {"commander": "Legal", "duel": "Legal", "explorer": "Legal", "gladiator": "Legal", "historic": "Legal", "historicbrawl": "Legal", "legacy": "Legal", "modern": "Legal", "penny": "Legal", "pioneer": "Legal", "vintage": "Legal"}, "manaValue": 4.0, "name": "Vance's Blasting Cannons // Spitfire Bastion", "number": "173", "otherFaceIds": ["8a11f95d-5335-5bda-ba45-b4d49184d5ef"], "printings": ["PXLN", "PXTC", "XLN"], "promoTypes": ["buyabox"], "purchaseUrls": {"tcgplayer": "https://mtgjson.com/links/0e2d9c1599da8023"}, "rarity": "rare", "rulings": [{"date": "2017-09-29", "text": "The card exiled by the first ability of Vance’s Blasting Cannons is exiled face up."}, {"date": "2017-09-29", "text": "Casting the exiled card follows the normal rules for casting that card. You must pay its costs, and you must follow all applicable timing rules. For example, if you exile a creature card this way, you must wait until your main phase to cast it."}, {"date": "2017-09-29", "text": "If you don’t cast the exiled card, it remains in exile."}, {"date": "2017-09-29", "text": "The second ability of Vance’s Blasting Cannons resolves before the spell that caused it to trigger. The ability will resolve even if that spell is countered."}, {"date": "2017-09-29", "text": "The second ability of Vance’s Blasting Cannons counts all the spells you’ve cast, including Vance’s Blasting Cannons itself if you cast it this turn. The ability won’t trigger unless Vance’s Blasting Cannons is on the battlefield as you cast your third spell of the turn."}, {"date": "2018-01-19", "text": "For more information on double-faced cards, see the Ixalan mechanics article (http://magic.wizards.com/en/articles/archive/feature/ixalan-mechanics)."}], "securityStamp": "oval", "setCode": "PXTC", "side": "b", "subtypes": [], "supertypes": ["Legendary"], "text": "(Transforms from Vance's Blasting Cannons.)\n{T}: Add {R}.\n{2}{R}, {T}: Spitfire Bastion deals 3 damage to any target.", "type": "Legendary Land", "types": ["Land"], "uuid": "e4c41651-8465-5951-936c-3a96c77cd6a1", "watermark": "set"}, {"artist": "Grzegorz Rutkowski", "availability": ["paper"], "borderColor": "black", "colorIdentity": ["G"], "colors": ["G"], "convertedManaCost": 3.0, "edhrecRank": 512, "faceConvertedManaCost": 3.0, "faceManaValue": 3.0, "faceName": "Growing Rites of Itlimoc", "finishes": ["foil"], "foreignData": [], "frameEffects": ["compasslanddfc"], "frameVersion": "2015", "hasFoil": true, "hasNonFoil": false, "identifiers": {"cardKingdomFoilId": "216080", "cardsphereId": "52355", "mcmId": "313039", "mtgjsonV4Id": "bc6e0fcd-e517-5eb1-8187-928db72944e7", "scryfallId": "4ca05921-d3bd-4c39-8b37-243658a2f23f", "scryfallIllustrationId": "807e1577-8345-4866-81ae-648e1610f828", "scryfallOracleId": "ea9c459a-6047-43aa-968f-a582be4000e8", "tcgplayerProductId": "151713"}, "isPromo": true, "isReprint": true, "isStarter": true, "keywords": ["Transform"], "language": "English", "layout": "transform", "legalities": {"commander": "Legal", "duel": "Legal", "explorer": "Legal", "gladiator": "Legal", "historic": "Legal", "historicbrawl": "Legal", "legacy": "Legal", "modern": "Legal", "penny": "Legal", "pioneer": "Legal", "vintage": "Legal"}, "manaCost": "{2}{G}", "manaValue": 3.0, "name": "Growing Rites of Itlimoc // Itlimoc, Cradle of the Sun", "number": "191", "otherFaceIds": ["22e70bbf-c7e2-50c7-9990-c7725e6639df"], "printings": ["P22", "PXLN", "PXTC", "XLN"], "promoTypes": ["buyabox"], "purchaseUrls": {"cardKingdomFoil": "https://mtgjson.com/links/db84a21ee34f0973", "tcgplayer": "https://mtgjson.com/links/a331dc84c81f6e1d"}, "rarity": "rare", "rulings": [{"date": "2017-09-29", "text": "The last ability of Growing Rites of Itlimoc doesn’t trigger if you don’t control four or more creatures as your end step begins. If you don’t control four or more creatures as it resolves, it does nothing."}, {"date": "2017-09-29", "text": "If you control a creature that will be removed from the battlefield “at the beginning of the next end step,” you can resolve the ability of Growing Rites of Itlimoc before that creature leaves the battlefield."}, {"date": "2017-09-29", "text": "If you gain control of a creature “until end of turn,” or if a noncreature permanent you control becomes a creature “until end of turn,” it’ll be a creature under your control through the entire end step."}, {"date": "2018-01-19", "text": "For more information on double-faced cards, see the Ixalan mechanics article (http://magic.wizards.com/en/articles/archive/feature/ixalan-mechanics)."}], "securityStamp": "oval", "setCode": "PXTC", "side": "a", "subtypes": [], "supertypes": ["Legendary"], "text": "When Growing Rites of Itlimoc enters the battlefield, look at the top four cards of your library. You may reveal a creature card from among them and put it into your hand. Put the rest on the bottom of your library in any order.\nAt the beginning of your end step, if you control four or more creatures, transform Growing Rites of Itlimoc.", "type": "Legendary Enchantment", "types": ["Enchantment"], "uuid": "daa40fb0-cd50-5c75-bee6-1b6adafbb590", "watermark": "set"}, {"artist": "Jared Blando", "availability": ["paper"], "borderColor": "black", "colorIdentity": ["G"], "colors": [], "convertedManaCost": 3.0, "edhrecRank": 512, "faceConvertedManaCost": 0.0, "faceManaValue": 0.0, "faceName": "Itlimoc, Cradle of the Sun", "finishes": ["foil"], "flavorText": "Before the Sun Empire was born, humans and merfolk joined their magic to invoke a blessing of fertility on the land.", "foreignData": [], "frameEffects": ["compasslanddfc"], "frameVersion": "2015", "hasFoil": true, "hasNonFoil": false, "identifiers": {"cardsphereId": "52355", "mcmId": "313039", "mtgjsonV4Id": "1299f4e3-3ad8-5338-8e87-70ee44ed2a0a", "scryfallId": "4ca05921-d3bd-4c39-8b37-243658a2f23f", "scryfallIllustrationId": "7cec268a-35c2-4b1e-a07c-78ed8be7138b", "scryfallOracleId": "ea9c459a-6047-43aa-968f-a582be4000e8", "tcgplayerProductId": "151713"}, "isPromo": true, "isReprint": true, "isStarter": true, "keywords": ["Transform"], "language": "English", "layout": "transform", "legalities": {"commander": "Legal", "duel": "Legal", "explorer": "Legal", "gladiator": "Legal", "historic": "Legal", "historicbrawl": "Legal", "legacy": "Legal", "modern": "Legal", "penny": "Legal", "pioneer": "Legal", "vintage": "Legal"}, "manaValue": 3.0, "name": "Growing Rites of Itlimoc // Itlimoc, Cradle of the Sun", "number": "191", "otherFaceIds": ["daa40fb0-cd50-5c75-bee6-1b6adafbb590"], "printings": ["P22", "PXLN", "PXTC", "XLN"], "promoTypes": ["buyabox"], "purchaseUrls": {"tcgplayer": "https://mtgjson.com/links/0497f27c831611b0"}, "rarity": "rare", "rulings": [{"date": "2017-09-29", "text": "The last ability of Growing Rites of Itlimoc doesn’t trigger if you don’t control four or more creatures as your end step begins. If you don’t control four or more creatures as it resolves, it does nothing."}, {"date": "2017-09-29", "text": "If you control a creature that will be removed from the battlefield “at the beginning of the next end step,” you can resolve the ability of Growing Rites of Itlimoc before that creature leaves the battlefield."}, {"date": "2017-09-29", "text": "If you gain control of a creature “until end of turn,” or if a noncreature permanent you control becomes a creature “until end of turn,” it’ll be a creature under your control through the entire end step."}, {"date": "2018-01-19", "text": "For more information on double-faced cards, see the Ixalan mechanics article (http://magic.wizards.com/en/articles/archive/feature/ixalan-mechanics)."}], "securityStamp": "oval", "setCode": "PXTC", "side": "b", "subtypes": [], "supertypes": ["Legendary"], "text": "(Transforms from Growing Rites of Itlimoc.)\n{T}: Add {G}.\n{T}: Add {G} for each creature you control.", "type": "Legendary Land", "types": ["Land"], "uuid": "22e70bbf-c7e2-50c7-9990-c7725e6639df", "watermark": "set"}, {"artist": "Emrah Elmasli", "availability": ["paper"], "borderColor": "black", "colorIdentity": [], "colors": [], "convertedManaCost": 4.0, "edhrecRank": 3545, "faceConvertedManaCost": 4.0, "faceManaValue": 4.0, "faceName": "Conqueror's Galleon", "finishes": ["foil"], "foreignData": [], "frameEffects": ["compasslanddfc"], "frameVersion": "2015", "hasFoil": true, "hasNonFoil": false, "identifiers": {"cardKingdomFoilId": "216078", "cardsphereId": "52353", "mcmId": "313040", "mtgjsonV4Id": "87d08b6d-f54e-5051-812d-572d6c55d1a1", "scryfallId": "5f233ff1-5a4a-47d3-b3d5-6a00a7a00732", "scryfallIllustrationId": "2b6d40e9-0271-4288-8828-3ed4a4fb0b12", "scryfallOracleId": "88b18901-50cd-461c-b1bc-be900210be8e", "tcgplayerProductId": "151714"}, "isPromo": true, "isReprint": true, "isStarter": true, "keywords": ["Crew", "Transform"], "language": "English", "layout": "transform", "legalities": {"commander": "Legal", "duel": "Legal", "explorer": "Legal", "gladiator": "Legal", "historic": "Legal", "historicbrawl": "Legal", "legacy": "Legal", "modern": "Legal", "penny": "Legal", "pioneer": "Legal", "vintage": "Legal"}, "manaCost": "{4}", "manaValue": 4.0, "name": "Conqueror's Galleon // Conqueror's Foothold", "number": "234", "otherFaceIds": ["900e315d-2255-5f68-b215-2b6b0f9fb6f0"], "power": "2", "printings": ["PXLN", "PXTC", "XLN"], "promoTypes": ["buyabox"], "purchaseUrls": {"cardKingdomFoil": "https://mtgjson.com/links/5e9db0869721f05e", "tcgplayer": "https://mtgjson.com/links/816e9e6b36317e82"}, "rarity": "rare", "rulings": [{"date": "2017-09-29", "text": "Unlike the other double-faced cards in the Ixalan set, Conqueror’s Galleon is exiled and then returned to battlefield transformed. It will be considered a new object entering the battlefield. Notably, it will return to the battlefield untapped."}, {"date": "2017-09-29", "text": "Each Vehicle is printed with a power and toughness, but it’s not a creature. If it becomes a creature (most likely through its crew ability), it will have that power and toughness."}, {"date": "2017-09-29", "text": "If an effect causes a Vehicle to become an artifact creature with a specified power and toughness, that effect overwrites the Vehicle’s printed power and toughness."}, {"date": "2017-09-29", "text": "Vehicle is an artifact type, not a creature type. A Vehicle that’s crewed won’t normally have any creature type."}, {"date": "2017-09-29", "text": "Once a player announces that they are activating a crew ability, no player may take other actions until the ability has been paid for. Notably, players can’t try to stop the ability by changing a creature’s power or by removing or tapping a creature."}, {"date": "2017-09-29", "text": "Any untapped creature you control can be tapped to pay a crew cost, even one that just came under your control."}, {"date": "2017-09-29", "text": "Conqueror’s Galleon won’t be exiled if it doesn’t survive combat."}, {"date": "2017-09-29", "text": "Creatures that crew a Vehicle aren’t attached to it or related in any other way. Effects that affect the Vehicle, such as by destroying it or giving it a +1/+1 counter, don’t affect the creatures that crewed it."}, {"date": "2017-09-29", "text": "Once a Vehicle becomes a creature, it behaves exactly like any other artifact creature. It can’t attack unless you’ve controlled it continuously since your turn began, it can block if it’s untapped, it can be tapped to pay a Vehicle’s crew cost, and so on."}, {"date": "2017-09-29", "text": "You may activate a crew ability of a Vehicle even if it’s already an artifact creature. Doing so has no effect on the Vehicle. It doesn’t change its power and toughness."}, {"date": "2017-09-29", "text": "For a Vehicle to be able to attack, it must be a creature as the declare attackers step begins, so the latest you can activate its crew ability to attack with it is during the beginning of combat step. For a Vehicle to be able to block, it must be a creature as the declare blockers step begins, so the latest you can activate its crew ability to block with it is during the declare attackers step. In either case, players may take actions after the crew ability resolves but before the Vehicle has been declared as an attacking or blocking creature."}, {"date": "2017-09-29", "text": "When a Vehicle becomes a creature, that doesn’t count as having a creature enter the battlefield. The permanent was already on the battlefield; it only changed its types. Abilities that trigger whenever a creature enters the battlefield won’t trigger."}, {"date": "2017-09-29", "text": "If a permanent becomes a copy of a Vehicle, the copy won’t be a creature, even if the Vehicle it’s copying has become an artifact creature."}, {"date": "2017-09-29", "text": "You may tap more creatures than necessary to activate a crew ability."}, {"date": "2018-01-19", "text": "For more information on double-faced cards, see the Ixalan mechanics article (http://magic.wizards.com/en/articles/archive/feature/ixalan-mechanics)."}], "securityStamp": "oval", "setCode": "PXTC", "side": "a", "subtypes": ["Vehicle"], "supertypes": [], "text": "When Conqueror's Galleon attacks, exile it at end of combat, then return it to the battlefield transformed under your control.\nCrew 4 (Tap any number of creatures you control with total power 4 or more: This Vehicle becomes an artifact creature until end of turn.)", "toughness": "10", "type": "Artifact — Vehicle", "types": ["Artifact"], "uuid": "a184cac6-f8f5-525e-bc65-efd62c796bc7", "watermark": "set"}, {"artist": "Jared Blando", "availability": ["paper"], "borderColor": "black", "colorIdentity": [], "colors": [], "convertedManaCost": 4.0, "edhrecRank": 3545, "faceConvertedManaCost": 0.0, "faceManaValue": 0.0, "faceName": "Conqueror's Foothold", "finishes": ["foil"], "foreignData": [], "frameEffects": ["compasslanddfc"], "frameVersion": "2015", "hasFoil": true, "hasNonFoil": false, "identifiers": {"cardsphereId": "52353", "mcmId": "313040", "mtgjsonV4Id": "0cdd1e7d-784b-5ac7-941c-ec9493e8ab55", "scryfallId": "5f233ff1-5a4a-47d3-b3d5-6a00a7a00732", "scryfallIllustrationId": "ddb6bf7f-3b0d-467e-a762-92676958427a", "scryfallOracleId": "88b18901-50cd-461c-b1bc-be900210be8e", "tcgplayerProductId": "151714"}, "isPromo": true, "isReprint": true, "isStarter": true, "keywords": ["Transform"], "language": "English", "layout": "transform", "legalities": {"commander": "Legal", "duel": "Legal", "explorer": "Legal", "gladiator": "Legal", "historic": "Legal", "historicbrawl": "Legal", "legacy": "Legal", "modern": "Legal", "penny": "Legal", "pioneer": "Legal", "vintage": "Legal"}, "manaValue": 4.0, "name": "Conqueror's Galleon // Conqueror's Foothold", "number": "234", "otherFaceIds": ["a184cac6-f8f5-525e-bc65-efd62c796bc7"], "printings": ["PXLN", "PXTC", "XLN"], "promoTypes": ["buyabox"], "purchaseUrls": {"tcgplayer": "https://mtgjson.com/links/ca5f03ef1d542e3f"}, "rarity": "rare", "rulings": [{"date": "2017-09-29", "text": "Unlike the other double-faced cards in the Ixalan set, Conqueror’s Galleon is exiled and then returned to battlefield transformed. It will be considered a new object entering the battlefield. Notably, it will return to the battlefield untapped."}, {"date": "2017-09-29", "text": "Each Vehicle is printed with a power and toughness, but it’s not a creature. If it becomes a creature (most likely through its crew ability), it will have that power and toughness."}, {"date": "2017-09-29", "text": "If an effect causes a Vehicle to become an artifact creature with a specified power and toughness, that effect overwrites the Vehicle’s printed power and toughness."}, {"date": "2017-09-29", "text": "Vehicle is an artifact type, not a creature type. A Vehicle that’s crewed won’t normally have any creature type."}, {"date": "2017-09-29", "text": "Once a player announces that they are activating a crew ability, no player may take other actions until the ability has been paid for. Notably, players can’t try to stop the ability by changing a creature’s power or by removing or tapping a creature."}, {"date": "2017-09-29", "text": "Any untapped creature you control can be tapped to pay a crew cost, even one that just came under your control."}, {"date": "2017-09-29", "text": "Conqueror’s Galleon won’t be exiled if it doesn’t survive combat."}, {"date": "2017-09-29", "text": "Creatures that crew a Vehicle aren’t attached to it or related in any other way. Effects that affect the Vehicle, such as by destroying it or giving it a +1/+1 counter, don’t affect the creatures that crewed it."}, {"date": "2017-09-29", "text": "Once a Vehicle becomes a creature, it behaves exactly like any other artifact creature. It can’t attack unless you’ve controlled it continuously since your turn began, it can block if it’s untapped, it can be tapped to pay a Vehicle’s crew cost, and so on."}, {"date": "2017-09-29", "text": "You may activate a crew ability of a Vehicle even if it’s already an artifact creature. Doing so has no effect on the Vehicle. It doesn’t change its power and toughness."}, {"date": "2017-09-29", "text": "For a Vehicle to be able to attack, it must be a creature as the declare attackers step begins, so the latest you can activate its crew ability to attack with it is during the beginning of combat step. For a Vehicle to be able to block, it must be a creature as the declare blockers step begins, so the latest you can activate its crew ability to block with it is during the declare attackers step. In either case, players may take actions after the crew ability resolves but before the Vehicle has been declared as an attacking or blocking creature."}, {"date": "2017-09-29", "text": "When a Vehicle becomes a creature, that doesn’t count as having a creature enter the battlefield. The permanent was already on the battlefield; it only changed its types. Abilities that trigger whenever a creature enters the battlefield won’t trigger."}, {"date": "2017-09-29", "text": "If a permanent becomes a copy of a Vehicle, the copy won’t be a creature, even if the Vehicle it’s copying has become an artifact creature."}, {"date": "2017-09-29", "text": "You may tap more creatures than necessary to activate a crew ability."}, {"date": "2018-01-19", "text": "For more information on double-faced cards, see the Ixalan mechanics article (http://magic.wizards.com/en/articles/archive/feature/ixalan-mechanics)."}], "securityStamp": "oval", "setCode": "PXTC", "side": "b", "subtypes": [], "supertypes": [], "text": "(Transforms from Conqueror's Galleon.)\n{T}: Add {C}.\n{2}, {T}: Draw a card, then discard a card.\n{4}, {T}: Draw a card.\n{6}, {T}: Return target card from your graveyard to your hand.", "type": "Land", "types": ["Land"], "uuid": "900e315d-2255-5f68-b215-2b6b0f9fb6f0", "watermark": "set"}, {"artist": "Florian de Gesincourt", "availability": ["paper"], "borderColor": "black", "colorIdentity": [], "colors": [], "convertedManaCost": 2.0, "edhrecRank": 1162, "faceConvertedManaCost": 2.0, "faceManaValue": 2.0, "faceName": "Dowsing Dagger", "finishes": ["foil"], "foreignData": [], "frameEffects": ["compasslanddfc"], "frameVersion": "2015", "hasFoil": true, "hasNonFoil": false, "identifiers": {"cardKingdomFoilId": "216011", "cardsphereId": "52354", "mcmId": "313042", "mtgjsonV4Id": "866e4a3c-6bea-541f-842c-a54291eb40b4", "scryfallId": "560c1129-b375-4bb7-9595-9ca92945e5bd", "scryfallIllustrationId": "01a293c1-a060-4301-940e-83c32496cd7e", "scryfallOracleId": "df34a6ad-ae1c-4470-8c9e-49815bba1973", "tcgplayerProductId": "151715"}, "isPromo": true, "isReprint": true, "isStarter": true, "keywords": ["Equip", "Transform"], "language": "English", "layout": "transform", "legalities": {"commander": "Legal", "duel": "Legal", "explorer": "Legal", "gladiator": "Legal", "historic": "Legal", "historicbrawl": "Legal", "legacy": "Legal", "modern": "Legal", "penny": "Legal", "pioneer": "Legal", "vintage": "Legal"}, "manaCost": "{2}", "manaValue": 2.0, "name": "Dowsing Dagger // Lost Vale", "number": "235", "otherFaceIds": ["e9a2d3bf-c356-560b-bc02-e57634c157d3"], "printings": ["PXLN", "PXTC", "XLN"], "promoTypes": ["buyabox"], "purchaseUrls": {"cardKingdomFoil": "https://mtgjson.com/links/a752804f84fbc03d", "tcgplayer": "https://mtgjson.com/links/4517eaae8fda4dd3"}, "rarity": "rare", "rulings": [{"date": "2017-09-29", "text": "Attacking with an equipped creature doesn’t cause Equipment attached to it to become tapped. Dowsing Dagger will normally be untapped when it transforms into Lost Vale."}, {"date": "2018-01-19", "text": "For more information on double-faced cards, see the Ixalan mechanics article (http://magic.wizards.com/en/articles/archive/feature/ixalan-mechanics)."}], "securityStamp": "oval", "setCode": "PXTC", "side": "a", "subtypes": ["Equipment"], "supertypes": [], "text": "When Dowsing Dagger enters the battlefield, target opponent creates two 0/2 green Plant creature tokens with defender.\nEquipped creature gets +2/+1.\nWhenever equipped creature deals combat damage to a player, you may transform Dowsing Dagger.\nEquip {2}", "type": "Artifact — Equipment", "types": ["Artifact"], "uuid": "04baa88d-44a7-5549-8844-c401b1448459", "watermark": "set"}, {"artist": "Jared Blando", "availability": ["paper"], "borderColor": "black", "colorIdentity": [], "colors": [], "convertedManaCost": 2.0, "edhrecRank": 1162, "faceConvertedManaCost": 0.0, "faceManaValue": 0.0, "faceName": "Lost Vale", "finishes": ["foil"], "flavorText": "The pirates had ventured into the interior for treasure. They found something far greater.", "foreignData": [], "frameEffects": ["compasslanddfc"], "frameVersion": "2015", "hasFoil": true, "hasNonFoil": false, "identifiers": {"cardsphereId": "52354", "mcmId": "313042", "mtgjsonV4Id": "fce82954-68bb-589d-a514-31cc07f314f0", "scryfallId": "560c1129-b375-4bb7-9595-9ca92945e5bd", "scryfallIllustrationId": "f7f3bdb9-8a64-42b4-8389-a58c173799a7", "scryfallOracleId": "df34a6ad-ae1c-4470-8c9e-49815bba1973", "tcgplayerProductId": "151715"}, "isPromo": true, "isReprint": true, "isStarter": true, "keywords": ["Transform"], "language": "English", "layout": "transform", "legalities": {"commander": "Legal", "duel": "Legal", "explorer": "Legal", "gladiator": "Legal", "historic": "Legal", "historicbrawl": "Legal", "legacy": "Legal", "modern": "Legal", "penny": "Legal", "pioneer": "Legal", "vintage": "Legal"}, "manaValue": 2.0, "name": "Dowsing Dagger // Lost Vale", "number": "235", "otherFaceIds": ["04baa88d-44a7-5549-8844-c401b1448459"], "printings": ["PXLN", "PXTC", "XLN"], "promoTypes": ["buyabox"], "purchaseUrls": {"tcgplayer": "https://mtgjson.com/links/47b7e47d6709c6b8"}, "rarity": "rare", "rulings": [{"date": "2017-09-29", "text": "Attacking with an equipped creature doesn’t cause Equipment attached to it to become tapped. Dowsing Dagger will normally be untapped when it transforms into Lost Vale."}, {"date": "2018-01-19", "text": "For more information on double-faced cards, see the Ixalan mechanics article (http://magic.wizards.com/en/articles/archive/feature/ixalan-mechanics)."}], "securityStamp": "oval", "setCode": "PXTC", "side": "b", "subtypes": [], "supertypes": [], "text": "(Transforms from Dowsing Dagger.)\n{T}: Add three mana of any one color.", "type": "Land", "types": ["Land"], "uuid": "e9a2d3bf-c356-560b-bc02-e57634c157d3", "watermark": "set"}, {"artist": "John Avon", "availability": ["paper"], "borderColor": "black", "colorIdentity": [], "colors": [], "convertedManaCost": 4.0, "edhrecRank": 820, "faceConvertedManaCost": 4.0, "faceManaValue": 4.0, "faceName": "Primal Amulet", "finishes": ["foil"], "foreignData": [], "frameEffects": ["compasslanddfc"], "frameVersion": "2015", "hasFoil": true, "hasNonFoil": false, "identifiers": {"cardKingdomFoilId": "216085", "cardsphereId": "52357", "mcmId": "313043", "mtgjsonV4Id": "52d090b4-3eb2-5dc7-b444-69ad8639c7a6", "scryfallId": "9235dfc1-19bf-4923-84f7-721018514866", "scryfallIllustrationId": "2b1ac5b7-96ee-4c97-984e-783224232f89", "scryfallOracleId": "8e4d0da0-c7d8-4a20-9bfd-02c1331a7a49", "tcgplayerProductId": "151716"}, "isPromo": true, "isReprint": true, "isStarter": true, "keywords": ["Transform"], "language": "English", "layout": "transform", "legalities": {"commander": "Legal", "duel": "Legal", "explorer": "Legal", "gladiator": "Legal", "historic": "Legal", "historicbrawl": "Legal", "legacy": "Legal", "modern": "Legal", "penny": "Legal", "pioneer": "Legal", "vintage": "Legal"}, "manaCost": "{4}", "manaValue": 4.0, "name": "Primal Amulet // Primal Wellspring", "number": "243", "otherFaceIds": ["5382b647-c93f-5794-8b62-f69bf6a1da12"], "printings": ["PXLN", "PXTC", "XLN"], "promoTypes": ["buyabox"], "purchaseUrls": {"cardKingdomFoil": "https://mtgjson.com/links/fdb6de97757a51be", "tcgplayer": "https://mtgjson.com/links/f97e328f9804f694"}, "rarity": "rare", "rulings": [{"date": "2017-09-29", "text": "Effects that reduce the generic mana cost of a spell can’t reduce that spell’s colored mana requirements."}, {"date": "2017-09-29", "text": "Primal Amulet’s last ability triggers once you’ve completed casting a spell. Notably, you can’t use Primal Wellspring to pay for the spell that gives Primal Amulet its fourth counter."}, {"date": "2017-09-29", "text": "If a fourth charge counter is put on Primal Amulet by something other than the resolution of its ability (as modified by any applicable replacement effects), you won’t be able to remove those counters and transform it yet. You’ll have to wait until you cast an instant or sorcery spell again."}, {"date": "2017-09-29", "text": "The mana produced by Primal Wellspring can be spent on anything, not just an instant or sorcery spell."}, {"date": "2017-09-29", "text": "Any instant or sorcery spell you spend the mana on will be copied, not just one that requires targets."}, {"date": "2017-09-29", "text": "The delayed triggered ability from Primal Wellspring’s mana ability will trigger even if Primal Wellspring leaves the battlefield before that mana is spent."}, {"date": "2017-09-29", "text": "If more than one mana produced by a Primal Wellspring is spent to cast a single instant or sorcery spell, the delayed triggered ability associated with each mana spent will trigger. That many copies will be created. It doesn’t matter if this mana was produced by one Primal Wellspring or by multiple Primal Wellsprings."}, {"date": "2017-09-29", "text": "Primal Wellspring’s delayed triggered ability can copy the spell even if that spell is countered before the ability resolves."}, {"date": "2017-09-29", "text": "If a copy is created, you control the copy. That copy is created on the stack, so it’s not “cast.” Abilities that trigger when a player casts a spell won’t trigger. The copy will then resolve like a normal spell, after players get a chance to cast spells and activate abilities."}, {"date": "2017-09-29", "text": "The copy will have the same targets as the spell it’s copying unless you choose new ones. You may change any number of the targets, including all of them or none of them. If, for one of the targets, you can’t choose a new legal target, then it remains unchanged (even if the current target is illegal)."}, {"date": "2017-09-29", "text": "If the copied spell is modal (that is, it says “Choose one —” or the like), the copy will have the same mode. You can’t choose a different one."}, {"date": "2017-09-29", "text": "If the copied spell has an X whose value was determined as it was cast, the copy has the same value of X."}, {"date": "2017-09-29", "text": "To determine the total cost of a spell, start with the mana cost or alternative cost you’re paying, add any cost increases, then apply any cost reductions. The converted mana cost of the spell remains unchanged, no matter what the total cost to cast it was."}, {"date": "2017-09-29", "text": "You can’t choose to pay any additional costs for the copy. However, effects based on any additional costs that were paid for the original spell are copied as though those same costs were paid for the copy too. For example, if you sacrifice a 3/3 creature to cast Fling, and you copy it, the copy of Fling will also deal 3 damage to its target."}, {"date": "2018-01-19", "text": "For more information on double-faced cards, see the Ixalan mechanics article (http://magic.wizards.com/en/articles/archive/feature/ixalan-mechanics)."}], "securityStamp": "oval", "setCode": "PXTC", "side": "a", "subtypes": [], "supertypes": [], "text": "Instant and sorcery spells you cast cost {1} less to cast.\nWhenever you cast an instant or sorcery spell, put a charge counter on Primal Amulet. Then if there are four or more charge counters on it, you may remove those counters and transform it.", "type": "Artifact", "types": ["Artifact"], "uuid": "31b3e16a-c06f-532d-981e-ea0fd9957910", "watermark": "set"}, {"artist": "Jared Blando", "availability": ["paper"], "borderColor": "black", "colorIdentity": [], "colors": [], "convertedManaCost": 4.0, "edhrecRank": 820, "faceConvertedManaCost": 0.0, "faceManaValue": 0.0, "faceName": "Primal Wellspring", "finishes": ["foil"], "foreignData": [], "frameEffects": ["compasslanddfc"], "frameVersion": "2015", "hasFoil": true, "hasNonFoil": false, "identifiers": {"cardsphereId": "52357", "mcmId": "313043", "mtgjsonV4Id": "42f28001-b80f-570b-bc71-48d400b94fcf", "scryfallId": "9235dfc1-19bf-4923-84f7-721018514866", "scryfallIllustrationId": "f9d53263-ad93-48f8-ae0d-c1ce260d6613", "scryfallOracleId": "8e4d0da0-c7d8-4a20-9bfd-02c1331a7a49", "tcgplayerProductId": "151716"}, "isPromo": true, "isReprint": true, "isStarter": true, "keywords": ["Transform"], "language": "English", "layout": "transform", "legalities": {"commander": "Legal", "duel": "Legal", "explorer": "Legal", "gladiator": "Legal", "historic": "Legal", "historicbrawl": "Legal", "legacy": "Legal", "modern": "Legal", "penny": "Legal", "pioneer": "Legal", "vintage": "Legal"}, "manaValue": 4.0, "name": "Primal Amulet // Primal Wellspring", "number": "243", "otherFaceIds": ["31b3e16a-c06f-532d-981e-ea0fd9957910"], "printings": ["PXLN", "PXTC", "XLN"], "promoTypes": ["buyabox"], "purchaseUrls": {"tcgplayer": "https://mtgjson.com/links/f5aa2a0606956a88"}, "rarity": "rare", "rulings": [{"date": "2017-09-29", "text": "Effects that reduce the generic mana cost of a spell can’t reduce that spell’s colored mana requirements."}, {"date": "2017-09-29", "text": "Primal Amulet’s last ability triggers once you’ve completed casting a spell. Notably, you can’t use Primal Wellspring to pay for the spell that gives Primal Amulet its fourth counter."}, {"date": "2017-09-29", "text": "If a fourth charge counter is put on Primal Amulet by something other than the resolution of its ability (as modified by any applicable replacement effects), you won’t be able to remove those counters and transform it yet. You’ll have to wait until you cast an instant or sorcery spell again."}, {"date": "2017-09-29", "text": "The mana produced by Primal Wellspring can be spent on anything, not just an instant or sorcery spell."}, {"date": "2017-09-29", "text": "Any instant or sorcery spell you spend the mana on will be copied, not just one that requires targets."}, {"date": "2017-09-29", "text": "The delayed triggered ability from Primal Wellspring’s mana ability will trigger even if Primal Wellspring leaves the battlefield before that mana is spent."}, {"date": "2017-09-29", "text": "If more than one mana produced by a Primal Wellspring is spent to cast a single instant or sorcery spell, the delayed triggered ability associated with each mana spent will trigger. That many copies will be created. It doesn’t matter if this mana was produced by one Primal Wellspring or by multiple Primal Wellsprings."}, {"date": "2017-09-29", "text": "Primal Wellspring’s delayed triggered ability can copy the spell even if that spell is countered before the ability resolves."}, {"date": "2017-09-29", "text": "If a copy is created, you control the copy. That copy is created on the stack, so it’s not “cast.” Abilities that trigger when a player casts a spell won’t trigger. The copy will then resolve like a normal spell, after players get a chance to cast spells and activate abilities."}, {"date": "2017-09-29", "text": "The copy will have the same targets as the spell it’s copying unless you choose new ones. You may change any number of the targets, including all of them or none of them. If, for one of the targets, you can’t choose a new legal target, then it remains unchanged (even if the current target is illegal)."}, {"date": "2017-09-29", "text": "If the copied spell is modal (that is, it says “Choose one —” or the like), the copy will have the same mode. You can’t choose a different one."}, {"date": "2017-09-29", "text": "If the copied spell has an X whose value was determined as it was cast, the copy has the same value of X."}, {"date": "2017-09-29", "text": "To determine the total cost of a spell, start with the mana cost or alternative cost you’re paying, add any cost increases, then apply any cost reductions. The converted mana cost of the spell remains unchanged, no matter what the total cost to cast it was."}, {"date": "2017-09-29", "text": "You can’t choose to pay any additional costs for the copy. However, effects based on any additional costs that were paid for the original spell are copied as though those same costs were paid for the copy too. For example, if you sacrifice a 3/3 creature to cast Fling, and you copy it, the copy of Fling will also deal 3 damage to its target."}, {"date": "2018-01-19", "text": "For more information on double-faced cards, see the Ixalan mechanics article (http://magic.wizards.com/en/articles/archive/feature/ixalan-mechanics)."}], "securityStamp": "oval", "setCode": "PXTC", "side": "b", "subtypes": [], "supertypes": [], "text": "(Transforms from Primal Amulet.)\n{T}: Add one mana of any color. When that mana is spent to cast an instant or sorcery spell, copy that spell and you may choose new targets for the copy.", "type": "Land", "types": ["Land"], "uuid": "5382b647-c93f-5794-8b62-f69bf6a1da12", "watermark": "set"}, {"artist": "Yeong-Hao Han", "availability": ["paper"], "borderColor": "black", "colorIdentity": [], "colors": [], "convertedManaCost": 2.0, "edhrecRank": 1718, "faceConvertedManaCost": 2.0, "faceManaValue": 2.0, "faceName": "Thaumatic Compass", "finishes": ["foil"], "flavorText": "\"Clearly, it indicates the aetheric azimuth of …\"\n—Jace Beleren", "foreignData": [], "frameEffects": ["compasslanddfc"], "frameVersion": "2015", "hasFoil": true, "hasNonFoil": false, "identifiers": {"cardKingdomFoilId": "216087", "cardsphereId": "52359", "mcmId": "313044", "mtgjsonV4Id": "fe0e89dc-8c48-5fa3-b692-5b996fe3a967", "scryfallId": "e0123e46-77ab-400d-bac7-a0057e137fbb", "scryfallIllustrationId": "7e7ecbcf-37a6-4960-83d4-0c7788af06b2", "scryfallOracleId": "f9085e55-2833-41b7-9100-a35dc04dee93", "tcgplayerProductId": "151717"}, "isPromo": true, "isReprint": true, "isStarter": true, "keywords": ["Transform"], "language": "English", "layout": "transform", "legalities": {"commander": "Legal", "duel": "Legal", "explorer": "Legal", "gladiator": "Legal", "historic": "Legal", "historicbrawl": "Legal", "legacy": "Legal", "modern": "Legal", "penny": "Legal", "pioneer": "Legal", "vintage": "Legal"}, "manaCost": "{2}", "manaValue": 2.0, "name": "Thaumatic Compass // Spires of Orazca", "number": "249", "otherFaceIds": ["c4a66e69-c8c6-5b60-a175-c6de5d203e5a"], "printings": ["PXLN", "PXTC", "XLN"], "promoTypes": ["buyabox"], "purchaseUrls": {"cardKingdomFoil": "https://mtgjson.com/links/a2a168951c4cf638", "tcgplayer": "https://mtgjson.com/links/c5f6ef2e70574582"}, "rarity": "rare", "rulings": [{"date": "2017-09-29", "text": "Removing a creature from combat doesn’t change the fact that it attacked, even though it’s no longer an attacking creature. Notably, raid abilities will still be satisfied if every attacking creature is removed from combat."}, {"date": "2018-01-19", "text": "For more information on double-faced cards, see the Ixalan mechanics article (http://magic.wizards.com/en/articles/archive/feature/ixalan-mechanics)."}, {"date": "2018-01-19", "text": "There are many important moments in the story, but the most crucial—called “story spotlights”—are shown on cards. These cards have the Planeswalker symbol in their text box; this symbol has no effect on gameplay. You can read more about these events in the official Magic fiction at http://www.mtgstory.com."}], "securityStamp": "oval", "setCode": "PXTC", "side": "a", "subtypes": [], "supertypes": [], "text": "{3}, {T}: Search your library for a basic land card, reveal it, put it into your hand, then shuffle.\nAt the beginning of your end step, if you control seven or more lands, transform Thaumatic Compass.", "type": "Artifact", "types": ["Artifact"], "uuid": "7d9a6641-db5b-5555-9933-7a09b9f7e78d", "watermark": "set"}, {"artist": "Jared Blando", "availability": ["paper"], "borderColor": "black", "colorIdentity": [], "colors": [], "convertedManaCost": 2.0, "edhrecRank": 1718, "faceConvertedManaCost": 0.0, "faceManaValue": 0.0, "faceName": "Spires of Orazca", "finishes": ["foil"], "flavorText": "\"… a cryptic objective.\"\n—Jace Beleren", "foreignData": [], "frameEffects": ["compasslanddfc"], "frameVersion": "2015", "hasFoil": true, "hasNonFoil": false, "identifiers": {"cardsphereId": "52359", "mcmId": "313044", "mtgjsonV4Id": "37e8c29a-a1a7-54fe-9e39-234fc324a381", "scryfallId": "e0123e46-77ab-400d-bac7-a0057e137fbb", "scryfallIllustrationId": "bcdfe09f-9e3b-4daf-bbe4-ca2ee86d5d5c", "scryfallOracleId": "f9085e55-2833-41b7-9100-a35dc04dee93", "tcgplayerProductId": "151717"}, "isPromo": true, "isReprint": true, "isStarter": true, "keywords": ["Transform"], "language": "English", "layout": "transform", "legalities": {"commander": "Legal", "duel": "Legal", "explorer": "Legal", "gladiator": "Legal", "historic": "Legal", "historicbrawl": "Legal", "legacy": "Legal", "modern": "Legal", "penny": "Legal", "pioneer": "Legal", "vintage": "Legal"}, "manaValue": 2.0, "name": "Thaumatic Compass // Spires of Orazca", "number": "249", "otherFaceIds": ["7d9a6641-db5b-5555-9933-7a09b9f7e78d"], "printings": ["PXLN", "PXTC", "XLN"], "promoTypes": ["buyabox"], "purchaseUrls": {"tcgplayer": "https://mtgjson.com/links/0284db95712889bc"}, "rarity": "rare", "rulings": [{"date": "2017-09-29", "text": "Removing a creature from combat doesn’t change the fact that it attacked, even though it’s no longer an attacking creature. Notably, raid abilities will still be satisfied if every attacking creature is removed from combat."}, {"date": "2018-01-19", "text": "For more information on double-faced cards, see the Ixalan mechanics article (http://magic.wizards.com/en/articles/archive/feature/ixalan-mechanics)."}, {"date": "2018-01-19", "text": "There are many important moments in the story, but the most crucial—called “story spotlights”—are shown on cards. These cards have the Planeswalker symbol in their text box; this symbol has no effect on gameplay. You can read more about these events in the official Magic fiction at http://www.mtgstory.com."}], "securityStamp": "oval", "setCode": "PXTC", "side": "b", "subtypes": [], "supertypes": [], "text": "(Transforms from Thaumatic Compass.)\n{T}: Add {C}.\n{T}: Untap target attacking creature an opponent controls and remove it from combat.", "type": "Land", "types": ["Land"], "uuid": "c4a66e69-c8c6-5b60-a175-c6de5d203e5a", "watermark": "set"}, {"artist": "Cliff Childs", "availability": ["paper"], "borderColor": "black", "colorIdentity": [], "colors": [], "convertedManaCost": 2.0, "edhrecRank": 1325, "faceConvertedManaCost": 2.0, "faceManaValue": 2.0, "faceName": "Treasure Map", "finishes": ["foil"], "foreignData": [], "frameEffects": ["compasslanddfc"], "frameVersion": "2015", "hasFoil": true, "hasNonFoil": false, "identifiers": {"cardKingdomFoilId": "216088", "cardsphereId": "52360", "mcmId": "313036", "mtgjsonV4Id": "56c0b700-5ea9-5593-acdf-0334c35f221d", "scryfallId": "1f6213d9-c65d-48da-a501-279db5f31d6a", "scryfallIllustrationId": "f7970d54-58c3-40aa-ad1d-45e4536c9c73", "scryfallOracleId": "0b55eac6-a745-4bf4-8926-5ce83bc38d7d", "tcgplayerProductId": "151718"}, "isPromo": true, "isReprint": true, "isStarter": true, "keywords": ["Scry", "Transform"], "language": "English", "layout": "transform", "legalities": {"commander": "Legal", "duel": "Legal", "explorer": "Legal", "gladiator": "Legal", "historic": "Legal", "historicbrawl": "Legal", "legacy": "Legal", "modern": "Legal", "penny": "Legal", "pioneer": "Legal", "vintage": "Legal"}, "manaCost": "{2}", "manaValue": 2.0, "name": "Treasure Map // Treasure Cove", "number": "250", "otherFaceIds": ["f9033d98-efc4-5a5b-93b5-1592b1117fde"], "printings": ["PXLN", "PXTC", "XLN"], "promoTypes": ["buyabox"], "purchaseUrls": {"cardKingdomFoil": "https://mtgjson.com/links/b056cf06c8655037", "tcgplayer": "https://mtgjson.com/links/e78b08cee3577c8c"}, "rarity": "rare", "rulings": [{"date": "2017-09-29", "text": "If a third landmark counter is put on Treasure Map by something other than the resolution of its first ability (as modified by any applicable replacement effects), you won’t remove those counters, transform Treasure Map, or get Treasures yet. You’ll have to wait until you activate its first ability again."}, {"date": "2017-09-29", "text": "If Treasure Map leaves the battlefield before its ability resolves, you can’t put a landmark counter on it. However, if it somehow already had three landmark counters on it before it left the battlefield, you’ll get three Treasures."}, {"date": "2018-01-19", "text": "For more information on double-faced cards, see the Ixalan mechanics article (http://magic.wizards.com/en/articles/archive/feature/ixalan-mechanics)."}], "securityStamp": "oval", "setCode": "PXTC", "side": "a", "subtypes": [], "supertypes": [], "text": "{1}, {T}: Scry 1. Put a landmark counter on Treasure Map. Then if there are three or more landmark counters on it, remove those counters, transform Treasure Map, and create three Treasure tokens. (They're artifacts with \"{T}, Sacrifice this artifact: Add one mana of any color.\")", "type": "Artifact", "types": ["Artifact"], "uuid": "8fb408fd-2473-5c5b-801c-a946aa41fd79", "watermark": "set"}, {"artist": "Jared Blando", "availability": ["paper"], "borderColor": "black", "colorIdentity": [], "colors": [], "convertedManaCost": 2.0, "edhrecRank": 1325, "faceConvertedManaCost": 0.0, "faceManaValue": 0.0, "faceName": "Treasure Cove", "finishes": ["foil"], "flavorText": "Half the treasure is the glory of finding it.", "foreignData": [], "frameEffects": ["compasslanddfc"], "frameVersion": "2015", "hasFoil": true, "hasNonFoil": false, "identifiers": {"cardsphereId": "52360", "mcmId": "313036", "mtgjsonV4Id": "27653bea-a71a-51e2-874f-d329daf009fa", "scryfallId": "1f6213d9-c65d-48da-a501-279db5f31d6a", "scryfallIllustrationId": "f4242de5-45ee-401d-8e67-27e10492fb14", "scryfallOracleId": "0b55eac6-a745-4bf4-8926-5ce83bc38d7d", "tcgplayerProductId": "151718"}, "isPromo": true, "isReprint": true, "isStarter": true, "keywords": ["Transform"], "language": "English", "layout": "transform", "legalities": {"commander": "Legal", "duel": "Legal", "explorer": "Legal", "gladiator": "Legal", "historic": "Legal", "historicbrawl": "Legal", "legacy": "Legal", "modern": "Legal", "penny": "Legal", "pioneer": "Legal", "vintage": "Legal"}, "manaValue": 2.0, "name": "Treasure Map // Treasure Cove", "number": "250", "otherFaceIds": ["8fb408fd-2473-5c5b-801c-a946aa41fd79"], "printings": ["PXLN", "PXTC", "XLN"], "promoTypes": ["buyabox"], "purchaseUrls": {"tcgplayer": "https://mtgjson.com/links/6435dc9a6fe06011"}, "rarity": "rare", "rulings": [{"date": "2017-09-29", "text": "If a third landmark counter is put on Treasure Map by something other than the resolution of its first ability (as modified by any applicable replacement effects), you won’t remove those counters, transform Treasure Map, or get Treasures yet. You’ll have to wait until you activate its first ability again."}, {"date": "2017-09-29", "text": "If Treasure Map leaves the battlefield before its ability resolves, you can’t put a landmark counter on it. However, if it somehow already had three landmark counters on it before it left the battlefield, you’ll get three Treasures."}, {"date": "2018-01-19", "text": "For more information on double-faced cards, see the Ixalan mechanics article (http://magic.wizards.com/en/articles/archive/feature/ixalan-mechanics)."}], "securityStamp": "oval", "setCode": "PXTC", "side": "b", "subtypes": [], "supertypes": [], "text": "(Transforms from Treasure Map.)\n{T}: Add {C}.\n{T}, Sacrifice a Treasure: Draw a card.", "type": "Land", "types": ["Land"], "uuid": "f9033d98-efc4-5a5b-93b5-1592b1117fde", "watermark": "set"}], "code": "PXTC", "isFoilOnly": true, "isOnlineOnly": false, "keyruneCode": "XLN", "name": "XLN Treasure Chest", "parentCode": "XLN", "releaseDate": "2017-11-24", "tokens": [], "totalSetSize": 20, "translations": {}, "type": "promo"}}