{"meta": {"date": "2022-09-29", "version": "5.2.0+20220929"}, "data": {"baseSetSize": 10, "cards": [{"artist": "Nikola Matkovic", "availability": ["paper"], "borderColor": "black", "colorIdentity": ["B"], "colors": ["B"], "convertedManaCost": 7.0, "edhrecRank": 4154, "finishes": ["nonfoil"], "foreignData": [], "frameEffects": ["legendary"], "frameVersion": "2015", "hasFoil": false, "hasNonFoil": true, "identifiers": {"cardKingdomId": "259966", "cardsphereId": "87630", "mcmId": "651573", "mtgjsonV4Id": "af9d89c4-2982-5834-ba40-384a0c562508", "scryfallId": "c83542de-38ca-4aad-acba-189374be37e2", "scryfallIllustrationId": "4d52b414-e9b8-4c0a-acc3-b442fb04e266", "scryfallOracleId": "9abecd23-a2d9-43c7-8d01-f8afdc53026e", "tcgplayerProductId": "268610"}, "isReprint": true, "isStarter": true, "language": "English", "layout": "normal", "leadershipSkills": {"brawl": false, "commander": true, "oathbreaker": false}, "legalities": {"commander": "Legal", "duel": "Legal", "legacy": "Legal", "vintage": "Legal"}, "manaCost": "{4}{B}{B}{B}", "manaValue": 7.0, "name": "Arvinox, the Mind Flail", "number": "1", "power": "9", "printings": ["SLD", "SLX"], "purchaseUrls": {"cardKingdom": "https://mtgjson.com/links/720274efabee7080", "tcgplayer": "https://mtgjson.com/links/03aa0d0c848d10ea"}, "rarity": "mythic", "rulings": [], "securityStamp": "oval", "setCode": "SLX", "subtypes": ["Horror"], "supertypes": ["Legendary"], "text": "Arvinox, the Mind Flail isn't a creature unless you control three or more permanents you don't own.\nAt the beginning of your end step, exile the bottom card of each opponent's library face down. For as long as those cards remain exiled, you may look at them, you may cast permanent spells from among them, and you may spend mana as though it were mana of any color to cast those spells.", "toughness": "9", "type": "Legendary Enchantment Creature — Horror", "types": ["Enchantment", "Creature"], "uuid": "219b0f63-c6f8-5c00-8b41-f54530f48560"}, {"artist": "Jamroz Gary", "availability": ["paper"], "borderColor": "black", "colorIdentity": ["R", "U"], "colors": ["R", "U"], "convertedManaCost": 2.0, "edhrecRank": 8727, "finishes": ["nonfoil"], "foreignData": [], "frameEffects": ["legendary"], "frameVersion": "2015", "hasFoil": false, "hasNonFoil": true, "identifiers": {"cardKingdomId": "259967", "cardsphereId": "87633", "mcmId": "651574", "mtgjsonV4Id": "fd92219d-1e2f-5968-85ee-334d76ce5878", "scryfallId": "83b0b716-bcb0-4044-b64a-354e3cbbd563", "scryfallIllustrationId": "a001a091-2056-4de4-b33d-8dbdcab4802c", "scryfallOracleId": "c880fbdc-bdd9-4f80-81d4-e3e1124f76ca", "tcgplayerProductId": "268613"}, "isReprint": true, "isStarter": true, "keywords": ["Goad"], "language": "English", "layout": "normal", "leadershipSkills": {"brawl": false, "commander": true, "oathbreaker": false}, "legalities": {"commander": "Legal", "duel": "Legal", "legacy": "Legal", "vintage": "Legal"}, "manaCost": "{U}{R}", "manaValue": 2.0, "name": "Bjorna, Nightfall Alchemist", "number": "2", "power": "1", "printings": ["SLD", "SLX"], "purchaseUrls": {"cardKingdom": "https://mtgjson.com/links/e4b54a86f427dec6", "tcgplayer": "https://mtgjson.com/links/673f62f930c9c99d"}, "rarity": "rare", "rulings": [], "securityStamp": "oval", "setCode": "SLX", "subtypes": ["Human"], "supertypes": ["Legendary"], "text": "{T}, Sacrifice an artifact: Bjorna, Nightfall Alchemist deals 1 damage to target creature. Goad that creature. (Until your next turn, that creature attacks each combat if able and attacks a player other than you if able.)\nFriends forever (You can have two commanders if both have friends forever.)", "toughness": "3", "type": "Legendary Creature — Human", "types": ["Creature"], "uuid": "6ada1a53-c56a-5c5b-b3d1-b3011622980b"}, {"artist": "Anastasia Balakchina", "availability": ["paper"], "borderColor": "black", "colorIdentity": ["B", "R", "U"], "colors": ["B", "R", "U"], "convertedManaCost": 4.0, "edhrecRank": 8494, "finishes": ["nonfoil"], "foreignData": [], "frameEffects": ["legendary"], "frameVersion": "2015", "hasFoil": false, "hasNonFoil": true, "identifiers": {"cardKingdomId": "259968", "cardsphereId": "87631", "mcmId": "651575", "mtgjsonV4Id": "3fa847c6-1c80-5aff-9487-dafe0876ca8e", "scryfallId": "a09ffd51-8ea4-40a6-b64e-58f3acfee533", "scryfallIllustrationId": "e55cc8a4-904e-4472-b0b2-c8d6cff53beb", "scryfallOracleId": "a726c27d-2955-4d41-b8a6-fca654c020a2", "tcgplayerProductId": "268615"}, "isReprint": true, "isStarter": true, "language": "English", "layout": "normal", "leadershipSkills": {"brawl": false, "commander": true, "oathbreaker": false}, "legalities": {"commander": "Legal", "duel": "Legal", "legacy": "Legal", "vintage": "Legal"}, "manaCost": "{1}{U}{B}{R}", "manaValue": 4.0, "name": "Cecily, Haunted Mage", "number": "3", "power": "3", "printings": ["SLD", "SLX"], "purchaseUrls": {"cardKingdom": "https://mtgjson.com/links/0084c31f6697fd75", "tcgplayer": "https://mtgjson.com/links/e6488083f52b13b6"}, "rarity": "rare", "rulings": [], "securityStamp": "oval", "setCode": "SLX", "subtypes": ["Human", "Wizard"], "supertypes": ["Legendary"], "text": "Your maximum hand size is eleven.\nWhenever Cecily, Haunted Mage attacks, you draw a card and you lose 1 life. Then if you have eleven or more cards in your hand, you may cast an instant or sorcery spell from your hand without paying its mana cost.\nFriends forever (You can have two commanders if both have friends forever.)", "toughness": "5", "type": "Legendary Creature — Human Wizard", "types": ["Creature"], "uuid": "6177af65-ef5a-5370-9b62-7f338d5a07c7"}, {"artist": "Eliz Roxs", "availability": ["paper"], "borderColor": "black", "colorIdentity": ["G", "R"], "colors": ["G", "R"], "convertedManaCost": 3.0, "edhrecRank": 10034, "finishes": ["nonfoil"], "foreignData": [], "frameEffects": ["legendary"], "frameVersion": "2015", "hasFoil": false, "hasNonFoil": true, "identifiers": {"cardKingdomId": "259969", "cardsphereId": "87632", "mcmId": "651576", "mtgjsonV4Id": "3878dfd9-984b-590b-8d4d-adb43375833a", "scryfallId": "95d197b3-fc56-43a2-981f-b5b905222b5c", "scryfallIllustrationId": "ecf4c108-9c43-4d67-817c-73ca848c390a", "scryfallOracleId": "5a35201d-e9b1-433a-bb70-3280ceedbcd6", "tcgplayerProductId": "268617"}, "isReprint": true, "isStarter": true, "keywords": ["Haste", "Investigate"], "language": "English", "layout": "normal", "leadershipSkills": {"brawl": false, "commander": true, "oathbreaker": false}, "legalities": {"commander": "Legal", "duel": "Legal", "legacy": "Legal", "vintage": "Legal"}, "manaCost": "{1}{R}{G}", "manaValue": 3.0, "name": "Elmar, Ulvenwald Informant", "number": "4", "power": "3", "printings": ["SLD", "SLX"], "purchaseUrls": {"cardKingdom": "https://mtgjson.com/links/f742ad3c5782bed3", "tcgplayer": "https://mtgjson.com/links/0d12c8a06e3c5fb3"}, "rarity": "rare", "rulings": [], "securityStamp": "oval", "setCode": "SLX", "subtypes": ["Human"], "supertypes": ["Legendary"], "text": "Haste\nWhenever you cast your second spell each turn, untap target creature, then investigate. (Create a colorless Clue artifact token with \"{2}, Sacrifice this artifact: Draw a card.\")\nFriends forever (You can have two commanders if both have friends forever.)", "toughness": "2", "type": "Legendary Creature — Human", "types": ["Creature"], "uuid": "0fe1a2c4-046f-59ce-90ea-361ca21c96da"}, {"artist": "David Sondered", "availability": ["paper"], "borderColor": "black", "colorIdentity": ["U", "W"], "colors": ["U", "W"], "convertedManaCost": 4.0, "edhrecRank": 10994, "finishes": ["nonfoil"], "foreignData": [], "frameEffects": ["legendary"], "frameVersion": "2015", "hasFoil": false, "hasNonFoil": true, "identifiers": {"cardKingdomId": "259970", "cardsphereId": "87635", "mcmId": "651577", "mtgjsonV4Id": "4a19212b-4f84-565a-9cff-8bd6b06a319a", "scryfallId": "59e1fa94-056a-4570-97b3-17e964077965", "scryfallIllustrationId": "b53d4cc8-a4b4-406a-be71-e8383502c77b", "scryfallOracleId": "747009e7-da07-48c7-b838-687f19b884ea", "tcgplayerProductId": "268618"}, "isReprint": true, "isStarter": true, "language": "English", "layout": "normal", "leadershipSkills": {"brawl": false, "commander": true, "oathbreaker": false}, "legalities": {"commander": "Legal", "duel": "Legal", "legacy": "Legal", "vintage": "Legal"}, "manaCost": "{2}{W}{U}", "manaValue": 4.0, "name": "Hargilde, Kindly Runechanter", "number": "5", "power": "2", "printings": ["SLD", "SLX"], "purchaseUrls": {"cardKingdom": "https://mtgjson.com/links/6d4843d5ef337f1b", "tcgplayer": "https://mtgjson.com/links/1c501374e6902fec"}, "rarity": "rare", "rulings": [], "securityStamp": "oval", "setCode": "SLX", "subtypes": ["Human"], "supertypes": ["Legendary"], "text": "{T}: Add {C}{C}. Spend this mana only to cast artifact spells or activate abilities of artifacts.\nFriends forever (You can have two commanders if both have friends forever.)", "toughness": "3", "type": "Legendary Creature — Human", "types": ["Creature"], "uuid": "3304d506-59ce-51d4-9697-c372abed212d"}, {"artist": "Alexey Kruglov", "availability": ["paper"], "borderColor": "black", "colorIdentity": ["G", "W"], "colors": ["G", "W"], "convertedManaCost": 3.0, "edhrecRank": 10926, "finishes": ["nonfoil"], "foreignData": [], "frameEffects": ["legendary"], "frameVersion": "2015", "hasFoil": false, "hasNonFoil": true, "identifiers": {"cardKingdomId": "259971", "cardsphereId": "87634", "mcmId": "651578", "mtgjsonV4Id": "cbc795a6-cea0-5ae4-8c27-9a11af3a5716", "scryfallId": "b867fb22-4f2a-47aa-9432-1bcc5e731947", "scryfallIllustrationId": "0333b1ef-f458-4c5e-88f0-45970a0b5812", "scryfallOracleId": "4ee401bf-dc86-41a9-84f9-57aa0a314d08", "tcgplayerProductId": "268619"}, "isReprint": true, "isStarter": true, "language": "English", "layout": "normal", "leadershipSkills": {"brawl": false, "commander": true, "oathbreaker": false}, "legalities": {"commander": "Legal", "duel": "Legal", "legacy": "Legal", "vintage": "Legal"}, "manaCost": "{1}{G}{W}", "manaValue": 3.0, "name": "Othelm, Sigardian Outcast", "number": "6", "power": "2", "printings": ["SLD", "SLX"], "purchaseUrls": {"cardKingdom": "https://mtgjson.com/links/a4e5c0b68378cbe8", "tcgplayer": "https://mtgjson.com/links/c55b7e161ebcd1a1"}, "rarity": "rare", "rulings": [], "securityStamp": "oval", "setCode": "SLX", "subtypes": ["Human"], "supertypes": ["Legendary"], "text": "{2}, {T}: Choose target creature card in your graveyard that was put there from the battlefield this turn. Return it to the battlefield tapped.\nFriends forever (You can have two commanders if both have friends forever.)", "toughness": "2", "type": "Legendary Creature — Human", "types": ["Creature"], "uuid": "e03ec08a-bf72-5fdf-96ec-2bc51eb89991"}, {"artist": "Bartek Fedyczak", "availability": ["paper"], "borderColor": "black", "colorIdentity": ["R", "W"], "colors": ["R", "W"], "convertedManaCost": 4.0, "edhrecRank": 8343, "finishes": ["nonfoil"], "foreignData": [], "frameEffects": ["legendary"], "frameVersion": "2015", "hasFoil": false, "hasNonFoil": true, "identifiers": {"cardKingdomId": "259972", "cardsphereId": "87638", "mcmId": "651579", "mtgjsonV4Id": "e834229a-a9f6-534d-930a-391f76fd72aa", "scryfallId": "e0a64924-068e-483f-91a6-d450b67b3c75", "scryfallIllustrationId": "9ac1e714-8444-44c4-ada1-da4b2b6a4fd4", "scryfallOracleId": "095dabda-4570-4764-8d62-4a29eb19d3e6", "tcgplayerProductId": "268621"}, "isReprint": true, "isStarter": true, "keywords": ["Investigate", "Menace"], "language": "English", "layout": "normal", "leadershipSkills": {"brawl": false, "commander": true, "oathbreaker": false}, "legalities": {"commander": "Legal", "duel": "Legal", "legacy": "Legal", "vintage": "Legal"}, "manaCost": "{2}{R}{W}", "manaValue": 4.0, "name": "Sophina, Spearsage Deserter", "number": "7", "power": "4", "printings": ["SLD", "SLX"], "purchaseUrls": {"cardKingdom": "https://mtgjson.com/links/623b66355fef8a0c", "tcgplayer": "https://mtgjson.com/links/e398ac2105255c69"}, "rarity": "rare", "rulings": [], "securityStamp": "oval", "setCode": "SLX", "subtypes": ["Human", "Soldier"], "supertypes": ["Legendary"], "text": "Menace\nWhenever Sophina, Spearsage Deserter attacks, investigate once for each nontoken attacking creature.\nFriends forever (You can have two commanders if both have friends forever.)", "toughness": "4", "type": "Legendary Creature — Human Soldier", "types": ["Creature"], "uuid": "519d5d62-360f-5244-9e4b-f91a3ac044cf"}, {"artist": "Diego Gisbert", "availability": ["paper"], "borderColor": "black", "colorIdentity": ["B", "W"], "colors": ["B", "W"], "convertedManaCost": 2.0, "edhrecRank": 8988, "finishes": ["nonfoil"], "foreignData": [], "frameEffects": ["legendary"], "frameVersion": "2015", "hasFoil": false, "hasNonFoil": true, "identifiers": {"cardKingdomId": "259973", "cardsphereId": "87636", "mcmId": "651580", "mtgjsonV4Id": "7323eec3-03cd-53ca-879f-e0b03a3ab079", "scryfallId": "39491011-bdf6-4e61-8534-fe26c1571f8f", "scryfallIllustrationId": "f3bb0c87-b609-47e6-89da-57be78ed7509", "scryfallOracleId": "6cd03270-54cc-43e1-9b86-70c76960c841", "tcgplayerProductId": "268623"}, "isReprint": true, "isStarter": true, "keywords": ["Investigate"], "language": "English", "layout": "normal", "leadershipSkills": {"brawl": false, "commander": true, "oathbreaker": false}, "legalities": {"commander": "Legal", "duel": "Legal", "legacy": "Legal", "vintage": "Legal"}, "manaCost": "{W}{B}", "manaValue": 2.0, "name": "Wernog, Rider's Chaplain", "number": "8", "power": "1", "printings": ["SLD", "SLX"], "purchaseUrls": {"cardKingdom": "https://mtgjson.com/links/47af8ec8dbe720a7", "tcgplayer": "https://mtgjson.com/links/903b9f3b98901d88"}, "rarity": "rare", "rulings": [], "securityStamp": "oval", "setCode": "SLX", "subtypes": ["Human"], "supertypes": ["Legendary"], "text": "When Wernog, Rider's Chaplain enters or leaves the battlefield, each opponent may investigate. Each opponent who doesn't loses 1 life. You investigate X times, where X is one plus the number of opponents who investigated this way.\nFriends forever (You can have two commanders if both have friends forever.)", "toughness": "2", "type": "Legendary Creature — Human", "types": ["Creature"], "uuid": "aeea7c38-3d01-57fb-abfd-3da205e0667d"}, {"artist": "Rafater", "availability": ["paper"], "borderColor": "black", "colorIdentity": ["B"], "colors": [], "convertedManaCost": 0.0, "edhrecRank": 6695, "faceConvertedManaCost": 0.0, "faceManaValue": 0.0, "faceName": "Havengul Laboratory", "finishes": ["nonfoil"], "foreignData": [], "frameEffects": ["legendary"], "frameVersion": "2015", "hasFoil": false, "hasNonFoil": true, "identifiers": {"cardKingdomId": "259974", "cardsphereId": "87637", "mcmId": "651581", "mtgjsonV4Id": "da7e81e1-a86f-5c84-bd12-95aeb19ea2db", "scryfallId": "823b019e-10c0-4712-8167-d4f37a71e782", "scryfallIllustrationId": "84fe4f64-3be6-4611-8d92-e1e7475a8f66", "scryfallOracleId": "e71ac446-02a4-4468-8d29-f28b21617665", "tcgplayerProductId": "268625"}, "isReprint": true, "isStarter": true, "keywords": ["Investigate", "Transform"], "language": "English", "layout": "transform", "legalities": {"commander": "Legal", "duel": "Legal", "legacy": "Legal", "vintage": "Legal"}, "manaValue": 0.0, "name": "Havengul Laboratory // Havengul Mystery", "number": "9", "otherFaceIds": ["4019edbc-3997-579a-885c-a4a06cf00578"], "printings": ["SLD", "SLX"], "purchaseUrls": {"cardKingdom": "https://mtgjson.com/links/f1caad526b7a033a", "tcgplayer": "https://mtgjson.com/links/77cf84c11531bdd5"}, "rarity": "rare", "rulings": [], "securityStamp": "oval", "setCode": "SLX", "side": "a", "subtypes": [], "supertypes": ["Legendary"], "text": "{T}: Add {C}.\n{4}, {T}: Investigate. (Create a colorless Clue artifact token with \"{2}, Sacrifice this artifact: Draw a card.\")\nAt the beginning of your end step, if you sacrificed three or more Clues this turn, transform Havengul Laboratory.", "type": "Legendary Land", "types": ["Land"], "uuid": "5e61d37d-4aac-589f-b888-33433d4ae7f7"}, {"artist": "Rafater", "availability": ["paper"], "borderColor": "black", "colorIdentity": ["B"], "colors": [], "convertedManaCost": 0.0, "edhrecRank": 6695, "faceConvertedManaCost": 0.0, "faceManaValue": 0.0, "faceName": "Havengul Mystery", "finishes": ["nonfoil"], "foreignData": [], "frameEffects": ["legendary"], "frameVersion": "2015", "hasFoil": false, "hasNonFoil": true, "identifiers": {"cardsphereId": "87637", "mcmId": "651581", "mtgjsonV4Id": "b6e58a0a-3601-51ef-bab1-41d33b9aac3d", "scryfallId": "823b019e-10c0-4712-8167-d4f37a71e782", "scryfallIllustrationId": "d0ced786-4b78-4d24-a182-712c9afd4d4c", "scryfallOracleId": "e71ac446-02a4-4468-8d29-f28b21617665", "tcgplayerProductId": "268625"}, "isReprint": true, "isStarter": true, "keywords": ["Transform"], "language": "English", "layout": "transform", "legalities": {"commander": "Legal", "duel": "Legal", "legacy": "Legal", "vintage": "Legal"}, "manaValue": 0.0, "name": "Havengul Laboratory // Havengul Mystery", "number": "9", "otherFaceIds": ["5e61d37d-4aac-589f-b888-33433d4ae7f7"], "printings": ["SLD", "SLX"], "purchaseUrls": {"tcgplayer": "https://mtgjson.com/links/04a79a7e1b25f455"}, "rarity": "rare", "rulings": [], "securityStamp": "oval", "setCode": "SLX", "side": "b", "subtypes": [], "supertypes": ["Legendary"], "text": "When this land transforms into Havengul Mystery, return target creature card from your graveyard to the battlefield.\nWhen the creature put onto the battlefield with Havengul Mystery leaves the battlefield, transform Havengul Mystery.\n{T}, Pay 1 life: Add {B}.", "type": "Legendary Land", "types": ["Land"], "uuid": "4019edbc-3997-579a-885c-a4a06cf00578"}], "cardsphereSetId": 1449, "code": "SLX", "isFoilOnly": false, "isNonFoilOnly": true, "isOnlineOnly": false, "keyruneCode": "PMEI", "name": "Universes Within", "parentCode": "SLD", "releaseDate": "2022-03-03", "tcgplayerGroupId": 3054, "tokens": [], "totalSetSize": 10, "translations": {}, "type": "masters"}}