{"meta": {"date": "2022-09-29", "version": "5.2.0+20220929"}, "data": {"baseSetSize": 46, "cards": [{"artist": "Larissa Hasenheit & Mina Jeon", "availability": ["paper"], "borderColor": "black", "colorIdentity": [], "colors": [], "convertedManaCost": 0.0, "finishes": ["nonfoil", "foil"], "foreignData": [], "frameVersion": "2015", "hasFoil": true, "hasNonFoil": true, "identifiers": {"mtgjsonV4Id": "db85683a-08df-57de-8e07-37ed5f2845b9", "scryfallId": "b8f1abc7-1a86-4e43-8105-10c1c55e65ba", "scryfallIllustrationId": "8913178f-1481-4884-8c33-d80f6842bf30", "scryfallOracleId": "6614c21f-080e-441c-9ebb-c7369c1f52e1"}, "isStarter": true, "language": "English", "layout": "normal", "legalities": {}, "manaValue": 0.0, "name": "Eldrazi Guacamole Tightrope", "number": "1", "printings": ["SUNF"], "purchaseUrls": {}, "rarity": "common", "rulings": [], "setCode": "SUNF", "subtypes": [], "supertypes": [], "text": "{TK}{TK} — Haste\n{TK}{TK}{TK}{TK}{TK} — You may cast this card from your graveyard by paying 2 life in addition to paying its other costs.\n{TK}{TK} — 1/4\n{TK}{TK}{TK} — 5/3", "type": "Sticker", "types": ["Sticker"], "uuid": "3a0d95ee-9561-51ba-a0d3-ad14a7d965ae"}, {"artist": "Larissa Hasenheit & Mina Jeon", "availability": ["paper"], "borderColor": "black", "colorIdentity": [], "colors": [], "convertedManaCost": 0.0, "finishes": ["nonfoil", "foil"], "foreignData": [], "frameVersion": "2015", "hasFoil": true, "hasNonFoil": true, "identifiers": {"mtgjsonV4Id": "f2d208c3-827b-5538-988d-4076724599d9", "scryfallId": "96cc18d9-edf1-4cb5-bb0d-a33d380c7d94", "scryfallIllustrationId": "89de5026-bcbf-44c2-856d-46aa830b0c69", "scryfallOracleId": "eb980d94-2860-4fe5-85e0-2757985721f1"}, "isStarter": true, "language": "English", "layout": "normal", "legalities": {}, "manaValue": 0.0, "name": "Trendy Circus Pirate", "number": "2", "printings": ["SUNF"], "purchaseUrls": {}, "rarity": "common", "rulings": [], "setCode": "SUNF", "subtypes": [], "supertypes": [], "text": "{TK}{TK} — Deathtouch\n{TK}{TK}{TK}{TK}{TK} — Whenever this creature deals combat damage to a player, create that many 1/1 green Squirrel creature tokens.\n{TK}{TK} — 5/1\n{TK}{TK}{TK} — 3/6", "type": "Sticker", "types": ["Sticker"], "uuid": "cbd1e48f-86f7-54dd-9b89-9bb641e256d7"}, {"artist": "Larissa Hasenheit & Mina Jeon", "availability": ["paper"], "borderColor": "black", "colorIdentity": [], "colors": [], "convertedManaCost": 0.0, "finishes": ["nonfoil", "foil"], "foreignData": [], "frameVersion": "2015", "hasFoil": true, "hasNonFoil": true, "identifiers": {"mtgjsonV4Id": "da00f48c-211d-5463-a530-29f1aecf7588", "scryfallId": "436e388d-7d48-41b8-8dcc-21ff3755feff", "scryfallIllustrationId": "9519aa75-2b73-4fb4-8325-d1b5bf5119ce", "scryfallOracleId": "1436370f-baf0-4659-804e-90aad871b05b"}, "isStarter": true, "language": "English", "layout": "normal", "legalities": {}, "manaValue": 0.0, "name": "Night Brushwagg Ringmaster", "number": "3", "printings": ["SUNF"], "purchaseUrls": {}, "rarity": "common", "rulings": [], "setCode": "SUNF", "subtypes": [], "supertypes": [], "text": "{TK}{TK} — Menace\n{TK}{TK}{TK} — Persist (When this permanent dies, if it had no -1/-1 counters on it, return it to the battlefield under its owner's control with a -1/-1 counter on it.)\n{TK}{TK} — 2/3\n{TK}{TK}{TK}{TK}{TK}{TK} — 10/10", "type": "Sticker", "types": ["Sticker"], "uuid": "20480794-f813-5a16-b989-b0157418de3d"}, {"artist": "Larissa Hasenheit & Mina Jeon", "availability": ["paper"], "borderColor": "black", "colorIdentity": [], "colors": [], "convertedManaCost": 0.0, "finishes": ["nonfoil", "foil"], "foreignData": [], "frameVersion": "2015", "hasFoil": true, "hasNonFoil": true, "identifiers": {"mtgjsonV4Id": "4c0bd4b2-28f8-5bc7-925d-0d582637cd14", "scryfallId": "e6952074-d6c2-4fbe-88ca-6d42f83c7ee7", "scryfallIllustrationId": "a5354b22-d4c3-4e2e-baab-18d5f8bbb120", "scryfallOracleId": "658252ed-7f52-4a31-834b-c39cee1d5e00"}, "isStarter": true, "language": "English", "layout": "normal", "legalities": {}, "manaValue": 0.0, "name": "Misunderstood Trapeze Elf", "number": "5", "printings": ["SUNF"], "purchaseUrls": {}, "rarity": "common", "rulings": [], "setCode": "SUNF", "subtypes": [], "supertypes": [], "text": "{TK}{TK} — Whenever you cast a spell, this creature gets +X/+X until end of turn, where X is the amount of generic mana in that spell's mana cost.\n{TK}{TK}{TK} — Hexproof\n{TK}{TK} — 4/2\n{TK}{TK}{TK}{TK} — 6/6", "type": "Sticker", "types": ["Sticker"], "uuid": "3baec977-7355-5e26-892a-f74738b90aa6"}, {"artist": "Larissa Hasenheit & Mina Jeon", "availability": ["paper"], "borderColor": "black", "colorIdentity": [], "colors": [], "convertedManaCost": 0.0, "finishes": ["nonfoil", "foil"], "foreignData": [], "frameVersion": "2015", "hasFoil": true, "hasNonFoil": true, "identifiers": {"mtgjsonV4Id": "55a1c594-50e0-5a84-be41-a95bd8ce907f", "scryfallId": "2eb50148-bfb1-4e79-a6a8-d0ce49763d00", "scryfallIllustrationId": "06d35c6e-920f-418b-8c31-333b1812d150", "scryfallOracleId": "786bdf20-b1f1-40f7-acd0-8dcb46da2bb0"}, "isStarter": true, "language": "English", "layout": "normal", "legalities": {}, "manaValue": 0.0, "name": "Zombie Cheese Magician", "number": "6", "printings": ["SUNF"], "purchaseUrls": {}, "rarity": "common", "rulings": [], "setCode": "SUNF", "subtypes": [], "supertypes": [], "text": "{TK}{TK} — First strike\n{TK}{TK}{TK}{TK} — Whenever this creature deals combat damage to a player, draw that many cards.\n{TK}{TK} — 3/3\n{TK}{TK}{TK} — 6/2", "type": "Sticker", "types": ["Sticker"], "uuid": "8bb1c806-a3b1-585c-b83b-e9d6c3e7eb12"}, {"artist": "Larissa Hasenheit & Mina Jeon", "availability": ["paper"], "borderColor": "black", "colorIdentity": [], "colors": [], "convertedManaCost": 0.0, "finishes": ["nonfoil", "foil"], "foreignData": [], "frameVersion": "2015", "hasFoil": true, "hasNonFoil": true, "identifiers": {"mtgjsonV4Id": "2b7f9119-fa9f-5c81-9b82-ff4f6f13f021", "scryfallId": "016bf660-16c3-41b7-a988-211921c21eb8", "scryfallIllustrationId": "f9f99edc-34d8-4adc-9b13-223ce1828ba4", "scryfallOracleId": "7e06b7b4-22c1-4e5b-81ee-54ab5ac756eb"}, "isStarter": true, "keywords": ["Proliferate"], "language": "English", "layout": "normal", "legalities": {}, "manaValue": 0.0, "name": "Carnival Elephant Meteor", "number": "7", "printings": ["SUNF"], "purchaseUrls": {}, "rarity": "common", "rulings": [], "setCode": "SUNF", "subtypes": [], "supertypes": [], "text": "{TK}{TK} — Sacrifice this permanent: Draw two cards.\n{TK}{TK}{TK} — Whenever this creature attacks, proliferate. (Choose any number of permanents and/or players, then give each another counter of each kind already there.)\n{TK}{TK} — 4/1\n{TK}{TK}{TK}{TK}{TK} — 8/7", "type": "Sticker", "types": ["Sticker"], "uuid": "2482f5b3-758d-5e08-a6ba-f5b9a5dcca92"}, {"artist": "Larissa Hasenheit & Mina Jeon", "availability": ["paper"], "borderColor": "black", "colorIdentity": [], "colors": [], "convertedManaCost": 0.0, "finishes": ["nonfoil", "foil"], "foreignData": [], "frameVersion": "2015", "hasFoil": true, "hasNonFoil": true, "identifiers": {"mtgjsonV4Id": "0806f26a-8a2f-5ecd-846b-ec8e8721b473", "scryfallId": "aabb17b4-34b5-4920-b290-0c750f868448", "scryfallIllustrationId": "d50f2df7-8c0c-4c3c-af73-82adfad6d66c", "scryfallOracleId": "2d13d399-7198-4cab-b564-dfe0e09425a3"}, "isStarter": true, "language": "English", "layout": "normal", "legalities": {}, "manaValue": 0.0, "name": "Slimy Burrito Illusion", "number": "9", "printings": ["SUNF"], "purchaseUrls": {}, "rarity": "common", "rulings": [], "setCode": "SUNF", "subtypes": [], "supertypes": [], "text": "{TK}{TK} — Bushido 2 (Whenever this creature blocks or becomes blocked, it gets +2/+2 until end of turn.)\n{TK}{TK}{TK} — Double strike\n{TK}{TK} — 2/4\n{TK}{TK}{TK}{TK} — 5/6", "type": "Sticker", "types": ["Sticker"], "uuid": "ead847f9-c755-53c9-adca-02cb54d71380"}, {"artist": "Larissa Hasenheit & Mina Jeon", "availability": ["paper"], "borderColor": "black", "colorIdentity": [], "colors": [], "convertedManaCost": 0.0, "finishes": ["nonfoil", "foil"], "foreignData": [], "frameVersion": "2015", "hasFoil": true, "hasNonFoil": true, "identifiers": {"mtgjsonV4Id": "aa13ebc6-aa9c-5200-b153-7fd786639fdc", "scryfallId": "ecae5a63-8494-4454-889c-2a69b98254f2", "scryfallIllustrationId": "e5c4f3e7-aec1-4694-903a-280264296779", "scryfallOracleId": "785e6563-51c4-4063-9ad9-0392954e135e"}, "isStarter": true, "language": "English", "layout": "normal", "legalities": {}, "manaValue": 0.0, "name": "Spooky Clown Mox", "number": "10", "printings": ["SUNF"], "purchaseUrls": {}, "rarity": "common", "rulings": [], "setCode": "SUNF", "subtypes": [], "supertypes": [], "text": "{TK}{TK} — Vigilance\n{TK}{TK}{TK}{TK} — {1}, {T}: Tap target creature.\n{TK}{TK} — 1/5\n{TK}{TK}{TK} — 5/4", "type": "Sticker", "types": ["Sticker"], "uuid": "16a4eb31-5a2d-5b4f-9f88-01041562af64"}, {"artist": "Larissa Hasenheit & Mina Jeon", "availability": ["paper"], "borderColor": "black", "colorIdentity": [], "colors": [], "convertedManaCost": 0.0, "finishes": ["nonfoil", "foil"], "foreignData": [], "frameVersion": "2015", "hasFoil": true, "hasNonFoil": true, "identifiers": {"mtgjsonV4Id": "cdf69264-28ad-5fd6-86f3-068937e00315", "scryfallId": "6995d646-cadc-48bb-911c-9f2e461a9fdf", "scryfallIllustrationId": "8b785017-58cb-4a55-83b7-d99e47b4d193", "scryfallOracleId": "c490157a-cff5-417b-8f83-15f84398e34f"}, "isStarter": true, "language": "English", "layout": "normal", "legalities": {}, "manaValue": 0.0, "name": "Mystic Doom Sandwich", "number": "11", "printings": ["SUNF"], "purchaseUrls": {}, "rarity": "common", "rulings": [], "setCode": "SUNF", "subtypes": [], "supertypes": [], "text": "{TK}{TK} — Lifelink\n{TK}{TK}{TK} — This creature must be blocked if able. Whenever this creature becomes blocked, it gets +1/+1 until end of turn for each creature blocking it.\n{TK}{TK} — 1/4\n{TK}{TK}{TK}{TK}{TK} — 6/8", "type": "Sticker", "types": ["Sticker"], "uuid": "4de1cdc9-b2a4-5f88-bc4f-5eaf69dccea0"}, {"artist": "Larissa Hasenheit & Mina Jeon", "availability": ["paper"], "borderColor": "black", "colorIdentity": [], "colors": [], "convertedManaCost": 0.0, "finishes": ["nonfoil", "foil"], "foreignData": [], "frameVersion": "2015", "hasFoil": true, "hasNonFoil": true, "identifiers": {"mtgjsonV4Id": "bf239975-ccb3-5085-854f-38978f16f44b", "scryfallId": "1b516ae7-2891-40e9-80a1-48ec62171275", "scryfallIllustrationId": "7501b9d6-6995-455b-a6c2-6ddd76d794fd", "scryfallOracleId": "366e0a62-ff95-48d1-bc63-7995a393bc34"}, "isStarter": true, "language": "English", "layout": "normal", "legalities": {}, "manaValue": 0.0, "name": "Narrow-Minded Baloney Fireworks", "number": "12", "printings": ["SUNF"], "purchaseUrls": {}, "rarity": "common", "rulings": [], "setCode": "SUNF", "subtypes": [], "supertypes": [], "text": "{TK}{TK} — Whenever this creature attacks, you gain 2 life.\n{TK}{TK}{TK} — Vigilance, reach\n{TK}{TK} — 2/4\n{TK}{TK}{TK}{TK}{TK} — 7/7", "type": "Sticker", "types": ["Sticker"], "uuid": "1c9bbca8-c0a0-5176-a574-97e652e5b163"}, {"artist": "Larissa Hasenheit & Mina Jeon", "availability": ["paper"], "borderColor": "black", "colorIdentity": [], "colors": [], "convertedManaCost": 0.0, "finishes": ["nonfoil", "foil"], "foreignData": [], "frameVersion": "2015", "hasFoil": true, "hasNonFoil": true, "identifiers": {"mtgjsonV4Id": "7407a430-4bca-559b-b12a-b6b76b20554a", "scryfallId": "3bf70946-5a50-4918-bb61-23be7c2cc75a", "scryfallIllustrationId": "9eb8a5d5-ba4f-466b-986a-0d72193021ea", "scryfallOracleId": "4413cb03-d6e9-4e6c-b5fe-9240ca0ebd13"}, "isStarter": true, "keywords": ["Bolster"], "language": "English", "layout": "normal", "legalities": {}, "manaValue": 0.0, "name": "Unsanctioned Ancient Juggler", "number": "13", "printings": ["SUNF"], "purchaseUrls": {}, "rarity": "common", "rulings": [], "setCode": "SUNF", "subtypes": [], "supertypes": [], "text": "{TK}{TK} — Whenever this creature attacks, bolster 1. (Choose a creature with the least toughness among creatures you control and put a +1/+1 counter on it.)\n{TK}{TK}{TK}{TK} — Indestrucable\n{TK}{TK} — 3/2\n{TK}{TK}{TK} — 5/4", "type": "Sticker", "types": ["Sticker"], "uuid": "ba04f231-72f0-575f-93c9-149bb5f62627"}, {"artist": "Larissa Hasenheit & Mina Jeon", "availability": ["paper"], "borderColor": "black", "colorIdentity": [], "colors": [], "convertedManaCost": 0.0, "finishes": ["nonfoil", "foil"], "foreignData": [], "frameVersion": "2015", "hasFoil": true, "hasNonFoil": true, "identifiers": {"mtgjsonV4Id": "e954585a-7f41-5bae-897f-4219918663e8", "scryfallId": "907157c3-f562-403c-94cb-9171deadaee4", "scryfallIllustrationId": "c66b5b34-d39c-4bf3-a002-7c4cce1782cb", "scryfallOracleId": "43f5ce56-6ad1-4a42-b1d7-26f1c7933693"}, "isStarter": true, "keywords": ["Scry"], "language": "English", "layout": "normal", "legalities": {}, "manaValue": 0.0, "name": "Deep-Fried Plague Myr", "number": "14", "printings": ["SUNF"], "purchaseUrls": {}, "rarity": "common", "rulings": [], "setCode": "SUNF", "subtypes": [], "supertypes": [], "text": "{TK}{TK} — Whenever this creature attacks, scry 1.\n{TK}{TK}{TK} — Whenever this permanent leaves the battlefield, you may destroy target artifact enchantment.\n{TK}{TK}{TK} — 4/5\n{TK}{TK}{TK}{TK} — 8/4", "type": "Sticker", "types": ["Sticker"], "uuid": "1590d329-5551-5adf-b663-48eab69bc747"}, {"artist": "Larissa Hasenheit & Mina Jeon", "availability": ["paper"], "borderColor": "black", "colorIdentity": [], "colors": [], "convertedManaCost": 0.0, "finishes": ["nonfoil", "foil"], "foreignData": [], "frameVersion": "2015", "hasFoil": true, "hasNonFoil": true, "identifiers": {"mtgjsonV4Id": "79bdbf53-15b6-5e00-829d-7559bb0d0f7d", "scryfallId": "ca442395-159a-40aa-a1e4-ed6bf0ffbedd", "scryfallIllustrationId": "1bf9098a-e401-400b-ac39-27c966897028", "scryfallOracleId": "67624a72-aa18-4b0c-a2cb-77e56499944a"}, "isStarter": true, "language": "English", "layout": "normal", "legalities": {}, "manaValue": 0.0, "name": "Contortionist Otter Storm", "number": "15", "printings": ["SUNF"], "purchaseUrls": {}, "rarity": "common", "rulings": [], "setCode": "SUNF", "subtypes": [], "supertypes": [], "text": "{TK}{TK} — {T}: Target creature gains haste until end of turn.\n{TK}{TK}{TK}{TK} — Deathtouch, lifelink\n{TK}{TK} — 5/1\n{TK}{TK}{TK} — 3/5", "type": "Sticker", "types": ["Sticker"], "uuid": "c0d3c462-2fda-5f42-8a1e-74b02693f64a"}, {"artist": "Larissa Hasenheit & Mina Jeon", "availability": ["paper"], "borderColor": "black", "colorIdentity": [], "colors": [], "convertedManaCost": 0.0, "finishes": ["nonfoil", "foil"], "foreignData": [], "frameVersion": "2015", "hasFoil": true, "hasNonFoil": true, "identifiers": {"mtgjsonV4Id": "c780d8f0-67e9-5cdb-a542-593955b1d09e", "scryfallId": "ca27624e-bddf-4719-9d7e-579de18e1084", "scryfallIllustrationId": "f4c33689-9270-482e-aa48-eb4e4260841e", "scryfallOracleId": "3def54bf-2640-47de-84e8-7a9406df007e"}, "isStarter": true, "language": "English", "layout": "normal", "legalities": {}, "manaValue": 0.0, "name": "Sticky Kavu Daredevil", "number": "16", "printings": ["SUNF"], "purchaseUrls": {}, "rarity": "common", "rulings": [], "setCode": "SUNF", "subtypes": [], "supertypes": [], "text": "{TK}{TK} — Whenever this permanent dies, you may return target creature to its owner's hand.\n{TK}{TK}{TK}{TK} — Whenever this creature attacks, creatures you control get +1/+1 until end of turn.\n{TK}{TK} — 3/3\n{TK}{TK}{TK} — 2/6", "type": "Sticker", "types": ["Sticker"], "uuid": "edbbe177-2f8a-5ac4-9d2f-8f01defde6b8"}, {"artist": "Larissa Hasenheit & Mina Jeon", "availability": ["paper"], "borderColor": "black", "colorIdentity": [], "colors": [], "convertedManaCost": 0.0, "finishes": ["nonfoil", "foil"], "foreignData": [], "frameVersion": "2015", "hasFoil": true, "hasNonFoil": true, "identifiers": {"mtgjsonV4Id": "3eecb245-18bf-52fc-a962-ab89ba7e0017", "scryfallId": "ca8a24e8-5305-46cf-8c5a-b5324c59bb97", "scryfallIllustrationId": "83db965d-3f4e-4d18-9871-36d6916518b5", "scryfallOracleId": "7cad08c1-4bd9-4d9f-85d2-fb3ab718fbb8"}, "isStarter": true, "language": "English", "layout": "normal", "legalities": {}, "manaValue": 0.0, "name": "Goblin Coward Parade", "number": "17", "printings": ["SUNF"], "purchaseUrls": {}, "rarity": "common", "rulings": [], "setCode": "SUNF", "subtypes": [], "supertypes": [], "text": "{TK}{TK} — Mentor (Whenever this creature attacks, put a +1/+1 counter on target attacking creature with lesser power.)\n{TK}{TK}{TK} — When this permanent leaves the battlefield you may destroy target creature with power 4 or greater.\n{TK}{TK} — 2/3\n{TK}{TK}{TK}{TK} — 8/4", "type": "Sticker", "types": ["Sticker"], "uuid": "6d4922a8-8b9c-55e0-a13b-7e1855d359ea"}, {"artist": "Larissa Hasenheit & Mina Jeon", "availability": ["paper"], "borderColor": "black", "colorIdentity": [], "colors": [], "convertedManaCost": 0.0, "finishes": ["nonfoil"], "foreignData": [], "frameVersion": "2015", "hasFoil": false, "hasNonFoil": true, "identifiers": {"mtgjsonV4Id": "9986889c-9cde-5b6d-ad8e-377df64fb3a9", "scryfallId": "5daeb14a-dcc5-4761-84a4-a60d22a6c944", "scryfallIllustrationId": "71a4faed-7cca-45ad-ae24-9861af144fe2", "scryfallOracleId": "dde09abb-e3d3-4c76-b7e8-812949dd67f3"}, "isStarter": true, "language": "English", "layout": "normal", "legalities": {}, "manaValue": 0.0, "name": "Phyrexian Midway Bamboozle", "number": "18", "printings": ["SUNF"], "purchaseUrls": {}, "rarity": "common", "rulings": [], "setCode": "SUNF", "subtypes": [], "supertypes": [], "text": "{TK}{TK} — Whenever this creature attacks, you get {TK}.\n{TK}{TK}{TK} — Undying (When this creature dies, if it had no +1/+1 counters on it, return it to the battlefield under its owner's control with a +1/+1 counter on it.)\n{TK}{TK} — 4/2\n{TK}{TK}{TK}{TK}{TK} — 6/9", "type": "Sticker", "types": ["Sticker"], "uuid": "54b84382-cceb-57d8-bacb-38b4a56a1d77"}, {"artist": "Larissa Hasenheit & Mina Jeon", "availability": ["paper"], "borderColor": "black", "colorIdentity": [], "colors": [], "convertedManaCost": 0.0, "finishes": ["nonfoil", "foil"], "foreignData": [], "frameVersion": "2015", "hasFoil": true, "hasNonFoil": true, "identifiers": {"mtgjsonV4Id": "b49c1d8a-e124-5756-8f99-d1d9cedc144f", "scryfallId": "780b4d5d-d3a0-4aad-abe7-3073339a8fcd", "scryfallIllustrationId": "a448682c-b612-49e9-aa2a-c9ea1d769ea9", "scryfallOracleId": "60a69ddc-3289-4786-944d-27a82c5f0dc8"}, "isStarter": true, "language": "English", "layout": "normal", "legalities": {}, "manaValue": 0.0, "name": "Eternal Acrobat Toast", "number": "19", "printings": ["SUNF"], "purchaseUrls": {}, "rarity": "common", "rulings": [], "setCode": "SUNF", "subtypes": [], "supertypes": [], "text": "{TK}{TK} — Whenever this creature deals combat damage to a player, exile target creature you control, then return it to the battlefield under it owner's control.\n{TK}{TK}{TK} — {T}: Untap another target permanent.\n{TK}{TK}{TK} — 4/4\n{TK}{TK}{TK}{TK}{TK} — 7/8", "type": "Sticker", "types": ["Sticker"], "uuid": "ce3ac4a8-56c7-56a1-b3e5-ae1b97e2d037"}, {"artist": "Larissa Hasenheit & Mina Jeon", "availability": ["paper"], "borderColor": "black", "colorIdentity": [], "colors": [], "convertedManaCost": 0.0, "finishes": ["nonfoil", "foil"], "foreignData": [], "frameVersion": "2015", "hasFoil": true, "hasNonFoil": true, "identifiers": {"mtgjsonV4Id": "ae413a22-d794-55d5-b1d3-4d2e49e68bab", "scryfallId": "1b09757f-22bb-4ae0-874f-67959b537da0", "scryfallIllustrationId": "459eff1d-f02d-4724-968b-a4ed53e99709", "scryfallOracleId": "fe37c718-b3fb-4e95-a547-dd741b70421c"}, "isStarter": true, "keywords": ["Monstrosity"], "language": "English", "layout": "normal", "legalities": {}, "manaValue": 0.0, "name": "Jetpack Death Seltzer", "number": "20", "printings": ["SUNF"], "purchaseUrls": {}, "rarity": "common", "rulings": [], "setCode": "SUNF", "subtypes": [], "supertypes": [], "text": "{TK}{TK} — Trample\n{TK}{TK}{TK} — {3}: Monstrosity 3. (If this creature isn't monstrous, put three +1/+1 counters on it and it becomes monstrous.)\n{TK}{TK}{TK} — 2/7\n{TK}{TK}{TK}{TK} — 6/5", "type": "Sticker", "types": ["Sticker"], "uuid": "9548f26d-9116-5aac-a74e-85f624ea0c2b"}, {"artist": "Larissa Hasenheit & Mina Jeon", "availability": ["paper"], "borderColor": "black", "colorIdentity": [], "colors": [], "convertedManaCost": 0.0, "finishes": ["nonfoil", "foil"], "foreignData": [], "frameVersion": "2015", "hasFoil": true, "hasNonFoil": true, "identifiers": {"mtgjsonV4Id": "79c47147-a2ec-5b11-82cc-cbcd81f3b3cd", "scryfallId": "7c7241ef-ccde-4c2f-807b-45b9e644870f", "scryfallIllustrationId": "65215df1-3153-427c-82e5-d3a72dda12f8", "scryfallOracleId": "13d9822f-0398-4915-818b-b9fbaf63b93c"}, "isStarter": true, "language": "English", "layout": "normal", "legalities": {}, "manaValue": 0.0, "name": "Demonic Tourist Laser", "number": "21", "printings": ["SUNF"], "purchaseUrls": {}, "rarity": "common", "rulings": [], "setCode": "SUNF", "subtypes": [], "supertypes": [], "text": "{TK}{TK} — Outlast {1} ({1}, {T}: Put a +1/+1 counter on this creature. Outlast only as a sorcery.)\n{TK}{TK}{TK} — When this permanent dies, you get seven {TK}.\n{TK}{TK} — 1/4\n{TK}{TK}{TK}{TK}{TK} — 9/6", "type": "Sticker", "types": ["Sticker"], "uuid": "5f0cbfab-5583-593b-b1a9-7aa06bc9543e"}, {"artist": "Larissa Hasenheit & Mina Jeon", "availability": ["paper"], "borderColor": "black", "colorIdentity": [], "colors": [], "convertedManaCost": 0.0, "finishes": ["nonfoil", "foil"], "foreignData": [], "frameVersion": "2015", "hasFoil": true, "hasNonFoil": true, "identifiers": {"mtgjsonV4Id": "f655e0b5-ed80-56e8-b2c8-d83f7b037373", "scryfallId": "6534ab2b-ed2e-4c51-914d-920dc2307f43", "scryfallIllustrationId": "db8aac19-80e4-423e-a9cf-dae70a9a6193", "scryfallOracleId": "535fd365-19f4-4861-8f86-d814650355e9"}, "isStarter": true, "language": "English", "layout": "normal", "legalities": {}, "manaValue": 0.0, "name": "Cursed Firebreathing Yogurt", "number": "22", "printings": ["SUNF"], "purchaseUrls": {}, "rarity": "common", "rulings": [], "setCode": "SUNF", "subtypes": [], "supertypes": [], "text": "{TK}{TK} — Prowess, prowess (Whenever you cast a noncreature spell, this creature gets +1/+1 until end of turn twice.)\n{TK}{TK}{TK}{TK}{TK} — {2}, {T}: This permanent deals 2 damage to any target.\n{TK}{TK} — 4/2\n{TK}{TK}{TK}{TK} — 4/8", "type": "Sticker", "types": ["Sticker"], "uuid": "03ab3f9b-b3c0-5632-b597-f50d9cb173fc"}, {"artist": "Larissa Hasenheit & Mina Jeon", "availability": ["paper"], "borderColor": "black", "colorIdentity": [], "colors": [], "convertedManaCost": 0.0, "finishes": ["nonfoil", "foil"], "foreignData": [], "frameVersion": "2015", "hasFoil": true, "hasNonFoil": true, "identifiers": {"mtgjsonV4Id": "9ecc153e-59d0-5c29-9b59-e07f7af4b41f", "scryfallId": "34c3979d-60e7-44b5-bb9f-1b6b0f2b70c3", "scryfallIllustrationId": "da370d03-6468-4e0a-bb1a-47bc5de51984", "scryfallOracleId": "481c3bfe-2293-447d-aa03-3ea6ed9321aa"}, "isStarter": true, "language": "English", "layout": "normal", "legalities": {}, "manaValue": 0.0, "name": "Ancestral Hot Dog Minotaur", "number": "23", "printings": ["SUNF"], "purchaseUrls": {}, "rarity": "common", "rulings": [], "setCode": "SUNF", "subtypes": [], "supertypes": [], "text": "{TK}{TK} — Afflict 2 (Whenever this creature becomes blocked, defending player loses 2 life.)\n{TK}{TK}{TK} — Flying\n{TK}{TK} — 1/4\n{TK}{TK}{TK}{TK}{TK} — 8/6", "type": "Sticker", "types": ["Sticker"], "uuid": "74bb7874-e599-5131-a9e3-8281acf6efa9"}, {"artist": "Larissa Hasenheit & Mina Jeon", "availability": ["paper"], "borderColor": "black", "colorIdentity": [], "colors": [], "convertedManaCost": 0.0, "finishes": ["nonfoil", "foil"], "foreignData": [], "frameVersion": "2015", "hasFoil": true, "hasNonFoil": true, "identifiers": {"mtgjsonV4Id": "e903fef6-ab22-547c-ad3c-142da7c95a32", "scryfallId": "ba3ff3dc-08d6-4ee1-9dcd-38bc95c8b227", "scryfallIllustrationId": "5d2a4f92-fe16-4327-92ee-c70b32824e1b", "scryfallOracleId": "41c0e1f1-8ebe-4cd2-96fe-e4bb625fe6ee"}, "isStarter": true, "language": "English", "layout": "normal", "legalities": {}, "manaValue": 0.0, "name": "Familiar Beeble Mascot", "number": "24", "printings": ["SUNF"], "purchaseUrls": {}, "rarity": "common", "rulings": [], "setCode": "SUNF", "subtypes": [], "supertypes": [], "text": "{TK}{TK} — Whenever this creature attacks, untap target permanent.\n{TK}{TK}{TK}{TK} — Whenever a creature enters the battlefield under your control, creatures you control get +1/+1 until end of turn.\n{TK}{TK} — 2/3\n{TK}{TK}{TK} — 5/3", "type": "Sticker", "types": ["Sticker"], "uuid": "f3bbe1d6-51b2-5421-a494-ad9c19439520"}, {"artist": "Larissa Hasenheit & Mina Jeon", "availability": ["paper"], "borderColor": "black", "colorIdentity": [], "colors": [], "convertedManaCost": 0.0, "finishes": ["nonfoil", "foil"], "foreignData": [], "frameVersion": "2015", "hasFoil": true, "hasNonFoil": true, "identifiers": {"mtgjsonV4Id": "a6bb40a6-3e54-5e97-b130-add99ae158ab", "scryfallId": "4fac4b12-4cb6-438e-acd5-f4598f922b65", "scryfallIllustrationId": "902080f5-a449-43c6-9ded-b251134cceb0", "scryfallOracleId": "26f6170a-34dc-41c8-b3b1-20377f131e6e"}, "isStarter": true, "language": "English", "layout": "normal", "legalities": {}, "manaValue": 0.0, "name": "Giant Mana Cake", "number": "25", "printings": ["SUNF"], "purchaseUrls": {}, "rarity": "common", "rulings": [], "setCode": "SUNF", "subtypes": [], "supertypes": [], "text": "{TK}{TK} — When this permanent leaves the battlefield, create two Food tokens. (They're artifacts with \"{2}, {T}, Sacrifice this artifact: You gain 3 life.\")\n{TK}{TK}{TK}{TK} — When this permanent dies, destroy target nonland permanent.\n{TK}{TK} — 3/3\n{TK}{TK}{TK} — 6/2", "type": "Sticker", "types": ["Sticker"], "uuid": "605e6af6-a893-529b-be58-60ee20de1ba6"}, {"artist": "Larissa Hasenheit & Mina Jeon", "availability": ["paper"], "borderColor": "black", "colorIdentity": [], "colors": [], "convertedManaCost": 0.0, "finishes": ["nonfoil", "foil"], "foreignData": [], "frameVersion": "2015", "hasFoil": true, "hasNonFoil": true, "identifiers": {"mtgjsonV4Id": "92b06b2f-1dc0-51c9-befe-1bcfd8d1b74d", "scryfallId": "8e3a1933-9efb-45dc-997f-c3e4cbb40817", "scryfallIllustrationId": "976030a2-11f0-47fd-972e-0f7283fde822", "scryfallOracleId": "3e5ac76b-08bd-4232-9290-49742b0ff603"}, "isStarter": true, "language": "English", "layout": "normal", "legalities": {}, "manaValue": 0.0, "name": "Snazzy Aether Homunculus", "number": "26", "printings": ["SUNF"], "purchaseUrls": {}, "rarity": "common", "rulings": [], "setCode": "SUNF", "subtypes": [], "supertypes": [], "text": "{TK}{TK} — {1}: Target creature gains all creature types until end of turn.\n{TK}{TK}{TK} — Magecraft — Whenever you cast or copy an instant or sorcery spell, draw a card.\n{TK}{TK} — 2/4\n{TK}{TK}{TK}{TK}{TK} — 8/7", "type": "Sticker", "types": ["Sticker"], "uuid": "82594149-ef01-56aa-ab2d-4a35362b5875"}, {"artist": "Larissa Hasenheit & Mina Jeon", "availability": ["paper"], "borderColor": "black", "colorIdentity": [], "colors": [], "convertedManaCost": 0.0, "finishes": ["nonfoil", "foil"], "foreignData": [], "frameVersion": "2015", "hasFoil": true, "hasNonFoil": true, "identifiers": {"mtgjsonV4Id": "38a796e6-cc2f-5310-af14-8cb1c6aacb5d", "scryfallId": "c65b391d-a5fb-4f0d-8082-cc636ab95b28", "scryfallIllustrationId": "88da874c-fb33-4c04-a8bb-1ee996745ae2", "scryfallOracleId": "5bd19c93-4b1b-45d7-9764-1327fffe94ca"}, "isStarter": true, "language": "English", "layout": "normal", "legalities": {}, "manaValue": 0.0, "name": "Squid Fire Knight", "number": "27", "printings": ["SUNF"], "purchaseUrls": {}, "rarity": "common", "rulings": [], "setCode": "SUNF", "subtypes": [], "supertypes": [], "text": "{TK}{TK} — {T}: The next time target player would roll one or more dice this turn, instead they roll that many dice plus one, then you choose one of those rolls to ignore.\n{TK}{TK}{TK} — Protection from odd mana values\n{TK}{TK} — 4/1\n{TK}{TK}{TK}{TK} — 6/6", "type": "Sticker", "types": ["Sticker"], "uuid": "bfd8318b-1ac0-5906-91ee-1f762f807bae"}, {"artist": "Larissa Hasenheit & Mina Jeon", "availability": ["paper"], "borderColor": "black", "colorIdentity": [], "colors": [], "convertedManaCost": 0.0, "finishes": ["nonfoil", "foil"], "foreignData": [], "frameVersion": "2015", "hasFoil": true, "hasNonFoil": true, "identifiers": {"mtgjsonV4Id": "f2f7c44a-77c7-5b1a-85d7-01b465415134", "scryfallId": "b1710520-d69f-415f-aef8-03eaa514b63a", "scryfallIllustrationId": "c9c8c673-fb1f-4d78-b144-945f171a59cb", "scryfallOracleId": "ba2bb276-b7ef-46ec-9618-2cf4d60c70a6"}, "isStarter": true, "language": "English", "layout": "normal", "legalities": {}, "manaValue": 0.0, "name": "Cool Fluffy Loxodon", "number": "28", "printings": ["SUNF"], "purchaseUrls": {}, "rarity": "common", "rulings": [], "setCode": "SUNF", "subtypes": [], "supertypes": [], "text": "{TK}{TK} — When this permanent leaves the battlefield, draw a card.\n{TK}{TK}{TK}{TK}{TK} — Whenever a creature enters the battlefield under your control, this permanent becomes a 13/13 Eldrazi creature in addition to its other types until end of turn.\n{TK}{TK} — 4/2\n{TK}{TK}{TK}{TK} — 5/6", "type": "Sticker", "types": ["Sticker"], "uuid": "463eff23-bc44-599d-b459-bf93d0742177"}, {"artist": "Larissa Hasenheit & Mina Jeon", "availability": ["paper"], "borderColor": "black", "colorIdentity": [], "colors": [], "convertedManaCost": 0.0, "finishes": ["nonfoil", "foil"], "foreignData": [], "frameVersion": "2015", "hasFoil": true, "hasNonFoil": true, "identifiers": {"mtgjsonV4Id": "78d46372-da9c-5ac4-9bc3-cba6014aae4c", "scryfallId": "1dca39e2-0001-48bb-88a0-16e40b4877c8", "scryfallIllustrationId": "e130df29-c290-4dbe-9d12-1bcb172fb44c", "scryfallOracleId": "fd29fdbd-b4c5-4d23-9388-df0a798fbbba"}, "isStarter": true, "language": "English", "layout": "normal", "legalities": {}, "manaValue": 0.0, "name": "Space Fungus Snickerdoodle", "number": "29", "printings": ["SUNF"], "purchaseUrls": {}, "rarity": "common", "rulings": [], "setCode": "SUNF", "subtypes": [], "supertypes": [], "text": "{TK}{TK} — Skulk (This creature can't be blocked by creatures with greater power.)\n{TK}{TK}{TK} — Battle cry (Whenever this creature attacks, each other attacking creature gets +1/+0 until end of turn.)\n{TK}{TK} — 3/2\n{TK}{TK}{TK}{TK}{TK} — 6/8", "type": "Sticker", "types": ["Sticker"], "uuid": "3532d7cf-8f1b-5444-a6fa-89eabfaf737b"}, {"artist": "Larissa Hasenheit & Mina Jeon", "availability": ["paper"], "borderColor": "black", "colorIdentity": [], "colors": [], "convertedManaCost": 0.0, "finishes": ["nonfoil", "foil"], "foreignData": [], "frameVersion": "2015", "hasFoil": true, "hasNonFoil": true, "identifiers": {"mtgjsonV4Id": "1d3d226a-570b-57ed-ae68-2cccbe130359", "scryfallId": "c27dffce-908c-45cf-bfe5-67af12467321", "scryfallIllustrationId": "dc228a2c-b142-4368-a367-723f6b71707e", "scryfallOracleId": "065cdf8d-6874-4ab6-a08e-79bd88b245bd"}, "isStarter": true, "language": "English", "layout": "normal", "legalities": {}, "manaValue": 0.0, "name": "Playable Delusionary Hydra", "number": "30", "printings": ["SUNF"], "purchaseUrls": {}, "rarity": "common", "rulings": [], "setCode": "SUNF", "subtypes": [], "supertypes": [], "text": "{TK}{TK} — {T}: Draw a card, then discard a card.\n{TK}{TK}{TK}{TK} — Whenever this creature attacks, you gain 3 life and draw a card.\n{TK}{TK} — 1/5\n{TK}{TK}{TK} — 4/4", "type": "Sticker", "types": ["Sticker"], "uuid": "914476c3-9eb3-57b0-901a-a14be1922a1a"}, {"artist": "Larissa Hasenheit & Mina Jeon", "availability": ["paper"], "borderColor": "black", "colorIdentity": [], "colors": [], "convertedManaCost": 0.0, "finishes": ["nonfoil", "foil"], "foreignData": [], "frameVersion": "2015", "hasFoil": true, "hasNonFoil": true, "identifiers": {"mtgjsonV4Id": "f5ce15c4-eec5-5d57-9aed-d845e4882cf2", "scryfallId": "9d595a6a-03f6-4da6-945b-4de82d71b298", "scryfallIllustrationId": "dca3c282-0b60-490f-99f4-9e05c4b15a2f", "scryfallOracleId": "f7016cec-bb17-4f56-bf8e-3d8c83e6e41b"}, "isStarter": true, "language": "English", "layout": "normal", "legalities": {}, "manaValue": 0.0, "name": "Wrinkly Monkey Shenanigans", "number": "31", "printings": ["SUNF"], "purchaseUrls": {}, "rarity": "common", "rulings": [], "setCode": "SUNF", "subtypes": [], "supertypes": [], "text": "{TK}{TK} — {1}: Target creature can't block this creature this turn.\n{TK}{TK}{TK}{TK} — Morbid — At the beginning of each end step, if a creature died this turn and this permanent is a creature, put a -1/-1 counter on this permanent and draw a card.\n{TK}{TK} — 2/4\n{TK}{TK}{TK} — 7/2", "type": "Sticker", "types": ["Sticker"], "uuid": "85eaf736-f807-5390-b43d-45b1f2346a36"}, {"artist": "Larissa Hasenheit & Mina Jeon", "availability": ["paper"], "borderColor": "black", "colorIdentity": [], "colors": [], "convertedManaCost": 0.0, "finishes": ["nonfoil", "foil"], "foreignData": [], "frameVersion": "2015", "hasFoil": true, "hasNonFoil": true, "identifiers": {"mtgjsonV4Id": "cbfa1897-76ab-53a0-8232-4fb49e1f9710", "scryfallId": "992af90e-5ab9-46e1-af1d-c741be2605c3", "scryfallIllustrationId": "6289cc06-bc89-4d99-b3fe-0da49961860a", "scryfallOracleId": "c0a448ee-e5f9-4e57-85b0-f6d401018170"}, "isStarter": true, "language": "English", "layout": "normal", "legalities": {}, "manaValue": 0.0, "name": "Geek Lotus Warrior", "number": "32", "printings": ["SUNF"], "purchaseUrls": {}, "rarity": "common", "rulings": [], "setCode": "SUNF", "subtypes": [], "supertypes": [], "text": "{TK}{TK} — {2}: This creature gets +2/+0 until end of turn.\n{TK}{TK}{TK}{TK} — Whenever a creature enters the battlefield under your control, this permanent deals 2 damage to target player.\n{TK}{TK} — 4/1\n{TK}{TK}{TK} — 3/6", "type": "Sticker", "types": ["Sticker"], "uuid": "6833754c-2692-5848-8b62-18f33d60fef6"}, {"artist": "Larissa Hasenheit & Mina Jeon", "availability": ["paper"], "borderColor": "black", "colorIdentity": [], "colors": [], "convertedManaCost": 0.0, "finishes": ["nonfoil", "foil"], "foreignData": [], "frameVersion": "2015", "hasFoil": true, "hasNonFoil": true, "identifiers": {"mtgjsonV4Id": "0ec39dd8-a7b1-55ab-b37c-7955b3f34434", "scryfallId": "7c2526ff-75ae-4d58-9749-ab948dedf2e7", "scryfallIllustrationId": "1e5bae3a-16c4-40fd-8463-594bd899160b", "scryfallOracleId": "a7a00246-54e7-4213-b95b-907ab9015e53"}, "isStarter": true, "language": "English", "layout": "normal", "legalities": {}, "manaValue": 0.0, "name": "Primal Elder Kitty", "number": "33", "printings": ["SUNF"], "purchaseUrls": {}, "rarity": "common", "rulings": [], "setCode": "SUNF", "subtypes": [], "supertypes": [], "text": "{TK}{TK} — {1}: This creature gets +1/-1 until end of turn.\n{TK}{TK}{TK} — When this creature dies, you may put X +1/+1 counters on target creature, where X is this creature's power.\n{TK}{TK} — 5/1\n{TK}{TK}{TK}{TK} — 4/7", "type": "Sticker", "types": ["Sticker"], "uuid": "488a827c-0835-59c8-a77e-3821fea1eca5"}, {"artist": "Larissa Hasenheit & Mina Jeon", "availability": ["paper"], "borderColor": "black", "colorIdentity": [], "colors": [], "convertedManaCost": 0.0, "finishes": ["nonfoil", "foil"], "foreignData": [], "frameVersion": "2015", "hasFoil": true, "hasNonFoil": true, "identifiers": {"mtgjsonV4Id": "05f25711-0e05-5502-8177-a986bf43c637", "scryfallId": "e997ea17-18e3-4d4c-8ab3-0395e44fca9c", "scryfallIllustrationId": "342f3692-d153-4c4f-a1b9-25e01057aac0", "scryfallOracleId": "16663933-c8e2-4411-8eed-673c52fa3ecb"}, "isStarter": true, "language": "English", "layout": "normal", "legalities": {}, "manaValue": 0.0, "name": "Sassy Gremlin Blood", "number": "34", "printings": ["SUNF"], "purchaseUrls": {}, "rarity": "common", "rulings": [], "setCode": "SUNF", "subtypes": [], "supertypes": [], "text": "{TK}{TK} — Whenever this creature attacks, create a Treasure token.\n{TK}{TK}{TK}{TK}{TK} — {3}: Target creature gains flying until end of turn.\n{TK}{TK} — 3/2\n{TK}{TK}{TK}{TK}{TK}{TK} — 10/10", "type": "Sticker", "types": ["Sticker"], "uuid": "0e54a0b0-acde-5b0b-a272-7f658de6cfbd"}, {"artist": "Larissa Hasenheit & Mina Jeon", "availability": ["paper"], "borderColor": "black", "colorIdentity": [], "colors": [], "convertedManaCost": 0.0, "finishes": ["nonfoil", "foil"], "foreignData": [], "frameVersion": "2015", "hasFoil": true, "hasNonFoil": true, "identifiers": {"mtgjsonV4Id": "5b0ecc58-cea5-5bb1-874d-ef8348f8fe58", "scryfallId": "3af82a50-8f49-4bab-b8f3-da2214d3601d", "scryfallIllustrationId": "6e9eadef-a630-4ceb-884c-be36f6bb7b9a", "scryfallOracleId": "4c02ee30-8681-45ed-adb5-edf06409eee4"}, "isStarter": true, "language": "English", "layout": "normal", "legalities": {}, "manaValue": 0.0, "name": "Yawgmoth Merfolk Soul", "number": "35", "printings": ["SUNF"], "purchaseUrls": {}, "rarity": "common", "rulings": [], "setCode": "SUNF", "subtypes": [], "supertypes": [], "text": "{TK}{TK} — When this permanent leaves the battlefield, target player discards a card.\n{TK}{TK}{TK}{TK}{TK} — When this permanent leaves the battlefield, create five 1/1 white Clown Robot creature tokens.\n{TK}{TK} — 3/3\n{TK}{TK}{TK}{TK} — 6/5", "type": "Sticker", "types": ["Sticker"], "uuid": "194066af-f27a-5fb3-859f-6f50e3da26e5"}, {"artist": "Larissa Hasenheit & Mina Jeon", "availability": ["paper"], "borderColor": "black", "colorIdentity": [], "colors": [], "convertedManaCost": 0.0, "finishes": ["nonfoil", "foil"], "foreignData": [], "frameVersion": "2015", "hasFoil": true, "hasNonFoil": true, "identifiers": {"mtgjsonV4Id": "148ee9b4-c8b4-57c1-95a9-48428c0853fa", "scryfallId": "7985d1dd-32cf-4c83-ae68-ee4961c1e6b9", "scryfallIllustrationId": "9f07c32a-83b4-4367-8766-2d4dc5b2a006", "scryfallOracleId": "6ad4d181-21ce-47f3-9c00-2aa8c307e7fe"}, "isStarter": true, "keywords": ["Mill"], "language": "English", "layout": "normal", "legalities": {}, "manaValue": 0.0, "name": "Unassuming Gelatinous Serpent", "number": "36", "printings": ["SUNF"], "purchaseUrls": {}, "rarity": "common", "rulings": [], "setCode": "SUNF", "subtypes": [], "supertypes": [], "text": "{TK}{TK} — When this permanent dies, return target noncreature, nonland card from your graveyard to your hand.\n{TK}{TK}{TK}{TK} — Whenever this creature deals damage to a player, that player mills twice that many cards.\n{TK}{TK} — 2/3\n{TK}{TK}{TK} — 7/2", "type": "Sticker", "types": ["Sticker"], "uuid": "72c143ed-88d6-5370-9a74-c0b4262d8c1f"}, {"artist": "Larissa Hasenheit & Mina Jeon", "availability": ["paper"], "borderColor": "black", "colorIdentity": [], "colors": [], "convertedManaCost": 0.0, "finishes": ["nonfoil", "foil"], "foreignData": [], "frameVersion": "2015", "hasFoil": true, "hasNonFoil": true, "identifiers": {"mtgjsonV4Id": "fafac4ad-4849-5b4f-b31b-22083032cf79", "scryfallId": "14222486-bcd3-42be-9598-4976ec9c08ea", "scryfallIllustrationId": "d497038c-3111-47ea-ae36-f0313e8d1719", "scryfallOracleId": "d198b39d-2c5f-4150-8c54-a00d33d74a28"}, "isStarter": true, "language": "English", "layout": "normal", "legalities": {}, "manaValue": 0.0, "name": "Squishy Sphinx Ninja", "number": "37", "printings": ["SUNF"], "purchaseUrls": {}, "rarity": "common", "rulings": [], "setCode": "SUNF", "subtypes": [], "supertypes": [], "text": "{TK}{TK} — Ward {2} (Whenever this creature becomes the target of a spell or ability an opponent controls, counter it unless that player pays {2}.)\n{TK}{TK}{TK}{TK} — Provoke (Whenever this creature attacks, you may have target creature defending player controls untap and block it if able.)\n{TK}{TK}{TK} — 5/3\n{TK}{TK}{TK}{TK}{TK} — 7/7", "type": "Sticker", "types": ["Sticker"], "uuid": "2ce4680e-de27-5bc9-b64f-a62b4c797e07"}, {"artist": "Larissa Hasenheit & Mina Jeon", "availability": ["paper"], "borderColor": "black", "colorIdentity": [], "colors": [], "convertedManaCost": 0.0, "finishes": ["nonfoil", "foil"], "foreignData": [], "frameVersion": "2015", "hasFoil": true, "hasNonFoil": true, "identifiers": {"mtgjsonV4Id": "39f6dcd6-315d-5152-ac1d-fe99f278e777", "scryfallId": "c3bd4f88-d861-476b-87d6-605f2c0deee0", "scryfallIllustrationId": "fd03577c-a4f5-4ea8-ae58-47067ab201a7", "scryfallOracleId": "989346e5-3e76-40ce-8295-d267929d4fd5"}, "isStarter": true, "language": "English", "layout": "normal", "legalities": {}, "manaValue": 0.0, "name": "Unique Charmed Pants", "number": "38", "printings": ["SUNF"], "purchaseUrls": {}, "rarity": "common", "rulings": [], "setCode": "SUNF", "subtypes": [], "supertypes": [], "text": "{TK}{TK} — {T}: Add one mana of any color.\n{TK}{TK}{TK} — Whenever this creature attacks, if it's not a Brushwagg, it gets +X/+0 until end of turn, where X the number of Supertypes, card types, and subtypes it has.\n{TK}{TK} — 5/1\n{TK}{TK}{TK}{TK} — 4/8", "type": "Sticker", "types": ["Sticker"], "uuid": "96541873-cf40-5cf7-b3cd-12e943528f0b"}, {"artist": "Larissa Hasenheit & Mina Jeon", "availability": ["paper"], "borderColor": "black", "colorIdentity": [], "colors": [], "convertedManaCost": 0.0, "finishes": ["nonfoil", "foil"], "foreignData": [], "frameVersion": "2015", "hasFoil": true, "hasNonFoil": true, "identifiers": {"mtgjsonV4Id": "69781638-1e23-5271-bcc2-624929ab84a0", "scryfallId": "04da8455-cfaa-4061-9aea-4c9015baaab4", "scryfallIllustrationId": "4ede1db5-2d8b-45a3-af09-3f78973d93ca", "scryfallOracleId": "ea1fb0c3-d52c-4435-af2c-4b74f31189f7"}, "isStarter": true, "language": "English", "layout": "normal", "legalities": {}, "manaValue": 0.0, "name": "Unhinged Beast Hunt", "number": "39", "printings": ["SUNF"], "purchaseUrls": {}, "rarity": "common", "rulings": [], "setCode": "SUNF", "subtypes": [], "supertypes": [], "text": "{TK}{TK} — {T}: You gain 1 life.\n{TK}{TK}{TK}{TK} — Whenever this creature attacks, tap each creature an opponent controls with the same power and/or same toughness as this creature.\n{TK}{TK} — 4/1\n{TK}{TK}{TK} — 2/6", "type": "Sticker", "types": ["Sticker"], "uuid": "1c222764-2bb8-5e64-ac85-5ceb91de1315"}, {"artist": "Larissa Hasenheit & Mina Jeon", "availability": ["paper"], "borderColor": "black", "colorIdentity": [], "colors": [], "convertedManaCost": 0.0, "finishes": ["nonfoil", "foil"], "foreignData": [], "frameVersion": "2015", "hasFoil": true, "hasNonFoil": true, "identifiers": {"mtgjsonV4Id": "fc58e1b1-7341-57ac-b7f9-7f80275d2cd6", "scryfallId": "fa0c5716-a222-41a1-88cf-8b4aae87f92b", "scryfallIllustrationId": "3847fa2c-2ec8-48a7-b80a-b4801f91b9f7", "scryfallOracleId": "578c23d2-225f-4488-be7f-4abe38297bde"}, "isStarter": true, "language": "English", "layout": "normal", "legalities": {}, "manaValue": 0.0, "name": "Wild Ogre Bupkis", "number": "40", "printings": ["SUNF"], "purchaseUrls": {}, "rarity": "common", "rulings": [], "setCode": "SUNF", "subtypes": [], "supertypes": [], "text": "{TK}{TK} — Whenever this creature attacks, put a +1/+1 counter on it.\n{TK}{TK}{TK} — Metalcraft — This permanent has protection from noncreature permanents as long as you control three or more artifacts.\n{TK}{TK} — 5/1\n{TK}{TK}{TK}{TK} — 7/4", "type": "Sticker", "types": ["Sticker"], "uuid": "07a719ec-faf8-5a9e-b6ce-e6d36223f4bc"}, {"artist": "Larissa Hasenheit & Mina Jeon", "availability": ["paper"], "borderColor": "black", "colorIdentity": [], "colors": [], "convertedManaCost": 0.0, "finishes": ["nonfoil", "foil"], "foreignData": [], "frameVersion": "2015", "hasFoil": true, "hasNonFoil": true, "identifiers": {"mtgjsonV4Id": "535455f0-3e7d-503a-ab14-d3d7967cf104", "scryfallId": "5feced69-a138-4a56-85f2-7c2cbdde5fa6", "scryfallIllustrationId": "ec2d7182-da63-4f3f-a67a-536572dd359c", "scryfallOracleId": "06f8efdd-4e8e-4524-859b-71f2f1732ad5"}, "isStarter": true, "language": "English", "layout": "normal", "legalities": {}, "manaValue": 0.0, "name": "Notorious Sliver War", "number": "41", "printings": ["SUNF"], "purchaseUrls": {}, "rarity": "common", "rulings": [], "setCode": "SUNF", "subtypes": [], "supertypes": [], "text": "{TK}{TK} — {5}: Creatures you control get +1/+1 until end of turn.\n{TK}{TK}{TK} — Protection from creatures with two or more creature types.\n{TK}{TK} — 3/3\n{TK}{TK}{TK}{TK}{TK} — 9/6", "type": "Sticker", "types": ["Sticker"], "uuid": "4decc7bd-21ed-5e33-b63f-0c4b48e7a157"}, {"artist": "Larissa Hasenheit & Mina Jeon", "availability": ["paper"], "borderColor": "black", "colorIdentity": [], "colors": [], "convertedManaCost": 0.0, "finishes": ["nonfoil", "foil"], "foreignData": [], "frameVersion": "2015", "hasFoil": true, "hasNonFoil": true, "identifiers": {"mtgjsonV4Id": "ee3305c3-f5ad-54bf-8dee-f16de478a406", "scryfallId": "61a9e71b-cb8e-4cff-b561-3d2462848582", "scryfallIllustrationId": "db1da1d7-1563-4a38-bf91-e4751ca8b92d", "scryfallOracleId": "2c925531-63f8-4a6b-bfe0-bb8cd5d0d63d"}, "isStarter": true, "language": "English", "layout": "normal", "legalities": {}, "manaValue": 0.0, "name": "Weird Angel Flame", "number": "42", "printings": ["SUNF"], "purchaseUrls": {}, "rarity": "common", "rulings": [], "setCode": "SUNF", "subtypes": [], "supertypes": [], "text": "{TK}{TK} — Heroic — Whenever you cast a spell that targets this permanent, put two +1/+1 counters on it.\n{TK}{TK}{TK} — Protection from even mana values.\n{TK}{TK} — 2/3\n{TK}{TK}{TK}{TK}{TK} — 7/8", "type": "Sticker", "types": ["Sticker"], "uuid": "45c3442a-0e9a-5ebb-b9fe-c91297860d3b"}, {"artist": "Larissa Hasenheit & Mina Jeon", "availability": ["paper"], "borderColor": "black", "colorIdentity": [], "colors": [], "convertedManaCost": 0.0, "finishes": ["nonfoil", "foil"], "foreignData": [], "frameVersion": "2015", "hasFoil": true, "hasNonFoil": true, "identifiers": {"mtgjsonV4Id": "47876a3a-237e-595d-a51d-d7daaede5394", "scryfallId": "a4475054-b272-4f05-b626-b7b5090690d9", "scryfallIllustrationId": "0d4ece3b-517c-4764-9386-0a0208d5af0d", "scryfallOracleId": "be19d5ef-15ed-422d-8799-63eabfdbaae3"}, "isStarter": true, "language": "English", "layout": "normal", "legalities": {}, "manaValue": 0.0, "name": "Vampire Champion Fury", "number": "43", "printings": ["SUNF"], "purchaseUrls": {}, "rarity": "common", "rulings": [], "setCode": "SUNF", "subtypes": [], "supertypes": [], "text": "{TK}{TK} — Hellbent — This creature gets +3/+3 as long as you have no cards in hand.\n{TK}{TK}{TK}{TK} — {2}, Sacrifice this creature: It deals X damage divided as you choose among any number of target creatures, where X is its power.\n{TK}{TK} — 1/5\n{TK}{TK}{TK} — 6/3", "type": "Sticker", "types": ["Sticker"], "uuid": "bba543eb-1c60-531d-9add-20599fb49983"}, {"artist": "Larissa Hasenheit & Mina Jeon", "availability": ["paper"], "borderColor": "black", "colorIdentity": [], "colors": [], "convertedManaCost": 0.0, "finishes": ["nonfoil", "foil"], "foreignData": [], "frameVersion": "2015", "hasFoil": true, "hasNonFoil": true, "identifiers": {"mtgjsonV4Id": "2ade2b74-185f-5c16-8283-873adb1ae16d", "scryfallId": "633f98c3-ffec-48c0-ac01-d599312fe288", "scryfallIllustrationId": "c590b6b0-c6d3-463b-bbec-d60291bc3aec", "scryfallOracleId": "7a1ff7f3-0b3e-47fe-9e89-522c04f53869"}, "isStarter": true, "language": "English", "layout": "normal", "legalities": {}, "manaValue": 0.0, "name": "Trained Blessed Mind", "number": "44", "printings": ["SUNF"], "purchaseUrls": {}, "rarity": "common", "rulings": [], "setCode": "SUNF", "subtypes": [], "supertypes": [], "text": "{TK}{TK} — {T}: Exile target card from a graveyard.\n{TK}{TK}{TK} — Threshold — As long as seven or more cards are in your graveyard, this creature gets +4/+0 and has trample.\n{TK}{TK} — 4/2\n{TK}{TK}{TK}{TK}{TK} — 6/9", "type": "Sticker", "types": ["Sticker"], "uuid": "68f849a7-5d29-5df9-968a-17d9fd6a96cd"}, {"artist": "Larissa Hasenheit & Mina Jeon", "availability": ["paper"], "borderColor": "black", "colorIdentity": [], "colors": [], "convertedManaCost": 0.0, "finishes": ["nonfoil", "foil"], "foreignData": [], "frameVersion": "2015", "hasFoil": true, "hasNonFoil": true, "identifiers": {"mtgjsonV4Id": "98bae7c1-a092-5c8c-b04c-bca1e36c1bd6", "scryfallId": "955c33c6-0cc6-47ec-8f71-8d169c02b243", "scryfallIllustrationId": "5e3c37bc-30ad-490d-8ca1-4d22d5acf645", "scryfallOracleId": "eb1c4f0a-b993-4aa1-8b13-1695b5f63653"}, "isStarter": true, "language": "English", "layout": "normal", "legalities": {}, "manaValue": 0.0, "name": "Unglued Pea-Brained Dinosaur", "number": "45", "printings": ["SUNF"], "purchaseUrls": {}, "rarity": "common", "rulings": [], "setCode": "SUNF", "subtypes": [], "supertypes": [], "text": "{TK}{TK} — {T}: Add {2}. Spend this mana only to cast creature spells.\n{TK}{TK}{TK}{TK} — At the beginning of combat on your turn, target noncreature artifact you control becomes a 4/4 artifact creature with flying until end of turn.\n{TK}{TK} — 2/4\n{TK}{TK}{TK}{TK}{TK} — 8/6", "type": "Sticker", "types": ["Sticker"], "uuid": "64e60bad-d3cd-5b97-890f-e126b0d37a4c"}, {"artist": "Larissa Hasenheit & Mina Jeon", "availability": ["paper"], "borderColor": "black", "colorIdentity": [], "colors": [], "convertedManaCost": 0.0, "finishes": ["nonfoil", "foil"], "foreignData": [], "frameVersion": "2015", "hasFoil": true, "hasNonFoil": true, "identifiers": {"mtgjsonV4Id": "8ef1501f-cab4-5362-ba71-f2cb3a9f9e6a", "scryfallId": "eacec01f-c971-48b7-bf4a-2fdacae32835", "scryfallIllustrationId": "cc78a0e2-8171-4231-9dee-cba77f9d55f8", "scryfallOracleId": "5829ac8e-bd1c-4065-b30a-5307ab11ae79"}, "isStarter": true, "language": "English", "layout": "normal", "legalities": {}, "manaValue": 0.0, "name": "Elemental Time Flamingo", "number": "46", "printings": ["SUNF"], "purchaseUrls": {}, "rarity": "common", "rulings": [], "setCode": "SUNF", "subtypes": [], "supertypes": [], "text": "{TK}{TK} — Exile this permanent: You may cast target nonland card from your graveyard this turn.\n{TK}{TK}{TK}{TK} — Whenever a creature you control dies, each opponent loses 1 life and you gain 1 life.\n{TK}{TK} — 1/5\n{TK}{TK}{TK} — 5/4", "type": "Sticker", "types": ["Sticker"], "uuid": "4c73bbe5-3543-564d-b163-bd324941834d"}, {"artist": "Larissa Hasenheit & Mina Jeon", "availability": ["paper"], "borderColor": "black", "colorIdentity": [], "colors": [], "convertedManaCost": 0.0, "finishes": ["nonfoil", "foil"], "foreignData": [], "frameVersion": "2015", "hasFoil": true, "hasNonFoil": true, "identifiers": {"mtgjsonV4Id": "8b1da264-6d2b-54a4-be62-01bc2a09b7fc", "scryfallId": "a5f917b0-3c9a-4643-ade8-ada20dfc2d05", "scryfallIllustrationId": "72427c9e-7127-4fea-8651-9b3fd24ba8d0", "scryfallOracleId": "676de97a-299b-42ac-aa93-bb12dc9c4460"}, "isStarter": true, "language": "English", "layout": "normal", "legalities": {}, "manaValue": 0.0, "name": "Unstable Robot Dragon", "number": "47", "printings": ["SUNF"], "purchaseUrls": {}, "rarity": "common", "rulings": [], "setCode": "SUNF", "subtypes": [], "supertypes": [], "text": "{TK}{TK} — {1}: Switch this creature's power and toughness until end of turn.\n{TK}{TK}{TK}{TK} — Whenever this creature attacks, it gets +5/+5 until end of turn.\n{TK}{TK} — 3/2\n{TK}{TK}{TK} — 2/7", "type": "Sticker", "types": ["Sticker"], "uuid": "6c0846b3-5b88-5e3f-b76a-44ff5379a7fb"}, {"artist": "Larissa Hasenheit & Mina Jeon", "availability": ["paper"], "borderColor": "black", "colorIdentity": [], "colors": [], "convertedManaCost": 0.0, "finishes": ["nonfoil", "foil"], "foreignData": [], "frameVersion": "2015", "hasFoil": true, "hasNonFoil": true, "identifiers": {"mtgjsonV4Id": "f1a8e457-0954-5074-b1e8-4796c60b69bd", "scryfallId": "1cd65813-8103-413b-add4-d000101e479d", "scryfallIllustrationId": "9b185c6e-b481-41dc-a972-f51b1124b4c0", "scryfallOracleId": "a72927dc-b633-4830-be39-40674ed74ef3"}, "isStarter": true, "language": "English", "layout": "normal", "legalities": {}, "manaValue": 0.0, "name": "Werewolf Lightning Mage", "number": "48", "printings": ["SUNF"], "purchaseUrls": {}, "rarity": "common", "rulings": [], "setCode": "SUNF", "subtypes": [], "supertypes": [], "text": "{TK}{TK} — Landfall — Whenever a land enters the battlefield under your control, put a +1/+1 counter on this permanent.\n{TK}{TK}{TK}{TK} — Whenever this creature blocks this creature, that creature gets -4/-4 until end of turn.\n{TK}{TK} — 4/1\n{TK}{TK}{TK} — 3/5", "type": "Sticker", "types": ["Sticker"], "uuid": "24fbb788-c8ca-5783-99c9-d18be3b01b47"}], "code": "SUNF", "isFoilOnly": false, "isOnlineOnly": false, "isPartialPreview": true, "keyruneCode": "UNF", "name": "Unfinity Sticker Sheets", "parentCode": "UNF", "releaseDate": "2022-10-07", "tokens": [{"artist": "Larissa Hasenheit & Mina Jeon", "availability": ["paper"], "borderColor": "black", "colorIdentity": [], "colors": [], "finishes": ["nonfoil", "foil"], "frameVersion": "2015", "hasFoil": true, "hasNonFoil": true, "identifiers": {"mtgjsonV4Id": "a45483d9-bcf5-5339-ae77-d818a75fb9a8", "scryfallId": "f20010bf-3745-422a-8811-c3f6be9a8805", "scryfallIllustrationId": "cea1f0f0-058c-4e58-8066-8ed1d1993ee6", "scryfallOracleId": "7abe9119-cc5d-4004-8a46-4a3153ead570"}, "language": "English", "layout": "token", "name": "Urza's Dark Cannonball", "number": "4", "reverseRelated": [], "setCode": "SUNF", "subtypes": [], "supertypes": [], "text": "{TK}{TK} — Exalted, exalted. (Whenever a creature you control attacks alone, it gets +1/+1 until end of turn for each instance of exalted among permanents you control.)\n{TK}{TK}{TK} — Shadow (This creature can block or be blocked only by creatures with shadow.)\n{TK}{TK} — 1/5\n{TK}{TK}{TK}{TK} — 7/4", "type": "Sticker", "types": ["Sticker"], "uuid": "694f2922-092f-5f8e-9a6a-d7ddb7d99487"}, {"artist": "Larissa Hasenheit & Mina Jeon", "availability": ["paper"], "borderColor": "black", "colorIdentity": [], "colors": [], "finishes": ["nonfoil", "foil"], "frameVersion": "2015", "hasFoil": true, "hasNonFoil": true, "identifiers": {"mtgjsonV4Id": "07d6a5fe-c07e-596e-b59f-4ee3b81de0cd", "scryfallId": "20a67ee2-0137-458d-b381-430a2494357f", "scryfallIllustrationId": "2bc400fb-6a3b-4be3-bb51-d3ac78d09e50", "scryfallOracleId": "c3e5d355-fbfb-4489-aeea-8b0ea5de6fcd"}, "language": "English", "layout": "token", "name": "Happy Dead Squirrel", "number": "8", "reverseRelated": [], "setCode": "SUNF", "subtypes": [], "supertypes": [], "text": "{TK}{TK} — {T}: Add {2}. Spend this mana only to cast noncreature spells.\n{TK}{TK}{TK} — Infect (This permanent deals damage to creatures in the form of -1/1 counters and to players in the form of poison counters.)\n{TK}{TK} — 3/2\n{TK}{TK}{TK}{TK} — 4/7", "type": "Sticker", "types": ["Sticker"], "uuid": "1d7f3539-4a2b-5dcd-87f1-2308902b8077"}], "totalSetSize": 46, "translations": {}, "type": "token"}}