{"meta": {"date": "2022-09-29", "version": "5.2.0+20220929"}, "data": {"baseSetSize": 0, "cards": [], "code": "SZNR", "isFoilOnly": false, "isNonFoilOnly": true, "isOnlineOnly": false, "keyruneCode": "ZNR", "name": "Zendikar Rising Substitute Cards", "parentCode": "ZNR", "releaseDate": "2020-09-25", "tokens": [{"artist": "Piotr Dura", "availability": ["paper"], "borderColor": "black", "colorIdentity": [], "colors": [], "finishes": ["nonfoil"], "frameVersion": "2015", "hasFoil": false, "hasNonFoil": true, "identifiers": {"mtgjsonV4Id": "854768fa-114e-5012-a041-2648af7de980", "scryfallId": "308ac133-f368-4f6c-9e09-d9cfc136355a", "scryfallIllustrationId": "b01f28ce-1877-4ac1-a780-abad5cf29c8d", "scryfallOracleId": "cb5ca670-a50e-4c73-879a-8dc0aa2cbd9f"}, "language": "English", "layout": "token", "name": "Double-Faced Substitute Card", "number": "1", "reverseRelated": [], "setCode": "SZNR", "subtypes": [], "supertypes": [], "text": "(You can use this card to represent a double-faced card.)", "type": "Card", "types": ["Card"], "uuid": "014f9e21-753c-597f-8697-bd7aa8ab2a29"}, {"artist": "Piotr Dura", "availability": ["paper"], "borderColor": "black", "colorIdentity": [], "colors": [], "finishes": ["nonfoil"], "frameVersion": "2015", "hasFoil": false, "hasNonFoil": true, "identifiers": {"mtgjsonV4Id": "1676ef98-5eb7-5c2a-8a7c-df4fb3653ce6", "scryfallId": "70a3617a-e627-42bc-a4bd-28ae3c9d459a", "scryfallIllustrationId": "f3b487a0-cb9f-4a8e-8dc1-6675de273627", "scryfallOracleId": "cb5ca670-a50e-4c73-879a-8dc0aa2cbd9f"}, "language": "English", "layout": "token", "name": "Double-Faced Substitute Card", "number": "2", "reverseRelated": [], "setCode": "SZNR", "subtypes": [], "supertypes": [], "text": "(You can use this card to represent a double-faced card.)", "type": "Card", "types": ["Card"], "uuid": "f15811b8-41c3-525f-bc07-f74f210c5add"}, {"artist": "Piotr Dura", "availability": ["paper"], "borderColor": "black", "colorIdentity": [], "colors": [], "finishes": ["nonfoil"], "frameVersion": "2015", "hasFoil": false, "hasNonFoil": true, "identifiers": {"mtgjsonV4Id": "392d9a67-2fa7-591d-b8ea-c347c61cb784", "scryfallId": "b71deebf-255f-4714-b9ca-bbf642b3ec7a", "scryfallIllustrationId": "9c9bc13a-1d0d-47b1-8e03-043cde9146ea", "scryfallOracleId": "cb5ca670-a50e-4c73-879a-8dc0aa2cbd9f"}, "language": "English", "layout": "token", "name": "Double-Faced Substitute Card", "number": "3", "reverseRelated": [], "setCode": "SZNR", "subtypes": [], "supertypes": [], "text": "(You can use this card to represent a double-faced card.)", "type": "Card", "types": ["Card"], "uuid": "b276e4ea-ff28-59f2-a45e-01e9dadce6ae"}, {"artist": "Piotr Dura", "availability": ["paper"], "borderColor": "black", "colorIdentity": [], "colors": [], "finishes": ["nonfoil"], "frameVersion": "2015", "hasFoil": false, "hasNonFoil": true, "identifiers": {"mtgjsonV4Id": "553d2b4c-fa58-54ef-88c0-6513348bdb7b", "scryfallId": "fbf90fb9-eaa4-435d-8c20-c1ac09f35be6", "scryfallIllustrationId": "df6d52a9-43ea-4f84-aabe-198d65878581", "scryfallOracleId": "cb5ca670-a50e-4c73-879a-8dc0aa2cbd9f"}, "language": "English", "layout": "token", "name": "Double-Faced Substitute Card", "number": "4", "reverseRelated": [], "setCode": "SZNR", "subtypes": [], "supertypes": [], "text": "(You can use this card to represent a double-faced card.)", "type": "Card", "types": ["Card"], "uuid": "4842cd69-f4a3-5c6a-9873-d36d7331ca6f"}, {"artist": "Piotr Dura", "availability": ["paper"], "borderColor": "black", "colorIdentity": [], "colors": [], "finishes": ["nonfoil"], "frameVersion": "2015", "hasFoil": false, "hasNonFoil": true, "identifiers": {"mtgjsonV4Id": "8044c7bf-6f52-5844-aee2-c9da7897caf3", "scryfallId": "5dea354b-b583-48b1-93b5-4a50e6a11cd3", "scryfallIllustrationId": "665d5e73-b5b8-4bf5-b8a6-f57bd84c47df", "scryfallOracleId": "cb5ca670-a50e-4c73-879a-8dc0aa2cbd9f"}, "language": "English", "layout": "token", "name": "Double-Faced Substitute Card", "number": "5", "reverseRelated": [], "setCode": "SZNR", "subtypes": [], "supertypes": [], "text": "(You can use this card to represent a double-faced card.)", "type": "Card", "types": ["Card"], "uuid": "c3f2bb9f-9673-5e6d-9178-ef443285f8e5"}, {"artist": "Piotr Dura", "availability": ["paper"], "borderColor": "black", "colorIdentity": [], "colors": [], "finishes": ["nonfoil"], "frameVersion": "2015", "hasFoil": false, "hasNonFoil": true, "identifiers": {"mtgjsonV4Id": "a17ceecf-5d9b-54fa-b78a-a0261226a28b", "scryfallId": "5b6068c3-66dd-481d-b198-0a7370e855c1", "scryfallIllustrationId": "ea582b03-eb5b-4cf0-a795-33faac82e202", "scryfallOracleId": "cb5ca670-a50e-4c73-879a-8dc0aa2cbd9f"}, "language": "English", "layout": "token", "name": "Double-Faced Substitute Card", "number": "6", "reverseRelated": [], "setCode": "SZNR", "subtypes": [], "supertypes": [], "text": "(You can use this card to represent a double-faced card.)", "type": "Card", "types": ["Card"], "uuid": "6b609fc3-f3ef-5093-a7ca-b72735003af0"}, {"artist": "Piotr Dura", "availability": ["paper"], "borderColor": "borderless", "colorIdentity": [], "colors": [], "finishes": ["nonfoil"], "frameVersion": "2015", "hasFoil": false, "hasNonFoil": true, "identifiers": {"mtgjsonV4Id": "a59f72ee-880d-538d-929a-5add9aa8be75", "scryfallId": "b1d747d2-5780-484d-ab25-bf2eb9ddc36a", "scryfallIllustrationId": "60e03462-5f2d-4bd0-9581-1e8259b6fd6e", "scryfallOracleId": "cb5ca670-a50e-4c73-879a-8dc0aa2cbd9f"}, "language": "English", "layout": "token", "name": "Double-Faced Substitute Card", "number": "7", "reverseRelated": [], "setCode": "SZNR", "subtypes": [], "supertypes": [], "text": "(You can use this card to represent a double-faced card.)", "type": "Card", "types": ["Card"], "uuid": "00b17154-dd7c-5b97-89fb-a72b4c9f2c00"}, {"artist": "Piotr Dura", "availability": ["paper"], "borderColor": "black", "colorIdentity": [], "colors": [], "finishes": ["nonfoil"], "frameVersion": "2015", "hasFoil": false, "hasNonFoil": true, "identifiers": {"mtgjsonV4Id": "869584dd-074b-5407-8b70-f979cbce338f", "scryfallId": "7a15b349-2c3c-4a4d-98b4-9a803a174481", "scryfallIllustrationId": "977876da-2282-484f-a90f-2b590d8285c6", "scryfallOracleId": "cb5ca670-a50e-4c73-879a-8dc0aa2cbd9f"}, "language": "English", "layout": "token", "name": "Double-Faced Substitute Card", "number": "8", "reverseRelated": [], "setCode": "SZNR", "subtypes": [], "supertypes": [], "text": "(You can use this card to represent a double-faced card.)", "type": "Card", "types": ["Card"], "uuid": "715d89de-4700-52c3-8dc9-f1c17765697c"}, {"artist": "Piotr Dura", "availability": ["paper"], "borderColor": "black", "colorIdentity": [], "colors": [], "finishes": ["nonfoil"], "frameVersion": "2015", "hasFoil": false, "hasNonFoil": true, "identifiers": {"mtgjsonV4Id": "acf89d80-5bfc-586a-ad08-5fada9f4deb3", "scryfallId": "88c2be14-4cd5-49cb-9051-32247a2bb52f", "scryfallIllustrationId": "8410d5fc-07fc-4315-81b5-553eb84a7e3e", "scryfallOracleId": "cb5ca670-a50e-4c73-879a-8dc0aa2cbd9f"}, "language": "English", "layout": "token", "name": "Double-Faced Substitute Card", "number": "9", "reverseRelated": [], "setCode": "SZNR", "subtypes": [], "supertypes": [], "text": "(You can use this card to represent a double-faced card.)", "type": "Card", "types": ["Card"], "uuid": "6e1161b1-f665-5958-b468-0c4649024814"}], "totalSetSize": 0, "translations": {}, "type": "token"}}