{"meta": {"date": "2022-09-29", "version": "5.2.0+20220929"}, "data": {"baseSetSize": 15, "block": "Theros", "cards": [{"artist": "Svetlin Velinov", "availability": ["paper"], "borderColor": "black", "colorIdentity": [], "colors": [], "convertedManaCost": 0.0, "finishes": ["nonfoil"], "foreignData": [], "frameVersion": "2003", "hasFoil": false, "hasNonFoil": true, "identifiers": {"mtgjsonV4Id": "e441488b-0c4d-566c-a61b-ef3d74f2017e", "scryfallId": "7e5d19fa-0f12-41cb-90a8-c027edbc893b", "scryfallIllustrationId": "002141f5-ab54-4153-8437-c5649b6f4d16", "scryfallOracleId": "be836ed0-fe0e-40a0-a7f2-cad50d36cee8", "tcgplayerProductId": "231497"}, "isStarter": true, "language": "English", "layout": "normal", "legalities": {}, "manaValue": 0.0, "name": "Consuming Rage", "number": "6", "printings": ["TBTH"], "promoTypes": ["instore"], "purchaseUrls": {"tcgplayer": "https://mtgjson.com/links/376fe249effffd12"}, "rarity": "common", "rulings": [], "setCode": "TBTH", "subtypes": [], "supertypes": [], "text": "Whenever a Minotaur attacks this turn, it gets +2/+0 until end of turn. Destroy that creature at end of combat.", "type": "Sorcery", "types": ["Sorcery"], "uuid": "6386e658-c82b-57f8-ac07-c8af7ece1593"}, {"artist": "Zoltan Boros", "availability": ["paper"], "borderColor": "black", "colorIdentity": [], "colors": [], "convertedManaCost": 0.0, "finishes": ["nonfoil"], "foreignData": [], "frameVersion": "2003", "hasFoil": false, "hasNonFoil": true, "identifiers": {"mtgjsonV4Id": "e97c5c24-b7ad-50c3-80b2-7c7590ad904a", "scryfallId": "95e0a522-2395-438a-83bc-ea092e4286c3", "scryfallIllustrationId": "22aa0353-30cf-40ed-95d1-c1d79745b88c", "scryfallOracleId": "b0cb91a3-b38b-4afc-b873-17717e53e3ce", "tcgplayerProductId": "231498"}, "isStarter": true, "language": "English", "layout": "normal", "legalities": {}, "manaValue": 0.0, "name": "Descend on the Prey", "number": "7", "printings": ["TBTH"], "promoTypes": ["instore"], "purchaseUrls": {"tcgplayer": "https://mtgjson.com/links/edae7d043cf1f425"}, "rarity": "common", "rulings": [], "setCode": "TBTH", "subtypes": [], "supertypes": [], "text": "Whenever a Minotaur attacks this turn, it gains first strike until end of turn and must be blocked this turn if able.", "type": "Sorcery", "types": ["Sorcery"], "uuid": "3df137ad-d644-572c-b485-86fa5694ad36"}, {"artist": "Dan Scott", "availability": ["paper"], "borderColor": "black", "colorIdentity": [], "colors": [], "convertedManaCost": 0.0, "finishes": ["nonfoil"], "foreignData": [], "frameVersion": "2003", "hasFoil": false, "hasNonFoil": true, "identifiers": {"mtgjsonV4Id": "8edff143-ded0-547c-9806-147f2bd288f5", "scryfallId": "661e8959-4c63-439b-8cbf-837f84ad3e57", "scryfallIllustrationId": "4f934740-2599-481d-b7ff-2ee961d9af8d", "scryfallOracleId": "bb2abcbf-2c80-4920-9420-205e16c5c0e8", "tcgplayerProductId": "231499"}, "isStarter": true, "language": "English", "layout": "normal", "legalities": {}, "manaValue": 0.0, "name": "Intervention of Keranos", "number": "8", "printings": ["TBTH"], "promoTypes": ["instore"], "purchaseUrls": {"tcgplayer": "https://mtgjson.com/links/38f1a5dd137e2e87"}, "rarity": "common", "rulings": [], "setCode": "TBTH", "subtypes": [], "supertypes": [], "text": "At the beginning of combat this turn, Intervention of Keranos deals 3 damage to each creature.", "type": "Sorcery", "types": ["Sorcery"], "uuid": "e982d3c7-217e-5da7-ade3-0a8a92d23762"}, {"artist": "Svetlin Velinov", "availability": ["paper"], "borderColor": "black", "colorIdentity": [], "colors": [], "convertedManaCost": 0.0, "finishes": ["nonfoil"], "foreignData": [], "frameVersion": "2003", "hasFoil": false, "hasNonFoil": true, "identifiers": {"mtgjsonV4Id": "5b9f89c1-5946-5960-a472-af6fafcc6da3", "scryfallId": "c58bacd4-e84b-4c73-802f-5f65e5c94a46", "scryfallIllustrationId": "ce9081c2-a8b5-49ee-8d15-3009f6bdd869", "scryfallOracleId": "aff2baa7-e129-4579-9022-59d8fbee4d63", "tcgplayerProductId": "231500"}, "isStarter": true, "language": "English", "layout": "normal", "legalities": {}, "manaValue": 0.0, "name": "Touch of the Horned God", "number": "9", "printings": ["TBTH"], "promoTypes": ["instore"], "purchaseUrls": {"tcgplayer": "https://mtgjson.com/links/ac5919516e373a79"}, "rarity": "common", "rulings": [], "setCode": "TBTH", "subtypes": [], "supertypes": [], "text": "Whenever a Minotaur attacks this turn, it gains deathtouch until end of turn.", "type": "Sorcery", "types": ["Sorcery"], "uuid": "80919f78-eda2-55e1-93b8-e2a7fb0464b7"}, {"artist": "Jason Rainville", "availability": ["paper"], "borderColor": "black", "colorIdentity": [], "colors": [], "convertedManaCost": 0.0, "edhrecRank": 5690, "finishes": ["nonfoil"], "foreignData": [], "frameVersion": "2003", "hasFoil": false, "hasNonFoil": true, "identifiers": {"mtgjsonV4Id": "6d84da19-db54-549a-963f-3b51245a9b6f", "scryfallId": "d4d98fc6-da00-4d65-9469-9d2c5b111f2e", "scryfallIllustrationId": "ee72efe8-3a48-40a4-a805-3bd99d6a117b", "scryfallOracleId": "8caab5e1-4195-4c2c-97f7-813db3fbe2a3", "tcgplayerProductId": "231501"}, "isStarter": true, "language": "English", "layout": "normal", "legalities": {}, "manaValue": 0.0, "name": "Unquenchable Fury", "number": "10", "printings": ["TBTH"], "promoTypes": ["instore"], "purchaseUrls": {"tcgplayer": "https://mtgjson.com/links/7bb8eac76300362d"}, "rarity": "common", "rulings": [], "setCode": "TBTH", "subtypes": [], "supertypes": [], "text": "Each Minotaur can't be blocked this turn except by two or more creatures.", "type": "Sorcery", "types": ["Sorcery"], "uuid": "b515bbb3-e4b8-5d29-a661-0851e58e64d2"}, {"artist": "Aaron Miller", "availability": ["paper"], "borderColor": "black", "colorIdentity": [], "colors": [], "convertedManaCost": 0.0, "finishes": ["nonfoil"], "foreignData": [], "frameVersion": "2003", "hasFoil": false, "hasNonFoil": true, "identifiers": {"mtgjsonV4Id": "1fa70333-8f38-5205-8778-1e96061b008f", "scryfallId": "f6882d51-1db2-4b08-8873-cb6f2d96b260", "scryfallIllustrationId": "453c27e4-fe7f-46af-8012-f22b969b3f2d", "scryfallOracleId": "136bce30-d1bf-4e54-93f6-6c74f6fa6567", "tcgplayerProductId": "231502"}, "isStarter": true, "keywords": ["Hero's Reward"], "language": "English", "layout": "normal", "legalities": {}, "manaValue": 0.0, "name": "Altar of Mogis", "number": "11", "printings": ["TBTH"], "promoTypes": ["instore"], "purchaseUrls": {"tcgplayer": "https://mtgjson.com/links/1c5c7ebaeb9d2f1c"}, "rarity": "common", "rulings": [], "setCode": "TBTH", "subtypes": [], "supertypes": [], "text": "At the beginning of the Horde's precombat main phase, reveal an additional card from the top of the Horde's library. The Horde casts that card.\nHero's Reward — When Altar of Mogis is put into a graveyard from anywhere, the Horde sacrifices two Minotaurs.", "type": "Artifact", "types": ["Artifact"], "uuid": "9dfd9bba-809e-55e9-809e-69285b7a9b35"}, {"artist": "Filip Burburan", "availability": ["paper"], "borderColor": "black", "colorIdentity": [], "colors": [], "convertedManaCost": 0.0, "finishes": ["nonfoil"], "foreignData": [], "frameVersion": "2003", "hasFoil": false, "hasNonFoil": true, "identifiers": {"mtgjsonV4Id": "a03c5ee8-d98f-5d49-9c37-4a47be0a25c0", "scryfallId": "a6e352e9-20ac-485b-bcaf-1d053c4ecb40", "scryfallIllustrationId": "7a0a4e28-da85-4032-8c98-e5b12090ad3d", "scryfallOracleId": "d0f600b1-9f43-4054-b93c-be7cceb9c6dd", "tcgplayerProductId": "231503"}, "isStarter": true, "keywords": ["Hero's Reward"], "language": "English", "layout": "normal", "legalities": {}, "manaValue": 0.0, "name": "Massacre Totem", "number": "12", "printings": ["TBTH"], "promoTypes": ["instore"], "purchaseUrls": {"tcgplayer": "https://mtgjson.com/links/22aa44db95b7989e"}, "rarity": "common", "rulings": [], "setCode": "TBTH", "subtypes": [], "supertypes": [], "text": "At the beginning of the Horde's precombat main phase, reveal an additional card from the top of the Horde's library. The Horde casts that card.\nHero's Reward — When Massacre Totem is put into a graveyard from anywhere, put the top seven cards of the Horde's library into its graveyard.", "type": "Artifact", "types": ["Artifact"], "uuid": "3d62ff45-9cc0-5dda-9fa1-dfb1bfc49534"}, {"artist": "Daniel Ljunggren", "availability": ["paper"], "borderColor": "black", "colorIdentity": [], "colors": [], "convertedManaCost": 0.0, "finishes": ["nonfoil"], "foreignData": [], "frameVersion": "2003", "hasFoil": false, "hasNonFoil": true, "identifiers": {"mtgjsonV4Id": "3a62c7d6-727c-55cb-83c1-0334b910bdb7", "scryfallId": "8eea07ed-a321-4403-b3a9-ce5e69a175fd", "scryfallIllustrationId": "bc8da140-062b-4c8e-9935-ed24c891985c", "scryfallOracleId": "ffbd4683-219e-401c-852d-f5f1809d5063", "tcgplayerProductId": "231504"}, "isStarter": true, "keywords": ["Hero's Reward"], "language": "English", "layout": "normal", "legalities": {}, "manaValue": 0.0, "name": "Plundered Statue", "number": "13", "printings": ["TBTH"], "promoTypes": ["instore"], "purchaseUrls": {"tcgplayer": "https://mtgjson.com/links/9ee71060727d75eb"}, "rarity": "common", "rulings": [], "setCode": "TBTH", "subtypes": [], "supertypes": [], "text": "At the beginning of the Horde's precombat main phase, reveal an additional card from the top of the Horde's library. The Horde casts that card.\nHero's Reward — When Plundered Statue is put into a graveyard from anywhere, each player draws a card.", "type": "Artifact", "types": ["Artifact"], "uuid": "6fe0dfcb-0320-56a4-8e80-ec533071355b"}, {"artist": "Cyril Van Der Haegen", "availability": ["paper"], "borderColor": "black", "colorIdentity": [], "colors": [], "convertedManaCost": 0.0, "finishes": ["nonfoil"], "foreignData": [], "frameVersion": "2003", "hasFoil": false, "hasNonFoil": true, "identifiers": {"mtgjsonV4Id": "551b92cf-d7d0-5c0c-a534-6bbe58bce3d6", "scryfallId": "b1d75296-e2a5-48f3-a98d-3633be9f6138", "scryfallIllustrationId": "d8d4963d-7c53-44c3-9a5a-e5fa230244e2", "scryfallOracleId": "c1bf4f41-1afa-467d-96f0-a7b610907d2d", "tcgplayerProductId": "239067"}, "isStarter": true, "keywords": ["Hero's Reward"], "language": "English", "layout": "normal", "legalities": {}, "manaValue": 0.0, "name": "Refreshing Elixir", "number": "14", "printings": ["TBTH"], "promoTypes": ["instore"], "purchaseUrls": {"tcgplayer": "https://mtgjson.com/links/aaa7ea0be6d0e729"}, "rarity": "common", "rulings": [], "setCode": "TBTH", "subtypes": [], "supertypes": [], "text": "At the beginning of the Horde's precombat main phase, reveal an additional card from the top of the Horde's library. The Horde casts that card.\nHero's Reward — When Refreshing Elixir is put into a graveyard from anywhere, each player gains 5 life.", "type": "Artifact", "types": ["Artifact"], "uuid": "41cd3246-1d1c-59b3-bffe-4552db32ed81"}, {"artist": "Daren Bader", "availability": ["paper"], "borderColor": "black", "colorIdentity": [], "colors": [], "convertedManaCost": 0.0, "finishes": ["nonfoil"], "foreignData": [], "frameVersion": "2003", "hasFoil": false, "hasNonFoil": true, "identifiers": {"mtgjsonV4Id": "b3b638f5-4ca6-55cd-9b5e-7cdf7a54c5b5", "scryfallId": "6ede8ada-95c6-426b-83f6-17f25afc3c21", "scryfallIllustrationId": "39661462-2ef5-41a7-968a-1cb4f97c0b96", "scryfallOracleId": "d13c60f7-5517-4421-8326-6fd86f59ec98", "tcgplayerProductId": "231505"}, "isStarter": true, "keywords": ["Hero's Reward"], "language": "English", "layout": "normal", "legalities": {}, "manaValue": 0.0, "name": "Vitality Salve", "number": "15", "printings": ["TBTH"], "promoTypes": ["instore"], "purchaseUrls": {"tcgplayer": "https://mtgjson.com/links/73f35c3f8b3b3a53"}, "rarity": "common", "rulings": [], "setCode": "TBTH", "subtypes": [], "supertypes": [], "text": "At the beginning of the Horde's precombat main phase, reveal an additional card from the top of the Horde's library. The Horde casts that card.\nHero's Reward — When Vitality Salve is put into a graveyard from anywhere, each player returns a creature card from their graveyard to the battlefield.", "type": "Artifact", "types": ["Artifact"], "uuid": "d2411683-b390-5552-8c31-47b63a63530b"}], "code": "TBTH", "isFoilOnly": false, "isNonFoilOnly": true, "isOnlineOnly": false, "keyruneCode": "BNG", "name": "Battle the Horde", "parentCode": "BNG", "releaseDate": "2014-03-01", "tokens": [{"artist": "Wayne Reynolds", "availability": ["paper"], "borderColor": "black", "colorIdentity": [], "colors": [], "finishes": ["nonfoil"], "frameVersion": "2003", "hasFoil": false, "hasNonFoil": true, "identifiers": {"mtgjsonV4Id": "ee178a21-c258-5808-9998-7ee73302a96b", "scryfallId": "3d2f2bcc-0db9-4aa1-b63d-587c62468015", "scryfallIllustrationId": "c6c97071-b909-4b28-b63f-141ef441fc40", "scryfallOracleId": "284bf910-6cf2-4fcc-b2fd-07a1ef086e88", "tcgplayerProductId": "231492"}, "keywords": ["Haste"], "language": "English", "layout": "token", "name": "Minotaur Goreseeker", "number": "1", "power": "3", "promoTypes": ["instore"], "reverseRelated": [], "setCode": "TBTH", "subtypes": ["Minotaur"], "supertypes": [], "text": "Haste\nMinotaur Goreseeker attacks each turn if able.", "toughness": "2", "type": "Token Creature — Minotaur", "types": ["Token", "Creature"], "uuid": "99290860-9b14-5021-b280-ec42d70d3357"}, {"artist": "Scott Murphy", "availability": ["paper"], "borderColor": "black", "colorIdentity": [], "colors": [], "finishes": ["nonfoil"], "frameVersion": "2003", "hasFoil": false, "hasNonFoil": true, "identifiers": {"mtgjsonV4Id": "642d379d-5df7-595b-8e35-aa6cb9aabe72", "scryfallId": "2c8e22f9-6b70-425c-a0a8-09b6101a286e", "scryfallIllustrationId": "87d9a73a-59f3-428b-9ec4-496b14296391", "scryfallOracleId": "90ec6e07-11ea-4fe8-a595-6aa01e599891", "tcgplayerProductId": "231493"}, "keywords": ["Haste"], "language": "English", "layout": "token", "name": "Minotaur Younghorn", "number": "2", "power": "2", "promoTypes": ["instore"], "reverseRelated": [], "setCode": "TBTH", "subtypes": ["Minotaur"], "supertypes": [], "text": "Haste\nMinotaur Younghorn attacks each turn if able.", "toughness": "2", "type": "Token Creature — Minotaur", "types": ["Token", "Creature"], "uuid": "668b25dd-ef0d-5bc1-8533-86f80324d70c"}, {"artist": "Lars Grant-West", "availability": ["paper"], "borderColor": "black", "colorIdentity": [], "colors": [], "finishes": ["nonfoil"], "frameVersion": "2003", "hasFoil": false, "hasNonFoil": true, "identifiers": {"mtgjsonV4Id": "64e70f5b-6002-5514-948a-dfc7cf7c24ef", "scryfallId": "553ae9d2-3807-4ca8-a575-7fa6667ee212", "scryfallIllustrationId": "5cb0ef18-25b6-4864-afa1-cf2c1654ebad", "scryfallOracleId": "20ef6f1e-7fb0-4555-98d1-cc6a19b0fab9", "tcgplayerProductId": "231494"}, "language": "English", "layout": "token", "name": "Mogis's Chosen", "number": "3", "power": "5", "promoTypes": ["instore"], "reverseRelated": [], "setCode": "TBTH", "subtypes": ["Minotaur"], "supertypes": [], "text": "Mogis's Chosen enters the battlefield tapped.\nMogis's Chosen attacks each turn if able.", "toughness": "4", "type": "Token Creature — Minotaur", "types": ["Token", "Creature"], "uuid": "fd8a200f-f6f6-5574-b720-ebcdccb89163"}, {"artist": "Michael Komarck", "availability": ["paper"], "borderColor": "black", "colorIdentity": [], "colors": [], "finishes": ["nonfoil"], "frameVersion": "2003", "hasFoil": false, "hasNonFoil": true, "identifiers": {"mtgjsonV4Id": "322e6682-d3db-5ed8-ad9f-b68b8066476f", "scryfallId": "1eda2434-523d-4e9c-a8f1-acbee5c87aac", "scryfallIllustrationId": "5a9d8114-47ac-4df8-b142-46b1503d69bf", "scryfallOracleId": "c9e82cbe-bc36-4d96-8f15-58154c6ab354", "tcgplayerProductId": "231495"}, "keywords": ["Haste"], "language": "English", "layout": "token", "name": "Phoberos Reaver", "number": "4", "power": "2", "promoTypes": ["instore"], "reverseRelated": [], "setCode": "TBTH", "subtypes": ["Minotaur"], "supertypes": [], "text": "Haste\nPhoberos Reaver attacks each turn if able.", "toughness": "3", "type": "Token Creature — Minotaur", "types": ["Token", "Creature"], "uuid": "13834a1f-3fe6-5e07-bbf6-dff8673eb1ab"}, {"artist": "Carl Critchlow", "availability": ["paper"], "borderColor": "black", "colorIdentity": [], "colors": [], "finishes": ["nonfoil"], "frameVersion": "2003", "hasFoil": false, "hasNonFoil": true, "identifiers": {"mtgjsonV4Id": "9fa7ee9a-1382-528d-b311-2ce129a66a21", "scryfallId": "938272b2-8e1c-4196-8557-c597735dd96e", "scryfallIllustrationId": "e469912f-0868-4239-acf5-6d267a4eb8aa", "scryfallOracleId": "c200addc-b28f-4a76-bc4d-c448e6180ef2", "tcgplayerProductId": "231496"}, "keywords": ["Haste"], "language": "English", "layout": "token", "name": "Reckless Minotaur", "number": "5", "power": "4", "promoTypes": ["instore"], "reverseRelated": [], "setCode": "TBTH", "subtypes": ["Minotaur"], "supertypes": [], "text": "Haste\nReckless Minotaur attacks each turn if able.\nAt the beginning of the end step, destroy Reckless Minotaur.", "toughness": "1", "type": "Token Creature — Minotaur", "types": ["Token", "Creature"], "uuid": "fb6ac82c-6786-57e3-887c-b9014ba4a371"}], "totalSetSize": 10, "translations": {}, "type": "token"}}