{"meta": {"date": "2022-09-29", "version": "5.2.0+20220929"}, "data": {"baseSetSize": 7, "block": "Theros", "cards": [{"artist": "Chuck Lukacs", "availability": ["paper"], "borderColor": "black", "colorIdentity": [], "colors": [], "convertedManaCost": 0.0, "finishes": ["nonfoil"], "foreignData": [], "frameVersion": "2003", "hasFoil": false, "hasNonFoil": true, "identifiers": {"mcmId": "266204", "mtgjsonV4Id": "ab90e226-fead-5ca0-9c3c-ac2dfc067e38", "scryfallId": "68a4653a-5063-4fa9-8cbe-21d3ddebe3df", "scryfallIllustrationId": "e5e96088-0e17-43d5-bdc6-e67adc9ef312", "scryfallOracleId": "633c0f56-08f9-4762-aacf-1c25daa8fa17", "tcgplayerProductId": "96923"}, "isStarter": true, "language": "English", "layout": "normal", "legalities": {}, "manaValue": 0.0, "name": "The General", "number": "4a", "printings": ["THP2"], "promoTypes": ["instore"], "purchaseUrls": {"tcgplayer": "https://mtgjson.com/links/e24686e8514089f8"}, "rarity": "common", "rulings": [], "setCode": "THP2", "subtypes": [], "supertypes": [], "text": "Exile The General: Creatures you control get +1/+1 until end of turn. Untap them.", "type": "Hero", "types": ["Hero"], "uuid": "4bb9a0ba-6f07-5120-a294-404c0ecd9825", "watermark": "herospath"}, {"artist": "Chuck Lukacs", "availability": ["paper"], "borderColor": "black", "colorIdentity": [], "colors": [], "convertedManaCost": 0.0, "finishes": ["nonfoil"], "foreignData": [], "frameVersion": "2003", "hasFoil": false, "hasNonFoil": true, "identifiers": {"mcmId": "266205", "mtgjsonV4Id": "e360ed72-0882-5cf4-a954-cb060e0021a5", "scryfallId": "d9987b43-7f20-46ce-b7dd-f3126e5bc991", "scryfallIllustrationId": "3460572b-aa56-45df-b7b5-f20a4c454aaf", "scryfallOracleId": "a4377dfb-966b-460e-b23a-d4bbb609e0e9", "tcgplayerProductId": "96927"}, "isStarter": true, "language": "English", "layout": "normal", "legalities": {}, "manaValue": 0.0, "name": "The Provider", "number": "4e", "printings": ["THP2"], "promoTypes": ["instore"], "purchaseUrls": {"tcgplayer": "https://mtgjson.com/links/8c7b8ba0a9cc4bb0"}, "rarity": "common", "rulings": [], "setCode": "THP2", "subtypes": [], "supertypes": [], "text": "Exile The Provider: Put two +1/+1 counters on target creature you control. You gain life equal to that creature's toughness.", "type": "Hero", "types": ["Hero"], "uuid": "da83564e-6dac-58af-b243-5aefaf20e007", "watermark": "herospath"}, {"artist": "Chuck Lukacs", "availability": ["paper"], "borderColor": "black", "colorIdentity": [], "colors": [], "convertedManaCost": 0.0, "finishes": ["nonfoil"], "foreignData": [], "frameVersion": "2003", "hasFoil": false, "hasNonFoil": true, "identifiers": {"mcmId": "266206", "mtgjsonV4Id": "efa2a85e-b2f0-5e5a-b8a7-d8b90e7e67ef", "scryfallId": "51726f8f-b63d-4e93-82b2-d63d361a3b70", "scryfallIllustrationId": "f07f2500-15cd-430e-b4a7-bc7c33016ba8", "scryfallOracleId": "85660446-570a-475e-934f-b39a1c655a2c", "tcgplayerProductId": "96924"}, "isStarter": true, "language": "English", "layout": "normal", "legalities": {}, "manaValue": 0.0, "name": "The Savant", "number": "4b", "printings": ["THP2"], "promoTypes": ["instore"], "purchaseUrls": {"tcgplayer": "https://mtgjson.com/links/be72081632bee7bd"}, "rarity": "common", "rulings": [], "setCode": "THP2", "subtypes": [], "supertypes": [], "text": "Exile The Savant: Tap all creatures your opponents control. Those creatures don't untap during their controllers' next untap steps.", "type": "Hero", "types": ["Hero"], "uuid": "d1eacde2-be06-5727-a8cc-7c93e6cd5482", "watermark": "herospath"}, {"artist": "Chuck Lukacs", "availability": ["paper"], "borderColor": "black", "colorIdentity": [], "colors": [], "convertedManaCost": 0.0, "finishes": ["nonfoil"], "foreignData": [], "frameVersion": "2003", "hasFoil": false, "hasNonFoil": true, "identifiers": {"mcmId": "266207", "mtgjsonV4Id": "2e1b8df0-7ab5-54dd-aacc-8375a5e6db11", "scryfallId": "be5044ab-5f7d-4109-8574-42306ca86b4c", "scryfallIllustrationId": "98c0553d-3b29-44f5-97f9-98ae901dd91f", "scryfallOracleId": "d16dfd67-128c-4664-ae60-f9084b8ec660", "tcgplayerProductId": "96925"}, "isStarter": true, "language": "English", "layout": "normal", "legalities": {}, "manaValue": 0.0, "name": "The Tyrant", "number": "4c", "printings": ["THP2"], "promoTypes": ["instore"], "purchaseUrls": {"tcgplayer": "https://mtgjson.com/links/7e77332e9dfff47b"}, "rarity": "common", "rulings": [], "setCode": "THP2", "subtypes": [], "supertypes": [], "text": "Exile The Tyrant: Creatures your opponents control get -1/-1 until end of turn.", "type": "Hero", "types": ["Hero"], "uuid": "1f02f9be-ebec-5f19-90e2-7ce79acee738", "watermark": "herospath"}, {"artist": "Chuck Lukacs", "availability": ["paper"], "borderColor": "black", "colorIdentity": [], "colors": [], "convertedManaCost": 0.0, "finishes": ["nonfoil"], "foreignData": [], "frameVersion": "2003", "hasFoil": false, "hasNonFoil": true, "identifiers": {"mcmId": "266208", "mtgjsonV4Id": "54df3257-a83a-5954-9fd7-755e2d448b62", "scryfallId": "f02b5e79-5eea-4cbe-b087-241cf27f0580", "scryfallIllustrationId": "4416f603-3519-4e80-badb-f14f4b83be6b", "scryfallOracleId": "11f1f549-e4f7-422d-b0a6-c7c624c2f594", "tcgplayerProductId": "96926"}, "isStarter": true, "language": "English", "layout": "normal", "legalities": {}, "manaValue": 0.0, "name": "The Warmonger", "number": "4d", "printings": ["THP2"], "promoTypes": ["instore"], "purchaseUrls": {"tcgplayer": "https://mtgjson.com/links/2b6dd3748fe03a04"}, "rarity": "common", "rulings": [], "setCode": "THP2", "subtypes": [], "supertypes": [], "text": "Exile The Warmonger: Creatures you control get +2/+0 and gain haste until end of turn.", "type": "Hero", "types": ["Hero"], "uuid": "658bcd2b-d34b-5ce1-928c-4853ff513f72", "watermark": "herospath"}, {"artist": "Chuck Lukacs", "availability": ["paper"], "borderColor": "black", "colorIdentity": [], "colors": [], "convertedManaCost": 0.0, "finishes": ["nonfoil"], "foreignData": [], "frameVersion": "2003", "hasFoil": false, "hasNonFoil": true, "identifiers": {"mcmId": "266209", "mtgjsonV4Id": "4429b96c-8d56-55d7-a679-9f7afa7d3080", "scryfallId": "1936aa23-3a5d-4386-bc4d-66841e0cab2c", "scryfallIllustrationId": "66b67b7f-1e80-4da5-84e1-7e4c180357a6", "scryfallOracleId": "a3c7b8c6-4995-42bc-973c-45f46b9e32dc", "tcgplayerProductId": "96911"}, "isStarter": true, "language": "English", "layout": "normal", "legalities": {}, "manaValue": 0.0, "name": "The Explorer", "number": "5", "printings": ["THP2"], "promoTypes": ["instore"], "purchaseUrls": {"tcgplayer": "https://mtgjson.com/links/ef9761914b8fdffa"}, "rarity": "common", "rulings": [], "setCode": "THP2", "subtypes": [], "supertypes": [], "text": "You may play an additional land on each of your turns.", "type": "Hero", "types": ["Hero"], "uuid": "4c17977b-5aca-5b0a-a456-4d4a0d5e42a1", "watermark": "herospath"}, {"artist": "Chuck Lukacs", "availability": ["paper"], "borderColor": "black", "colorIdentity": [], "colors": [], "convertedManaCost": 0.0, "finishes": ["nonfoil"], "foreignData": [], "frameVersion": "2003", "hasFoil": false, "hasNonFoil": true, "identifiers": {"mcmId": "266210", "mtgjsonV4Id": "3afe7e49-68ac-570c-9833-cc2882d36f90", "scryfallId": "08a63083-997b-4a72-af48-cd35e6e9599d", "scryfallIllustrationId": "6187a230-f249-48e3-9ece-86d072d850ea", "scryfallOracleId": "3aebafe3-5d5d-4163-bd52-70c71a9c23e2", "tcgplayerProductId": "96916"}, "isStarter": true, "language": "English", "layout": "normal", "legalities": {}, "manaValue": 0.0, "name": "The Vanquisher", "number": "6", "printings": ["THP2"], "promoTypes": ["instore"], "purchaseUrls": {"tcgplayer": "https://mtgjson.com/links/25e5ab50fc75b531"}, "rarity": "common", "rulings": [], "setCode": "THP2", "subtypes": [], "supertypes": [], "text": "Your starting hand size is increased by one.\nYour maximum hand size is increased by one.", "type": "Hero", "types": ["Hero"], "uuid": "c3f12200-092e-5bda-8f3f-b65f742d8fa8", "watermark": "herospath"}], "code": "THP2", "isFoilOnly": false, "isNonFoilOnly": true, "isOnlineOnly": false, "keyruneCode": "BNG", "name": "Born of the Gods Hero's Path", "parentCode": "BNG", "releaseDate": "2014-02-07", "tokens": [], "totalSetSize": 7, "translations": {}, "type": "memorabilia"}}