{"meta": {"date": "2022-09-29", "version": "5.2.0+20220929"}, "data": {"baseSetSize": 8, "block": "Theros", "cards": [{"artist": "Chuck Lukacs", "availability": ["paper"], "borderColor": "black", "colorIdentity": [], "colors": [], "convertedManaCost": 0.0, "finishes": ["nonfoil"], "foreignData": [], "frameVersion": "2003", "hasFoil": false, "hasNonFoil": true, "identifiers": {"mcmId": "266924", "mtgjsonV4Id": "58e34e95-4383-551c-a44f-a349d75b5f6c", "scryfallId": "e6ba72d5-b57e-4c79-a868-e114c07288c9", "scryfallIllustrationId": "e156be80-9363-46dc-8762-64ea25348a93", "scryfallOracleId": "daf52760-f6e8-4706-bc24-c350a26c48cb", "tcgplayerProductId": "82216"}, "isStarter": true, "keywords": ["Equip"], "language": "English", "layout": "normal", "legalities": {}, "manaValue": 0.0, "name": "Axe of the Warmonger", "number": "7d", "printings": ["THP3"], "promoTypes": ["instore"], "purchaseUrls": {"tcgplayer": "https://mtgjson.com/links/ab490bb9708fe29d"}, "rarity": "common", "rulings": [], "setCode": "THP3", "subtypes": ["Equipment"], "supertypes": [], "text": "Equipped creature gets +2/+1 and has haste.\nEquip {2}", "type": "Hero Artifact — Equipment", "types": ["Hero", "Artifact"], "uuid": "fc83864a-8de7-5cbf-963e-908949c55c63", "watermark": "herospath"}, {"artist": "Chuck Lukacs", "availability": ["paper"], "borderColor": "black", "colorIdentity": [], "colors": [], "convertedManaCost": 0.0, "finishes": ["nonfoil"], "foreignData": [], "frameVersion": "2003", "hasFoil": false, "hasNonFoil": true, "identifiers": {"mcmId": "266925", "mtgjsonV4Id": "af8ee6d3-652b-5b12-a3df-e4bc052f42e3", "scryfallId": "249f009a-07da-41e6-909c-64e17208ed2e", "scryfallIllustrationId": "954138ea-7816-4420-b408-643f1770f071", "scryfallOracleId": "3bd81f98-a93e-4b35-bdc5-4cc30649130c", "tcgplayerProductId": "82217"}, "isStarter": true, "keywords": ["Equip"], "language": "English", "layout": "normal", "legalities": {}, "manaValue": 0.0, "name": "Bow of the Hunter", "number": "7e", "printings": ["THP3"], "promoTypes": ["instore"], "purchaseUrls": {"tcgplayer": "https://mtgjson.com/links/628b32d679031d16"}, "rarity": "common", "rulings": [], "setCode": "THP3", "subtypes": ["Equipment"], "supertypes": [], "text": "Equipped creature has \"{T}: This creature deals 2 damage to any target.\"\nEquip {2}", "type": "Hero Artifact — Equipment", "types": ["Hero", "Artifact"], "uuid": "0f9e3b90-2903-51eb-823d-0e3d8cacb37f", "watermark": "herospath"}, {"artist": "Chuck Lukacs", "availability": ["paper"], "borderColor": "black", "colorIdentity": [], "colors": [], "convertedManaCost": 0.0, "finishes": ["nonfoil"], "foreignData": [], "frameVersion": "2003", "hasFoil": false, "hasNonFoil": true, "identifiers": {"mcmId": "266922", "mtgjsonV4Id": "c103ea35-0b34-5373-ab1e-b8c45d97a690", "scryfallId": "cb470a9e-ec5c-42f4-a128-9a813d883f14", "scryfallIllustrationId": "9c7c2b6f-7f0a-494d-8e7f-2dd24151dede", "scryfallOracleId": "509eb51f-7813-465f-bb73-110861a2c141", "tcgplayerProductId": "82214"}, "isStarter": true, "keywords": ["Equip"], "language": "English", "layout": "normal", "legalities": {}, "manaValue": 0.0, "name": "Cloak of the Philosopher", "number": "7b", "printings": ["THP3"], "promoTypes": ["instore"], "purchaseUrls": {"tcgplayer": "https://mtgjson.com/links/33dcc08b873a72cf"}, "rarity": "common", "rulings": [], "setCode": "THP3", "subtypes": ["Equipment"], "supertypes": [], "text": "Equipped creature gets +1/+1.\n{2}: Untap equipped creature.\nEquip {2}", "type": "Hero Artifact — Equipment", "types": ["Hero", "Artifact"], "uuid": "c403d26d-628c-5a5b-acad-f370dfcd2d7d", "watermark": "herospath"}, {"artist": "Chuck Lukacs", "availability": ["paper"], "borderColor": "black", "colorIdentity": [], "colors": [], "convertedManaCost": 0.0, "finishes": ["nonfoil"], "foreignData": [], "frameVersion": "2003", "hasFoil": false, "hasNonFoil": true, "identifiers": {"mcmId": "266923", "mtgjsonV4Id": "28d8c7f2-c109-5e7f-8632-f46e4386d54e", "scryfallId": "26326918-56f7-4dd1-90cc-3e3230672637", "scryfallIllustrationId": "2fe9f01b-9ef1-42d9-a9ad-22bf4aa27a50", "scryfallOracleId": "0e4054d7-6e28-4936-8e4a-3761d74d6b15", "tcgplayerProductId": "82215"}, "isStarter": true, "keywords": ["Equip"], "language": "English", "layout": "normal", "legalities": {}, "manaValue": 0.0, "name": "Lash of the Tyrant", "number": "7c", "printings": ["THP3"], "promoTypes": ["instore"], "purchaseUrls": {"tcgplayer": "https://mtgjson.com/links/6a70f9cf09d13f54"}, "rarity": "common", "rulings": [], "setCode": "THP3", "subtypes": ["Equipment"], "supertypes": [], "text": "Equipped creature gets +1/+2 and has deathtouch.\nEquip {2}", "type": "Hero Artifact — Equipment", "types": ["Hero", "Artifact"], "uuid": "223ad4cb-32c1-5287-ba68-9cd4ed16110f", "watermark": "herospath"}, {"artist": "Chuck Lukacs", "availability": ["paper"], "borderColor": "black", "colorIdentity": [], "colors": [], "convertedManaCost": 0.0, "finishes": ["nonfoil"], "foreignData": [], "frameVersion": "2003", "hasFoil": false, "hasNonFoil": true, "identifiers": {"mcmId": "266921", "mtgjsonV4Id": "d04fc2cf-da45-5a84-a958-0b0a200839ec", "scryfallId": "8d10db7e-e680-496a-8845-3bdfb176a989", "scryfallIllustrationId": "85d16e50-aef4-4731-b934-d94997669b93", "scryfallOracleId": "8069ed10-2ee0-46df-9a69-4f4da65ba8d4", "tcgplayerProductId": "82213"}, "isStarter": true, "keywords": ["Equip"], "language": "English", "layout": "normal", "legalities": {}, "manaValue": 0.0, "name": "Spear of the General", "number": "7a", "printings": ["THP3"], "promoTypes": ["instore"], "purchaseUrls": {"tcgplayer": "https://mtgjson.com/links/6bf0ab48dabf5d0e"}, "rarity": "common", "rulings": [], "setCode": "THP3", "subtypes": ["Equipment"], "supertypes": [], "text": "Equipped creature gets +2/+0 and has first strike.\nEquip {2}", "type": "Hero Artifact — Equipment", "types": ["Hero", "Artifact"], "uuid": "9534e2e3-0013-54ec-bd88-dd60da61eb20", "watermark": "herospath"}, {"artist": "Chuck Lukacs", "availability": ["paper"], "borderColor": "black", "colorIdentity": [], "colors": [], "convertedManaCost": 0.0, "finishes": ["nonfoil"], "foreignData": [], "frameVersion": "2003", "hasFoil": false, "hasNonFoil": true, "identifiers": {"mcmId": "266937", "mtgjsonV4Id": "41f26bb8-b922-5d6b-92e6-4cccd3caffa8", "scryfallId": "80c9f81c-a6d7-4ffd-b2c8-01ef025b272f", "scryfallIllustrationId": "1fb66d8f-2bb7-4542-b033-7448cadb04e6", "scryfallOracleId": "c8616b26-b627-488d-a7ba-8cb555f0a59b", "tcgplayerProductId": "82218"}, "isStarter": true, "language": "English", "layout": "normal", "legalities": {}, "manaValue": 0.0, "name": "The Destined", "number": "8", "printings": ["THP3"], "promoTypes": ["instore"], "purchaseUrls": {"tcgplayer": "https://mtgjson.com/links/93f8e76adabf3abc"}, "rarity": "common", "rulings": [], "setCode": "THP3", "subtypes": [], "supertypes": [], "text": "Spells you control that target a creature you control cost {2} less to cast.", "type": "Hero", "types": ["Hero"], "uuid": "1d382456-a497-553e-8201-755f527ace57", "watermark": "herospath"}, {"artist": "Chuck Lukacs", "availability": ["paper"], "borderColor": "black", "colorIdentity": [], "colors": [], "convertedManaCost": 0.0, "finishes": ["nonfoil"], "foreignData": [], "frameVersion": "2003", "hasFoil": false, "hasNonFoil": true, "identifiers": {"mcmId": "267242", "mtgjsonV4Id": "11f0855a-0fd4-535c-a44e-46aed5393cb4", "scryfallId": "9a6eba2c-a980-4a2b-b103-bd91bc5889d2", "scryfallIllustrationId": "e2b33144-72b3-4a87-92bc-6d0882f687d8", "scryfallOracleId": "6d748b95-035c-468b-a271-f668afdb48f9", "tcgplayerProductId": "96915"}, "isStarter": true, "language": "English", "layout": "normal", "legalities": {}, "manaValue": 0.0, "name": "The Champion", "number": "9", "printings": ["THP3"], "promoTypes": ["instore"], "purchaseUrls": {"tcgplayer": "https://mtgjson.com/links/be41841a150bf3a5"}, "rarity": "common", "rulings": [], "setCode": "THP3", "subtypes": [], "supertypes": [], "text": "{2}, {T}, Exile The Champion: Search your library for a legendary artifact card that isn't a creature, reveal it, and put it onto the battlefield. Then shuffle your library.", "type": "Hero", "types": ["Hero"], "uuid": "fa98e70f-e30d-5cbb-9731-4a592331a81f", "watermark": "herospath"}], "code": "THP3", "isFoilOnly": false, "isNonFoilOnly": true, "isOnlineOnly": false, "keyruneCode": "JOU", "name": "Journey into Nyx Hero's Path", "parentCode": "JOU", "releaseDate": "2014-05-02", "tokens": [{"availability": ["paper"], "borderColor": "black", "colorIdentity": [], "colors": [], "finishes": ["nonfoil"], "frameVersion": "2003", "hasFoil": false, "hasNonFoil": true, "identifiers": {"mtgjsonV4Id": "12a29ff1-f9f2-51c8-85ce-0a0eca7105bd", "scryfallId": "b75073d6-bd99-4d70-b335-72df71636617", "scryfallOracleId": "861c3dd2-1142-4b66-8e9e-aa8a441c6eba"}, "keywords": ["Scry"], "language": "English", "layout": "token", "name": "Enhancement Stickers", "number": "0", "promoTypes": ["instore"], "reverseRelated": [], "setCode": "THP3", "subtypes": [], "supertypes": [], "text": "Equipped creature has vigilance and can block an additional creature each combat.\nWhenever equipped creature deals damage, put a +1/+1 counter on it.\nWhenever equipped creature deals damage, scry 1.\nEquipped creature has protection from enchantments.\nEquipped creature has double strike.\nWhenever equipped creature deals damage, put a 1/1 white Soldier creature token onto the battlefield.\nWhenever equipped creature deals damage, untap two target lands.", "type": "Sticker", "types": ["Sticker"], "uuid": "f25fc48b-cc0b-5c4b-b879-c6349ad8b030"}], "totalSetSize": 7, "translations": {}, "type": "memorabilia"}}