{"meta": {"date": "2022-09-29", "version": "5.2.0+20220929"}, "data": {"baseSetSize": 15, "cards": [{"artist": "Gao Jianzhang", "availability": ["mtgo", "paper"], "borderColor": "black", "colorIdentity": ["B"], "colors": ["B"], "convertedManaCost": 5.0, "edhrecRank": 14871, "finishes": ["foil"], "foreignData": [], "frameVersion": "2003", "hasFoil": true, "hasNonFoil": false, "identifiers": {"cardKingdomFoilId": "186172", "cardsphereId": "18463", "mcmId": "248504", "mcmMetaId": "809", "mtgjsonV4Id": "6ae8a1f8-3095-5416-af20-1f5d9e86f8bb", "mtgoFoilId": "42232", "mtgoId": "42231", "multiverseId": "244670", "scryfallId": "e29fefaf-0e3b-47a5-8fa3-c3053506f662", "scryfallIllustrationId": "36b2609c-b3cb-49dd-b7d9-34bf29223b01", "scryfallOracleId": "81a98b14-e827-4241-a401-64890def51af", "tcgplayerProductId": "48158"}, "isReprint": true, "isStarter": true, "language": "English", "layout": "normal", "leadershipSkills": {"brawl": false, "commander": true, "oathbreaker": false}, "legalities": {"commander": "Legal", "duel": "Legal", "legacy": "Legal", "vintage": "Legal"}, "manaCost": "{3}{B}{B}", "manaValue": 5.0, "name": "Cao Cao, Lord of Wei", "number": "1", "originalText": "{T}: Target opponent discards two cards. Activate this ability only during your turn, before attackers are declared.", "originalType": "Legendary Creature — Human Soldier", "power": "3", "printings": ["PTK", "V11"], "purchaseUrls": {"cardKingdomFoil": "https://mtgjson.com/links/ed750454c990a1c6", "cardmarket": "https://mtgjson.com/links/9274b588190f172f", "tcgplayer": "https://mtgjson.com/links/bb6fed45e535d955"}, "rarity": "mythic", "rulings": [{"date": "2013-09-20", "text": "If a turn has multiple combat phases, the ability can only be activated before the beginning of the declare attackers step of the first combat phase in that turn."}], "setCode": "V11", "subtypes": ["Human", "Soldier"], "supertypes": ["Legendary"], "text": "{T}: Target opponent discards two cards. Activate only during your turn, before attackers are declared.", "toughness": "3", "type": "Legendary Creature — Human Soldier", "types": ["Creature"], "uuid": "87aa5661-bc64-5bbd-97be-0baae15c1c33"}, {"artist": "Ray Lago", "availability": ["mtgo", "paper"], "borderColor": "black", "colorIdentity": ["G", "W"], "colors": ["G", "W"], "convertedManaCost": 4.0, "edhrecRank": 2841, "finishes": ["foil"], "flavorText": "Her leadership forged the *Weatherlight*'s finest crew.", "foreignData": [], "frameVersion": "2003", "hasFoil": true, "hasNonFoil": false, "identifiers": {"cardKingdomFoilId": "186173", "cardsphereId": "18464", "mcmId": "248505", "mcmMetaId": "817", "mtgjsonV4Id": "224a3f6a-ec5b-5b38-b2ad-a656b3bf78d3", "mtgoFoilId": "42238", "mtgoId": "42237", "multiverseId": "244665", "scryfallId": "59e31568-e630-45c1-8c65-f757acd307e2", "scryfallIllustrationId": "760d2d5c-69c5-4f0f-a1b1-2e800cc402b3", "scryfallOracleId": "2e7a9ea9-f76c-4c12-950f-c613fa16cfa8", "tcgplayerProductId": "48153"}, "isReprint": true, "isStarter": true, "language": "English", "layout": "normal", "leadershipSkills": {"brawl": false, "commander": true, "oathbreaker": false}, "legalities": {"commander": "Legal", "duel": "Legal", "gladiator": "Legal", "historic": "Legal", "historicbrawl": "Legal", "legacy": "Legal", "premodern": "Legal", "vintage": "Legal"}, "manaCost": "{2}{G}{W}", "manaValue": 4.0, "name": "Captain Sisay", "number": "2", "originalText": "{T}: Search your library for a legendary card, reveal that card, and put it into your hand. Then shuffle your library.", "originalType": "Legendary Creature — Human Soldier", "power": "2", "printings": ["HA1", "INV", "SLD", "V11"], "purchaseUrls": {"cardKingdomFoil": "https://mtgjson.com/links/41af5b6d348d1ca3", "cardmarket": "https://mtgjson.com/links/89d25310abf9df6a", "tcgplayer": "https://mtgjson.com/links/067ccf6a162907f8"}, "rarity": "mythic", "rulings": [{"date": "2004-10-04", "text": "Because the “search” requires you to find a card with certain characteristics, you don’t have to find the card if you don’t want to."}], "setCode": "V11", "subtypes": ["Human", "Soldier"], "supertypes": ["Legendary"], "text": "{T}: Search your library for a legendary card, reveal that card, put it into your hand, then shuffle.", "toughness": "2", "type": "Legendary Creature — Human Soldier", "types": ["Creature"], "uuid": "bdb4ccab-2e35-542c-8bed-ddf822b2d029"}, {"artist": "Mark Zug", "availability": ["mtgo", "paper"], "borderColor": "black", "colorIdentity": ["B", "G", "W"], "colors": ["B", "G", "W"], "convertedManaCost": 3.0, "edhrecRank": 6600, "finishes": ["foil"], "flavorText": "\"Each year that passes rings you inwardly with memory and might. Wield your heart, and the world will tremble.\"", "foreignData": [], "frameVersion": "2003", "hasFoil": true, "hasNonFoil": false, "identifiers": {"cardKingdomFoilId": "186174", "cardsphereId": "18465", "mcmId": "248506", "mcmMetaId": "9358", "mtgjsonV4Id": "59e8b058-ae31-5ab1-85da-7252f435e552", "mtgoFoilId": "42228", "mtgoId": "42227", "multiverseId": "244674", "scryfallId": "b484e4be-3b13-42d7-8dd3-bc40835410ab", "scryfallIllustrationId": "bac2c9eb-e8d2-4624-a573-a8592a98b255", "scryfallOracleId": "a46d96d9-8e59-4777-8208-7730b9e33240", "tcgplayerProductId": "48150"}, "isReprint": true, "isStarter": true, "language": "English", "layout": "normal", "leadershipSkills": {"brawl": false, "commander": true, "oathbreaker": false}, "legalities": {"commander": "Legal", "duel": "Legal", "legacy": "Legal", "modern": "Legal", "penny": "Legal", "vintage": "Legal"}, "manaCost": "{W}{B}{G}", "manaValue": 3.0, "name": "Doran, the Siege Tower", "number": "3", "originalText": "Each creature assigns combat damage equal to its toughness rather than its power.", "originalType": "Legendary Creature — Treefolk Shaman", "power": "0", "printings": ["2X2", "J17", "LRW", "PCMP", "PLIST", "PRM", "V11"], "purchaseUrls": {"cardKingdomFoil": "https://mtgjson.com/links/d6a68996302741e2", "cardmarket": "https://mtgjson.com/links/8bbcc63d570189a6", "tcgplayer": "https://mtgjson.com/links/f2fcece31f6978bd"}, "rarity": "mythic", "rulings": [{"date": "2007-10-01", "text": "This effect is mandatory and affects all creatures."}, {"date": "2007-10-01", "text": "Doran’s ability means, for example, that a 2/3 creature will assign 3 damage in combat instead of 2."}, {"date": "2007-10-01", "text": "Doran’s ability doesn’t actually change creatures’ power; it changes only the value of the combat damage they assign. All other rules and effects that check power or toughness use the real values."}], "setCode": "V11", "subtypes": ["Treefolk", "Shaman"], "supertypes": ["Legendary"], "text": "Each creature assigns combat damage equal to its toughness rather than its power.", "toughness": "5", "type": "Legendary Creature — Treefolk Shaman", "types": ["Creature"], "uuid": "21a4bc0c-7497-5199-88cf-cd77cfddd69e"}, {"artist": "Steven Belledin", "availability": ["mtgo", "paper"], "borderColor": "black", "colorIdentity": ["R"], "colors": ["R"], "convertedManaCost": 5.0, "edhrecRank": 630, "finishes": ["foil"], "foreignData": [], "frameVersion": "2003", "hasFoil": true, "hasNonFoil": false, "identifiers": {"cardKingdomFoilId": "186175", "cardsphereId": "18466", "mcmId": "248507", "mcmMetaId": "7051", "mtgjsonV4Id": "9e7190c9-29ae-5cd9-868c-60d0152c2da0", "mtgoFoilId": "42244", "mtgoId": "42243", "multiverseId": "244666", "scryfallId": "d771a73c-f9e8-4fe0-993f-124c3c66ac6b", "scryfallIllustrationId": "203931d3-6a4b-4440-97ee-aee4f236934b", "scryfallOracleId": "a34b7416-cfe3-4a1e-a8c1-a3056b747519", "tcgplayerProductId": "48151"}, "isReprint": true, "isStarter": true, "keywords": ["Haste"], "language": "English", "layout": "normal", "leadershipSkills": {"brawl": false, "commander": true, "oathbreaker": false}, "legalities": {"commander": "Legal", "duel": "Legal", "legacy": "Legal", "modern": "Legal", "vintage": "Legal"}, "manaCost": "{2}{R}{R}{R}", "manaValue": 5.0, "name": "Kiki-Jiki, Mirror Breaker", "number": "4", "originalText": "Haste\n{T}: Put a token that's a copy of target nonlegendary creature you control onto the battlefield. That token has haste. Sacrifice it at the beginning of the next end step.", "originalType": "Legendary Creature — Goblin Shaman", "power": "2", "printings": ["CHK", "IMA", "MB1", "MM2", "MMA", "PLIST", "TSR", "V11"], "purchaseUrls": {"cardKingdomFoil": "https://mtgjson.com/links/21cf083134bca89e", "cardmarket": "https://mtgjson.com/links/42519f519d004594", "tcgplayer": "https://mtgjson.com/links/9117e2a209d415e4"}, "rarity": "mythic", "rulings": [{"date": "2021-03-19", "text": "The token copies exactly what was printed on the original creature (except that the copy also has haste) and nothing else (unless it’s copying a creature that’s a token or that’s copying something else; see below). It doesn’t copy whether the creature is tapped or untapped, whether it has any counters on it or Auras and/or Equipment attached to it, or any non-copy effects that changed its power, toughness, types, color, and so on. Most notably, if the target creature isn’t normally a creature, the copy won’t be a creature."}, {"date": "2021-03-19", "text": "If the copied creature has {X} in its mana cost, X is 0."}, {"date": "2021-03-19", "text": "If a copied creature is copying something else, the token you create will use the copiable values of the target creature. In most cases, it will just be a copy of whatever that creature is copying."}, {"date": "2021-03-19", "text": "If a copied creature is a token that isn’t a copy of something else, the copy copies the original characteristics of that token as stated by the effect that created it."}, {"date": "2021-03-19", "text": "Any enters-the-battlefield abilities of the copied creature will trigger when the token enters the battlefield. Any “as [this permanent] enters the battlefield” or “[this permanent] enters the battlefield with” abilities of the copied creature card will also work."}, {"date": "2021-03-19", "text": "If another creature becomes a copy of, or enters the battlefield as a copy of, the token, that creature will copy the creature card the token is copying, except it will also have haste. However, you won’t sacrifice the new copy at the beginning of the next end step."}, {"date": "2021-03-19", "text": "If Kiki-Jiki’s ability creates multiple tokens due to a replacement effect (such as the one Doubling Season creates), you’ll sacrifice each of them."}], "setCode": "V11", "subtypes": ["Goblin", "Shaman"], "supertypes": ["Legendary"], "text": "Haste\n{T}: Create a token that's a copy of target nonlegendary creature you control, except it has haste. Sacrifice it at the beginning of the next end step.", "toughness": "2", "type": "Legendary Creature — Goblin Shaman", "types": ["Creature"], "uuid": "be50df86-314a-50a6-a277-1cb226fff9de"}, {"artist": "Steve Argyle", "availability": ["mtgo", "paper"], "borderColor": "black", "colorIdentity": ["B", "G", "R"], "colors": ["B", "G", "R"], "convertedManaCost": 5.0, "edhrecRank": 5702, "finishes": ["foil"], "flavorText": "Each of his twenty-two braids is bound with bone and leather from a foe.", "foreignData": [], "frameVersion": "2003", "hasFoil": true, "hasNonFoil": false, "identifiers": {"cardKingdomFoilId": "186176", "cardsphereId": "18467", "mcmId": "248508", "mcmMetaId": "10237", "mtgjsonV4Id": "22f19140-3682-5071-9bd7-395a9e0975bb", "mtgoFoilId": "42250", "mtgoId": "42249", "multiverseId": "244672", "scryfallId": "bd35667d-ac93-4d04-a45f-59a74b6d0925", "scryfallIllustrationId": "2394385e-720f-431d-bf78-b5ab7eb0727c", "scryfallOracleId": "6343cf6f-b1e3-49ce-8933-8fe6c9dc83f3", "tcgplayerProductId": "48148"}, "isReprint": true, "isStarter": true, "language": "English", "layout": "normal", "leadershipSkills": {"brawl": false, "commander": true, "oathbreaker": false}, "legalities": {"commander": "Legal", "duel": "Legal", "legacy": "Legal", "modern": "Legal", "penny": "Legal", "vintage": "Legal"}, "manaCost": "{2}{B}{R}{G}", "manaValue": 5.0, "name": "Kresh the Bloodbraided", "number": "5", "originalText": "Whenever another creature dies, you may put X +1/+1 counters on Kresh the Bloodbraided, where X is that creature's power.", "originalType": "Legendary Creature — Human Warrior", "power": "3", "printings": ["ALA", "NCC", "V11"], "purchaseUrls": {"cardKingdomFoil": "https://mtgjson.com/links/0495a87086f5215d", "cardmarket": "https://mtgjson.com/links/3f97a8b5fa0e73a4", "tcgplayer": "https://mtgjson.com/links/d4b8ad5f8b3b7112"}, "rarity": "mythic", "rulings": [{"date": "2008-10-01", "text": "X is equal to the power of the creature as it last existed on the battlefield."}], "setCode": "V11", "subtypes": ["Human", "Warrior"], "supertypes": ["Legendary"], "text": "Whenever another creature dies, you may put X +1/+1 counters on Kresh the Bloodbraided, where X is that creature's power.", "toughness": "3", "type": "Legendary Creature — Human Warrior", "types": ["Creature"], "uuid": "f6e848f5-0553-5e29-836a-4d374dae5ebf"}, {"artist": "Steven Belledin", "availability": ["mtgo", "paper"], "borderColor": "black", "colorIdentity": ["W"], "colors": ["W"], "convertedManaCost": 1.0, "edhrecRank": 1355, "finishes": ["foil"], "foreignData": [], "frameVersion": "2003", "hasFoil": true, "hasNonFoil": false, "identifiers": {"cardKingdomFoilId": "186177", "cardsphereId": "18468", "mcmId": "248509", "mcmMetaId": "203783", "mtgjsonV4Id": "898672f1-92de-5783-baee-9671d12d90bd", "mtgoFoilId": "42256", "mtgoId": "42255", "multiverseId": "259296", "scryfallId": "77976ca8-7c7a-469c-a99a-808de1b8bf71", "scryfallIllustrationId": "1ec8dca0-5efa-45ab-bc31-bde58b9beea9", "scryfallOracleId": "82f3faa8-39fa-450b-843f-d60a4c36d8f7", "tcgplayerProductId": "48161"}, "isReprint": true, "isStarter": true, "language": "English", "layout": "normal", "leadershipSkills": {"brawl": false, "commander": true, "oathbreaker": false}, "legalities": {"commander": "Legal", "duel": "Legal", "gladiator": "Legal", "historic": "Legal", "historicbrawl": "Legal", "legacy": "Legal", "modern": "Legal", "penny": "Legal", "vintage": "Legal"}, "manaCost": "{X}{W}", "manaValue": 1.0, "name": "Mikaeus, the Lunarch", "number": "6", "originalText": "Mikaeus, the Lunarch enters the battlefield with X +1/+1 counters on it.\n{T}: Put a +1/+1 counter on Mikaeus.\n{T}, Remove a +1/+1 counter from Mikaeus: Put a +1/+1 counter on each other creature you control.", "originalType": "Legendary Creature — Human Cleric", "power": "0", "printings": ["2X2", "CLB", "ISD", "JMP", "MIC", "V11"], "purchaseUrls": {"cardKingdomFoil": "https://mtgjson.com/links/2240b0774034d34b", "cardmarket": "https://mtgjson.com/links/e9db4f6e773576bf", "tcgplayer": "https://mtgjson.com/links/cf8b26522d9884e1"}, "rarity": "mythic", "rulings": [], "setCode": "V11", "subtypes": ["Human", "Cleric"], "supertypes": ["Legendary"], "text": "Mikaeus, the Lunarch enters the battlefield with X +1/+1 counters on it.\n{T}: Put a +1/+1 counter on Mikaeus.\n{T}, Remove a +1/+1 counter from Mikaeus: Put a +1/+1 counter on each other creature you control.", "toughness": "0", "type": "Legendary Creature — Human Cleric", "types": ["Creature"], "uuid": "7afa53f0-9c40-5201-9105-fddd3f833ee0"}, {"artist": "Mike Bierek", "availability": ["mtgo", "paper"], "borderColor": "black", "colorIdentity": ["G"], "colors": ["G"], "convertedManaCost": 3.0, "edhrecRank": 2688, "finishes": ["foil"], "flavorText": "It gathers against the coming storm.", "foreignData": [], "frameVersion": "2003", "hasFoil": true, "hasNonFoil": false, "identifiers": {"cardKingdomFoilId": "186178", "cardsphereId": "18469", "mcmId": "248510", "mcmMetaId": "10987", "mtgjsonV4Id": "5c5a3d8a-8fc8-5310-8c5b-ffd1c28e2516", "mtgoFoilId": "42236", "mtgoId": "42235", "multiverseId": "259295", "scryfallId": "54544da6-a24f-4351-aebc-a026c6414f64", "scryfallIllustrationId": "99ba9099-dcbf-4bb4-8360-a0b1f8eb724e", "scryfallOracleId": "9da896e1-2256-425b-b801-1ae6f0470559", "tcgplayerProductId": "48154"}, "isReprint": true, "isStarter": true, "language": "English", "layout": "normal", "leadershipSkills": {"brawl": false, "commander": true, "oathbreaker": false}, "legalities": {"commander": "Legal", "duel": "Legal", "legacy": "Legal", "modern": "Legal", "vintage": "Legal"}, "manaCost": "{2}{G}", "manaValue": 3.0, "name": "Omnath, Locus of Mana", "number": "7", "originalText": "Green mana doesn't empty from your mana pool as steps and phases end.\nOmnath, Locus of Mana gets +1/+1 for each green mana in your mana pool.", "originalType": "Legendary Creature — Elemental", "power": "1", "printings": ["CC1", "V11", "WWK"], "purchaseUrls": {"cardKingdomFoil": "https://mtgjson.com/links/ed7e14e911478608", "cardmarket": "https://mtgjson.com/links/9f6541441494655a", "tcgplayer": "https://mtgjson.com/links/620ba67f2e49d94e"}, "rarity": "mythic", "rulings": [{"date": "2010-03-01", "text": "You can keep green mana in your mana pool indefinitely while Omnath is on the battlefield. That means if you add a green mana to your mana pool during one step or phase, you can spend it during a later step or phase, or even a later turn. Other types of mana will continue to empty from your mana pool as each step and phase ends."}, {"date": "2010-03-01", "text": "If a green mana you add to your mana pool has certain restrictions or riders associated with it (for example, if it was produced by Ancient Ziggurat), they’ll apply to that mana no matter when you spend it."}, {"date": "2010-03-01", "text": "Once Omnath leaves the battlefield, you have until the end of the current step or phase to spend whatever green mana is in your mana pool before it too empties as normal. There is no penalty associated with this other than the loss of the mana."}], "setCode": "V11", "subtypes": ["Elemental"], "supertypes": ["Legendary"], "text": "You don't lose unspent green mana as steps and phases end.\nOmnath, Locus of Mana gets +1/+1 for each unspent green mana you have.", "toughness": "1", "type": "Legendary Creature — Elemental", "types": ["Creature"], "uuid": "30233682-c56d-55ef-aeaf-fae393917c15"}, {"artist": "Adam Rex", "availability": ["mtgo", "paper"], "borderColor": "black", "colorIdentity": ["B", "U"], "colors": ["B", "U"], "convertedManaCost": 6.0, "edhrecRank": 2975, "finishes": ["foil"], "foreignData": [], "frameVersion": "2003", "hasFoil": true, "hasNonFoil": false, "identifiers": {"cardKingdomFoilId": "186179", "cardsphereId": "18470", "mcmId": "248511", "mcmMetaId": "9735", "mtgjsonV4Id": "f68aef55-97e5-51ea-8d63-896af10b31fd", "mtgoFoilId": "42234", "mtgoId": "42233", "multiverseId": "244668", "scryfallId": "d0cbcbfa-927a-413e-96c5-ae785a68507e", "scryfallIllustrationId": "b4309634-54fb-4d79-9ffa-e26508bf6633", "scryfallOracleId": "6052822d-47a2-4d69-a32d-40cdd600d7a9", "tcgplayerProductId": "48155"}, "isReprint": true, "isStarter": true, "keywords": ["Flying"], "language": "English", "layout": "normal", "leadershipSkills": {"brawl": false, "commander": true, "oathbreaker": false}, "legalities": {"commander": "Legal", "duel": "Legal", "legacy": "Legal", "modern": "Legal", "penny": "Legal", "vintage": "Legal"}, "manaCost": "{3}{U/B}{U/B}{U/B}", "manaValue": 6.0, "name": "Oona, Queen of the Fae", "number": "8", "originalText": "Flying\n{X}{UB}: Choose a color. Target opponent exiles the top X cards of his or her library. For each card of the chosen color exiled this way, put a 1/1 blue and black Faerie Rogue creature token with flying onto the battlefield.", "originalType": "Legendary Creature — Faerie Wizard", "power": "5", "printings": ["MMA", "SHM", "SLD", "V11", "ZNC"], "purchaseUrls": {"cardKingdomFoil": "https://mtgjson.com/links/232cd3ee026fb213", "cardmarket": "https://mtgjson.com/links/b03dd3ecdd302652", "tcgplayer": "https://mtgjson.com/links/b4c678f48c6f6d52"}, "rarity": "mythic", "rulings": [{"date": "2008-05-01", "text": "You target the opponent when you activate Oona’s ability. You don’t choose the color until the ability resolves."}, {"date": "2008-05-01", "text": "The tokens enter the battlefield under your control."}], "setCode": "V11", "subtypes": ["Faerie", "Wizard"], "supertypes": ["Legendary"], "text": "Flying\n{X}{U/B}: Choose a color. Target opponent exiles the top X cards of their library. For each card of the chosen color exiled this way, create a 1/1 blue and black Faerie Rogue creature token with flying.", "toughness": "5", "type": "Legendary Creature — Faerie Wizard", "types": ["Creature"], "uuid": "dbc98d75-1787-5eea-ad1c-ed2bffac4f05"}, {"artist": "Mike Bierek", "availability": ["mtgo", "paper"], "borderColor": "black", "colorIdentity": ["B", "G", "R", "U", "W"], "colors": ["B", "G", "R", "U", "W"], "convertedManaCost": 10.0, "edhrecRank": 4567, "finishes": ["foil"], "flavorText": "The Soul of the World has returned.", "foreignData": [], "frameVersion": "2003", "hasFoil": true, "hasNonFoil": false, "identifiers": {"cardKingdomFoilId": "186180", "cardsphereId": "18471", "mcmId": "248512", "mcmMetaId": "10389", "mtgjsonV4Id": "f161f8f0-4cee-5eaa-8614-963a03cc9504", "mtgoFoilId": "42252", "mtgoId": "42251", "multiverseId": "244675", "scryfallId": "8bbd3493-1466-4d58-b004-00627ceb4a04", "scryfallIllustrationId": "5e83e133-34a3-452b-acba-74afbf336fe1", "scryfallOracleId": "2d7e00b6-12f0-4b03-82a6-50e3d1b5395e", "tcgplayerProductId": "48149"}, "isReprint": true, "isStarter": true, "keywords": ["Protection"], "language": "English", "layout": "normal", "leadershipSkills": {"brawl": false, "commander": true, "oathbreaker": false}, "legalities": {"commander": "Legal", "duel": "Legal", "legacy": "Legal", "modern": "Legal", "vintage": "Legal"}, "manaCost": "{W}{W}{U}{U}{B}{B}{R}{R}{G}{G}", "manaValue": 10.0, "name": "Progenitus", "number": "9", "originalText": "Protection from everything\nIf Progenitus would be put into a graveyard from anywhere, reveal Progenitus and shuffle it into its owner's library instead.", "originalType": "Legendary Creature — Hydra Avatar", "power": "10", "printings": ["CON", "MMA", "PGPX", "PLIST", "V11"], "purchaseUrls": {"cardKingdomFoil": "https://mtgjson.com/links/6319589c03768287", "cardmarket": "https://mtgjson.com/links/4c75ab3b0dd4bc52", "tcgplayer": "https://mtgjson.com/links/3c308b8d40d356a9"}, "rarity": "mythic", "rulings": [{"date": "2009-02-01", "text": "“Protection from everything” means the following: Progenitus can’t be blocked, Progenitus can’t be enchanted or equipped, Progenitus can’t be the target of spells or abilities, and all damage that would be dealt to Progenitus is prevented."}, {"date": "2009-02-01", "text": "Progenitus can still be affected by effects that don’t target it or deal damage to it (such as Day of Judgment)."}], "setCode": "V11", "subtypes": ["Hydra", "Avatar"], "supertypes": ["Legendary"], "text": "Protection from everything\nIf Progenitus would be put into a graveyard from anywhere, reveal Progenitus and shuffle it into its owner's library instead.", "toughness": "10", "type": "Legendary Creature — Hydra Avatar", "types": ["Creature"], "uuid": "3ec8d99c-08b5-5e0e-a3b3-baf4395d5634"}, {"artist": "Wayne Reynolds", "availability": ["mtgo", "paper"], "borderColor": "black", "colorIdentity": ["G", "U", "W"], "colors": ["G", "U", "W"], "convertedManaCost": 4.0, "edhrecRank": 6476, "finishes": ["foil"], "flavorText": "Many sigils, one purpose.", "foreignData": [], "frameVersion": "2003", "hasFoil": true, "hasNonFoil": false, "identifiers": {"cardKingdomFoilId": "186181", "cardsphereId": "18472", "mcmId": "248513", "mcmMetaId": "10243", "mtgjsonV4Id": "e1635229-1f84-5f8a-8e39-addd25b0a1e0", "mtgoFoilId": "42248", "mtgoId": "42247", "multiverseId": "244669", "scryfallId": "bd1206d4-ce7d-4504-addc-8182a586087e", "scryfallIllustrationId": "5dc21367-a96a-4d7e-81f7-8b23cc46b2e5", "scryfallOracleId": "c6e17443-2379-419d-8c32-13ea9bf52993", "tcgplayerProductId": "48156"}, "isReprint": true, "isStarter": true, "keywords": ["Exalted"], "language": "English", "layout": "normal", "leadershipSkills": {"brawl": false, "commander": true, "oathbreaker": false}, "legalities": {"commander": "Legal", "duel": "Legal", "legacy": "Legal", "modern": "Legal", "penny": "Legal", "vintage": "Legal"}, "manaCost": "{1}{G}{W}{U}", "manaValue": 4.0, "name": "Rafiq of the Many", "number": "10", "originalText": "Exalted (Whenever a creature you control attacks alone, that creature gets +1/+1 until end of turn.)\nWhenever a creature you control attacks alone, it gains double strike until end of turn.", "originalType": "Legendary Creature — Human Knight", "power": "3", "printings": ["2X2", "ALA", "V11"], "purchaseUrls": {"cardKingdomFoil": "https://mtgjson.com/links/5d6e05a60601d01f", "cardmarket": "https://mtgjson.com/links/d14f135404114601", "tcgplayer": "https://mtgjson.com/links/dcf6f0b2fc933e50"}, "rarity": "mythic", "rulings": [{"date": "2008-10-01", "text": "If you declare exactly one creature as an attacker, each exalted ability on each permanent you control (including, perhaps, the attacking creature itself) will trigger. The bonuses are given to the attacking creature, not to the permanent with exalted. Ultimately, the attacking creature will wind up with +1/+1 for each of your exalted abilities."}, {"date": "2008-10-01", "text": "If you attack with multiple creatures, but then all but one are removed from combat, your exalted abilities won’t trigger."}, {"date": "2008-10-01", "text": "Some effects put creatures onto the battlefield attacking. Since those creatures were never declared as attackers, they’re ignored by exalted abilities. They won’t cause exalted abilities to trigger. If any exalted abilities have already triggered (because exactly one creature was declared as an attacker), those abilities will resolve as normal even though there may now be multiple attackers."}, {"date": "2008-10-01", "text": "Exalted abilities will resolve before blockers are declared."}, {"date": "2008-10-01", "text": "Exalted bonuses last until end of turn. If an effect creates an additional combat phase during your turn, a creature that attacked alone during the first combat phase will still have its exalted bonuses in that new phase. If a creature attacks alone during the second combat phase, all your exalted abilities will trigger again."}, {"date": "2008-10-01", "text": "In a Two-Headed Giant game, a creature “attacks alone” if it’s the only creature declared as an attacker by your entire team. If you control that attacking creature, your exalted abilities will trigger but your teammate’s exalted abilities won’t."}], "setCode": "V11", "subtypes": ["Human", "Knight"], "supertypes": ["Legendary"], "text": "Exalted (Whenever a creature you control attacks alone, that creature gets +1/+1 until end of turn.)\nWhenever a creature you control attacks alone, it gains double strike until end of turn.", "toughness": "3", "type": "Legendary Creature — Human Knight", "types": ["Creature"], "uuid": "1b8e6c97-96f2-5011-86a4-486d3bf04142"}, {"artist": "Todd Lockwood", "availability": ["mtgo", "paper"], "borderColor": "black", "colorIdentity": ["B", "U", "W"], "colors": ["B", "U", "W"], "convertedManaCost": 6.0, "edhrecRank": 4001, "finishes": ["foil"], "flavorText": "To gain audience with the hegemon, one must bring a riddle she has not heard.", "foreignData": [], "frameVersion": "2003", "hasFoil": true, "hasNonFoil": false, "identifiers": {"cardKingdomFoilId": "186182", "cardsphereId": "18473", "mcmId": "248514", "mcmMetaId": "10249", "mtgjsonV4Id": "61c054c5-259f-57c8-9515-cfef7652d766", "mtgoFoilId": "42242", "mtgoId": "42241", "multiverseId": "244664", "scryfallId": "fc058637-a1bc-43a8-bf57-684a8ac49739", "scryfallIllustrationId": "9d66e964-e295-4a1b-b391-e41b634e2ebf", "scryfallOracleId": "037e7fc9-3aa6-484c-a2c8-43009e45f1d8", "tcgplayerProductId": "48157"}, "isReprint": true, "isStarter": true, "keywords": ["Flying"], "language": "English", "layout": "normal", "leadershipSkills": {"brawl": false, "commander": true, "oathbreaker": false}, "legalities": {"commander": "Legal", "duel": "Legal", "legacy": "Legal", "modern": "Legal", "penny": "Legal", "vintage": "Legal"}, "manaCost": "{3}{W}{U}{B}", "manaValue": 6.0, "name": "Sharuum the Hegemon", "number": "11", "originalText": "Flying\nWhen Sharuum the Hegemon enters the battlefield, you may return target artifact card from your graveyard to the battlefield.", "originalType": "Legendary Artifact Creature — Sphinx", "power": "5", "printings": ["2XM", "ALA", "C13", "C16", "OC13", "V11"], "purchaseUrls": {"cardKingdomFoil": "https://mtgjson.com/links/5fd21770a69b4fcb", "cardmarket": "https://mtgjson.com/links/b88e4b6afc64a768", "tcgplayer": "https://mtgjson.com/links/3a4871991f32c557"}, "rarity": "mythic", "rulings": [{"date": "2020-08-07", "text": "If Sharuum the Hegemon is put into your graveyard as a state-based action immediately after Sharuum the Hegemon enters the battlefield (most likely due to the “legend rule”) it can be the artifact card targeted by its own ability."}], "setCode": "V11", "subtypes": ["Sphinx"], "supertypes": ["Legendary"], "text": "Flying\nWhen Sharuum the Hegemon enters the battlefield, you may return target artifact card from your graveyard to the battlefield.", "toughness": "5", "type": "Legendary Artifact Creature — Sphinx", "types": ["Artifact", "Creature"], "uuid": "b288dd2a-7c00-526c-9c7f-9dcf8dbd161b"}, {"artist": "Xu Xiaoming", "availability": ["mtgo", "paper"], "borderColor": "black", "colorIdentity": ["U"], "colors": ["U"], "convertedManaCost": 6.0, "edhrecRank": 9373, "finishes": ["foil"], "flavorText": "\"One score and four he reigned, the Southland king: / A dragon coiled, a tiger poised below the mighty Yangtze.\"", "foreignData": [], "frameVersion": "2003", "hasFoil": true, "hasNonFoil": false, "identifiers": {"cardKingdomFoilId": "186183", "cardsphereId": "18474", "mcmId": "248515", "mcmMetaId": "5701", "mtgjsonV4Id": "1d93aaae-8a03-532c-a3a3-da5c31822523", "mtgoFoilId": "42230", "mtgoId": "42229", "multiverseId": "244663", "scryfallId": "b4e9ec34-4bf6-46da-b2c4-acedb1b19210", "scryfallIllustrationId": "698cf978-f85e-4149-99cf-c9000b514834", "scryfallOracleId": "70503280-6bdf-431d-8213-367a9783463a", "tcgplayerProductId": "48152"}, "isReprint": true, "isStarter": true, "language": "English", "layout": "normal", "leadershipSkills": {"brawl": false, "commander": true, "oathbreaker": false}, "legalities": {"commander": "Legal", "duel": "Legal", "legacy": "Legal", "penny": "Legal", "vintage": "Legal"}, "manaCost": "{4}{U}{U}", "manaValue": 6.0, "name": "Sun Quan, Lord of Wu", "number": "12", "originalText": "Creatures you control have horsemanship. (They can't be blocked except by creatures with horsemanship.)", "originalType": "Legendary Creature — Human Soldier", "power": "4", "printings": ["ME3", "PTK", "V11"], "purchaseUrls": {"cardKingdomFoil": "https://mtgjson.com/links/6b0f8b60e31ad73f", "cardmarket": "https://mtgjson.com/links/5d1012bde002beca", "tcgplayer": "https://mtgjson.com/links/c4c94ab7e9e49426"}, "rarity": "mythic", "rulings": [{"date": "2009-10-01", "text": "Sun Quan’s ability affects Sun Quan itself."}, {"date": "2009-10-01", "text": "Despite the similarities between horsemanship and flying, horsemanship doesn’t interact with flying or reach."}], "setCode": "V11", "subtypes": ["Human", "Soldier"], "supertypes": ["Legendary"], "text": "Creatures you control have horsemanship. (They can't be blocked except by creatures with horsemanship.)", "toughness": "4", "type": "Legendary Creature — Human Soldier", "types": ["Creature"], "uuid": "13c1a7c5-e927-5654-921d-5af7c623c26d"}, {"artist": "Volkan Baǵa", "availability": ["mtgo", "paper"], "borderColor": "black", "colorIdentity": ["U"], "colors": ["U"], "convertedManaCost": 5.0, "edhrecRank": 2167, "finishes": ["foil"], "flavorText": "To save this plane, he must forsake all others.", "foreignData": [], "frameVersion": "2003", "hasFoil": true, "hasNonFoil": false, "identifiers": {"cardKingdomFoilId": "186184", "cardsphereId": "18475", "mcmId": "248516", "mcmMetaId": "8537", "mtgjsonV4Id": "dd449d17-5f0c-5612-8b17-4e0b5656491d", "mtgoFoilId": "42246", "mtgoId": "42245", "multiverseId": "244667", "scryfallId": "f0acc553-e289-478a-95ad-d238604508b9", "scryfallIllustrationId": "3f4b09a7-c342-4dae-9573-bb7f56d50033", "scryfallOracleId": "2b6cbd55-5adc-4a34-ac45-8531705a7ee1", "tcgplayerProductId": "48147"}, "isReprint": true, "isStarter": true, "keywords": ["Flash"], "language": "English", "layout": "normal", "leadershipSkills": {"brawl": false, "commander": true, "oathbreaker": false}, "legalities": {"commander": "Legal", "duel": "Legal", "legacy": "Legal", "modern": "Legal", "penny": "Legal", "vintage": "Legal"}, "manaCost": "{2}{U}{U}{U}", "manaValue": 5.0, "name": "Teferi, Mage of Zhalfir", "number": "13", "originalText": "Flash\nCreature cards you own that aren't on the battlefield have flash.\nEach opponent can cast spells only any time he or she could cast a sorcery.", "originalType": "Legendary Creature — Human Wizard", "power": "3", "printings": ["IMA", "TSP", "TSR", "V11"], "purchaseUrls": {"cardKingdomFoil": "https://mtgjson.com/links/43e24cf63503ead0", "cardmarket": "https://mtgjson.com/links/8cbbb454679cf36c", "tcgplayer": "https://mtgjson.com/links/ea5ca3007f3dbe88"}, "rarity": "mythic", "rulings": [{"date": "2021-03-19", "text": "While you control Teferi, you may exile creature cards in your hand with suspend any time you could cast an instant."}, {"date": "2021-03-19", "text": "If a spell on the stack has split second while you control Teferi, you can’t suspend creature cards since split second stops you from casting them, even though suspending them is a special action."}, {"date": "2021-03-19", "text": "Teferi’s last ability means that in order for an opponent to cast a spell, it must be that opponent’s turn, during a main phase, and the stack must be empty. This is true even if a rule or effect allows a sorcery to be cast at another time."}, {"date": "2021-03-19", "text": "If a spell or ability lets an opponent cast a spell as part of its effect (such as suspend and rebound do), that opponent can’t cast that spell since the resolving ability is still on the stack. This is true even if the spell is an instant."}, {"date": "2021-03-19", "text": "If an effect allows an opponent to cast spells any time they could cast an instant (for example, if your opponent also controls Teferi), the restriction of Teferi’s last ability takes precedence over that permission."}], "setCode": "V11", "subtypes": ["Human", "Wizard"], "supertypes": ["Legendary"], "text": "Flash\nCreature cards you own that aren't on the battlefield have flash.\nEach opponent can cast spells only any time they could cast a sorcery.", "toughness": "4", "type": "Legendary Creature — Human Wizard", "types": ["Creature"], "uuid": "08c8658f-43cb-50b7-b32e-2ab3c11c8bae"}, {"artist": "Aleksi Briclot", "availability": ["mtgo", "paper"], "borderColor": "black", "colorIdentity": [], "colors": [], "convertedManaCost": 11.0, "edhrecRank": 913, "finishes": ["foil"], "foreignData": [], "frameVersion": "2003", "hasFoil": true, "hasNonFoil": false, "identifiers": {"cardKingdomFoilId": "186185", "cardsphereId": "18476", "mcmId": "248517", "mcmMetaId": "11133", "mtgjsonV4Id": "2022246f-55e5-593c-b0d3-85c265e185d6", "mtgoFoilId": "42240", "mtgoId": "42239", "multiverseId": "261321", "scryfallId": "0645f487-efe5-4764-b361-85e07bb5ccca", "scryfallIllustrationId": "7738c4ae-497f-49c1-b3d3-4801b0a66ab8", "scryfallOracleId": "b817bc56-9b4d-4c50-bafa-3c652b99578f", "tcgplayerProductId": "48159"}, "isReprint": true, "isStarter": true, "keywords": ["Annihilator", "Indestructible"], "language": "English", "layout": "normal", "leadershipSkills": {"brawl": false, "commander": true, "oathbreaker": false}, "legalities": {"commander": "Legal", "duel": "Legal", "legacy": "Legal", "modern": "Legal", "vintage": "Legal"}, "manaCost": "{11}", "manaValue": 11.0, "name": "Ulamog, the Infinite Gyre", "number": "14", "originalText": "When you cast Ulamog, the Infinite Gyre, destroy target permanent.\nAnnihilator 4 (Whenever this creature attacks, defending player sacrifices four permanents.)\nUlamog is indestructible.\nWhen Ulamog is put into a graveyard from anywhere, its owner shuffles his or her graveyard into his or her library.", "originalType": "Legendary Creature — Eldrazi", "power": "10", "printings": ["2X2", "MM2", "PUMA", "ROE", "UMA", "V11"], "purchaseUrls": {"cardKingdomFoil": "https://mtgjson.com/links/9cae1227615ef4b0", "cardmarket": "https://mtgjson.com/links/c4f64b4b9aeebccb", "tcgplayer": "https://mtgjson.com/links/fce4097f916f9609"}, "rarity": "mythic", "rulings": [{"date": "2010-06-15", "text": "Annihilator abilities trigger and resolve during the declare attackers step. The defending player chooses and sacrifices the required number of permanents before they declare blockers. Any creatures sacrificed this way won’t be able to block."}, {"date": "2010-06-15", "text": "If a creature with annihilator is attacking a planeswalker, and the defending player chooses to sacrifice that planeswalker, the attacking creature continues to attack. It may be blocked. If it isn’t blocked, it simply won’t deal combat damage to anything."}, {"date": "2013-07-01", "text": "Lethal damage and effects that say “destroy” won’t cause a creature with indestructible to be put into the graveyard. However, a creature with indestructible can be put into the graveyard for a number of reasons. The most likely reasons are if it’s sacrificed, if it’s legendary and another legendary creature with the same name is controlled by the same player, or if its toughness is 0 or less."}, {"date": "2018-12-07", "text": "Ulamog’s ability triggers as you cast it, and that ability resolves before the spell itself. It resolves even if that spell is countered."}], "setCode": "V11", "subtypes": ["Eldrazi"], "supertypes": ["Legendary"], "text": "When you cast this spell, destroy target permanent.\nIndestructible\nAnnihilator 4 (Whenever this creature attacks, defending player sacrifices four permanents.)\nWhen Ulamog, the Infinite Gyre is put into a graveyard from anywhere, its owner shuffles their graveyard into their library.", "toughness": "10", "type": "Legendary Creature — Eldrazi", "types": ["Creature"], "uuid": "443dbd66-089e-568b-a3e6-9fcb34d9d85e"}, {"artist": "Brad Rigney", "availability": ["mtgo", "paper"], "borderColor": "black", "colorIdentity": ["B"], "colors": ["B"], "convertedManaCost": 6.0, "edhrecRank": 9119, "finishes": ["foil"], "flavorText": "\"My eyes are my strongest feature.\"", "foreignData": [], "frameVersion": "2003", "hasFoil": true, "hasNonFoil": false, "identifiers": {"cardKingdomFoilId": "186186", "cardsphereId": "18477", "mcmId": "248518", "mcmMetaId": "6385", "mtgjsonV4Id": "0538299a-e22c-57d3-b7be-023ccea8062d", "mtgoFoilId": "42254", "mtgoId": "42253", "multiverseId": "244677", "scryfallId": "48833be5-67a6-40dd-a894-f3665cbbb62a", "scryfallIllustrationId": "0fe0f04a-55e8-443e-8b37-a4a5a01159f1", "scryfallOracleId": "79b999bc-2d4b-41e1-b64e-f0c080a9a2c5", "tcgplayerProductId": "48160"}, "isReprint": true, "isStarter": true, "keywords": ["Flying"], "language": "English", "layout": "normal", "leadershipSkills": {"brawl": false, "commander": true, "oathbreaker": false}, "legalities": {"commander": "Legal", "duel": "Legal", "legacy": "Legal", "penny": "Legal", "premodern": "Legal", "vintage": "Legal"}, "manaCost": "{3}{B}{B}{B}", "manaValue": 6.0, "name": "Visara the Dreadful", "number": "15", "originalText": "Flying\n{T}: Destroy target creature. It can't be regenerated.", "originalType": "Legendary Creature — Gorgon", "power": "5", "printings": ["EMA", "ONS", "V11", "VMA", "WC03"], "purchaseUrls": {"cardKingdomFoil": "https://mtgjson.com/links/faf982ebcc3c7461", "cardmarket": "https://mtgjson.com/links/7149c551e47731f8", "tcgplayer": "https://mtgjson.com/links/de8426fc3e619b3b"}, "rarity": "mythic", "rulings": [], "setCode": "V11", "subtypes": ["Gorgon"], "supertypes": ["Legendary"], "text": "Flying\n{T}: Destroy target creature. It can't be regenerated.", "toughness": "5", "type": "Legendary Creature — Gorgon", "types": ["Creature"], "uuid": "3b47c893-adac-5f92-a6e5-143eda2fcca9"}], "cardsphereSetId": 839, "code": "V11", "isFoilOnly": true, "isOnlineOnly": false, "keyruneCode": "V11", "mcmId": 1286, "mcmName": "From the Vault: Legends", "mtgoCode": "V11", "name": "From the Vault: Legends", "releaseDate": "2011-08-26", "sealedProduct": [{"identifiers": {"tcgplayerProductId": "71414"}, "name": "From the Vault Legends Box Set", "purchaseUrls": {"tcgplayer": "https://mtgjson.com/links/e037972386eb1c51"}, "releaseDate": null, "uuid": "099eacda-6398-5a0e-b956-3b66d3d18dab"}], "tcgplayerGroupId": 49, "tokens": [], "totalSetSize": 15, "translations": {}, "type": "from_the_vault"}}