{"meta": {"date": "2022-09-29", "version": "5.2.0+20220929"}, "data": {"baseSetSize": 15, "cards": [{"artist": "Colin MacNeil", "availability": ["mtgo", "paper"], "borderColor": "black", "colorIdentity": [], "colors": [], "convertedManaCost": 0.0, "edhrecRank": 49, "finishes": ["foil"], "flavorText": "There is no glory to be gained in the kingdom of the dead.\n—Vec tomb inscription", "foreignData": [], "frameVersion": "2003", "hasFoil": true, "hasNonFoil": false, "identifiers": {"cardKingdomFoilId": "187974", "cardsphereId": "18494", "mcmId": "257757", "mcmMetaId": "172", "mtgjsonV4Id": "3fb1fadc-03a1-59b0-9f9d-7882b12cdd36", "mtgoFoilId": "46235", "mtgoId": "46234", "multiverseId": "288994", "scryfallId": "31984c11-5289-4fc3-9291-27e15b68146d", "scryfallIllustrationId": "25b63436-d094-4014-9bda-d97e902da980", "scryfallOracleId": "23467047-6dba-4498-b783-1ebc4f74b8c2", "tcgplayerProductId": "60129"}, "isReprint": true, "isStarter": true, "language": "English", "layout": "normal", "legalities": {"commander": "Legal", "duel": "Banned", "legacy": "Legal", "premodern": "Legal", "vintage": "Legal"}, "manaValue": 0.0, "name": "Ancient Tomb", "number": "1", "originalText": "{T}: Add {2} to your mana pool. Ancient Tomb deals 2 damage to you.", "originalType": "Land", "printings": ["EXP", "PLIST", "PUMA", "TMP", "UMA", "V12", "VMA", "WC99", "ZNE"], "purchaseUrls": {"cardKingdomFoil": "https://mtgjson.com/links/c854edc6964e3aa9", "cardmarket": "https://mtgjson.com/links/a6b2b944f3ede699", "tcgplayer": "https://mtgjson.com/links/a9682623ab3737ac"}, "rarity": "mythic", "rulings": [], "setCode": "V12", "subtypes": [], "supertypes": [], "text": "{T}: Add {C}{C}. Ancient Tomb deals 2 damage to you.", "type": "Land", "types": ["Land"], "uuid": "66ccfabd-6a8a-58d3-903d-0d8ba8c1bc2e"}, {"artist": "Ralph Horsley", "availability": ["mtgo", "paper"], "borderColor": "black", "colorIdentity": [], "colors": [], "convertedManaCost": 0.0, "edhrecRank": 1795, "finishes": ["foil"], "foreignData": [], "frameVersion": "2003", "hasFoil": true, "hasNonFoil": false, "identifiers": {"cardKingdomFoilId": "187975", "cardsphereId": "18495", "mcmId": "257756", "mcmMetaId": "6944", "mtgjsonV4Id": "aee1e442-f025-5e60-bab7-efd3e4398def", "mtgoFoilId": "46260", "mtgoId": "46259", "multiverseId": "291507", "scryfallId": "e01b7141-9576-445b-bcd4-00d79850a4dd", "scryfallIllustrationId": "4950c556-7a6e-42de-bead-b06defa969dc", "scryfallOracleId": "36937483-30cb-449a-8028-75017a124922", "tcgplayerProductId": "60130"}, "isReprint": true, "isStarter": true, "language": "English", "layout": "normal", "legalities": {"commander": "Legal", "duel": "Legal", "legacy": "Legal", "modern": "Legal", "vintage": "Legal"}, "manaValue": 0.0, "name": "Boseiju, Who Shelters All", "number": "2", "originalText": "Boseiju, Who Shelters All enters the battlefield tapped.\n{T}, Pay 2 life: Add {1} to your mana pool. If that mana is spent on an instant or sorcery spell, that spell can't be countered by spells or abilities.", "originalType": "Legendary Land", "printings": ["CHK", "SLD", "V12"], "purchaseUrls": {"cardKingdomFoil": "https://mtgjson.com/links/345a1c92db84f82f", "cardmarket": "https://mtgjson.com/links/f083ad8fa603c772", "tcgplayer": "https://mtgjson.com/links/786fd2eb8381fab1"}, "rarity": "mythic", "rulings": [{"date": "2004-12-01", "text": "The spell can’t be countered if the mana produced by Boseiju is spent to cover any cost of the spell, even an additional cost such as a splice cost. This is true even if you pay an additional cost while casting a spell “without paying its mana cost.”"}, {"date": "2004-12-01", "text": "Suppose mana produced by Boseiju is spent on a spell and an effect creates a copy of that spell. The copy can be countered, even though the original can’t."}], "setCode": "V12", "subtypes": [], "supertypes": ["Legendary"], "text": "Boseiju, Who Shelters All enters the battlefield tapped.\n{T}, Pay 2 life: Add {C}. If that mana is spent on an instant or sorcery spell, that spell can't be countered.", "type": "Legendary Land", "types": ["Land"], "uuid": "5eda90df-ebea-5036-b34c-271c4ef297c4"}, {"artist": "Cliff Childs", "availability": ["mtgo", "paper"], "borderColor": "black", "colorIdentity": ["U"], "colors": [], "convertedManaCost": 0.0, "edhrecRank": 1185, "finishes": ["foil"], "foreignData": [], "frameVersion": "2003", "hasFoil": true, "hasNonFoil": false, "identifiers": {"cardKingdomFoilId": "187976", "cardsphereId": "18496", "mcmId": "257759", "mcmMetaId": "886", "mtgjsonV4Id": "b48c630e-654d-56ee-900d-787ab6c12899", "mtgoFoilId": "46249", "mtgoId": "46248", "multiverseId": "288995", "scryfallId": "7c35ff55-6b92-4830-aa3a-b3b6da517035", "scryfallIllustrationId": "8795b901-beee-4755-828e-e3038a0a15da", "scryfallOracleId": "c733873e-77db-471f-8061-139db24f7e7c", "tcgplayerProductId": "60131"}, "isReprint": true, "isStarter": true, "keywords": ["Threshold"], "language": "English", "layout": "normal", "legalities": {"commander": "Legal", "duel": "Legal", "legacy": "Legal", "premodern": "Legal", "vintage": "Legal"}, "manaValue": 0.0, "name": "Cephalid Coliseum", "number": "3", "originalText": "{T}: Add {U} to your mana pool. Cephalid Coliseum deals 1 damage to you.\nThreshold — {U}, {T}, Sacrifice Cephalid Coliseum: Target player draws three cards, then discards three cards. Activate this ability only if seven or more cards are in your graveyard.", "originalType": "Land", "printings": ["ODY", "V12", "WC02"], "purchaseUrls": {"cardKingdomFoil": "https://mtgjson.com/links/80e6a6c76193bfb7", "cardmarket": "https://mtgjson.com/links/1f2d2d2effd02bc3", "tcgplayer": "https://mtgjson.com/links/3855cefff26708d2"}, "rarity": "mythic", "rulings": [], "setCode": "V12", "subtypes": [], "supertypes": [], "text": "{T}: Add {U}. Cephalid Coliseum deals 1 damage to you.\nThreshold — {U}, {T}, Sacrifice Cephalid Coliseum: Target player draws three cards, then discards three cards. Activate only if seven or more cards are in your graveyard.", "type": "Land", "types": ["Land"], "uuid": "bf8638c6-5460-58e8-9287-128a0840cb68"}, {"artist": "Glen Angus", "availability": ["mtgo", "paper"], "borderColor": "black", "colorIdentity": [], "colors": [], "convertedManaCost": 0.0, "edhrecRank": 4900, "finishes": ["foil"], "foreignData": [], "frameVersion": "2003", "hasFoil": true, "hasNonFoil": false, "identifiers": {"cardKingdomFoilId": "187977", "cardsphereId": "18497", "mcmId": "257760", "mcmMetaId": "1447", "mtgjsonV4Id": "1e1b7655-6405-5029-bd1b-393c9b76ae30", "mtgoFoilId": "46243", "mtgoId": "46242", "multiverseId": "287341", "scryfallId": "dbc4396e-a463-41df-a3c7-0ac78e8aa619", "scryfallIllustrationId": "4eca4559-4f5e-416f-ba00-c6005d85359e", "scryfallOracleId": "195107ad-879d-4b02-a44a-a3ba70fedf88", "tcgplayerProductId": "60132"}, "isReprint": true, "isStarter": true, "language": "English", "layout": "normal", "legalities": {"commander": "Legal", "duel": "Legal", "legacy": "Legal", "modern": "Legal", "pauper": "Legal", "paupercommander": "Legal", "vintage": "Legal"}, "manaValue": 0.0, "name": "Desert", "number": "4", "originalText": "{T}: Add {1} to your mana pool.\n{T}: Desert deals 1 damage to target attacking creature. Activate this ability only during the end of combat step.", "originalType": "Land — Desert", "printings": ["AFC", "ARN", "F08", "PLIST", "PRM", "TSB", "V12"], "purchaseUrls": {"cardKingdomFoil": "https://mtgjson.com/links/025cdb1e320db2cc", "cardmarket": "https://mtgjson.com/links/e9ebd5f4176def36", "tcgplayer": "https://mtgjson.com/links/53839e266aca462b"}, "rarity": "mythic", "rulings": [{"date": "2004-10-04", "text": "The ability can be used on any player's attacking creatures. This includes your own and creatures in an attack you are not involved in (for multiplayer games)."}, {"date": "2017-04-18", "text": "Desert is a land subtype with no special meaning. It doesn't grant the land an intrinsic mana ability. Other cards may care about which lands are Deserts."}], "setCode": "V12", "subtypes": ["Desert"], "supertypes": [], "text": "{T}: Add {C}.\n{T}: Desert deals 1 damage to target attacking creature. Activate only during the end of combat step.", "type": "Land — Desert", "types": ["Land"], "uuid": "6d285e54-fd84-501b-8677-6b870fe9e58a"}, {"artist": "Brad Rigney", "availability": ["mtgo", "paper"], "borderColor": "black", "colorIdentity": ["G"], "colorIndicator": ["G"], "colors": ["G"], "convertedManaCost": 0.0, "edhrecRank": 557, "finishes": ["foil"], "foreignData": [], "frameVersion": "2003", "hasFoil": true, "hasNonFoil": false, "identifiers": {"cardKingdomFoilId": "187978", "cardsphereId": "18498", "mcmId": "257397", "mcmMetaId": "9095", "mtgjsonV4Id": "92f4d3df-42e4-5a79-be82-0e974b522a24", "mtgoFoilId": "46247", "mtgoId": "46246", "multiverseId": "282542", "scryfallId": "83f625aa-d229-40b7-a1c6-69549bc46789", "scryfallIllustrationId": "f0500e90-b43b-4c1d-b2e0-0ba0151fa68d", "scryfallOracleId": "e996cd67-739c-40f4-b276-0042acf26c71", "tcgplayerProductId": "60133"}, "isReprint": true, "isStarter": true, "language": "English", "layout": "normal", "legalities": {"commander": "Legal", "duel": "Legal", "legacy": "Legal", "modern": "Legal", "vintage": "Legal"}, "manaValue": 0.0, "name": "Dryad Arbor", "number": "5", "originalText": "G", "originalType": "Land Creature — Forest Dryad", "power": "1", "printings": ["FUT", "PLIST", "TSR", "V12"], "purchaseUrls": {"cardKingdomFoil": "https://mtgjson.com/links/210bf1e851bd3074", "cardmarket": "https://mtgjson.com/links/07fac46dccac739c", "tcgplayer": "https://mtgjson.com/links/eb811ac39b0013f4"}, "rarity": "mythic", "rulings": [{"date": "2011-09-22", "text": "If Dryad Arbor is changed into another basic land type (such as by Sea’s Claim), it continues to be a creature and a Dryad."}, {"date": "2013-06-07", "text": "Although originally printed with a characteristic-defining ability that defined its color, this card now has a color indicator. This color indicator can’t be affected by text-changing effects (such as the one created by Crystal Spray), although color-changing effects can still overwrite it."}, {"date": "2021-03-19", "text": "Due to its color indicator (appearing to the left of its type line), Dryad Arbor is green. Color indicators apply in all zones, not just the battlefield."}, {"date": "2021-03-19", "text": "If Dryad Arbor is changed into another basic land type, it continues to be a green Dryad creature."}, {"date": "2021-03-19", "text": "If a Dryad Arbor gains flash, or you have the ability to play Dryad Arbor as though it had flash (due to Teferi, Mage of Zhalfir or Scout’s Warning, for example), you can ignore the normal timing rules for when during your turn you can play a land, but not any other restrictions. You can’t play Dryad Arbor during another player’s turn, and you can’t play Dryad Arbor if you don’t have any land plays remaining."}, {"date": "2021-03-19", "text": "Forest is a land type and Dryad is a creature type."}, {"date": "2021-03-19", "text": "Dryad Arbor is played as a land. It doesn’t use the stack, it’s not a spell, it can’t be responded to, it has no mana cost, and it counts as your land play for the turn."}], "setCode": "V12", "subtypes": ["Forest", "Dryad"], "supertypes": [], "text": "(Dryad Arbor isn't a spell, it's affected by summoning sickness, and it has \"{T}: Add {G}.\")", "toughness": "1", "type": "Land Creature — Forest Dryad", "types": ["Land", "Creature"], "uuid": "8d7c9850-7035-5463-85cc-8379b204c024"}, {"artist": "Daniel Ljunggren", "availability": ["mtgo", "paper"], "borderColor": "black", "colorIdentity": [], "colors": [], "convertedManaCost": 0.0, "edhrecRank": 458, "finishes": ["foil"], "foreignData": [], "frameVersion": "2003", "hasFoil": true, "hasNonFoil": false, "identifiers": {"cardKingdomFoilId": "187979", "cardsphereId": "18499", "mcmId": "257398", "mcmMetaId": "6985", "mtgjsonV4Id": "6cf1f07f-ac17-59a5-b9db-e07bdb32d9c2", "mtgoFoilId": "46245", "mtgoId": "46244", "multiverseId": "282541", "scryfallId": "fc815057-2a08-46d7-8d0f-a5e0837b9e70", "scryfallIllustrationId": "dc5cafa3-cfce-4257-b084-4111611105b0", "scryfallOracleId": "cfd60d1f-9832-4408-b84e-0fd3018b015b", "tcgplayerProductId": "60134"}, "isReprint": true, "isStarter": true, "language": "English", "layout": "normal", "legalities": {"commander": "Legal", "duel": "Legal", "legacy": "Legal", "modern": "Legal", "vintage": "Legal"}, "manaValue": 0.0, "name": "Forbidden Orchard", "number": "6", "originalText": "{T}: Add one mana of any color to your mana pool.\nWhenever you tap Forbidden Orchard for mana, put a 1/1 colorless Spirit creature token onto the battlefield under target opponent's control.", "originalType": "Land", "printings": ["2X2", "C16", "CHK", "EXP", "PRM", "V12"], "purchaseUrls": {"cardKingdomFoil": "https://mtgjson.com/links/e696699353833322", "cardmarket": "https://mtgjson.com/links/cf01c56381737241", "tcgplayer": "https://mtgjson.com/links/73fe05966642b0de"}, "rarity": "mythic", "rulings": [], "setCode": "V12", "subtypes": [], "supertypes": [], "text": "{T}: Add one mana of any color.\nWhenever you tap Forbidden Orchard for mana, target opponent creates a 1/1 colorless Spirit creature token.", "type": "Land", "types": ["Land"], "uuid": "c1f7fbbf-4b10-530e-a325-abc5d706c4a2"}, {"artist": "Mike Bierek", "availability": ["mtgo", "paper"], "borderColor": "black", "colorIdentity": [], "colors": [], "convertedManaCost": 0.0, "edhrecRank": 1892, "finishes": ["foil"], "foreignData": [], "frameVersion": "2003", "hasFoil": true, "hasNonFoil": false, "identifiers": {"cardKingdomFoilId": "187980", "cardsphereId": "18500", "mcmId": "257399", "mcmMetaId": "2344", "mtgjsonV4Id": "4ac4826f-b767-52f9-b886-0755fd048db9", "mtgoFoilId": "46251", "mtgoId": "46250", "multiverseId": "288996", "scryfallId": "c5d439cb-50bc-4a33-bb1e-7bb2b81bfce7", "scryfallIllustrationId": "06204ac4-9471-4ae8-81bf-50fa5df46b7e", "scryfallOracleId": "73e7a2ad-d11c-4867-b97d-f971809da778", "tcgplayerProductId": "60135"}, "isReprint": true, "isStarter": true, "keywords": ["Cumulative upkeep"], "language": "English", "layout": "normal", "legalities": {"commander": "Legal", "duel": "Legal", "legacy": "Legal", "premodern": "Legal", "vintage": "Legal"}, "manaValue": 0.0, "name": "Glacial Chasm", "number": "7", "originalText": "Cumulative upkeep—\nPay 2 life.\nWhen Glacial Chasm enters the battlefield, sacrifice a land.\nCreatures you control can't attack.\nPrevent all damage that would be dealt to you.", "originalType": "Land", "printings": ["ICE", "ME2", "V12"], "purchaseUrls": {"cardKingdomFoil": "https://mtgjson.com/links/468ec6865690239e", "cardmarket": "https://mtgjson.com/links/3d8ee2c849b8317e", "tcgplayer": "https://mtgjson.com/links/fd8ba7ebc8ef3c47"}, "rarity": "mythic", "rulings": [{"date": "2008-08-01", "text": "When Glacial Chasm’s enters-the-battlefield ability resolves, if you don’t control any other lands, you must sacrifice Glacial Chasm itself."}], "setCode": "V12", "subtypes": [], "supertypes": [], "text": "Cumulative upkeep—Pay 2 life. (At the beginning of your upkeep, put an age counter on this permanent, then sacrifice it unless you pay its upkeep cost for each age counter on it.)\nWhen Glacial Chasm enters the battlefield, sacrifice a land.\nCreatures you control can't attack.\nPrevent all damage that would be dealt to you.", "type": "Land", "types": ["Land"], "uuid": "0f1a20a7-4b5e-56b9-8109-336b6d451739"}, {"artist": "Cliff Childs", "availability": ["mtgo", "paper"], "borderColor": "black", "colorIdentity": ["G", "R"], "colors": [], "convertedManaCost": 0.0, "edhrecRank": 2464, "finishes": ["foil"], "flavorText": "Spring is the most beautiful season in the grove, when the new leaves open from their ember-buds in a race of leaping flames.", "foreignData": [], "frameVersion": "2003", "hasFoil": true, "hasNonFoil": false, "identifiers": {"cardKingdomFoilId": "187981", "cardsphereId": "18501", "mcmId": "257400", "mcmMetaId": "9097", "mtgjsonV4Id": "d4c14b2e-15a1-5ad9-add5-c05883948891", "mtgoFoilId": "46253", "mtgoId": "46252", "multiverseId": "287335", "scryfallId": "435cdb9a-ded1-4183-9118-5c26f168c20d", "scryfallIllustrationId": "a40ef95b-e8e8-4a93-a3be-0e46b63aa974", "scryfallOracleId": "d33c3fbb-8306-4c2d-b0dd-88f12639da94", "tcgplayerProductId": "60136"}, "isReprint": true, "isStarter": true, "language": "English", "layout": "normal", "legalities": {"commander": "Legal", "duel": "Legal", "legacy": "Legal", "modern": "Legal", "vintage": "Legal"}, "manaValue": 0.0, "name": "Grove of the Burnwillows", "number": "8", "originalText": "{T}: Add {1} to your mana pool.\n{T}: Add {R} or {G} to your mana pool. Each opponent gains 1 life.", "originalType": "Land", "printings": ["FUT", "IMA", "V12", "ZNE"], "purchaseUrls": {"cardKingdomFoil": "https://mtgjson.com/links/81c3e3bc86594dc7", "cardmarket": "https://mtgjson.com/links/4f4bfee24b344034", "tcgplayer": "https://mtgjson.com/links/de3cbfcd9d5bccf7"}, "rarity": "mythic", "rulings": [], "setCode": "V12", "subtypes": [], "supertypes": [], "text": "{T}: Add {C}.\n{T}: Add {R} or {G}. Each opponent gains 1 life.", "type": "Land", "types": ["Land"], "uuid": "9772f0a5-1539-5a92-8a19-fe9956e3af0f"}, {"artist": "Carl Critchlow", "availability": ["mtgo", "paper"], "borderColor": "black", "colorIdentity": [], "colors": [], "convertedManaCost": 0.0, "edhrecRank": 241, "finishes": ["foil"], "flavorText": "If it can't be had here, it can't be had on any world.", "foreignData": [], "frameVersion": "2003", "hasFoil": true, "hasNonFoil": false, "identifiers": {"cardKingdomFoilId": "187982", "cardsphereId": "18502", "mcmId": "257761", "mcmMetaId": "2691", "mtgjsonV4Id": "67fac7a8-bae5-5166-b419-30f9ad2d2674", "mtgoFoilId": "46241", "mtgoId": "46240", "multiverseId": "287336", "scryfallId": "d4573470-b4cf-4156-9714-e4932f6b42b5", "scryfallIllustrationId": "609e4b37-25e7-4528-90ca-20f86134f20c", "scryfallOracleId": "86fb3749-37d6-48a6-8524-71e996850307", "tcgplayerProductId": "60137"}, "isReprint": true, "isStarter": true, "language": "English", "layout": "normal", "legalities": {"commander": "Legal", "duel": "Legal", "legacy": "Legal", "premodern": "Legal", "vintage": "Legal"}, "manaValue": 0.0, "name": "High Market", "number": "9", "originalText": "{T}: Add {1} to your mana pool.\n{T}, Sacrifice a creature: You gain 1 life.", "originalType": "Land", "printings": ["2XM", "AFC", "C15", "C21", "CMA", "MMQ", "V12", "WC00"], "purchaseUrls": {"cardKingdomFoil": "https://mtgjson.com/links/692b9088a908a300", "cardmarket": "https://mtgjson.com/links/f7e97d331b75d801", "tcgplayer": "https://mtgjson.com/links/85acf977543504ce"}, "rarity": "mythic", "rulings": [], "setCode": "V12", "subtypes": [], "supertypes": [], "text": "{T}: Add {C}.\n{T}, Sacrifice a creature: You gain 1 life.", "type": "Land", "types": ["Land"], "uuid": "caecb72c-dfc2-5d63-aaa8-6a5223984a98"}, {"artist": "Yeong-Hao Han", "availability": ["mtgo", "paper"], "borderColor": "black", "colorIdentity": [], "colors": [], "convertedManaCost": 0.0, "edhrecRank": 550, "finishes": ["foil"], "foreignData": [], "frameVersion": "2003", "hasFoil": true, "hasNonFoil": false, "identifiers": {"cardKingdomFoilId": "187983", "cardsphereId": "18503", "mcmId": "257762", "mcmMetaId": "3514", "mtgjsonV4Id": "47609265-623b-5fa7-a0ce-4ce7a9c775ac", "mtgoFoilId": "46255", "mtgoId": "46254", "multiverseId": "287329", "scryfallId": "253256a0-2891-45b0-be9f-8a4a425575f9", "scryfallIllustrationId": "4ca4f8bb-0cd1-4f86-86f2-592488a6401f", "scryfallOracleId": "38a12bd7-4394-44a8-91a0-6a4ff7fa4f71", "tcgplayerProductId": "60138"}, "isReprint": true, "isStarter": true, "language": "English", "layout": "normal", "legalities": {"commander": "Legal", "duel": "Legal", "legacy": "Legal", "vintage": "Legal"}, "manaValue": 0.0, "name": "Maze of Ith", "number": "10", "originalText": "{T}: Untap target attacking creature. Prevent all combat damage that would be dealt to and dealt by that creature this turn.", "originalType": "Land", "printings": ["2XM", "DRK", "EMA", "G09", "ME4", "OLGC", "PRM", "V12"], "purchaseUrls": {"cardKingdomFoil": "https://mtgjson.com/links/9feca4482c036e16", "cardmarket": "https://mtgjson.com/links/bf5960dea15a3fa8", "tcgplayer": "https://mtgjson.com/links/23e1893737f61a44"}, "rarity": "mythic", "rulings": [{"date": "2020-08-07", "text": "Maze of Ith really is a land with no mana ability. It doesn't tap for colorless mana."}, {"date": "2020-08-07", "text": "Maze of Ith can target an untapped attacking creature. It will still prevent the combat damage it would deal and be dealt."}, {"date": "2020-08-07", "text": "The creature isn't removed from combat; it just has its damage prevented. It's still an attacking creature until the combat phase is complete."}, {"date": "2020-08-07", "text": "You can activate Maze of Ith's ability targeting an attacking creature you control during the combat damage step or the end of combat step. It'll be untapped and the damage it had already dealt won't be undone."}], "setCode": "V12", "subtypes": [], "supertypes": [], "text": "{T}: Untap target attacking creature. Prevent all combat damage that would be dealt to and dealt by that creature this turn.", "type": "Land", "types": ["Land"], "uuid": "e199f949-7c3b-5ee2-a0db-855f3e9ba4da"}, {"artist": "John Avon", "availability": ["mtgo", "paper"], "borderColor": "black", "colorIdentity": ["B", "G", "W"], "colors": [], "convertedManaCost": 0.0, "edhrecRank": 2752, "finishes": ["foil"], "foreignData": [], "frameVersion": "2003", "hasFoil": true, "hasNonFoil": false, "identifiers": {"cardKingdomFoilId": "187985", "cardsphereId": "18504", "mcmId": "257401", "mcmMetaId": "9562", "mtgjsonV4Id": "74a608b7-87f6-53e7-862d-09cab4f1d56a", "mtgoFoilId": "46239", "mtgoId": "46238", "multiverseId": "287334", "scryfallId": "cfd8a80e-1ff3-4a29-a38d-426bcffad255", "scryfallIllustrationId": "04e34fcd-6a92-4f12-9237-d379fe20e7d7", "scryfallOracleId": "42b9d383-3fe2-4fc8-ab86-f80a288d502b", "tcgplayerProductId": "60139"}, "isReprint": true, "isStarter": true, "language": "English", "layout": "normal", "legalities": {"commander": "Legal", "duel": "Legal", "legacy": "Legal", "modern": "Legal", "vintage": "Legal"}, "manaValue": 0.0, "name": "Murmuring Bosk", "number": "11", "originalText": "({T}: Add {G} to your mana pool.)\nAs Murmuring Bosk enters the battlefield, you may reveal a Treefolk card from your hand. If you don't, Murmuring Bosk enters the battlefield tapped.\n{T}: Add {W} or {B} to your mana pool. Murmuring Bosk deals 1 damage to you.", "originalType": "Land — Forest", "printings": ["C16", "CM2", "DMC", "MOR", "V12"], "purchaseUrls": {"cardKingdomFoil": "https://mtgjson.com/links/a31d79fc5740a925", "cardmarket": "https://mtgjson.com/links/56e9bca95a561a9f", "tcgplayer": "https://mtgjson.com/links/adab475f747b742e"}, "rarity": "mythic", "rulings": [{"date": "2008-04-01", "text": "Murmuring Bosk is a Forest, but it isn’t a basic land. Things that affect basic lands don’t affect it. Things that affect basic land types do. For example, you can’t find Murmuring Bosk with Fertilid’s ability (“searches their library for a basic land card”), but you can find Murmuring Bosk with Everbark Shaman’s ability (“search your library for two Forest cards”)."}], "setCode": "V12", "subtypes": ["Forest"], "supertypes": [], "text": "({T}: Add {G}.)\nAs Murmuring Bosk enters the battlefield, you may reveal a Treefolk card from your hand. If you don't, Murmuring Bosk enters the battlefield tapped.\n{T}: Add {W} or {B}. Murmuring Bosk deals 1 damage to you.", "type": "Land — Forest", "types": ["Land"], "uuid": "b13e3566-04c4-5902-a9a2-f1a26debd4af"}, {"artist": "Adam Paquette", "availability": ["mtgo", "paper"], "borderColor": "black", "colorIdentity": ["R"], "colors": [], "convertedManaCost": 0.0, "edhrecRank": 5717, "finishes": ["foil"], "flavorText": "Both forge and pyre.", "foreignData": [], "frameVersion": "2003", "hasFoil": true, "hasNonFoil": false, "identifiers": {"cardKingdomFoilId": "187986", "cardsphereId": "18505", "mcmId": "257763", "mcmMetaId": "5150", "mtgjsonV4Id": "757dfdfd-65a0-5485-a72f-128645eea851", "mtgoFoilId": "46257", "mtgoId": "46256", "multiverseId": "288997", "scryfallId": "e32266dd-abd5-475d-9e89-1eb8ef30287b", "scryfallIllustrationId": "0dbe5011-a882-45a9-89f7-98eb7ff03e19", "scryfallOracleId": "e90a1381-c9c1-4f57-928c-5d19dc065274", "tcgplayerProductId": "60140"}, "isReprint": true, "isStarter": true, "language": "English", "layout": "normal", "legalities": {"commander": "Legal", "duel": "Legal", "legacy": "Legal", "premodern": "Legal", "vintage": "Legal"}, "manaValue": 0.0, "name": "Shivan Gorge", "number": "12", "originalText": "{T}: Add {1} to your mana pool.\n{2}{R}, {T}: Shivan Gorge deals 1 damage to each opponent.", "originalType": "Legendary Land", "printings": ["DMC", "PLIST", "USG", "V12"], "purchaseUrls": {"cardKingdomFoil": "https://mtgjson.com/links/d8cfd2fdcdb90379", "cardmarket": "https://mtgjson.com/links/d66ecfcf5c83da0c", "tcgplayer": "https://mtgjson.com/links/d951c91db4963072"}, "rarity": "mythic", "rulings": [{"date": "2004-10-04", "text": "The damage has no color. It is not red."}], "setCode": "V12", "subtypes": [], "supertypes": ["Legendary"], "text": "{T}: Add {C}.\n{2}{R}, {T}: Shivan Gorge deals 1 damage to each opponent.", "type": "Legendary Land", "types": ["Land"], "uuid": "6b8f45e3-ecda-5647-8d99-b87d2e34d8ef"}, {"artist": "John Avon", "availability": ["mtgo", "paper"], "borderColor": "black", "colorIdentity": [], "colors": [], "convertedManaCost": 0.0, "edhrecRank": 52, "finishes": ["foil"], "flavorText": "\"Yawgmoth's corpse is a wound in the universe. His foul blood seeps out, infecting the land with his final curse.\"\n—Lord Windgrace", "foreignData": [], "frameVersion": "2003", "hasFoil": true, "hasNonFoil": false, "identifiers": {"cardKingdomFoilId": "187987", "cardsphereId": "18506", "mcmId": "257402", "mcmMetaId": "8751", "mtgjsonV4Id": "10078a9e-48af-52f1-84d9-f74c7608883a", "mtgoFoilId": "46233", "mtgoId": "46232", "multiverseId": "287330", "scryfallId": "5295d06d-97c5-4e10-8723-a62dfd9f0425", "scryfallIllustrationId": "28d2ea86-5021-4f36-a5ec-028dae5bc71d", "scryfallOracleId": "db6174d7-211d-4817-b8e4-8384594c83f9", "tcgplayerProductId": "60141"}, "isReprint": true, "isStarter": true, "language": "English", "layout": "normal", "legalities": {"commander": "Legal", "duel": "Legal", "legacy": "Legal", "modern": "Legal", "pioneer": "Legal", "vintage": "Legal"}, "manaValue": 0.0, "name": "Urborg, Tomb of Yawgmoth", "number": "13", "originalText": "Each land is a Swamp in addition to its other land types.", "originalType": "Legendary Land", "printings": ["M15", "PLC", "PLIST", "PUMA", "TSR", "UMA", "V12"], "purchaseUrls": {"cardKingdomFoil": "https://mtgjson.com/links/132a36c83ccffbde", "cardmarket": "https://mtgjson.com/links/44f7f3657705fbee", "tcgplayer": "https://mtgjson.com/links/ecc780ab6c202179"}, "rarity": "mythic", "rulings": [{"date": "2021-03-19", "text": "Urborg, Tomb of Yawgmoth isn’t a Swamp while it’s not on the battlefield."}, {"date": "2021-03-19", "text": "Land cards not on the battlefield aren’t Swamps while Urborg is on the battlefield."}, {"date": "2021-03-19", "text": "Urborg’s ability causes each land on the battlefield to have the land type Swamp. Any land that’s a Swamp has the ability “{T}: Add {B}.” Nothing else changes about those lands, including their names, other subtypes, other abilities, and whether they’re legendary, basic, or snow."}, {"date": "2021-03-19", "text": "If an effect such as that of Magus of the Moon causes Urborg to lose its abilities by setting it to a basic land type not in addition to its other types, it won’t turn lands into Swamps, no matter in what order those effects started to apply."}], "setCode": "V12", "subtypes": [], "supertypes": ["Legendary"], "text": "Each land is a Swamp in addition to its other land types.", "type": "Legendary Land", "types": ["Land"], "uuid": "1cba2f73-5a16-5013-ade4-a2529ae95091"}, {"artist": "Zoltan Boros & Gabor Szikszai", "availability": ["mtgo", "paper"], "borderColor": "black", "colorIdentity": [], "colors": [], "convertedManaCost": 0.0, "edhrecRank": 1145, "finishes": ["foil"], "flavorText": "It is everywhere you've ever been.", "foreignData": [], "frameVersion": "2003", "hasFoil": true, "hasNonFoil": false, "identifiers": {"cardKingdomFoilId": "187988", "cardsphereId": "18507", "mcmId": "257758", "mcmMetaId": "8567", "mtgjsonV4Id": "94ee26bc-ad09-575f-9b38-993fb4a16ca7", "mtgoFoilId": "46262", "mtgoId": "46261", "multiverseId": "287332", "scryfallId": "8c30eef6-c28d-43d1-aed8-6d93270ce0fd", "scryfallIllustrationId": "54cf48d0-6958-4e63-916d-2b6a7a827588", "scryfallOracleId": "4001b868-ada1-43f4-92e2-27ab0e80c913", "tcgplayerProductId": "60142"}, "isReprint": true, "isStarter": true, "language": "English", "layout": "normal", "legalities": {"commander": "Legal", "duel": "Legal", "legacy": "Legal", "modern": "Legal", "vintage": "Legal"}, "manaValue": 0.0, "name": "Vesuva", "number": "14", "originalText": "You may have Vesuva enter the battlefield tapped as a copy of any land on the battlefield.", "originalType": "Land", "printings": ["PLIST", "TSP", "TSR", "V12"], "purchaseUrls": {"cardKingdomFoil": "https://mtgjson.com/links/73f762f9b81e0a6f", "cardmarket": "https://mtgjson.com/links/17a2179e866ad69f", "tcgplayer": "https://mtgjson.com/links/829c2253335e1d8c"}, "rarity": "mythic", "rulings": [{"date": "2021-03-19", "text": "Vesuva copies exactly what is printed on the land it’s copying and nothing else (unless it’s copying a land that’s copying something else; see below). It doesn’t copy whether a land is tapped or untapped, whether it has any counters on it or Auras attached to it, or any non-copy effects that changed its types, and so on."}, {"date": "2021-03-19", "text": "If the copied land is copying something else, Vesuva uses the copiable values of that land. In most cases, Vesuva will be a copy of whatever that land is copying."}, {"date": "2021-03-19", "text": "Any enters-the-battlefield abilities of the copied land will trigger if Vesuva is entering the battlefield. Any “As [this land] enters the battlefield” or “[This land] enters the battlefield with” abilities of the copied land will also work."}, {"date": "2021-03-19", "text": "If Vesuva somehow enters the battlefield at the same time as another land, Vesuva can’t become a copy of that land. You may choose only a land that’s already on the battlefield."}, {"date": "2021-03-19", "text": "If you don’t choose a land on the battlefield, Vesuva enters the battlefield untapped as itself, and will not be able to tap for mana."}], "setCode": "V12", "subtypes": [], "supertypes": [], "text": "You may have Vesuva enter the battlefield tapped as a copy of any land on the battlefield.", "type": "Land", "types": ["Land"], "uuid": "98398101-7435-54d9-8a31-063ac7c741cc"}, {"artist": "Omar Rayyan", "availability": ["mtgo", "paper"], "borderColor": "black", "colorIdentity": ["W"], "colors": [], "convertedManaCost": 0.0, "edhrecRank": 1008, "finishes": ["foil"], "foreignData": [], "frameVersion": "2003", "hasFoil": true, "hasNonFoil": false, "identifiers": {"cardKingdomFoilId": "187989", "cardsphereId": "18508", "mcmId": "257764", "mcmMetaId": "9392", "mtgjsonV4Id": "ef1fc7a0-88d8-57fe-bfdf-095650ae9638", "mtgoFoilId": "46237", "mtgoId": "46236", "multiverseId": "287338", "scryfallId": "29ce0a00-8f66-4d6b-b111-07855bd7d4f8", "scryfallIllustrationId": "255e53a7-fcc2-4cb4-bcd3-6591fca44e22", "scryfallOracleId": "3589bcfc-42b0-414a-adce-bc690dc631c8", "tcgplayerProductId": "60143"}, "isReprint": true, "isStarter": true, "keywords": ["Hideaway"], "language": "English", "layout": "normal", "legalities": {"commander": "Legal", "duel": "Legal", "legacy": "Legal", "modern": "Legal", "vintage": "Legal"}, "manaValue": 0.0, "name": "Windbrisk Heights", "number": "15", "originalText": "Hideaway (This land enters the battlefield tapped. When it does, look at the top four cards of your library, exile one face down, then put the rest on the bottom of your library.)\n{T}: Add {W} to your mana pool.\n{W}, {T}: You may play the exiled card without paying its mana cost if you attacked with three or more creatures this turn.", "originalType": "Land", "printings": ["C16", "C20", "CLB", "LRW", "MD1", "NCC", "SLD", "V12"], "purchaseUrls": {"cardKingdomFoil": "https://mtgjson.com/links/12c99f1fb91bdb54", "cardmarket": "https://mtgjson.com/links/ba92cd51c25d1fda", "tcgplayer": "https://mtgjson.com/links/33ec3cd63e71ebdb"}, "rarity": "mythic", "rulings": [{"date": "2007-10-01", "text": "At the time the ability resolves, you'll get to play the card if you declared three different creatures as attackers at any point in the turn. A creature declared as an attacker in two different attack phases counts only once. A creature that entered the battlefield attacking (such as a token created by Militia's Pride) doesn't count because you never attacked with it."}, {"date": "2022-04-29", "text": "“Hideaway N” means “When this permanent enters the battlefield, look at the top N cards of your library. Exile one of them face down and put the rest on the bottom of your library in a random order. The exiled card gains ‘The player who controls the permanent that exiled this card may look at this card in the exile zone.'”"}, {"date": "2022-04-29", "text": "Any player who has controlled a permanent with a hideaway ability since a card was exiled with it may look at that card."}, {"date": "2022-04-29", "text": "Previously, permanents with hideaway entered the battlefield tapped. This ability has been removed from the definition of hideaway. Older cards have received errata to have an additional paragraph that reads “[This permanent] enters the battlefield tapped,” and they now have hideaway 4."}, {"date": "2022-04-29", "text": "Hideaway now causes you to put the rest of the cards on the bottom of your library in a random order instead of any order."}], "setCode": "V12", "subtypes": [], "supertypes": [], "text": "Hideaway 4 (When this land enters the battlefield, look at the top four cards of your library, exile one face down, then put the rest on the bottom in a random order.)\nWindbrisk Heights enters the battlefield tapped.\n{T}: Add {W}.\n{W}, {T}: You may play the exiled card without paying its mana cost if you attacked with three or more creatures this turn.", "type": "Land", "types": ["Land"], "uuid": "d8d53918-d21b-5c40-8109-6ff10ef55535"}], "cardsphereSetId": 841, "code": "V12", "isFoilOnly": true, "isOnlineOnly": false, "keyruneCode": "V12", "mcmId": 1397, "mcmName": "From the Vault: Realms", "mtgoCode": "V12", "name": "From the Vault: Realms", "releaseDate": "2012-08-31", "sealedProduct": [{"identifiers": {"tcgplayerProductId": "60149"}, "name": "From the Vault Realms Box Set", "purchaseUrls": {"tcgplayer": "https://mtgjson.com/links/e7a53f0f4118b500"}, "releaseDate": null, "uuid": "9bfc6ef4-ebf5-5466-ae61-de050ec89aa3"}], "tcgplayerGroupId": 368, "tokens": [], "totalSetSize": 15, "translations": {}, "type": "from_the_vault"}}