{"meta": {"date": "2022-09-29", "version": "5.2.0+20220929"}, "data": {"baseSetSize": 15, "cards": [{"artist": "Chris Rahn", "availability": ["mtgo", "paper"], "borderColor": "black", "colorIdentity": ["W"], "colors": ["W"], "convertedManaCost": 4.0, "edhrecRank": 2442, "finishes": ["foil"], "flavorText": "A bloody dawn broke over a scabbed and tortured world.", "foreignData": [], "frameVersion": "2015", "hasFoil": true, "hasNonFoil": false, "identifiers": {"cardKingdomFoilId": "195572", "cardsphereId": "18418", "mcmId": "268646", "mcmMetaId": "283", "mtgjsonV4Id": "e05b78e0-6af8-5c23-a583-4c1544175067", "mtgoFoilId": "53936", "mtgoId": "53935", "multiverseId": "386284", "scryfallId": "63e00d79-cc6c-41ad-ab2c-0a6596e0e5b7", "scryfallIllustrationId": "1ba446fd-47b4-4195-91ed-e15431c53761", "scryfallOracleId": "c9ed8b01-959a-47d6-891e-0abbdccf6e4f", "tcgplayerProductId": "91637"}, "isReprint": true, "isStarter": true, "language": "English", "layout": "normal", "legalities": {"commander": "Legal", "duel": "Legal", "legacy": "Legal", "premodern": "Legal", "vintage": "Legal"}, "manaCost": "{3}{W}", "manaValue": 4.0, "name": "Armageddon", "number": "1", "originalText": "Destroy all lands.", "originalType": "Sorcery", "printings": ["2ED", "3ED", "4BB", "4ED", "5ED", "6ED", "A25", "ATH", "CED", "CEI", "FBB", "G04", "LEA", "LEB", "ME1", "ME4", "MP2", "P02", "POR", "PRM", "PTC", "S99", "SUM", "V14", "VMA", "WC00", "WC98"], "purchaseUrls": {"cardKingdomFoil": "https://mtgjson.com/links/1eb11ea1af41cb87", "cardmarket": "https://mtgjson.com/links/d10bbd2d518f53aa", "tcgplayer": "https://mtgjson.com/links/277ecb9f968308bb"}, "rarity": "mythic", "rulings": [], "securityStamp": "oval", "setCode": "V14", "subtypes": [], "supertypes": [], "text": "Destroy all lands.", "type": "Sorcery", "types": ["Sorcery"], "uuid": "07dfdd27-85c1-5c77-8d81-a4e59f6f8c58"}, {"artist": "Yang Hong", "availability": ["mtgo", "paper"], "borderColor": "black", "colorIdentity": ["R"], "colors": ["R"], "convertedManaCost": 6.0, "edhrecRank": 16481, "finishes": ["foil"], "foreignData": [], "frameVersion": "2015", "hasFoil": true, "hasNonFoil": false, "identifiers": {"cardKingdomFoilId": "195573", "cardsphereId": "18419", "mcmId": "268650", "mcmMetaId": "753", "mtgjsonV4Id": "29b24dbe-626a-552e-b2b7-b8bfe2dda80e", "mtgoFoilId": "53920", "mtgoId": "53919", "multiverseId": "386285", "scryfallId": "edb86d0d-e6cf-4988-a03e-26d52d78d929", "scryfallIllustrationId": "88f1276a-aa84-4f93-be60-db0b5d534841", "scryfallOracleId": "3a3cec13-4766-40d2-88e0-41bcdd5249e9", "tcgplayerProductId": "92296"}, "isReprint": true, "isStarter": true, "language": "English", "layout": "normal", "legalities": {"commander": "Legal", "duel": "Legal", "legacy": "Legal", "penny": "Legal", "vintage": "Legal"}, "manaCost": "{4}{R}{R}", "manaValue": 6.0, "name": "Burning of Xinye", "number": "2", "originalText": "You destroy four lands you control, then target opponent destroys four lands he or she controls. Then Burning of Xinye deals 4 damage to each creature.", "originalType": "Sorcery", "printings": ["ME3", "PTK", "V14", "VMA"], "purchaseUrls": {"cardKingdomFoil": "https://mtgjson.com/links/27f0200a0678e910", "cardmarket": "https://mtgjson.com/links/2a2daf1f6ffc563a", "tcgplayer": "https://mtgjson.com/links/e32cf2429a76ca84"}, "rarity": "mythic", "rulings": [{"date": "2009-10-01", "text": "Burning of Xinye targets only an opponent. If that player is an illegal target by the time Burning of Xinye resolves, the entire spell doesn’t resolve."}, {"date": "2009-10-01", "text": "The lands that will be destroyed aren’t chosen until Burning of Xinye resolves."}, {"date": "2009-10-01", "text": "A land with a regeneration shield on it will regenerate from Burning of Xinye’s destruction effect. However, the spell or ability that creates that shield must be cast or activated before Burning of Xinye starts to resolve."}, {"date": "2009-10-01", "text": "In a multiplayer game, only lands controlled by two players (you and the targeted opponent) are destroyed. However, Burning of Xinye will deal 4 damage to each creature, even those controlled by other players."}, {"date": "2013-07-01", "text": "As Burning of Xinye resolves, first you destroy four lands you control (all at the same time), then the targeted opponent destroys four lands they control (all at the same time). That player chooses which of their lands to destroy. Neither of you can choose to destroy a land with indestructible."}], "securityStamp": "oval", "setCode": "V14", "subtypes": [], "supertypes": [], "text": "You destroy four lands you control, then target opponent destroys four lands they control. Then Burning of Xinye deals 4 damage to each creature.", "type": "Sorcery", "types": ["Sorcery"], "uuid": "3deaf211-b7d0-519e-8488-96e40d63bdde"}, {"artist": "Eric Deschamps", "availability": ["mtgo", "paper"], "borderColor": "black", "colorIdentity": ["W"], "colors": ["W"], "convertedManaCost": 4.0, "edhrecRank": 7085, "finishes": ["foil"], "flavorText": "\"Keep with you only this much: your mount, your blade, and your wits. The rest you can find, build, or take.\"\n—Horse clans' wisdom", "foreignData": [], "frameVersion": "2015", "hasFoil": true, "hasNonFoil": false, "identifiers": {"cardKingdomFoilId": "195574", "cardsphereId": "18420", "mcmId": "268649", "mcmMetaId": "845", "mtgjsonV4Id": "44e68ef6-065d-5dab-a856-0fd37d88f58b", "mtgoFoilId": "53940", "mtgoId": "53939", "multiverseId": "386286", "scryfallId": "3ed0d87b-1ce8-452b-9558-fa1923407f16", "scryfallIllustrationId": "aef586eb-060c-4a37-b7f6-85a483ba0065", "scryfallOracleId": "b0479ca4-e925-4aa7-a4fa-f7e01f899ac5", "tcgplayerProductId": "91638"}, "isReprint": true, "isStarter": true, "language": "English", "layout": "normal", "legalities": {"commander": "Legal", "duel": "Legal", "legacy": "Legal", "premodern": "Legal", "vintage": "Legal"}, "manaCost": "{2}{W}{W}", "manaValue": 4.0, "name": "Cataclysm", "number": "3", "originalText": "Each player chooses from among the permanents he or she controls an artifact, a creature, an enchantment, and a land, then sacrifices the rest.", "originalType": "Sorcery", "printings": ["EXO", "TPR", "V14", "WC98"], "purchaseUrls": {"cardKingdomFoil": "https://mtgjson.com/links/d9ca95c6c9734a46", "cardmarket": "https://mtgjson.com/links/e869550923a39ebb", "tcgplayer": "https://mtgjson.com/links/3d4131914f95cf35"}, "rarity": "mythic", "rulings": [{"date": "2004-10-04", "text": "If you control a permanent with more than one type, you can choose that same permanent for more than one of the choices if you want to. This makes it possible to select an artifact creature as both your artifact and creature, and then select a land and thereby keep only two cards."}, {"date": "2004-10-04", "text": "If you control a permanent with more than one type, you can choose that permanent to be the representative of either type. This makes it possible to have more than one creature (or other permanent type) on the battlefield. For example, if you select a creature for your creature and an artifact creature for your artifact, you get to keep both of these creatures."}, {"date": "2004-10-04", "text": "The permanents to save are chosen on resolution. You do not choose them when casting the spell."}, {"date": "2004-10-04", "text": "The current player makes their choices before the other player. After both players make choices, all the sacrifices are done simultaneously."}, {"date": "2014-02-01", "text": "Each permanent not chosen by a player will be sacrificed. If a permanent has none of the listed types (for example, a Planeswalker with no other types), it can’t be chosen."}], "securityStamp": "oval", "setCode": "V14", "subtypes": [], "supertypes": [], "text": "Each player chooses from among the permanents they control an artifact, a creature, an enchantment, and a land, then sacrifices the rest.", "type": "Sorcery", "types": ["Sorcery"], "uuid": "11c77188-8da2-5975-a0ec-7db9ecb7f599"}, {"artist": "Steve Argyle", "availability": ["mtgo", "paper"], "borderColor": "black", "colorIdentity": ["B", "G", "R", "U", "W"], "colors": ["B", "G", "R", "U", "W"], "convertedManaCost": 5.0, "edhrecRank": 6747, "finishes": ["foil"], "flavorText": "The progeny of the Maelstrom shows no allegiance—and no mercy—to any of the five shards.", "foreignData": [], "frameVersion": "2015", "hasFoil": true, "hasNonFoil": false, "identifiers": {"cardKingdomFoilId": "195575", "cardsphereId": "18421", "mcmId": "268638", "mcmMetaId": "10369", "mtgjsonV4Id": "3c9c1286-e91c-5d11-a0f6-ba6b28d820ad", "mtgoFoilId": "53926", "mtgoId": "53925", "multiverseId": "386287", "scryfallId": "8d2542e7-70b0-4feb-831d-fa610d8f33c7", "scryfallIllustrationId": "ab240535-371e-4a55-92ab-ac8a2f58134a", "scryfallOracleId": "70dbe8a9-505d-41c2-9b5b-a991d13ab459", "tcgplayerProductId": "92297"}, "isReprint": true, "isStarter": true, "keywords": ["Trample"], "language": "English", "layout": "normal", "leadershipSkills": {"brawl": false, "commander": true, "oathbreaker": false}, "legalities": {"commander": "Legal", "duel": "Legal", "legacy": "Legal", "modern": "Legal", "penny": "Legal", "vintage": "Legal"}, "manaCost": "{W}{U}{B}{R}{G}", "manaValue": 5.0, "name": "Child of Alara", "number": "4", "originalText": "Trample\nWhen Child of Alara dies, destroy all nonland permanents. They can't be regenerated.", "originalType": "Legendary Creature — Avatar", "power": "6", "printings": ["2X2", "CON", "V14"], "purchaseUrls": {"cardKingdomFoil": "https://mtgjson.com/links/65e77b1b85a07b22", "cardmarket": "https://mtgjson.com/links/47c408687acc2f23", "tcgplayer": "https://mtgjson.com/links/ef0297647649d542"}, "rarity": "mythic", "rulings": [], "securityStamp": "oval", "setCode": "V14", "subtypes": ["Avatar"], "supertypes": ["Legendary"], "text": "Trample\nWhen Child of Alara dies, destroy all nonland permanents. They can't be regenerated.", "toughness": "6", "type": "Legendary Creature — Avatar", "types": ["Creature"], "uuid": "eaaf4a69-ea3c-5c6a-801e-aef02376c74e"}, {"artist": "John Avon", "availability": ["mtgo", "paper"], "borderColor": "black", "colorIdentity": ["R"], "colors": ["R"], "convertedManaCost": 10.0, "edhrecRank": 5934, "finishes": ["foil"], "foreignData": [], "frameVersion": "2015", "hasFoil": true, "hasNonFoil": false, "identifiers": {"cardKingdomFoilId": "195576", "cardsphereId": "18422", "mcmId": "268647", "mcmMetaId": "1384", "mtgjsonV4Id": "a3470f17-9593-5d08-b8c9-c21b843590f3", "mtgoFoilId": "53932", "mtgoId": "53931", "multiverseId": "386288", "scryfallId": "1fe36d82-e59e-41f1-ab71-90c7336a28ff", "scryfallIllustrationId": "487723b1-b991-427d-8317-79f07366147e", "scryfallOracleId": "6679b462-3c90-418c-8727-acd1a61d988b", "tcgplayerProductId": "92298"}, "isReprint": true, "isStarter": true, "keywords": ["Cycling"], "language": "English", "layout": "normal", "legalities": {"commander": "Legal", "duel": "Legal", "legacy": "Legal", "premodern": "Legal", "vintage": "Legal"}, "manaCost": "{8}{R}{R}", "manaValue": 10.0, "name": "Decree of Annihilation", "number": "5", "originalText": "Exile all artifacts, creatures, and lands from the battlefield, all cards from all graveyards, and all cards from all hands.\nCycling {5}{R}{R} ({5}{R}{R}, Discard this card: Draw a card.)\nWhen you cycle Decree of Annihilation, destroy all lands.", "originalType": "Sorcery", "printings": ["PLIST", "SCG", "V14"], "purchaseUrls": {"cardKingdomFoil": "https://mtgjson.com/links/17bc5448c1e9b041", "cardmarket": "https://mtgjson.com/links/5060a67b0afa3d84", "tcgplayer": "https://mtgjson.com/links/50cbcdc313e7344d"}, "rarity": "mythic", "rulings": [{"date": "2008-10-01", "text": "Cycling is an activated ability. Effects that interact with activated abilities (such as Stifle or Rings of Brighthearth) will interact with cycling. Effects that interact with spells (such as Remove Soul or Faerie Tauntings) will not."}, {"date": "2008-10-01", "text": "When you cycle this card, first the cycling ability goes on the stack, then the triggered ability goes on the stack on top of it. The triggered ability will resolve before you draw a card from the cycling ability."}, {"date": "2008-10-01", "text": "The cycling ability and the triggered ability are separate. If the triggered ability doesn’t resolve (due to being countered with Stifle, for example, or if all its targets have become illegal), the cycling ability will still resolve and you’ll draw a card."}], "securityStamp": "oval", "setCode": "V14", "subtypes": [], "supertypes": [], "text": "Exile all artifacts, creatures, and lands from the battlefield, all cards from all graveyards, and all cards from all hands.\nCycling {5}{R}{R} ({5}{R}{R}, Discard this card: Draw a card.)\nWhen you cycle Decree of Annihilation, destroy all lands.", "type": "Sorcery", "types": ["Sorcery"], "uuid": "bf7c2853-6bfe-5e31-a176-cd90b3c9c2df"}, {"artist": "Raymond Swanland", "availability": ["mtgo", "paper"], "borderColor": "black", "colorIdentity": ["G", "R"], "colors": ["G", "R"], "convertedManaCost": 3.0, "edhrecRank": 13373, "finishes": ["foil"], "foreignData": [], "frameVersion": "2015", "hasFoil": true, "hasNonFoil": false, "identifiers": {"cardKingdomFoilId": "195577", "cardsphereId": "18423", "mcmId": "268640", "mcmMetaId": "9768", "mtgjsonV4Id": "0de75138-de8e-54b7-8823-ab14e2dda399", "mtgoFoilId": "53938", "mtgoId": "53937", "multiverseId": "386289", "scryfallId": "8fecd098-bbf2-44f1-b9f1-7b93ea660880", "scryfallIllustrationId": "04777d30-0e7c-4a48-b8c7-c85a4dc565bb", "scryfallOracleId": "eb2524ae-899a-4f91-9feb-0716cf689db3", "tcgplayerProductId": "92300"}, "isReprint": true, "isStarter": true, "language": "English", "layout": "normal", "legalities": {"commander": "Legal", "duel": "Legal", "legacy": "Legal", "modern": "Legal", "vintage": "Legal"}, "manaCost": "{2}{R/G}", "manaValue": 3.0, "name": "Firespout", "number": "6", "originalText": "Firespout deals 3 damage to each creature without flying if {R} was spent to cast Firespout and 3 damage to each creature with flying if {G} was spent to cast it. (Do both if {R}{G} was spent.)", "originalType": "Sorcery", "printings": ["CMD", "PZ1", "SHM", "V14"], "purchaseUrls": {"cardKingdomFoil": "https://mtgjson.com/links/ce4fe1312ccf86a1", "cardmarket": "https://mtgjson.com/links/d1e624d026b76e5d", "tcgplayer": "https://mtgjson.com/links/2dfdf0ae244d7afb"}, "rarity": "mythic", "rulings": [{"date": "2016-06-08", "text": "This spell cares about what mana was spent to pay its total cost, not just what mana was spent to pay the hybrid mana symbol in its cost."}, {"date": "2016-06-08", "text": "This spell checks on resolution to see if any mana of the appropriate colors were spent to pay its cost. It doesn’t matter how much mana of that color was spent; the effect isn’t multiplied."}, {"date": "2016-06-08", "text": "If this spell is copied, the copy will not have had any colors of mana paid for it, no matter what colors were spent on the original spell."}], "securityStamp": "oval", "setCode": "V14", "subtypes": [], "supertypes": [], "text": "Firespout deals 3 damage to each creature without flying if {R} was spent to cast this spell and 3 damage to each creature with flying if {G} was spent to cast this spell. (Do both if {R}{G} was spent.)", "type": "Sorcery", "types": ["Sorcery"], "uuid": "27288247-738c-5091-8b31-1a36f7678ba6"}, {"artist": "Michael Sutfin", "availability": ["mtgo", "paper"], "borderColor": "black", "colorIdentity": ["G", "W"], "colors": ["G", "W"], "convertedManaCost": 5.0, "edhrecRank": 9272, "finishes": ["foil"], "flavorText": "Elvish dawnhands test a relic's worthiness before collecting it for the safehold. If it can't stand up to a stiff breeze, it's left behind.", "foreignData": [], "frameVersion": "2015", "hasFoil": true, "hasNonFoil": false, "identifiers": {"cardKingdomFoilId": "195578", "cardsphereId": "18424", "mcmId": "268652", "mcmMetaId": "9790", "mtgjsonV4Id": "b23d430b-3529-5525-bfbf-02129f0ec65c", "mtgoFoilId": "53922", "mtgoId": "53921", "multiverseId": "386290", "scryfallId": "cf9d6522-567d-4357-a5de-25eaf8e9cac3", "scryfallIllustrationId": "4b5b2f63-21c2-483c-9a65-8ad56f8e643c", "scryfallOracleId": "011d4f47-c6fd-434b-98f2-2f558fbff40b", "tcgplayerProductId": "92301"}, "isReprint": true, "isStarter": true, "language": "English", "layout": "normal", "legalities": {"commander": "Legal", "duel": "Legal", "legacy": "Legal", "modern": "Legal", "penny": "Legal", "vintage": "Legal"}, "manaCost": "{2}{G/W}{G/W}{G/W}", "manaValue": 5.0, "name": "Fracturing Gust", "number": "7", "originalText": "Destroy all artifacts and enchantments. You gain 2 life for each permanent destroyed this way.", "originalType": "Instant", "printings": ["SHM", "SLD", "V14"], "purchaseUrls": {"cardKingdomFoil": "https://mtgjson.com/links/75e629baf8ff8e24", "cardmarket": "https://mtgjson.com/links/eba81f4a337b44ea", "tcgplayer": "https://mtgjson.com/links/f0ed2103a0b6b4b0"}, "rarity": "mythic", "rulings": [{"date": "2013-07-01", "text": "If an artifact or enchantment remains on the battlefield because it was regenerated or has indestructible, you won’t gain life for it."}], "securityStamp": "oval", "setCode": "V14", "subtypes": [], "supertypes": [], "text": "Destroy all artifacts and enchantments. You gain 2 life for each permanent destroyed this way.", "type": "Instant", "types": ["Instant"], "uuid": "78cb8257-91ce-5969-a06a-9640c476e928"}, {"artist": "Mark Winters", "availability": ["mtgo", "paper"], "borderColor": "black", "colorIdentity": ["B"], "colors": ["B"], "convertedManaCost": 5.0, "edhrecRank": 495, "finishes": ["foil"], "foreignData": [], "frameVersion": "2015", "hasFoil": true, "hasNonFoil": false, "identifiers": {"cardKingdomFoilId": "195579", "cardsphereId": "18425", "mcmId": "268648", "mcmMetaId": "3322", "mtgjsonV4Id": "e431e3d5-f0ca-57f8-a9ff-53ca007b20f5", "mtgoFoilId": "53934", "mtgoId": "53933", "multiverseId": "386291", "scryfallId": "c91aca0c-677f-4ad3-9c32-049cd5d49a54", "scryfallIllustrationId": "ec2dabbc-90d8-4f31-8f6f-08a4a7430fbf", "scryfallOracleId": "9e6a3df4-67a3-452e-a6ef-f04dbadb21ef", "tcgplayerProductId": "91639"}, "isReprint": true, "isStarter": true, "language": "English", "layout": "normal", "legalities": {"commander": "Legal", "duel": "Legal", "legacy": "Legal", "premodern": "Legal", "vintage": "Legal"}, "manaCost": "{3}{B}{B}", "manaValue": 5.0, "name": "Living Death", "number": "8", "originalText": "Each player exiles all creature cards from his or her graveyard, then sacrifices all creatures he or she controls, then puts all cards he or she exiled this way onto the battlefield.", "originalType": "Sorcery", "printings": ["40K", "A25", "BRB", "CM2", "CMD", "DDE", "G03", "MB1", "PLIST", "PRM", "TMP", "TPR", "V14", "VMA"], "purchaseUrls": {"cardKingdomFoil": "https://mtgjson.com/links/ac38b01f32994225", "cardmarket": "https://mtgjson.com/links/a0ca5fab7875010c", "tcgplayer": "https://mtgjson.com/links/282fd7deaf2a0ce2"}, "rarity": "mythic", "rulings": [{"date": "2018-03-16", "text": "As Living Death resolves, all players exile their creature cards from graveyards at the same time. Then all players sacrifice all creatures they control at the same time. Then all players put all creatures they exiled onto the battlefield at the same time."}, {"date": "2018-03-16", "text": "Only cards exiled by Living Death’s first instruction are put onto the battlefield. If a replacement effect (such as that of Leyline of the Void) causes any of the sacrificed creatures to be exiled instead of put into a graveyard, those cards aren’t returned to the battlefield."}], "securityStamp": "oval", "setCode": "V14", "subtypes": [], "supertypes": [], "text": "Each player exiles all creature cards from their graveyard, then sacrifices all creatures they control, then puts all cards they exiled this way onto the battlefield.", "type": "Sorcery", "types": ["Sorcery"], "uuid": "1ffadcbc-53a0-53b4-99fb-96d80f3c22f3"}, {"artist": "Greg Staples", "availability": ["mtgo", "paper"], "borderColor": "black", "colorIdentity": ["W"], "colors": ["W"], "convertedManaCost": 2.0, "edhrecRank": 1299, "finishes": ["foil"], "flavorText": "Their war forgotten, the nations of Bant stood united in the face of a common threat.", "foreignData": [], "frameVersion": "2015", "hasFoil": true, "hasNonFoil": false, "identifiers": {"cardKingdomFoilId": "195580", "cardsphereId": "18426", "mcmId": "268641", "mcmMetaId": "10282", "mtgjsonV4Id": "1029826f-eb18-5e1a-b53d-3e339ccef4ef", "mtgoFoilId": "53924", "mtgoId": "53923", "multiverseId": "386292", "scryfallId": "50845867-20a7-433c-b97e-081276bc739f", "scryfallIllustrationId": "deafc641-f0b8-4ef1-bded-26599b9eac2a", "scryfallOracleId": "2b7c4dab-e432-4b34-b058-3cec5c0d72df", "tcgplayerProductId": "92299"}, "isReprint": true, "isStarter": true, "language": "English", "layout": "normal", "legalities": {"commander": "Legal", "duel": "Legal", "legacy": "Legal", "modern": "Legal", "penny": "Legal", "vintage": "Legal"}, "manaCost": "{X}{W}{W}", "manaValue": 2.0, "name": "Martial Coup", "number": "9", "originalText": "Put X 1/1 white Soldier creature tokens onto the battlefield. If X is 5 or more, destroy all other creatures.", "originalType": "Sorcery", "printings": ["40K", "C14", "C18", "CMR", "CON", "NCC", "V14"], "purchaseUrls": {"cardKingdomFoil": "https://mtgjson.com/links/2feb3a602cf917dc", "cardmarket": "https://mtgjson.com/links/5d64071c74f44352", "tcgplayer": "https://mtgjson.com/links/acf953ddcbb63cff"}, "rarity": "mythic", "rulings": [{"date": "2009-02-01", "text": "Martial Coup checks the number you chose for X, not the amount of mana you actually spent."}, {"date": "2009-02-01", "text": "You do what the spell says in order. If X is 5 or more, you'll put the Soldier tokens onto the battlefield, then you'll destroy all other creatures."}, {"date": "2009-02-01", "text": "No one can cast spells or activate abilities between the time the Soldier tokens are put onto the battlefield and the time all other creatures are destroyed. For example, you can't sacrifice one of those Soldier tokens to regenerate a Skeletal Kathari."}], "securityStamp": "oval", "setCode": "V14", "subtypes": [], "supertypes": [], "text": "Create X 1/1 white Soldier creature tokens. If X is 5 or more, destroy all other creatures.", "type": "Sorcery", "types": ["Sorcery"], "uuid": "17e09998-3574-51aa-b965-878e56018684"}, {"artist": "Yang Hong", "availability": ["mtgo", "paper"], "borderColor": "black", "colorIdentity": ["R"], "colors": ["R"], "convertedManaCost": 1.0, "edhrecRank": 2446, "finishes": ["foil"], "foreignData": [], "frameVersion": "2015", "hasFoil": true, "hasNonFoil": false, "identifiers": {"cardKingdomFoilId": "195581", "cardsphereId": "18427", "mcmId": "268645", "mcmMetaId": "4778", "mtgjsonV4Id": "d58f3ab3-dba6-5b56-b003-c7915d82450b", "mtgoFoilId": "53918", "mtgoId": "53917", "multiverseId": "386293", "scryfallId": "d1392e68-fe1e-400f-9412-9ae11079b08c", "scryfallIllustrationId": "bedbf88f-36ca-4926-86c7-a627ebd0a9d9", "scryfallOracleId": "46b96552-830e-4732-9560-9872aeec858b", "tcgplayerProductId": "91640"}, "isReprint": true, "isStarter": true, "language": "English", "layout": "normal", "legalities": {"commander": "Legal", "duel": "Legal", "legacy": "Legal", "vintage": "Legal"}, "manaCost": "{X}{R}", "manaValue": 1.0, "name": "Rolling Earthquake", "number": "10", "originalText": "Rolling Earthquake deals X damage to each creature without horsemanship and each player.", "originalType": "Sorcery", "printings": ["2XM", "ME3", "PTK", "V14"], "purchaseUrls": {"cardKingdomFoil": "https://mtgjson.com/links/b206fc4cbe7fb3ef", "cardmarket": "https://mtgjson.com/links/99bb2d0e131c0ac5", "tcgplayer": "https://mtgjson.com/links/79e27776c2d2b733"}, "rarity": "mythic", "rulings": [{"date": "2020-08-07", "text": "Horsemanship is a keyword ability that functions similarly to flying. It appears in the Portal: Three Kingdoms set and does not appear in the Double Masters set. This means that in most cases Rolling Earthquake will simply deal X damage to each creature and each player, even creatures depicted on horseback in their illustration."}], "securityStamp": "oval", "setCode": "V14", "subtypes": [], "supertypes": [], "text": "Rolling Earthquake deals X damage to each creature without horsemanship and each player.", "type": "Sorcery", "types": ["Sorcery"], "uuid": "1127493b-3988-52fc-bc52-c42b584c90f3"}, {"artist": "Daniel Ljunggren", "availability": ["mtgo", "paper"], "borderColor": "black", "colorIdentity": [], "colors": [], "convertedManaCost": 4.0, "edhrecRank": 5314, "finishes": ["foil"], "foreignData": [], "frameVersion": "2015", "hasFoil": true, "hasNonFoil": false, "identifiers": {"cardKingdomFoilId": "195582", "cardsphereId": "18428", "mcmId": "268651", "mcmMetaId": "5332", "mtgjsonV4Id": "7df1f156-871a-5fee-b7ff-fd6bb0f8c162", "mtgoFoilId": "53942", "mtgoId": "53941", "multiverseId": "386294", "scryfallId": "ec94adb9-277a-4237-b8ca-ad2f52a1d832", "scryfallIllustrationId": "893eeb2d-60b4-4fa5-8ba4-a228f4b0594c", "scryfallOracleId": "fda61506-ed79-47fd-badd-639185297913", "tcgplayerProductId": "92302"}, "isReprint": true, "isStarter": true, "language": "English", "layout": "normal", "legalities": {"commander": "Legal", "duel": "Legal", "legacy": "Legal", "premodern": "Legal", "vintage": "Legal"}, "manaCost": "{4}", "manaValue": 4.0, "name": "Smokestack", "number": "11", "originalText": "At the beginning of your upkeep, you may put a soot counter on Smokestack.\nAt the beginning of each player's upkeep, that player sacrifices a permanent for each soot counter on Smokestack.", "originalType": "Artifact", "printings": ["USG", "V14", "VMA"], "purchaseUrls": {"cardKingdomFoil": "https://mtgjson.com/links/59470401adc739c7", "cardmarket": "https://mtgjson.com/links/af74b3cac20666a4", "tcgplayer": "https://mtgjson.com/links/98ce9af8ef9c90b8"}, "rarity": "mythic", "rulings": [{"date": "2004-10-04", "text": "If a player does not have enough permanents, they sacrifice all the ones they have."}, {"date": "2004-10-04", "text": "Adding a counter is optional. If you forget to add one during your upkeep, you cannot back up and add one later."}], "securityStamp": "oval", "setCode": "V14", "subtypes": [], "supertypes": [], "text": "At the beginning of your upkeep, you may put a soot counter on Smokestack.\nAt the beginning of each player's upkeep, that player sacrifices a permanent for each soot counter on Smokestack.", "type": "Artifact", "types": ["Artifact"], "uuid": "57076c68-ffab-58fe-a008-4b4e59bfdebe"}, {"artist": "James Paick", "availability": ["mtgo", "paper"], "borderColor": "black", "colorIdentity": ["W"], "colors": ["W"], "convertedManaCost": 6.0, "edhrecRank": 2971, "finishes": ["foil"], "foreignData": [], "frameEffects": ["miracle"], "frameVersion": "2015", "hasFoil": true, "hasNonFoil": false, "identifiers": {"cardKingdomFoilId": "195583", "cardsphereId": "18429", "mcmId": "268653", "mcmMetaId": "205361", "mtgjsonV4Id": "9fb07b12-5399-58b2-9322-bc1f006fce28", "mtgoFoilId": "53930", "mtgoId": "53929", "multiverseId": "386295", "scryfallId": "dda84c94-bc11-4af6-9fa0-a5af5c8c1d30", "scryfallIllustrationId": "6f725a67-7aa7-48f5-9855-5c75dfe5a453", "scryfallOracleId": "3dd196b6-a85a-4e3e-bb57-ec34241f8117", "tcgplayerProductId": "92303"}, "isReprint": true, "isStarter": true, "keywords": ["Miracle"], "language": "English", "layout": "normal", "legalities": {"commander": "Legal", "duel": "Legal", "legacy": "Legal", "modern": "Legal", "penny": "Legal", "vintage": "Legal"}, "manaCost": "{4}{W}{W}", "manaValue": 6.0, "name": "Terminus", "number": "12", "originalText": "Put all creatures on the bottom of their owners' libraries.\nMiracle {W} (You may cast this card for its miracle cost when you draw it if it's the first card you drew this turn.)", "originalType": "Sorcery", "printings": ["AVR", "C18", "MM3", "V14"], "purchaseUrls": {"cardKingdomFoil": "https://mtgjson.com/links/c06b2bd2a61a1fc2", "cardmarket": "https://mtgjson.com/links/4122bd5dac29a636", "tcgplayer": "https://mtgjson.com/links/145acfb3c20f37b5"}, "rarity": "mythic", "rulings": [{"date": "2017-03-14", "text": "Each player chooses the order that creatures they own are put onto the bottom of their library. This order isn’t revealed to other players."}, {"date": "2018-07-13", "text": "You still draw the card, whether you use the miracle ability or not. Any ability that triggers whenever you draw a card, for example, will trigger. If you don’t cast the card using its miracle ability, it will remain in your hand."}, {"date": "2018-07-13", "text": "Miracle is an alternative cost to cast the spell with miracle. It can’t be combined with other alternative costs, such as casting a spell “without paying its mana cost.”"}, {"date": "2018-07-13", "text": "It’s important to reveal a card with miracle before it is mixed with the other cards in your hand."}, {"date": "2018-07-13", "text": "You can reveal and cast a card with miracle on any turn, not just your own, if it’s the first card you’ve drawn that turn."}, {"date": "2018-07-13", "text": "Multiple card draws are always treated as a sequence of individual card draws. For example, if you haven’t drawn any cards yet during a turn and cast a spell that instructs you to draw three cards, you’ll draw them one at a time. Only the first card drawn this way may be revealed and cast using its miracle ability."}, {"date": "2018-07-13", "text": "If an effect puts a card into your hand without using the word “draw,” the card wasn’t drawn."}, {"date": "2018-07-13", "text": "You don’t have to reveal a drawn card with miracle if you don’t wish to cast it at that time."}, {"date": "2018-07-13", "text": "You can cast a card for its miracle cost only as the miracle triggered ability resolves. If you don’t want to cast it at that time (or you can’t cast it, perhaps because there are no legal targets available), you won’t be able to cast it later for the miracle cost."}, {"date": "2018-07-13", "text": "You cast the card with miracle during the resolution of the triggered ability. Ignore any timing rules based on the card’s type."}, {"date": "2018-07-13", "text": "To determine the total cost of a spell, start with the mana cost or alternative cost (such as a miracle cost) you’re paying, add any cost increases, then apply any cost reductions. The converted mana cost of the spell remains unchanged, no matter what the total cost to cast it was."}, {"date": "2018-07-13", "text": "If the card with miracle leaves your hand before the triggered ability resolves, you won’t be able to cast it using its miracle ability."}], "securityStamp": "oval", "setCode": "V14", "subtypes": [], "supertypes": [], "text": "Put all creatures on the bottom of their owners' libraries.\nMiracle {W} (You may cast this card for its miracle cost when you draw it if it's the first card you drew this turn.)", "type": "Sorcery", "types": ["Sorcery"], "uuid": "57a156a8-292c-5122-8ef7-91b47ffbead0"}, {"artist": "Kev Walker", "availability": ["mtgo", "paper"], "borderColor": "black", "colorIdentity": ["U"], "colors": ["U"], "convertedManaCost": 6.0, "finishes": ["foil"], "flavorText": "The calm comes after the storm.", "foreignData": [], "frameVersion": "2015", "hasFoil": true, "hasNonFoil": false, "identifiers": {"cardKingdomFoilId": "195584", "cardsphereId": "18430", "mcmId": "268642", "mcmMetaId": "6246", "mtgjsonV4Id": "8e4b5e7b-b7f7-54e8-bd12-b95087d3a6d5", "mtgoFoilId": "53928", "mtgoId": "53927", "multiverseId": "386296", "scryfallId": "7c353e83-4b63-4bc6-b029-273d2eca1f75", "scryfallIllustrationId": "9fed2495-3783-4a95-8582-8741739eefc7", "scryfallOracleId": "7cafc972-a6f5-4cac-a3d3-8a3ae36ffb1e", "tcgplayerProductId": "92304"}, "isReprint": true, "isStarter": true, "language": "English", "layout": "normal", "legalities": {"commander": "Banned", "duel": "Legal", "legacy": "Legal", "modern": "Legal", "penny": "Legal", "premodern": "Legal", "vintage": "Legal"}, "manaCost": "{4}{U}{U}", "manaValue": 6.0, "name": "Upheaval", "number": "13", "originalText": "Return all permanents to their owners' hands.", "originalType": "Sorcery", "printings": ["MH2", "ODY", "V14", "VMA", "WC02"], "purchaseUrls": {"cardKingdomFoil": "https://mtgjson.com/links/1943ed422ca436db", "cardmarket": "https://mtgjson.com/links/c1d5419f7e21dfb0", "tcgplayer": "https://mtgjson.com/links/189a8978a1f48664"}, "rarity": "mythic", "rulings": [], "securityStamp": "oval", "setCode": "V14", "subtypes": [], "supertypes": [], "text": "Return all permanents to their owners' hands.", "type": "Sorcery", "types": ["Sorcery"], "uuid": "6a119f17-bf80-57d2-a304-0ee8c8467852"}, {"artist": "Mike Dringenberg", "availability": ["mtgo", "paper"], "borderColor": "black", "colorIdentity": ["B"], "colors": ["B"], "convertedManaCost": 3.0, "edhrecRank": 18591, "finishes": ["foil"], "flavorText": "All must fall, and those who stand highest fall hardest.", "foreignData": [], "frameVersion": "2015", "hasFoil": true, "hasNonFoil": false, "identifiers": {"cardKingdomFoilId": "195585", "cardsphereId": "18431", "mcmId": "268644", "mcmMetaId": "6383", "mtgjsonV4Id": "8b1922e1-186c-5d02-96f7-7a634638abc5", "mtgoFoilId": "53916", "mtgoId": "53915", "multiverseId": "386297", "scryfallId": "6fecf6d4-faa8-4d55-97a8-e05eca1d384f", "scryfallIllustrationId": "c3dd95e1-7823-4401-8410-3e5deacd54fe", "scryfallOracleId": "fc070e97-73ac-4028-9432-ff2012f2e778", "tcgplayerProductId": "92305"}, "isReprint": true, "isStarter": true, "language": "English", "layout": "normal", "legalities": {"commander": "Legal", "duel": "Legal", "legacy": "Legal", "vintage": "Legal"}, "manaCost": "{2}{B}", "manaValue": 3.0, "name": "Virtue's Ruin", "number": "14", "originalText": "Destroy all white creatures.", "originalType": "Sorcery", "printings": ["POR", "V14"], "purchaseUrls": {"cardKingdomFoil": "https://mtgjson.com/links/8717497abb03368e", "cardmarket": "https://mtgjson.com/links/8471171838076d0b", "tcgplayer": "https://mtgjson.com/links/2a5720a93c7cce46"}, "rarity": "mythic", "rulings": [], "securityStamp": "oval", "setCode": "V14", "subtypes": [], "supertypes": [], "text": "Destroy all white creatures.", "type": "Sorcery", "types": ["Sorcery"], "uuid": "2e6be1c8-f439-5f85-be8b-5c3afeb95a2b"}, {"artist": "Willian Murai", "availability": ["mtgo", "paper"], "borderColor": "black", "colorIdentity": ["W"], "colors": ["W"], "convertedManaCost": 4.0, "edhrecRank": 283, "finishes": ["foil"], "flavorText": "Legend speaks of the lost coastal polis of Olantin, whose inhabitants' hubris enraged the sun god Heliod.", "foreignData": [], "frameVersion": "2015", "hasFoil": true, "hasNonFoil": false, "identifiers": {"cardKingdomFoilId": "195586", "cardsphereId": "18432", "mcmId": "268643", "mcmMetaId": "6734", "mtgjsonV4Id": "f9a1a0b7-9863-5151-beaa-359d499e66de", "mtgoFoilId": "53944", "mtgoId": "53943", "multiverseId": "386298", "scryfallId": "98890cd7-ebd5-4fea-814e-4f612abfe3a5", "scryfallIllustrationId": "df89f423-53ca-4b31-a17b-5ff8059440a8", "scryfallOracleId": "34515b16-c9a4-4f98-8c77-416a7a523407", "tcgplayerProductId": "91641"}, "isReprint": true, "isStarter": true, "language": "English", "layout": "normal", "legalities": {"commander": "Legal", "duel": "Legal", "gladiator": "Legal", "historic": "Legal", "historicbrawl": "Legal", "legacy": "Legal", "modern": "Legal", "premodern": "Legal", "vintage": "Legal"}, "manaCost": "{2}{W}{W}", "manaValue": 4.0, "name": "Wrath of God", "number": "15", "originalText": "Destroy all creatures. They can't be regenerated.", "originalType": "Sorcery", "printings": ["10E", "2ED", "2XM", "3ED", "4BB", "4ED", "5ED", "6ED", "7ED", "8ED", "9ED", "AKR", "BRB", "C13", "CED", "CEI", "EMA", "FBB", "LEA", "LEB", "MP2", "P07", "PLIST", "POR", "PRM", "PTC", "PZ1", "SLD", "SUM", "V14", "WC00", "WC03", "WC04"], "purchaseUrls": {"cardKingdomFoil": "https://mtgjson.com/links/05e9c759206c7533", "cardmarket": "https://mtgjson.com/links/b21ea1dd91a2d511", "tcgplayer": "https://mtgjson.com/links/38126bbf9d1bce5a"}, "rarity": "mythic", "rulings": [], "securityStamp": "oval", "setCode": "V14", "subtypes": [], "supertypes": [], "text": "Destroy all creatures. They can't be regenerated.", "type": "Sorcery", "types": ["Sorcery"], "uuid": "1641319c-2d2c-5367-a615-173b7259efcd"}], "cardsphereSetId": 836, "code": "V14", "isFoilOnly": true, "isOnlineOnly": false, "keyruneCode": "V14", "mcmId": 1494, "mcmName": "From the Vault: Annihilation", "mtgoCode": "V14", "name": "From the Vault: Annihilation", "releaseDate": "2014-08-22", "sealedProduct": [{"identifiers": {"tcgplayerProductId": "91636"}, "name": "From the Vault Annihilation Box Set", "purchaseUrls": {"tcgplayer": "https://mtgjson.com/links/5526538a4ea79001"}, "releaseDate": null, "uuid": "695f5737-9a0f-57b5-b9fa-5e662b1aba0f"}], "tcgplayerGroupId": 1475, "tokens": [], "totalSetSize": 15, "translations": {}, "type": "from_the_vault"}}