{"meta": {"date": "2022-09-29", "version": "5.2.0+20220929"}, "data": {"baseSetSize": 30, "block": "Alchemy 2022", "cards": [{"artist": "Jakub Kasper", "availability": ["arena"], "borderColor": "black", "colorIdentity": ["W"], "colors": ["W"], "convertedManaCost": 1.0, "finishes": ["nonfoil"], "foreignData": [], "frameVersion": "2015", "hasFoil": false, "hasNonFoil": true, "identifiers": {"mtgArenaId": "81080", "mtgjsonV4Id": "0ce2dd95-150d-5930-bfc8-0696b463d5a3", "scryfallId": "1535f6d9-7977-4740-aa96-0c5b7fe0dd11", "scryfallIllustrationId": "6448c174-a355-45cf-80bd-661694e2f93c", "scryfallOracleId": "1d5f2d48-621f-4104-90b6-41bf31606265"}, "isOnlineOnly": true, "isStarter": true, "keywords": ["Conjure"], "language": "English", "layout": "normal", "legalities": {"alchemy": "Legal", "gladiator": "Legal", "historic": "Legal", "historicbrawl": "Legal"}, "manaCost": "{W}", "manaValue": 1.0, "name": "Dragonfly Pilot", "number": "1", "power": "1", "printings": ["YNEO"], "purchaseUrls": {}, "rarity": "uncommon", "rulings": [], "setCode": "YNEO", "subtypes": ["Fox", "Pilot"], "supertypes": [], "text": "Whenever Dragonfly Pilot enters the battlefield, conjure a card named Dragonfly Suit into your hand.\nDragonfly Pilot crews Vehicles as though its power were 2 greater.", "toughness": "1", "type": "Creature — Fox Pilot", "types": ["Creature"], "uuid": "deb8f110-deb5-560a-ba85-972c6ee35e9f"}, {"artist": "Bartek Fedyczak", "availability": ["arena"], "borderColor": "black", "colorIdentity": ["W"], "colors": ["W"], "convertedManaCost": 1.0, "finishes": ["nonfoil"], "foreignData": [], "frameVersion": "2015", "hasFoil": false, "hasNonFoil": true, "identifiers": {"mtgArenaId": "81081", "mtgjsonV4Id": "78e7bf82-9c5a-5c17-8d2f-e5bffdbc361c", "scryfallId": "5ceb064b-b4e7-4e62-ad3c-81fcf97a595a", "scryfallIllustrationId": "875e03d7-7446-405c-b882-af93b8334972", "scryfallOracleId": "d0ba1cd8-f81f-47a5-bcdc-4af918bfabfa"}, "isOnlineOnly": true, "isStarter": true, "keywords": ["Reconfigure"], "language": "English", "layout": "normal", "legalities": {"alchemy": "Legal", "gladiator": "Legal", "historic": "Legal", "historicbrawl": "Legal"}, "manaCost": "{W}", "manaValue": 1.0, "name": "Inchblade Companion", "number": "2", "power": "1", "printings": ["YNEO"], "purchaseUrls": {}, "rarity": "rare", "rulings": [], "securityStamp": "oval", "setCode": "YNEO", "subtypes": ["Equipment", "Insect"], "supertypes": [], "text": "Equipped creature gets +1/+1.\nWhenever Inchblade Companion becomes attached to a creature, create a token that's a copy of Inchblade Companion, except it doesn't have this ability. This ability triggers only once each turn.\nReconfigure {2}", "toughness": "1", "type": "Artifact Creature — Equipment Insect", "types": ["Artifact", "Creature"], "uuid": "722876e9-037b-594b-9a7e-edd924918e91"}, {"artist": "Mirko Failoni", "availability": ["arena"], "borderColor": "black", "colorIdentity": ["W"], "colors": ["W"], "convertedManaCost": 2.0, "finishes": ["nonfoil"], "foreignData": [], "frameVersion": "2015", "hasFoil": false, "hasNonFoil": true, "identifiers": {"mtgArenaId": "81082", "mtgjsonV4Id": "9f35823a-627c-5500-a34b-abeac0722c4d", "scryfallId": "3fe444b9-592c-4e41-9c22-b55cc9b781db", "scryfallIllustrationId": "96c89bfb-583b-4e8b-bd58-4401d8d17574", "scryfallOracleId": "165c15b2-16be-4bb5-a2d8-a46eaf570579"}, "isOnlineOnly": true, "isStarter": true, "language": "English", "layout": "normal", "legalities": {"alchemy": "Legal", "gladiator": "Legal", "historic": "Legal", "historicbrawl": "Legal"}, "manaCost": "{1}{W}", "manaValue": 2.0, "name": "Kami of Transmutation", "number": "3", "power": "2", "printings": ["YNEO"], "purchaseUrls": {}, "rarity": "rare", "rulings": [], "setCode": "YNEO", "subtypes": ["Spirit"], "supertypes": [], "text": "When Kami of Transmutation enters or leaves the battlefield, choose one —\n• Each permanent card in your hand perpetually becomes an artifact in addition to its other types.\n• Each permanent card in your hand perpetually becomes an enchantment in addition to its other types.", "toughness": "2", "type": "Creature — Spirit", "types": ["Creature"], "uuid": "cf4a6cb0-a9aa-5d78-98c7-43bdcb9094e6"}, {"artist": "Bastien Grivet", "availability": ["arena"], "borderColor": "black", "colorIdentity": ["W"], "colors": ["W"], "convertedManaCost": 1.0, "finishes": ["nonfoil"], "foreignData": [], "frameVersion": "2015", "hasFoil": false, "hasNonFoil": true, "identifiers": {"mtgArenaId": "81083", "mtgjsonV4Id": "92add2aa-f6bd-504c-aa00-4e184d283b07", "scryfallId": "f9bc3eb5-6b8a-4822-ba88-bd95f954a301", "scryfallIllustrationId": "5cb56a5e-418a-48dd-bbce-4c491726ed42", "scryfallOracleId": "b48f0a55-1110-49c9-bac2-678ca5ef61fb"}, "isOnlineOnly": true, "isStarter": true, "language": "English", "layout": "normal", "legalities": {"alchemy": "Legal", "gladiator": "Legal", "historic": "Legal", "historicbrawl": "Legal"}, "manaCost": "{W}", "manaValue": 1.0, "name": "Fragment Reality", "number": "4", "printings": ["YNEO"], "purchaseUrls": {}, "rarity": "rare", "rulings": [], "setCode": "YNEO", "subtypes": [], "supertypes": [], "text": "Exile target nontoken artifact, creature, or enchantment. Its controller puts a random creature card with lesser mana value from their library onto the battlefield tapped.", "type": "Instant", "types": ["Instant"], "uuid": "3b37ef21-93ea-505b-92e6-726e121f66ec"}, {"artist": "Konstantin Porubov", "availability": ["arena"], "borderColor": "black", "colorIdentity": ["W"], "colors": ["W"], "convertedManaCost": 4.0, "finishes": ["nonfoil"], "foreignData": [], "frameVersion": "2015", "hasFoil": false, "hasNonFoil": true, "identifiers": {"mtgArenaId": "81084", "mtgjsonV4Id": "b155b666-2bba-5e25-85a1-823a59037ca2", "scryfallId": "580dbecb-6d49-4b67-978f-e2041c10973c", "scryfallIllustrationId": "6a8eca67-95fe-4547-ae0c-67d4be16af09", "scryfallOracleId": "7fd0fe87-81d6-48b8-8d04-a233ed446d0f"}, "isOnlineOnly": true, "isStarter": true, "keywords": ["Flying"], "language": "English", "layout": "normal", "legalities": {"alchemy": "Legal", "gladiator": "Legal", "historic": "Legal", "historicbrawl": "Legal"}, "manaCost": "{2}{W}{W}", "manaValue": 4.0, "name": "Mothrider Cavalry", "number": "5", "power": "2", "printings": ["YNEO"], "purchaseUrls": {}, "rarity": "mythic", "rulings": [], "setCode": "YNEO", "subtypes": ["Human", "Samurai"], "supertypes": [], "text": "This spell costs {2} less to cast if you have no creature cards in hand not named Mothrider Cavalry.\nFlying\nOther creatures you control get +1/+1.", "toughness": "2", "type": "Creature — Human Samurai", "types": ["Creature"], "uuid": "14068683-acc2-5cbe-b41a-5a69daf5ce84"}, {"artist": "Slawomir Maniak", "availability": ["arena"], "borderColor": "black", "colorIdentity": ["U"], "colors": ["U"], "convertedManaCost": 1.0, "finishes": ["nonfoil"], "foreignData": [], "frameVersion": "2015", "hasFoil": false, "hasNonFoil": true, "identifiers": {"mtgArenaId": "81085", "mtgjsonV4Id": "94c22c36-a958-510c-af23-1f75b07f3cc8", "scryfallId": "4207473d-e9e4-4ec4-9034-c8723a3952e8", "scryfallIllustrationId": "d3830c50-b562-4d74-9093-0589d723f1de", "scryfallOracleId": "2b7422a2-badf-4ef2-80ff-c28e20d5387b"}, "isOnlineOnly": true, "isStarter": true, "keywords": ["Ward"], "language": "English", "layout": "normal", "legalities": {"alchemy": "Legal", "gladiator": "Legal", "historic": "Legal", "historicbrawl": "Legal"}, "manaCost": "{U}", "manaValue": 1.0, "name": "Experimental Pilot", "number": "6", "power": "1", "printings": ["YNEO"], "purchaseUrls": {}, "rarity": "uncommon", "rulings": [], "setCode": "YNEO", "subtypes": ["Human", "Pilot"], "supertypes": [], "text": "Ward {2}\n{U}, Discard two cards: Draft a card from Experimental Pilot's spellbook.\nExperimental Pilot crews Vehicles as though its power were 2 greater.", "toughness": "2", "type": "Creature — Human Pilot", "types": ["Creature"], "uuid": "626ab710-d596-5e4a-b2e2-b24242b091f5"}, {"artist": "Tyler Walpole", "availability": ["arena"], "borderColor": "black", "colorIdentity": ["U"], "colors": ["U"], "convertedManaCost": 1.0, "finishes": ["nonfoil"], "foreignData": [], "frameVersion": "2015", "hasFoil": false, "hasNonFoil": true, "identifiers": {"mtgArenaId": "81086", "mtgjsonV4Id": "cdbefd79-b66e-505c-9134-aa67625fbe31", "scryfallId": "3e3906b8-baa4-4fd7-a7a1-2f316543b913", "scryfallIllustrationId": "15830933-c927-4bd8-9001-0fc3050fb11e", "scryfallOracleId": "bca4c3f2-f723-474a-94d8-c3aaa37518b9"}, "isOnlineOnly": true, "isStarter": true, "keywords": ["Conjure"], "language": "English", "layout": "normal", "legalities": {"alchemy": "Legal", "gladiator": "Legal", "historic": "Legal", "historicbrawl": "Legal"}, "manaCost": "{U}", "manaValue": 1.0, "name": "Holographic Double", "number": "7", "power": "1", "printings": ["YNEO"], "purchaseUrls": {}, "rarity": "rare", "rulings": [], "setCode": "YNEO", "subtypes": ["Illusion"], "supertypes": [], "text": "{U}, Exile Holographic Double from your hand: Choose a creature card in your hand. Conjure a duplicate of it into your hand.", "toughness": "1", "type": "Creature — Illusion", "types": ["Creature"], "uuid": "2608457e-c4ae-512b-bd17-129d725f4c7e"}, {"artist": "Michele Giorgi", "availability": ["arena"], "borderColor": "black", "colorIdentity": ["U"], "colors": ["U"], "convertedManaCost": 3.0, "finishes": ["nonfoil"], "foreignData": [], "frameVersion": "2015", "hasFoil": false, "hasNonFoil": true, "identifiers": {"mtgArenaId": "81087", "mtgjsonV4Id": "e7ec1edb-0b31-5506-8d11-2b54f1508b28", "scryfallId": "9425e859-f6bc-43fb-94f8-437025770057", "scryfallIllustrationId": "93a66fd1-7f6f-4c0e-a63c-e865be00b79c", "scryfallOracleId": "2858b91a-f1c4-4730-86d5-334b7dab4978"}, "isOnlineOnly": true, "isStarter": true, "keywords": ["Conjure", "Flash"], "language": "English", "layout": "normal", "legalities": {"alchemy": "Legal", "gladiator": "Legal", "historic": "Legal", "historicbrawl": "Legal"}, "manaCost": "{2}{U}", "manaValue": 3.0, "name": "Futurist Spellthief", "number": "8", "power": "3", "printings": ["YNEO"], "purchaseUrls": {}, "rarity": "rare", "rulings": [], "setCode": "YNEO", "subtypes": ["Moonfolk", "Wizard"], "supertypes": [], "text": "Flash\nWhen Futurist Spellthief enters the battlefield, conjure a duplicate of target spell into your hand. That card perpetually gains \"You may spend mana as though it were mana of any color to cast this spell.\"", "toughness": "2", "type": "Creature — Moonfolk Wizard", "types": ["Creature"], "uuid": "c0420403-a583-5966-8cb6-338d557ba785"}, {"artist": "Leonardo Santanna", "availability": ["arena"], "borderColor": "black", "colorIdentity": ["U"], "colors": ["U"], "convertedManaCost": 3.0, "finishes": ["nonfoil"], "foreignData": [], "frameVersion": "2015", "hasFoil": false, "hasNonFoil": true, "identifiers": {"mtgArenaId": "81088", "mtgjsonV4Id": "b75b8e19-6740-5269-b46c-521598441f1f", "scryfallId": "f57dc4c4-ea2c-44df-9837-31797ed190af", "scryfallIllustrationId": "96f6ad07-4e31-460a-80f5-690dcf4547ea", "scryfallOracleId": "3840aac2-75bf-4e7b-bb8e-38073d7a2471"}, "isOnlineOnly": true, "isStarter": true, "keywords": ["Conjure", "Reconfigure"], "language": "English", "layout": "normal", "legalities": {"alchemy": "Legal", "gladiator": "Legal", "historic": "Legal", "historicbrawl": "Legal"}, "manaCost": "{2}{U}", "manaValue": 3.0, "name": "Semblance Scanner", "number": "9", "power": "3", "printings": ["YNEO"], "purchaseUrls": {}, "rarity": "rare", "rulings": [], "securityStamp": "oval", "setCode": "YNEO", "subtypes": ["Equipment", "Shapeshifter"], "supertypes": [], "text": "Whenever Semblance Scanner or equipped creature deals combat damage to a player, if it's not a token, conjure a duplicate of it into your hand.\nReconfigure {1}", "toughness": "2", "type": "Artifact Creature — Equipment Shapeshifter", "types": ["Artifact", "Creature"], "uuid": "968826df-dcf9-5c0c-8ec3-b0e7ab16cdc8"}, {"artist": "Dominik Mayer", "availability": ["arena"], "borderColor": "black", "colorIdentity": ["U"], "colors": ["U"], "convertedManaCost": 1.0, "finishes": ["nonfoil"], "foreignData": [], "frameVersion": "2015", "hasFoil": false, "hasNonFoil": true, "identifiers": {"mtgArenaId": "81089", "mtgjsonV4Id": "d8560a65-d5c0-5d30-b2d7-8dfbaa765ca3", "scryfallId": "dbec6d58-aa78-47ab-a874-73bd676142c7", "scryfallIllustrationId": "150ffe01-be5e-4a42-8759-121326cd0704", "scryfallOracleId": "5e2c6c36-4bff-4479-b322-f13434b81ea3"}, "isOnlineOnly": true, "isStarter": true, "language": "English", "layout": "normal", "legalities": {"alchemy": "Legal", "gladiator": "Legal", "historic": "Legal", "historicbrawl": "Legal"}, "manaCost": "{X}{U}", "manaValue": 1.0, "name": "Better Offer", "number": "10", "printings": ["YNEO"], "purchaseUrls": {}, "rarity": "rare", "rulings": [], "setCode": "YNEO", "subtypes": [], "supertypes": [], "text": "Put a random creature card with mana value X or less from target opponent's library onto the battlefield under your control. It perpetually has base power and toughness X/X and perpetually gains ward {1}.", "type": "Sorcery", "types": ["Sorcery"], "uuid": "2d8ee7cc-f119-5b62-9567-02d3a911db09"}, {"artist": "Bartek Fedyczak", "availability": ["arena"], "borderColor": "black", "colorIdentity": ["U"], "colors": ["U"], "convertedManaCost": 4.0, "finishes": ["nonfoil"], "foreignData": [], "frameVersion": "2015", "hasFoil": false, "hasNonFoil": true, "identifiers": {"mtgArenaId": "81090", "mtgjsonV4Id": "2d7179df-dff9-5fe2-84d2-43104ec2f5d8", "scryfallId": "7bb3e5c3-8189-4bc4-bbb0-4282c1bfc59e", "scryfallIllustrationId": "89509836-ba3f-4caa-9927-8259ca574f3d", "scryfallOracleId": "d09aecc5-4f78-49f8-b503-677e84e36a6d"}, "isOnlineOnly": true, "isStarter": true, "keywords": ["Flash"], "language": "English", "layout": "normal", "legalities": {"alchemy": "Legal", "gladiator": "Legal", "historic": "Legal", "historicbrawl": "Legal"}, "manaCost": "{2}{U}{U}", "manaValue": 4.0, "name": "Saiba Syphoner", "number": "11", "power": "2", "printings": ["YNEO"], "purchaseUrls": {}, "rarity": "mythic", "rulings": [], "setCode": "YNEO", "subtypes": ["Human", "Ninja"], "supertypes": [], "text": "Flash\nThis spell costs {2} less to cast if there are no instant or sorcery cards in your hand.\nWhen Saiba Syphoner enters the battlefield, return target instant or sorcery card from your graveyard to your hand.\nIf Saiba Syphoner would die, shuffle it into your library instead.", "toughness": "2", "type": "Creature — Human Ninja", "types": ["Creature"], "uuid": "a67a54d4-ce0d-5a94-8d5b-fefac525e8df"}, {"artist": "Jodie Muir", "availability": ["arena"], "borderColor": "black", "colorIdentity": ["B"], "colors": ["B"], "convertedManaCost": 2.0, "finishes": ["nonfoil"], "foreignData": [], "frameVersion": "2015", "hasFoil": false, "hasNonFoil": true, "identifiers": {"mtgArenaId": "81091", "mtgjsonV4Id": "334ce6a3-7df7-5a64-9570-1ccc7a4631cb", "scryfallId": "cdbb301c-060d-4f65-bdec-1eb23f737f13", "scryfallIllustrationId": "a77794a2-d4e1-4168-be49-b6a8db34a7c2", "scryfallOracleId": "99bf33b5-a980-4c26-a97c-93e920450e15"}, "isOnlineOnly": true, "isStarter": true, "language": "English", "layout": "normal", "legalities": {"alchemy": "Legal", "gladiator": "Legal", "historic": "Legal", "historicbrawl": "Legal"}, "manaCost": "{1}{B}", "manaValue": 2.0, "name": "Painful Bond", "number": "12", "printings": ["YNEO"], "purchaseUrls": {}, "rarity": "uncommon", "rulings": [], "setCode": "YNEO", "subtypes": [], "supertypes": [], "text": "Draw two cards, then nonland cards in your hand with mana value 3 or less perpetually gain \"When you cast this spell, you lose 1 life.\"", "type": "Instant", "types": ["Instant"], "uuid": "3cb61378-cd44-5915-a2cb-893a2a1e76c9"}, {"artist": "Alexey Kruglov", "availability": ["arena"], "borderColor": "black", "colorIdentity": ["B"], "colors": ["B"], "convertedManaCost": 2.0, "finishes": ["nonfoil"], "foreignData": [], "frameVersion": "2015", "hasFoil": false, "hasNonFoil": true, "identifiers": {"mtgArenaId": "81092", "mtgjsonV4Id": "d775af7a-e584-5933-9edf-f4884ddde643", "scryfallId": "e1fb4a02-3354-44b5-87ac-813828ab251e", "scryfallIllustrationId": "9c10291d-2ff3-4d9f-9a22-152fd8761069", "scryfallOracleId": "4426edf7-5fbb-41a2-83b9-80bf9f04651b"}, "isOnlineOnly": true, "isStarter": true, "keywords": ["Conjure", "Deathtouch", "Ninjutsu"], "language": "English", "layout": "normal", "legalities": {"alchemy": "Legal", "gladiator": "Legal", "historic": "Legal", "historicbrawl": "Legal"}, "manaCost": "{1}{B}", "manaValue": 2.0, "name": "Swarm Saboteur", "number": "13", "power": "2", "printings": ["YNEO"], "purchaseUrls": {}, "rarity": "rare", "rulings": [], "setCode": "YNEO", "subtypes": ["Human", "Ninja"], "supertypes": [], "text": "Ninjutsu {1}{B}\nDeathtouch\nWhenever Swarm Saboteur deals combat damage to a player, conjure a card named Virus Beetle into your hand.", "toughness": "2", "type": "Creature — Human Ninja", "types": ["Creature"], "uuid": "a34f5c18-45b7-5681-806c-b949a50bacab"}, {"artist": "Josh Hass", "availability": ["arena"], "borderColor": "black", "colorIdentity": ["B"], "colors": ["B"], "convertedManaCost": 3.0, "finishes": ["nonfoil"], "foreignData": [], "frameVersion": "2015", "hasFoil": false, "hasNonFoil": true, "identifiers": {"mtgArenaId": "81093", "mtgjsonV4Id": "800a6efa-6f37-5983-b483-f4c4656f0be8", "scryfallId": "f72e3795-fac1-427c-97c2-9963bf5c6cd1", "scryfallIllustrationId": "392d383f-b4fa-40ec-9ff1-fef1f38f2384", "scryfallOracleId": "d6ad0500-2dae-4467-8ecb-194ad41b12b6"}, "isOnlineOnly": true, "isStarter": true, "language": "English", "layout": "normal", "legalities": {"alchemy": "Legal", "gladiator": "Legal", "historic": "Legal", "historicbrawl": "Legal"}, "manaCost": "{2}{B}", "manaValue": 3.0, "name": "Kami of Mourning", "number": "14", "power": "3", "printings": ["YNEO"], "purchaseUrls": {}, "rarity": "rare", "rulings": [], "setCode": "YNEO", "subtypes": ["Spirit"], "supertypes": [], "text": "Whenever Kami of Mourning enters the battlefield, target creature you control or creature card in your graveyard perpetually gains \"Whenever a creature you control with greater mana value than this card dies, return this card from your graveyard to the battlefield tapped.\"", "toughness": "2", "type": "Creature — Spirit", "types": ["Creature"], "uuid": "4a3d7b04-5160-5c21-aa8b-38e8f2f41627"}, {"artist": "Mirko Failoni", "availability": ["arena"], "borderColor": "black", "colorIdentity": ["B"], "colors": ["B"], "convertedManaCost": 2.0, "finishes": ["nonfoil"], "foreignData": [], "frameVersion": "2015", "hasFoil": false, "hasNonFoil": true, "identifiers": {"mtgArenaId": "81094", "mtgjsonV4Id": "cc865c19-ceb1-5c71-b701-86d8fc075afd", "scryfallId": "8b59bbeb-5587-471a-b369-74c6a497b908", "scryfallIllustrationId": "a281cea1-7744-4d5f-87ff-10be5ca6fcde", "scryfallOracleId": "6c41f596-dde3-43d3-aca9-2ad0543d60cc"}, "isOnlineOnly": true, "isStarter": true, "keywords": ["Conjure"], "language": "English", "layout": "normal", "legalities": {"alchemy": "Legal", "gladiator": "Legal", "historic": "Legal", "historicbrawl": "Legal"}, "manaCost": "{1}{B}", "manaValue": 2.0, "name": "Undercity Plunder", "number": "15", "printings": ["YNEO"], "purchaseUrls": {}, "rarity": "rare", "rulings": [], "setCode": "YNEO", "subtypes": [], "supertypes": [], "text": "Target opponent discards a card. Then they may discard an additional card. If they don't, conjure a duplicate of a random card from their library into your hand. It perpetually gains \"You may spend mana as though it were mana of any color to cast this spell.\"", "type": "Sorcery", "types": ["Sorcery"], "uuid": "6cb70f17-d67b-5948-bf6f-d6f17f2372ab"}, {"artist": "Kim Sokol", "availability": ["arena"], "borderColor": "black", "colorIdentity": ["B"], "colors": ["B"], "convertedManaCost": 3.0, "finishes": ["nonfoil"], "foreignData": [], "frameVersion": "2015", "hasFoil": false, "hasNonFoil": true, "identifiers": {"mtgArenaId": "81095", "mtgjsonV4Id": "fce351e8-1931-5a0a-baef-30e3579c34ec", "scryfallId": "b053e708-08f8-4eb2-b96e-950bd50f289e", "scryfallIllustrationId": "e7a34128-843b-40aa-b71a-70f081dca84d", "scryfallOracleId": "b8949341-7a8e-402c-a05e-cf26c270cf36"}, "isOnlineOnly": true, "isStarter": true, "keywords": ["Conjure"], "language": "English", "layout": "normal", "legalities": {"alchemy": "Legal", "gladiator": "Legal", "historic": "Legal", "historicbrawl": "Legal"}, "manaCost": "{2}{B}", "manaValue": 3.0, "name": "Soul Servitude", "number": "16", "printings": ["YNEO"], "purchaseUrls": {}, "rarity": "rare", "rulings": [], "setCode": "YNEO", "subtypes": [], "supertypes": [], "text": "Target player sacrifices a nontoken creature. When they do, you may discard a card. If you do, conjure a duplicate of the sacrificed creature into your hand. It perpetually gains \"You may spend mana as though it were mana of any color to cast this spell.\"", "type": "Instant", "types": ["Instant"], "uuid": "aaf94cc0-38aa-5feb-a4d1-50231c52dfb8"}, {"artist": "Igor Krstic", "availability": ["arena"], "borderColor": "black", "colorIdentity": ["B"], "colors": ["B"], "convertedManaCost": 4.0, "finishes": ["nonfoil"], "foreignData": [], "frameVersion": "2015", "hasFoil": false, "hasNonFoil": true, "identifiers": {"mtgArenaId": "81096", "mtgjsonV4Id": "6b828515-2d47-5f88-9619-3124e23b33bf", "scryfallId": "7e149942-80e7-4eb5-9e5d-c640aa10aac2", "scryfallIllustrationId": "2502024f-ebb8-4b02-9558-2fe7fc39611d", "scryfallOracleId": "af29d23a-4322-469b-bbf9-df97f0b57b67"}, "isOnlineOnly": true, "isStarter": true, "keywords": ["Flying", "Menace"], "language": "English", "layout": "normal", "legalities": {"alchemy": "Legal", "gladiator": "Legal", "historic": "Legal", "historicbrawl": "Legal"}, "manaCost": "{2}{B}{B}", "manaValue": 4.0, "name": "Consuming Oni", "number": "17", "power": "6", "printings": ["YNEO"], "purchaseUrls": {}, "rarity": "mythic", "rulings": [], "setCode": "YNEO", "subtypes": ["Ogre", "Demon"], "supertypes": [], "text": "Flying, Menace\nAt the beginning of your end step, a random nonland card in your hand perpetually gains \"When you cast this spell, you lose 3 life.\"", "toughness": "6", "type": "Creature — Ogre Demon", "types": ["Creature"], "uuid": "c1ec53e4-23f1-5f3e-a478-a4bb4f83d924"}, {"artist": "Anthony Devine", "availability": ["arena"], "borderColor": "black", "colorIdentity": ["R"], "colors": ["R"], "convertedManaCost": 1.0, "finishes": ["nonfoil"], "foreignData": [], "frameVersion": "2015", "hasFoil": false, "hasNonFoil": true, "identifiers": {"mtgArenaId": "81097", "mtgjsonV4Id": "175ad99c-0d11-5af6-8ed6-9c98a4e6ab4d", "scryfallId": "5dbb92b8-df60-4b51-8518-a91cc182a856", "scryfallIllustrationId": "a5b3a308-8628-492e-baaf-66ea37a1c79b", "scryfallOracleId": "43e5050f-e94c-4df5-a4a7-19935724c63f"}, "isOnlineOnly": true, "isStarter": true, "keywords": ["Seek"], "language": "English", "layout": "normal", "legalities": {"alchemy": "Legal", "gladiator": "Legal", "historic": "Legal", "historicbrawl": "Legal"}, "manaCost": "{R}", "manaValue": 1.0, "name": "Artillery Enthusiast", "number": "18", "power": "1", "printings": ["YNEO"], "purchaseUrls": {}, "rarity": "uncommon", "rulings": [], "setCode": "YNEO", "subtypes": ["Goblin", "Artificer"], "supertypes": [], "text": "Modified creatures you control have menace.\nWhen Artillery Enthusiast enters the battlefield, you may discard a card. If you do, seek a card with mana value equal to that card's mana value.", "toughness": "2", "type": "Creature — Goblin Artificer", "types": ["Creature"], "uuid": "e7b4cc7a-202b-5f82-bc12-8e9e449e066a"}, {"artist": "Jamroz Gary", "availability": ["arena"], "borderColor": "black", "colorIdentity": ["R"], "colors": ["R"], "convertedManaCost": 2.0, "finishes": ["nonfoil"], "foreignData": [], "frameVersion": "2015", "hasFoil": false, "hasNonFoil": true, "identifiers": {"mtgArenaId": "81098", "mtgjsonV4Id": "b7eca976-b67b-527e-9879-b7e4675bb60a", "scryfallId": "899b6711-deca-4931-b61b-a9c447e21304", "scryfallIllustrationId": "284984bd-88b0-484f-81cf-a39a655a7b77", "scryfallOracleId": "62b5090e-7899-492a-af63-5a5bd1e3068c"}, "isOnlineOnly": true, "isStarter": true, "keywords": ["First strike", "Reconfigure"], "language": "English", "layout": "normal", "legalities": {"alchemy": "Legal", "gladiator": "Legal", "historic": "Legal", "historicbrawl": "Legal"}, "manaCost": "{1}{R}", "manaValue": 2.0, "name": "Foundry Beetle", "number": "19", "power": "2", "printings": ["YNEO"], "purchaseUrls": {}, "rarity": "rare", "rulings": [], "setCode": "YNEO", "subtypes": ["Equipment", "Insect"], "supertypes": [], "text": "First strike\nEquipped creature has first strike.\nAt the beginning of your upkeep, a random artifact card in your hand perpetually gains \"This spell costs {1} less to cast.\"\nReconfigure {R}", "toughness": "2", "type": "Artifact Creature — Equipment Insect", "types": ["Artifact", "Creature"], "uuid": "0ce12d38-8fb2-5fe9-9968-58ceffbfc872"}, {"artist": "Wayne Wu", "availability": ["arena"], "borderColor": "black", "colorIdentity": ["R"], "colors": ["R"], "convertedManaCost": 3.0, "finishes": ["nonfoil"], "foreignData": [], "frameVersion": "2015", "hasFoil": false, "hasNonFoil": true, "identifiers": {"mtgArenaId": "81099", "mtgjsonV4Id": "ba7bb34f-f339-5c33-859c-7c129f4eed99", "scryfallId": "22d8f01f-f11c-444c-bf1c-e694e72d0b8a", "scryfallIllustrationId": "5d8c9907-354c-4645-ba0e-5b9beb0366d0", "scryfallOracleId": "4e5b0a2a-8fe2-459a-a9c9-12f612679146"}, "isOnlineOnly": true, "isStarter": true, "language": "English", "layout": "normal", "legalities": {"alchemy": "Legal", "gladiator": "Legal", "historic": "Legal", "historicbrawl": "Legal"}, "manaCost": "{2}{R}", "manaValue": 3.0, "name": "Junkyard Scrapper", "number": "20", "power": "3", "printings": ["YNEO"], "purchaseUrls": {}, "rarity": "rare", "rulings": [], "setCode": "YNEO", "subtypes": ["Goblin", "Artificer"], "supertypes": [], "text": "Whenever a nontoken artifact enters the battlefield under your control, exile a random nonland artifact card with lesser mana value from your library. You may cast that card until the end of your next turn.", "toughness": "3", "type": "Creature — Goblin Artificer", "types": ["Creature"], "uuid": "efe1ed74-a87d-50bf-bc67-d2fed013a568"}, {"artist": "Konstantin Porubov", "availability": ["arena"], "borderColor": "black", "colorIdentity": ["R"], "colors": ["R"], "convertedManaCost": 3.0, "finishes": ["nonfoil"], "foreignData": [], "frameVersion": "2015", "hasFoil": false, "hasNonFoil": true, "identifiers": {"mtgArenaId": "81100", "mtgjsonV4Id": "094a39ec-fb27-5ffd-b090-da87a60b849a", "scryfallId": "70054710-0fb1-46a5-88c6-438c461042de", "scryfallIllustrationId": "ddef4ce4-1707-4575-96ed-a42a993939b8", "scryfallOracleId": "7eb3d5af-c455-441b-9b8c-1bce45ea4b46"}, "isOnlineOnly": true, "isStarter": true, "keywords": ["Intensity"], "language": "English", "layout": "normal", "legalities": {"alchemy": "Legal", "gladiator": "Legal", "historic": "Legal", "historicbrawl": "Legal"}, "manaCost": "{2}{R}", "manaValue": 3.0, "name": "Bellowsbreath Ogre", "number": "21", "power": "3", "printings": ["YNEO"], "purchaseUrls": {}, "rarity": "rare", "rulings": [], "setCode": "YNEO", "subtypes": ["Ogre", "Shaman"], "supertypes": [], "text": "Starting intensity 1\nWhenever Bellowsbreath Ogre attacks, it deals damage equal to its intensity to any target, then perpetually increase its intensity by 1.", "toughness": "3", "type": "Artifact Creature — Ogre Shaman", "types": ["Artifact", "Creature"], "uuid": "73ef3fb3-2963-570b-9e78-312210ce8e0a"}, {"artist": "Jorge Jacinto", "availability": ["arena"], "borderColor": "black", "colorIdentity": ["R"], "colors": ["R"], "convertedManaCost": 2.0, "finishes": ["nonfoil"], "foreignData": [], "frameVersion": "2015", "hasFoil": false, "hasNonFoil": true, "identifiers": {"mtgArenaId": "81101", "mtgjsonV4Id": "ca2b4829-fe69-5ec2-9d65-baff0900f590", "scryfallId": "f38be0b4-7fbf-4b96-a279-39d0654e3f7d", "scryfallIllustrationId": "aacde437-9873-4c70-839f-9f7413a55135", "scryfallOracleId": "d419b184-3f2a-4287-937d-2218119ef743"}, "isOnlineOnly": true, "isStarter": true, "language": "English", "layout": "normal", "legalities": {"alchemy": "Legal", "gladiator": "Legal", "historic": "Legal", "historicbrawl": "Legal"}, "manaCost": "{1}{R}", "manaValue": 2.0, "name": "Molten Impact", "number": "22", "printings": ["YNEO"], "purchaseUrls": {}, "rarity": "rare", "rulings": [], "setCode": "YNEO", "subtypes": [], "supertypes": [], "text": "Molten Impact deals 4 damage to target creature or planeswalker. If excess damage was dealt this way, when you cast your next instant or sorcery spell, Molten Impact deals damage equal to the excess to target creature or planeswalker.", "type": "Sorcery", "types": ["Sorcery"], "uuid": "1fe75f93-f3c7-500c-b8f1-4df5b7d7e0f3"}, {"artist": "Devin Platts", "availability": ["arena"], "borderColor": "black", "colorIdentity": ["R"], "colors": ["R"], "convertedManaCost": 3.0, "finishes": ["nonfoil"], "foreignData": [], "frameVersion": "2015", "hasFoil": false, "hasNonFoil": true, "identifiers": {"mtgArenaId": "81102", "mtgjsonV4Id": "19913f15-1f09-5a40-8584-de0b913bcba9", "scryfallId": "60bdfc87-db6c-41ed-85ef-030ff60c4636", "scryfallIllustrationId": "04b0c275-ab54-4647-b06b-689862a4d80d", "scryfallOracleId": "79b3bf2d-4608-43cb-8954-3620f3058dc4"}, "isOnlineOnly": true, "isStarter": true, "keywords": ["Flying", "Reconfigure"], "language": "English", "layout": "normal", "legalities": {"alchemy": "Legal", "gladiator": "Legal", "historic": "Legal", "historicbrawl": "Legal"}, "manaCost": "{1}{R}{R}", "manaValue": 3.0, "name": "Forgeborn Phoenix", "number": "23", "power": "2", "printings": ["YNEO"], "purchaseUrls": {}, "rarity": "mythic", "rulings": [], "setCode": "YNEO", "subtypes": ["Equipment", "Phoenix"], "supertypes": [], "text": "Flying\nEquipped creature has flying.\nWhenever Forgeborn Phoenix or equipped creature dies, it perpetually gains \"Whenever an equipped creature you control deals combat damage to a player or planeswalker, return this card from your graveyard to the battlefield tapped.\"\nReconfigure {R}", "toughness": "2", "type": "Artifact Creature — Equipment Phoenix", "types": ["Artifact", "Creature"], "uuid": "9cf7790b-beba-56fa-9989-3479540a31fb"}, {"artist": "Nicholas Gregory", "availability": ["arena"], "borderColor": "black", "colorIdentity": ["G"], "colors": ["G"], "convertedManaCost": 1.0, "finishes": ["nonfoil"], "foreignData": [], "frameEffects": ["nyxtouched"], "frameVersion": "2015", "hasFoil": false, "hasNonFoil": true, "identifiers": {"mtgArenaId": "81103", "mtgjsonV4Id": "dfe24be4-c324-5db5-860a-1e1b0c07b54e", "scryfallId": "1e3778d1-45e2-4958-8933-4c0f09129d55", "scryfallIllustrationId": "1916b4bd-1c29-4587-8d95-98a260fb2e34", "scryfallOracleId": "ce2e564d-8b5f-48a0-ae71-777c066de244"}, "isOnlineOnly": true, "isStarter": true, "keywords": ["Channel", "Conjure"], "language": "English", "layout": "normal", "legalities": {"alchemy": "Legal", "gladiator": "Legal", "historic": "Legal", "historicbrawl": "Legal"}, "manaCost": "{G}", "manaValue": 1.0, "name": "Kami of Bamboo Groves", "number": "24", "power": "1", "printings": ["YNEO"], "purchaseUrls": {}, "rarity": "uncommon", "rulings": [], "setCode": "YNEO", "subtypes": ["Spirit"], "supertypes": [], "text": "When Kami of Bamboo Groves enters the battlefield, you may put a land card from your hand onto the battlefield tapped.\nChannel — {2}{G}, Discard Kami of Bamboo Groves: Conjure two cards named Forest into your hand.", "toughness": "1", "type": "Enchantment Creature — Spirit", "types": ["Enchantment", "Creature"], "uuid": "14ec6306-cc5b-59f7-ba8d-8b1d9858fa9d"}, {"artist": "Armand Baltazar", "availability": ["arena"], "borderColor": "black", "colorIdentity": ["G"], "colors": ["G"], "convertedManaCost": 2.0, "finishes": ["nonfoil"], "foreignData": [], "frameVersion": "2015", "hasFoil": false, "hasNonFoil": true, "identifiers": {"mtgArenaId": "81104", "mtgjsonV4Id": "6322bd01-aa47-5588-a698-4dcf3073178f", "scryfallId": "b4d917f3-a437-4ff4-8fb9-d1676dee8de1", "scryfallIllustrationId": "c2826dca-a6c8-4c49-969b-40ddc3028277", "scryfallOracleId": "c30c5fa9-6d90-4a51-aef3-003c357401ac"}, "isOnlineOnly": true, "isStarter": true, "language": "English", "layout": "normal", "legalities": {"alchemy": "Legal", "gladiator": "Legal", "historic": "Legal", "historicbrawl": "Legal"}, "manaCost": "{1}{G}", "manaValue": 2.0, "name": "Chronicler of Worship", "number": "25", "power": "1", "printings": ["YNEO"], "purchaseUrls": {}, "rarity": "rare", "rulings": [], "securityStamp": "oval", "setCode": "YNEO", "subtypes": ["Human", "Monk"], "supertypes": [], "text": "When Chronicler of Worship enters the battlefield, put a random Shrine card from among the top seven cards of your library into your hand. It perpetually gains \"This spell costs {1} less to cast.\" Then shuffle.\n{T}: Add one mana of any color.", "toughness": "1", "type": "Creature — Human Monk", "types": ["Creature"], "uuid": "13104167-7a87-5dd2-b00c-90c8a5c9bf10"}, {"artist": "Bastien Grivet", "availability": ["arena"], "borderColor": "black", "colorIdentity": ["G"], "colors": ["G"], "convertedManaCost": 3.0, "finishes": ["nonfoil"], "foreignData": [], "frameVersion": "2015", "hasFoil": false, "hasNonFoil": true, "identifiers": {"mtgArenaId": "81105", "mtgjsonV4Id": "ae0a119d-f7e4-5766-af1f-e5794094ae18", "scryfallId": "7a8f2191-a5d4-4216-aebe-c7ada628e1ed", "scryfallIllustrationId": "9befaa7a-76bc-4054-837b-e7aa39df7852", "scryfallOracleId": "92add7ef-7083-42f4-a4e7-c8648806b809"}, "isOnlineOnly": true, "isStarter": true, "language": "English", "layout": "normal", "legalities": {"alchemy": "Legal", "gladiator": "Legal", "historic": "Legal", "historicbrawl": "Legal"}, "manaCost": "{2}{G}", "manaValue": 3.0, "name": "Boseiju Pathlighter", "number": "26", "power": "3", "printings": ["YNEO"], "purchaseUrls": {}, "rarity": "rare", "rulings": [], "setCode": "YNEO", "subtypes": ["Human", "Rogue"], "supertypes": [], "text": "When Boseiju Pathlighter enters the battlefield, draft a card from Boseiju Pathlighter's spellbook.", "toughness": "2", "type": "Creature — Human Rogue", "types": ["Creature"], "uuid": "e1b2fef8-383b-5bf8-aa84-9f335661ffe2"}, {"artist": "Michele Giorgi", "availability": ["arena"], "borderColor": "black", "colorIdentity": ["G"], "colors": ["G"], "convertedManaCost": 3.0, "finishes": ["nonfoil"], "foreignData": [], "frameVersion": "2015", "hasFoil": false, "hasNonFoil": true, "identifiers": {"mtgArenaId": "81106", "mtgjsonV4Id": "c1f703f8-e06f-5333-a1e2-fe6b573d0a41", "scryfallId": "26a37e3f-e256-41e7-8a91-be56b925e64e", "scryfallIllustrationId": "25efcf4f-0181-4239-9c47-59e502455536", "scryfallOracleId": "59168b9e-0e33-48ce-bb97-f89242e19b67"}, "isOnlineOnly": true, "isStarter": true, "keywords": ["Ninjutsu", "Seek"], "language": "English", "layout": "normal", "legalities": {"alchemy": "Legal", "gladiator": "Legal", "historic": "Legal", "historicbrawl": "Legal"}, "manaCost": "{2}{G}", "manaValue": 3.0, "name": "Jukai Liberator", "number": "27", "power": "3", "printings": ["YNEO"], "purchaseUrls": {}, "rarity": "rare", "rulings": [], "setCode": "YNEO", "subtypes": ["Snake", "Ninja"], "supertypes": [], "text": "Ninjutsu {1}{G}\nWhenever Jukai Liberator deals combat damage to a player, choose land or nonland. Seek a permanent card of the chosen type.", "toughness": "3", "type": "Creature — Snake Ninja", "types": ["Creature"], "uuid": "960d03c0-c4a8-5e83-bb99-072e1aa520e5"}, {"artist": "Mauricio Calle", "availability": ["arena"], "borderColor": "black", "colorIdentity": ["G"], "colors": ["G"], "convertedManaCost": 4.0, "finishes": ["nonfoil"], "foreignData": [], "frameVersion": "2015", "hasFoil": false, "hasNonFoil": true, "identifiers": {"mtgArenaId": "81107", "mtgjsonV4Id": "d6d80456-e0b1-517d-9723-7f1424deea1a", "scryfallId": "687d75a6-149c-483e-8373-f2f4771410ca", "scryfallIllustrationId": "437c3cf3-6c4b-4638-a972-b82d0c26a4ff", "scryfallOracleId": "89036ad4-0b21-470c-8dd5-49e0351cf2f3"}, "isOnlineOnly": true, "isStarter": true, "keywords": ["Enchant", "Intensity"], "language": "English", "layout": "normal", "legalities": {"alchemy": "Legal", "gladiator": "Legal", "historic": "Legal", "historicbrawl": "Legal"}, "manaCost": "{3}{G}", "manaValue": 4.0, "name": "Runaway Growth", "number": "28", "printings": ["YNEO"], "purchaseUrls": {}, "rarity": "rare", "rulings": [], "setCode": "YNEO", "subtypes": ["Aura"], "supertypes": [], "text": "Starting intensity 1\nEnchant land\nWhenever enchanted land is tapped for mana, its controller adds an additional amount of {G} equal to Runaway Growth's intensity, then perpetually increase its intensity by 1.", "type": "Enchantment — Aura", "types": ["Enchantment"], "uuid": "b245885c-6919-5916-b1b9-d89dde686f0b"}, {"artist": "Tom Babbey", "availability": ["arena"], "borderColor": "black", "colorIdentity": ["G"], "colors": ["G"], "convertedManaCost": 4.0, "finishes": ["nonfoil"], "foreignData": [], "frameVersion": "2015", "hasFoil": false, "hasNonFoil": true, "identifiers": {"mtgArenaId": "81108", "mtgjsonV4Id": "2aafb126-647d-579e-a952-d62887bc8611", "scryfallId": "ba3b7de0-9c22-4d25-9b15-6de4e252f9a5", "scryfallIllustrationId": "a291e9b7-502e-427b-b6f1-9d97c8317276", "scryfallOracleId": "d35954f1-93c6-4574-9dcf-66de69645a16"}, "isOnlineOnly": true, "isStarter": true, "language": "English", "layout": "normal", "legalities": {"alchemy": "Legal", "gladiator": "Legal", "historic": "Legal", "historicbrawl": "Legal"}, "manaCost": "{2}{G}{G}", "manaValue": 4.0, "name": "Forceful Cultivator", "number": "29", "power": "2", "printings": ["YNEO"], "purchaseUrls": {}, "rarity": "mythic", "rulings": [], "setCode": "YNEO", "subtypes": ["Snake", "Shaman"], "supertypes": [], "text": "This spell costs {2} less to cast if there are no land cards in your hand.\nWhen Forceful Cultivator enters the battlefield, search your library for a basic land card, put that card onto the battlefield tapped, then shuffle.", "toughness": "3", "type": "Creature — Snake Shaman", "types": ["Creature"], "uuid": "cd85219d-18bf-5fe9-a12f-8e8c3be6d688"}, {"artist": "Miguel Mercado", "availability": ["arena"], "borderColor": "black", "colorIdentity": ["R", "W"], "colors": ["R", "W"], "convertedManaCost": 3.0, "finishes": ["nonfoil"], "foreignData": [], "frameVersion": "2015", "hasFoil": false, "hasNonFoil": true, "identifiers": {"mtgArenaId": "81109", "mtgjsonV4Id": "dbf4f6d9-2b7c-584c-9723-0b39f11f4d2f", "scryfallId": "6d39ec36-e1f9-42cc-bea6-fe4407fb42c1", "scryfallIllustrationId": "26cc68c2-5e74-4359-b16a-3c665553039b", "scryfallOracleId": "af33a600-f014-4388-b7c4-3773dcfeda2f"}, "isOnlineOnly": true, "isStarter": true, "keywords": ["Double strike"], "language": "English", "layout": "normal", "legalities": {"alchemy": "Legal", "gladiator": "Legal", "historic": "Legal", "historicbrawl": "Legal"}, "manaCost": "{1}{R}{W}", "manaValue": 3.0, "name": "Imperial Blademaster", "number": "30", "power": "2", "printings": ["YNEO"], "purchaseUrls": {}, "rarity": "rare", "rulings": [], "securityStamp": "oval", "setCode": "YNEO", "subtypes": ["Human", "Samurai"], "supertypes": [], "text": "Double strike\nWhenever a Samurai or Warrior you control attacks alone, draft a card from Imperial Blademaster's spellbook.", "toughness": "2", "type": "Creature — Human Samurai", "types": ["Creature"], "uuid": "7f54a4e7-36a7-512b-83b1-c59b824fbff3"}], "code": "YNEO", "isFoilOnly": false, "isNonFoilOnly": true, "isOnlineOnly": true, "keyruneCode": "Y22", "name": "Alchemy: Kamigawa", "parentCode": "NEO", "releaseDate": "2022-03-17", "tokens": [], "totalSetSize": 30, "translations": {}, "type": "alchemy"}}