{"meta": {"date": "2022-05-26", "version": "5.2.0+20220526"}, "data": {"baseSetSize": 332, "cards": [{"artist": "Michael Komarck", "availability": ["paper"], "boosterTypes": ["draft"], "borderColor": "black", "colorIdentity": [], "colors": [], "convertedManaCost": 10.0, "edhrecRank": 853, "finishes": ["nonfoil", "foil"], "foreignData": [], "frameEffects": ["legendary"], "frameVersion": "2015", "hasFoil": true, "hasNonFoil": true, "identifiers": {"mtgjsonV4Id": "9fb977ee-bcbe-5c45-9031-88696ae34661", "scryfallId": "d27cf7b7-7982-46bd-a559-7789c0e74bae", "scryfallIllustrationId": "8a8e7660-855a-4ebb-8942-6c56d178c88e", "scryfallOracleId": "7b8528b0-71eb-4c9e-bed9-aa2d2e84038f"}, "isReprint": true, "keywords": ["Annihilator"], "language": "English", "layout": "normal", "leadershipSkills": {"brawl": false, "commander": true, "oathbreaker": false}, "legalities": {"commander": "Legal", "duel": "Legal", "legacy": "Legal", "modern": "Legal", "vintage": "Legal"}, "manaCost": "{10}", "manaValue": 10.0, "name": "Kozilek, Butcher of Truth", "number": "2", "power": "12", "printings": ["2X2", "MM2", "PLIST", "PUMA", "ROE", "UMA"], "purchaseUrls": {}, "rarity": "mythic", "rulings": [{"date": "2010-06-15", "text": "Annihilator abilities trigger and resolve during the declare attackers step. The defending player chooses and sacrifices the required number of permanents before they declare blockers. Any creatures sacrificed this way won’t be able to block."}, {"date": "2010-06-15", "text": "If a creature with annihilator is attacking a planeswalker, and the defending player chooses to sacrifice that planeswalker, the attacking creature continues to attack. It may be blocked. If it isn’t blocked, it simply won’t deal combat damage to anything."}, {"date": "2018-12-07", "text": "Kozilek’s first ability triggers as you cast it, and that ability resolves before the spell itself. It resolves even if the spell is countered."}], "securityStamp": "oval", "setCode": "2X2", "subtypes": ["Eldrazi"], "supertypes": ["Legendary"], "text": "When you cast this spell, draw four cards.\nAnnihilator 4 (Whenever this creature attacks, defending player sacrifices four permanents.)\nWhen Kozilek, Butcher of Truth is put into a graveyard from anywhere, its owner shuffles their graveyard into their library.", "toughness": "12", "type": "Legendary Creature — Eldrazi", "types": ["Creature"], "uuid": "14e24424-15a0-5b28-817f-de8c72748469", "variations": ["c83d9fb9-922a-50cd-ac0b-59627916983d", "bc7929be-9502-5450-92bf-f154bf326456"]}, {"artist": "Greg Hildebrandt & Tim Hildebrandt", "availability": ["paper"], "boosterTypes": ["draft"], "borderColor": "black", "colorIdentity": ["W"], "colors": ["W"], "convertedManaCost": 1.0, "edhrecRank": 1215, "finishes": ["nonfoil", "foil"], "foreignData": [], "frameVersion": "2015", "hasFoil": true, "hasNonFoil": true, "identifiers": {"mtgjsonV4Id": "57fcd1ec-13c5-517c-8f9b-9adde418f493", "scryfallId": "09656d96-c366-49ec-b687-cad903de1385", "scryfallIllustrationId": "99ee4bf2-64d2-4d6a-a018-ee0b0742abd4", "scryfallOracleId": "1093fdb6-bd4f-46a8-92e3-5aa46b52bb4f"}, "isReprint": true, "language": "English", "layout": "normal", "legalities": {"commander": "Legal", "duel": "Legal", "legacy": "Legal", "modern": "Legal", "penny": "Legal", "premodern": "Legal", "vintage": "Legal"}, "manaCost": "{W}", "manaValue": 1.0, "name": "Weathered Wayfarer", "number": "34", "power": "1", "printings": ["2X2", "9ED", "MB1", "ONS", "TD0"], "purchaseUrls": {}, "rarity": "rare", "rulings": [], "securityStamp": "oval", "setCode": "2X2", "subtypes": ["Human", "Nomad", "Cleric"], "supertypes": [], "text": "{W}, {T}: Search your library for a land card, reveal it, put it into your hand, then shuffle. Activate only if an opponent controls more lands than you.", "toughness": "1", "type": "Creature — Human Nomad Cleric", "types": ["Creature"], "uuid": "e1c7ee58-705e-5aa5-abab-30996d76ca83", "variations": ["2d1df6ec-03be-5af2-9fe2-8ac9b3168e56", "618274eb-37b7-5009-bc6a-5c60e8c4f233"]}, {"artist": "Jaime Jones", "availability": ["paper"], "boosterTypes": ["draft"], "borderColor": "black", "colorIdentity": ["B"], "colors": ["B"], "convertedManaCost": 3.0, "edhrecRank": 4682, "finishes": ["nonfoil", "foil"], "foreignData": [], "frameVersion": "2015", "hasFoil": true, "hasNonFoil": true, "identifiers": {"mtgjsonV4Id": "80a6e030-641a-526e-a327-3e2246a123b8", "scryfallId": "f7ae5085-0d0d-4d7d-80a3-614315a07de5", "scryfallIllustrationId": "c89241b5-0804-451f-bcdb-fadb313133e9", "scryfallOracleId": "64a9a6b4-26b5-4d23-be86-85c54e9c4727"}, "isReprint": true, "keywords": ["Mill"], "language": "English", "layout": "normal", "leadershipSkills": {"brawl": false, "commander": false, "oathbreaker": true}, "legalities": {"commander": "Legal", "duel": "Legal", "legacy": "Legal", "modern": "Legal", "pioneer": "Legal", "vintage": "Legal"}, "loyalty": "3", "manaCost": "{1}{B}{B}", "manaValue": 3.0, "name": "Liliana, the Last Hope", "number": "81", "printings": ["2X2", "EMN", "MED", "PEMN", "PLIST", "PS16"], "purchaseUrls": {}, "rarity": "mythic", "rulings": [{"date": "2016-07-13", "text": "You can activate Liliana’s first ability without any targets just to add a loyalty counter to her."}, {"date": "2016-07-13", "text": "Liliana’s second ability doesn’t target the card to return to your hand. After putting the top two cards of your library into your graveyard, you may choose from among any creature cards there."}, {"date": "2016-07-13", "text": "While resolving the triggered ability of Liliana’s emblem, if you control zero Zombies, you’ll get two Zombie tokens."}], "securityStamp": "oval", "setCode": "2X2", "subtypes": ["Liliana"], "supertypes": ["Legendary"], "text": "[+1]: Up to one target creature gets -2/-1 until your next turn.\n[−2]: Mill two cards, then you may return a creature card from your graveyard to your hand.\n[−7]: You get an emblem with \"At the beginning of your end step, create X 2/2 black Zombie creature tokens, where X is two plus the number of Zombies you control.\"", "type": "Legendary Planeswalker — Liliana", "types": ["Planeswalker"], "uuid": "7a05291f-d4ec-597f-8685-db41838d38c5", "variations": ["d0d78dd8-cbe2-5387-8433-5ce7e4ef0d11", "f93cadb6-5cd4-5b3b-a374-c44c57cd1c01"]}, {"artist": "Jonas De Ro", "availability": ["paper"], "boosterTypes": ["draft"], "borderColor": "black", "colorIdentity": ["G", "U"], "colors": ["G", "U"], "convertedManaCost": 5.0, "edhrecRank": 2914, "finishes": ["nonfoil", "foil"], "foreignData": [], "frameVersion": "2015", "hasFoil": true, "hasNonFoil": true, "identifiers": {"mtgjsonV4Id": "1b5c8f2e-a24b-5c5d-9f77-c7a172bafcf8", "scryfallId": "e3399260-a81a-475c-9b87-1efb1a13f8d6", "scryfallIllustrationId": "cb39de56-1bf8-4286-830c-4f56c26069a7", "scryfallOracleId": "67183256-23cc-4af5-991e-d7148e942c63"}, "isReprint": true, "keywords": ["Converge"], "language": "English", "layout": "normal", "legalities": {"commander": "Legal", "duel": "Legal", "legacy": "Legal", "modern": "Legal", "pioneer": "Legal", "vintage": "Legal"}, "manaCost": "{3}{G}{U}", "manaValue": 5.0, "name": "Bring to Light", "number": "188", "printings": ["2X2", "BFZ", "PBFZ"], "purchaseUrls": {}, "rarity": "rare", "rulings": [{"date": "2015-08-25", "text": "If you cast an instant or sorcery card this way, it goes to your graveyard as normal. It doesn’t return to exile."}, {"date": "2015-08-25", "text": "If you cast the exiled card, you do so as part of the resolution of Bring to Light. You can’t wait to cast it later in the turn. Timing restrictions based on the card’s type are ignored, but other restrictions (such as “Cast [this card] only during combat”) are not."}, {"date": "2015-08-25", "text": "If you cast a card “without paying its mana cost,” you can’t choose to cast it for any alternative costs, such as awaken costs. You can, however, pay additional costs, such as kicker costs. If the card has any mandatory additional costs, you must pay those to cast the card."}, {"date": "2015-08-25", "text": "If the card has {X} in its mana cost, you must choose 0 as the value of X."}, {"date": "2015-08-25", "text": "If you don’t cast the card, it remains exiled."}, {"date": "2015-08-25", "text": "The maximum number of colors of mana you can spend to cast a spell is five. Colorless is not a color. Note that the cost of a spell with converge may limit how many colors of mana you can spend."}, {"date": "2015-08-25", "text": "Unless a spell or ability allows you to, you can’t choose to pay more mana for a spell with a converge ability just to spend more colors of mana. Likewise, if a spell or ability reduces the amount of mana it costs you to cast a spell with converge, you can’t ignore that cost reduction in order to spend more colors of mana."}, {"date": "2015-08-25", "text": "If there are any alternative or additional costs to cast a spell with a converge ability, the mana spent to pay those costs will count. For example, if an effect makes sorcery spells cost {1} more to cast, you could pay {W}{U}{B}{R} to cast Radiant Flames and deal 4 damage to each creature."}, {"date": "2015-08-25", "text": "If you cast a spell with converge without spending any mana to cast it (perhaps because an effect allowed you to cast it without paying its mana cost), then the number of colors spent to cast it will be zero."}, {"date": "2015-08-25", "text": "If a spell with a converge ability is copied, no mana was spent to cast the copy, so the number of colors of mana spent to cast the spell will be zero. The number of colors spent to cast the original spell is not copied."}], "securityStamp": "oval", "setCode": "2X2", "subtypes": [], "supertypes": [], "text": "Converge — Search your library for a creature, instant, or sorcery card with mana value less than or equal to the number of colors of mana spent to cast this spell, exile that card, then shuffle. You may cast that card without paying its mana cost.", "type": "Sorcery", "types": ["Sorcery"], "uuid": "cd288c55-34cf-541a-86a1-6713483626c5", "variations": ["e4f9d90c-a6eb-51f4-9930-06520951164e", "99a96354-f726-5420-9325-c665661bbfd2"]}, {"artist": "Chase Stone", "availability": ["paper"], "boosterTypes": ["draft"], "borderColor": "black", "colorIdentity": ["G", "R"], "colors": ["G", "R"], "convertedManaCost": 2.0, "edhrecRank": 3145, "finishes": ["nonfoil", "foil"], "foreignData": [], "frameVersion": "2015", "hasFoil": true, "hasNonFoil": true, "identifiers": {"mtgjsonV4Id": "997dfb81-1b1b-502a-be8c-fd875f9963ee", "scryfallId": "5bd498cc-a609-4457-9325-6888d59ca36f", "scryfallIllustrationId": "d0930da0-02bd-44a7-a183-507c49b8ef17", "scryfallOracleId": "108ae90a-50fa-4cfd-b751-d630e41425fe"}, "isReprint": true, "language": "English", "layout": "normal", "leadershipSkills": {"brawl": false, "commander": false, "oathbreaker": true}, "legalities": {"commander": "Legal", "duel": "Legal", "legacy": "Banned", "modern": "Legal", "vintage": "Legal"}, "loyalty": "3", "manaCost": "{R}{G}", "manaValue": 2.0, "name": "Wrenn and Six", "number": "296", "printings": ["2X2", "MH1", "PLIST"], "purchaseUrls": {}, "rarity": "mythic", "rulings": [{"date": "2019-06-14", "text": "When a spell you cast with retrace resolves or is countered, it’s put back into your graveyard. You may use the retrace ability to cast it again."}], "securityStamp": "oval", "setCode": "2X2", "subtypes": ["Wrenn"], "supertypes": ["Legendary"], "text": "[+1]: Return up to one target land card from your graveyard to your hand.\n[−1]: Wrenn and Six deals 1 damage to any target.\n[−7]: You get an emblem with \"Instant and sorcery cards in your graveyard have retrace.\" (You may cast instant and sorcery cards from your graveyard by discarding a land card in addition to paying their other costs.)", "type": "Legendary Planeswalker — Wrenn", "types": ["Planeswalker"], "uuid": "3f2cdb30-dd78-5ea8-96e4-4efd56396e6e", "variations": ["691697d5-b4b5-5515-8388-74f1bd72c290", "5cdc6abc-175b-55ab-9b4a-e70ec7449b91"]}, {"artist": "Scott M. Fischer", "availability": ["paper"], "borderColor": "borderless", "colorIdentity": ["B"], "colors": ["B"], "convertedManaCost": 3.0, "edhrecRank": 4682, "finishes": ["nonfoil", "foil"], "foreignData": [], "frameEffects": ["inverted"], "frameVersion": "2015", "hasFoil": true, "hasNonFoil": true, "identifiers": {"mtgjsonV4Id": "94e36872-ac06-5f3c-9196-20ff63e99ab6", "scryfallId": "c8638c18-f5ea-4e36-9c48-ec1446d0f7a6", "scryfallIllustrationId": "200cf618-f0c7-43f2-a054-ff29588ef50d", "scryfallOracleId": "64a9a6b4-26b5-4d23-be86-85c54e9c4727"}, "isReprint": true, "isStarter": true, "keywords": ["Mill"], "language": "English", "layout": "normal", "leadershipSkills": {"brawl": false, "commander": false, "oathbreaker": true}, "legalities": {"commander": "Legal", "duel": "Legal", "legacy": "Legal", "modern": "Legal", "pioneer": "Legal", "vintage": "Legal"}, "loyalty": "3", "manaCost": "{1}{B}{B}", "manaValue": 3.0, "name": "Liliana, the Last Hope", "number": "333", "printings": ["2X2", "EMN", "MED", "PEMN", "PLIST", "PS16"], "promoTypes": ["boosterfun"], "purchaseUrls": {}, "rarity": "mythic", "rulings": [{"date": "2016-07-13", "text": "You can activate Liliana’s first ability without any targets just to add a loyalty counter to her."}, {"date": "2016-07-13", "text": "Liliana’s second ability doesn’t target the card to return to your hand. After putting the top two cards of your library into your graveyard, you may choose from among any creature cards there."}, {"date": "2016-07-13", "text": "While resolving the triggered ability of Liliana’s emblem, if you control zero Zombies, you’ll get two Zombie tokens."}], "securityStamp": "oval", "setCode": "2X2", "subtypes": ["Liliana"], "supertypes": ["Legendary"], "text": "[+1]: Up to one target creature gets -2/-1 until your next turn.\n[−2]: Mill two cards, then you may return a creature card from your graveyard to your hand.\n[−7]: You get an emblem with \"At the beginning of your end step, create X 2/2 black Zombie creature tokens, where X is two plus the number of Zombies you control.\"", "type": "Legendary Planeswalker — Liliana", "types": ["Planeswalker"], "uuid": "d0d78dd8-cbe2-5387-8433-5ce7e4ef0d11", "variations": ["7a05291f-d4ec-597f-8685-db41838d38c5", "f93cadb6-5cd4-5b3b-a374-c44c57cd1c01"]}, {"artist": "Donato Giancola", "availability": ["paper"], "borderColor": "borderless", "colorIdentity": ["G", "R"], "colors": ["G", "R"], "convertedManaCost": 2.0, "edhrecRank": 3145, "finishes": ["nonfoil", "foil"], "foreignData": [], "frameVersion": "2015", "hasFoil": true, "hasNonFoil": true, "identifiers": {"mtgjsonV4Id": "26c2bc9c-dac7-53c6-ab1c-e50031f916e6", "scryfallId": "169fcff7-58f2-420b-a5f1-642ad38709b3", "scryfallIllustrationId": "e3c4ac9e-ecaf-46d6-b99c-409db462371b", "scryfallOracleId": "108ae90a-50fa-4cfd-b751-d630e41425fe"}, "isReprint": true, "isStarter": true, "language": "English", "layout": "normal", "leadershipSkills": {"brawl": false, "commander": false, "oathbreaker": true}, "legalities": {"commander": "Legal", "duel": "Legal", "legacy": "Banned", "modern": "Legal", "vintage": "Legal"}, "loyalty": "3", "manaCost": "{R}{G}", "manaValue": 2.0, "name": "Wrenn and Six", "number": "334", "printings": ["2X2", "MH1", "PLIST"], "promoTypes": ["boosterfun"], "purchaseUrls": {}, "rarity": "mythic", "rulings": [{"date": "2019-06-14", "text": "When a spell you cast with retrace resolves or is countered, it’s put back into your graveyard. You may use the retrace ability to cast it again."}], "securityStamp": "oval", "setCode": "2X2", "subtypes": ["Wrenn"], "supertypes": ["Legendary"], "text": "[+1]: Return up to one target land card from your graveyard to your hand.\n[−1]: Wrenn and Six deals 1 damage to any target.\n[−7]: You get an emblem with \"Instant and sorcery cards in your graveyard have retrace.\" (You may cast instant and sorcery cards from your graveyard by discarding a land card in addition to paying their other costs.)", "type": "Legendary Planeswalker — Wrenn", "types": ["Planeswalker"], "uuid": "691697d5-b4b5-5515-8388-74f1bd72c290", "variations": ["3f2cdb30-dd78-5ea8-96e4-4efd56396e6e", "5cdc6abc-175b-55ab-9b4a-e70ec7449b91"]}, {"artist": "Ian Miller", "availability": ["paper"], "borderColor": "borderless", "colorIdentity": [], "colors": [], "convertedManaCost": 10.0, "edhrecRank": 853, "finishes": ["nonfoil", "foil"], "foreignData": [], "frameEffects": ["legendary", "inverted"], "frameVersion": "2015", "hasFoil": true, "hasNonFoil": true, "identifiers": {"mtgjsonV4Id": "a9fc6c1e-72bd-5cec-b01a-fb0e852c4367", "scryfallId": "64b4b6cd-6d0f-4060-b51f-61f481000d51", "scryfallIllustrationId": "335cde17-7de4-4e99-90ec-bf3c9313d3cc", "scryfallOracleId": "7b8528b0-71eb-4c9e-bed9-aa2d2e84038f"}, "isReprint": true, "isStarter": true, "keywords": ["Annihilator"], "language": "English", "layout": "normal", "leadershipSkills": {"brawl": false, "commander": true, "oathbreaker": false}, "legalities": {"commander": "Legal", "duel": "Legal", "legacy": "Legal", "modern": "Legal", "vintage": "Legal"}, "manaCost": "{10}", "manaValue": 10.0, "name": "Kozilek, Butcher of Truth", "number": "336", "power": "12", "printings": ["2X2", "MM2", "PLIST", "PUMA", "ROE", "UMA"], "promoTypes": ["boosterfun"], "purchaseUrls": {}, "rarity": "mythic", "rulings": [{"date": "2010-06-15", "text": "Annihilator abilities trigger and resolve during the declare attackers step. The defending player chooses and sacrifices the required number of permanents before they declare blockers. Any creatures sacrificed this way won’t be able to block."}, {"date": "2010-06-15", "text": "If a creature with annihilator is attacking a planeswalker, and the defending player chooses to sacrifice that planeswalker, the attacking creature continues to attack. It may be blocked. If it isn’t blocked, it simply won’t deal combat damage to anything."}, {"date": "2018-12-07", "text": "Kozilek’s first ability triggers as you cast it, and that ability resolves before the spell itself. It resolves even if the spell is countered."}], "securityStamp": "oval", "setCode": "2X2", "subtypes": ["Eldrazi"], "supertypes": ["Legendary"], "text": "When you cast this spell, draw four cards.\nAnnihilator 4 (Whenever this creature attacks, defending player sacrifices four permanents.)\nWhen Kozilek, Butcher of Truth is put into a graveyard from anywhere, its owner shuffles their graveyard into their library.", "toughness": "12", "type": "Legendary Creature — Eldrazi", "types": ["Creature"], "uuid": "c83d9fb9-922a-50cd-ac0b-59627916983d", "variations": ["14e24424-15a0-5b28-817f-de8c72748469", "bc7929be-9502-5450-92bf-f154bf326456"]}, {"artist": "Michael Komarck", "availability": ["paper"], "borderColor": "black", "colorIdentity": [], "colors": [], "convertedManaCost": 10.0, "edhrecRank": 853, "finishes": ["etched"], "foreignData": [], "frameEffects": ["legendary", "inverted"], "frameVersion": "2015", "hasFoil": false, "hasNonFoil": false, "identifiers": {"mtgjsonV4Id": "d57c15fb-f6af-5879-82f6-bb545a033bed", "scryfallId": "8a4358e0-9dad-48dd-aad0-d4a3ab4766c7", "scryfallIllustrationId": "8a8e7660-855a-4ebb-8942-6c56d178c88e", "scryfallOracleId": "7b8528b0-71eb-4c9e-bed9-aa2d2e84038f"}, "isReprint": true, "isStarter": true, "keywords": ["Annihilator"], "language": "English", "layout": "normal", "leadershipSkills": {"brawl": false, "commander": true, "oathbreaker": false}, "legalities": {"commander": "Legal", "duel": "Legal", "legacy": "Legal", "modern": "Legal", "vintage": "Legal"}, "manaCost": "{10}", "manaValue": 10.0, "name": "Kozilek, Butcher of Truth", "number": "414", "power": "12", "printings": ["2X2", "MM2", "PLIST", "PUMA", "ROE", "UMA"], "promoTypes": ["boosterfun"], "purchaseUrls": {}, "rarity": "mythic", "rulings": [{"date": "2010-06-15", "text": "Annihilator abilities trigger and resolve during the declare attackers step. The defending player chooses and sacrifices the required number of permanents before they declare blockers. Any creatures sacrificed this way won’t be able to block."}, {"date": "2010-06-15", "text": "If a creature with annihilator is attacking a planeswalker, and the defending player chooses to sacrifice that planeswalker, the attacking creature continues to attack. It may be blocked. If it isn’t blocked, it simply won’t deal combat damage to anything."}, {"date": "2018-12-07", "text": "Kozilek’s first ability triggers as you cast it, and that ability resolves before the spell itself. It resolves even if the spell is countered."}], "securityStamp": "oval", "setCode": "2X2", "subtypes": ["Eldrazi"], "supertypes": ["Legendary"], "text": "When you cast this spell, draw four cards.\nAnnihilator 4 (Whenever this creature attacks, defending player sacrifices four permanents.)\nWhen Kozilek, Butcher of Truth is put into a graveyard from anywhere, its owner shuffles their graveyard into their library.", "toughness": "12", "type": "Legendary Creature — Eldrazi", "types": ["Creature"], "uuid": "bc7929be-9502-5450-92bf-f154bf326456", "variations": ["14e24424-15a0-5b28-817f-de8c72748469", "c83d9fb9-922a-50cd-ac0b-59627916983d"]}, {"artist": "Greg Hildebrandt & Tim Hildebrandt", "availability": ["paper"], "borderColor": "black", "colorIdentity": ["W"], "colors": ["W"], "convertedManaCost": 1.0, "edhrecRank": 1215, "finishes": ["etched"], "foreignData": [], "frameEffects": ["etched"], "frameVersion": "2015", "hasFoil": false, "hasNonFoil": false, "identifiers": {"mtgjsonV4Id": "dce7fa83-3f20-5c1b-8ab8-f87432fc9b86", "scryfallId": "499ac8a0-9f1a-4ece-a1b3-b175bb1e8486", "scryfallIllustrationId": "99ee4bf2-64d2-4d6a-a018-ee0b0742abd4", "scryfallOracleId": "1093fdb6-bd4f-46a8-92e3-5aa46b52bb4f"}, "isReprint": true, "isStarter": true, "language": "English", "layout": "normal", "legalities": {"commander": "Legal", "duel": "Legal", "legacy": "Legal", "modern": "Legal", "penny": "Legal", "premodern": "Legal", "vintage": "Legal"}, "manaCost": "{W}", "manaValue": 1.0, "name": "Weathered Wayfarer", "number": "425", "power": "1", "printings": ["2X2", "9ED", "MB1", "ONS", "TD0"], "promoTypes": ["boosterfun"], "purchaseUrls": {}, "rarity": "rare", "rulings": [], "securityStamp": "oval", "setCode": "2X2", "subtypes": ["Human", "Nomad", "Cleric"], "supertypes": [], "text": "{W}, {T}: Search your library for a land card, reveal it, put it into your hand, then shuffle. Activate only if an opponent controls more lands than you.", "toughness": "1", "type": "Creature — Human Nomad Cleric", "types": ["Creature"], "uuid": "2d1df6ec-03be-5af2-9fe2-8ac9b3168e56", "variations": ["e1c7ee58-705e-5aa5-abab-30996d76ca83", "618274eb-37b7-5009-bc6a-5c60e8c4f233"]}, {"artist": "Jaime Jones", "availability": ["paper"], "borderColor": "black", "colorIdentity": ["B"], "colors": ["B"], "convertedManaCost": 3.0, "edhrecRank": 4682, "finishes": ["etched"], "foreignData": [], "frameEffects": ["inverted"], "frameVersion": "2015", "hasFoil": false, "hasNonFoil": false, "identifiers": {"mtgjsonV4Id": "d8afd30a-12cb-560a-9b89-5594c7d42ab3", "scryfallId": "50269303-0bd9-474e-bd16-e0d13a5cbb74", "scryfallIllustrationId": "c89241b5-0804-451f-bcdb-fadb313133e9", "scryfallOracleId": "64a9a6b4-26b5-4d23-be86-85c54e9c4727"}, "isReprint": true, "isStarter": true, "keywords": ["Mill"], "language": "English", "layout": "normal", "leadershipSkills": {"brawl": false, "commander": false, "oathbreaker": true}, "legalities": {"commander": "Legal", "duel": "Legal", "legacy": "Legal", "modern": "Legal", "pioneer": "Legal", "vintage": "Legal"}, "loyalty": "3", "manaCost": "{1}{B}{B}", "manaValue": 3.0, "name": "Liliana, the Last Hope", "number": "440", "printings": ["2X2", "EMN", "MED", "PEMN", "PLIST", "PS16"], "promoTypes": ["boosterfun"], "purchaseUrls": {}, "rarity": "mythic", "rulings": [{"date": "2016-07-13", "text": "You can activate Liliana’s first ability without any targets just to add a loyalty counter to her."}, {"date": "2016-07-13", "text": "Liliana’s second ability doesn’t target the card to return to your hand. After putting the top two cards of your library into your graveyard, you may choose from among any creature cards there."}, {"date": "2016-07-13", "text": "While resolving the triggered ability of Liliana’s emblem, if you control zero Zombies, you’ll get two Zombie tokens."}], "securityStamp": "oval", "setCode": "2X2", "subtypes": ["Liliana"], "supertypes": ["Legendary"], "text": "[+1]: Up to one target creature gets -2/-1 until your next turn.\n[−2]: Mill two cards, then you may return a creature card from your graveyard to your hand.\n[−7]: You get an emblem with \"At the beginning of your end step, create X 2/2 black Zombie creature tokens, where X is two plus the number of Zombies you control.\"", "type": "Legendary Planeswalker — Liliana", "types": ["Planeswalker"], "uuid": "f93cadb6-5cd4-5b3b-a374-c44c57cd1c01", "variations": ["7a05291f-d4ec-597f-8685-db41838d38c5", "d0d78dd8-cbe2-5387-8433-5ce7e4ef0d11"]}, {"artist": "Jonas De Ro", "availability": ["paper"], "borderColor": "black", "colorIdentity": ["G", "U"], "colors": ["G", "U"], "convertedManaCost": 5.0, "edhrecRank": 2914, "finishes": ["etched"], "foreignData": [], "frameEffects": ["etched"], "frameVersion": "2015", "hasFoil": false, "hasNonFoil": false, "identifiers": {"mtgjsonV4Id": "501ca5a0-43b0-5a3f-8dfb-ab5fe811e6b1", "scryfallId": "049a1e2a-37db-4575-ad63-3de7e664ab33", "scryfallIllustrationId": "cb39de56-1bf8-4286-830c-4f56c26069a7", "scryfallOracleId": "67183256-23cc-4af5-991e-d7148e942c63"}, "isReprint": true, "isStarter": true, "keywords": ["Converge"], "language": "English", "layout": "normal", "legalities": {"commander": "Legal", "duel": "Legal", "legacy": "Legal", "modern": "Legal", "pioneer": "Legal", "vintage": "Legal"}, "manaCost": "{3}{G}{U}", "manaValue": 5.0, "name": "Bring to Light", "number": "480", "printings": ["2X2", "BFZ", "PBFZ"], "promoTypes": ["boosterfun"], "purchaseUrls": {}, "rarity": "rare", "rulings": [{"date": "2015-08-25", "text": "If you cast an instant or sorcery card this way, it goes to your graveyard as normal. It doesn’t return to exile."}, {"date": "2015-08-25", "text": "If you cast the exiled card, you do so as part of the resolution of Bring to Light. You can’t wait to cast it later in the turn. Timing restrictions based on the card’s type are ignored, but other restrictions (such as “Cast [this card] only during combat”) are not."}, {"date": "2015-08-25", "text": "If you cast a card “without paying its mana cost,” you can’t choose to cast it for any alternative costs, such as awaken costs. You can, however, pay additional costs, such as kicker costs. If the card has any mandatory additional costs, you must pay those to cast the card."}, {"date": "2015-08-25", "text": "If the card has {X} in its mana cost, you must choose 0 as the value of X."}, {"date": "2015-08-25", "text": "If you don’t cast the card, it remains exiled."}, {"date": "2015-08-25", "text": "The maximum number of colors of mana you can spend to cast a spell is five. Colorless is not a color. Note that the cost of a spell with converge may limit how many colors of mana you can spend."}, {"date": "2015-08-25", "text": "Unless a spell or ability allows you to, you can’t choose to pay more mana for a spell with a converge ability just to spend more colors of mana. Likewise, if a spell or ability reduces the amount of mana it costs you to cast a spell with converge, you can’t ignore that cost reduction in order to spend more colors of mana."}, {"date": "2015-08-25", "text": "If there are any alternative or additional costs to cast a spell with a converge ability, the mana spent to pay those costs will count. For example, if an effect makes sorcery spells cost {1} more to cast, you could pay {W}{U}{B}{R} to cast Radiant Flames and deal 4 damage to each creature."}, {"date": "2015-08-25", "text": "If you cast a spell with converge without spending any mana to cast it (perhaps because an effect allowed you to cast it without paying its mana cost), then the number of colors spent to cast it will be zero."}, {"date": "2015-08-25", "text": "If a spell with a converge ability is copied, no mana was spent to cast the copy, so the number of colors of mana spent to cast the spell will be zero. The number of colors spent to cast the original spell is not copied."}], "securityStamp": "oval", "setCode": "2X2", "subtypes": [], "supertypes": [], "text": "Converge — Search your library for a creature, instant, or sorcery card with mana value less than or equal to the number of colors of mana spent to cast this spell, exile that card, then shuffle. You may cast that card without paying its mana cost.", "type": "Sorcery", "types": ["Sorcery"], "uuid": "e4f9d90c-a6eb-51f4-9930-06520951164e", "variations": ["cd288c55-34cf-541a-86a1-6713483626c5", "99a96354-f726-5420-9325-c665661bbfd2"]}, {"artist": "Chase Stone", "availability": ["paper"], "borderColor": "black", "colorIdentity": ["G", "R"], "colors": ["G", "R"], "convertedManaCost": 2.0, "edhrecRank": 3145, "finishes": ["etched"], "foreignData": [], "frameEffects": ["inverted"], "frameVersion": "2015", "hasFoil": false, "hasNonFoil": false, "identifiers": {"mtgjsonV4Id": "26e3c84b-0cd2-598b-a72a-5ed4d981ff3a", "scryfallId": "d4282ddd-3e5b-4d4c-b1b7-a48401a3521f", "scryfallIllustrationId": "d0930da0-02bd-44a7-a183-507c49b8ef17", "scryfallOracleId": "108ae90a-50fa-4cfd-b751-d630e41425fe"}, "isReprint": true, "isStarter": true, "language": "English", "layout": "normal", "leadershipSkills": {"brawl": false, "commander": false, "oathbreaker": true}, "legalities": {"commander": "Legal", "duel": "Legal", "legacy": "Banned", "modern": "Legal", "vintage": "Legal"}, "loyalty": "3", "manaCost": "{R}{G}", "manaValue": 2.0, "name": "Wrenn and Six", "number": "553", "printings": ["2X2", "MH1", "PLIST"], "promoTypes": ["boosterfun"], "purchaseUrls": {}, "rarity": "mythic", "rulings": [{"date": "2019-06-14", "text": "When a spell you cast with retrace resolves or is countered, it’s put back into your graveyard. You may use the retrace ability to cast it again."}], "securityStamp": "oval", "setCode": "2X2", "subtypes": ["Wrenn"], "supertypes": ["Legendary"], "text": "[+1]: Return up to one target land card from your graveyard to your hand.\n[−1]: Wrenn and Six deals 1 damage to any target.\n[−7]: You get an emblem with \"Instant and sorcery cards in your graveyard have retrace.\" (You may cast instant and sorcery cards from your graveyard by discarding a land card in addition to paying their other costs.)", "type": "Legendary Planeswalker — Wrenn", "types": ["Planeswalker"], "uuid": "5cdc6abc-175b-55ab-9b4a-e70ec7449b91", "variations": ["3f2cdb30-dd78-5ea8-96e4-4efd56396e6e", "691697d5-b4b5-5515-8388-74f1bd72c290"]}, {"artist": "Dermot Power", "availability": ["paper"], "borderColor": "black", "colorIdentity": ["W"], "colors": ["W"], "convertedManaCost": 1.0, "edhrecRank": 1215, "finishes": ["nonfoil", "foil"], "foreignData": [], "frameVersion": "2015", "hasFoil": true, "hasNonFoil": true, "identifiers": {"mtgjsonV4Id": "59c2f6e4-22ed-580a-aa03-9316ab7d8ca5", "scryfallId": "3a1b6cf0-24b0-43b0-ab95-8bf73710c8ee", "scryfallIllustrationId": "b4ff4107-e68d-40da-abdd-3889b853f901", "scryfallOracleId": "1093fdb6-bd4f-46a8-92e3-5aa46b52bb4f"}, "isPromo": true, "isReprint": true, "isStarter": true, "language": "English", "layout": "normal", "legalities": {"commander": "Legal", "duel": "Legal", "legacy": "Legal", "modern": "Legal", "penny": "Legal", "premodern": "Legal", "vintage": "Legal"}, "manaCost": "{W}", "manaValue": 1.0, "name": "Weathered Wayfarer", "number": "578", "power": "1", "printings": ["2X2", "9ED", "MB1", "ONS", "TD0"], "promoTypes": ["release"], "purchaseUrls": {}, "rarity": "rare", "rulings": [], "securityStamp": "oval", "setCode": "2X2", "subtypes": ["Human", "Nomad", "Cleric"], "supertypes": [], "text": "{W}, {T}: Search your library for a land card, reveal it, put it into your hand, then shuffle. Activate only if an opponent controls more lands than you.", "toughness": "1", "type": "Creature — Human Nomad Cleric", "types": ["Creature"], "uuid": "618274eb-37b7-5009-bc6a-5c60e8c4f233", "variations": ["e1c7ee58-705e-5aa5-abab-30996d76ca83", "2d1df6ec-03be-5af2-9fe2-8ac9b3168e56"]}, {"artist": "Mark Poole", "availability": ["paper"], "borderColor": "black", "colorIdentity": ["G", "U"], "colors": ["G", "U"], "convertedManaCost": 5.0, "edhrecRank": 2914, "finishes": ["nonfoil", "foil"], "foreignData": [], "frameVersion": "2015", "hasFoil": true, "hasNonFoil": true, "identifiers": {"mtgjsonV4Id": "7a4ed24e-b944-5bb0-a06e-8a515ede13b7", "scryfallId": "467ed050-ed2a-4043-b12b-5d29fb506eb3", "scryfallIllustrationId": "a010781d-e6d8-410d-b465-1cadc3ba76c6", "scryfallOracleId": "67183256-23cc-4af5-991e-d7148e942c63"}, "isPromo": true, "isReprint": true, "isStarter": true, "keywords": ["Converge"], "language": "English", "layout": "normal", "legalities": {"commander": "Legal", "duel": "Legal", "legacy": "Legal", "modern": "Legal", "pioneer": "Legal", "vintage": "Legal"}, "manaCost": "{3}{G}{U}", "manaValue": 5.0, "name": "Bring to Light", "number": "579", "printings": ["2X2", "BFZ", "PBFZ"], "promoTypes": ["release"], "purchaseUrls": {}, "rarity": "rare", "rulings": [{"date": "2015-08-25", "text": "If you cast an instant or sorcery card this way, it goes to your graveyard as normal. It doesn’t return to exile."}, {"date": "2015-08-25", "text": "If you cast the exiled card, you do so as part of the resolution of Bring to Light. You can’t wait to cast it later in the turn. Timing restrictions based on the card’s type are ignored, but other restrictions (such as “Cast [this card] only during combat”) are not."}, {"date": "2015-08-25", "text": "If you cast a card “without paying its mana cost,” you can’t choose to cast it for any alternative costs, such as awaken costs. You can, however, pay additional costs, such as kicker costs. If the card has any mandatory additional costs, you must pay those to cast the card."}, {"date": "2015-08-25", "text": "If the card has {X} in its mana cost, you must choose 0 as the value of X."}, {"date": "2015-08-25", "text": "If you don’t cast the card, it remains exiled."}, {"date": "2015-08-25", "text": "The maximum number of colors of mana you can spend to cast a spell is five. Colorless is not a color. Note that the cost of a spell with converge may limit how many colors of mana you can spend."}, {"date": "2015-08-25", "text": "Unless a spell or ability allows you to, you can’t choose to pay more mana for a spell with a converge ability just to spend more colors of mana. Likewise, if a spell or ability reduces the amount of mana it costs you to cast a spell with converge, you can’t ignore that cost reduction in order to spend more colors of mana."}, {"date": "2015-08-25", "text": "If there are any alternative or additional costs to cast a spell with a converge ability, the mana spent to pay those costs will count. For example, if an effect makes sorcery spells cost {1} more to cast, you could pay {W}{U}{B}{R} to cast Radiant Flames and deal 4 damage to each creature."}, {"date": "2015-08-25", "text": "If you cast a spell with converge without spending any mana to cast it (perhaps because an effect allowed you to cast it without paying its mana cost), then the number of colors spent to cast it will be zero."}, {"date": "2015-08-25", "text": "If a spell with a converge ability is copied, no mana was spent to cast the copy, so the number of colors of mana spent to cast the spell will be zero. The number of colors spent to cast the original spell is not copied."}], "securityStamp": "oval", "setCode": "2X2", "subtypes": [], "supertypes": [], "text": "Converge — Search your library for a creature, instant, or sorcery card with mana value less than or equal to the number of colors of mana spent to cast this spell, exile that card, then shuffle. You may cast that card without paying its mana cost.", "type": "Sorcery", "types": ["Sorcery"], "uuid": "99a96354-f726-5420-9325-c665661bbfd2", "variations": ["cd288c55-34cf-541a-86a1-6713483626c5", "e4f9d90c-a6eb-51f4-9930-06520951164e"]}], "code": "2X2", "isFoilOnly": false, "isOnlineOnly": false, "isPartialPreview": true, "keyruneCode": "2X2", "name": "Double Masters 2022", "releaseDate": "2022-07-08", "sealedProduct": [{"identifiers": {"tcgplayerProductId": "271505"}, "name": "Double Masters 2022 Draft Booster Box Case", "purchaseUrls": {"tcgplayer": "https://mtgjson.com/links/e620173a7ec0426e"}, "releaseDate": "2022-07-08", "uuid": "b2de5205-8e5e-5206-8920-60307f4ccd27"}, {"identifiers": {"tcgplayerProductId": "271506"}, "name": "Double Masters 2022 Draft Booster Box", "purchaseUrls": {"tcgplayer": "https://mtgjson.com/links/eb00d760a9be5859"}, "releaseDate": "2022-07-08", "uuid": "46d9414b-9289-5b63-9a62-e76620429e70"}, {"identifiers": {"tcgplayerProductId": "271507"}, "name": "Double Masters 2022 Draft Booster Pack", "purchaseUrls": {"tcgplayer": "https://mtgjson.com/links/3e19f3d28234deb6"}, "releaseDate": "2022-07-08", "uuid": "66793ae3-270b-5a9f-8a25-15e689c11508"}, {"identifiers": {"tcgplayerProductId": "271508"}, "name": "Double Masters 2022 Collector Booster Pack", "purchaseUrls": {"tcgplayer": "https://mtgjson.com/links/04695317eae1c80d"}, "releaseDate": "2022-07-08", "uuid": "a095d6b7-ab51-59c2-a2c2-363cf85147cd"}, {"identifiers": {"tcgplayerProductId": "271509"}, "name": "Double Masters 2022 Collector Booster Display", "purchaseUrls": {"tcgplayer": "https://mtgjson.com/links/6f637a5db6f66b8b"}, "releaseDate": "2022-07-08", "uuid": "8a5b488d-5464-5e01-aecc-156e6ef006a9"}, {"identifiers": {"tcgplayerProductId": "271510"}, "name": "Double Masters 2022 Collector Booster Display Case", "purchaseUrls": {"tcgplayer": "https://mtgjson.com/links/037e506e7c2f0390"}, "releaseDate": "2022-07-08", "uuid": "184da706-2dff-5e5f-9341-baebf256ecf0"}], "tcgplayerGroupId": 3070, "tokens": [], "totalSetSize": 15, "translations": {}, "type": "masters"}}