{"meta": {"date": "2022-05-26", "version": "5.2.0+20220526"}, "data": {"baseSetSize": 8, "cards": [{"artist": "Kieran Yanner", "availability": ["paper"], "borderColor": "black", "colorIdentity": ["G"], "colors": ["G"], "convertedManaCost": 5.0, "edhrecRank": 1661, "finishes": ["nonfoil", "foil"], "foreignData": [], "frameVersion": "2015", "hasFoil": true, "hasNonFoil": true, "identifiers": {"cardKingdomFoilId": "239987", "cardKingdomId": "239979", "cardsphereId": "73101", "mcmId": "491969", "mcmMetaId": "210457", "mtgjsonV4Id": "6cf3f6e6-50e7-5fbe-b264-5c2c23d69292", "multiverseId": "509337", "scryfallId": "869118c9-1ebb-42a5-8020-d043ec653241", "scryfallIllustrationId": "4383428f-5bdf-4b05-b764-997f7e9f7638", "scryfallOracleId": "659dfdbf-5e9d-4828-a967-348cb3bcf05a", "tcgplayerProductId": "221304"}, "isReprint": true, "isStarter": true, "language": "English", "layout": "normal", "leadershipSkills": {"brawl": false, "commander": true, "oathbreaker": true}, "legalities": {"commander": "Legal", "duel": "Legal", "legacy": "Legal", "vintage": "Legal"}, "loyalty": "3", "manaCost": "{3}{G}{G}", "manaValue": 5.0, "name": "Freyalise, Llanowar's Fury", "number": "1", "printings": ["C14", "CC1", "CMA", "OC14", "PLIST", "PZ1"], "purchaseUrls": {"cardKingdom": "https://mtgjson.com/links/116aab15acf6bac3", "cardKingdomFoil": "https://mtgjson.com/links/ade869e94014d22e", "cardmarket": "https://mtgjson.com/links/77fcad9a8eddf6ca", "tcgplayer": "https://mtgjson.com/links/cc305a05ac78cecb"}, "rarity": "mythic", "rulings": [], "securityStamp": "oval", "setCode": "CC1", "subtypes": ["Freyalise"], "supertypes": ["Legendary"], "text": "[+2]: Create a 1/1 green Elf Druid creature token with \"{T}: Add {G}.\"\n[−2]: Destroy target artifact or enchantment.\n[−6]: Draw a card for each green creature you control.\nFreyalise, Llanowar's Fury can be your commander.", "type": "Legendary Planeswalker — Freyalise", "types": ["Planeswalker"], "uuid": "5e881685-5ba1-5c71-9b01-9bd868a98de0"}, {"artist": "Chase Stone", "availability": ["paper"], "borderColor": "black", "colorIdentity": ["G"], "colors": ["G"], "convertedManaCost": 3.0, "edhrecRank": 2576, "finishes": ["nonfoil", "foil"], "flavorText": "From the Roil emerged a ravenous primordial being of pure mana.", "foreignData": [], "frameEffects": ["legendary"], "frameVersion": "2015", "hasFoil": true, "hasNonFoil": true, "identifiers": {"cardKingdomFoilId": "239988", "cardKingdomId": "239980", "cardsphereId": "73095", "mcmId": "491964", "mcmMetaId": "10987", "mtgjsonV4Id": "b95e306d-b91b-5039-a09b-49e6e9ea7420", "multiverseId": "509338", "scryfallId": "4ce5b167-df7a-499e-8dcc-7aec2e28b382", "scryfallIllustrationId": "7f811a29-b341-49f3-9d96-db967b2b5efb", "scryfallOracleId": "9da896e1-2256-425b-b801-1ae6f0470559", "tcgplayerProductId": "221305"}, "isReprint": true, "isStarter": true, "language": "English", "layout": "normal", "leadershipSkills": {"brawl": false, "commander": true, "oathbreaker": false}, "legalities": {"commander": "Legal", "duel": "Legal", "legacy": "Legal", "modern": "Legal", "vintage": "Legal"}, "manaCost": "{2}{G}", "manaValue": 3.0, "name": "Omnath, Locus of Mana", "number": "2", "power": "1", "printings": ["CC1", "V11", "WWK"], "purchaseUrls": {"cardKingdom": "https://mtgjson.com/links/d8533c148af309cf", "cardKingdomFoil": "https://mtgjson.com/links/2bfe4ce1c30f5365", "cardmarket": "https://mtgjson.com/links/cfd30ef62edc0a15", "tcgplayer": "https://mtgjson.com/links/cb5ec201423d8358"}, "rarity": "mythic", "rulings": [{"date": "2010-03-01", "text": "You can keep green mana in your mana pool indefinitely while Omnath is on the battlefield. That means if you add a green mana to your mana pool during one step or phase, you can spend it during a later step or phase, or even a later turn. Other types of mana will continue to empty from your mana pool as each step and phase ends."}, {"date": "2010-03-01", "text": "If a green mana you add to your mana pool has certain restrictions or riders associated with it (for example, if it was produced by Ancient Ziggurat), they’ll apply to that mana no matter when you spend it."}, {"date": "2010-03-01", "text": "Once Omnath leaves the battlefield, you have until the end of the current step or phase to spend whatever green mana is in your mana pool before it too empties as normal. There is no penalty associated with this other than the loss of the mana."}], "securityStamp": "oval", "setCode": "CC1", "subtypes": ["Elemental"], "supertypes": ["Legendary"], "text": "You don't lose unspent green mana as steps and phases end.\nOmnath, Locus of Mana gets +1/+1 for each unspent green mana you have.", "toughness": "1", "type": "Legendary Creature — Elemental", "types": ["Creature"], "uuid": "2a15eee7-8fde-5b56-8b06-164711d268f5"}, {"artist": "Grzegorz Rutkowski", "availability": ["paper"], "borderColor": "black", "colorIdentity": ["G"], "colors": ["G"], "convertedManaCost": 6.0, "edhrecRank": 779, "finishes": ["nonfoil", "foil"], "flavorText": "Urza's forces tore across Argoth, and Argoth responded in kind.", "foreignData": [], "frameVersion": "2015", "hasFoil": true, "hasNonFoil": true, "identifiers": {"cardKingdomFoilId": "239989", "cardKingdomId": "239981", "cardsphereId": "73093", "mcmId": "491959", "mcmMetaId": "208901", "mtgjsonV4Id": "fcb7c55d-7d1c-5150-a017-177fe4576e89", "multiverseId": "509339", "scryfallId": "3ea495ff-33df-406b-98e3-5579e2158bbc", "scryfallIllustrationId": "7f012920-9347-454f-a684-5014c932db5e", "scryfallOracleId": "51f9a6cc-8eb2-44ed-a2d9-913ac514ad67", "tcgplayerProductId": "221306"}, "isReprint": true, "isStarter": true, "language": "English", "layout": "normal", "legalities": {"commander": "Legal", "duel": "Legal", "legacy": "Legal", "vintage": "Legal"}, "manaCost": "{4}{G}{G}", "manaValue": 6.0, "name": "Bane of Progress", "number": "3", "power": "2", "printings": ["C13", "C15", "CC1", "CMA"], "purchaseUrls": {"cardKingdom": "https://mtgjson.com/links/eb28dfc736232922", "cardKingdomFoil": "https://mtgjson.com/links/d290f9957f5cc12e", "cardmarket": "https://mtgjson.com/links/2465093c52010d45", "tcgplayer": "https://mtgjson.com/links/d9278add5fa82219"}, "rarity": "rare", "rulings": [{"date": "2013-10-17", "text": "Bane of Progress’s ability destroys all artifacts and enchantments, including those you control."}, {"date": "2013-10-17", "text": "If an artifact or enchantment isn’t destroyed (perhaps because it has indestructible or it regenerated), it won’t count toward the number of +1/+1 counters put on Bane of Progress. However, if an artifact or enchantment is destroyed but doesn’t go to its owner’s graveyard due to a replacement effect (like the one Rest in Peace creates), it will count."}], "securityStamp": "oval", "setCode": "CC1", "subtypes": ["Elemental"], "supertypes": [], "text": "When Bane of Progress enters the battlefield, destroy all artifacts and enchantments. Put a +1/+1 counter on Bane of Progress for each permanent destroyed this way.", "toughness": "2", "type": "Creature — Elemental", "types": ["Creature"], "uuid": "43c1fa87-4809-5a79-9146-6e4c30def87c"}, {"artist": "Forrest Imel", "availability": ["paper"], "borderColor": "black", "colorIdentity": ["G"], "colors": ["G"], "convertedManaCost": 5.0, "edhrecRank": 161, "finishes": ["nonfoil", "foil"], "flavorText": "\"The land echoes our intentions, and the kami echo the land. We must strive to live in harmony with the world even when it seems to rise against us.\"\n—Diary of Azusa", "foreignData": [], "frameVersion": "2015", "hasFoil": true, "hasNonFoil": true, "identifiers": {"cardKingdomFoilId": "239990", "cardKingdomId": "239982", "cardsphereId": "73100", "mcmId": "491954", "mcmMetaId": "5032", "mtgjsonV4Id": "4b172f55-6011-5e1b-a898-fa1c18be75db", "multiverseId": "509340", "scryfallId": "3f5bee0f-ebc8-4f41-91ee-4eed104ad980", "scryfallIllustrationId": "add2483e-8676-4d37-b388-413950fa2990", "scryfallOracleId": "463865bc-087e-477b-9e86-84e77f1ad931", "tcgplayerProductId": "221307"}, "isReprint": true, "isStarter": true, "language": "English", "layout": "normal", "legalities": {"commander": "Legal", "duel": "Legal", "legacy": "Legal", "modern": "Legal", "penny": "Legal", "premodern": "Legal", "vintage": "Legal"}, "manaCost": "{3}{G}{G}", "manaValue": 5.0, "name": "Seedborn Muse", "number": "4", "power": "2", "printings": ["10E", "9ED", "BBD", "C19", "CC1", "LGN"], "purchaseUrls": {"cardKingdom": "https://mtgjson.com/links/d3b917775ce4cac0", "cardKingdomFoil": "https://mtgjson.com/links/8bcf7e2608fc151e", "cardmarket": "https://mtgjson.com/links/124d3a2ca14e79a4", "tcgplayer": "https://mtgjson.com/links/3e3b00a66fe23e2d"}, "rarity": "rare", "rulings": [{"date": "2004-10-04", "text": "Other effects can prevent a permanent from untapping during an untap step. You do need to look carefully, however, as many effects say that the permanent does not untap during its controller’s untap step, and this card’s ability occurs during other players’ untap steps. If a card does say this, then Seedborn Muse can untap it. But some other abilities are not written this way and can still prevent a card from untapping."}, {"date": "2007-07-15", "text": "All your permanents untap during each other player’s untap step. You have no choice about what untaps."}], "securityStamp": "oval", "setCode": "CC1", "subtypes": ["Spirit"], "supertypes": [], "text": "Untap all permanents you control during each other player's untap step.", "toughness": "4", "type": "Creature — Spirit", "types": ["Creature"], "uuid": "474bcfc2-1250-51a3-a9b0-09fbd493f874"}, {"artist": "Bryan Sola", "availability": ["paper"], "borderColor": "black", "colorIdentity": ["G"], "colors": ["G"], "convertedManaCost": 2.0, "edhrecRank": 92, "finishes": ["nonfoil", "foil"], "foreignData": [], "frameVersion": "2015", "hasFoil": true, "hasNonFoil": true, "identifiers": {"cardKingdomFoilId": "239991", "cardKingdomId": "239983", "cardsphereId": "73098", "mcmId": "491949", "mcmMetaId": "5757", "mtgjsonV4Id": "e2ac2566-23c9-5e71-8b82-e9c61e604916", "multiverseId": "509341", "scryfallId": "7a483778-b88b-473f-9217-7583e69b3e70", "scryfallIllustrationId": "14542441-7742-46a1-baa0-9159e0cba8a2", "scryfallOracleId": "92eed395-62ca-4293-882b-8565c40daab5", "tcgplayerProductId": "221308"}, "isReprint": true, "isStarter": true, "language": "English", "layout": "normal", "legalities": {"commander": "Legal", "duel": "Legal", "legacy": "Legal", "penny": "Legal", "premodern": "Legal", "vintage": "Legal"}, "manaCost": "{1}{G}", "manaValue": 2.0, "name": "Sylvan Library", "number": "5", "printings": ["4BB", "4ED", "5ED", "CC1", "CM1", "EMA", "LEG", "ME1", "OLGC", "PRM", "PTC", "PZ1", "REN", "VMA"], "purchaseUrls": {"cardKingdom": "https://mtgjson.com/links/dfe54a3c1a3dd22a", "cardKingdomFoil": "https://mtgjson.com/links/932d3adba414f93f", "cardmarket": "https://mtgjson.com/links/a1f718d4cfbddbac", "tcgplayer": "https://mtgjson.com/links/a8675e13e4fe78d8"}, "rarity": "rare", "rulings": [{"date": "2016-06-08", "text": "You always perform your normal draw before this ability. The normal draw occurs before anything can be placed on the stack during a player’s draw step."}, {"date": "2016-06-08", "text": "If you control other triggered abilities that allow you to draw cards during your draw step, you can choose to order Sylvan Library’s ability before or after those abilities. Triggered abilities controlled by other players will resolve before triggered abilities you control."}, {"date": "2016-06-08", "text": "Any cards drawn prior to Sylvan Library’s ability resolving, including in your upkeep or in response to Sylvan Library’s triggered ability, can be chosen to be put back using this effect. Sylvan Library’s controller is responsible for keeping these cards distinguishable in hand, such as by keeping them separate from cards that began the turn in hand."}, {"date": "2016-06-08", "text": "If you control more than one Sylvan Library, the triggered ability of each will resolve in sequence. You don’t get to draw all the cards at once and then put them all back at once."}, {"date": "2016-06-08", "text": "You can put back zero, one, or two cards."}, {"date": "2016-06-08", "text": "If you choose to draw two cards, then replace one or more of those draws with some other effect, the rest of Sylvan Library’s ability still happens. If you’ve actually drawn only one card that turn, you must choose that card and either pay 4 life or put it on top of your library. If you haven’t actually drawn any cards that turn, the rest of the ability has no effect."}, {"date": "2016-06-08", "text": "It’s not possible to take any actions between drawing the cards and choosing two cards. You can’t cast the cards you drew to avoid having two cards to choose."}], "securityStamp": "oval", "setCode": "CC1", "subtypes": [], "supertypes": [], "text": "At the beginning of your draw step, you may draw two additional cards. If you do, choose two cards in your hand drawn this turn. For each of those cards, pay 4 life or put the card on top of your library.", "type": "Enchantment", "types": ["Enchantment"], "uuid": "fcb7cd81-8056-53c2-96d4-ec670bec7bbd"}, {"artist": "Cristi Balanescu", "availability": ["paper"], "borderColor": "black", "colorIdentity": ["G"], "colors": ["G"], "convertedManaCost": 1.0, "edhrecRank": 124, "finishes": ["nonfoil", "foil"], "flavorText": "\"A single chord brings them to heel. A whole song, and they dance.\"\n—Yisan, the wanderer bard", "foreignData": [], "frameVersion": "2015", "hasFoil": true, "hasNonFoil": true, "identifiers": {"cardKingdomFoilId": "239992", "cardKingdomId": "239984", "cardsphereId": "73105", "mcmId": "491944", "mcmMetaId": "6720", "mtgjsonV4Id": "3a3439a5-75c8-5d85-8940-5b55dfa94a35", "multiverseId": "509342", "scryfallId": "fb6b6fbe-cb6f-4d0d-b3eb-f9629d6784b3", "scryfallIllustrationId": "81f8a8cb-950a-4461-a6b8-d0b0f5e704f0", "scryfallOracleId": "e8863518-0bfa-49c3-8c6e-6c9116a81051", "tcgplayerProductId": "221309"}, "isReprint": true, "isStarter": true, "language": "English", "layout": "normal", "legalities": {"commander": "Legal", "duel": "Legal", "legacy": "Legal", "premodern": "Legal", "vintage": "Legal"}, "manaCost": "{G}", "manaValue": 1.0, "name": "Worldly Tutor", "number": "6", "printings": ["6ED", "CC1", "MIR"], "purchaseUrls": {"cardKingdom": "https://mtgjson.com/links/6b225cee3505b1d2", "cardKingdomFoil": "https://mtgjson.com/links/9e1ff0c39be30474", "cardmarket": "https://mtgjson.com/links/b0f26e39b2d5856a", "tcgplayer": "https://mtgjson.com/links/90e37a4429e693a8"}, "rarity": "rare", "rulings": [{"date": "2004-10-04", "text": "Because the “search” requires you to find a card with certain characteristics, you don’t have to find the card if you don’t want to."}], "securityStamp": "oval", "setCode": "CC1", "subtypes": [], "supertypes": [], "text": "Search your library for a creature card, reveal it, then shuffle and put the card on top.", "type": "Instant", "types": ["Instant"], "uuid": "4cb1b094-8847-5309-9a83-901dfad74a6a"}, {"artist": "Joseph Meehan", "availability": ["paper"], "borderColor": "black", "colorIdentity": [], "colors": [], "convertedManaCost": 1.0, "edhrecRank": 1, "finishes": ["nonfoil", "foil"], "flavorText": "Deep within the heart of the forest, a new sun flared to life.", "foreignData": [], "frameVersion": "2015", "hasFoil": true, "hasNonFoil": true, "identifiers": {"cardKingdomFoilId": "239993", "cardKingdomId": "239985", "cardsphereId": "73096", "mcmId": "491939", "mcmMetaId": "5359", "mtgjsonV4Id": "616e7105-872d-5bdc-aaf9-10ce8a7e44b6", "multiverseId": "509343", "scryfallId": "4d76d52c-7dd0-4d00-af84-fedae29590db", "scryfallIllustrationId": "df30cdc0-85a8-4cd4-bf1c-a8903e8c2cd8", "scryfallOracleId": "6ad8011d-3471-4369-9d68-b264cc027487", "tcgplayerProductId": "221310"}, "isReprint": true, "isStarter": true, "language": "English", "layout": "normal", "legalities": {"commander": "Legal", "duel": "Banned", "legacy": "Banned", "vintage": "Restricted"}, "manaCost": "{1}", "manaValue": 1.0, "name": "Sol Ring", "number": "7", "printings": ["2ED", "3ED", "AFC", "C13", "C14", "C15", "C16", "C17", "C18", "C19", "C20", "C21", "CC1", "CC2", "CED", "CEI", "CM2", "CMA", "CMD", "CMR", "FBB", "G05", "KHC", "LEA", "LEB", "MB1", "ME4", "MIC", "MPS", "NCC", "NEC", "PF19", "PHED", "PLG22", "PRM", "PZ1", "SLD", "SUM", "V10", "VMA", "VOC", "ZNC"], "purchaseUrls": {"cardKingdom": "https://mtgjson.com/links/0aa2bcbaf3a53468", "cardKingdomFoil": "https://mtgjson.com/links/5ac5cc0ba6a1c7cf", "cardmarket": "https://mtgjson.com/links/7cc2b35788082a3f", "tcgplayer": "https://mtgjson.com/links/99786c6788a133da"}, "rarity": "rare", "rulings": [], "securityStamp": "oval", "setCode": "CC1", "subtypes": [], "supertypes": [], "text": "{T}: Add {C}{C}.", "type": "Artifact", "types": ["Artifact"], "uuid": "d00b3cda-538a-5e7e-b1fd-17e3c6e65db6"}, {"artist": "Joseph Meehan", "availability": ["paper"], "borderColor": "black", "colorIdentity": [], "colors": [], "convertedManaCost": 0.0, "edhrecRank": 2, "finishes": ["nonfoil", "foil"], "flavorText": "\"Absolute power is the only true authority. Anything less is a lie told by the weak.\"\n—Garruk Wildspeaker", "foreignData": [], "frameVersion": "2015", "hasFoil": true, "hasNonFoil": true, "identifiers": {"cardKingdomFoilId": "239994", "cardKingdomId": "239986", "cardsphereId": "73099", "mcmId": "491934", "mcmMetaId": "203332", "mtgjsonV4Id": "d9676703-77ed-51cd-ab65-f53851b0d5e9", "multiverseId": "509344", "scryfallId": "3beb6fa5-44db-4056-b8ec-42547aa5581f", "scryfallIllustrationId": "25aa5d11-9da8-4e9b-93f0-788dc7f16ce0", "scryfallOracleId": "0895c9b7-ae7d-4bb3-af17-3b75deb50a25", "tcgplayerProductId": "221311"}, "isReprint": true, "isStarter": true, "language": "English", "layout": "normal", "legalities": {"commander": "Legal", "duel": "Legal", "explorer": "Legal", "gladiator": "Legal", "historic": "Legal", "historicbrawl": "Legal", "legacy": "Legal", "modern": "Legal", "pauper": "Legal", "paupercommander": "Legal", "pioneer": "Legal", "vintage": "Legal"}, "manaValue": 0.0, "name": "Command Tower", "number": "8", "printings": ["AFC", "ANB", "C13", "C15", "C16", "C17", "C18", "C19", "C20", "C21", "CC1", "CC2", "CLB", "CM1", "CM2", "CMA", "CMD", "CMR", "ELD", "J12", "KHC", "MIC", "NCC", "NEC", "PHED", "PRM", "PZ1", "SLD", "VOC", "ZNC"], "purchaseUrls": {"cardKingdom": "https://mtgjson.com/links/a3923473f29665f6", "cardKingdomFoil": "https://mtgjson.com/links/6df7a78db62c0e84", "cardmarket": "https://mtgjson.com/links/3e67f592f32811dc", "tcgplayer": "https://mtgjson.com/links/42b71b27eba98936"}, "rarity": "rare", "rulings": [{"date": "2020-11-10", "text": "If you have two commanders, the ability adds one mana of any color in their combined color identities."}, {"date": "2020-11-10", "text": "If your commander is a card that has no colors in its color identity, Command Tower's ability produces no mana. It doesn't produce {C}."}, {"date": "2020-11-10", "text": "If you don't have a commander, Command Tower's ability produces no mana."}], "securityStamp": "oval", "setCode": "CC1", "subtypes": [], "supertypes": [], "text": "{T}: Add one mana of any color in your commander's color identity.", "type": "Land", "types": ["Land"], "uuid": "230586ba-0437-58f7-843a-2c89fc6b27cb"}], "cardsphereSetId": 1303, "code": "CC1", "isFoilOnly": false, "isOnlineOnly": false, "keyruneCode": "CC1", "mcmId": 3394, "mcmName": "Commander Collection: Green", "name": "Commander Collection: Green", "releaseDate": "2020-12-04", "sealedProduct": [{"identifiers": {"tcgplayerProductId": "221302"}, "name": "Commander Collection Green", "purchaseUrls": {"tcgplayer": "https://mtgjson.com/links/a901b61677059e7e"}, "releaseDate": "2020-12-04", "uuid": "7294a4c5-68d0-5e3b-8982-9f0c176ccddc"}, {"identifiers": {"tcgplayerProductId": "221303"}, "name": "Commander Collection Green Premium", "purchaseUrls": {"tcgplayer": "https://mtgjson.com/links/b04ae800abcbe3c1"}, "releaseDate": "2020-12-04", "uuid": "ac3edaad-41cc-5e61-bd6f-6e422096b076"}], "tcgplayerGroupId": 2699, "tokens": [], "totalSetSize": 8, "translations": {}, "type": "arsenal"}}