{"meta": {"date": "2022-05-26", "version": "5.2.0+20220526"}, "data": {"baseSetSize": 6, "cards": [{"artist": "Jesper Ejsing", "availability": ["paper"], "borderColor": "black", "colorIdentity": ["U"], "colors": ["U"], "convertedManaCost": 5.0, "edhrecRank": 4935, "finishes": ["foil"], "foreignData": [], "frameVersion": "2015", "hasFoil": true, "hasNonFoil": false, "identifiers": {"cardKingdomFoilId": "195541", "cardsphereId": "8512", "mcmId": "268085", "mtgjsonV4Id": "0fab9c93-6b61-5855-a348-41400128bbce", "scryfallId": "f5f16cb5-39f7-43d8-8831-b83d6828c888", "scryfallIllustrationId": "2cdbc95b-5245-4a51-b9d9-af2bfea3f9de", "scryfallOracleId": "92c470c9-1373-4f3a-9805-5e9613874793", "tcgplayerProductId": "91341"}, "isReprint": true, "isStarter": true, "keywords": ["Flying", "Scry"], "language": "English", "layout": "normal", "legalities": {"commander": "Legal", "duel": "Legal", "legacy": "Legal", "modern": "Legal", "penny": "Legal", "pioneer": "Legal", "vintage": "Legal"}, "manaCost": "{3}{U}{U}", "manaValue": 5.0, "name": "Prognostic Sphinx", "number": "1", "power": "3", "printings": ["AFC", "CP1", "E01", "PRM", "THS"], "purchaseUrls": {"cardKingdomFoil": "https://mtgjson.com/links/7ce03091c7a68b58", "tcgplayer": "https://mtgjson.com/links/9382cb89be8ceb75"}, "rarity": "rare", "rulings": [{"date": "2013-09-15", "text": "You can activate Prognostic Sphinx's ability even if it's already tapped."}, {"date": "2013-09-15", "text": "When you scry, you may put all the cards you look at back on top of your library, you may put all of those cards on the bottom of your library, or you may put some of those cards on top and the rest of them on the bottom."}, {"date": "2013-09-15", "text": "You choose how to order cards returned to your library after scrying no matter where you put them."}, {"date": "2013-09-15", "text": "You perform the actions stated on a card in sequence. For some spells and abilities, that means you'll scry last. For others, that means you'll scry and then perform other actions."}, {"date": "2013-09-15", "text": "Scry appears on some spells and abilities with one or more targets. If all of the spell or ability's targets are illegal when it tries to resolve, it won't resolve and none of its effects will happen. You won't scry."}], "securityStamp": "oval", "setCode": "CP1", "subtypes": ["Sphinx"], "supertypes": [], "text": "Flying\nDiscard a card: Prognostic Sphinx gains hexproof until end of turn. Tap it.\nWhenever Prognostic Sphinx attacks, scry 3.", "toughness": "5", "type": "Creature — Sphinx", "types": ["Creature"], "uuid": "5d5eca3e-65f1-5a2e-a448-1f24c2b470bc"}, {"artist": "Eric Deschamps", "availability": ["paper"], "borderColor": "black", "colorIdentity": ["G"], "colors": ["G"], "convertedManaCost": 5.0, "edhrecRank": 15443, "finishes": ["foil"], "foreignData": [], "frameVersion": "2015", "hasFoil": true, "hasNonFoil": false, "identifiers": {"cardKingdomFoilId": "195544", "cardsphereId": "8506", "mcmId": "268083", "mtgjsonV4Id": "2aba5bc3-4f95-554b-af56-2d555745c4a5", "scryfallId": "1129b8cb-6381-4d17-9e45-a61f9558d312", "scryfallIllustrationId": "851521c3-392d-4804-837f-2021e0006b7e", "scryfallOracleId": "6f85342b-b55b-461b-a3dc-17815e02d04d", "tcgplayerProductId": "91343"}, "isReprint": true, "isStarter": true, "keywords": ["Scry"], "language": "English", "layout": "normal", "legalities": {"commander": "Legal", "duel": "Legal", "legacy": "Legal", "modern": "Legal", "penny": "Legal", "pioneer": "Legal", "vintage": "Legal"}, "manaCost": "{2}{G}{G}{G}", "manaValue": 5.0, "name": "Fated Intervention", "number": "2", "printings": ["BNG", "CP1", "PRM"], "purchaseUrls": {"cardKingdomFoil": "https://mtgjson.com/links/4fef14ce28f124ef", "tcgplayer": "https://mtgjson.com/links/1ce3031a2ac86018"}, "rarity": "rare", "rulings": [{"date": "2013-09-15", "text": "When you scry, you may put all the cards you look at back on top of your library, you may put all of those cards on the bottom of your library, or you may put some of those cards on top and the rest of them on the bottom."}, {"date": "2013-09-15", "text": "You choose how to order cards returned to your library after scrying no matter where you put them."}, {"date": "2013-09-15", "text": "You perform the actions stated on a card in sequence. For some spells and abilities, that means you’ll scry last. For others, that means you’ll scry and then perform other actions."}, {"date": "2013-09-15", "text": "Scry appears on some spells and abilities with one or more targets. If all of the spell or ability’s targets are illegal when it tries to resolve, it won’t resolve and none of its effects will happen. You won’t scry."}], "securityStamp": "oval", "setCode": "CP1", "subtypes": [], "supertypes": [], "text": "Create two 3/3 green Centaur enchantment creature tokens. If it's your turn, scry 2. (Look at the top two cards of your library, then put any number of them on the bottom of your library and the rest on top in any order.)", "type": "Instant", "types": ["Instant"], "uuid": "13db7271-449d-5db8-8120-fa6427bc8317"}, {"artist": "Jung Park", "availability": ["paper"], "borderColor": "black", "colorIdentity": ["G"], "colors": ["G"], "convertedManaCost": 1.0, "edhrecRank": 2598, "finishes": ["foil"], "flavorText": "Drink deep, and know the path to the heart of the wilds.", "foreignData": [], "frameVersion": "2015", "hasFoil": true, "hasNonFoil": false, "identifiers": {"cardKingdomFoilId": "195543", "cardsphereId": "8507", "mcmId": "268088", "mtgjsonV4Id": "6874b09b-70b4-579c-8747-f0a52bf24774", "scryfallId": "198b8eb7-2e68-49a7-8023-76bdfb788d18", "scryfallIllustrationId": "a6aa2105-a16a-474d-94f7-1d4d7b38a02e", "scryfallOracleId": "7fb6f960-38f6-45fa-bfec-d43fc174daa7", "tcgplayerProductId": "91342"}, "isReprint": true, "isStarter": true, "language": "English", "layout": "normal", "legalities": {"commander": "Legal", "duel": "Legal", "legacy": "Legal", "modern": "Legal", "pauper": "Legal", "paupercommander": "Legal", "penny": "Legal", "pioneer": "Legal", "vintage": "Legal"}, "manaCost": "{G}", "manaValue": 1.0, "name": "Font of Fertility", "number": "3", "printings": ["CP1", "JOU", "PRM"], "purchaseUrls": {"cardKingdomFoil": "https://mtgjson.com/links/bb7437019cb08c0d", "tcgplayer": "https://mtgjson.com/links/16c22de8810d9662"}, "rarity": "common", "rulings": [], "setCode": "CP1", "subtypes": [], "supertypes": [], "text": "{1}{G}, Sacrifice Font of Fertility: Search your library for a basic land card, put it onto the battlefield tapped, then shuffle.", "type": "Enchantment", "types": ["Enchantment"], "uuid": "f4358ee4-c80c-53a7-87c2-b2ce3150cb63"}, {"artist": "Vincent Proce", "availability": ["paper"], "borderColor": "black", "colorIdentity": ["G"], "colors": ["G"], "convertedManaCost": 6.0, "edhrecRank": 2513, "finishes": ["foil"], "foreignData": [], "frameVersion": "2015", "hasFoil": true, "hasNonFoil": false, "identifiers": {"cardKingdomFoilId": "195545", "cardsphereId": "8510", "mcmId": "268084", "mtgjsonV4Id": "c33208d2-bf18-584a-99c6-728d5e886047", "scryfallId": "a0c9a2c4-e30a-480f-946f-bd9ec4751b99", "scryfallIllustrationId": "2389e83f-eb28-4dbd-8988-7c8db6adc38b", "scryfallOracleId": "9e4fb4b1-9b28-4a49-b4ac-d5549c08594d", "tcgplayerProductId": "91344"}, "isReprint": true, "isStarter": true, "keywords": ["Monstrosity"], "language": "English", "layout": "normal", "legalities": {"commander": "Legal", "duel": "Legal", "legacy": "Legal", "modern": "Legal", "penny": "Legal", "pioneer": "Legal", "vintage": "Legal"}, "manaCost": "{4}{G}{G}", "manaValue": 6.0, "name": "Hydra Broodmaster", "number": "4", "power": "7", "printings": ["C21", "CP1", "JOU", "PRM"], "purchaseUrls": {"cardKingdomFoil": "https://mtgjson.com/links/bdaa5d60a39e3c71", "tcgplayer": "https://mtgjson.com/links/5e835887a1b59e30"}, "rarity": "rare", "rulings": [{"date": "2014-04-26", "text": "The value of each X in Hydra Broodmaster’s last ability is equal to the value chosen for X when its monstrosity ability was activated."}, {"date": "2014-04-26", "text": "Once a creature becomes monstrous, it can’t become monstrous again. If the creature is already monstrous when the monstrosity ability resolves, nothing happens."}, {"date": "2014-04-26", "text": "Monstrous isn’t an ability that a creature has. It’s just something true about that creature. If the creature stops being a creature or loses its abilities, it will continue to be monstrous."}, {"date": "2014-04-26", "text": "An ability that triggers when a creature becomes monstrous won’t trigger if that creature isn’t on the battlefield when its monstrosity ability resolves."}], "securityStamp": "oval", "setCode": "CP1", "subtypes": ["Hydra"], "supertypes": [], "text": "{X}{X}{G}: Monstrosity X. (If this creature isn't monstrous, put X +1/+1 counters on it and it becomes monstrous.)\nWhen Hydra Broodmaster becomes monstrous, create X X/X green Hydra creature tokens.", "toughness": "7", "type": "Creature — Hydra", "types": ["Creature"], "uuid": "b0d4ebc7-7765-5fe9-8d3d-83c698914221"}, {"artist": "Anastasia Ovchinnikova", "availability": ["paper"], "borderColor": "black", "colorIdentity": ["G", "U"], "colors": ["G", "U"], "convertedManaCost": 5.0, "finishes": ["foil"], "flavorText": "\"Time is fluid as a dance, and truth as fleeting.\"", "foreignData": [], "frameVersion": "2015", "hasFoil": true, "hasNonFoil": false, "identifiers": {"cardKingdomFoilId": "195542", "cardsphereId": "8513", "mcmId": "268086", "mtgjsonV4Id": "ec48794e-d7f4-5110-848e-bd72eeade12f", "scryfallId": "1b33df4a-151a-43ab-a72c-e163d8cadf12", "scryfallIllustrationId": "2e92e1cb-43c4-40c1-aca4-09c7277e5774", "scryfallOracleId": "372351fd-58f7-4cb8-8644-5fbc94ccb145", "tcgplayerProductId": "91340"}, "isReprint": true, "isStarter": true, "language": "English", "layout": "normal", "legalities": {"commander": "Banned", "duel": "Legal", "legacy": "Legal", "modern": "Legal", "penny": "Legal", "pioneer": "Legal", "vintage": "Legal"}, "manaCost": "{3}{G}{U}", "manaValue": 5.0, "name": "Prophet of Kruphix", "number": "5", "power": "2", "printings": ["CP1", "PRM", "THS"], "purchaseUrls": {"cardKingdomFoil": "https://mtgjson.com/links/c0bf4557b23d569d", "tcgplayer": "https://mtgjson.com/links/182d9f314529b5f8"}, "rarity": "rare", "rulings": [{"date": "2013-09-15", "text": "Creatures and lands you control untap at the same time as the active player’s permanents. You can’t choose to not untap them at that time."}, {"date": "2013-09-15", "text": "Effects that state a creature or land you control doesn’t untap during your untap step won’t apply during another player’s untap step."}, {"date": "2013-09-15", "text": "Controlling more than one Prophet of Kruphix doesn’t allow you to untap any creature or land more than once during a single untap step."}, {"date": "2013-09-15", "text": "If you’re casting a creature spell with bestow, whether or not it has flash will depend on if you’re casting it as a creature or as an Aura. Prophet of Kruphix won’t give flash to a spell with bestow you’re casting as an Aura."}, {"date": "2013-09-15", "text": "The last ability applies to creature cards in any zone, provided something is allowing you to cast them. For example, if you control a Zombie, you could cast Gravecrawler (a creature with “You may cast Gravecrawler from your graveyard as long as you control a Zombie”) from your graveyard as though it had flash."}], "securityStamp": "oval", "setCode": "CP1", "subtypes": ["Human", "Wizard"], "supertypes": [], "text": "Untap all creatures and lands you control during each other player's untap step.\nYou may cast creature spells as though they had flash.", "toughness": "3", "type": "Creature — Human Wizard", "types": ["Creature"], "uuid": "6e5e8c93-abd6-539c-a13f-1f581a1229e2"}, {"artist": "Adam Paquette", "availability": ["paper"], "borderColor": "black", "colorIdentity": ["G", "U"], "colors": [], "convertedManaCost": 0.0, "edhrecRank": 254, "finishes": ["foil"], "foreignData": [], "frameVersion": "2015", "hasFoil": true, "hasNonFoil": false, "identifiers": {"cardKingdomFoilId": "195540", "cardsphereId": "8519", "mcmId": "268087", "mtgjsonV4Id": "faf2b777-63a3-5b6e-a9a4-d38d290085bc", "scryfallId": "13cfd603-5716-4992-93ab-f8c30e17d812", "scryfallIllustrationId": "f963318c-6924-4b31-80bf-1a60d34296e0", "scryfallOracleId": "7e26f0b7-20e6-46d5-8130-d98c14d6aa29", "tcgplayerProductId": "91339"}, "isReprint": true, "isStarter": true, "keywords": ["Scry"], "language": "English", "layout": "normal", "legalities": {"commander": "Legal", "duel": "Legal", "explorer": "Legal", "gladiator": "Legal", "historic": "Legal", "historicbrawl": "Legal", "legacy": "Legal", "modern": "Legal", "penny": "Legal", "pioneer": "Legal", "vintage": "Legal"}, "manaValue": 0.0, "name": "Temple of Mystery", "number": "6", "printings": ["C21", "CP1", "M20", "M21", "NCC", "PM20", "PM21", "PRM", "THS"], "purchaseUrls": {"cardKingdomFoil": "https://mtgjson.com/links/0b5fb15a58113dca", "tcgplayer": "https://mtgjson.com/links/80cb6367307b285e"}, "rarity": "rare", "rulings": [{"date": "2013-09-15", "text": "When you scry, you may put all the cards you look at back on top of your library, you may put all of those cards on the bottom of your library, or you may put some of those cards on top and the rest of them on the bottom."}, {"date": "2013-09-15", "text": "You choose how to order cards returned to your library after scrying no matter where you put them."}, {"date": "2013-09-15", "text": "You perform the actions stated on a card in sequence. For some spells and abilities, that means you'll scry last. For others, that means you'll scry and then perform other actions."}, {"date": "2013-09-15", "text": "Scry appears on some spells and abilities with one or more targets. If all of the spell or ability's targets are illegal when it tries to resolve, it won't resolve and none of its effects will happen. You won't scry."}], "securityStamp": "oval", "setCode": "CP1", "subtypes": [], "supertypes": [], "text": "Temple of Mystery enters the battlefield tapped.\nWhen Temple of Mystery enters the battlefield, scry 1.\n{T}: Add {G} or {U}.", "type": "Land", "types": ["Land"], "uuid": "58625b64-eba5-5e6b-aa79-c5f06039214d"}], "cardsphereSetId": 953, "code": "CP1", "isFoilOnly": true, "isOnlineOnly": false, "keyruneCode": "PMEI", "name": "Magic 2015 Clash Pack", "parentCode": "M15", "releaseDate": "2014-07-18", "tokens": [], "totalSetSize": 6, "translations": {}, "type": "starter"}}