{"meta": {"date": "2022-05-26", "version": "5.2.0+20220526"}, "data": {"baseSetSize": 6, "cards": [{"artist": "Magali Villeneuve", "availability": ["paper"], "borderColor": "black", "colorIdentity": ["G"], "colors": ["G"], "convertedManaCost": 1.0, "edhrecRank": 9608, "finishes": ["foil"], "foreignData": [], "frameVersion": "2015", "hasFoil": true, "hasNonFoil": false, "identifiers": {"cardKingdomFoilId": "202409", "cardsphereId": "8509", "mcmId": "283443", "mtgjsonV4Id": "9f8b2017-d815-5dd5-8d1c-2f918ba6d89e", "scryfallId": "5c0a3339-6fde-41c1-aefd-18fdd6208718", "scryfallIllustrationId": "60ce8ea1-61ec-4353-8784-97a14adb9512", "scryfallOracleId": "ae42fa8a-b0f6-43dc-a4c6-e2531890ca3a", "tcgplayerProductId": "100184"}, "isReprint": true, "isStarter": true, "keywords": ["Renown"], "language": "English", "layout": "normal", "legalities": {"commander": "Legal", "duel": "Legal", "legacy": "Legal", "modern": "Legal", "penny": "Legal", "pioneer": "Legal", "vintage": "Legal"}, "manaCost": "{G}", "manaValue": 1.0, "name": "Honored Hierarch", "number": "1", "power": "1", "printings": ["CP3", "ORI", "PORI", "PRM"], "purchaseUrls": {"cardKingdomFoil": "https://mtgjson.com/links/72cbb265a860b4e0", "tcgplayer": "https://mtgjson.com/links/a1630fcdca60f8ae"}, "rarity": "rare", "rulings": [{"date": "2015-06-22", "text": "Renown won’t trigger when a creature deals combat damage to a planeswalker or another creature. It also won’t trigger when a creature deals noncombat damage to a player."}, {"date": "2015-06-22", "text": "If a creature with renown deals combat damage to its controller because that damage was redirected, renown will trigger."}, {"date": "2015-06-22", "text": "If a renown ability triggers, but the creature leaves the battlefield before that ability resolves, the creature doesn’t become renowned. Any ability that triggers “whenever a creature becomes renowned” won’t trigger."}], "securityStamp": "oval", "setCode": "CP3", "subtypes": ["Human", "Druid"], "supertypes": [], "text": "Renown 1 (When this creature deals combat damage to a player, if it isn't renowned, put a +1/+1 counter on it and it becomes renowned.)\nAs long as Honored Hierarch is renowned, it has vigilance and \"{T}: Add one mana of any color.\"", "toughness": "1", "type": "Creature — Human Druid", "types": ["Creature"], "uuid": "996c1aa2-d873-5408-9607-bde236e961b4"}, {"artist": "Magali Villeneuve", "availability": ["paper"], "borderColor": "black", "colorIdentity": ["W"], "colors": ["W"], "convertedManaCost": 2.0, "edhrecRank": 12375, "finishes": ["foil"], "flavorText": "\"I don't know where my destiny lies, but I know it isn't here.\"", "foreignData": [], "frameVersion": "2015", "hasFoil": true, "hasNonFoil": false, "identifiers": {"cardKingdomFoilId": "202411", "cardsphereId": "8516", "mcmId": "283445", "mtgjsonV4Id": "491925e5-12c8-53ff-88a8-63307e73e16c", "scryfallId": "b1e50811-048f-4dc6-a453-a5e36f3eb0a0", "scryfallIllustrationId": "20b4b302-ed1a-4bad-95f0-895b9dda0fa6", "scryfallOracleId": "e206842f-139b-490d-bc10-d365705ac720", "tcgplayerProductId": "100182"}, "isReprint": true, "isStarter": true, "keywords": ["Prowess"], "language": "English", "layout": "normal", "legalities": {"commander": "Legal", "duel": "Legal", "legacy": "Legal", "modern": "Legal", "pauper": "Legal", "paupercommander": "Legal", "penny": "Legal", "pioneer": "Legal", "vintage": "Legal"}, "manaCost": "{1}{W}", "manaValue": 2.0, "name": "Seeker of the Way", "number": "2", "power": "2", "printings": ["CP3", "IMA", "KTK", "MB1", "PRM"], "purchaseUrls": {"cardKingdomFoil": "https://mtgjson.com/links/c418cb55dd141fea", "tcgplayer": "https://mtgjson.com/links/603c49724480f6b3"}, "rarity": "uncommon", "rulings": [{"date": "2014-09-20", "text": "Any spell you cast that doesn’t have the type creature will cause prowess to trigger. If a spell has multiple types, and one of those types is creature (such as an artifact creature), casting it won’t cause prowess to trigger. Playing a land also won’t cause prowess to trigger."}, {"date": "2014-09-20", "text": "Prowess goes on the stack on top of the spell that caused it to trigger. It will resolve before that spell."}, {"date": "2014-09-20", "text": "Once it triggers, prowess isn’t connected to the spell that caused it to trigger. If that spell is countered, prowess will still resolve."}, {"date": "2017-11-17", "text": "Multiple instances of lifelink on the same creature are redundant."}], "setCode": "CP3", "subtypes": ["Human", "Warrior"], "supertypes": [], "text": "Prowess (Whenever you cast a noncreature spell, this creature gets +1/+1 until end of turn.)\nWhenever you cast a noncreature spell, Seeker of the Way gains lifelink until end of turn.", "toughness": "2", "type": "Creature — Human Warrior", "types": ["Creature"], "uuid": "3d054785-c4bd-5f49-aa38-8b6d39039053"}, {"artist": "Victor Adame Minguez", "availability": ["paper"], "borderColor": "black", "colorIdentity": ["W"], "colors": ["W"], "convertedManaCost": 2.0, "edhrecRank": 2306, "finishes": ["foil"], "flavorText": "\"Every choice alters the path of fate.\"\n—Sarkhan Vol", "foreignData": [], "frameVersion": "2015", "hasFoil": true, "hasNonFoil": false, "identifiers": {"cardKingdomFoilId": "202410", "cardsphereId": "8520", "mcmId": "283661", "mtgjsonV4Id": "91e24785-f417-5731-8da6-cf429a7d94dd", "scryfallId": "f482213a-4e3e-4e13-82a1-88e7d6c4ba2c", "scryfallIllustrationId": "e74ed951-509b-477b-860b-284ec4c9b723", "scryfallOracleId": "1f938353-9081-4dc1-b8e7-d18ece038bd4", "tcgplayerProductId": "100573"}, "isReprint": true, "isStarter": true, "language": "English", "layout": "normal", "legalities": {"alchemy": "Legal", "brawl": "Legal", "commander": "Legal", "duel": "Legal", "explorer": "Legal", "future": "Legal", "gladiator": "Legal", "historic": "Legal", "historicbrawl": "Legal", "legacy": "Legal", "modern": "Legal", "penny": "Legal", "pioneer": "Legal", "standard": "Legal", "vintage": "Legal"}, "manaCost": "{1}{W}", "manaValue": 2.0, "name": "Valorous Stance", "number": "3", "printings": ["2XM", "AFC", "CMR", "CP3", "DBL", "FRF", "JMP", "PRM", "VOW"], "purchaseUrls": {"cardKingdomFoil": "https://mtgjson.com/links/c43b923b318112ae", "tcgplayer": "https://mtgjson.com/links/5cf2296b8f294fa1"}, "rarity": "uncommon", "rulings": [], "setCode": "CP3", "subtypes": [], "supertypes": [], "text": "Choose one —\n• Target creature gains indestructible until end of turn. (Damage and effects that say \"destroy\" don't destroy it.)\n• Destroy target creature with toughness 4 or greater.", "type": "Instant", "types": ["Instant"], "uuid": "2de5d2e9-533c-5051-8e6b-69bae062b8cb"}, {"artist": "Slawomir Maniak", "availability": ["paper"], "borderColor": "black", "colorIdentity": ["G", "W"], "colors": ["G", "W"], "convertedManaCost": 5.0, "edhrecRank": 3426, "finishes": ["foil"], "flavorText": "\"The bane of countless shattered weapons, each a failure to slay her.\"\n—Daghatar the Adamant", "foreignData": [], "frameVersion": "2015", "hasFoil": true, "hasNonFoil": false, "identifiers": {"cardKingdomFoilId": "202413", "cardsphereId": "8505", "mcmId": "283444", "mtgjsonV4Id": "0557392d-0175-5de2-a68f-d7efe093e962", "scryfallId": "04e19ddc-0d13-4540-a399-73258f741bb2", "scryfallIllustrationId": "571c9c07-1db7-439c-ab23-15104625453d", "scryfallOracleId": "73520b5a-3d55-40c9-af60-90fdd811934f", "tcgplayerProductId": "100183"}, "isReprint": true, "isStarter": true, "keywords": ["Bolster", "Flying"], "language": "English", "layout": "normal", "leadershipSkills": {"brawl": false, "commander": true, "oathbreaker": false}, "legalities": {"commander": "Legal", "duel": "Legal", "legacy": "Legal", "modern": "Legal", "penny": "Legal", "pioneer": "Legal", "vintage": "Legal"}, "manaCost": "{3}{G}{W}", "manaValue": 5.0, "name": "Dromoka, the Eternal", "number": "4", "power": "5", "printings": ["C17", "CP3", "FRF", "PFRF", "PRM"], "purchaseUrls": {"cardKingdomFoil": "https://mtgjson.com/links/54a8ab6b0aa637af", "tcgplayer": "https://mtgjson.com/links/fb78c886126e7dea"}, "rarity": "rare", "rulings": [{"date": "2014-11-24", "text": "Each Dragon you attack with will cause Dromoka’s triggered ability to trigger. For each instance of the ability, you’ll determine which creature to put +1/+1 counters on as it resolves. Specifically, the creature you control with the lowest toughness as the first such ability resolves may not have the lowest toughness as the second such ability resolves."}, {"date": "2014-11-24", "text": "Bolster itself doesn’t target any creature, though some spells and abilities that bolster may have other effects that target creatures. For example, you could put counters on a creature with protection from white with Abzan Skycaptain’s bolster ability."}, {"date": "2014-11-24", "text": "You determine which creature to put counters on as the spell or ability that instructs you to bolster resolves."}], "securityStamp": "oval", "setCode": "CP3", "subtypes": ["Dragon"], "supertypes": ["Legendary"], "text": "Flying\nWhenever a Dragon you control attacks, bolster 2. (Choose a creature with the least toughness among creatures you control and put two +1/+1 counters on it.)", "toughness": "5", "type": "Legendary Creature — Dragon", "types": ["Creature"], "uuid": "0f8b1190-d744-5940-b42f-151df80bbb53"}, {"artist": "Kev Walker", "availability": ["paper"], "borderColor": "black", "colorIdentity": ["B", "G", "W"], "colors": ["B", "G", "W"], "convertedManaCost": 4.0, "edhrecRank": 10008, "finishes": ["foil"], "flavorText": "The mere approach of an Abzan war beast is enough to send enemies fleeing in panic.", "foreignData": [], "frameVersion": "2015", "hasFoil": true, "hasNonFoil": false, "identifiers": {"cardKingdomFoilId": "202412", "cardsphereId": "8517", "mcmId": "283662", "mtgjsonV4Id": "3da9c773-6b46-59a9-90ad-f9c7bb87ee3e", "scryfallId": "5a232a87-f8d2-4c91-99ee-2060796df09b", "scryfallIllustrationId": "55a0ffca-5374-458c-ba51-a62c1f470bd1", "scryfallOracleId": "e1087ce2-e3c2-4ab1-bd08-1dc9ab70f12f", "tcgplayerProductId": "100571"}, "isReprint": true, "isStarter": true, "keywords": ["Trample"], "language": "English", "layout": "normal", "legalities": {"commander": "Legal", "duel": "Legal", "legacy": "Legal", "modern": "Legal", "pioneer": "Legal", "vintage": "Legal"}, "manaCost": "{1}{W}{B}{G}", "manaValue": 4.0, "name": "Siege Rhino", "number": "5", "power": "4", "printings": ["CP3", "KTK", "PKTK", "PRM"], "purchaseUrls": {"cardKingdomFoil": "https://mtgjson.com/links/efcc8f708600bdfe", "tcgplayer": "https://mtgjson.com/links/de954b0ca47ca605"}, "rarity": "rare", "rulings": [], "securityStamp": "oval", "setCode": "CP3", "subtypes": ["Rhino"], "supertypes": [], "text": "Trample\nWhen Siege Rhino enters the battlefield, each opponent loses 3 life and you gain 3 life.", "toughness": "5", "type": "Creature — Rhino", "types": ["Creature"], "uuid": "32a5ed58-c6bd-5729-bbdf-7c20c8ffc721"}, {"artist": "John Avon", "availability": ["paper"], "borderColor": "black", "colorIdentity": ["B", "G", "W"], "colors": [], "convertedManaCost": 0.0, "edhrecRank": 580, "finishes": ["foil"], "flavorText": "That which endures, survives.", "foreignData": [], "frameVersion": "2015", "hasFoil": true, "hasNonFoil": false, "identifiers": {"cardKingdomFoilId": "202414", "cardsphereId": "8515", "mcmId": "283663", "mtgjsonV4Id": "7d165276-a29a-53e8-9bb2-d024e96f8b53", "scryfallId": "7ce265fa-1b23-4d03-8675-6c9447d31115", "scryfallIllustrationId": "04510457-02c9-4708-9bbf-15e5e36828c7", "scryfallOracleId": "544dbabd-cbfc-40da-a5ba-2fea9cddb453", "tcgplayerProductId": "100572"}, "isReprint": true, "isStarter": true, "language": "English", "layout": "normal", "legalities": {"commander": "Legal", "duel": "Legal", "legacy": "Legal", "modern": "Legal", "penny": "Legal", "pioneer": "Legal", "vintage": "Legal"}, "manaValue": 0.0, "name": "Sandsteppe Citadel", "number": "6", "printings": ["C16", "C17", "C20", "CM2", "CP3", "KTK", "MB1", "PRM"], "purchaseUrls": {"cardKingdomFoil": "https://mtgjson.com/links/2a5b82c4fbc8c20d", "tcgplayer": "https://mtgjson.com/links/30b8254f5fe258b4"}, "rarity": "uncommon", "rulings": [], "setCode": "CP3", "subtypes": [], "supertypes": [], "text": "Sandsteppe Citadel enters the battlefield tapped.\n{T}: Add {W}, {B}, or {G}.", "type": "Land", "types": ["Land"], "uuid": "e2d5e0a2-187b-5890-9712-076f0171d17d"}], "cardsphereSetId": 952, "code": "CP3", "isFoilOnly": true, "isOnlineOnly": false, "keyruneCode": "PMEI", "name": "Magic Origins Clash Pack", "parentCode": "ORI", "releaseDate": "2015-07-17", "tokens": [], "totalSetSize": 6, "translations": {}, "type": "starter"}}