{"meta": {"date": "2022-05-26", "version": "5.2.0+20220526"}, "data": {"baseSetSize": 15, "cards": [{"artist": "Kev Walker", "availability": ["mtgo", "paper"], "borderColor": "black", "colorIdentity": ["B", "R"], "colors": ["B", "R"], "convertedManaCost": 7.0, "edhrecRank": 1909, "finishes": ["foil"], "foreignData": [], "frameVersion": "2003", "hasFoil": true, "hasNonFoil": false, "identifiers": {"cardKingdomFoilId": "125606", "cardsphereId": "18433", "mcmId": "19656", "mcmMetaId": "556", "mtgjsonV4Id": "80eeb459-0fc1-53c4-84ee-8feb4abdf09d", "mtgoFoilId": "30807", "mtgoId": "30806", "multiverseId": "178014", "scryfallId": "f5fac22d-04b5-4b71-a5df-af50abee82a7", "scryfallIllustrationId": "33cc664a-c724-4005-aa1c-23c68705ce34", "scryfallOracleId": "c22cc70a-9533-4bfc-b3ce-b2d43a73f0c1", "tcgplayerProductId": "36771"}, "isReprint": true, "isStarter": true, "keywords": ["Flying"], "language": "English", "layout": "normal", "leadershipSkills": {"brawl": false, "commander": true, "oathbreaker": false}, "legalities": {"commander": "Legal", "duel": "Legal", "gladiator": "Legal", "historic": "Legal", "historicbrawl": "Legal", "legacy": "Legal", "paupercommander": "Restricted", "premodern": "Legal", "vintage": "Legal"}, "manaCost": "{3}{B}{B}{R}{R}", "manaValue": 7.0, "name": "Bladewing the Risen", "number": "1", "power": "4", "printings": ["C17", "CMA", "CMD", "DRB", "IMA", "MB1", "PANA", "SCG"], "purchaseUrls": {"cardKingdomFoil": "https://mtgjson.com/links/a2f0717cfd717a25", "cardmarket": "https://mtgjson.com/links/2e1ea2438824d70f", "tcgplayer": "https://mtgjson.com/links/f5258e8ef1bd0276"}, "rarity": "rare", "rulings": [], "setCode": "DRB", "subtypes": ["Zombie", "Dragon"], "supertypes": ["Legendary"], "text": "Flying\nWhen Bladewing the Risen enters the battlefield, you may return target Dragon permanent card from your graveyard to the battlefield.\n{B}{R}: Dragon creatures get +1/+1 until end of turn.", "toughness": "4", "type": "Legendary Creature — Zombie Dragon", "types": ["Creature"], "uuid": "b5a251af-1807-570b-9922-3f8d3a2ae38c"}, {"artist": "Scott M. Fischer", "availability": ["mtgo", "paper"], "borderColor": "black", "colorIdentity": ["R"], "colors": ["R"], "convertedManaCost": 8.0, "edhrecRank": 3536, "finishes": ["foil"], "flavorText": "Cleansing the world, one breath at a time.", "foreignData": [], "frameVersion": "2003", "hasFoil": true, "hasNonFoil": false, "identifiers": {"cardKingdomFoilId": "125607", "cardsphereId": "18434", "mcmId": "19657", "mcmMetaId": "8322", "mtgjsonV4Id": "f27eafb8-c525-55b2-ac5a-3301503e1b1a", "mtgoFoilId": "30817", "mtgoId": "30816", "multiverseId": "178017", "scryfallId": "cd476375-7294-4a14-9c26-3881c93a1930", "scryfallIllustrationId": "7ba64784-0fd6-4c81-9d53-ede30ac541f6", "scryfallOracleId": "699bc130-2f1f-4bc8-a25f-9329e40efbb1", "tcgplayerProductId": "36772"}, "isReprint": true, "isStarter": true, "keywords": ["Flash", "Flying"], "language": "English", "layout": "normal", "legalities": {"commander": "Legal", "duel": "Legal", "legacy": "Legal", "modern": "Legal", "penny": "Legal", "vintage": "Legal"}, "manaCost": "{6}{R}{R}", "manaValue": 8.0, "name": "Bogardan Hellkite", "number": "2", "power": "5", "printings": ["AFC", "C14", "CM2", "DDG", "DRB", "IMA", "M10", "TSP"], "purchaseUrls": {"cardKingdomFoil": "https://mtgjson.com/links/41be2bc393f50dd0", "cardmarket": "https://mtgjson.com/links/cdcd5dffcfedd1c4", "tcgplayer": "https://mtgjson.com/links/1ac7e6b9453ef3a0"}, "rarity": "rare", "rulings": [{"date": "2017-11-17", "text": "You choose how many targets Bogardan Hellkite's triggered ability has and how the damage is divided as you put the ability onto the stack. Each target must receive at least 1 damage."}, {"date": "2017-11-17", "text": "If some of the creatures or players are illegal targets as Bogardan Hellkite's triggered ability tries to resolve, the original division of damage still applies and the damage that would have been dealt to the illegal targets is lost. It won't be dealt instead to a legal target."}], "setCode": "DRB", "subtypes": ["Dragon"], "supertypes": [], "text": "Flash\nFlying\nWhen Bogardan Hellkite enters the battlefield, it deals 5 damage divided as you choose among any number of targets.", "toughness": "5", "type": "Creature — Dragon", "types": ["Creature"], "uuid": "c7fb1dbc-eeaa-5b4c-9adc-666fb6bf807f"}, {"artist": "Sam Wood", "availability": ["mtgo", "paper"], "borderColor": "black", "colorIdentity": [], "colors": [], "convertedManaCost": 16.0, "edhrecRank": 5976, "finishes": ["foil"], "foreignData": [], "frameVersion": "2003", "hasFoil": true, "hasNonFoil": false, "identifiers": {"cardKingdomFoilId": "125608", "cardsphereId": "18435", "mcmId": "19658", "mcmMetaId": "1565", "mtgjsonV4Id": "45a4d50d-b4ef-5dc5-88b3-5bb4d7bce7a2", "mtgoFoilId": "30805", "mtgoId": "30804", "multiverseId": "178018", "scryfallId": "87a69f0c-69c2-41d5-b784-502dadf9d048", "scryfallIllustrationId": "a95e4a09-371d-4cfd-832e-095938deffe0", "scryfallOracleId": "6157ade6-9037-4339-869b-493fdee71dcf", "tcgplayerProductId": "36773"}, "isReprint": true, "isStarter": true, "keywords": ["Domain", "Flying"], "language": "English", "layout": "normal", "legalities": {"commander": "Legal", "duel": "Legal", "legacy": "Legal", "premodern": "Legal", "vintage": "Legal"}, "manaCost": "{16}", "manaValue": 16.0, "name": "Draco", "number": "3", "power": "9", "printings": ["DRB", "MB1", "PLS"], "purchaseUrls": {"cardKingdomFoil": "https://mtgjson.com/links/19a3e845af2badec", "cardmarket": "https://mtgjson.com/links/eef48c2bd9f32fcd", "tcgplayer": "https://mtgjson.com/links/9981efed2c83ae64"}, "rarity": "rare", "rulings": [{"date": "2009-02-01", "text": "To determine the number of basic land types among lands you control, look at the lands you have on the battlefield and ask yourself whether the subtypes Plains, Island, Swamp, Mountain, and Forest appear within that group. The number of times you say yes (topping out at five) tells you how powerful your domain abilities will be."}, {"date": "2009-02-01", "text": "How many lands you control of a particular basic land type is irrelevant to a domain ability, as long as that number is greater than zero. As far as domain is concerned, ten Forests is the same as one Forest."}, {"date": "2009-02-01", "text": "A number of nonbasic lands have basic land types. Domain abilities don’t count the number of lands you control — they count the number of basic land types among lands you control, even if that means checking the same land twice. For example, if you control a Tundra, an Overgrown Tomb, and a Madblind Mountain, you’ll have a Plains, Island, Swamp, Mountain, and Forest among the lands you control. Your domain abilities will be maxed out."}], "setCode": "DRB", "subtypes": ["Dragon"], "supertypes": [], "text": "Domain — This spell costs {2} less to cast for each basic land type among lands you control.\nFlying\nDomain — At the beginning of your upkeep, sacrifice Draco unless you pay {10}. This cost is reduced by {2} for each basic land type among lands you control.", "toughness": "9", "type": "Artifact Creature — Dragon", "types": ["Artifact", "Creature"], "uuid": "43bde0de-bf50-5f4d-870d-d33c9d1290f6"}, {"artist": "Steven Belledin", "availability": ["mtgo", "paper"], "borderColor": "black", "colorIdentity": ["R"], "colors": ["R"], "convertedManaCost": 4.0, "edhrecRank": 13944, "finishes": ["foil"], "flavorText": "Dragon whelps face few threats besides their own enthusiasm.", "foreignData": [], "frameVersion": "2003", "hasFoil": true, "hasNonFoil": false, "identifiers": {"cardKingdomFoilId": "125609", "cardsphereId": "18436", "mcmId": "19659", "mcmMetaId": "1580", "mtgjsonV4Id": "7c408f4e-28d7-554d-b9c4-a7f3f9ce8e47", "mtgoFoilId": "30795", "mtgoId": "30794", "multiverseId": "178019", "scryfallId": "93bbe3cf-609a-4666-8f65-48860b73865b", "scryfallIllustrationId": "3f7f9b50-e94e-4bdb-886a-be542cbe77a4", "scryfallOracleId": "705a1985-ed39-4a4b-812e-a677170b596e", "tcgplayerProductId": "36774"}, "isReprint": true, "isStarter": true, "keywords": ["Flying"], "language": "English", "layout": "normal", "legalities": {"commander": "Legal", "duel": "Legal", "legacy": "Legal", "modern": "Legal", "paupercommander": "Restricted", "penny": "Legal", "premodern": "Legal", "vintage": "Legal"}, "manaCost": "{2}{R}{R}", "manaValue": 4.0, "name": "Dragon Whelp", "number": "4", "power": "2", "printings": ["2ED", "3ED", "4BB", "4ED", "ARC", "CED", "CEI", "CMA", "CMD", "DDG", "DRB", "FBB", "LEA", "LEB", "M10", "MB1", "SUM", "TSB"], "purchaseUrls": {"cardKingdomFoil": "https://mtgjson.com/links/bfd89837a7c60b39", "cardmarket": "https://mtgjson.com/links/4ff2aa579adadda4", "tcgplayer": "https://mtgjson.com/links/52b72d73798b6e6a"}, "rarity": "rare", "rulings": [{"date": "2009-10-01", "text": "The first three times Dragon Whelp’s ability is activated in a turn will do nothing other than give it +1/+0 until end of turn. Any subsequent activations will also cause its delayed triggered ability to trigger. That means if you activate Dragon Whelp’s ability five times, for example, two different delayed triggered abilities will trigger at the beginning of the next end step and cause you to sacrifice Dragon Whelp."}, {"date": "2009-10-01", "text": "If the fourth (or more) time Dragon Whelp’s ability is activated during the same turn happens to be during that turn’s end step, the delayed triggered ability won’t trigger until the beginning of the next turn’s end step. You’ll have to sacrifice Dragon Whelp at that time."}], "setCode": "DRB", "subtypes": ["Dragon"], "supertypes": [], "text": "Flying\n{R}: Dragon Whelp gets +1/+0 until end of turn. If this ability has been activated four or more times this turn, sacrifice Dragon Whelp at the beginning of the next end step.", "toughness": "3", "type": "Creature — Dragon", "types": ["Creature"], "uuid": "e86c6e2f-a97f-52c3-9f72-2e27de42aac8"}, {"artist": "Kev Walker", "availability": ["mtgo", "paper"], "borderColor": "black", "colorIdentity": ["R"], "colors": ["R"], "convertedManaCost": 9.0, "edhrecRank": 6501, "finishes": ["foil"], "flavorText": "Dragons come not in packs or in herds but in storms.", "foreignData": [], "frameVersion": "2003", "hasFoil": true, "hasNonFoil": false, "identifiers": {"cardKingdomFoilId": "125610", "cardsphereId": "18437", "mcmId": "19660", "mcmMetaId": "1585", "mtgjsonV4Id": "9eb06144-d546-5860-84a8-7a82ab517524", "mtgoFoilId": "30809", "mtgoId": "30808", "multiverseId": "178015", "scryfallId": "12dd4238-9628-4d51-a83e-005bb8cd816f", "scryfallIllustrationId": "aa700c3d-7b86-4118-89f9-2c1700d19ca1", "scryfallOracleId": "d74c3871-018a-4450-a613-f67703bb0d72", "tcgplayerProductId": "36775"}, "isReprint": true, "isStarter": true, "keywords": ["Storm"], "language": "English", "layout": "normal", "legalities": {"commander": "Legal", "duel": "Legal", "gladiator": "Legal", "historic": "Legal", "historicbrawl": "Legal", "legacy": "Legal", "modern": "Legal", "penny": "Legal", "premodern": "Legal", "vintage": "Legal"}, "manaCost": "{8}{R}", "manaValue": 9.0, "name": "Dragonstorm", "number": "5", "printings": ["DRB", "HA5", "MMA", "SCG", "TSB"], "purchaseUrls": {"cardKingdomFoil": "https://mtgjson.com/links/96b3eb9dc544857f", "cardmarket": "https://mtgjson.com/links/45aaec33e6c779fa", "tcgplayer": "https://mtgjson.com/links/ab4705c6fbe6df35"}, "rarity": "rare", "rulings": [{"date": "2013-06-07", "text": "The copies are put directly onto the stack. They aren’t cast and won’t be counted by other spells with storm cast later in the turn."}, {"date": "2013-06-07", "text": "Spells cast from zones other than a player’s hand and spells that were countered are counted by the storm ability."}, {"date": "2013-06-07", "text": "A copy of a spell can be countered like any other spell, but it must be countered individually. Countering a spell with storm won’t affect the copies."}, {"date": "2013-06-07", "text": "The triggered ability that creates the copies can itself be countered by anything that can counter a triggered ability. If it is countered, no copies will be put onto the stack."}], "setCode": "DRB", "subtypes": [], "supertypes": [], "text": "Search your library for a Dragon permanent card, put it onto the battlefield, then shuffle.\nStorm (When you cast this spell, copy it for each spell cast before it this turn.)", "type": "Sorcery", "types": ["Sorcery"], "uuid": "f376db54-054a-5dad-999d-3832fe9e2481"}, {"artist": "Donato Giancola", "availability": ["mtgo", "paper"], "borderColor": "black", "colorIdentity": ["B"], "colors": ["B"], "convertedManaCost": 7.0, "edhrecRank": 18832, "finishes": ["foil"], "flavorText": "\"The dragon wing of night o'erspreads the earth.\"\n—*Troilus and Cressida*, William Shakespeare", "foreignData": [], "frameVersion": "2003", "hasFoil": true, "hasNonFoil": false, "identifiers": {"cardKingdomFoilId": "125611", "cardsphereId": "18438", "mcmId": "19661", "mcmMetaId": "1698", "mtgjsonV4Id": "b13fed6c-7e7d-557f-9d8a-52515eba3079", "mtgoFoilId": "30789", "mtgoId": "30788", "multiverseId": "178021", "scryfallId": "0339671a-3d44-4e66-83cb-e460ef727b10", "scryfallIllustrationId": "31ca222e-cd9d-4f89-b1be-adecc31babf2", "scryfallOracleId": "12e4d2bd-83e9-4120-a2e8-0645c0ed2387", "tcgplayerProductId": "36776"}, "isReprint": true, "isStarter": true, "keywords": ["Flying"], "language": "English", "layout": "normal", "legalities": {"commander": "Legal", "duel": "Legal", "legacy": "Legal", "penny": "Legal", "vintage": "Legal"}, "manaCost": "{5}{B}{B}", "manaValue": 7.0, "name": "Ebon Dragon", "number": "6", "power": "5", "printings": ["DRB", "ME4", "POR"], "purchaseUrls": {"cardKingdomFoil": "https://mtgjson.com/links/3d24e5ef3ba713b8", "cardmarket": "https://mtgjson.com/links/16eff8272cbf1863", "tcgplayer": "https://mtgjson.com/links/851291c7d2ef7c13"}, "rarity": "rare", "rulings": [], "setCode": "DRB", "subtypes": ["Dragon"], "supertypes": [], "text": "Flying\nWhen Ebon Dragon enters the battlefield, you may have target opponent discard a card.", "toughness": "4", "type": "Creature — Dragon", "types": ["Creature"], "uuid": "c423f5fb-1fe9-5aab-be90-f4b5b52cdd3c"}, {"artist": "Daarken", "availability": ["mtgo", "paper"], "borderColor": "black", "colorIdentity": ["R"], "colors": ["R"], "convertedManaCost": 7.0, "edhrecRank": 9957, "finishes": ["foil"], "foreignData": [], "frameVersion": "2003", "hasFoil": true, "hasNonFoil": false, "identifiers": {"cardKingdomFoilId": "125612", "cardsphereId": "18439", "mcmId": "19662", "mcmMetaId": "2189", "mtgjsonV4Id": "17ef283e-52cb-58c0-b903-3ab9a71bb3e3", "mtgoFoilId": "30793", "mtgoId": "30792", "multiverseId": "178016", "scryfallId": "14b37758-68cc-42a3-a19c-3fbca745250a", "scryfallIllustrationId": "b84ce510-696f-4b24-94c2-d00109e997fb", "scryfallOracleId": "7b389f2b-fddc-46fb-85d5-4470565323f3", "tcgplayerProductId": "36777"}, "isReprint": true, "isStarter": true, "language": "English", "layout": "normal", "legalities": {"commander": "Legal", "duel": "Legal", "legacy": "Legal", "modern": "Legal", "penny": "Legal", "premodern": "Legal", "vintage": "Legal"}, "manaCost": "{4}{R}{R}{R}", "manaValue": 7.0, "name": "Form of the Dragon", "number": "7", "printings": ["9ED", "DRB", "FMB1", "SCG"], "purchaseUrls": {"cardKingdomFoil": "https://mtgjson.com/links/bb1c502c1873cd58", "cardmarket": "https://mtgjson.com/links/88464366b488553b", "tcgplayer": "https://mtgjson.com/links/abf92e858dd65596"}, "rarity": "rare", "rulings": [{"date": "2004-10-04", "text": "If you life total was above 5 at end of turn, then you lose life to make your total 5. If it was less than 5, you gain life to bring it to 5."}, {"date": "2004-10-04", "text": "It sets your life total at the beginning of the end step of every player’s turn, not just your own."}, {"date": "2014-02-01", "text": "Unless some effect explicitly says otherwise, a creature that can’t attack you can still attack a planeswalker you control."}], "setCode": "DRB", "subtypes": [], "supertypes": [], "text": "At the beginning of your upkeep, Form of the Dragon deals 5 damage to any target.\nAt the beginning of each end step, your life total becomes 5.\nCreatures without flying can't attack you.", "type": "Enchantment", "types": ["Enchantment"], "uuid": "c4c44115-7705-56a7-9bb0-fe23b72757d6"}, {"artist": "Justin Sweet", "availability": ["mtgo", "paper"], "borderColor": "black", "colorIdentity": ["B", "G", "R"], "colors": ["B", "G", "R"], "convertedManaCost": 8.0, "edhrecRank": 8841, "finishes": ["foil"], "flavorText": "\"The dragon has no pretense of compassion, no false mask of civilization—just hunger, heat, and need.\"\n—Sarkhan Vol", "foreignData": [], "frameVersion": "2003", "hasFoil": true, "hasNonFoil": false, "identifiers": {"cardKingdomFoilId": "125613", "cardsphereId": "18440", "mcmId": "19663", "mcmMetaId": "10037", "mtgjsonV4Id": "0fb55480-8c5c-5ca6-8eef-acd745c22a76", "mtgoFoilId": "30791", "mtgoId": "30790", "multiverseId": "178028", "scryfallId": "7e3c4f96-4a43-440d-b75f-2cdb7c24b92e", "scryfallIllustrationId": "a51ba40e-c746-43e7-aa00-a83d9957b65c", "scryfallOracleId": "1d05e441-84d4-482f-95a8-7842e776cad2", "tcgplayerProductId": "36778"}, "isReprint": true, "isStarter": true, "keywords": ["Flying", "Haste", "Trample"], "language": "English", "layout": "normal", "legalities": {"commander": "Legal", "duel": "Legal", "legacy": "Legal", "modern": "Legal", "vintage": "Legal"}, "manaCost": "{4}{B}{R}{R}{G}", "manaValue": 8.0, "name": "Hellkite Overlord", "number": "8", "power": "8", "printings": ["ALA", "DRB", "PLIST"], "purchaseUrls": {"cardKingdomFoil": "https://mtgjson.com/links/7a59ae56fd624fb1", "cardmarket": "https://mtgjson.com/links/e2734a02dc51984a", "tcgplayer": "https://mtgjson.com/links/297a2ba758733ccb"}, "rarity": "rare", "rulings": [], "setCode": "DRB", "subtypes": ["Dragon"], "supertypes": [], "text": "Flying, trample, haste\n{R}: Hellkite Overlord gets +1/+0 until end of turn.\n{B}{G}: Regenerate Hellkite Overlord.", "toughness": "8", "type": "Creature — Dragon", "types": ["Creature"], "uuid": "406bea5a-6c0e-5848-bc1a-d8c05ff2ed67"}, {"artist": "Tsutomu Kawade", "availability": ["mtgo", "paper"], "borderColor": "black", "colorIdentity": ["B"], "colors": ["B"], "convertedManaCost": 6.0, "edhrecRank": 1055, "finishes": ["foil"], "flavorText": "The fall of the evening star never heralds a gentle dawn.", "foreignData": [], "frameVersion": "2003", "hasFoil": true, "hasNonFoil": false, "identifiers": {"cardKingdomFoilId": "125614", "cardsphereId": "18441", "mcmId": "19664", "mcmMetaId": "7062", "mtgjsonV4Id": "63c80ba1-c608-56f4-878d-a83467817c51", "mtgoFoilId": "30813", "mtgoId": "30812", "multiverseId": "178022", "scryfallId": "f5c9262a-bbeb-4334-b511-d9f7db119422", "scryfallIllustrationId": "745aacff-a324-4f9f-a61e-59266fffabe7", "scryfallOracleId": "cf631c93-b7fb-4e4f-b405-3778c15b1117", "tcgplayerProductId": "36779"}, "isReprint": true, "isStarter": true, "keywords": ["Flying"], "language": "English", "layout": "normal", "leadershipSkills": {"brawl": false, "commander": true, "oathbreaker": false}, "legalities": {"commander": "Legal", "duel": "Legal", "legacy": "Legal", "modern": "Legal", "penny": "Legal", "vintage": "Legal"}, "manaCost": "{4}{B}{B}", "manaValue": 6.0, "name": "Kokusho, the Evening Star", "number": "9", "power": "5", "printings": ["CHK", "DRB", "IMA", "MMA"], "purchaseUrls": {"cardKingdomFoil": "https://mtgjson.com/links/161a04d3afe762e9", "cardmarket": "https://mtgjson.com/links/e972a9eb6f015d3e", "tcgplayer": "https://mtgjson.com/links/fce9a0685436c655"}, "rarity": "rare", "rulings": [], "setCode": "DRB", "subtypes": ["Dragon", "Spirit"], "supertypes": ["Legendary"], "text": "Flying\nWhen Kokusho, the Evening Star dies, each opponent loses 5 life. You gain life equal to the life lost this way.", "toughness": "5", "type": "Legendary Creature — Dragon Spirit", "types": ["Creature"], "uuid": "6138e3dd-5207-5d8f-bdc6-f79fc62b12f7"}, {"artist": "D. Alexander Gregory", "availability": ["mtgo", "paper"], "borderColor": "black", "colorIdentity": ["B", "R", "U"], "colors": ["B", "R", "U"], "convertedManaCost": 8.0, "edhrecRank": 6048, "finishes": ["foil"], "flavorText": "Dominaria's most ancient evil.", "foreignData": [], "frameVersion": "2003", "hasFoil": true, "hasNonFoil": false, "identifiers": {"cardKingdomFoilId": "125615", "cardsphereId": "18442", "mcmId": "19665", "mcmMetaId": "3887", "mtgjsonV4Id": "76069871-9a33-5fb8-8e70-78669c77a4fb", "mtgoFoilId": "30799", "mtgoId": "30798", "multiverseId": "178020", "scryfallId": "89666fe1-0f3a-4fc5-b628-fe683c180584", "scryfallIllustrationId": "c13af880-069a-405c-85c1-88901f31e740", "scryfallOracleId": "e26bf6a9-b31c-4bc0-b55b-c01f2f69be6b", "tcgplayerProductId": "36780"}, "isReprint": true, "isStarter": true, "keywords": ["Flying"], "language": "English", "layout": "normal", "leadershipSkills": {"brawl": false, "commander": true, "oathbreaker": false}, "legalities": {"commander": "Legal", "duel": "Legal", "legacy": "Legal", "modern": "Legal", "penny": "Legal", "premodern": "Legal", "vintage": "Legal"}, "manaCost": "{2}{U}{U}{B}{B}{R}{R}", "manaValue": 8.0, "name": "Nicol Bolas", "number": "10", "power": "7", "printings": ["A25", "CHR", "DRB", "LEG", "ME3", "PLIST", "TSB"], "purchaseUrls": {"cardKingdomFoil": "https://mtgjson.com/links/96dc239d445fe91d", "cardmarket": "https://mtgjson.com/links/296fb1dcd24b855d", "tcgplayer": "https://mtgjson.com/links/7651990d182a9a19"}, "rarity": "rare", "rulings": [{"date": "2009-10-01", "text": "Nicol Bolas’s third ability triggers whenever it deals damage to an opponent for any reason. It’s not limited to combat damage."}], "setCode": "DRB", "subtypes": ["Elder", "Dragon"], "supertypes": ["Legendary"], "text": "Flying\nAt the beginning of your upkeep, sacrifice Nicol Bolas unless you pay {U}{B}{R}.\nWhenever Nicol Bolas deals damage to an opponent, that player discards their hand.", "toughness": "7", "type": "Legendary Creature — Elder Dragon", "types": ["Creature"], "uuid": "50fde040-28d4-571d-ab34-423f75f78e65"}, {"artist": "Todd Lockwood", "availability": ["mtgo", "paper"], "borderColor": "black", "colorIdentity": ["R", "U"], "colors": ["R", "U"], "convertedManaCost": 6.0, "edhrecRank": 1354, "finishes": ["foil"], "flavorText": "As brilliant as a cut diamond, and with just as cruel an edge.", "foreignData": [], "frameVersion": "2003", "hasFoil": true, "hasNonFoil": false, "identifiers": {"cardKingdomFoilId": "125616", "cardsphereId": "18443", "mcmId": "19666", "mcmMetaId": "7799", "mtgjsonV4Id": "50b385ec-fde6-5cfe-ba27-689106862491", "mtgoFoilId": "30815", "mtgoId": "30814", "multiverseId": "178023", "scryfallId": "e3a08c53-f7bc-484a-942d-9586da12f482", "scryfallIllustrationId": "4fe18888-ae07-4e02-a99b-bdc95194494c", "scryfallOracleId": "959acb66-84ca-4535-bca2-ad591895735e", "tcgplayerProductId": "36781"}, "isReprint": true, "isStarter": true, "keywords": ["Flying"], "language": "English", "layout": "normal", "leadershipSkills": {"brawl": false, "commander": true, "oathbreaker": false}, "legalities": {"commander": "Legal", "duel": "Legal", "legacy": "Legal", "modern": "Legal", "penny": "Legal", "vintage": "Legal"}, "manaCost": "{2}{U}{U}{R}{R}", "manaValue": 6.0, "name": "Niv-Mizzet, the Firemind", "number": "11", "power": "4", "printings": ["A25", "C17", "C20", "DDJ", "DRB", "GK1", "GPT", "MM2", "PCMP", "PRM"], "purchaseUrls": {"cardKingdomFoil": "https://mtgjson.com/links/79c5f6538042e998", "cardmarket": "https://mtgjson.com/links/6f5a97409b08af91", "tcgplayer": "https://mtgjson.com/links/d164f53d03c0dc3d"}, "rarity": "rare", "rulings": [{"date": "2018-03-16", "text": "If a spell or ability causes you to draw multiple cards, Niv-Mizzet’s ability triggers that many times."}, {"date": "2018-03-16", "text": "If dealing 1 damage to a permanent or player causes you to draw a card, perhaps because Niv-Mizzet is enchanted by Curiosity, you’ll continue this loop until the loop is interrupted, perhaps by a player losing the game."}], "setCode": "DRB", "subtypes": ["Dragon", "Wizard"], "supertypes": ["Legendary"], "text": "Flying\nWhenever you draw a card, Niv-Mizzet, the Firemind deals 1 damage to any target.\n{T}: Draw a card.", "toughness": "4", "type": "Legendary Creature — Dragon Wizard", "types": ["Creature"], "uuid": "d5cad472-913a-5e7b-9904-8829210392c0"}, {"artist": "Todd Lockwood", "availability": ["mtgo", "paper"], "borderColor": "black", "colorIdentity": ["G", "R", "W"], "colors": ["G", "R", "W"], "convertedManaCost": 6.0, "edhrecRank": 8149, "finishes": ["foil"], "foreignData": [], "frameVersion": "2003", "hasFoil": true, "hasNonFoil": false, "identifiers": {"cardKingdomFoilId": "125617", "cardsphereId": "18444", "mcmId": "19667", "mcmMetaId": "4740", "mtgjsonV4Id": "00e57301-3dc7-50f1-8fac-ed4e2d6767cf", "mtgoFoilId": "30797", "mtgoId": "30796", "multiverseId": "178024", "scryfallId": "871093cc-b545-4a6c-b6d6-a575f3cd4a70", "scryfallIllustrationId": "7fd3d32d-77e1-4ba0-b159-cda7fe9b05ec", "scryfallOracleId": "97e5d788-2dd3-4c8e-9ab6-f4ea9c7a9a3d", "tcgplayerProductId": "36782"}, "isReprint": true, "isStarter": true, "keywords": ["Flying"], "language": "English", "layout": "normal", "leadershipSkills": {"brawl": false, "commander": true, "oathbreaker": false}, "legalities": {"commander": "Legal", "duel": "Legal", "legacy": "Legal", "premodern": "Legal", "vintage": "Legal"}, "manaCost": "{3}{R}{G}{W}", "manaValue": 6.0, "name": "Rith, the Awakener", "number": "12", "power": "6", "printings": ["DDE", "DRB", "INV", "MB1"], "purchaseUrls": {"cardKingdomFoil": "https://mtgjson.com/links/ff5d16890591d074", "cardmarket": "https://mtgjson.com/links/a5f5614bf284af99", "tcgplayer": "https://mtgjson.com/links/38fdb064a72d7de2"}, "rarity": "rare", "rulings": [{"date": "2004-10-04", "text": "You choose the color during resolution. This means your opponent does not get to react after knowing the color you chose."}], "setCode": "DRB", "subtypes": ["Dragon"], "supertypes": ["Legendary"], "text": "Flying\nWhenever Rith, the Awakener deals combat damage to a player, you may pay {2}{G}. If you do, choose a color, then create a 1/1 green Saproling creature token for each permanent of that color.", "toughness": "6", "type": "Legendary Creature — Dragon", "types": ["Creature"], "uuid": "dc708ac2-b1fb-522c-afd3-7c64dcee3da4"}, {"artist": "Justin Sweet", "availability": ["mtgo", "paper"], "borderColor": "black", "colorIdentity": ["R"], "colors": ["R"], "convertedManaCost": 6.0, "edhrecRank": 7777, "finishes": ["foil"], "flavorText": "The undisputed master of the mountains of Shiv.", "foreignData": [], "frameVersion": "2003", "hasFoil": true, "hasNonFoil": false, "identifiers": {"cardKingdomFoilId": "125618", "cardsphereId": "18445", "mcmId": "19668", "mcmMetaId": "5148", "mtgjsonV4Id": "5bcedab2-3fc6-595e-b309-60c54414b460", "mtgoFoilId": "30803", "mtgoId": "30802", "multiverseId": "178025", "scryfallId": "65126d80-97c1-4890-944c-0dd4496ae746", "scryfallIllustrationId": "6c344170-a6cb-4ffa-9ed1-fe10c90aa62c", "scryfallOracleId": "711eea87-0fa3-46e0-a42b-fa5a86455f04", "tcgplayerProductId": "36783"}, "isReprint": true, "isStarter": true, "keywords": ["Flying"], "language": "English", "layout": "normal", "legalities": {"commander": "Legal", "duel": "Legal", "explorer": "Legal", "gladiator": "Legal", "historic": "Legal", "historicbrawl": "Legal", "legacy": "Legal", "modern": "Legal", "penny": "Legal", "pioneer": "Legal", "premodern": "Legal", "vintage": "Legal"}, "manaCost": "{4}{R}{R}", "manaValue": 6.0, "name": "Shivan Dragon", "number": "13", "power": "5", "printings": ["10E", "2ED", "3ED", "4BB", "4ED", "5ED", "7ED", "8ED", "9ED", "BTD", "CED", "CEI", "DPA", "DRB", "FBB", "J21", "LEA", "LEB", "M10", "M14", "M15", "M19", "M20", "ME4", "ORI", "P9ED", "PMEI", "PRM", "PS11", "SUM", "W16", "W17"], "purchaseUrls": {"cardKingdomFoil": "https://mtgjson.com/links/6a123dd40066ddd8", "cardmarket": "https://mtgjson.com/links/41a7d9dc12ce5f09", "tcgplayer": "https://mtgjson.com/links/e2093d04acddc51b"}, "rarity": "rare", "rulings": [], "setCode": "DRB", "subtypes": ["Dragon"], "supertypes": [], "text": "Flying (This creature can't be blocked except by creatures with flying or reach.)\n{R}: Shivan Dragon gets +1/+0 until end of turn.", "toughness": "5", "type": "Creature — Dragon", "types": ["Creature"], "uuid": "1978122d-6ed1-5e5e-a131-bcc334506376"}, {"artist": "Chris Rahn", "availability": ["mtgo", "paper"], "borderColor": "black", "colorIdentity": ["R"], "colors": ["R"], "convertedManaCost": 7.0, "edhrecRank": 9627, "finishes": ["foil"], "flavorText": "Sometimes primitive cultures attributed natural phenomena to monsters. Sometimes they were right.", "foreignData": [], "frameVersion": "2003", "hasFoil": true, "hasNonFoil": false, "identifiers": {"cardKingdomFoilId": "125619", "cardsphereId": "18446", "mcmId": "19669", "mcmMetaId": "5986", "mtgjsonV4Id": "320e8ffa-3b5f-5aba-8065-73f334e0f40b", "mtgoFoilId": "30801", "mtgoId": "30800", "multiverseId": "178026", "scryfallId": "c97c7a23-921f-4002-8e37-b70861a36945", "scryfallIllustrationId": "f6b06e0c-88df-41b6-9511-e7c6949d602a", "scryfallOracleId": "70d9579f-c8a6-4406-afe1-9291fe5ee736", "tcgplayerProductId": "36784"}, "isReprint": true, "isStarter": true, "keywords": ["Flying"], "language": "English", "layout": "normal", "legalities": {"commander": "Legal", "duel": "Legal", "legacy": "Legal", "vintage": "Legal"}, "manaCost": "{5}{R}{R}", "manaValue": 7.0, "name": "Thunder Dragon", "number": "14", "power": "5", "printings": ["DDG", "DRB", "ME4", "S99"], "purchaseUrls": {"cardKingdomFoil": "https://mtgjson.com/links/865d244c8fbafd31", "cardmarket": "https://mtgjson.com/links/df76a7719acaf066", "tcgplayer": "https://mtgjson.com/links/f5612cb334b12137"}, "rarity": "rare", "rulings": [], "setCode": "DRB", "subtypes": ["Dragon"], "supertypes": [], "text": "Flying\nWhen Thunder Dragon enters the battlefield, it deals 3 damage to each creature without flying.", "toughness": "5", "type": "Creature — Dragon", "types": ["Creature"], "uuid": "410961ef-c23c-5f2c-8125-7cb1c6f159dd"}, {"artist": "Sam Wood", "availability": ["mtgo", "paper"], "borderColor": "black", "colorIdentity": ["R"], "colors": ["R"], "convertedManaCost": 6.0, "edhrecRank": 15334, "finishes": ["foil"], "foreignData": [], "frameVersion": "2003", "hasFoil": true, "hasNonFoil": false, "identifiers": {"cardKingdomFoilId": "125620", "cardsphereId": "18447", "mcmId": "19670", "mcmMetaId": "6196", "mtgjsonV4Id": "23c02900-8d3e-5b8b-8515-9203a7e1ed79", "mtgoFoilId": "30811", "mtgoId": "30810", "multiverseId": "178027", "scryfallId": "a6ed97b8-dcbc-4cc5-bece-e5d134e5c868", "scryfallIllustrationId": "3fde1b23-c633-4a47-abfc-8d5dce315d5d", "scryfallOracleId": "a4fa3052-d1ec-4442-a832-15ba36c500ee", "tcgplayerProductId": "36785"}, "isReprint": true, "isStarter": true, "keywords": ["Flying", "Menace"], "language": "English", "layout": "normal", "legalities": {"commander": "Legal", "duel": "Legal", "legacy": "Legal", "modern": "Legal", "penny": "Legal", "premodern": "Legal", "vintage": "Legal"}, "manaCost": "{4}{R}{R}", "manaValue": 6.0, "name": "Two-Headed Dragon", "number": "15", "power": "4", "printings": ["8ED", "ARC", "DRB", "MMQ", "PJJT", "PRM", "PSUS"], "purchaseUrls": {"cardKingdomFoil": "https://mtgjson.com/links/75e5dd9a63b07f74", "cardmarket": "https://mtgjson.com/links/600dcf9302962931", "tcgplayer": "https://mtgjson.com/links/024b941191dc7e69"}, "rarity": "rare", "rulings": [], "setCode": "DRB", "subtypes": ["Dragon"], "supertypes": [], "text": "Flying\nMenace (This creature can't be blocked except by two or more creatures.)\nTwo-Headed Dragon can block an additional creature each combat.\n{1}{R}: Two-Headed Dragon gets +2/+0 until end of turn.", "toughness": "4", "type": "Creature — Dragon", "types": ["Creature"], "uuid": "85887edc-1152-5d27-a887-90a6c423883e"}], "cardsphereSetId": 837, "code": "DRB", "isFoilOnly": true, "isOnlineOnly": false, "keyruneCode": "DRB", "mcmId": 100, "mcmName": "From the Vault: Dragons", "mtgoCode": "DRB", "name": "From the Vault: Dragons", "releaseDate": "2008-08-29", "sealedProduct": [{"identifiers": {"tcgplayerProductId": "32808"}, "name": "From the Vault Dragons Box Set", "purchaseUrls": {"tcgplayer": "https://mtgjson.com/links/90afb4b52fceb3d6"}, "releaseDate": null, "uuid": "553aea04-7cdf-5bf4-9cab-83b4b8207d58"}], "tcgplayerGroupId": 47, "tokens": [], "totalSetSize": 15, "translations": {}, "type": "from_the_vault"}}