{"meta": {"date": "2022-05-26", "version": "5.2.0+20220526"}, "data": {"baseSetSize": 47, "cards": [{"artist": "Rob Alexander", "availability": ["paper"], "borderColor": "black", "colorIdentity": ["W"], "colors": ["W"], "convertedManaCost": 6.0, "edhrecRank": 3092, "finishes": ["nonfoil"], "flavorText": "The cave floods with light. A thousand rays shine forth and meld into one.", "foreignData": [], "frameVersion": "2015", "hasFoil": false, "hasNonFoil": true, "identifiers": {"cardKingdomId": "215445", "cardsphereId": "51807", "mcmId": "311222", "mcmMetaId": "499", "mtgjsonV4Id": "065c72c9-9ab6-580d-ab47-7bfa72427523", "multiverseId": "439343", "scryfallId": "1c35c626-3693-44d8-a308-d3d5dcf77c93", "scryfallIllustrationId": "e314cc4f-55dc-48c5-abb3-2aa78e940020", "scryfallOracleId": "bfcdf563-c6e5-4a54-bb63-4aba219b94e2", "tcgplayerProductId": "149288"}, "isReprint": true, "isStarter": true, "language": "English", "layout": "normal", "legalities": {"commander": "Legal", "duel": "Legal", "legacy": "Legal", "modern": "Legal", "penny": "Legal", "vintage": "Legal"}, "manaCost": "{5}{W}", "manaValue": 6.0, "name": "Beacon of Immortality", "number": "1", "printings": ["10E", "5DN", "E02", "MB1"], "purchaseUrls": {"cardKingdom": "https://mtgjson.com/links/c1121c3a1869db26", "cardmarket": "https://mtgjson.com/links/a5275cfab920be27", "tcgplayer": "https://mtgjson.com/links/19ca708f176920ba"}, "rarity": "rare", "rulings": [{"date": "2007-02-01", "text": "If you double a negative life total, you do the real math. A life total of -10 becomes -20."}, {"date": "2007-07-15", "text": "Beacon of Immortality’s effect counts as life gain (or life loss, if the life total was negative) for effects that trigger on or replace life gain (or life loss)."}, {"date": "2007-07-15", "text": "If a Beacon is countered or doesn’t resolve, it’s put into its owner’s graveyard, not shuffled into the library."}], "securityStamp": "oval", "setCode": "E02", "subtypes": [], "supertypes": [], "text": "Double target player's life total. Shuffle Beacon of Immortality into its owner's library.", "type": "Instant", "types": ["Instant"], "uuid": "58055446-0e3f-5d44-bdd7-05aa406d9795"}, {"artist": "Vincent Proce", "availability": ["paper"], "borderColor": "black", "colorIdentity": ["W"], "colors": ["W"], "convertedManaCost": 4.0, "edhrecRank": 981, "finishes": ["nonfoil"], "foreignData": [], "frameVersion": "2015", "hasFoil": false, "hasNonFoil": true, "identifiers": {"cardKingdomId": "215453", "cardsphereId": "51819", "mcmId": "311223", "mcmMetaId": "10758", "mtgjsonV4Id": "09dac7fd-95c8-5127-9f2b-6f034ac45b1d", "multiverseId": "439344", "scryfallId": "da6dbb49-1e70-439e-9866-c755b3236bdd", "scryfallIllustrationId": "77c74ec0-420b-442e-ac45-63b2dee88b94", "scryfallOracleId": "d057289d-5e28-43d5-8ff3-4a1bc723477d", "tcgplayerProductId": "149289"}, "isReprint": true, "isStarter": true, "language": "English", "layout": "normal", "legalities": {"commander": "Legal", "duel": "Legal", "gladiator": "Legal", "historic": "Legal", "historicbrawl": "Legal", "legacy": "Legal", "modern": "Legal", "penny": "Legal", "vintage": "Legal"}, "manaCost": "{2}{W}{W}", "manaValue": 4.0, "name": "Day of Judgment", "number": "2", "printings": ["E02", "M11", "M12", "P11", "PRM", "PZEN", "STA", "ZEN"], "purchaseUrls": {"cardKingdom": "https://mtgjson.com/links/5da06d76bc97d8f8", "cardmarket": "https://mtgjson.com/links/b0aed0ce3f17cb54", "tcgplayer": "https://mtgjson.com/links/5da597c3adf9aa53"}, "rarity": "rare", "rulings": [], "securityStamp": "oval", "setCode": "E02", "subtypes": [], "supertypes": [], "text": "Destroy all creatures.", "type": "Sorcery", "types": ["Sorcery"], "uuid": "9c94256b-c0bb-5194-ad85-21fd2b156890"}, {"artist": "Todd Lockwood", "availability": ["paper"], "borderColor": "black", "colorIdentity": ["W"], "colors": ["W"], "convertedManaCost": 1.0, "edhrecRank": 32, "finishes": ["nonfoil"], "foreignData": [], "frameVersion": "2015", "hasFoil": false, "hasNonFoil": true, "identifiers": {"cardKingdomId": "215466", "cardsphereId": "51845", "mcmId": "313660", "mcmMetaId": "10286", "mtgjsonV4Id": "2fa12fc6-3fb8-5982-a49f-01f6095953c4", "multiverseId": "439345", "scryfallId": "30b68ec2-bdb8-46ab-a741-36259926fd6f", "scryfallIllustrationId": "521e5f89-b059-432f-b515-c207cccf3796", "scryfallOracleId": "d683d985-9888-4d21-8b5f-69e69ce4a03b", "tcgplayerProductId": "152474"}, "isReprint": true, "isStarter": true, "language": "English", "layout": "normal", "legalities": {"commander": "Legal", "duel": "Legal", "legacy": "Legal", "modern": "Legal", "vintage": "Legal"}, "manaCost": "{W}", "manaValue": 1.0, "name": "Path to Exile", "number": "3", "printings": ["2XM", "ARC", "CMA", "CMD", "CON", "DDI", "E02", "F15", "JMP", "MB1", "MD1", "MM3", "MMA", "NCC", "PF20", "PRM", "PW09", "SLD", "SS2", "TSR"], "purchaseUrls": {"cardKingdom": "https://mtgjson.com/links/73742e1200113f4c", "cardmarket": "https://mtgjson.com/links/433fedc417fdc49b", "tcgplayer": "https://mtgjson.com/links/07eefff58d5d9302"}, "rarity": "uncommon", "rulings": [{"date": "2021-03-19", "text": "If the target creature is an illegal target by the time Path to Exile tries to resolve, the spell won't resolve. The creature's controller won't search for a basic land card."}, {"date": "2021-03-19", "text": "The controller of the exiled creature isn't required to search their library for a basic land. If that player doesn't, the player won't shuffle their library."}], "setCode": "E02", "subtypes": [], "supertypes": [], "text": "Exile target creature. Its controller may search their library for a basic land card, put that card onto the battlefield tapped, then shuffle.", "type": "Instant", "types": ["Instant"], "uuid": "bd1d5176-824c-56d7-a682-770b2ba91b9f"}, {"artist": "David Palumbo", "availability": ["paper"], "borderColor": "black", "colorIdentity": ["W"], "colors": ["W"], "convertedManaCost": 3.0, "edhrecRank": 1648, "finishes": ["nonfoil"], "foreignData": [], "frameVersion": "2015", "hasFoil": false, "hasNonFoil": true, "identifiers": {"cardKingdomId": "215473", "cardsphereId": "51842", "mcmId": "313661", "mcmMetaId": "221089", "mtgjsonV4Id": "64d45399-f97b-5cd8-880a-fa2135f314de", "multiverseId": "439346", "scryfallId": "066ac822-7417-4dc4-93ba-bfba2252f47b", "scryfallIllustrationId": "c0b5a5be-90a2-4c6a-83ec-4027c95b0e23", "scryfallOracleId": "79085dea-8daa-41c0-a975-61e3e6da2e26", "tcgplayerProductId": "152475"}, "isReprint": true, "isStarter": true, "keywords": ["Enchant"], "language": "English", "layout": "normal", "legalities": {"commander": "Legal", "duel": "Legal", "legacy": "Legal", "vintage": "Legal"}, "manaCost": "{1}{W}{W}", "manaValue": 3.0, "name": "Shielded by Faith", "number": "4", "printings": ["C15", "E02", "PRM", "PZ1", "SS2"], "purchaseUrls": {"cardKingdom": "https://mtgjson.com/links/cdcb5e31f6064d81", "cardmarket": "https://mtgjson.com/links/0f69735958582cb6", "tcgplayer": "https://mtgjson.com/links/c3ab176ffa61ddec"}, "rarity": "rare", "rulings": [], "securityStamp": "oval", "setCode": "E02", "subtypes": ["Aura"], "supertypes": [], "text": "Enchant creature\nEnchanted creature has indestructible.\nWhenever a creature enters the battlefield, you may attach Shielded by Faith to that creature.", "type": "Enchantment — Aura", "types": ["Enchantment"], "uuid": "e233c184-4a9b-5e7c-8ec2-7b74299a328d"}, {"artist": "Scott Chou", "availability": ["paper"], "borderColor": "black", "colorIdentity": ["W"], "colors": ["W"], "convertedManaCost": 1.0, "edhrecRank": 13573, "finishes": ["nonfoil"], "flavorText": "\"Assume everything wants to kill you. At the very least, assume everything wants what's in your pack.\"", "foreignData": [], "frameVersion": "2015", "hasFoil": false, "hasNonFoil": true, "identifiers": {"cardKingdomId": "215483", "cardsphereId": "51822", "mcmId": "313662", "mcmMetaId": "11047", "mtgjsonV4Id": "f5fb67cf-be39-5c1e-b63f-096a1bb8ec4a", "multiverseId": "439347", "scryfallId": "1ba8b52a-af98-4a7d-83e5-ab94e058d9a7", "scryfallIllustrationId": "137834f8-60ae-4ff5-9542-8541bf5024b8", "scryfallOracleId": "efee0ca0-0897-4972-99c4-432561b6e9f8", "tcgplayerProductId": "152476"}, "isReprint": true, "isStarter": true, "language": "English", "layout": "normal", "legalities": {"commander": "Legal", "duel": "Legal", "legacy": "Legal", "modern": "Legal", "pauper": "Legal", "paupercommander": "Legal", "penny": "Legal", "vintage": "Legal"}, "manaCost": "{W}", "manaValue": 1.0, "name": "Veteran's Reflexes", "number": "5", "printings": ["E02", "WWK"], "purchaseUrls": {"cardKingdom": "https://mtgjson.com/links/336be5b6f2426bd2", "cardmarket": "https://mtgjson.com/links/da5d152a25684d73", "tcgplayer": "https://mtgjson.com/links/3b53224728e02dec"}, "rarity": "common", "rulings": [], "setCode": "E02", "subtypes": [], "supertypes": [], "text": "Target creature gets +1/+1 until end of turn. Untap that creature.", "type": "Instant", "types": ["Instant"], "uuid": "ececd25e-baf4-5045-afb3-d662893136e2"}, {"artist": "Wayne Reynolds", "availability": ["paper"], "borderColor": "black", "colorIdentity": ["W"], "colors": ["W"], "convertedManaCost": 3.0, "edhrecRank": 5077, "finishes": ["nonfoil"], "flavorText": "\"I prefer loyalty to be a matter of respect, not of magic. But one does what one must.\"\n—Kaalia of the Vast", "foreignData": [], "frameVersion": "2015", "hasFoil": false, "hasNonFoil": true, "identifiers": {"cardKingdomId": "215484", "cardsphereId": "51820", "mcmId": "313663", "mcmMetaId": "203372", "mtgjsonV4Id": "75fcb5eb-ab4c-52f3-953b-40cf718c33bf", "multiverseId": "439348", "scryfallId": "bb43ab42-0c5e-4c71-b678-a258fec3bf48", "scryfallIllustrationId": "b2faaca1-ab0b-4a3a-a864-8634dde492cb", "scryfallOracleId": "1e7bddbd-e448-4aea-9d18-b44bd45837c5", "tcgplayerProductId": "152477"}, "isReprint": true, "isStarter": true, "keywords": ["Enchant"], "language": "English", "layout": "normal", "legalities": {"commander": "Legal", "duel": "Legal", "legacy": "Legal", "vintage": "Legal"}, "manaCost": "{2}{W}", "manaValue": 3.0, "name": "Vow of Duty", "number": "6", "printings": ["C15", "C21", "CMA", "CMD", "CMR", "CNS", "E02", "PZ1"], "purchaseUrls": {"cardKingdom": "https://mtgjson.com/links/a3f1495d0e152823", "cardmarket": "https://mtgjson.com/links/66bff36e3445d63e", "tcgplayer": "https://mtgjson.com/links/3ccb920fa9ab76a3"}, "rarity": "uncommon", "rulings": [], "setCode": "E02", "subtypes": ["Aura"], "supertypes": [], "text": "Enchant creature\nEnchanted creature gets +2/+2, has vigilance, and can't attack you or planeswalkers you control.", "type": "Enchantment — Aura", "types": ["Enchantment"], "uuid": "84690cf1-cf0f-5f3e-bf3f-a4a6a7a81a9c"}, {"artist": "Jack Wang", "availability": ["paper"], "borderColor": "black", "colorIdentity": ["U"], "colors": ["U"], "convertedManaCost": 5.0, "edhrecRank": 1986, "finishes": ["nonfoil"], "flavorText": "The militia formed up in the central plaza awaiting the onslaught, but the giants never quite made it.", "foreignData": [], "frameVersion": "2015", "hasFoil": false, "hasNonFoil": true, "identifiers": {"cardKingdomId": "215443", "cardsphereId": "51805", "mcmId": "313664", "mcmMetaId": "210497", "mtgjsonV4Id": "7a5f4112-eee0-57bb-b764-63409590abaf", "multiverseId": "439349", "scryfallId": "1352ede2-9eb4-44db-b323-58b7b6409242", "scryfallIllustrationId": "f4d41b4f-8cc5-49ab-ae59-0a7ef03e1b1f", "scryfallOracleId": "b21d6482-1b3a-47e6-98a5-3067f5f3818b", "tcgplayerProductId": "152478"}, "isReprint": true, "isStarter": true, "language": "English", "layout": "normal", "legalities": {"commander": "Legal", "duel": "Legal", "legacy": "Legal", "vintage": "Legal"}, "manaCost": "{3}{U}{U}", "manaValue": 5.0, "name": "Aether Gale", "number": "7", "printings": ["C14", "C18", "C21", "E02"], "purchaseUrls": {"cardKingdom": "https://mtgjson.com/links/a08f9146f16a79ce", "cardmarket": "https://mtgjson.com/links/2c22cc75ff592bd9", "tcgplayer": "https://mtgjson.com/links/b4d60c25b420746b"}, "rarity": "rare", "rulings": [{"date": "2014-11-07", "text": "You must choose six different legal targets in order to cast Aether Gale. If some, but not all, of those targets become illegal before Aether Gale resolves, the remaining legal targets will be put into their owners’ hands."}], "securityStamp": "oval", "setCode": "E02", "subtypes": [], "supertypes": [], "text": "Return six target nonland permanents to their owners' hands.", "type": "Sorcery", "types": ["Sorcery"], "uuid": "e3e795d7-bf33-5671-b351-886bb7ba1aea"}, {"artist": "Victor Adame Minguez", "availability": ["paper"], "borderColor": "black", "colorIdentity": ["U"], "colors": ["U"], "convertedManaCost": 7.0, "edhrecRank": 1996, "finishes": ["nonfoil"], "flavorText": "Centuries of association with the Sun Empire have taught the dinosaurs that shiny things are important.", "foreignData": [], "frameVersion": "2015", "hasFoil": false, "hasNonFoil": true, "identifiers": {"cardKingdomId": "215446", "cardsphereId": "51808", "mcmId": "311224", "mcmMetaId": "565", "mtgjsonV4Id": "77375b2b-4aee-541d-9309-1c46cffe2df3", "multiverseId": "439350", "scryfallId": "bb500b63-a61f-4d62-a666-61c7bca94b18", "scryfallIllustrationId": "c0fd0c6f-51e2-41b9-8f6c-5cf6380e0977", "scryfallOracleId": "8bb51dd2-cc62-48ea-ae8e-52351073a8c9", "tcgplayerProductId": "149290"}, "isReprint": true, "isStarter": true, "language": "English", "layout": "normal", "legalities": {"commander": "Legal", "duel": "Legal", "legacy": "Legal", "premodern": "Legal", "vintage": "Legal"}, "manaCost": "{4}{U}{U}{U}", "manaValue": 7.0, "name": "Blatant Thievery", "number": "8", "printings": ["C15", "E02", "ONS"], "purchaseUrls": {"cardKingdom": "https://mtgjson.com/links/4256f363acc3c203", "cardmarket": "https://mtgjson.com/links/740bd858ccb7cafc", "tcgplayer": "https://mtgjson.com/links/52e7fef44ac046c2"}, "rarity": "rare", "rulings": [{"date": "2004-10-04", "text": "If a permanent changes controller after being targeted but before this spell resolves, you won't gain control of that permanent."}, {"date": "2004-10-04", "text": "You gain control of only one permanent from each player."}], "securityStamp": "oval", "setCode": "E02", "subtypes": [], "supertypes": [], "text": "For each opponent, gain control of target permanent that player controls.", "type": "Sorcery", "types": ["Sorcery"], "uuid": "51a988e2-144c-5457-9290-fffd6c3de8f0"}, {"artist": "rk post", "availability": ["paper"], "borderColor": "black", "colorIdentity": ["U"], "colors": ["U"], "convertedManaCost": 4.0, "edhrecRank": 6566, "finishes": ["nonfoil"], "flavorText": "\"The treasure in my mind is greater than any worldly glory.\"", "foreignData": [], "frameVersion": "2015", "hasFoil": false, "hasNonFoil": true, "identifiers": {"cardKingdomId": "215451", "cardsphereId": "51815", "mcmId": "313665", "mcmMetaId": "1096", "mtgjsonV4Id": "9ccd216f-5a4b-5c94-873b-e0967b137e8b", "multiverseId": "439351", "scryfallId": "64f6ac9a-e0a6-4334-ac98-63b2c5bdccd2", "scryfallIllustrationId": "0c843352-dce9-41ee-92d4-0e149da16f98", "scryfallOracleId": "a3d287ec-1a39-4f91-acf1-7c1d2c00ed89", "tcgplayerProductId": "152479"}, "isReprint": true, "isStarter": true, "language": "English", "layout": "normal", "legalities": {"commander": "Legal", "duel": "Legal", "legacy": "Legal", "modern": "Legal", "penny": "Legal", "premodern": "Legal", "vintage": "Legal"}, "manaCost": "{2}{U}{U}", "manaValue": 4.0, "name": "Concentrate", "number": "9", "printings": ["8ED", "C14", "DDT", "E02", "MB1", "ODY", "PC2", "PCA"], "purchaseUrls": {"cardKingdom": "https://mtgjson.com/links/ba4408e1c71a632a", "cardmarket": "https://mtgjson.com/links/37b22811719b1d44", "tcgplayer": "https://mtgjson.com/links/f33b5c3f185af48f"}, "rarity": "uncommon", "rulings": [], "setCode": "E02", "subtypes": [], "supertypes": [], "text": "Draw three cards.", "type": "Sorcery", "types": ["Sorcery"], "uuid": "d3e46314-20d8-5e3b-8eea-1903bdacc5b9"}, {"artist": "Slawomir Maniak", "availability": ["paper"], "borderColor": "black", "colorIdentity": ["U"], "colors": ["U"], "convertedManaCost": 3.0, "edhrecRank": 4378, "finishes": ["nonfoil"], "flavorText": "\"We are not an empire, and I am not a queen. But I speak with the shout of the rivers and the whisper of the clinging mist.\"", "foreignData": [], "frameVersion": "2015", "hasFoil": false, "hasNonFoil": true, "identifiers": {"cardKingdomId": "215463", "cardsphereId": "51839", "mcmId": "311225", "mcmMetaId": "10600", "mtgjsonV4Id": "d13d8a54-bdd7-590d-85b8-70634165fe99", "multiverseId": "439352", "scryfallId": "0b1a55bc-7a62-4d0f-9885-db98e4324ff7", "scryfallIllustrationId": "5d22fe14-d1cd-4075-a3db-515d86a55f72", "scryfallOracleId": "16aba9af-7a12-4c3d-87eb-06278921cb7c", "tcgplayerProductId": "149291"}, "isReprint": true, "isStarter": true, "language": "English", "layout": "normal", "legalities": {"commander": "Legal", "duel": "Legal", "legacy": "Legal", "modern": "Legal", "penny": "Legal", "vintage": "Legal"}, "manaCost": "{1}{U}{U}", "manaValue": 3.0, "name": "Merfolk Sovereign", "number": "10", "power": "2", "printings": ["DDT", "E02", "M10", "M11"], "purchaseUrls": {"cardKingdom": "https://mtgjson.com/links/3268a4f3f4be3617", "cardmarket": "https://mtgjson.com/links/a28ff54061fcbbef", "tcgplayer": "https://mtgjson.com/links/f8aba141544a2896"}, "rarity": "rare", "rulings": [{"date": "2009-10-01", "text": "To have any effect, Merfolk Sovereign’s activated ability must be activated before the declare blockers step begins. Once a Merfolk has become blocked, activating Merfolk Sovereign’s ability won’t change that."}], "securityStamp": "oval", "setCode": "E02", "subtypes": ["Merfolk", "Noble"], "supertypes": [], "text": "Other Merfolk creatures you control get +1/+1.\n{T}: Target Merfolk creature can't be blocked this turn.", "toughness": "2", "type": "Creature — Merfolk Noble", "types": ["Creature"], "uuid": "5892f628-e77b-5e69-a33f-3fed176a6b51"}, {"artist": "Anthony S. Waters", "availability": ["paper"], "borderColor": "black", "colorIdentity": ["U"], "colors": ["U"], "convertedManaCost": 3.0, "edhrecRank": 13897, "finishes": ["nonfoil"], "flavorText": "\"Over time, Konda grew ever more suspicious, fearing even his most loyal allies were being manipulated by unseen hands.\"\n—*The History of Kamigawa*", "foreignData": [], "frameVersion": "2015", "hasFoil": false, "hasNonFoil": true, "identifiers": {"cardKingdomId": "215476", "cardsphereId": "51836", "mcmId": "311226", "mcmMetaId": "7516", "mtgjsonV4Id": "90daaccc-92ab-5b0b-b26b-46f4afdf44d7", "multiverseId": "439353", "scryfallId": "0c4a061e-45ac-47b5-a955-5744199589b1", "scryfallIllustrationId": "216c7969-2690-4aeb-8af0-85c0b335df48", "scryfallOracleId": "9d86735c-12e5-457a-beb4-057ab220d18b", "tcgplayerProductId": "149292"}, "isReprint": true, "isStarter": true, "keywords": ["Enchant"], "language": "English", "layout": "normal", "legalities": {"commander": "Legal", "duel": "Legal", "legacy": "Legal", "modern": "Legal", "penny": "Legal", "vintage": "Legal"}, "manaCost": "{1}{U}{U}", "manaValue": 3.0, "name": "Threads of Disloyalty", "number": "11", "printings": ["BOK", "E02", "MP2", "PRM", "SS1"], "purchaseUrls": {"cardKingdom": "https://mtgjson.com/links/3f5b3801666a2dfb", "cardmarket": "https://mtgjson.com/links/9c3c12c36e3790e2", "tcgplayer": "https://mtgjson.com/links/b06f9add7356f8e5"}, "rarity": "rare", "rulings": [{"date": "2005-02-01", "text": "Threads of Disloyalty can’t target a creature with converted mana cost 3 or greater. If it somehow enchants a creature with converted mana cost 3 or greater, Threads of Disloyalty is put into the graveyard the next time state-based actions are checked."}, {"date": "2005-02-01", "text": "Creatures on the battlefield treat {X} in their mana cost as 0 for the purposes of calculating converted mana costs."}, {"date": "2005-02-01", "text": "Tokens usually have a converted mana cost of 0."}], "securityStamp": "oval", "setCode": "E02", "subtypes": ["Aura"], "supertypes": [], "text": "Enchant creature with mana value 2 or less\nYou control enchanted creature.", "type": "Enchantment — Aura", "types": ["Enchantment"], "uuid": "4a26cdbe-d159-56e7-9fd5-3f265bc39e46"}, {"artist": "Jon Foster", "availability": ["paper"], "borderColor": "black", "colorIdentity": ["U"], "colors": ["U"], "convertedManaCost": 5.0, "edhrecRank": 921, "finishes": ["nonfoil"], "flavorText": "Just when you thought you'd survived the first wave.", "foreignData": [], "frameVersion": "2015", "hasFoil": false, "hasNonFoil": true, "identifiers": {"cardKingdomId": "215477", "cardsphereId": "51834", "mcmId": "311231", "mcmMetaId": "6028", "mtgjsonV4Id": "4c01a3e9-04e6-5c3e-98e3-3459c3dc5098", "multiverseId": "439354", "scryfallId": "87fe8637-9be1-4b57-832f-38cf92d23482", "scryfallIllustrationId": "191a59b4-e6d3-468e-a19b-dd0579b4dd4f", "scryfallOracleId": "dbd6a94b-62ff-4a10-9d52-bdd90b26e425", "tcgplayerProductId": "149293"}, "isReprint": true, "isStarter": true, "language": "English", "layout": "normal", "legalities": {"commander": "Legal", "duel": "Banned", "gladiator": "Legal", "historic": "Banned", "historicbrawl": "Legal", "legacy": "Legal", "modern": "Legal", "premodern": "Legal", "vintage": "Legal"}, "manaCost": "{3}{U}{U}", "manaValue": 5.0, "name": "Time Warp", "number": "12", "printings": ["E02", "G04", "M10", "PRM", "S99", "STA", "TMP", "TPR"], "purchaseUrls": {"cardKingdom": "https://mtgjson.com/links/fed827ceb656213b", "cardmarket": "https://mtgjson.com/links/326e2699e90301bf", "tcgplayer": "https://mtgjson.com/links/6a445fea8176331f"}, "rarity": "mythic", "rulings": [{"date": "2004-10-04", "text": "If multiple “extra turn” effects resolve in the same turn, take them in the reverse of the order that the effects resolved."}], "securityStamp": "oval", "setCode": "E02", "subtypes": [], "supertypes": [], "text": "Target player takes an extra turn after this one.", "type": "Sorcery", "types": ["Sorcery"], "uuid": "eac40af8-14dc-5e57-9e8a-8c72f3cccd4f"}, {"artist": "Izzy", "availability": ["paper"], "borderColor": "black", "colorIdentity": ["U"], "colors": ["U"], "convertedManaCost": 1.0, "edhrecRank": 2958, "finishes": ["nonfoil"], "flavorText": "Not to be. That is the answer.", "foreignData": [], "frameVersion": "2015", "hasFoil": false, "hasNonFoil": true, "identifiers": {"cardKingdomId": "215478", "cardsphereId": "51832", "mcmId": "313666", "mcmMetaId": "6240", "mtgjsonV4Id": "270f1dc3-7986-5e8b-afc8-78042346a3e0", "multiverseId": "439355", "scryfallId": "fe499edd-2a65-4cbc-8d0c-6b3b6277edcc", "scryfallIllustrationId": "8c0c31ce-0f59-49d3-85ef-73ae562b401d", "scryfallOracleId": "837182db-1bf3-4a2c-bd01-1af9d9873561", "tcgplayerProductId": "152480"}, "isReprint": true, "isStarter": true, "language": "English", "layout": "normal", "legalities": {"alchemy": "Legal", "commander": "Legal", "duel": "Legal", "explorer": "Legal", "gladiator": "Legal", "historic": "Legal", "historicbrawl": "Legal", "legacy": "Legal", "modern": "Legal", "pauper": "Legal", "paupercommander": "Legal", "penny": "Legal", "pioneer": "Legal", "premodern": "Legal", "vintage": "Legal"}, "manaCost": "{U}", "manaValue": 1.0, "name": "Unsummon", "number": "13", "printings": ["10E", "2ED", "3ED", "4BB", "4ED", "5ED", "6ED", "7ED", "8ED", "ANB", "CED", "CEI", "CON", "DPA", "E02", "FBB", "HOU", "ITP", "LEA", "LEB", "M10", "M11", "M12", "M13", "M20", "PS11", "RQS", "SUM", "WC03"], "purchaseUrls": {"cardKingdom": "https://mtgjson.com/links/705ef19db23cfd6e", "cardmarket": "https://mtgjson.com/links/57f3f415a40ddf16", "tcgplayer": "https://mtgjson.com/links/0681214e82e23cdb"}, "rarity": "common", "rulings": [], "setCode": "E02", "subtypes": [], "supertypes": [], "text": "Return target creature to its owner's hand.", "type": "Instant", "types": ["Instant"], "uuid": "24472225-e222-5cc9-b194-5dd323377495"}, {"artist": "Erica Yang", "availability": ["paper"], "borderColor": "black", "colorIdentity": ["U"], "colors": ["U"], "convertedManaCost": 3.0, "edhrecRank": 6106, "finishes": ["nonfoil"], "flavorText": "\"Soaring is wasted on the winged.\"\n—Edric, Spymaster of Trest", "foreignData": [], "frameVersion": "2015", "hasFoil": false, "hasNonFoil": true, "identifiers": {"cardKingdomId": "215485", "cardsphereId": "51818", "mcmId": "313667", "mcmMetaId": "203378", "mtgjsonV4Id": "00d658b7-c35d-5a77-8a34-07fe468d89da", "multiverseId": "439356", "scryfallId": "940379f0-55ae-49b2-9aef-d18e509ed05b", "scryfallIllustrationId": "16a98a28-3893-405a-ae64-f9ffd56de50b", "scryfallOracleId": "81fe554a-5257-446c-ad53-ee45bf5edb40", "tcgplayerProductId": "152481"}, "isReprint": true, "isStarter": true, "keywords": ["Enchant"], "language": "English", "layout": "normal", "legalities": {"commander": "Legal", "duel": "Legal", "legacy": "Legal", "penny": "Legal", "vintage": "Legal"}, "manaCost": "{2}{U}", "manaValue": 3.0, "name": "Vow of Flight", "number": "14", "printings": ["C18", "CM2", "CMD", "CMR", "E02", "PZ1"], "purchaseUrls": {"cardKingdom": "https://mtgjson.com/links/ce9a50c4fec34940", "cardmarket": "https://mtgjson.com/links/f7b7e927d75c11de", "tcgplayer": "https://mtgjson.com/links/72c020f364fd1835"}, "rarity": "uncommon", "rulings": [], "setCode": "E02", "subtypes": ["Aura"], "supertypes": [], "text": "Enchant creature\nEnchanted creature gets +2/+2, has flying, and can't attack you or planeswalkers you control.", "type": "Enchantment — Aura", "types": ["Enchantment"], "uuid": "bbba5e1f-9186-5fcd-a10d-1b41461496f2"}, {"artist": "Anna Steinbauer", "availability": ["paper"], "borderColor": "black", "colorIdentity": ["B"], "colors": ["B"], "convertedManaCost": 4.0, "edhrecRank": 8033, "finishes": ["nonfoil"], "flavorText": "\"Let the vampires join us. In this war, we no longer have the luxury of choosing our comrades.\"\n—General Tazri, allied commander", "foreignData": [], "frameVersion": "2015", "hasFoil": false, "hasNonFoil": true, "identifiers": {"cardKingdomId": "215447", "cardsphereId": "51809", "mcmId": "313668", "mcmMetaId": "220777", "mtgjsonV4Id": "339ef574-7605-57d5-b51b-3152955b3ca2", "multiverseId": "439357", "scryfallId": "6c2b7878-d66a-437a-967d-d6070e425c2c", "scryfallIllustrationId": "13b9d84a-6b58-4f07-8cac-b1a2c9110218", "scryfallOracleId": "a2057118-9fd1-431d-9441-fef198d67ff2", "tcgplayerProductId": "152482"}, "isReprint": true, "isStarter": true, "language": "English", "layout": "normal", "legalities": {"commander": "Legal", "duel": "Legal", "explorer": "Legal", "gladiator": "Legal", "historic": "Legal", "historicbrawl": "Legal", "legacy": "Legal", "modern": "Legal", "paupercommander": "Restricted", "penny": "Legal", "pioneer": "Legal", "vintage": "Legal"}, "manaCost": "{2}{B}{B}", "manaValue": 4.0, "name": "Bloodbond Vampire", "number": "15", "power": "3", "printings": ["BFZ", "E02", "JMP"], "purchaseUrls": {"cardKingdom": "https://mtgjson.com/links/c18bb1ed0aa998c3", "cardmarket": "https://mtgjson.com/links/70c57434f2d9dc86", "tcgplayer": "https://mtgjson.com/links/73d34aa7c3c057e3"}, "rarity": "uncommon", "rulings": [{"date": "2015-08-25", "text": "The ability triggers just once for each life-gaining event, whether it’s 1 life from Drana’s Emissary or 7 life from Nissa’s Renewal."}, {"date": "2015-08-25", "text": "A creature with lifelink dealing combat damage is a single life-gaining event. For example, if two creatures you control with lifelink deal combat damage at the same time, the ability will trigger twice. However, if a single creature with lifelink deals combat damage to multiple creatures, players, and/or planeswalkers at the same time (perhaps because it has trample or was blocked by more than one creature), the ability will trigger only once."}, {"date": "2015-08-25", "text": "In a Two-Headed Giant game, life gained by your teammate won’t cause the ability to trigger, even though it causes your team’s life total to increase."}], "setCode": "E02", "subtypes": ["Vampire", "Shaman", "Ally"], "supertypes": [], "text": "Whenever you gain life, put a +1/+1 counter on Bloodbond Vampire.", "toughness": "3", "type": "Creature — Vampire Shaman Ally", "types": ["Creature"], "uuid": "9ab843dd-692e-5fd9-876b-7138e3c52888"}, {"artist": "Ash Wood", "availability": ["paper"], "borderColor": "black", "colorIdentity": ["B"], "colors": ["B"], "convertedManaCost": 2.0, "edhrecRank": 8664, "finishes": ["nonfoil"], "flavorText": "Sins that would be too gruesome in the light of day are made more pleasing in the dark of night.", "foreignData": [], "frameVersion": "2015", "hasFoil": false, "hasNonFoil": true, "identifiers": {"cardKingdomId": "215449", "cardsphereId": "51811", "mcmId": "313669", "mcmMetaId": "10610", "mtgjsonV4Id": "5c7fd4e4-765e-52a6-aa28-2800fb5c81fe", "multiverseId": "439358", "scryfallId": "d01884e2-40e7-4af4-964c-52b6cbae2dae", "scryfallIllustrationId": "07caddf7-939c-4af3-9657-32f7d6a45ab3", "scryfallOracleId": "c650a7bc-e350-44a0-a698-d4a233d66156", "tcgplayerProductId": "152483"}, "isReprint": true, "isStarter": true, "keywords": ["Lifelink"], "language": "English", "layout": "normal", "legalities": {"commander": "Legal", "duel": "Legal", "explorer": "Legal", "gladiator": "Legal", "historic": "Legal", "historicbrawl": "Legal", "legacy": "Legal", "modern": "Legal", "pauper": "Legal", "paupercommander": "Legal", "penny": "Legal", "pioneer": "Legal", "vintage": "Legal"}, "manaCost": "{1}{B}", "manaValue": 2.0, "name": "Child of Night", "number": "16", "power": "2", "printings": ["CN2", "DDK", "E02", "GRN", "IMA", "JMP", "M10", "M11", "M12", "M14", "M15", "M19", "MB1"], "purchaseUrls": {"cardKingdom": "https://mtgjson.com/links/9a1c3183217a9446", "cardmarket": "https://mtgjson.com/links/ab6da9907451836b", "tcgplayer": "https://mtgjson.com/links/4a811786ed396dc9"}, "rarity": "common", "rulings": [], "setCode": "E02", "subtypes": ["Vampire"], "supertypes": [], "text": "Lifelink", "toughness": "1", "type": "Creature — Vampire", "types": ["Creature"], "uuid": "de88665e-36d7-51f3-b5a6-22f721cd3c05"}, {"artist": "Johann Bodin", "availability": ["paper"], "borderColor": "black", "colorIdentity": ["B"], "colors": ["B"], "convertedManaCost": 1.0, "edhrecRank": 13314, "finishes": ["nonfoil"], "flavorText": "\"Every Silumgar blade carries the blessing of our dragonlord.\"\n—Xathi the Infallible", "foreignData": [], "frameVersion": "2015", "hasFoil": false, "hasNonFoil": true, "identifiers": {"cardKingdomId": "215450", "cardsphereId": "51812", "mcmId": "313670", "mcmMetaId": "211302", "mtgjsonV4Id": "a444ad35-8a35-5b41-a1ec-11489c711f4b", "multiverseId": "439359", "scryfallId": "cc4baf68-7399-40f1-b60c-44f078b65e75", "scryfallIllustrationId": "a7ef95a7-f50b-4d5e-b320-93ac559ecb2e", "scryfallOracleId": "cbc808dd-8d50-4f42-b0f1-d4e45d0462a2", "tcgplayerProductId": "152484"}, "isReprint": true, "isStarter": true, "language": "English", "layout": "normal", "legalities": {"commander": "Legal", "duel": "Legal", "legacy": "Legal", "modern": "Legal", "pauper": "Legal", "paupercommander": "Legal", "pioneer": "Legal", "vintage": "Legal"}, "manaCost": "{B}", "manaValue": 1.0, "name": "Coat with Venom", "number": "17", "printings": ["DTK", "E02", "MB1"], "purchaseUrls": {"cardKingdom": "https://mtgjson.com/links/ba0e0d070053159d", "cardmarket": "https://mtgjson.com/links/af2787008dc0d837", "tcgplayer": "https://mtgjson.com/links/8287c562ae63b75a"}, "rarity": "common", "rulings": [], "setCode": "E02", "subtypes": [], "supertypes": [], "text": "Target creature gets +1/+2 and gains deathtouch until end of turn. (Any amount of damage it deals to a creature is enough to destroy it.)", "type": "Instant", "types": ["Instant"], "uuid": "243153b3-2cb1-50b6-86b7-5cdc0aebffe2"}, {"artist": "Chippy", "availability": ["paper"], "borderColor": "black", "colorIdentity": ["B"], "colors": ["B"], "convertedManaCost": 2.0, "edhrecRank": 1056, "finishes": ["nonfoil"], "flavorText": "The void is without substance but cuts like steel.", "foreignData": [], "frameVersion": "2015", "hasFoil": false, "hasNonFoil": true, "identifiers": {"cardKingdomId": "215454", "cardsphereId": "51823", "mcmId": "313671", "mcmMetaId": "10612", "mtgjsonV4Id": "5b1b35c4-9a9c-50d1-8172-03c4c8a52ca1", "multiverseId": "439360", "scryfallId": "7e89b4da-a095-4790-b1b7-2369fa221aa4", "scryfallIllustrationId": "4900e1df-a2f0-4a0a-82bc-96243dc7a924", "scryfallOracleId": "59e7f2ae-4535-4191-98be-3e65b6b2befa", "tcgplayerProductId": "152485"}, "isReprint": true, "isStarter": true, "language": "English", "layout": "normal", "legalities": {"commander": "Legal", "duel": "Legal", "explorer": "Legal", "gladiator": "Legal", "historic": "Legal", "historicbrawl": "Legal", "legacy": "Legal", "modern": "Legal", "pauper": "Legal", "paupercommander": "Legal", "penny": "Legal", "pioneer": "Legal", "vintage": "Legal"}, "manaCost": "{1}{B}", "manaValue": 2.0, "name": "Doom Blade", "number": "18", "printings": ["CMD", "DDR", "E01", "E02", "IMA", "M10", "M11", "M12", "M14", "P11", "PLIST", "PRM", "STA"], "purchaseUrls": {"cardKingdom": "https://mtgjson.com/links/1adb5200889fcea5", "cardmarket": "https://mtgjson.com/links/20c8df7363e7037b", "tcgplayer": "https://mtgjson.com/links/5a355e629b1cb2af"}, "rarity": "uncommon", "rulings": [], "setCode": "E02", "subtypes": [], "supertypes": [], "text": "Destroy target nonblack creature.", "type": "Instant", "types": ["Instant"], "uuid": "bb48661c-3d94-5b17-98bb-95bd35507f76"}, {"artist": "Carl Critchlow", "availability": ["paper"], "borderColor": "black", "colorIdentity": ["B"], "colors": ["B"], "convertedManaCost": 1.0, "edhrecRank": 3593, "finishes": ["nonfoil"], "flavorText": "Zombies mourn for the living and celebrate those who will soon be given the gift of death.", "foreignData": [], "frameVersion": "2015", "hasFoil": false, "hasNonFoil": true, "identifiers": {"cardKingdomId": "215458", "cardsphereId": "51829", "mcmId": "313672", "mcmMetaId": "2875", "mtgjsonV4Id": "4259c4fc-a413-547a-a2d8-360d1b85c34d", "multiverseId": "439361", "scryfallId": "f4b83306-bb1d-4c44-bb77-1c9b048313dc", "scryfallIllustrationId": "56bb6299-6fe1-49e1-81b0-46b6e882bbba", "scryfallOracleId": "6791ec3c-c397-4087-8c8c-84d3797df415", "tcgplayerProductId": "152486"}, "isReprint": true, "isStarter": true, "language": "English", "layout": "normal", "legalities": {"commander": "Legal", "duel": "Legal", "gladiator": "Legal", "historic": "Legal", "historicbrawl": "Legal", "legacy": "Legal", "pauper": "Legal", "paupercommander": "Legal", "premodern": "Legal", "vintage": "Legal"}, "manaCost": "{B}", "manaValue": 1.0, "name": "Innocent Blood", "number": "19", "printings": ["DDR", "E02", "EMA", "HOP", "JMP", "MB1", "ODY", "TD2", "WC03"], "purchaseUrls": {"cardKingdom": "https://mtgjson.com/links/83d0b9becb98eaf4", "cardmarket": "https://mtgjson.com/links/9589c31dfd52a657", "tcgplayer": "https://mtgjson.com/links/e379cd4ea163e003"}, "rarity": "common", "rulings": [{"date": "2016-06-08", "text": "You can cast Innocent Blood even if some (or all) players control no creatures. Those players are simply unaffected."}], "setCode": "E02", "subtypes": [], "supertypes": [], "text": "Each player sacrifices a creature.", "type": "Sorcery", "types": ["Sorcery"], "uuid": "4363674c-c617-5efc-a53c-f56ed999d371"}, {"artist": "Winona Nelson", "availability": ["paper"], "borderColor": "black", "colorIdentity": ["B"], "colors": ["B"], "convertedManaCost": 6.0, "edhrecRank": 1926, "finishes": ["nonfoil"], "flavorText": "\"Jarad fancies himself king of the undercity, but he's merely king of rot.\"", "foreignData": [], "frameVersion": "2015", "hasFoil": false, "hasNonFoil": true, "identifiers": {"cardKingdomId": "215465", "cardsphereId": "51843", "mcmId": "313673", "mcmMetaId": "206508", "mtgjsonV4Id": "5525e7df-9eb8-53f6-b519-8cacc06dc5aa", "multiverseId": "439362", "scryfallId": "6ff29341-b947-415b-a939-46bfa4800dbe", "scryfallIllustrationId": "f4c7a52f-5744-4d17-a803-dfa50816e850", "scryfallOracleId": "33c3a6be-8cae-4de8-9d9b-43216d727e93", "tcgplayerProductId": "152487"}, "isReprint": true, "isStarter": true, "keywords": ["Flying"], "language": "English", "layout": "normal", "legalities": {"commander": "Legal", "duel": "Legal", "legacy": "Legal", "modern": "Legal", "penny": "Legal", "pioneer": "Legal", "vintage": "Legal"}, "manaCost": "{3}{B}{B}{B}", "manaValue": 6.0, "name": "Necropolis Regent", "number": "20", "power": "6", "printings": ["C21", "E02", "RTR", "VOC"], "purchaseUrls": {"cardKingdom": "https://mtgjson.com/links/15ae0f02cdd13bfd", "cardmarket": "https://mtgjson.com/links/26361b1c5793aecd", "tcgplayer": "https://mtgjson.com/links/0a0165a4e7098cc5"}, "rarity": "mythic", "rulings": [{"date": "2012-10-01", "text": "If that creature deals combat damage to a player at the same time it’s dealt lethal damage (perhaps because it has trample and was blocked), it will die before the triggered ability resolves and puts +1/+1 counters on it."}], "securityStamp": "oval", "setCode": "E02", "subtypes": ["Vampire"], "supertypes": [], "text": "Flying\nWhenever a creature you control deals combat damage to a player, put that many +1/+1 counters on it.", "toughness": "5", "type": "Creature — Vampire", "types": ["Creature"], "uuid": "bca31daa-5187-5b8b-bf29-ba6eabaf7072"}, {"artist": "Johann Bodin", "availability": ["paper"], "borderColor": "black", "colorIdentity": ["B"], "colors": ["B"], "convertedManaCost": 2.0, "edhrecRank": 6376, "finishes": ["nonfoil"], "foreignData": [], "frameVersion": "2015", "hasFoil": false, "hasNonFoil": true, "identifiers": {"cardKingdomId": "215479", "cardsphereId": "51830", "mcmId": "313674", "mcmMetaId": "10993", "mtgjsonV4Id": "fd2379c4-1252-529a-b673-9b863f5176a3", "multiverseId": "439363", "scryfallId": "ff8e3bff-1502-4dac-9d2d-784a988e5565", "scryfallIllustrationId": "909d7c55-7336-407f-bf9a-22dd6071d494", "scryfallOracleId": "c9f2f0ae-5869-43dc-a225-4dfe3d37c166", "tcgplayerProductId": "152488"}, "isReprint": true, "isStarter": true, "language": "English", "layout": "normal", "legalities": {"commander": "Legal", "duel": "Legal", "legacy": "Legal", "modern": "Legal", "penny": "Legal", "vintage": "Legal"}, "manaCost": "{B}{B}", "manaValue": 2.0, "name": "Urge to Feed", "number": "21", "printings": ["DDK", "E02", "VOC", "WWK"], "purchaseUrls": {"cardKingdom": "https://mtgjson.com/links/c536aadd7bda5f3b", "cardmarket": "https://mtgjson.com/links/eb941dd1ead11171", "tcgplayer": "https://mtgjson.com/links/01b2219c14a70cc6"}, "rarity": "uncommon", "rulings": [{"date": "2010-03-01", "text": "You don’t choose which untapped Vampire creatures you control to tap (if any) until Urge to Feed resolves."}, {"date": "2010-03-01", "text": "If you cast Urge to Feed targeting an untapped Vampire creature you control with toughness 3, its toughness will be reduced to 0 by the -3/-3 effect. However, state-based actions aren’t checked until the spell has finished resolving. You may then tap that Vampire and put a +1/+1 counter on it, raising its toughness to 1. It will remain on the battlefield."}, {"date": "2010-03-01", "text": "If the targeted creature is an illegal target by the time Urge to Feed resolves, the entire spell doesn’t resolve. You can’t tap any Vampires."}], "setCode": "E02", "subtypes": [], "supertypes": [], "text": "Target creature gets -3/-3 until end of turn. You may tap any number of untapped Vampire creatures you control. If you do, put a +1/+1 counter on each of those Vampires.", "type": "Instant", "types": ["Instant"], "uuid": "57a85c2d-0cd5-5c15-bd99-f6e47512ac51"}, {"artist": "James Ryman", "availability": ["paper"], "borderColor": "black", "colorIdentity": ["B"], "colors": ["B"], "convertedManaCost": 2.0, "edhrecRank": 13754, "finishes": ["nonfoil"], "flavorText": "He listens to every heartbeat, deciding which one of hundreds he will stop.", "foreignData": [], "frameVersion": "2015", "hasFoil": false, "hasNonFoil": true, "identifiers": {"cardKingdomId": "215480", "cardsphereId": "51828", "mcmId": "313675", "mcmMetaId": "203956", "mtgjsonV4Id": "07f3e187-ce08-5203-ae64-cb0d008f501c", "multiverseId": "439364", "scryfallId": "e22b76e5-4b37-4638-9002-089d5d967cd3", "scryfallIllustrationId": "d699980f-d4b1-4d39-b7d9-d168c63e352d", "scryfallOracleId": "b753d7dd-4c6b-4472-a009-671572f927eb", "tcgplayerProductId": "152489"}, "isReprint": true, "isStarter": true, "keywords": ["Flying"], "language": "English", "layout": "normal", "legalities": {"alchemy": "Legal", "brawl": "Legal", "commander": "Legal", "duel": "Legal", "explorer": "Legal", "future": "Legal", "gladiator": "Legal", "historic": "Legal", "historicbrawl": "Legal", "legacy": "Legal", "modern": "Legal", "pauper": "Legal", "paupercommander": "Legal", "penny": "Legal", "pioneer": "Legal", "standard": "Legal", "vintage": "Legal"}, "manaCost": "{1}{B}", "manaValue": 2.0, "name": "Vampire Interloper", "number": "22", "power": "2", "printings": ["DBL", "E02", "ISD", "MID"], "purchaseUrls": {"cardKingdom": "https://mtgjson.com/links/55cb7f61c5d76b21", "cardmarket": "https://mtgjson.com/links/681e1fa1a9dda808", "tcgplayer": "https://mtgjson.com/links/c6e78e3be6c516ed"}, "rarity": "common", "rulings": [], "setCode": "E02", "subtypes": ["Vampire", "Scout"], "supertypes": [], "text": "Flying\nVampire Interloper can't block.", "toughness": "1", "type": "Creature — Vampire Scout", "types": ["Creature"], "uuid": "47505c3a-ab8c-519c-bd22-98630ef3d436"}, {"artist": "Jason Chan", "availability": ["paper"], "borderColor": "black", "colorIdentity": ["B"], "colors": ["B"], "convertedManaCost": 3.0, "edhrecRank": 928, "finishes": ["nonfoil"], "foreignData": [], "frameVersion": "2015", "hasFoil": false, "hasNonFoil": true, "identifiers": {"cardKingdomId": "215481", "cardsphereId": "51826", "mcmId": "313676", "mcmMetaId": "10738", "mtgjsonV4Id": "7eeb2cb0-2fd0-5408-8e1f-07eabc6a7954", "multiverseId": "439365", "scryfallId": "2c0cbb60-d75c-4bb4-9f20-b3382481b288", "scryfallIllustrationId": "d131a3b3-9639-4095-89cc-e0c87d04e9b9", "scryfallOracleId": "feb244f8-bcb1-44cf-9940-2719221a7309", "tcgplayerProductId": "152490"}, "isReprint": true, "isStarter": true, "keywords": ["Deathtouch", "Flying", "Lifelink"], "language": "English", "layout": "normal", "legalities": {"commander": "Legal", "duel": "Legal", "legacy": "Legal", "modern": "Legal", "paupercommander": "Restricted", "penny": "Legal", "vintage": "Legal"}, "manaCost": "{1}{B}{B}", "manaValue": 3.0, "name": "Vampire Nighthawk", "number": "23", "power": "2", "printings": ["C13", "C17", "C20", "C21", "CMD", "DDK", "DDP", "E01", "E02", "M13", "MB1", "MM3", "PLIST", "PRM", "PW09", "VOC", "ZEN"], "purchaseUrls": {"cardKingdom": "https://mtgjson.com/links/8693312176df5c76", "cardmarket": "https://mtgjson.com/links/4afed75691a0cf86", "tcgplayer": "https://mtgjson.com/links/d61673fff2f17af5"}, "rarity": "uncommon", "rulings": [], "setCode": "E02", "subtypes": ["Vampire", "Shaman"], "supertypes": [], "text": "Flying, deathtouch, lifelink", "toughness": "3", "type": "Creature — Vampire Shaman", "types": ["Creature"], "uuid": "4ce02a5a-4857-5bc6-b21c-3410c0c2c4c6"}, {"artist": "Ryan Alexander Lee", "availability": ["paper"], "borderColor": "black", "colorIdentity": ["B"], "colors": ["B"], "convertedManaCost": 3.0, "edhrecRank": 18721, "finishes": ["nonfoil"], "flavorText": "\"No emergency is so dire that it cannot be dealt with elegantly.\"\n—Olivia Voldaren", "foreignData": [], "frameVersion": "2015", "hasFoil": false, "hasNonFoil": true, "identifiers": {"cardKingdomId": "215482", "cardsphereId": "51824", "mcmId": "313677", "mcmMetaId": "222356", "mtgjsonV4Id": "c648a613-1453-57ac-af3e-c32ced388a9f", "multiverseId": "439366", "scryfallId": "19068744-60df-4099-8b1c-9784ba331362", "scryfallIllustrationId": "2f036b72-bb92-4cec-8670-72f6a617b843", "scryfallOracleId": "e85d957b-35a8-48a9-8d63-90e3c680e0dd", "tcgplayerProductId": "152491"}, "isReprint": true, "isStarter": true, "language": "English", "layout": "normal", "legalities": {"commander": "Legal", "duel": "Legal", "legacy": "Legal", "modern": "Legal", "pauper": "Legal", "paupercommander": "Legal", "penny": "Legal", "pioneer": "Legal", "vintage": "Legal"}, "manaCost": "{2}{B}", "manaValue": 3.0, "name": "Vampire Noble", "number": "24", "power": "3", "printings": ["E02", "SOI"], "purchaseUrls": {"cardKingdom": "https://mtgjson.com/links/01ae1cd3695368aa", "cardmarket": "https://mtgjson.com/links/a752fc4af525fcf5", "tcgplayer": "https://mtgjson.com/links/27173f5086d7664d"}, "rarity": "common", "rulings": [], "setCode": "E02", "subtypes": ["Vampire", "Noble"], "supertypes": [], "toughness": "2", "type": "Creature — Vampire Noble", "types": ["Creature"], "uuid": "622ca9d0-6732-5969-9901-28f7ca3bfbb7"}, {"artist": "Greg Staples", "availability": ["paper"], "borderColor": "black", "colorIdentity": ["R"], "colors": ["R"], "convertedManaCost": 3.0, "edhrecRank": 1401, "finishes": ["nonfoil"], "foreignData": [], "frameVersion": "2015", "hasFoil": false, "hasNonFoil": true, "identifiers": {"cardKingdomId": "215444", "cardsphereId": "51806", "mcmId": "311227", "mcmMetaId": "74", "mtgjsonV4Id": "99ab2af0-616b-5204-a62c-d5804a680c38", "multiverseId": "439367", "scryfallId": "8f9fa105-6829-431c-8386-8e3e9deff2db", "scryfallIllustrationId": "833030ab-257e-4fce-aed2-134a62c607b6", "scryfallOracleId": "20129459-a386-41eb-899d-1aede3427300", "tcgplayerProductId": "149294"}, "isReprint": true, "isStarter": true, "language": "English", "layout": "normal", "legalities": {"commander": "Legal", "duel": "Legal", "legacy": "Legal", "premodern": "Legal", "vintage": "Legal"}, "manaCost": "{2}{R}", "manaValue": 3.0, "name": "Aggravated Assault", "number": "25", "printings": ["E02", "MP2", "ONS"], "purchaseUrls": {"cardKingdom": "https://mtgjson.com/links/22ffb77e46128237", "cardmarket": "https://mtgjson.com/links/caa1443a50da8367", "tcgplayer": "https://mtgjson.com/links/597d2ff04a4b23ba"}, "rarity": "rare", "rulings": [{"date": "2004-10-04", "text": "If you have enough mana, the ability may be activated more than once in a turn."}, {"date": "2004-10-04", "text": "You will normally use this during your post-combat main phase so you can untap any creatures that attacked."}], "securityStamp": "oval", "setCode": "E02", "subtypes": [], "supertypes": [], "text": "{3}{R}{R}: Untap all creatures you control. After this main phase, there is an additional combat phase followed by an additional main phase. Activate only as a sorcery.", "type": "Enchantment", "types": ["Enchantment"], "uuid": "9f410d08-6393-582c-82d0-018cf96792d0"}, {"artist": "James Paick", "availability": ["paper"], "borderColor": "black", "colorIdentity": ["R"], "colors": ["R"], "convertedManaCost": 7.0, "edhrecRank": 9311, "finishes": ["nonfoil"], "foreignData": [], "frameVersion": "2015", "hasFoil": false, "hasNonFoil": true, "identifiers": {"cardKingdomId": "215455", "cardsphereId": "51821", "mcmId": "313678", "mcmMetaId": "11185", "mtgjsonV4Id": "1c7ca57b-c902-5c72-8438-6e7620c4f16a", "multiverseId": "439368", "scryfallId": "a7a4ef98-2b74-40e6-90ff-23179fb962da", "scryfallIllustrationId": "118cf1a5-a9d6-4ba6-bbf5-b15f3230519a", "scryfallOracleId": "3322c865-bb2a-4201-9115-979883cd7894", "tcgplayerProductId": "152492"}, "isReprint": true, "isStarter": true, "language": "English", "layout": "normal", "legalities": {"commander": "Legal", "duel": "Legal", "legacy": "Legal", "modern": "Legal", "penny": "Legal", "vintage": "Legal"}, "manaCost": "{5}{R}{R}", "manaValue": 7.0, "name": "Disaster Radius", "number": "26", "printings": ["C15", "CM2", "CMD", "E02", "ROE"], "purchaseUrls": {"cardKingdom": "https://mtgjson.com/links/5c0e405745a94d2b", "cardmarket": "https://mtgjson.com/links/f603aa1d3572f7b1", "tcgplayer": "https://mtgjson.com/links/0a181b76173e355f"}, "rarity": "rare", "rulings": [], "securityStamp": "oval", "setCode": "E02", "subtypes": [], "supertypes": [], "text": "As an additional cost to cast this spell, reveal a creature card from your hand.\nDisaster Radius deals X damage to each creature your opponents control, where X is the revealed card's mana value.", "type": "Sorcery", "types": ["Sorcery"], "uuid": "48eff120-1b50-5b7c-85d6-5bb9bd8cf8d5"}, {"artist": "Sidharth Chaturvedi", "availability": ["paper"], "borderColor": "black", "colorIdentity": ["R"], "colors": ["R"], "convertedManaCost": 5.0, "edhrecRank": 4414, "finishes": ["nonfoil"], "flavorText": "\"You too, Squib?\"", "foreignData": [], "frameVersion": "2015", "hasFoil": false, "hasNonFoil": true, "identifiers": {"cardKingdomId": "215462", "cardsphereId": "51837", "mcmId": "312827", "mcmMetaId": "205769", "mtgjsonV4Id": "73adb694-cd84-5a17-89cd-05dae9564a98", "multiverseId": "439369", "scryfallId": "461aaf42-9b96-4960-b6c8-ba80cf4ef349", "scryfallIllustrationId": "cc7d558b-1664-43ea-b31f-2d862799b338", "scryfallOracleId": "d96763a0-6a6e-4520-899a-468b4bb307c8", "tcgplayerProductId": "151648"}, "isReprint": true, "isStarter": true, "language": "English", "layout": "normal", "legalities": {"commander": "Legal", "duel": "Legal", "legacy": "Legal", "vintage": "Legal"}, "manaCost": "{3}{R}{R}", "manaValue": 5.0, "name": "Mass Mutiny", "number": "27", "printings": ["C13", "E02", "PC2", "PCA"], "purchaseUrls": {"cardKingdom": "https://mtgjson.com/links/e9352ae582aa39fb", "cardmarket": "https://mtgjson.com/links/ad190062b155653c", "tcgplayer": "https://mtgjson.com/links/64c59fa688876cd5"}, "rarity": "rare", "rulings": [{"date": "2012-06-01", "text": "The phrase “up to one” was inadvertently omitted from Mass Mutiny’s rules text. The card has received errata to correct this."}, {"date": "2012-06-01", "text": "You can cast Mass Mutiny even if an opponent doesn’t control any creatures. You simply won’t choose a target for that opponent."}, {"date": "2012-06-01", "text": "Mass Mutiny can target untapped creatures."}, {"date": "2012-06-01", "text": "Gaining control of a creature doesn’t cause you to gain control of any Auras or Equipment attached to it. However, if you gain control of a creature enchanted by an Aura with totem armor and that creature would be destroyed that turn, instead the Aura will be destroyed and the creature will survive."}], "securityStamp": "oval", "setCode": "E02", "subtypes": [], "supertypes": [], "text": "For each opponent, gain control of up to one target creature that player controls until end of turn. Untap those creatures. They gain haste until end of turn.", "type": "Sorcery", "types": ["Sorcery"], "uuid": "cfce21d6-7cd5-546e-8a0c-52e561dee52e"}, {"artist": "Chris Rallis", "availability": ["paper"], "borderColor": "black", "colorIdentity": ["R"], "colors": ["R"], "convertedManaCost": 1.0, "edhrecRank": 6994, "finishes": ["nonfoil"], "flavorText": "Scarecrows only go so far in sending the message to stay away.", "foreignData": [], "frameVersion": "2015", "hasFoil": false, "hasNonFoil": true, "identifiers": {"cardKingdomId": "215471", "cardsphereId": "51847", "mcmId": "313679", "mcmMetaId": "222319", "mtgjsonV4Id": "c323af25-3907-5803-b1e5-8554186c1954", "multiverseId": "439370", "scryfallId": "024eea40-6d8f-4b4e-9bcc-e55a9f12bf64", "scryfallIllustrationId": "c074f182-7fb2-4133-9fe0-e4254a8a148a", "scryfallOracleId": "ec9975f4-dfff-4b72-9da8-8f2025f0524a", "tcgplayerProductId": "152493"}, "isReprint": true, "isStarter": true, "language": "English", "layout": "normal", "legalities": {"commander": "Legal", "duel": "Legal", "legacy": "Legal", "modern": "Legal", "pauper": "Legal", "paupercommander": "Legal", "penny": "Legal", "pioneer": "Legal", "vintage": "Legal"}, "manaCost": "{R}", "manaValue": 1.0, "name": "Rush of Adrenaline", "number": "28", "printings": ["E02", "MB1", "SOI"], "purchaseUrls": {"cardKingdom": "https://mtgjson.com/links/d5a20b0fdee3c0c8", "cardmarket": "https://mtgjson.com/links/35b03c15aa8dee1f", "tcgplayer": "https://mtgjson.com/links/17b24254e2933982"}, "rarity": "common", "rulings": [], "setCode": "E02", "subtypes": [], "supertypes": [], "text": "Target creature gets +2/+1 and gains trample until end of turn.", "type": "Instant", "types": ["Instant"], "uuid": "e1d26a2a-9227-5a8a-abbb-4dd9318ce3bd"}, {"artist": "Chuck Lukacs", "availability": ["paper"], "borderColor": "black", "colorIdentity": ["R"], "colors": ["R"], "convertedManaCost": 3.0, "edhrecRank": 851, "finishes": ["nonfoil"], "flavorText": "\"It is the nature of souls that they burn more brightly together than apart.\"\n—Vessifrus, flamekin demagogue", "foreignData": [], "frameVersion": "2015", "hasFoil": false, "hasNonFoil": true, "identifiers": {"cardKingdomId": "215472", "cardsphereId": "51844", "mcmId": "311228", "mcmMetaId": "9520", "mtgjsonV4Id": "5b650cc9-1ad9-50cb-87b2-27d854bd71f3", "multiverseId": "439371", "scryfallId": "ca5feaf7-3ca0-4ad7-b56b-b76d39e4bec7", "scryfallIllustrationId": "dd2e153f-f6da-4c26-8582-fdc0d6bd2dbd", "scryfallOracleId": "a27445db-33f2-4571-98b5-83206b797484", "tcgplayerProductId": "149295"}, "isReprint": true, "isStarter": true, "language": "English", "layout": "normal", "legalities": {"commander": "Legal", "duel": "Legal", "legacy": "Legal", "modern": "Legal", "vintage": "Legal"}, "manaCost": "{2}{R}", "manaValue": 3.0, "name": "Shared Animosity", "number": "29", "printings": ["C20", "E02", "MOR"], "purchaseUrls": {"cardKingdom": "https://mtgjson.com/links/5581ecf7b36e8c3c", "cardmarket": "https://mtgjson.com/links/3f273edeca9cecd2", "tcgplayer": "https://mtgjson.com/links/a136e3544f14ee78"}, "rarity": "rare", "rulings": [{"date": "2008-04-01", "text": "This ability counts creatures, not creature types. For example, if you attack with five creatures — an Elf Shaman, an Elf Warrior, a Goblin Shaman, an Elemental, and a creature with all creature types — the ability will trigger five times. Those creatures will get +3/+0, +2/+0, +2/+0, +1/+0, and +4/+0, respectively."}, {"date": "2008-04-01", "text": "In a Two-Headed Giant game, only creatures you control trigger the ability and get the bonus, but your teammate’s attacking creatures are included in the calculation of those bonuses."}], "securityStamp": "oval", "setCode": "E02", "subtypes": [], "supertypes": [], "text": "Whenever a creature you control attacks, it gets +1/+0 until end of turn for each other attacking creature that shares a creature type with it.", "type": "Enchantment", "types": ["Enchantment"], "uuid": "6d03f78a-f733-548d-b795-a167ed0cbef7"}, {"artist": "Svetlin Velinov", "availability": ["paper"], "borderColor": "black", "colorIdentity": ["R"], "colors": ["R"], "convertedManaCost": 3.0, "edhrecRank": 5084, "finishes": ["nonfoil"], "flavorText": "\"Ruhan would never agree to such terms.\"\n—Ruhan of the Fomori", "foreignData": [], "frameVersion": "2015", "hasFoil": false, "hasNonFoil": true, "identifiers": {"cardKingdomId": "215486", "cardsphereId": "51816", "mcmId": "313680", "mcmMetaId": "203384", "mtgjsonV4Id": "e03e4038-c1f0-5380-980b-28c9a7f84bef", "multiverseId": "439372", "scryfallId": "520762c5-ca7c-4be3-b9aa-a5ae87c00da4", "scryfallIllustrationId": "a410e5a0-ed33-4e92-9b17-06bcd49c8c37", "scryfallOracleId": "bfed67f3-70d2-49c2-8f25-16e4d10fa5be", "tcgplayerProductId": "152494"}, "isReprint": true, "isStarter": true, "keywords": ["Enchant"], "language": "English", "layout": "normal", "legalities": {"commander": "Legal", "duel": "Legal", "legacy": "Legal", "vintage": "Legal"}, "manaCost": "{2}{R}", "manaValue": 3.0, "name": "Vow of Lightning", "number": "30", "printings": ["CMA", "CMD", "CMR", "E02", "PLIST", "PZ1"], "purchaseUrls": {"cardKingdom": "https://mtgjson.com/links/fda1a2003bab385d", "cardmarket": "https://mtgjson.com/links/b970a64df5c57d15", "tcgplayer": "https://mtgjson.com/links/dd579be9b84cfecd"}, "rarity": "uncommon", "rulings": [], "setCode": "E02", "subtypes": ["Aura"], "supertypes": [], "text": "Enchant creature\nEnchanted creature gets +2/+2, has first strike, and can't attack you or planeswalkers you control.", "type": "Enchantment — Aura", "types": ["Enchantment"], "uuid": "67b8c143-6c11-5558-adb7-61ebcb0b1d7d"}, {"artist": "Zoltan Boros", "availability": ["paper"], "borderColor": "black", "colorIdentity": ["G"], "colors": ["G"], "convertedManaCost": 3.0, "edhrecRank": 9645, "finishes": ["nonfoil"], "flavorText": "\"There's only one route from Kessig into Stensia. Unless you come with me.\"", "foreignData": [], "frameVersion": "2015", "hasFoil": false, "hasNonFoil": true, "identifiers": {"cardKingdomId": "215448", "cardsphereId": "51810", "mcmId": "313681", "mcmMetaId": "10642", "mtgjsonV4Id": "722c7f7f-8d3b-563d-99e9-a07e7fbe2b48", "multiverseId": "439373", "scryfallId": "12124073-518a-498c-a817-400547ae7040", "scryfallIllustrationId": "cd81a523-f413-4e45-b250-c617025cfd29", "scryfallOracleId": "ffe25048-0bd4-49b5-aecb-2b1b57fb8d8b", "tcgplayerProductId": "152495"}, "isReprint": true, "isStarter": true, "language": "English", "layout": "normal", "legalities": {"commander": "Legal", "duel": "Legal", "legacy": "Legal", "modern": "Legal", "pauper": "Legal", "paupercommander": "Legal", "penny": "Legal", "vintage": "Legal"}, "manaCost": "{2}{G}", "manaValue": 3.0, "name": "Borderland Ranger", "number": "31", "power": "2", "printings": ["AVR", "E02", "M10", "MB1", "TD0"], "purchaseUrls": {"cardKingdom": "https://mtgjson.com/links/18d8b3a0301bfee4", "cardmarket": "https://mtgjson.com/links/cbc4f3025f89f957", "tcgplayer": "https://mtgjson.com/links/1c0bb6f9b47bca87"}, "rarity": "common", "rulings": [], "setCode": "E02", "subtypes": ["Human", "Scout", "Ranger"], "supertypes": [], "text": "When Borderland Ranger enters the battlefield, you may search your library for a basic land card, reveal it, put it into your hand, then shuffle.", "toughness": "2", "type": "Creature — Human Scout Ranger", "types": ["Creature"], "uuid": "74d42461-a3d6-51f4-8948-cb25e6369658"}, {"artist": "Matt Cavotta", "availability": ["paper"], "borderColor": "black", "colorIdentity": ["G"], "colors": ["G"], "convertedManaCost": 1.0, "edhrecRank": 6662, "finishes": ["nonfoil"], "foreignData": [], "frameVersion": "2015", "hasFoil": false, "hasNonFoil": true, "identifiers": {"cardKingdomId": "215456", "cardsphereId": "51825", "mcmId": "313682", "mcmMetaId": "2325", "mtgjsonV4Id": "16a69586-6f5b-5b4e-aa85-23580e77a287", "multiverseId": "439374", "scryfallId": "f237ecfe-ecb0-42e6-852f-4a7c61652803", "scryfallIllustrationId": "ee1355e2-23a9-4cc5-9543-750100de724e", "scryfallOracleId": "5748ebf1-24e3-499d-ab7c-c2cebd462a24", "tcgplayerProductId": "152496"}, "isReprint": true, "isStarter": true, "language": "English", "layout": "normal", "legalities": {"commander": "Legal", "duel": "Legal", "explorer": "Legal", "gladiator": "Legal", "historic": "Legal", "historicbrawl": "Legal", "legacy": "Legal", "modern": "Legal", "pauper": "Legal", "paupercommander": "Legal", "penny": "Legal", "pioneer": "Legal", "premodern": "Legal", "vintage": "Legal"}, "manaCost": "{G}", "manaValue": 1.0, "name": "Giant Growth", "number": "32", "printings": ["10E", "2ED", "3ED", "4BB", "4ED", "5ED", "6ED", "7ED", "8ED", "9ED", "A25", "ATH", "BBD", "BRB", "BTD", "CED", "CEI", "DD1", "DDD", "DKM", "DPA", "E02", "EVG", "FBB", "FNM", "GVL", "ICE", "J21", "LEA", "LEB", "M10", "M11", "M14", "MB1", "ME2", "ME3", "ME4", "P06", "PJJT", "PRM", "PS11", "PSUS", "RTR", "SUM", "WAR", "WC97", "WC99"], "purchaseUrls": {"cardKingdom": "https://mtgjson.com/links/eda0443096e18511", "cardmarket": "https://mtgjson.com/links/86fe35173328096d", "tcgplayer": "https://mtgjson.com/links/61165164a6d56f86"}, "rarity": "common", "rulings": [], "setCode": "E02", "subtypes": [], "supertypes": [], "text": "Target creature gets +3/+3 until end of turn.", "type": "Instant", "types": ["Instant"], "uuid": "ac4a5649-2d8f-5516-a794-05a20e5b195c"}, {"artist": "Greg Staples", "availability": ["paper"], "borderColor": "black", "colorIdentity": ["G"], "colors": ["G"], "convertedManaCost": 5.0, "edhrecRank": 3697, "finishes": ["nonfoil"], "flavorText": "To be counted among the warriors of Setessa's Leina Tower, you must not fear death, only failure.", "foreignData": [], "frameVersion": "2015", "hasFoil": false, "hasNonFoil": true, "identifiers": {"cardKingdomId": "215457", "cardsphereId": "51827", "mcmId": "313683", "mcmMetaId": "209324", "mtgjsonV4Id": "e0938d8d-08b6-5687-8c99-3415bbca4901", "multiverseId": "439375", "scryfallId": "2c0e5ac0-48f2-44c2-814e-9bc90ff01760", "scryfallIllustrationId": "6437b9de-04c0-48b1-9cd6-8600dfec7b28", "scryfallOracleId": "e1a776d2-fb3a-4215-a14e-4b6e9bda95df", "tcgplayerProductId": "152497"}, "isReprint": true, "isStarter": true, "language": "English", "layout": "normal", "legalities": {"commander": "Legal", "duel": "Legal", "legacy": "Legal", "modern": "Legal", "penny": "Legal", "pioneer": "Legal", "vintage": "Legal"}, "manaCost": "{4}{G}", "manaValue": 5.0, "name": "Hunter's Prowess", "number": "33", "printings": ["BNG", "C17", "E01", "E02"], "purchaseUrls": {"cardKingdom": "https://mtgjson.com/links/109c1a2c2a5d5bf9", "cardmarket": "https://mtgjson.com/links/30f6f935a37b5d52", "tcgplayer": "https://mtgjson.com/links/5466dc4b839d1726"}, "rarity": "rare", "rulings": [], "securityStamp": "oval", "setCode": "E02", "subtypes": [], "supertypes": [], "text": "Until end of turn, target creature gets +3/+3 and gains trample and \"Whenever this creature deals combat damage to a player, draw that many cards.\"", "type": "Sorcery", "types": ["Sorcery"], "uuid": "18b183c4-9262-53bf-898e-2ecc267bd6d7"}, {"artist": "Deruchenko Alexander", "availability": ["paper"], "borderColor": "black", "colorIdentity": ["G"], "colors": ["G"], "convertedManaCost": 1.0, "edhrecRank": 3743, "finishes": ["nonfoil"], "flavorText": "Nature exists in balance: river and jungle, sky and sea, predator and prey.", "foreignData": [], "frameVersion": "2015", "hasFoil": false, "hasNonFoil": true, "identifiers": {"cardKingdomId": "215467", "cardsphereId": "51846", "mcmId": "312828", "mcmMetaId": "204051", "mtgjsonV4Id": "85e55c80-0ab7-5fea-a899-8a779c618350", "multiverseId": "439376", "scryfallId": "eac2c4a6-54b9-41ac-9265-39dd0be75726", "scryfallIllustrationId": "b70e4d42-3d5d-4393-80d7-e29e49881f76", "scryfallOracleId": "b3c12848-528d-4005-878f-4f950a07240a", "tcgplayerProductId": "151649"}, "isReprint": true, "isStarter": true, "keywords": ["Fight"], "language": "English", "layout": "normal", "legalities": {"commander": "Legal", "duel": "Legal", "explorer": "Legal", "gladiator": "Legal", "historic": "Legal", "historicbrawl": "Legal", "legacy": "Legal", "modern": "Legal", "pauper": "Legal", "paupercommander": "Legal", "penny": "Legal", "pioneer": "Legal", "vintage": "Legal"}, "manaCost": "{G}", "manaValue": 1.0, "name": "Prey Upon", "number": "34", "printings": ["AER", "AJMP", "CN2", "DDL", "E02", "EMN", "GRN", "ISD", "M13", "MB1", "UMA"], "purchaseUrls": {"cardKingdom": "https://mtgjson.com/links/d30e02033ee5cb37", "cardmarket": "https://mtgjson.com/links/53e3958dfee89eca", "tcgplayer": "https://mtgjson.com/links/a0eefc44a77af9c2"}, "rarity": "common", "rulings": [{"date": "2018-12-07", "text": "If either target is an illegal target as Prey Upon resolves, no creature will deal or be dealt damage."}], "setCode": "E02", "subtypes": [], "supertypes": [], "text": "Target creature you control fights target creature you don't control. (Each deals damage equal to its power to the other.)", "type": "Sorcery", "types": ["Sorcery"], "uuid": "3ae2c5fb-d24f-52e0-9f21-d422d2162cf7"}, {"artist": "Kev Walker", "availability": ["paper"], "borderColor": "black", "colorIdentity": ["G"], "colors": ["G"], "convertedManaCost": 1.0, "edhrecRank": 668, "finishes": ["nonfoil"], "foreignData": [], "frameVersion": "2015", "hasFoil": false, "hasNonFoil": true, "identifiers": {"cardKingdomId": "215470", "cardsphereId": "51849", "mcmId": "313684", "mcmMetaId": "4505", "mtgjsonV4Id": "1766c2dd-3929-51cc-98d7-28868872689b", "multiverseId": "439377", "scryfallId": "38e281ab-3437-4a2c-a668-9a148bc3eaf7", "scryfallIllustrationId": "58619744-13a3-40a0-88d7-940cd556f2d2", "scryfallOracleId": "9d2d6479-531c-4ce1-b52b-00e36fa63b64", "tcgplayerProductId": "152498"}, "isReprint": true, "isStarter": true, "keywords": ["Enchant"], "language": "English", "layout": "normal", "legalities": {"commander": "Legal", "duel": "Legal", "legacy": "Legal", "modern": "Legal", "pauper": "Legal", "paupercommander": "Legal", "premodern": "Legal", "vintage": "Legal"}, "manaCost": "{G}", "manaValue": 1.0, "name": "Rancor", "number": "35", "printings": ["A25", "AFC", "ARC", "DDD", "E02", "EMA", "F05", "GVL", "M13", "MB1", "PC2", "PCA", "PRM", "PZ1", "ULG", "WC99"], "purchaseUrls": {"cardKingdom": "https://mtgjson.com/links/6372890ba4d11a9b", "cardmarket": "https://mtgjson.com/links/ad5b991e97091ab0", "tcgplayer": "https://mtgjson.com/links/631c85da0ecb1471"}, "rarity": "uncommon", "rulings": [{"date": "2018-03-16", "text": "If the creature this Aura would enchant is an illegal target by the time Rancor tries to resolve, the Aura spell doesn't resolve. It won't enter the battlefield, so it won't be put into a graveyard from the battlefield and its ability won't trigger."}], "setCode": "E02", "subtypes": ["Aura"], "supertypes": [], "text": "Enchant creature\nEnchanted creature gets +2/+0 and has trample.\nWhen Rancor is put into a graveyard from the battlefield, return Rancor to its owner's hand.", "type": "Enchantment — Aura", "types": ["Enchantment"], "uuid": "45150d68-2907-5a45-bae6-1612c8b126f8"}, {"artist": "Eytan Zana", "availability": ["paper"], "borderColor": "black", "colorIdentity": ["G"], "colors": ["G"], "convertedManaCost": 6.0, "edhrecRank": 665, "finishes": ["nonfoil"], "flavorText": "It's there when a seed sprouts, when gourds ripen on the vines, and when the reapers cut the grains under the Harvest Moon.", "foreignData": [], "frameVersion": "2015", "hasFoil": false, "hasNonFoil": true, "identifiers": {"cardKingdomId": "215474", "cardsphereId": "51840", "mcmId": "313685", "mcmMetaId": "205365", "mtgjsonV4Id": "152a921a-f32b-5484-8395-eb0bbe67d37d", "multiverseId": "439378", "scryfallId": "4a4ad065-cfab-4aad-b265-211143c1c69d", "scryfallIllustrationId": "b6843ac1-a968-4951-beea-c98f48c59905", "scryfallOracleId": "6b9194dd-2296-4879-ac5e-f89b18431df6", "tcgplayerProductId": "152499"}, "isReprint": true, "isStarter": true, "keywords": ["Trample"], "language": "English", "layout": "normal", "legalities": {"commander": "Legal", "duel": "Legal", "explorer": "Legal", "gladiator": "Legal", "historic": "Legal", "historicbrawl": "Legal", "legacy": "Legal", "modern": "Legal", "penny": "Legal", "pioneer": "Legal", "vintage": "Legal"}, "manaCost": "{4}{G}{G}", "manaValue": 6.0, "name": "Soul of the Harvest", "number": "36", "power": "6", "printings": ["AVR", "C14", "CMA", "E02", "JMP", "W16"], "purchaseUrls": {"cardKingdom": "https://mtgjson.com/links/56812d01d53a20bc", "cardmarket": "https://mtgjson.com/links/47a93685115d335a", "tcgplayer": "https://mtgjson.com/links/b71ae44fe4d15650"}, "rarity": "rare", "rulings": [{"date": "2012-05-01", "text": "A creature card that enters the battlefield as a copy of a token creature is still a nontoken creature. You’ll be able to draw a card."}], "securityStamp": "oval", "setCode": "E02", "subtypes": ["Elemental"], "supertypes": [], "text": "Trample\nWhenever another nontoken creature enters the battlefield under your control, you may draw a card.", "toughness": "6", "type": "Creature — Elemental", "types": ["Creature"], "uuid": "dc1c46f0-3ec4-5c2e-aaf0-3c31d5696293"}, {"artist": "Jim Pavelec", "availability": ["paper"], "borderColor": "black", "colorIdentity": ["G"], "colors": ["G"], "convertedManaCost": 3.0, "edhrecRank": 5070, "finishes": ["nonfoil"], "flavorText": "\"Savagery is the birthright of every creature that draws breath—or wishes it could.\"\n—Karador, Ghost Chieftain", "foreignData": [], "frameVersion": "2015", "hasFoil": false, "hasNonFoil": true, "identifiers": {"cardKingdomId": "215487", "cardsphereId": "51814", "mcmId": "313686", "mcmMetaId": "203388", "mtgjsonV4Id": "a6eef7c4-ca3f-5f9e-a9a7-610f828cddeb", "multiverseId": "439379", "scryfallId": "e1c4cea1-e06b-468e-86ef-07c3958ab10b", "scryfallIllustrationId": "a86a9c96-325d-47ff-9bb8-acaa956aee63", "scryfallOracleId": "569a65fb-e35f-4388-ab49-f57be46b4889", "tcgplayerProductId": "152500"}, "isReprint": true, "isStarter": true, "keywords": ["Enchant"], "language": "English", "layout": "normal", "legalities": {"commander": "Legal", "duel": "Legal", "legacy": "Legal", "vintage": "Legal"}, "manaCost": "{2}{G}", "manaValue": 3.0, "name": "Vow of Wildness", "number": "37", "printings": ["C18", "CM2", "CMD", "CMR", "E02", "PZ1"], "purchaseUrls": {"cardKingdom": "https://mtgjson.com/links/f07661fbe9fd81a2", "cardmarket": "https://mtgjson.com/links/2c7c870d5702ffd1", "tcgplayer": "https://mtgjson.com/links/20f916fe986666e2"}, "rarity": "uncommon", "rulings": [], "setCode": "E02", "subtypes": ["Aura"], "supertypes": [], "text": "Enchant creature\nEnchanted creature gets +3/+3, has trample, and can't attack you or planeswalkers you control.", "type": "Enchantment — Aura", "types": ["Enchantment"], "uuid": "eef6c4fc-7e71-5dd6-9763-72e817e802cb"}, {"artist": "Christine Choi", "availability": ["paper"], "borderColor": "black", "colorIdentity": ["G", "U"], "colors": ["G", "U"], "convertedManaCost": 4.0, "edhrecRank": 5724, "finishes": ["nonfoil"], "flavorText": "Within silent clearings guarded by living palisades, the natural world guards its most precious secrets.", "foreignData": [], "frameVersion": "2015", "hasFoil": false, "hasNonFoil": true, "identifiers": {"cardKingdomId": "215459", "cardsphereId": "51831", "mcmId": "312825", "mcmMetaId": "2993", "mtgjsonV4Id": "bc3b010c-e8c2-570d-8c3e-dc12b6040c18", "multiverseId": "439380", "scryfallId": "8be6060c-f6df-451d-86cd-c4e2564095ba", "scryfallIllustrationId": "9b415e1f-638a-411e-93cf-d77f09b1cf64", "scryfallOracleId": "dcf65293-14a0-46a5-a0b0-ca2b7fda8bef", "tcgplayerProductId": "151652"}, "isReprint": true, "isStarter": true, "keywords": ["Defender"], "language": "English", "layout": "normal", "legalities": {"commander": "Legal", "duel": "Legal", "legacy": "Legal", "paupercommander": "Restricted", "penny": "Legal", "premodern": "Legal", "vintage": "Legal"}, "manaCost": "{2}{G}{U}", "manaValue": 4.0, "name": "Jungle Barrier", "number": "38", "power": "2", "printings": ["APC", "E02", "IMA", "MB1", "TD0"], "purchaseUrls": {"cardKingdom": "https://mtgjson.com/links/9ced1a99cfa37c5a", "cardmarket": "https://mtgjson.com/links/206b1abb92f61a45", "tcgplayer": "https://mtgjson.com/links/16715febba407272"}, "rarity": "uncommon", "rulings": [], "setCode": "E02", "subtypes": ["Plant", "Wall"], "supertypes": [], "text": "Defender (This creature can't attack.)\nWhen Jungle Barrier enters the battlefield, draw a card.", "toughness": "6", "type": "Creature — Plant Wall", "types": ["Creature"], "uuid": "96b088fa-f0dc-58bb-8fc8-4a469cf4a826"}, {"artist": "Kev Walker", "availability": ["paper"], "borderColor": "black", "colorIdentity": ["R", "W"], "colors": ["R", "W"], "convertedManaCost": 2.0, "edhrecRank": 3796, "finishes": ["nonfoil"], "flavorText": "Though less well-known than its army of soldiers, the Boros Legion's mage-priests are as respected by the innocent as they are hated by the ghosts of the guilty.", "foreignData": [], "frameVersion": "2015", "hasFoil": false, "hasNonFoil": true, "identifiers": {"cardKingdomId": "215461", "cardsphereId": "51835", "mcmId": "313687", "mcmMetaId": "8018", "mtgjsonV4Id": "b7b22b17-a60c-55cb-9314-b44cbb750fde", "multiverseId": "439381", "scryfallId": "79d1f0c1-9271-47e7-8bee-a102cdc396e9", "scryfallIllustrationId": "ee1b237c-4840-4616-b5fa-5887445c509f", "scryfallOracleId": "800c258a-cfc4-4a54-a667-065ea8dea69e", "tcgplayerProductId": "152501"}, "isReprint": true, "isStarter": true, "language": "English", "layout": "normal", "legalities": {"commander": "Legal", "duel": "Legal", "gladiator": "Legal", "historic": "Legal", "historicbrawl": "Legal", "legacy": "Legal", "modern": "Legal", "vintage": "Legal"}, "manaCost": "{R}{W}", "manaValue": 2.0, "name": "Lightning Helix", "number": "39", "printings": ["DDH", "DDN", "E02", "GK1", "HOP", "IMA", "MB1", "MMA", "P06", "PRM", "RAV", "STA"], "purchaseUrls": {"cardKingdom": "https://mtgjson.com/links/7b070d5028121836", "cardmarket": "https://mtgjson.com/links/9a36c3ec0ecbafa6", "tcgplayer": "https://mtgjson.com/links/ba1d60f30260d1f3"}, "rarity": "uncommon", "rulings": [{"date": "2017-11-17", "text": "If the chosen target is illegal when Lightning Helix tries to resolve, it won’t resolve and none of its effects will happen. You won’t gain 3 life."}], "setCode": "E02", "subtypes": [], "supertypes": [], "text": "Lightning Helix deals 3 damage to any target and you gain 3 life.", "type": "Instant", "types": ["Instant"], "uuid": "09ce302f-9297-5c14-a855-6bb4dc7e9382"}, {"artist": "Nils Hamm", "availability": ["paper"], "borderColor": "black", "colorIdentity": ["B", "W"], "colors": ["B", "W"], "convertedManaCost": 3.0, "edhrecRank": 338, "finishes": ["nonfoil"], "flavorText": "Many who cross Sorin's path come down with a sudden and fatal case of being-in-the-way-of-a-millennia-old-vampire.", "foreignData": [], "frameVersion": "2015", "hasFoil": false, "hasNonFoil": true, "identifiers": {"cardKingdomId": "215464", "cardsphereId": "51841", "mcmId": "313688", "mcmMetaId": "7795", "mtgjsonV4Id": "bca408ab-d8db-5a38-a2b5-22c3008263fc", "multiverseId": "439382", "scryfallId": "7dc4eced-d8b1-4e77-bacd-ba1dae56bfa6", "scryfallIllustrationId": "fa7ba9c2-f3fa-4ccd-bb53-ddc5c7f7bc7a", "scryfallOracleId": "faa01ed1-ccfa-4e58-951f-cd81f9068027", "tcgplayerProductId": "152502"}, "isReprint": true, "isStarter": true, "language": "English", "layout": "normal", "legalities": {"commander": "Legal", "duel": "Legal", "explorer": "Legal", "gladiator": "Legal", "historic": "Legal", "historicbrawl": "Legal", "legacy": "Legal", "modern": "Legal", "penny": "Legal", "pioneer": "Legal", "vintage": "Legal"}, "manaCost": "{1}{W}{B}", "manaValue": 3.0, "name": "Mortify", "number": "40", "printings": ["C16", "C17", "C18", "CM2", "CMA", "CMD", "CNS", "DDK", "E02", "GPT", "MB1", "P07", "PLIST", "PRM", "PRNA", "RNA", "TSR"], "purchaseUrls": {"cardKingdom": "https://mtgjson.com/links/4793275862d66fd0", "cardmarket": "https://mtgjson.com/links/71892d237e398246", "tcgplayer": "https://mtgjson.com/links/5917e212920dfed6"}, "rarity": "uncommon", "rulings": [{"date": "2006-02-01", "text": "This spell isn’t Modal. When it resolves, it will destroy the target if it’s a creature or an enchantment, even if it changed from one to the other between targeting and resolution."}], "setCode": "E02", "subtypes": [], "supertypes": [], "text": "Destroy target creature or enchantment.", "type": "Instant", "types": ["Instant"], "uuid": "6213ab9e-f7c6-531a-819e-91d59100f59e"}, {"artist": "Sara Winters", "availability": ["paper"], "borderColor": "black", "colorIdentity": ["B", "W"], "colors": ["B", "W"], "convertedManaCost": 2.0, "edhrecRank": 11117, "finishes": ["nonfoil"], "flavorText": "\"Rejoice! Your vile blood will help fulfill our righteous cause.\"", "foreignData": [], "frameVersion": "2015", "hasFoil": false, "hasNonFoil": true, "identifiers": {"cardKingdomId": "215488", "cardsphereId": "51813", "mcmId": "312829", "mcmMetaId": "10498", "mtgjsonV4Id": "6e36fc91-8213-561d-93b3-033c5546ced1", "multiverseId": "439383", "scryfallId": "00963993-ff4d-4cc6-a7e0-ed8adac40bfd", "scryfallIllustrationId": "14176355-4d07-49e0-b54e-1bb11c775902", "scryfallOracleId": "ccf8d919-1399-4bef-94ac-04c67f122828", "tcgplayerProductId": "151655"}, "isReprint": true, "isStarter": true, "language": "English", "layout": "normal", "legalities": {"commander": "Legal", "duel": "Legal", "legacy": "Legal", "modern": "Legal", "penny": "Legal", "vintage": "Legal"}, "manaCost": "{W}{B}", "manaValue": 2.0, "name": "Zealous Persecution", "number": "41", "printings": ["ARB", "DDK", "E02", "EMA", "MB1", "MD1"], "purchaseUrls": {"cardKingdom": "https://mtgjson.com/links/87033588da453aa7", "cardmarket": "https://mtgjson.com/links/51e010adc10727ae", "tcgplayer": "https://mtgjson.com/links/7decd864bc20f6af"}, "rarity": "uncommon", "rulings": [], "setCode": "E02", "subtypes": [], "supertypes": [], "text": "Until end of turn, creatures you control get +1/+1 and creatures your opponents control get -1/-1.", "type": "Instant", "types": ["Instant"], "uuid": "4f0d6a3a-61cb-553a-8bb4-934a43e5add7"}, {"artist": "Igor Kieryluk", "availability": ["paper"], "borderColor": "black", "colorIdentity": [], "colors": [], "convertedManaCost": 3.0, "edhrecRank": 1572, "finishes": ["nonfoil"], "foreignData": [], "frameVersion": "2015", "hasFoil": false, "hasNonFoil": true, "identifiers": {"cardKingdomId": "215442", "cardsphereId": "51804", "mcmId": "311229", "mcmMetaId": "203516", "mtgjsonV4Id": "50059ec0-836a-534f-9318-4e84d0df8c24", "multiverseId": "439384", "scryfallId": "a3a74bb9-b850-4d94-81f4-ffe062e91c49", "scryfallIllustrationId": "cb2623f4-f76a-43bc-ba84-56c8cf85ff3f", "scryfallOracleId": "53c730c6-2f8c-4af8-b400-b9d573a71e60", "tcgplayerProductId": "149296"}, "isReprint": true, "isStarter": true, "language": "English", "layout": "normal", "legalities": {"commander": "Legal", "duel": "Legal", "legacy": "Legal", "modern": "Legal", "penny": "Legal", "vintage": "Legal"}, "manaCost": "{3}", "manaValue": 3.0, "name": "Adaptive Automaton", "number": "42", "power": "2", "printings": ["2XM", "E02", "M12"], "purchaseUrls": {"cardKingdom": "https://mtgjson.com/links/b5c5c76dec0bebcc", "cardmarket": "https://mtgjson.com/links/870104160670e1ab", "tcgplayer": "https://mtgjson.com/links/6924a5283c10c7fa"}, "rarity": "rare", "rulings": [{"date": "2020-08-07", "text": "The choice of creature type is made as Adaptive Automaton enters the battlefield. Players can't take any actions between the time the choice is made and the time the appropriate creatures begin to get +1/+1."}, {"date": "2020-08-07", "text": "You must choose an existing creature type, such as Human or Warrior. Card types such as artifact and supertypes such as legendary can't be chosen."}, {"date": "2020-08-07", "text": "Even though Adaptive Automaton is a Construct, other Construct creatures you control won't get +1/+1 unless you chose Construct as Adaptive Automaton entered the battlefield."}], "securityStamp": "oval", "setCode": "E02", "subtypes": ["Construct"], "supertypes": [], "text": "As Adaptive Automaton enters the battlefield, choose a creature type.\nAdaptive Automaton is the chosen type in addition to its other types.\nOther creatures you control of the chosen type get +1/+1.", "toughness": "2", "type": "Artifact Creature — Construct", "types": ["Artifact", "Creature"], "uuid": "98fb4f95-d537-5ed7-9456-f20c2b53f563"}, {"artist": "Alan Pollack", "availability": ["paper"], "borderColor": "black", "colorIdentity": [], "colors": [], "convertedManaCost": 2.0, "edhrecRank": 371, "finishes": ["nonfoil"], "flavorText": "It bends not light but mana, aligning its chaotic currents into the sharp angles necessary for the mystic's purposes.", "foreignData": [], "frameVersion": "2015", "hasFoil": false, "hasNonFoil": true, "identifiers": {"cardKingdomId": "215468", "cardsphereId": "51848", "mcmId": "313689", "mcmMetaId": "8481", "mtgjsonV4Id": "467b7f4a-577c-5f9d-ab83-9d5d6193aa39", "multiverseId": "439385", "scryfallId": "eb3da3e2-fdef-4ff4-bef6-85e57dc4c56d", "scryfallIllustrationId": "497d5788-8b5a-4204-bbaa-1b6a63d482cf", "scryfallOracleId": "e3056f28-868b-401a-a528-7528d639bdeb", "tcgplayerProductId": "152503"}, "isReprint": true, "isStarter": true, "language": "English", "layout": "normal", "legalities": {"commander": "Legal", "duel": "Legal", "legacy": "Legal", "modern": "Legal", "pauper": "Legal", "paupercommander": "Legal", "penny": "Legal", "vintage": "Legal"}, "manaCost": "{2}", "manaValue": 2.0, "name": "Prismatic Lens", "number": "43", "printings": ["C18", "E02", "EMA", "TSP", "TSR", "UMA"], "purchaseUrls": {"cardKingdom": "https://mtgjson.com/links/fabe5797f376c8dd", "cardmarket": "https://mtgjson.com/links/f72d2beea4503914", "tcgplayer": "https://mtgjson.com/links/90fd188781a676d0"}, "rarity": "uncommon", "rulings": [], "setCode": "E02", "subtypes": [], "supertypes": [], "text": "{T}: Add {C}.\n{1}, {T}: Add one mana of any color.", "type": "Artifact", "types": ["Artifact"], "uuid": "395637d1-573e-59e5-8134-18e08b941f11"}, {"artist": "Brad Rigney", "availability": ["paper"], "borderColor": "black", "colorIdentity": [], "colors": [], "convertedManaCost": 4.0, "edhrecRank": 2069, "finishes": ["nonfoil"], "flavorText": "Those who examine the amulet too closely have been known to become part of its ornate carvings.", "foreignData": [], "frameVersion": "2015", "hasFoil": false, "hasNonFoil": true, "identifiers": {"cardKingdomId": "215469", "cardsphereId": "51850", "mcmId": "311230", "mcmMetaId": "4433", "mtgjsonV4Id": "9bff21e0-5e26-5e56-ad5a-61102fb0f906", "multiverseId": "439386", "scryfallId": "ab053d73-31a9-4e70-9310-4e250862ad6b", "scryfallIllustrationId": "f7631a5c-827f-483e-9e97-6caac577e36d", "scryfallOracleId": "e1096a98-a631-43f5-97d8-325001d608b3", "tcgplayerProductId": "149297"}, "isReprint": true, "isStarter": true, "language": "English", "layout": "normal", "legalities": {"commander": "Legal", "duel": "Legal", "legacy": "Legal", "modern": "Legal", "penny": "Legal", "premodern": "Legal", "vintage": "Legal"}, "manaCost": "{4}", "manaValue": 4.0, "name": "Quicksilver Amulet", "number": "44", "printings": ["E02", "M12", "ULG"], "purchaseUrls": {"cardKingdom": "https://mtgjson.com/links/47d949a1645a868e", "cardmarket": "https://mtgjson.com/links/0e5054530e727509", "tcgplayer": "https://mtgjson.com/links/8b939053e5dc7c41"}, "rarity": "rare", "rulings": [{"date": "2004-10-04", "text": "Any ‘X’ in the creature’s cost is treated as zero."}, {"date": "2007-05-01", "text": "Putting the card onto the battlefield is optional. When the ability resolves, you can choose not to."}, {"date": "2011-09-22", "text": "You don’t pay any costs of that creature card, including additional costs."}], "securityStamp": "oval", "setCode": "E02", "subtypes": [], "supertypes": [], "text": "{4}, {T}: You may put a creature card from your hand onto the battlefield.", "type": "Artifact", "types": ["Artifact"], "uuid": "a0d14384-1d87-58a7-8987-96dcf80a867a"}, {"artist": "Volkan Baǵa", "availability": ["paper"], "borderColor": "black", "colorIdentity": ["B", "R", "U"], "colors": [], "convertedManaCost": 0.0, "edhrecRank": 432, "finishes": ["nonfoil"], "flavorText": "It's said the spirits of the drowned dead hang their lights from the shattered figureheads.", "foreignData": [], "frameVersion": "2015", "hasFoil": false, "hasNonFoil": true, "identifiers": {"cardKingdomId": "215452", "cardsphereId": "51817", "mcmId": "312824", "mcmMetaId": "10086", "mtgjsonV4Id": "6b77ba53-25c0-5451-b2da-74fda15cd882", "multiverseId": "439387", "scryfallId": "478bc89c-ad53-41e8-9304-60837914c590", "scryfallIllustrationId": "94195053-4990-4b04-87de-d2f7699c528f", "scryfallOracleId": "7190debf-708b-4f41-9714-0d0a5bd5a74e", "tcgplayerProductId": "151658"}, "isReprint": true, "isStarter": true, "language": "English", "layout": "normal", "legalities": {"commander": "Legal", "duel": "Legal", "legacy": "Legal", "modern": "Legal", "penny": "Legal", "vintage": "Legal"}, "manaValue": 0.0, "name": "Crumbling Necropolis", "number": "45", "printings": ["ALA", "C13", "C16", "C17", "DDH", "E01", "E02", "MB1", "MM3", "NCC", "PZ1"], "purchaseUrls": {"cardKingdom": "https://mtgjson.com/links/301f28962ce01390", "cardmarket": "https://mtgjson.com/links/177d0f7c9b725de8", "tcgplayer": "https://mtgjson.com/links/41add3eda64018ba"}, "rarity": "uncommon", "rulings": [], "setCode": "E02", "subtypes": [], "supertypes": [], "text": "Crumbling Necropolis enters the battlefield tapped.\n{T}: Add {U}, {B}, or {R}.", "type": "Land", "types": ["Land"], "uuid": "5bd4f0f6-653c-505d-b73c-3860f88cec25"}, {"artist": "Rob Alexander", "availability": ["paper"], "borderColor": "black", "colorIdentity": ["G", "R", "W"], "colors": [], "convertedManaCost": 0.0, "edhrecRank": 356, "finishes": ["nonfoil"], "flavorText": "The people of the Sun Empire worship the sun in three aspects: the creative sun, the sustaining sun, and the destructive sun.", "foreignData": [], "frameVersion": "2015", "hasFoil": false, "hasNonFoil": true, "identifiers": {"cardKingdomId": "215460", "cardsphereId": "51833", "mcmId": "312826", "mcmMetaId": "10261", "mtgjsonV4Id": "276c520a-2c2a-53ea-b276-bf5c43d89a01", "multiverseId": "439388", "scryfallId": "0a3c12f1-5988-49a4-969a-cc7f678468d8", "scryfallIllustrationId": "0d9777af-ba2a-4a49-8231-9fa5c806f816", "scryfallOracleId": "2e69537c-c898-4e13-a72d-ce3957a90304", "tcgplayerProductId": "151660"}, "isReprint": true, "isStarter": true, "language": "English", "layout": "normal", "legalities": {"commander": "Legal", "duel": "Legal", "legacy": "Legal", "modern": "Legal", "penny": "Legal", "vintage": "Legal"}, "manaValue": 0.0, "name": "Jungle Shrine", "number": "46", "printings": ["ALA", "C13", "C16", "C17", "C19", "DDH", "E02", "MB1", "MM3", "NCC", "PZ1", "ZNC"], "purchaseUrls": {"cardKingdom": "https://mtgjson.com/links/d02c3b700a933087", "cardmarket": "https://mtgjson.com/links/56b545ad2bfb5731", "tcgplayer": "https://mtgjson.com/links/212900cba25d7b84"}, "rarity": "uncommon", "rulings": [], "setCode": "E02", "subtypes": [], "supertypes": [], "text": "Jungle Shrine enters the battlefield tapped.\n{T}: Add {R}, {G}, or {W}.", "type": "Land", "types": ["Land"], "uuid": "cbbfeae4-1e7e-533d-be5d-ac4438e52018"}, {"artist": "Don Hazeltine", "availability": ["paper"], "borderColor": "black", "colorIdentity": ["B", "W"], "colors": [], "convertedManaCost": 0.0, "edhrecRank": 602, "finishes": ["nonfoil"], "foreignData": [], "frameVersion": "2015", "hasFoil": false, "hasNonFoil": true, "identifiers": {"cardKingdomId": "215475", "cardsphereId": "51838", "mcmId": "313690", "mcmMetaId": "5785", "mtgjsonV4Id": "705d75e3-6092-53d0-bc3c-6f9b18554385", "multiverseId": "439389", "scryfallId": "cb4125db-b44f-49b8-b74d-e131844e5510", "scryfallIllustrationId": "2e6315de-3f17-4b9d-812a-1cfc96fe26fb", "scryfallOracleId": "439de49b-1091-4688-9ffb-80a025df31c2", "tcgplayerProductId": "152504"}, "isReprint": true, "isStarter": true, "language": "English", "layout": "normal", "legalities": {"commander": "Legal", "duel": "Legal", "legacy": "Legal", "premodern": "Legal", "vintage": "Legal"}, "manaValue": 0.0, "name": "Tainted Field", "number": "47", "printings": ["C15", "C21", "DDK", "E02", "TOR"], "purchaseUrls": {"cardKingdom": "https://mtgjson.com/links/fbbafed60042b1e9", "cardmarket": "https://mtgjson.com/links/57a3d3dea3c59b89", "tcgplayer": "https://mtgjson.com/links/6f3fabf183894c3f"}, "rarity": "uncommon", "rulings": [], "setCode": "E02", "subtypes": [], "supertypes": [], "text": "{T}: Add {C}.\n{T}: Add {W} or {B}. Activate only if you control a Swamp.", "type": "Land", "types": ["Land"], "uuid": "b16e6360-a774-5d28-86e5-381e65f77955"}], "cardsphereSetId": 974, "code": "E02", "isFoilOnly": false, "isNonFoilOnly": true, "isOnlineOnly": false, "keyruneCode": "E02", "mcmId": 1830, "mcmName": "Explorers of Ixalan", "name": "Explorers of Ixalan", "releaseDate": "2017-11-24", "sealedProduct": [{"identifiers": {"tcgplayerProductId": "147006"}, "name": "Explorers of Ixalan Box Set", "purchaseUrls": {"tcgplayer": "https://mtgjson.com/links/b9f1d7cb4285df28"}, "releaseDate": "2017-11-24", "uuid": "074d8c28-f970-5150-bdaa-37f75ec88bfe"}], "tcgplayerGroupId": 2077, "tokens": [{"artist": "Joseph Meehan", "availability": ["paper"], "borderColor": "black", "colorIdentity": ["G"], "colors": ["G"], "finishes": ["nonfoil"], "frameVersion": "2015", "hasFoil": false, "hasNonFoil": true, "identifiers": {"mtgjsonV4Id": "88d4c282-836e-5116-84ac-8663b4f0aa6d", "scryfallId": "eac3b55f-ebf8-413e-b987-3b92e89ca7c5", "scryfallIllustrationId": "328aab39-17fb-48ef-a40e-b692d07e4d5e", "scryfallOracleId": "2b7dba01-b08c-4218-9fc1-da55559d9155"}, "isReprint": true, "language": "English", "layout": "token", "name": "Saproling", "number": "T1", "power": "1", "reverseRelated": ["Artifact Mutation", "Aura Mutation", "Bramble Elemental", "Deathbloom Thallid", "Deathspore Thallid", "Dreampod Druid", "Druidic Satchel", "Fists of Ironwood", "Fungal Infection", "Fungal Plots", "Fungal Rebirth", "Fungal Sprouting", "Ghave, Guru of Spores", "Golgari Germination", "Jade Mage", "Jund Battlemage", "Korozda Guildmage", "Last Stand", "Morbid Bloom", "Mycologist", "Mycoloth", "Necrogenesis", "Overgrown Armasaur", "Pallid Mycoderm", "Pollenbright Wings", "Rith's Charm", "Rith, the Awakener", "Saproling Migration", "Scatter the Seeds", "Selesnya Evangel", "Selesnya Guildmage", "Slimefoot, the Stowaway", "Spore Burst", "Sporemound", "Sporesower Thallid", "Spore Swarm", "Sporeweb Weaver", "Sporoloth Ancient", "Sprouting Thrinax", "Sprout Swarm", "Tana, the Bloodsower", "Tendershoot Dryad", "Thallid", "Thallid Germinator", "Thallid Shell-Dweller", "Thelonite Hermit", "Tukatongue Thallid", "Ulasht, the Hate Seed", "Utopia Mycon", "Verdant Embrace", "Verdant Force", "Verdeloth the Ancient", "Vitu-Ghazi, the City-Tree", "Yavimaya Sapherd", "Grand Ossuary", "Verdant Force"], "setCode": "E02", "subtypes": ["Saproling"], "supertypes": [], "toughness": "1", "type": "Token Creature — Saproling", "types": ["Token", "Creature"], "uuid": "bd24a8d9-6607-5732-9300-eceb3d50dbcc"}], "totalSetSize": 47, "translations": {}, "type": "box"}}