{"meta": {"date": "2022-05-26", "version": "5.2.0+20220526"}, "data": {"baseSetSize": 12, "block": "Friday Night Magic", "cards": [{"artist": "Janet Aulisio", "availability": ["paper"], "borderColor": "black", "colorIdentity": ["W"], "colors": ["W"], "convertedManaCost": 2.0, "edhrecRank": 13227, "finishes": ["foil"], "flavorText": "\"Fire is the test of gold; adversity, of strong men.\"\n—Seneca, \"On Providence,\" trans. Basore", "foreignData": [], "frameVersion": "1997", "hasFoil": true, "hasNonFoil": false, "identifiers": {"cardKingdomFoilId": "117208", "cardsphereId": "17473", "mcmId": "15793", "mtgjsonV4Id": "b38f9a35-88b4-5a97-b65c-c87393a0fc25", "scryfallId": "360aed08-19b0-4506-9efb-5b540c29b0e6", "scryfallIllustrationId": "4b48b1b1-1590-44e9-ac9f-9a86cfadc1af", "scryfallOracleId": "f8c9cb9f-3a37-4004-9cde-f51ca5579e1a", "tcgplayerProductId": "38158"}, "isPromo": true, "isReprint": true, "isStarter": true, "keywords": ["Protection", "Shadow"], "language": "English", "layout": "normal", "legalities": {"commander": "Legal", "duel": "Legal", "legacy": "Legal", "modern": "Legal", "paupercommander": "Restricted", "penny": "Legal", "premodern": "Legal", "vintage": "Legal"}, "manaCost": "{W}{W}", "manaValue": 2.0, "name": "Soltari Priest", "number": "1", "power": "2", "printings": ["F02", "PJAS", "PJJT", "PJSE", "PRM", "PSUS", "TMP", "TPR", "TSB", "WC98"], "promoTypes": ["tourney", "fnm"], "purchaseUrls": {"cardKingdomFoil": "https://mtgjson.com/links/2d9dbba361eb5ac3", "tcgplayer": "https://mtgjson.com/links/e8aa86bc9d6ec731"}, "rarity": "rare", "rulings": [{"date": "2021-03-19", "text": "Once a creature has been blocked, that creature remains blocked and will deal and be dealt combat damage even if it gains or loses shadow or if the blocking creature gains or loses shadow."}, {"date": "2021-03-19", "text": "If an attacking creature has multiple evasion abilities, such as shadow and flying, a creature can block it only if that creature satisfies all of the appropriate evasion abilities."}, {"date": "2021-03-19", "text": "Multiple instances of shadow on the same creature are redundant."}], "setCode": "F02", "subtypes": ["Soltari", "Cleric"], "supertypes": [], "text": "Protection from red\nShadow (This creature can block or be blocked by only creatures with shadow.)", "toughness": "1", "type": "Creature — Soltari Cleric", "types": ["Creature"], "uuid": "ba45f0ce-5889-5012-aa88-1f165753b345"}, {"artist": "Paolo Parente", "availability": ["paper"], "borderColor": "black", "colorIdentity": ["G"], "colors": ["G"], "convertedManaCost": 2.0, "edhrecRank": 19101, "finishes": ["foil"], "foreignData": [], "frameVersion": "1997", "hasFoil": true, "hasNonFoil": false, "identifiers": {"cardKingdomFoilId": "117196", "cardsphereId": "17315", "mcmId": "15794", "mtgjsonV4Id": "b1457f35-d74b-56f2-ae8c-924183081175", "scryfallId": "95daade6-f252-4b17-851c-221327710866", "scryfallIllustrationId": "86654333-8bd2-4302-903a-7a2489a3b882", "scryfallOracleId": "02079e18-ac14-4255-95c4-741eb76c4799", "tcgplayerProductId": "38059"}, "isPromo": true, "isReprint": true, "isStarter": true, "keywords": ["Echo"], "language": "English", "layout": "normal", "legalities": {"commander": "Legal", "duel": "Legal", "legacy": "Legal", "paupercommander": "Restricted", "penny": "Legal", "premodern": "Legal", "vintage": "Legal"}, "manaCost": "{1}{G}", "manaValue": 2.0, "name": "Albino Troll", "number": "2", "power": "3", "printings": ["DDD", "F02", "GVL", "PRM", "USG", "WC99"], "promoTypes": ["tourney", "fnm"], "purchaseUrls": {"cardKingdomFoil": "https://mtgjson.com/links/97b7efe2e435050e", "tcgplayer": "https://mtgjson.com/links/4640e86a3946d8a8"}, "rarity": "rare", "rulings": [], "setCode": "F02", "subtypes": ["Troll"], "supertypes": [], "text": "Echo {1}{G} (At the beginning of your upkeep, if this came under your control since the beginning of your last upkeep, sacrifice it unless you pay its echo cost.)\n{1}{G}: Regenerate Albino Troll.", "toughness": "3", "type": "Creature — Troll", "types": ["Creature"], "uuid": "c499b660-f8c9-59e8-82a6-7922563b180e"}, {"artist": "Richard Kane Ferguson", "availability": ["paper"], "borderColor": "black", "colorIdentity": ["U"], "colors": ["U"], "convertedManaCost": 3.0, "edhrecRank": 2561, "finishes": ["foil"], "foreignData": [], "frameVersion": "1997", "hasFoil": true, "hasNonFoil": false, "identifiers": {"cardKingdomFoilId": "117198", "cardsphereId": "17362", "mcmId": "15795", "mtgjsonV4Id": "8b5af0b0-2b0c-5399-ab0a-e53c2c9df173", "scryfallId": "1c707e5b-c510-4aaa-a6f1-4ad244087ab3", "scryfallIllustrationId": "aec0617f-8b74-4553-bac2-21d096d4f1c4", "scryfallOracleId": "4b2e9aa9-6f91-41de-84b6-e9a89be06a53", "tcgplayerProductId": "38089"}, "isPromo": true, "isReprint": true, "isStarter": true, "language": "English", "layout": "normal", "legalities": {"alchemy": "Legal", "brawl": "Legal", "commander": "Legal", "duel": "Legal", "explorer": "Legal", "future": "Legal", "gladiator": "Legal", "historic": "Legal", "historicbrawl": "Legal", "legacy": "Legal", "modern": "Legal", "penny": "Legal", "pioneer": "Legal", "premodern": "Legal", "standard": "Legal", "vintage": "Legal"}, "manaCost": "{1}{U}{U}", "manaValue": 3.0, "name": "Dissipate", "number": "3", "printings": ["DBL", "DDJ", "F02", "ISD", "M15", "MID", "MIR", "PRM", "WC97", "WC98"], "promoTypes": ["tourney", "fnm"], "purchaseUrls": {"cardKingdomFoil": "https://mtgjson.com/links/372a7b6ca4fad3f7", "tcgplayer": "https://mtgjson.com/links/286c47e007e8207e"}, "rarity": "rare", "rulings": [{"date": "2004-10-04", "text": "The card does not go to the graveyard before being exiled."}, {"date": "2004-10-04", "text": "If the spell is not countered (because the spell it targets can't be countered), then it does not get exiled."}], "setCode": "F02", "subtypes": [], "supertypes": [], "text": "Counter target spell. If that spell is countered this way, exile it instead of putting it into its owner's graveyard.", "type": "Instant", "types": ["Instant"], "uuid": "2a193635-c112-523d-bfb6-039b4d3f0e5d"}, {"artist": "Jeff A. Menges", "availability": ["paper"], "borderColor": "black", "colorIdentity": ["B"], "colors": ["B"], "convertedManaCost": 2.0, "edhrecRank": 10526, "finishes": ["foil"], "flavorText": "\"The chill, to him who breathed it, drew / Down with his blood, till all his heart was cold.\"\n—Alfred, Lord Tennyson, *Idyls of the King*", "foreignData": [], "frameVersion": "1997", "hasFoil": true, "hasNonFoil": false, "identifiers": {"cardKingdomFoilId": "122330", "cardsphereId": "17330", "mcmId": "15796", "mtgjsonV4Id": "ca9c5848-efbd-59ed-bd8c-d79c66debf01", "scryfallId": "d49d78b6-2bc7-4f1f-9448-c26f9ce00272", "scryfallIllustrationId": "1d2452e5-ca1f-4c39-8977-b816d334dd21", "scryfallOracleId": "9456c5b6-946d-403a-8ed0-dff9f921d98c", "tcgplayerProductId": "38069"}, "isPromo": true, "isReprint": true, "isStarter": true, "keywords": ["First strike", "Protection"], "language": "English", "layout": "normal", "legalities": {"commander": "Legal", "duel": "Legal", "legacy": "Legal", "modern": "Legal", "paupercommander": "Restricted", "penny": "Legal", "premodern": "Legal", "vintage": "Legal"}, "manaCost": "{B}{B}", "manaValue": 2.0, "name": "Black Knight", "number": "4", "power": "2", "printings": ["2ED", "3ED", "4BB", "4ED", "5ED", "ATH", "CED", "CEI", "F02", "FBB", "LEA", "LEB", "M10", "M11", "MB1", "ME1", "ME4", "PRM", "SUM", "WC97"], "promoTypes": ["tourney", "fnm"], "purchaseUrls": {"cardKingdomFoil": "https://mtgjson.com/links/254b9666e279f907", "tcgplayer": "https://mtgjson.com/links/078b9e81d623c5be"}, "rarity": "rare", "rulings": [], "setCode": "F02", "subtypes": ["Human", "Knight"], "supertypes": [], "text": "First strike (This creature deals combat damage before creatures without first strike.)\nProtection from white (This creature can't be blocked, targeted, dealt damage, or enchanted by anything white.)", "toughness": "2", "type": "Creature — Human Knight", "types": ["Creature"], "uuid": "1b41c021-30e0-5f7d-be7e-dced1dd8b8af"}, {"artist": "Heather Hudson", "availability": ["paper"], "borderColor": "black", "colorIdentity": ["G"], "colors": ["G"], "convertedManaCost": 2.0, "edhrecRank": 1465, "finishes": ["foil"], "flavorText": "\"Everything in Nature contains all the powers of Nature.\"\n—Ralph Waldo Emerson,\n\"Compensation\"", "foreignData": [], "frameVersion": "1997", "hasFoil": true, "hasNonFoil": false, "identifiers": {"cardKingdomFoilId": "117197", "cardsphereId": "17497", "mcmId": "15797", "mtgjsonV4Id": "b20b5d58-571a-501e-b547-a1396380fa61", "scryfallId": "698375da-df97-47d3-a525-0a778427e054", "scryfallIllustrationId": "a4709cb1-a44b-45ba-9914-1a6c60a8dbdb", "scryfallOracleId": "ef4d5fb3-70a3-433d-a9d3-18b2beb8d79f", "tcgplayerProductId": "38171"}, "isPromo": true, "isReprint": true, "isStarter": true, "keywords": ["Defender"], "language": "English", "layout": "normal", "legalities": {"commander": "Legal", "duel": "Legal", "gladiator": "Legal", "historic": "Legal", "historicbrawl": "Legal", "legacy": "Legal", "modern": "Legal", "paupercommander": "Restricted", "premodern": "Legal", "vintage": "Legal"}, "manaCost": "{1}{G}", "manaValue": 2.0, "name": "Wall of Blossoms", "number": "5", "power": "0", "printings": ["C15", "C16", "CMA", "F02", "JMP", "MH1", "PC2", "PCA", "PRM", "PZ1", "STH", "TPR", "V13", "WC98"], "promoTypes": ["tourney", "fnm"], "purchaseUrls": {"cardKingdomFoil": "https://mtgjson.com/links/4885bfd5c77ebe2c", "tcgplayer": "https://mtgjson.com/links/ebd1252da2879603"}, "rarity": "rare", "rulings": [], "setCode": "F02", "subtypes": ["Plant", "Wall"], "supertypes": [], "text": "Defender\nWhen Wall of Blossoms enters the battlefield, draw a card.", "toughness": "4", "type": "Creature — Plant Wall", "types": ["Creature"], "uuid": "a4684813-3c61-5c98-8411-a70421be31f8"}, {"artist": "Jeff Reitz", "availability": ["paper"], "borderColor": "black", "colorIdentity": ["R"], "colors": ["R"], "convertedManaCost": 2.0, "edhrecRank": 11561, "finishes": ["foil"], "flavorText": "\"One pain is lessened by another's anguish.\"\n—William Shakespeare, *Romeo and Juliet*", "foreignData": [], "frameVersion": "1997", "hasFoil": true, "hasNonFoil": false, "identifiers": {"cardKingdomFoilId": "122333", "cardsphereId": "17382", "mcmId": "15798", "mtgjsonV4Id": "5e6e4b8e-ec8c-50dd-8e31-a98b59c15527", "scryfallId": "efff4a1c-ad9f-4afd-9800-3cf63e9ee3ba", "scryfallIllustrationId": "62441e67-8dc6-45dc-a8a2-3b43052d0580", "scryfallOracleId": "0e5a5cee-d068-42cf-bf58-8e1360720be0", "tcgplayerProductId": "38100"}, "isPromo": true, "isReprint": true, "isStarter": true, "language": "English", "layout": "normal", "legalities": {"commander": "Legal", "duel": "Legal", "legacy": "Legal", "pauper": "Legal", "paupercommander": "Legal", "premodern": "Legal", "vintage": "Legal"}, "manaCost": "{1}{R}", "manaValue": 2.0, "name": "Fireslinger", "number": "6", "power": "1", "printings": ["DD2", "F02", "JVC", "PRM", "TMP", "WC99"], "promoTypes": ["tourney", "fnm"], "purchaseUrls": {"cardKingdomFoil": "https://mtgjson.com/links/c06408a8b1f5a6dc", "tcgplayer": "https://mtgjson.com/links/0aed83321b5075fa"}, "rarity": "rare", "rulings": [], "setCode": "F02", "subtypes": ["Human", "Wizard"], "supertypes": [], "text": "{T}: Fireslinger deals 1 damage to any target and 1 damage to you.", "toughness": "1", "type": "Creature — Human Wizard", "types": ["Creature"], "uuid": "faa63506-fca5-545c-8865-94929c286147"}, {"artist": "Douglas Shuler", "availability": ["paper"], "borderColor": "black", "colorIdentity": ["B"], "colors": ["B"], "convertedManaCost": 2.0, "edhrecRank": 9911, "finishes": ["foil"], "foreignData": [], "frameVersion": "1997", "hasFoil": true, "hasNonFoil": false, "identifiers": {"cardKingdomFoilId": "117239", "cardsphereId": "17364", "mcmId": "15799", "mtgjsonV4Id": "bb969fb8-a479-57e9-bfbe-99ff1b37aa80", "scryfallId": "40f1117c-5bd6-42de-b8df-366c8a4b6d06", "scryfallIllustrationId": "7dffecb9-a7a1-4205-8541-cfc0daa9a88b", "scryfallOracleId": "e75ba79f-4cc2-4ede-8641-559ab94e7e36", "tcgplayerProductId": "38090"}, "isPromo": true, "isReprint": true, "isStarter": true, "language": "English", "layout": "normal", "legalities": {"commander": "Legal", "duel": "Legal", "legacy": "Legal", "pauper": "Legal", "paupercommander": "Legal", "premodern": "Legal", "vintage": "Legal"}, "manaCost": "{X}{1}{B}", "manaValue": 2.0, "name": "Drain Life", "number": "7", "printings": ["2ED", "3ED", "4BB", "4ED", "5ED", "BTD", "CED", "CEI", "F02", "FBB", "LEA", "LEB", "MIR", "PRM", "PTC", "SUM"], "promoTypes": ["tourney", "fnm"], "purchaseUrls": {"cardKingdomFoil": "https://mtgjson.com/links/3770755edc2eb5c1", "tcgplayer": "https://mtgjson.com/links/db915e90b9de1dc6"}, "rarity": "rare", "rulings": [{"date": "2004-10-04", "text": "Cost reducers can be used to reduce the X part of the mana cost."}, {"date": "2004-10-04", "text": "You may gain up to the total toughness of the creature even if it was already damaged."}], "setCode": "F02", "subtypes": [], "supertypes": [], "text": "Spend only black mana on X.\nDrain Life deals X damage to any target. You gain life equal to the damage dealt, but not more life than the player's life total before the damage was dealt, the planeswalker's loyalty before the damage was dealt, or the creature's toughness.", "type": "Sorcery", "types": ["Sorcery"], "uuid": "8f51dcca-7220-58be-a9a7-aa74e92e3d91"}, {"artist": "D. Alexander Gregory", "availability": ["paper"], "borderColor": "black", "colorIdentity": ["W"], "colors": ["W"], "convertedManaCost": 3.0, "edhrecRank": 676, "finishes": ["foil"], "foreignData": [], "frameVersion": "1997", "hasFoil": true, "hasNonFoil": false, "identifiers": {"cardKingdomFoilId": "117202", "cardsphereId": "17323", "mcmId": "15800", "mtgjsonV4Id": "0170976f-c819-5070-b5f1-cee261352e46", "scryfallId": "1c325b30-c769-41e0-839b-2407e3273bfd", "scryfallIllustrationId": "f6bed459-deff-4ccf-a8bf-82ecb2ccf6be", "scryfallOracleId": "e7faf8eb-e829-4109-8dfe-42865a23ba86", "tcgplayerProductId": "38066"}, "isPromo": true, "isReprint": true, "isStarter": true, "language": "English", "layout": "normal", "legalities": {"commander": "Legal", "duel": "Legal", "legacy": "Legal", "modern": "Legal", "premodern": "Legal", "vintage": "Legal"}, "manaCost": "{1}{W}{W}", "manaValue": 3.0, "name": "Aura of Silence", "number": "8", "printings": ["10E", "C15", "F02", "MB1", "PRM", "TD0", "WC98", "WTH"], "promoTypes": ["tourney", "fnm"], "purchaseUrls": {"cardKingdomFoil": "https://mtgjson.com/links/a345b421ab7bb308", "tcgplayer": "https://mtgjson.com/links/1a285004efa7f307"}, "rarity": "rare", "rulings": [{"date": "2004-10-04", "text": "Aura of Silence affects all opponents in a multiplayer game."}], "setCode": "F02", "subtypes": [], "supertypes": [], "text": "Artifact and enchantment spells your opponents cast cost {2} more to cast.\nSacrifice Aura of Silence: Destroy target artifact or enchantment.", "type": "Enchantment", "types": ["Enchantment"], "uuid": "d7d5e76f-37b2-5b78-a9bd-529a95ef3a74"}, {"artist": "Scott Kirschner", "availability": ["paper"], "borderColor": "black", "colorIdentity": ["U"], "colors": ["U"], "convertedManaCost": 3.0, "edhrecRank": 3576, "finishes": ["foil"], "foreignData": [], "frameVersion": "1997", "hasFoil": true, "hasNonFoil": false, "identifiers": {"cardKingdomFoilId": "117244", "cardsphereId": "17385", "mcmId": "15801", "mtgjsonV4Id": "a85f1092-11a1-50b7-8eb6-c4573449942d", "scryfallId": "267738fd-234f-47a4-bc3c-35872b7e2cb0", "scryfallIllustrationId": "e42cf4ba-0c08-4e2e-bfac-922ce7a26549", "scryfallOracleId": "6e26a525-2584-490d-b106-621c1a30e1fd", "tcgplayerProductId": "38102"}, "isPromo": true, "isReprint": true, "isStarter": true, "keywords": ["Buyback"], "language": "English", "layout": "normal", "legalities": {"commander": "Legal", "duel": "Legal", "legacy": "Legal", "penny": "Legal", "premodern": "Legal", "vintage": "Legal"}, "manaCost": "{1}{U}{U}", "manaValue": 3.0, "name": "Forbid", "number": "9", "printings": ["EXO", "F02", "MP2", "PRM", "TPR", "WC98"], "promoTypes": ["tourney", "fnm"], "purchaseUrls": {"cardKingdomFoil": "https://mtgjson.com/links/437fee9ed17e4611", "tcgplayer": "https://mtgjson.com/links/52629b39b01253c9"}, "rarity": "rare", "rulings": [], "setCode": "F02", "subtypes": [], "supertypes": [], "text": "Buyback—Discard two cards. (You may discard two cards in addition to any other costs as you cast this spell. If you do, put this card into your hand as it resolves.)\nCounter target spell.", "type": "Instant", "types": ["Instant"], "uuid": "2189e10b-d9fe-54ad-83c1-31b033a830f9"}, {"artist": "Heather Hudson", "availability": ["paper"], "borderColor": "black", "colorIdentity": ["G"], "colors": ["G"], "convertedManaCost": 3.0, "edhrecRank": 4773, "finishes": ["foil"], "foreignData": [], "frameVersion": "1997", "hasFoil": true, "hasNonFoil": false, "identifiers": {"cardKingdomFoilId": "117207", "cardsphereId": "17477", "mcmId": "15802", "mtgjsonV4Id": "e7b63fdc-80e1-52e2-a70a-81590d4651f9", "scryfallId": "d599d209-d6b8-4ed6-81c6-b65f29048a00", "scryfallIllustrationId": "c0a120c7-1f42-4b4c-a69d-a3b4c0b55d47", "scryfallOracleId": "5b147eab-39dd-4c2a-8f59-d778037788aa", "tcgplayerProductId": "38160"}, "isPromo": true, "isReprint": true, "isStarter": true, "language": "English", "layout": "normal", "legalities": {"commander": "Legal", "duel": "Legal", "legacy": "Legal", "modern": "Legal", "paupercommander": "Restricted", "premodern": "Legal", "vintage": "Legal"}, "manaCost": "{1}{G}{G}", "manaValue": 3.0, "name": "Spike Feeder", "number": "10", "power": "0", "printings": ["BRB", "CMD", "F02", "FMB1", "PRM", "STH", "TPR", "TSB", "WC98"], "promoTypes": ["tourney", "fnm"], "purchaseUrls": {"cardKingdomFoil": "https://mtgjson.com/links/85831ff1392d305e", "tcgplayer": "https://mtgjson.com/links/21552ea74f7e94d0"}, "rarity": "rare", "rulings": [], "setCode": "F02", "subtypes": ["Spike"], "supertypes": [], "text": "Spike Feeder enters the battlefield with two +1/+1 counters on it.\n{2}, Remove a +1/+1 counter from Spike Feeder: Put a +1/+1 counter on target creature.\nRemove a +1/+1 counter from Spike Feeder: You gain 2 life.", "toughness": "0", "type": "Creature — Spike", "types": ["Creature"], "uuid": "66daf367-a76e-5e68-ae17-0f98b527a4c0"}, {"artist": "Brom", "availability": ["paper"], "borderColor": "black", "colorIdentity": ["R"], "colors": ["R"], "convertedManaCost": 1.0, "edhrecRank": 5570, "finishes": ["foil"], "flavorText": "\"As if his chest had been a mortar, he burst his hot heart's shell upon it.\"\n—Herman Melville, *Moby Dick*", "foreignData": [], "frameVersion": "1997", "hasFoil": true, "hasNonFoil": false, "identifiers": {"cardKingdomFoilId": "122326", "cardsphereId": "17430", "mcmId": "15803", "mtgjsonV4Id": "e9147e03-b3c5-5ea1-8254-9f2f961d4e96", "scryfallId": "f1a2c84b-53f2-48fd-9602-301b18e2813d", "scryfallIllustrationId": "31c63073-0141-40ae-9756-73e700c2ab94", "scryfallOracleId": "7efd5d62-6da2-428a-98e3-5b842f668656", "tcgplayerProductId": "38130"}, "isPromo": true, "isReprint": true, "isStarter": true, "language": "English", "layout": "normal", "legalities": {"commander": "Legal", "duel": "Legal", "legacy": "Legal", "modern": "Legal", "pauper": "Legal", "paupercommander": "Legal", "penny": "Legal", "premodern": "Legal", "vintage": "Legal"}, "manaCost": "{R}", "manaValue": 1.0, "name": "Mogg Fanatic", "number": "11", "power": "1", "printings": ["10E", "ATH", "DD1", "EMA", "EVG", "F02", "MB1", "PD2", "PG07", "PRM", "TMP", "TPR", "WC98", "WC99"], "promoTypes": ["tourney", "fnm"], "purchaseUrls": {"cardKingdomFoil": "https://mtgjson.com/links/64e2f6afd6b3a12f", "tcgplayer": "https://mtgjson.com/links/71023f07a2dce52e"}, "rarity": "rare", "rulings": [{"date": "2016-06-08", "text": "Once Mogg Fanatic has dealt and been dealt combat damage, it’s too late to activate its ability before it’s destroyed."}], "setCode": "F02", "subtypes": ["Goblin"], "supertypes": [], "text": "Sacrifice Mogg Fanatic: It deals 1 damage to any target.", "toughness": "1", "type": "Creature — Goblin", "types": ["Creature"], "uuid": "1968b387-9a83-5941-bbf4-3b058a2e2d42"}, {"artist": "Daniel Gelon", "availability": ["paper"], "borderColor": "black", "colorIdentity": ["W"], "colors": ["W"], "convertedManaCost": 2.0, "edhrecRank": 10923, "finishes": ["foil"], "flavorText": "\"When good men die their goodness does not perish, / But lives though they are gone.\"\n—Euripides,\n*Termenidae*, trans. Morgan", "foreignData": [], "frameVersion": "1997", "hasFoil": true, "hasNonFoil": false, "identifiers": {"cardKingdomFoilId": "117185", "cardsphereId": "17503", "mcmId": "15804", "mtgjsonV4Id": "4f402035-85c4-5393-9b4f-bebc1bc67ceb", "scryfallId": "fde7e02b-7025-42d1-85d4-bd03f71c6c27", "scryfallIllustrationId": "744ebeb0-046c-4a0f-be42-01314421dec5", "scryfallOracleId": "ddb021df-ae4a-4ac1-8353-d0b375761714", "tcgplayerProductId": "38175"}, "isPromo": true, "isReprint": true, "isStarter": true, "keywords": ["First strike", "Protection"], "language": "English", "layout": "normal", "legalities": {"commander": "Legal", "duel": "Legal", "legacy": "Legal", "modern": "Legal", "paupercommander": "Restricted", "penny": "Legal", "premodern": "Legal", "vintage": "Legal"}, "manaCost": "{W}{W}", "manaValue": 2.0, "name": "White Knight", "number": "12", "power": "2", "printings": ["2ED", "3ED", "4BB", "4ED", "5ED", "ATH", "CED", "CEI", "DDG", "F02", "FBB", "FMB1", "LEA", "LEB", "LGN", "M10", "M11", "ME4", "PRM", "SUM", "WC98"], "promoTypes": ["tourney", "fnm"], "purchaseUrls": {"cardKingdomFoil": "https://mtgjson.com/links/175235a5f72c8a55", "tcgplayer": "https://mtgjson.com/links/c1bdcec789cce255"}, "rarity": "rare", "rulings": [], "setCode": "F02", "subtypes": ["Human", "Knight"], "supertypes": [], "text": "First strike (This creature deals combat damage before creatures without first strike.)\nProtection from black (This creature can't be blocked, targeted, dealt damage, or enchanted by anything black.)", "toughness": "2", "type": "Creature — Human Knight", "types": ["Creature"], "uuid": "946fc7ca-526a-5bbb-8533-dbba23843777"}], "code": "F02", "isFoilOnly": true, "isOnlineOnly": false, "keyruneCode": "PARL", "name": "Friday Night Magic 2002", "releaseDate": "2002-01-01", "tokens": [], "totalSetSize": 12, "translations": {}, "type": "promo"}}