{"meta": {"date": "2022-05-26", "version": "5.2.0+20220526"}, "data": {"baseSetSize": 12, "block": "Friday Night Magic", "cards": [{"artist": "Charles Urbach", "availability": ["paper"], "borderColor": "black", "colorIdentity": [], "colors": [], "convertedManaCost": 0.0, "edhrecRank": 195, "finishes": ["foil"], "foreignData": [], "frameVersion": "2003", "hasFoil": true, "hasNonFoil": false, "identifiers": {"cardKingdomFoilId": "185144", "cardsphereId": "17372", "mcmId": "244770", "mtgjsonV4Id": "6ea488a0-d648-5b2d-a374-f314db669864", "scryfallId": "16c19ce8-b295-4043-863b-f781147f9e32", "scryfallIllustrationId": "b1e32f9c-b221-413b-8b8f-9bdbc2c04ab7", "scryfallOracleId": "0a79237e-0811-4a8a-bd4d-db3ca91bff22", "tcgplayerProductId": "38639"}, "isPromo": true, "isReprint": true, "isStarter": true, "keywords": ["Multikicker"], "language": "English", "layout": "normal", "legalities": {"commander": "Legal", "duel": "Legal", "legacy": "Legal", "modern": "Legal", "pauper": "Legal", "paupercommander": "Legal", "penny": "Legal", "vintage": "Legal"}, "manaCost": "{0}", "manaValue": 0.0, "name": "Everflowing Chalice", "number": "1", "printings": ["2XM", "ARC", "C14", "C16", "CM2", "DDF", "F11", "MM2", "NCC", "PLIST", "PRM", "TSR", "WWK"], "promoTypes": ["tourney", "fnm"], "purchaseUrls": {"cardKingdomFoil": "https://mtgjson.com/links/2f78b558974b7385", "tcgplayer": "https://mtgjson.com/links/304f612308af9a7e"}, "rarity": "rare", "rulings": [{"date": "2021-03-19", "text": "You can cast Everflowing Chalice without kicking it at all if you wish. However, if Everflowing Chalice has no charge counters on it, activating its last ability won't produce any mana."}], "setCode": "F11", "subtypes": [], "supertypes": [], "text": "Multikicker {2} (You may pay an additional {2} any number of times as you cast this spell.)\nEverflowing Chalice enters the battlefield with a charge counter on it for each time it was kicked.\n{T}: Add {C} for each charge counter on Everflowing Chalice.", "type": "Artifact", "types": ["Artifact"], "uuid": "8d7fcaa8-d504-53d0-bf40-a33ee2170bf7", "watermark": "fnm"}, {"artist": "Christopher Moeller", "availability": ["paper"], "borderColor": "black", "colorIdentity": ["U"], "colors": ["U"], "convertedManaCost": 2.0, "edhrecRank": 4325, "finishes": ["foil"], "foreignData": [], "frameVersion": "2003", "hasFoil": true, "hasNonFoil": false, "identifiers": {"cardKingdomFoilId": "185499", "cardsphereId": "17476", "mcmId": "245506", "mtgjsonV4Id": "671e9047-5791-527a-ad4e-67bb15c56124", "scryfallId": "81fa2e36-f89b-42f9-946e-e2ca2b2ad75f", "scryfallIllustrationId": "46730702-b8f0-4231-aad9-4d25fb6ec4dd", "scryfallOracleId": "32e60fb4-e841-4f82-9c83-5e63766e8e6f", "tcgplayerProductId": "39336"}, "isPromo": true, "isReprint": true, "isStarter": true, "keywords": ["Flash", "Flying"], "language": "English", "layout": "normal", "legalities": {"commander": "Legal", "duel": "Legal", "legacy": "Legal", "modern": "Legal", "pauper": "Legal", "paupercommander": "Legal", "vintage": "Legal"}, "manaCost": "{1}{U}", "manaValue": 2.0, "name": "Spellstutter Sprite", "number": "2", "power": "1", "printings": ["F11", "LRW", "MMA", "PRM", "SLD"], "promoTypes": ["tourney", "fnm"], "purchaseUrls": {"cardKingdomFoil": "https://mtgjson.com/links/632e24502652dfeb", "tcgplayer": "https://mtgjson.com/links/dbeebef49ebd1bf1"}, "rarity": "rare", "rulings": [{"date": "2007-10-01", "text": "The value of X needs to be determined both when the ability triggers (so you can choose a target) and again when the ability resolves (to check if that target is still legal). If the number of Faeries you control has decreased enough in that time to make the target illegal, Spellstutter Sprite’s ability won’t resolve (and the targeted spell will resolve as normal)."}], "setCode": "F11", "subtypes": ["Faerie", "Wizard"], "supertypes": [], "text": "Flash\nFlying\nWhen Spellstutter Sprite enters the battlefield, counter target spell with mana value X or less, where X is the number of Faeries you control.", "toughness": "1", "type": "Creature — Faerie Wizard", "types": ["Creature"], "uuid": "46d7e699-7e50-559b-b24b-c3ed8aad184c", "watermark": "fnm"}, {"artist": "Howard Lyon", "availability": ["paper"], "borderColor": "black", "colorIdentity": ["W"], "colors": ["W"], "convertedManaCost": 2.0, "edhrecRank": 1030, "finishes": ["foil"], "flavorText": "\"I search for a vision of Zendikar that does not include the Eldrazi.\"\n—Expedition journal entry", "foreignData": [], "frameVersion": "2003", "hasFoil": true, "hasNonFoil": false, "identifiers": {"cardKingdomFoilId": "185490", "cardsphereId": "17498", "mcmId": "245986", "mtgjsonV4Id": "907d94ad-30df-5029-9c98-49a105a46116", "scryfallId": "eff71574-bb6c-45e0-b022-a8f10f3b4573", "scryfallIllustrationId": "56afe41e-7b61-487f-ba9c-a48681cdef03", "scryfallOracleId": "5f601f48-d24b-4883-9fde-b3f620e7c9ea", "tcgplayerProductId": "48121"}, "isPromo": true, "isReprint": true, "isStarter": true, "keywords": ["Defender"], "language": "English", "layout": "normal", "legalities": {"commander": "Legal", "duel": "Legal", "legacy": "Legal", "modern": "Legal", "paupercommander": "Restricted", "penny": "Legal", "vintage": "Legal"}, "manaCost": "{1}{W}", "manaValue": 2.0, "name": "Wall of Omens", "number": "3", "power": "0", "printings": ["AFC", "CMD", "DDK", "EMA", "F11", "KHC", "MB1", "PRM", "PZ1", "ROE"], "promoTypes": ["tourney", "fnm"], "purchaseUrls": {"cardKingdomFoil": "https://mtgjson.com/links/cc2ffecc2b907100", "tcgplayer": "https://mtgjson.com/links/ace108b1a9bcb1eb"}, "rarity": "rare", "rulings": [], "setCode": "F11", "subtypes": ["Wall"], "supertypes": [], "text": "Defender\nWhen Wall of Omens enters the battlefield, draw a card.", "toughness": "4", "type": "Creature — Wall", "types": ["Creature"], "uuid": "9a2ed93a-78a0-5636-8a59-ed8be1d62f14", "watermark": "fnm"}, {"artist": "Nils Hamm", "availability": ["paper"], "borderColor": "black", "colorIdentity": [], "colors": [], "convertedManaCost": 9.0, "edhrecRank": 807, "finishes": ["foil"], "foreignData": [], "frameVersion": "2003", "hasFoil": true, "hasNonFoil": false, "identifiers": {"cardKingdomFoilId": "186188", "cardsphereId": "17321", "mcmId": "245987", "mtgjsonV4Id": "941d8e00-b71f-51e1-8ec7-2ba7f32d6f85", "scryfallId": "d3838810-446f-492b-995a-8e03b741e1a8", "scryfallIllustrationId": "1a91f562-5d13-48f6-ad0b-2469f9e285b2", "scryfallOracleId": "19409704-09c4-4a4b-a5a7-f95120b425db", "tcgplayerProductId": "48122"}, "isPromo": true, "isReprint": true, "isStarter": true, "keywords": ["Annihilator"], "language": "English", "layout": "normal", "legalities": {"commander": "Legal", "duel": "Legal", "legacy": "Legal", "modern": "Legal", "paupercommander": "Restricted", "penny": "Legal", "vintage": "Legal"}, "manaCost": "{9}", "manaValue": 9.0, "name": "Artisan of Kozilek", "number": "4", "power": "10", "printings": ["ARC", "C14", "CM2", "CMD", "DDP", "F11", "MB1", "MM2", "NCC", "PRM", "ROE", "UMA"], "promoTypes": ["tourney", "fnm"], "purchaseUrls": {"cardKingdomFoil": "https://mtgjson.com/links/ab1435800275443a", "tcgplayer": "https://mtgjson.com/links/3f35f632fda83678"}, "rarity": "rare", "rulings": [{"date": "2010-06-15", "text": "Annihilator abilities trigger and resolve during the declare attackers step. The defending player chooses and sacrifices the required number of permanents before they declare blockers. Any creatures sacrificed this way won't be able to block."}, {"date": "2010-06-15", "text": "If a creature with annihilator is attacking a planeswalker, and the defending player chooses to sacrifice that planeswalker, the attacking creature continues to attack. It may be blocked. If it isn't blocked, it simply won't deal combat damage to anything."}], "setCode": "F11", "subtypes": ["Eldrazi"], "supertypes": [], "text": "When you cast this spell, you may return target creature card from your graveyard to the battlefield.\nAnnihilator 2 (Whenever this creature attacks, defending player sacrifices two permanents.)", "toughness": "9", "type": "Creature — Eldrazi", "types": ["Creature"], "uuid": "d6cd941d-0749-5d76-b30d-12dbc08a4c46", "watermark": "wotc"}, {"artist": "Martina Pilcerova", "availability": ["paper"], "borderColor": "black", "colorIdentity": ["W"], "colors": ["W"], "convertedManaCost": 2.0, "edhrecRank": 21234, "finishes": ["foil"], "foreignData": [], "frameVersion": "2003", "hasFoil": true, "hasNonFoil": false, "identifiers": {"cardKingdomFoilId": "186630", "cardsphereId": "17478", "mcmId": "245988", "mtgjsonV4Id": "fe24ba3b-391b-5371-b443-e7583565e22f", "scryfallId": "a8a6d9c5-ac03-4865-8826-9f41883ad8c2", "scryfallIllustrationId": "edecc78b-50a6-4c7f-8775-9a7498605678", "scryfallOracleId": "00ab9841-934f-4a66-a98d-68d01661b1c9", "tcgplayerProductId": "48123"}, "isPromo": true, "isReprint": true, "isStarter": true, "keywords": ["Flying"], "language": "English", "layout": "normal", "legalities": {"commander": "Legal", "duel": "Legal", "legacy": "Legal", "modern": "Legal", "pauper": "Legal", "paupercommander": "Legal", "penny": "Legal", "vintage": "Legal"}, "manaCost": "{1}{W}", "manaValue": 2.0, "name": "Squadron Hawk", "number": "5", "power": "1", "printings": ["A25", "EMA", "F11", "M11", "PRM"], "promoTypes": ["tourney", "fnm"], "purchaseUrls": {"cardKingdomFoil": "https://mtgjson.com/links/0fe88a4d2d37dc7d", "tcgplayer": "https://mtgjson.com/links/ff2cdf5ff39c021c"}, "rarity": "rare", "rulings": [], "setCode": "F11", "subtypes": ["Bird"], "supertypes": [], "text": "Flying\nWhen Squadron Hawk enters the battlefield, you may search your library for up to three cards named Squadron Hawk, reveal them, put them into your hand, then shuffle.", "toughness": "1", "type": "Creature — Bird", "types": ["Creature"], "uuid": "67679641-2bff-58b5-bbac-fd2dc56b650a", "watermark": "wotc"}, {"artist": "Allen Williams", "availability": ["paper"], "borderColor": "black", "colorIdentity": ["G", "U", "W"], "colors": ["G", "U", "W"], "convertedManaCost": 3.0, "edhrecRank": 17298, "finishes": ["foil"], "flavorText": "Rhox monks are dedicated to spiritual growth and learning, and most bear the sigils of many students. However, they do not gladly suffer fools or those who disagree with their carefully wrought dogma.", "foreignData": [], "frameVersion": "2003", "hasFoil": true, "hasNonFoil": false, "identifiers": {"cardKingdomFoilId": "186143", "cardsphereId": "17453", "mcmId": "246713", "mtgjsonV4Id": "9b06a5c5-9c9a-5445-a92f-70585c43d149", "scryfallId": "bbbacad9-8ac0-4cd9-97f5-77940d8fd1e7", "scryfallIllustrationId": "3d0b556d-4792-44f5-b79c-7489abcafd6a", "scryfallOracleId": "5c05c350-1b11-4dda-9de6-01c7e0f07ffc", "tcgplayerProductId": "48124"}, "isPromo": true, "isReprint": true, "isStarter": true, "keywords": ["Lifelink"], "language": "English", "layout": "normal", "legalities": {"commander": "Legal", "duel": "Legal", "legacy": "Legal", "modern": "Legal", "paupercommander": "Restricted", "penny": "Legal", "vintage": "Legal"}, "manaCost": "{G}{W}{U}", "manaValue": 3.0, "name": "Rhox War Monk", "number": "6", "power": "3", "printings": ["ALA", "F11", "MB1", "MM3", "PRM"], "promoTypes": ["tourney", "fnm"], "purchaseUrls": {"cardKingdomFoil": "https://mtgjson.com/links/7262d8ebd7396d9a", "tcgplayer": "https://mtgjson.com/links/476ce23e3b30af4c"}, "rarity": "rare", "rulings": [], "setCode": "F11", "subtypes": ["Rhino", "Monk"], "supertypes": [], "text": "Lifelink", "toughness": "4", "type": "Creature — Rhino Monk", "types": ["Creature"], "uuid": "61c07ed2-c323-50a3-b1ee-768add9345bf", "watermark": "wotc"}, {"artist": "Steve Argyle", "availability": ["paper"], "borderColor": "black", "colorIdentity": ["U"], "colors": ["U"], "convertedManaCost": 5.0, "edhrecRank": 8568, "finishes": ["foil"], "flavorText": "\"Brute force can sometimes kick down a locked door, but knowledge is a skeleton key.\"", "foreignData": [], "frameVersion": "2003", "hasFoil": true, "hasNonFoil": false, "identifiers": {"cardKingdomFoilId": "186137", "cardsphereId": "17410", "mcmId": "248004", "mtgjsonV4Id": "dd86749b-cc63-5750-86ca-753a5070dddf", "scryfallId": "0b2c652a-f82f-4ad1-96ff-5788d6b4aebf", "scryfallIllustrationId": "c4497725-44ba-4f44-9e81-10183f5c6cc7", "scryfallOracleId": "ce588fd3-642e-4df9-8061-6fcfc6e81270", "tcgplayerProductId": "48125"}, "isPromo": true, "isReprint": true, "isStarter": true, "language": "English", "layout": "normal", "legalities": {"commander": "Legal", "duel": "Legal", "legacy": "Legal", "modern": "Legal", "penny": "Legal", "pioneer": "Legal", "vintage": "Legal"}, "manaCost": "{3}{U}{U}", "manaValue": 5.0, "name": "Jace's Ingenuity", "number": "7", "printings": ["DDM", "F11", "M11", "M15", "PRM"], "promoTypes": ["tourney", "fnm"], "purchaseUrls": {"cardKingdomFoil": "https://mtgjson.com/links/f9157340466697c0", "tcgplayer": "https://mtgjson.com/links/70468217529ea59d"}, "rarity": "rare", "rulings": [], "setCode": "F11", "subtypes": [], "supertypes": [], "text": "Draw three cards.", "type": "Instant", "types": ["Instant"], "uuid": "94cf7482-0ff8-52a6-8d81-aa2af4080531", "watermark": "wotc"}, {"artist": "John Avon", "availability": ["paper"], "borderColor": "black", "colorIdentity": ["G"], "colors": ["G"], "convertedManaCost": 3.0, "edhrecRank": 15, "finishes": ["foil"], "flavorText": "All seeds share a common bond, calling to each other across infinity.", "foreignData": [], "frameVersion": "2003", "hasFoil": true, "hasNonFoil": false, "identifiers": {"cardKingdomFoilId": "186151", "cardsphereId": "17354", "mcmId": "248641", "mtgjsonV4Id": "1ce2c9f1-50d1-5dee-accb-b8601ddb0cd1", "scryfallId": "91efd7f7-6435-4070-b94c-35b6d756c584", "scryfallIllustrationId": "05bb5d23-6331-459e-8c53-1c693e4022ff", "scryfallOracleId": "8b755881-a72d-4e21-a369-d2924eb4585a", "tcgplayerProductId": "48120"}, "isPromo": true, "isReprint": true, "isStarter": true, "language": "English", "layout": "normal", "legalities": {"commander": "Legal", "duel": "Legal", "explorer": "Legal", "gladiator": "Legal", "historic": "Legal", "historicbrawl": "Legal", "legacy": "Legal", "modern": "Legal", "pauper": "Legal", "paupercommander": "Legal", "penny": "Legal", "pioneer": "Legal", "vintage": "Legal"}, "manaCost": "{2}{G}", "manaValue": 3.0, "name": "Cultivate", "number": "8", "printings": ["A25", "AFC", "C13", "C16", "C17", "C18", "C19", "C20", "C21", "CM2", "CMD", "CMR", "E01", "F11", "M11", "M21", "MB1", "NCC", "PC2", "PCA", "PRM", "PZ1", "SLD", "STA"], "promoTypes": ["tourney", "fnm"], "purchaseUrls": {"cardKingdomFoil": "https://mtgjson.com/links/1b37917b245079bb", "tcgplayer": "https://mtgjson.com/links/55ce880d84de749e"}, "rarity": "rare", "rulings": [{"date": "2010-08-15", "text": "If you choose to find only one basic land card, you put it onto the battlefield tapped."}], "setCode": "F11", "subtypes": [], "supertypes": [], "text": "Search your library for up to two basic land cards, reveal those cards, put one onto the battlefield tapped and the other into your hand, then shuffle.", "type": "Sorcery", "types": ["Sorcery"], "uuid": "a9e579fa-551d-5e56-b701-d9d6a65c8fd9", "watermark": "wotc"}, {"artist": "Kekai Kotaki", "availability": ["paper"], "borderColor": "black", "colorIdentity": ["R"], "colors": [], "convertedManaCost": 0.0, "edhrecRank": 9841, "finishes": ["foil"], "foreignData": [], "frameVersion": "2003", "hasFoil": true, "hasNonFoil": false, "identifiers": {"cardKingdomFoilId": "186217", "cardsphereId": "17486", "mcmId": "250567", "mtgjsonV4Id": "4be731b8-ff7f-503d-8b85-8be036653fd0", "scryfallId": "ce85799d-f8f1-43d6-b8f5-0759723ebd1a", "scryfallIllustrationId": "e358b141-460c-4b09-b618-05a2724af8fb", "scryfallOracleId": "4a9437a6-4e61-48b6-8194-1c6ba6432250", "tcgplayerProductId": "57073"}, "isPromo": true, "isReprint": true, "isStarter": true, "language": "English", "layout": "normal", "legalities": {"commander": "Legal", "duel": "Legal", "legacy": "Legal", "modern": "Legal", "pauper": "Legal", "paupercommander": "Legal", "penny": "Legal", "vintage": "Legal"}, "manaValue": 0.0, "name": "Teetering Peaks", "number": "9", "printings": ["F11", "PD2", "PRM", "ZEN"], "promoTypes": ["tourney", "fnm"], "purchaseUrls": {"cardKingdomFoil": "https://mtgjson.com/links/706de07858559d15", "tcgplayer": "https://mtgjson.com/links/9d5bc74b6210c62e"}, "rarity": "rare", "rulings": [], "setCode": "F11", "subtypes": [], "supertypes": [], "text": "Teetering Peaks enters the battlefield tapped.\nWhen Teetering Peaks enters the battlefield, target creature gets +2/+0 until end of turn.\n{T}: Add {R}.", "type": "Land", "types": ["Land"], "uuid": "337377da-a09c-5cc4-854e-4fe51ead6c08", "watermark": "wotc"}, {"artist": "Franz Vohwinkel", "availability": ["paper"], "borderColor": "black", "colorIdentity": [], "colors": [], "convertedManaCost": 2.0, "edhrecRank": 1361, "finishes": ["foil"], "foreignData": [], "frameVersion": "2003", "hasFoil": true, "hasNonFoil": false, "identifiers": {"cardKingdomFoilId": "186229", "cardsphereId": "17350", "mcmId": "251073", "mtgjsonV4Id": "26d67852-53db-5bec-a899-261b563fad4b", "scryfallId": "6d5b3a2a-123a-4044-bec6-d186bb2427a6", "scryfallIllustrationId": "13ab3306-3bf5-49dc-bbd8-2add63d3c1b9", "scryfallOracleId": "43f2d81e-aa01-4fa9-9046-6a27a05dbd2d", "tcgplayerProductId": "57258"}, "isPromo": true, "isReprint": true, "isStarter": true, "keywords": ["Proliferate"], "language": "English", "layout": "normal", "legalities": {"commander": "Legal", "duel": "Legal", "legacy": "Legal", "modern": "Legal", "penny": "Legal", "vintage": "Legal"}, "manaCost": "{2}", "manaValue": 2.0, "name": "Contagion Clasp", "number": "10", "printings": ["DDF", "F11", "MB1", "PRM", "SOM", "TD2", "TSR"], "promoTypes": ["tourney", "fnm"], "purchaseUrls": {"cardKingdomFoil": "https://mtgjson.com/links/df53a6204926bbf1", "tcgplayer": "https://mtgjson.com/links/b8389eb28975bd41"}, "rarity": "rare", "rulings": [{"date": "2011-01-01", "text": "Contagion Clasp’s first ability is mandatory. If you’re the only player who controls a creature, you must target one of them."}, {"date": "2021-03-19", "text": "If a permanent has +1/+1 counters and -1/-1 counters on it, they’re removed in pairs as a state-based action so that the permanent has only one of those kinds of counters on it."}, {"date": "2021-03-19", "text": "To proliferate, you can choose any permanent that has a counter, including ones controlled by opponents. You can’t choose cards in any zone other than the battlefield, even if they have counters on them."}, {"date": "2021-03-19", "text": "You don’t have to choose every permanent or player that has a counter, only the ones you want to add another counter to. Since “any number” includes zero, you don’t have to choose any permanents at all, and you don’t have to choose any players at all."}, {"date": "2021-03-19", "text": "Players can respond to a spell or ability whose effect includes proliferating. Once that spell or ability starts to resolve, however, and its controller chooses which permanents and players will get new counters, it’s too late for anyone to respond."}], "setCode": "F11", "subtypes": [], "supertypes": [], "text": "When Contagion Clasp enters the battlefield, put a -1/-1 counter on target creature.\n{4}, {T}: Proliferate. (Choose any number of permanents and/or players, then give each another counter of each kind already there.)", "type": "Artifact", "types": ["Artifact"], "uuid": "3edb7d68-cdbd-5066-9098-487a8631f0a8", "watermark": "wotc"}, {"artist": "David Rapoza", "availability": ["paper"], "borderColor": "black", "colorIdentity": ["B"], "colors": ["B"], "convertedManaCost": 2.0, "edhrecRank": 618, "finishes": ["foil"], "flavorText": "Having flesh is increasingly a liability on Mirrodin.", "foreignData": [], "frameVersion": "2003", "hasFoil": true, "hasNonFoil": false, "identifiers": {"cardKingdomFoilId": "186629", "cardsphereId": "17397", "mcmId": "251829", "mtgjsonV4Id": "21d74fe6-9600-5ca7-adfa-08937be45787", "scryfallId": "a3109aaa-b1e9-4c68-85f0-7515c8eeadc3", "scryfallIllustrationId": "be8ebef7-34fd-45ed-8196-e4809cac176c", "scryfallOracleId": "2f092562-9e17-43cd-aeb8-d0567f99363e", "tcgplayerProductId": "57259"}, "isPromo": true, "isReprint": true, "isStarter": true, "language": "English", "layout": "normal", "legalities": {"commander": "Legal", "duel": "Legal", "legacy": "Legal", "modern": "Legal", "penny": "Legal", "vintage": "Legal"}, "manaCost": "{1}{B}", "manaValue": 2.0, "name": "Go for the Throat", "number": "11", "printings": ["C17", "F11", "MB1", "MBS", "MIC", "PRM"], "promoTypes": ["tourney", "fnm"], "purchaseUrls": {"cardKingdomFoil": "https://mtgjson.com/links/286a184f8fd996a8", "tcgplayer": "https://mtgjson.com/links/0f03dee120f5b056"}, "rarity": "rare", "rulings": [{"date": "2011-06-01", "text": "If the targeted creature is also an artifact when Go for the Throat tries to resolve, it won't resolve."}], "setCode": "F11", "subtypes": [], "supertypes": [], "text": "Destroy target nonartifact creature.", "type": "Instant", "types": ["Instant"], "uuid": "4b41ecb6-77a1-5681-bb26-6b69fa43f88f", "watermark": "wotc"}, {"artist": "John Avon", "availability": ["paper"], "borderColor": "black", "colorIdentity": ["B", "G", "R"], "colors": [], "convertedManaCost": 0.0, "edhrecRank": 604, "finishes": ["foil"], "flavorText": "Jund is a world as cruel as those who call it home. Their brutal struggles scar the land even as it carves them in its image, a vicious circle spiraling out of control.", "foreignData": [], "frameVersion": "2003", "hasFoil": true, "hasNonFoil": false, "identifiers": {"cardKingdomFoilId": "186609", "cardsphereId": "17460", "mcmId": "252107", "mtgjsonV4Id": "29bcc089-d870-5122-aa47-76c74e2bb1a4", "scryfallId": "e5a9bbcf-b0d4-4040-bf46-fb9d6f3fd425", "scryfallIllustrationId": "38d45c8a-c2a4-4644-b12c-eb237f2405a0", "scryfallOracleId": "a3292406-3f49-42d6-a547-e43dd5797f84", "tcgplayerProductId": "57640"}, "isPromo": true, "isReprint": true, "isStarter": true, "language": "English", "layout": "normal", "legalities": {"commander": "Legal", "duel": "Legal", "legacy": "Legal", "modern": "Legal", "penny": "Legal", "vintage": "Legal"}, "manaValue": 0.0, "name": "Savage Lands", "number": "12", "printings": ["ALA", "C13", "C16", "C17", "C18", "F11", "MM3", "NCC", "PRM", "PZ1", "TD0"], "promoTypes": ["tourney", "fnm"], "purchaseUrls": {"cardKingdomFoil": "https://mtgjson.com/links/baa56ec2404ab6f3", "tcgplayer": "https://mtgjson.com/links/f43f2f6cfcf6ff36"}, "rarity": "rare", "rulings": [], "setCode": "F11", "subtypes": [], "supertypes": [], "text": "Savage Lands enters the battlefield tapped.\n{T}: Add {B}, {R}, or {G}.", "type": "Land", "types": ["Land"], "uuid": "855cfebc-6f36-5038-98c1-c7a90d080818", "watermark": "wotc"}], "code": "F11", "isFoilOnly": true, "isOnlineOnly": false, "keyruneCode": "PMEI", "name": "Friday Night Magic 2011", "releaseDate": "2011-01-01", "tokens": [], "totalSetSize": 12, "translations": {}, "type": "promo"}}