{"meta": {"date": "2022-05-26", "version": "5.2.0+20220526"}, "data": {"baseSetSize": 12, "block": "Friday Night Magic", "cards": [{"artist": "Mark Zug", "availability": ["paper"], "borderColor": "black", "colorIdentity": ["G"], "colors": ["G"], "convertedManaCost": 1.0, "edhrecRank": 3770, "finishes": ["foil"], "flavorText": "\"Beg me for life, and I will fill you with the glory of Phyrexian perfection.\"", "foreignData": [], "frameVersion": "2003", "hasFoil": true, "hasNonFoil": false, "identifiers": {"cardKingdomFoilId": "186631", "cardsphereId": "17396", "mcmId": "252467", "mtgjsonV4Id": "e70075d7-b729-5c6e-9060-c363bfb89fb5", "scryfallId": "2de77e7b-5599-470a-b2ed-14b9bfc900e0", "scryfallIllustrationId": "0ee59121-28c3-42a0-b378-6237aea72ace", "scryfallOracleId": "9d95d173-5c7f-4e0c-bcdc-9b90fcd7339b", "tcgplayerProductId": "57663"}, "isPromo": true, "isReprint": true, "isStarter": true, "keywords": ["Infect"], "language": "English", "layout": "normal", "legalities": {"commander": "Legal", "duel": "Legal", "legacy": "Legal", "modern": "Legal", "pauper": "Legal", "paupercommander": "Legal", "vintage": "Legal"}, "manaCost": "{G}", "manaValue": 1.0, "name": "Glistener Elf", "number": "1", "power": "1", "printings": ["F12", "NPH", "PRM"], "promoTypes": ["tourney", "fnm"], "purchaseUrls": {"cardKingdomFoil": "https://mtgjson.com/links/fbbf3580ac7d4ac1", "tcgplayer": "https://mtgjson.com/links/85eb091f902ebe32"}, "rarity": "rare", "rulings": [], "setCode": "F12", "subtypes": ["Phyrexian", "Elf", "Warrior"], "supertypes": [], "text": "Infect (This creature deals damage to creatures in the form of -1/-1 counters and to players in the form of poison counters.)", "toughness": "1", "type": "Creature — Phyrexian Elf Warrior", "types": ["Creature"], "uuid": "e7f81316-5442-52f8-831c-bb3eec40288e", "watermark": "wotc"}, {"artist": "Raymond Swanland", "availability": ["paper"], "borderColor": "black", "colorIdentity": ["B"], "colors": ["B"], "convertedManaCost": 1.0, "edhrecRank": 9561, "finishes": ["foil"], "flavorText": "\"Truth is always a weapon in your enemies' hands.\"\n—Geth, Lord of the Vault", "foreignData": [], "frameVersion": "2003", "hasFoil": true, "hasNonFoil": false, "identifiers": {"cardKingdomFoilId": "186647", "cardsphereId": "17357", "mcmId": "252999", "mtgjsonV4Id": "38f10514-4e99-52a0-9ce8-21f6c9bb4eae", "scryfallId": "cec990b0-490c-4b8a-b8c1-a1a7f6498809", "scryfallIllustrationId": "43e228a9-81cb-4d94-bd2b-d1390b683c88", "scryfallOracleId": "b13b40f1-1b1f-40e8-989b-ef24dc05007a", "tcgplayerProductId": "58135"}, "isPromo": true, "isReprint": true, "isStarter": true, "language": "English", "layout": "normal", "legalities": {"commander": "Legal", "duel": "Legal", "legacy": "Legal", "modern": "Legal", "penny": "Legal", "pioneer": "Legal", "vintage": "Legal"}, "manaCost": "{B}", "manaValue": 1.0, "name": "Despise", "number": "2", "printings": ["F12", "KTK", "NPH", "PRM"], "promoTypes": ["tourney", "fnm"], "purchaseUrls": {"cardKingdomFoil": "https://mtgjson.com/links/37fe2cbe47b81d13", "tcgplayer": "https://mtgjson.com/links/b6e1fcb0cb8c679a"}, "rarity": "rare", "rulings": [], "setCode": "F12", "subtypes": [], "supertypes": [], "text": "Target opponent reveals their hand. You choose a creature or planeswalker card from it. That player discards that card.", "type": "Sorcery", "types": ["Sorcery"], "uuid": "3adabb76-cc50-5bdb-aabb-e743c09b6f57", "watermark": "wotc"}, {"artist": "Eytan Zana", "availability": ["paper"], "borderColor": "black", "colorIdentity": [], "colors": [], "convertedManaCost": 0.0, "edhrecRank": 1425, "finishes": ["foil"], "flavorText": "\"We move because the earth does.\"\n—Bruse Tarl, Goma Fada nomad", "foreignData": [], "frameVersion": "2003", "hasFoil": true, "hasNonFoil": false, "identifiers": {"cardKingdomFoilId": "187250", "cardsphereId": "17485", "mcmId": "253458", "mtgjsonV4Id": "d979dd9c-c9c8-58d3-91ca-9456efef7f97", "scryfallId": "f8442521-57b8-4353-b6d0-61f1837567e1", "scryfallIllustrationId": "ef361aa8-2b4c-4cf7-b104-c1a144a2fcbe", "scryfallOracleId": "4927150d-7ff6-4232-b20e-d2ea245ac710", "tcgplayerProductId": "58136"}, "isPromo": true, "isReprint": true, "isStarter": true, "language": "English", "layout": "normal", "legalities": {"commander": "Legal", "duel": "Legal", "legacy": "Legal", "modern": "Legal", "penny": "Legal", "vintage": "Legal"}, "manaValue": 0.0, "name": "Tectonic Edge", "number": "3", "printings": ["C14", "EXP", "F12", "MB1", "PRM", "WWK"], "promoTypes": ["tourney", "fnm"], "purchaseUrls": {"cardKingdomFoil": "https://mtgjson.com/links/eccd035edcd74277", "tcgplayer": "https://mtgjson.com/links/fa838c4c8dd1d1f2"}, "rarity": "rare", "rulings": [{"date": "2010-03-01", "text": "Tectonic Edge’s second ability checks how many lands an opponent controls only at the time you activate the ability."}, {"date": "2010-03-01", "text": "Assuming you can activate Tectonic Edge’s second ability, you can target any nonbasic land with it (not just one controlled by an opponent that controls four or more lands)."}], "setCode": "F12", "subtypes": [], "supertypes": [], "text": "{T}: Add {C}.\n{1}, {T}, Sacrifice Tectonic Edge: Destroy target nonbasic land. Activate only if an opponent controls four or more lands.", "type": "Land", "types": ["Land"], "uuid": "d341bd06-74eb-574b-9979-901772f4ebe9", "watermark": "wotc"}, {"artist": "Jason Felix", "availability": ["paper"], "borderColor": "black", "colorIdentity": ["B"], "colors": ["B"], "convertedManaCost": 3.0, "edhrecRank": 1340, "finishes": ["foil"], "flavorText": "\"You serve Phyrexia. Your pieces would better serve Phyrexia elsewhere.\"\n—Azax-Azog, the Demon Thane", "foreignData": [], "frameVersion": "2003", "hasFoil": true, "hasNonFoil": false, "identifiers": {"cardKingdomFoilId": "187499", "cardsphereId": "17361", "mcmId": "254187", "mtgjsonV4Id": "b9df1e17-6a83-54c3-89ac-22ddaec0a30a", "scryfallId": "4cf874b6-5616-4d33-a5e4-4e5a80db1a13", "scryfallIllustrationId": "5ae56346-ff26-4f3b-99d9-395b3e50286c", "scryfallOracleId": "fd74f8eb-0253-42dd-8277-186d4934da38", "tcgplayerProductId": "58137"}, "isPromo": true, "isReprint": true, "isStarter": true, "language": "English", "layout": "normal", "legalities": {"commander": "Legal", "duel": "Legal", "legacy": "Legal", "modern": "Legal", "vintage": "Legal"}, "manaCost": "{1}{B/P}{B/P}", "manaValue": 3.0, "name": "Dismember", "number": "4", "printings": ["F12", "MB1", "MD1", "MM2", "NPH", "PRM", "SLD", "TSR"], "promoTypes": ["tourney", "fnm"], "purchaseUrls": {"cardKingdomFoil": "https://mtgjson.com/links/b21a3566418fc50e", "tcgplayer": "https://mtgjson.com/links/c9d7eafeb68144b5"}, "rarity": "rare", "rulings": [{"date": "2011-06-01", "text": "A card with Phyrexian mana symbols in its mana cost is each color that appears in that mana cost, regardless of how that cost may have been paid."}, {"date": "2011-06-01", "text": "To calculate the mana value of a card with Phyrexian mana symbols in its cost, count each Phyrexian mana symbol as 1."}, {"date": "2011-06-01", "text": "As you cast a spell or activate an activated ability with one or more Phyrexian mana symbols in its cost, you choose how to pay for each Phyrexian mana symbol at the same time you would choose modes or choose a value for X."}, {"date": "2011-06-01", "text": "If you’re at 1 life or less, you can’t pay 2 life."}, {"date": "2011-06-01", "text": "Phyrexian mana is not a new color. Players can’t add Phyrexian mana to their mana pools."}], "setCode": "F12", "subtypes": [], "supertypes": [], "text": "({B/P} can be paid with either {B} or 2 life.)\nTarget creature gets -5/-5 until end of turn.", "type": "Instant", "types": ["Instant"], "uuid": "98854a23-8781-54da-b67b-8f5879b3e2b8", "watermark": "wotc"}, {"artist": "Wayne England", "availability": ["paper"], "borderColor": "black", "colorIdentity": ["G", "R"], "colors": ["R"], "convertedManaCost": 2.0, "edhrecRank": 5198, "finishes": ["foil"], "flavorText": "If there's anything a werewolf hates, it's a collar—especially Avacyn's Collar, the symbol of her church.", "foreignData": [], "frameVersion": "2003", "hasFoil": true, "hasNonFoil": false, "identifiers": {"cardKingdomFoilId": "187961", "cardsphereId": "17317", "mcmId": "254926", "mtgjsonV4Id": "b8c5c86c-d043-5f6e-b8dc-e00ab5bec180", "scryfallId": "d08c024a-ccab-487a-b97c-d44616cf3146", "scryfallIllustrationId": "85f57290-3309-4573-873e-961aef9d2385", "scryfallOracleId": "306593b0-6ea8-476f-a3f2-e17876c1bab4", "tcgplayerProductId": "60144"}, "isPromo": true, "isReprint": true, "isStarter": true, "keywords": ["Flashback"], "language": "English", "layout": "normal", "legalities": {"commander": "Legal", "duel": "Legal", "gladiator": "Legal", "historic": "Legal", "historicbrawl": "Legal", "legacy": "Legal", "modern": "Legal", "pauper": "Legal", "paupercommander": "Legal", "penny": "Legal", "vintage": "Legal"}, "manaCost": "{1}{R}", "manaValue": 2.0, "name": "Ancient Grudge", "number": "5", "printings": ["F12", "HA5", "ISD", "MB1", "MM3", "PRM", "SLD", "TD0", "TSP", "TSR"], "promoTypes": ["tourney", "fnm"], "purchaseUrls": {"cardKingdomFoil": "https://mtgjson.com/links/263055db34f9537e", "tcgplayer": "https://mtgjson.com/links/bc11e72dfaedf11d"}, "rarity": "rare", "rulings": [{"date": "2021-03-19", "text": "“Flashback [cost]” means “You may cast this card from your graveyard by paying [cost] rather than paying its mana cost” and “If the flashback cost was paid, exile this card instead of putting it anywhere else any time it would leave the stack.”"}, {"date": "2021-03-19", "text": "You must still follow any timing restrictions and permissions, including those based on the card’s type. For instance, you can cast a sorcery using flashback only when you could normally cast a sorcery."}, {"date": "2021-03-19", "text": "To determine the total cost of a spell, start with the mana cost or alternative cost (such as a flashback cost) you’re paying, add any cost increases, then apply any cost reductions. The mana value of the spell is determined only by its mana cost, no matter what the total cost to cast the spell was."}, {"date": "2021-03-19", "text": "A spell cast using flashback will always be exiled afterward, whether it resolves, is countered, or leaves the stack in some other way."}, {"date": "2021-03-19", "text": "You can cast a spell using flashback even if it was somehow put into your graveyard without having been cast."}, {"date": "2021-03-19", "text": "If a card with flashback is put into your graveyard during your turn, you can cast it if it’s legal to do so before any other player can take any actions."}], "setCode": "F12", "subtypes": [], "supertypes": [], "text": "Destroy target artifact.\nFlashback {G} (You may cast this card from your graveyard for its flashback cost. Then exile it.)", "type": "Instant", "types": ["Instant"], "uuid": "ecd213eb-f6c4-5469-9b44-2f2a5f3b07c6", "watermark": "wotc"}, {"artist": "Brad Rigney", "availability": ["paper"], "borderColor": "black", "colorIdentity": ["G"], "colors": ["G"], "convertedManaCost": 5.0, "edhrecRank": 248, "finishes": ["foil"], "foreignData": [], "frameVersion": "2003", "hasFoil": true, "hasNonFoil": false, "identifiers": {"cardKingdomFoilId": "187965", "cardsphereId": "17314", "mcmId": "256384", "mtgjsonV4Id": "f9ac6534-6d22-5b31-b93d-087ad1b76466", "scryfallId": "798a3874-8e19-417f-b8f9-9fd05fdb7761", "scryfallIllustrationId": "13abfd4b-5db7-410d-bd0a-d8ca269bf8e0", "scryfallOracleId": "21f45043-5419-4019-8b6c-e5294bd5f549", "tcgplayerProductId": "60145"}, "isPromo": true, "isReprint": true, "isStarter": true, "keywords": ["Deathtouch"], "language": "English", "layout": "normal", "legalities": {"commander": "Legal", "duel": "Legal", "legacy": "Legal", "modern": "Legal", "paupercommander": "Restricted", "penny": "Legal", "vintage": "Legal"}, "manaCost": "{3}{G}{G}", "manaValue": 5.0, "name": "Acidic Slime", "number": "6", "power": "2", "printings": ["AFC", "C13", "C15", "C18", "C20", "CM2", "CMA", "CMD", "CMR", "DDM", "F12", "M10", "M11", "M12", "M13", "MB1", "NEC", "PRM", "SLD", "ZNC"], "promoTypes": ["tourney", "fnm"], "purchaseUrls": {"cardKingdomFoil": "https://mtgjson.com/links/7f542fe03c1bb0b6", "tcgplayer": "https://mtgjson.com/links/3c7c40ddb30705cc"}, "rarity": "rare", "rulings": [], "setCode": "F12", "subtypes": ["Ooze"], "supertypes": [], "text": "Deathtouch (Any amount of damage this deals to a creature is enough to destroy it.)\nWhen Acidic Slime enters the battlefield, destroy target artifact, enchantment, or land.", "toughness": "2", "type": "Creature — Ooze", "types": ["Creature"], "uuid": "f87da7e0-10e5-5cae-917e-6e5a92f7880c", "watermark": "wotc"}, {"artist": "Randy Gallegos", "availability": ["paper"], "borderColor": "black", "colorIdentity": ["B", "U"], "colors": ["U"], "convertedManaCost": 3.0, "edhrecRank": 3211, "finishes": ["foil"], "foreignData": [], "frameVersion": "2003", "hasFoil": true, "hasNonFoil": false, "identifiers": {"cardKingdomFoilId": "188201", "cardsphereId": "17386", "mcmId": "257318", "mtgjsonV4Id": "f1a296e5-16eb-572f-8451-01cf66adc56d", "scryfallId": "f82275ff-7f3e-4561-9157-14e7c9faee44", "scryfallIllustrationId": "ac474a8b-be69-4e1c-bb02-aa7989068db7", "scryfallOracleId": "66d65cda-e3d1-4a00-8ff3-c6d5ef0ab0c1", "tcgplayerProductId": "60146"}, "isPromo": true, "isReprint": true, "isStarter": true, "keywords": ["Flashback"], "language": "English", "layout": "normal", "legalities": {"commander": "Legal", "duel": "Legal", "legacy": "Legal", "modern": "Legal", "pauper": "Legal", "paupercommander": "Legal", "penny": "Legal", "vintage": "Legal"}, "manaCost": "{2}{U}", "manaValue": 3.0, "name": "Forbidden Alchemy", "number": "7", "printings": ["AFC", "DDQ", "F12", "ISD", "MB1", "MM3", "PRM", "UMA"], "promoTypes": ["tourney", "fnm"], "purchaseUrls": {"cardKingdomFoil": "https://mtgjson.com/links/941814d5c1e9cec8", "tcgplayer": "https://mtgjson.com/links/a2689546f54575fe"}, "rarity": "rare", "rulings": [{"date": "2011-09-22", "text": "If you have fewer than four cards in your library, you'll look at all the cards there and put one into your hand and the rest into your graveyard."}, {"date": "2021-03-19", "text": "To determine the total cost of a spell, start with the mana cost or alternative cost (such as a flashback cost) you're paying, add any cost increases, then apply any cost reductions. The mana value of the spell is determined only by its mana cost, no matter what the total cost to cast the spell was."}, {"date": "2021-03-19", "text": "“Flashback [cost]” means “You may cast this card from your graveyard by paying [cost] rather than paying its mana cost” and “If the flashback cost was paid, exile this card instead of putting it anywhere else any time it would leave the stack.”"}, {"date": "2021-03-19", "text": "You must still follow any timing restrictions and permissions, including those based on the card's type. For instance, you can cast a sorcery using flashback only when you could normally cast a sorcery."}, {"date": "2021-03-19", "text": "If a card with flashback is put into your graveyard during your turn, you can cast it if it's legal to do so before any other player can take any actions."}, {"date": "2021-03-19", "text": "A spell cast using flashback will always be exiled afterward, whether it resolves, is countered, or leaves the stack in some other way."}, {"date": "2021-03-19", "text": "You can cast a spell using flashback even if it was somehow put into your graveyard without having been cast."}], "setCode": "F12", "subtypes": [], "supertypes": [], "text": "Look at the top four cards of your library. Put one of them into your hand and the rest into your graveyard.\nFlashback {6}{B} (You may cast this card from your graveyard for its flashback cost. Then exile it.)", "type": "Instant", "types": ["Instant"], "uuid": "f3016a40-c169-5983-bc83-8f60ca7dddc2", "watermark": "wotc"}, {"artist": "Greg Staples", "availability": ["paper"], "borderColor": "black", "colorIdentity": ["G", "W"], "colors": ["G"], "convertedManaCost": 1.0, "edhrecRank": 305, "finishes": ["foil"], "flavorText": "\"Avacyn's protection is everywhere. From the holy church to the sacred glade, all that we see is under her blessed watch.\"", "foreignData": [], "frameVersion": "2003", "hasFoil": true, "hasNonFoil": false, "identifiers": {"cardKingdomFoilId": "188689", "cardsphereId": "17324", "mcmId": "257582", "mtgjsonV4Id": "5783d807-a7f6-58a7-ad36-34623f7474b8", "scryfallId": "0a02a28d-ac00-40c5-9590-de029c007dde", "scryfallIllustrationId": "e6d6b430-2bee-48b9-8054-31b3e2ec736f", "scryfallOracleId": "069f6530-e65c-4d52-85f3-e0a2acd148c5", "tcgplayerProductId": "60147"}, "isPromo": true, "isReprint": true, "isStarter": true, "language": "English", "layout": "normal", "legalities": {"commander": "Legal", "duel": "Legal", "legacy": "Legal", "modern": "Legal", "pauper": "Legal", "paupercommander": "Legal", "penny": "Legal", "vintage": "Legal"}, "manaCost": "{G}", "manaValue": 1.0, "name": "Avacyn's Pilgrim", "number": "8", "power": "1", "printings": ["F12", "ISD", "MB1", "MIC", "MM3", "PRM"], "promoTypes": ["tourney", "fnm"], "purchaseUrls": {"cardKingdomFoil": "https://mtgjson.com/links/97e1c5c7db2d12f6", "tcgplayer": "https://mtgjson.com/links/ad9b26a76b230f3c"}, "rarity": "rare", "rulings": [], "setCode": "F12", "subtypes": ["Human", "Monk"], "supertypes": [], "text": "{T}: Add {W}.", "toughness": "1", "type": "Creature — Human Monk", "types": ["Creature"], "uuid": "d8e2415d-789f-5c10-bb6f-d57e4339d4a0", "watermark": "wotc"}, {"artist": "John Stanko", "availability": ["paper"], "borderColor": "black", "colorIdentity": ["B", "W"], "colors": ["W"], "convertedManaCost": 3.0, "edhrecRank": 5055, "finishes": ["foil"], "flavorText": "The murdered inhabitants of Hollowhenge impart to the living the terror they felt in death.", "foreignData": [], "frameVersion": "2003", "hasFoil": true, "hasNonFoil": false, "identifiers": {"cardKingdomFoilId": "188750", "cardsphereId": "17422", "mcmId": "257583", "mtgjsonV4Id": "bc34a8f1-d84b-52f6-aa58-591c84389695", "scryfallId": "1d371239-b231-455f-a724-5025284ee023", "scryfallIllustrationId": "b005a918-ad6e-4eb7-a75a-3f4f78567182", "scryfallOracleId": "0b8c3337-04dd-4798-8203-6d8b8cfb936b", "tcgplayerProductId": "60148"}, "isPromo": true, "isReprint": true, "isStarter": true, "keywords": ["Flashback"], "language": "English", "layout": "normal", "legalities": {"commander": "Legal", "duel": "Legal", "legacy": "Legal", "modern": "Legal", "vintage": "Legal"}, "manaCost": "{2}{W}", "manaValue": 3.0, "name": "Lingering Souls", "number": "9", "printings": ["DDK", "DKA", "F12", "MB1", "MD1", "MM3", "PRM", "TSR"], "promoTypes": ["tourney", "fnm"], "purchaseUrls": {"cardKingdomFoil": "https://mtgjson.com/links/193e821b0d4b0d03", "tcgplayer": "https://mtgjson.com/links/196dc3811a950b12"}, "rarity": "rare", "rulings": [{"date": "2021-03-19", "text": "“Flashback [cost]” means “You may cast this card from your graveyard by paying [cost] rather than paying its mana cost” and “If the flashback cost was paid, exile this card instead of putting it anywhere else any time it would leave the stack.”"}, {"date": "2021-03-19", "text": "You must still follow any timing restrictions and permissions, including those based on the card’s type. For instance, you can cast a sorcery using flashback only when you could normally cast a sorcery."}, {"date": "2021-03-19", "text": "To determine the total cost of a spell, start with the mana cost or alternative cost (such as a flashback cost) you’re paying, add any cost increases, then apply any cost reductions. The mana value of the spell is determined only by its mana cost, no matter what the total cost to cast the spell was."}, {"date": "2021-03-19", "text": "A spell cast using flashback will always be exiled afterward, whether it resolves, is countered, or leaves the stack in some other way."}, {"date": "2021-03-19", "text": "You can cast a spell using flashback even if it was somehow put into your graveyard without having been cast."}, {"date": "2021-03-19", "text": "If a card with flashback is put into your graveyard during your turn, you can cast it if it’s legal to do so before any other player can take any actions."}], "setCode": "F12", "subtypes": [], "supertypes": [], "text": "Create two 1/1 white Spirit creature tokens with flying.\nFlashback {1}{B} (You may cast this card from your graveyard for its flashback cost. Then exile it.)", "type": "Sorcery", "types": ["Sorcery"], "uuid": "1028abcd-d36d-5b80-95ba-1cc153ad9f51", "watermark": "wotc"}, {"artist": "Sam Burley", "availability": ["paper"], "borderColor": "black", "colorIdentity": [], "colors": [], "convertedManaCost": 0.0, "edhrecRank": 12, "finishes": ["foil"], "flavorText": "Without the interfering hands of civilization, nature will always shape itself to its own needs.", "foreignData": [], "frameVersion": "2003", "hasFoil": true, "hasNonFoil": false, "identifiers": {"cardKingdomFoilId": "188831", "cardsphereId": "17373", "mcmId": "259167", "mtgjsonV4Id": "1a2f9616-9f13-5b12-b10f-1c984ded3fcb", "scryfallId": "fe2ddb54-c111-4612-aba5-b5e87b888251", "scryfallIllustrationId": "9c7f910e-07c9-4957-a0c9-458a68793ba2", "scryfallOracleId": "a75445d3-1303-4bb5-89ad-26ea93fecd48", "tcgplayerProductId": "67402"}, "isPromo": true, "isReprint": true, "isStarter": true, "language": "English", "layout": "normal", "legalities": {"alchemy": "Legal", "brawl": "Legal", "commander": "Legal", "duel": "Legal", "explorer": "Legal", "future": "Legal", "gladiator": "Legal", "historic": "Legal", "historicbrawl": "Legal", "legacy": "Legal", "modern": "Legal", "pauper": "Legal", "paupercommander": "Legal", "penny": "Legal", "pioneer": "Legal", "standard": "Legal", "vintage": "Legal"}, "manaValue": 0.0, "name": "Evolving Wilds", "number": "10", "printings": ["AFR", "AKH", "AKR", "ANB", "BFZ", "C13", "C14", "C15", "C16", "C17", "C18", "C19", "CM2", "CMA", "CMD", "CMR", "CN2", "DBL", "DDH", "DDK", "DDN", "DDO", "DDP", "DKA", "DTK", "F12", "IKO", "IMA", "M13", "M15", "M20", "MB1", "MID", "MM2", "ORI", "PANA", "PRIX", "PRM", "PTKDF", "RIX", "ROE", "SLD", "VOW", "ZNC"], "promoTypes": ["tourney", "fnm"], "purchaseUrls": {"cardKingdomFoil": "https://mtgjson.com/links/a8874626598e22ef", "tcgplayer": "https://mtgjson.com/links/d89c225c9c797f2b"}, "rarity": "rare", "rulings": [], "setCode": "F12", "subtypes": [], "supertypes": [], "text": "{T}, Sacrifice Evolving Wilds: Search your library for a basic land card, put it onto the battlefield tapped, then shuffle.", "type": "Land", "types": ["Land"], "uuid": "af3f076a-8617-5e59-96cd-61b497f0cbde", "watermark": "wotc"}, {"artist": "Dave Kendall", "availability": ["paper"], "borderColor": "black", "colorIdentity": ["R"], "colors": ["R"], "convertedManaCost": 1.0, "edhrecRank": 13353, "finishes": ["foil"], "flavorText": "\"May the worthy spend an eternity in Blessed Sleep. May the wicked find the peace of oblivion.\"", "foreignData": [], "frameVersion": "2003", "hasFoil": true, "hasNonFoil": false, "identifiers": {"cardKingdomFoilId": "189400", "cardsphereId": "17442", "mcmId": "259334", "mtgjsonV4Id": "749355bc-46ae-5e1f-92fa-3646ef997a3b", "scryfallId": "c39677b8-9a43-4e62-a83a-4a9d6372310b", "scryfallIllustrationId": "b87f9f63-e54c-4468-a3d4-73971e6a4aec", "scryfallOracleId": "468cfc88-a493-44dc-9d0a-63d9cc89c114", "tcgplayerProductId": "67403"}, "isPromo": true, "isReprint": true, "isStarter": true, "language": "English", "layout": "normal", "legalities": {"commander": "Legal", "duel": "Legal", "gladiator": "Legal", "historic": "Legal", "historicbrawl": "Legal", "legacy": "Legal", "modern": "Legal", "pauper": "Legal", "paupercommander": "Legal", "penny": "Legal", "vintage": "Legal"}, "manaCost": "{R}", "manaValue": 1.0, "name": "Pillar of Flame", "number": "11", "printings": ["AVR", "F12", "IMA", "JMP", "PRM"], "promoTypes": ["tourney", "fnm"], "purchaseUrls": {"cardKingdomFoil": "https://mtgjson.com/links/d21b0e677fcfbce5", "tcgplayer": "https://mtgjson.com/links/dde1d7a42ad35ec2"}, "rarity": "rare", "rulings": [{"date": "2017-11-17", "text": "A creature dealt damage by Pillar of Flame that dies this turn will be exiled even if it wasn’t the target of Pillar of Flame (because the damage was redirected somehow). If the target creature isn’t dealt damage (most likely because the damage was prevented), it won’t be exiled if it dies that turn."}, {"date": "2017-11-17", "text": "A creature dealt damage by Pillar of Flame will be exiled no matter why the creature would die that turn. It could have its toughness reduced to 0 or less or be destroyed by another spell or ability."}], "setCode": "F12", "subtypes": [], "supertypes": [], "text": "Pillar of Flame deals 2 damage to any target. If a creature dealt damage this way would die this turn, exile it instead.", "type": "Sorcery", "types": ["Sorcery"], "uuid": "e805f437-37b0-5b6a-89c3-94ab663a60e9", "watermark": "wotc"}, {"artist": "Trevor Claxton", "availability": ["paper"], "borderColor": "black", "colorIdentity": ["U"], "colors": ["U"], "convertedManaCost": 1.0, "edhrecRank": 256, "finishes": ["foil"], "flavorText": "\"My flesh holds no secrets, monster. The spirit of Mirrodin will fight on.\"\n—Vy Covalt, Mirran resistance", "foreignData": [], "frameVersion": "2003", "hasFoil": true, "hasNonFoil": false, "identifiers": {"cardKingdomFoilId": "189401", "cardsphereId": "17395", "mcmId": "259594", "mtgjsonV4Id": "6622ee2d-eb2b-53be-9c64-ba6e24f6b9d2", "scryfallId": "b511dd44-4c2c-45be-a35b-61524d7a5761", "scryfallIllustrationId": "e7b4b4d9-0ca0-40f4-9f55-1a6d5a1de874", "scryfallOracleId": "1d67f5ff-1fce-45e5-b6a1-416c569351e2", "tcgplayerProductId": "67404"}, "isPromo": true, "isReprint": true, "isStarter": true, "language": "English", "layout": "normal", "legalities": {"commander": "Legal", "duel": "Legal", "legacy": "Banned", "modern": "Banned", "pauper": "Banned", "paupercommander": "Legal", "penny": "Legal", "vintage": "Restricted"}, "manaCost": "{U/P}", "manaValue": 1.0, "name": "Gitaxian Probe", "number": "12", "printings": ["F12", "NPH", "PRM"], "promoTypes": ["tourney", "fnm"], "purchaseUrls": {"cardKingdomFoil": "https://mtgjson.com/links/f6af179f98a6d9fd", "tcgplayer": "https://mtgjson.com/links/d5959aa0ce967988"}, "rarity": "rare", "rulings": [{"date": "2011-06-01", "text": "A card with Phyrexian mana symbols in its mana cost is each color that appears in that mana cost, regardless of how that cost may have been paid."}, {"date": "2011-06-01", "text": "To calculate the converted mana cost of a card with Phyrexian mana symbols in its cost, count each Phyrexian mana symbol as 1."}, {"date": "2011-06-01", "text": "As you cast a spell or activate an activated ability with one or more Phyrexian mana symbols in its cost, you choose how to pay for each Phyrexian mana symbol at the same time you would choose modes or choose a value for X."}, {"date": "2011-06-01", "text": "If you’re at 1 life or less, you can’t pay 2 life."}, {"date": "2011-06-01", "text": "Phyrexian mana is not a new color. Players can’t add Phyrexian mana to their mana pools."}, {"date": "2011-06-01", "text": "The targeted player may have no cards in their hand. You’ll still draw a card."}], "setCode": "F12", "subtypes": [], "supertypes": [], "text": "({U/P} can be paid with either {U} or 2 life.)\nLook at target player's hand.\nDraw a card.", "type": "Sorcery", "types": ["Sorcery"], "uuid": "4a334d73-e2fd-533a-a6a9-a822f767bbc7", "watermark": "wotc"}], "code": "F12", "isFoilOnly": false, "isOnlineOnly": false, "keyruneCode": "PMEI", "name": "Friday Night Magic 2012", "releaseDate": "2012-01-01", "tokens": [{"artist": "Lars Grant-West", "availability": ["paper"], "borderColor": "black", "colorIdentity": ["G", "W"], "colors": ["W"], "faceName": "Human", "finishes": ["nonfoil"], "frameVersion": "2003", "hasFoil": false, "hasNonFoil": true, "identifiers": {"mtgjsonV4Id": "5df33b04-ca4f-5276-81e8-3563d0753fae", "scryfallId": "3a98c51f-c55c-4bd9-853b-65b8bad5a29f", "scryfallIllustrationId": "7ecd772f-6fb3-4255-a220-cfc64dead558", "scryfallOracleId": "38cbe58a-c740-4d24-b09f-28922aa767c2", "tcgplayerProductId": "78389"}, "isPromo": true, "language": "English", "layout": "double_faced_token", "name": "Human // Wolf", "number": "1a", "otherFaceIds": ["51843311-1614-5229-baeb-f71ca33f30c6"], "power": "1", "promoTypes": ["tourney", "fnm"], "reverseRelated": [], "setCode": "F12", "side": "a", "subtypes": ["Human"], "supertypes": [], "toughness": "1", "type": "Token Creature — Human", "types": ["Token", "Creature"], "uuid": "cb5e37b4-3398-55d7-9ddf-23c9d5ce5d8a"}, {"artist": "Lars Grant-West", "availability": ["paper"], "borderColor": "black", "colorIdentity": ["G", "W"], "colors": ["G"], "faceName": "Wolf", "finishes": ["nonfoil"], "frameVersion": "2003", "hasFoil": false, "hasNonFoil": true, "identifiers": {"mtgjsonV4Id": "4e023d7c-79d5-574a-b3dc-78582e7a125d", "scryfallId": "3a98c51f-c55c-4bd9-853b-65b8bad5a29f", "scryfallIllustrationId": "52c07e4c-6107-4962-8a5f-673cfc590668", "scryfallOracleId": "38cbe58a-c740-4d24-b09f-28922aa767c2", "tcgplayerProductId": "78389"}, "isPromo": true, "language": "English", "layout": "double_faced_token", "name": "Human // Wolf", "number": "1a", "otherFaceIds": ["cb5e37b4-3398-55d7-9ddf-23c9d5ce5d8a"], "power": "2", "promoTypes": ["tourney", "fnm"], "reverseRelated": [], "setCode": "F12", "side": "b", "subtypes": ["Wolf"], "supertypes": [], "toughness": "2", "type": "Token Creature — Wolf", "types": ["Token", "Creature"], "uuid": "51843311-1614-5229-baeb-f71ca33f30c6"}], "totalSetSize": 12, "translations": {}, "type": "promo"}}