{"meta": {"date": "2022-05-26", "version": "5.2.0+20220526"}, "data": {"baseSetSize": 12, "block": "Friday Night Magic", "cards": [{"artist": "Christopher Moeller", "availability": ["paper"], "borderColor": "black", "colorIdentity": ["R"], "colors": ["R"], "convertedManaCost": 2.0, "edhrecRank": 9739, "finishes": ["foil"], "flavorText": "Sometimes you die a glorious death with your sword held high. Sometimes you're just target practice.", "foreignData": [], "frameVersion": "2003", "hasFoil": true, "hasNonFoil": false, "identifiers": {"cardKingdomFoilId": "189566", "cardsphereId": "17463", "mcmId": "259856", "mtgjsonV4Id": "3bdfe377-fbfb-55a2-aaf4-3c2c41f4780a", "scryfallId": "e574f1f8-ca61-43b4-8230-2636709a3855", "scryfallIllustrationId": "87b8f09e-456e-4680-bb01-d029b5f293bf", "scryfallOracleId": "aafd44c1-74a9-4aa7-a4a2-67eb39a07478", "tcgplayerProductId": "70917"}, "isPromo": true, "isReprint": true, "isStarter": true, "language": "English", "layout": "normal", "legalities": {"commander": "Legal", "duel": "Legal", "legacy": "Legal", "modern": "Legal", "pauper": "Legal", "paupercommander": "Legal", "penny": "Legal", "vintage": "Legal"}, "manaCost": "{1}{R}", "manaValue": 2.0, "name": "Searing Spear", "number": "1", "printings": ["E01", "F13", "M13", "PRM"], "promoTypes": ["tourney", "fnm"], "purchaseUrls": {"cardKingdomFoil": "https://mtgjson.com/links/84f3559df766d560", "tcgplayer": "https://mtgjson.com/links/295ff754e66c260e"}, "rarity": "rare", "rulings": [], "setCode": "F13", "subtypes": [], "supertypes": [], "text": "Searing Spear deals 3 damage to any target.", "type": "Instant", "types": ["Instant"], "uuid": "811d0fc1-1caf-5803-834f-234effd983aa", "watermark": "wotc"}, {"artist": "Drew Baker", "availability": ["paper"], "borderColor": "black", "colorIdentity": [], "colors": [], "convertedManaCost": 0.0, "edhrecRank": 11, "finishes": ["foil"], "flavorText": "Once guarded by the Knights of the Reliquary, the tower stands now protected only by its own remoteness, its dusty treasures open to plunder by anyone.", "foreignData": [], "frameVersion": "2003", "hasFoil": true, "hasNonFoil": false, "identifiers": {"cardKingdomFoilId": "189972", "cardsphereId": "17450", "mcmId": "260253", "mtgjsonV4Id": "d779fed9-ae9e-5279-8c1c-d9a5ca60521e", "scryfallId": "466133dc-0211-49f8-9a71-90b244499e70", "scryfallIllustrationId": "59886355-eaf1-4f9d-b774-ee716734d9ae", "scryfallOracleId": "c23e5b80-08d2-4e24-9908-fe2aa4f30f6f", "tcgplayerProductId": "70916"}, "isPromo": true, "isReprint": true, "isStarter": true, "language": "English", "layout": "normal", "legalities": {"commander": "Legal", "duel": "Legal", "explorer": "Legal", "gladiator": "Legal", "historic": "Legal", "historicbrawl": "Legal", "legacy": "Legal", "modern": "Legal", "penny": "Legal", "pioneer": "Legal", "vintage": "Legal"}, "manaValue": 0.0, "name": "Reliquary Tower", "number": "2", "printings": ["C14", "C15", "C16", "C19", "C20", "C21", "CM2", "CMR", "CON", "F13", "M13", "M19", "MB1", "PHED", "PLG20", "PM19", "PRM"], "promoTypes": ["tourney", "fnm"], "purchaseUrls": {"cardKingdomFoil": "https://mtgjson.com/links/e85585681535caf7", "tcgplayer": "https://mtgjson.com/links/95feb25403f559d9"}, "rarity": "rare", "rulings": [{"date": "2009-02-01", "text": "If multiple effects modify your hand size, apply them in timestamp order. For example, if you put Null Profusion (an enchantment that says your maximum hand size is two) onto the battlefield and then put Reliquary Tower onto the battlefield, you’ll have no maximum hand size. However, if those permanents enter the battlefield in the opposite order, your maximum hand size would be two."}], "setCode": "F13", "subtypes": [], "supertypes": [], "text": "You have no maximum hand size.\n{T}: Add {C}.", "type": "Land", "types": ["Land"], "uuid": "43805f80-743b-57ef-8f99-3ad19631120e", "watermark": "wotc"}, {"artist": "Michael Komarck", "availability": ["paper"], "borderColor": "black", "colorIdentity": ["G"], "colors": ["G"], "convertedManaCost": 2.0, "edhrecRank": 31, "finishes": ["foil"], "flavorText": "\"How truly vast this city must be, that I have traveled so far and seen so much, yet never once found the place where the buildings fail.\"", "foreignData": [], "frameVersion": "2003", "hasFoil": true, "hasNonFoil": false, "identifiers": {"cardKingdomFoilId": "189973", "cardsphereId": "17377", "mcmId": "260984", "mtgjsonV4Id": "b638c118-817f-5ae3-a2f7-6af34d66d7d6", "scryfallId": "8b4708fb-864a-459c-9126-c9b9c17bd8a9", "scryfallIllustrationId": "ac2b97a2-2b32-45e7-8808-a61eebad8796", "scryfallOracleId": "495e52e6-4c2b-4574-9474-eadbdcc8b4ac", "tcgplayerProductId": "67879"}, "isPromo": true, "isReprint": true, "isStarter": true, "language": "English", "layout": "normal", "legalities": {"commander": "Legal", "duel": "Legal", "legacy": "Legal", "modern": "Legal", "pauper": "Legal", "paupercommander": "Legal", "penny": "Legal", "vintage": "Legal"}, "manaCost": "{1}{G}", "manaValue": 2.0, "name": "Farseek", "number": "3", "printings": ["C16", "C17", "C19", "F13", "M13", "MB1", "NCC", "PRM", "RAV", "TSR"], "promoTypes": ["tourney", "fnm"], "purchaseUrls": {"cardKingdomFoil": "https://mtgjson.com/links/f1362daf3d90975b", "tcgplayer": "https://mtgjson.com/links/41676917b245fbf2"}, "rarity": "rare", "rulings": [{"date": "2021-03-19", "text": "Farseek can find any land with any of the listed land types, including nonbasic ones, even if that land is a Forest in addition to one or more of those types."}], "setCode": "F13", "subtypes": [], "supertypes": [], "text": "Search your library for a Plains, Island, Swamp, or Mountain card, put it onto the battlefield tapped, then shuffle.", "type": "Sorcery", "types": ["Sorcery"], "uuid": "61b3ac80-fbaa-5881-9f39-4b49d22b4f23", "watermark": "wotc"}, {"artist": "Anthony Palumbo", "availability": ["paper"], "borderColor": "black", "colorIdentity": ["G", "W"], "colors": ["G", "W"], "convertedManaCost": 2.0, "edhrecRank": 11288, "finishes": ["foil"], "flavorText": "Centaurs are sent to evangelize in Gruul territories where words of war speak louder than prayers of peace.", "foreignData": [], "frameVersion": "2003", "hasFoil": true, "hasNonFoil": false, "identifiers": {"cardKingdomFoilId": "190608", "cardsphereId": "17340", "mcmId": "261211", "mtgjsonV4Id": "cfb3621e-da2e-52a5-aecd-b9aa53509306", "scryfallId": "70b39dc4-3442-4e0c-8c39-8f0ac1de9305", "scryfallIllustrationId": "0ed89b3e-93f0-4f6d-b772-4f33a13ce698", "scryfallOracleId": "e1635acd-ed1e-4038-a11a-6518df285253", "tcgplayerProductId": "67880"}, "isPromo": true, "isReprint": true, "isStarter": true, "language": "English", "layout": "normal", "legalities": {"commander": "Legal", "duel": "Legal", "legacy": "Legal", "modern": "Legal", "pauper": "Legal", "paupercommander": "Legal", "penny": "Legal", "pioneer": "Legal", "vintage": "Legal"}, "manaCost": "{G}{W}", "manaValue": 2.0, "name": "Call of the Conclave", "number": "4", "printings": ["F13", "GK1", "MM3", "PRM", "RTR"], "promoTypes": ["tourney", "fnm"], "purchaseUrls": {"cardKingdomFoil": "https://mtgjson.com/links/8e2152de9cfc76bb", "tcgplayer": "https://mtgjson.com/links/d6f3c68e18bbe8db"}, "rarity": "rare", "rulings": [], "setCode": "F13", "subtypes": [], "supertypes": [], "text": "Create a 3/3 green Centaur creature token.", "type": "Sorcery", "types": ["Sorcery"], "uuid": "ca7da6cb-976d-56a3-9d59-73d853722d81", "watermark": "selesnya"}, {"artist": "Ryan Yee", "availability": ["paper"], "borderColor": "black", "colorIdentity": ["U", "W"], "colors": ["U", "W"], "convertedManaCost": 1.0, "edhrecRank": 5399, "finishes": ["foil"], "flavorText": "\"It misses nothing and it has no sense of humor.\"\n—Barvisa, courtroom scribe", "foreignData": [], "frameVersion": "2003", "hasFoil": true, "hasNonFoil": false, "identifiers": {"cardKingdomFoilId": "191059", "cardsphereId": "17412", "mcmId": "261756", "mtgjsonV4Id": "5b410c07-0215-5fb5-85e0-d6829ddae4a9", "scryfallId": "a94cfc94-08cd-406b-8e58-0a69ea0e312f", "scryfallIllustrationId": "4279b421-0656-437b-bf22-407466f6902e", "scryfallOracleId": "22b7975c-37a5-4895-b209-bdeeec0c6aea", "tcgplayerProductId": "70914"}, "isPromo": true, "isReprint": true, "isStarter": true, "keywords": ["Flying"], "language": "English", "layout": "normal", "legalities": {"commander": "Legal", "duel": "Legal", "legacy": "Legal", "modern": "Legal", "paupercommander": "Restricted", "penny": "Legal", "pioneer": "Legal", "vintage": "Legal"}, "manaCost": "{W/U}", "manaValue": 1.0, "name": "Judge's Familiar", "number": "5", "power": "1", "printings": ["F13", "GK2", "PRM", "RTR"], "promoTypes": ["tourney", "fnm"], "purchaseUrls": {"cardKingdomFoil": "https://mtgjson.com/links/8f0c912dccc9d815", "tcgplayer": "https://mtgjson.com/links/0a1c4a9e06a02e19"}, "rarity": "rare", "rulings": [], "setCode": "F13", "subtypes": ["Bird"], "supertypes": [], "text": "Flying\nSacrifice Judge's Familiar: Counter target instant or sorcery spell unless its controller pays {1}.", "toughness": "1", "type": "Creature — Bird", "types": ["Creature"], "uuid": "345d54cc-021c-558d-abb1-026ef6d67ced", "watermark": "azorius"}, {"artist": "Zoltan Boros", "availability": ["paper"], "borderColor": "black", "colorIdentity": ["R", "U"], "colors": ["R", "U"], "convertedManaCost": 2.0, "edhrecRank": 1151, "finishes": ["foil"], "foreignData": [], "frameVersion": "2003", "hasFoil": true, "hasNonFoil": false, "identifiers": {"cardKingdomFoilId": "192145", "cardsphereId": "17409", "mcmId": "262171", "mtgjsonV4Id": "6699e669-8d4d-50c9-b4f3-bd7a0c4caf96", "scryfallId": "e8e84a97-8e40-42fa-a114-df90e820ede6", "scryfallIllustrationId": "d6a18e94-d65e-45de-936e-6a065ebd8af4", "scryfallOracleId": "a07698f6-5ad5-49a3-9da2-f82d407f5cd7", "tcgplayerProductId": "70766"}, "isPromo": true, "isReprint": true, "isStarter": true, "language": "English", "layout": "normal", "legalities": {"commander": "Legal", "duel": "Legal", "legacy": "Legal", "modern": "Legal", "penny": "Legal", "pioneer": "Legal", "vintage": "Legal"}, "manaCost": "{U}{R}", "manaValue": 2.0, "name": "Izzet Charm", "number": "6", "printings": ["2XM", "DDJ", "F13", "GK1", "MM3", "PRM", "RTR"], "promoTypes": ["tourney", "fnm"], "purchaseUrls": {"cardKingdomFoil": "https://mtgjson.com/links/28dac26a19089ccd", "tcgplayer": "https://mtgjson.com/links/904b3002e7b6caac"}, "rarity": "rare", "rulings": [{"date": "2020-08-07", "text": "If you choose the last mode, you draw two cards and discard two cards all while Izzet Charm is resolving. Nothing can happen between the two, and no player may choose to take actions."}], "setCode": "F13", "subtypes": [], "supertypes": [], "text": "Choose one —\n• Counter target noncreature spell unless its controller pays {2}.\n• Izzet Charm deals 2 damage to target creature.\n• Draw two cards, then discard two cards.", "type": "Instant", "types": ["Instant"], "uuid": "f744e2c7-b53d-57b6-a6b9-0feb3d3366c6", "watermark": "izzet"}, {"artist": "Dave Kendall", "availability": ["paper"], "borderColor": "black", "colorIdentity": ["B", "R"], "colors": ["B", "R"], "convertedManaCost": 1.0, "edhrecRank": 12028, "finishes": ["foil"], "flavorText": "Devil-blades and dripping blood make music Rakdos never tires of hearing.", "foreignData": [], "frameVersion": "2003", "hasFoil": true, "hasNonFoil": false, "identifiers": {"cardKingdomFoilId": "192146", "cardsphereId": "17447", "mcmId": "263020", "mtgjsonV4Id": "c33046e1-5588-5e70-9ea1-defea0781a3a", "scryfallId": "0984adcd-9a55-4f11-b665-b81ead7d2c9d", "scryfallIllustrationId": "d535392f-26a9-4a40-83b8-113257732f0b", "scryfallOracleId": "763a2d27-52a8-43d9-b649-0f6c0cf87a07", "tcgplayerProductId": "70915"}, "isPromo": true, "isReprint": true, "isStarter": true, "keywords": ["Unleash"], "language": "English", "layout": "normal", "legalities": {"commander": "Legal", "duel": "Legal", "legacy": "Legal", "modern": "Legal", "paupercommander": "Restricted", "penny": "Legal", "pioneer": "Legal", "vintage": "Legal"}, "manaCost": "{B/R}", "manaValue": 1.0, "name": "Rakdos Cackler", "number": "7", "power": "1", "printings": ["F13", "GK2", "PRM", "RTR"], "promoTypes": ["tourney", "fnm"], "purchaseUrls": {"cardKingdomFoil": "https://mtgjson.com/links/6f8dc02f157003f9", "tcgplayer": "https://mtgjson.com/links/98a748c5b569e6ab"}, "rarity": "rare", "rulings": [{"date": "2013-04-15", "text": "You make the choice to have the creature with unleash enter the battlefield with a +1/+1 counter or not as it’s entering the battlefield. At that point, it’s too late for a player to respond to the creature spell by trying to counter it, for example."}, {"date": "2013-04-15", "text": "The unleash ability applies no matter where the creature is entering the battlefield from."}, {"date": "2013-04-15", "text": "A creature with unleash can’t block if it has any +1/+1 counter on it, not just one put on it by the unleash ability."}, {"date": "2013-04-15", "text": "Putting a +1/+1 counter on a creature with unleash that’s already blocking won’t remove it from combat. It will continue to block."}], "setCode": "F13", "subtypes": ["Devil"], "supertypes": [], "text": "Unleash (You may have this creature enter the battlefield with a +1/+1 counter on it. It can't block as long as it has a +1/+1 counter on it.)", "toughness": "1", "type": "Creature — Devil", "types": ["Creature"], "uuid": "929fc98b-848e-5207-9ae9-ec562408e3e6", "watermark": "rakdos"}, {"artist": "Zoltan Boros", "availability": ["paper"], "borderColor": "black", "colorIdentity": ["B", "U"], "colors": ["B", "U"], "convertedManaCost": 2.0, "edhrecRank": 4782, "finishes": ["foil"], "flavorText": "\"Dangerous to recognize. Deadly not to.\"\n—Lazav", "foreignData": [], "frameVersion": "2003", "hasFoil": true, "hasNonFoil": false, "identifiers": {"cardKingdomFoilId": "192147", "cardsphereId": "17358", "mcmId": "263501", "mtgjsonV4Id": "c952859e-c495-5a75-87a9-f39b8325008c", "scryfallId": "9f6bc1da-3969-4f19-b072-4ed79f906fef", "scryfallIllustrationId": "75ecc8d5-1a36-4ace-93f5-a8c3d4cddf5e", "scryfallOracleId": "4d99e786-585d-4026-9253-19741fb357de", "tcgplayerProductId": "70918"}, "isPromo": true, "isReprint": true, "isStarter": true, "language": "English", "layout": "normal", "legalities": {"commander": "Legal", "duel": "Legal", "legacy": "Legal", "modern": "Legal", "penny": "Legal", "pioneer": "Legal", "vintage": "Legal"}, "manaCost": "{U}{B}", "manaValue": 2.0, "name": "Dimir Charm", "number": "8", "printings": ["F13", "GK1", "GTC", "PRM"], "promoTypes": ["tourney", "fnm"], "purchaseUrls": {"cardKingdomFoil": "https://mtgjson.com/links/5cded62a3bff5103", "tcgplayer": "https://mtgjson.com/links/8f7498105106281c"}, "rarity": "rare", "rulings": [], "setCode": "F13", "subtypes": [], "supertypes": [], "text": "Choose one —\n• Counter target sorcery spell.\n• Destroy target creature with power 2 or less.\n• Look at the top three cards of target player's library. Put one back and the rest into that player's graveyard.", "type": "Instant", "types": ["Instant"], "uuid": "f32446fe-9b4f-51c6-ad32-f2ac009cddc6", "watermark": "dimir"}, {"artist": "Jack Wang", "availability": ["paper"], "borderColor": "black", "colorIdentity": ["G"], "colors": ["G"], "convertedManaCost": 1.0, "edhrecRank": 6132, "finishes": ["foil"], "foreignData": [], "frameVersion": "2003", "hasFoil": true, "hasNonFoil": false, "identifiers": {"cardKingdomFoilId": "193099", "cardsphereId": "17374", "mcmId": "264066", "mtgjsonV4Id": "bff6369d-4e97-580c-90a1-8f97261651de", "scryfallId": "d56a2703-06b8-4bdf-b346-dd38dbc06f2b", "scryfallIllustrationId": "73232ce4-da31-4ac0-9000-5dae85ca4ebf", "scryfallOracleId": "8520ee67-439b-4f15-838b-420bacbb8b13", "tcgplayerProductId": "70919"}, "isPromo": true, "isReprint": true, "isStarter": true, "keywords": ["Evolve"], "language": "English", "layout": "normal", "legalities": {"commander": "Legal", "duel": "Legal", "legacy": "Legal", "modern": "Legal", "paupercommander": "Restricted", "pioneer": "Legal", "vintage": "Legal"}, "manaCost": "{G}", "manaValue": 1.0, "name": "Experiment One", "number": "9", "power": "1", "printings": ["C15", "F13", "GK2", "GTC", "MB1", "PRM"], "promoTypes": ["tourney", "fnm"], "purchaseUrls": {"cardKingdomFoil": "https://mtgjson.com/links/95d90a02b2ffb34b", "tcgplayer": "https://mtgjson.com/links/10c70ffaaa84bee9"}, "rarity": "rare", "rulings": [{"date": "2013-01-24", "text": "If removing two +1/+1 counters from Experiment One causes the amount of damage already marked on Experiment One to be equal to or greater than its toughness, it will be put into its owner’s graveyard as a state-based action before the regeneration shield is created."}, {"date": "2013-04-15", "text": "If evolve triggers, the stat comparison will happen again when the ability tries to resolve. If neither stat of the new creature is greater, the ability will do nothing. If the creature that entered the battlefield leaves the battlefield before evolve tries to resolve, use its last known power and toughness to compare the stats."}, {"date": "2013-04-15", "text": "When comparing the stats of the two creatures for evolve, you always compare power to power and toughness to toughness."}, {"date": "2013-04-15", "text": "Whenever a creature enters the battlefield under your control, check its power and toughness against the power and toughness of the creature with evolve. If neither stat of the new creature is greater, evolve won’t trigger at all."}, {"date": "2013-04-15", "text": "When comparing the stats as the evolve ability resolves, it’s possible that the stat that’s greater changes from power to toughness or vice versa. If this happens, the ability will still resolve and you’ll put a +1/+1 counter on the creature with evolve. For example, if you control a 2/2 creature with evolve and a 1/3 creature enters the battlefield under your control, it toughness is greater so evolve will trigger. In response, the 1/3 creature gets +2/-2. When the evolve trigger tries to resolve, its power is greater. You’ll put a +1/+1 counter on the creature with evolve."}, {"date": "2013-04-15", "text": "If a creature enters the battlefield with +1/+1 counters on it, consider those counters when determining if evolve will trigger. For example, a 1/1 creature that enters the battlefield with two +1/+1 counters on it will cause the evolve ability of a 2/2 creature to trigger."}, {"date": "2013-04-15", "text": "If multiple creatures enter the battlefield at the same time, evolve may trigger multiple times, although the stat comparison will take place each time one of those abilities tries to resolve. For example, if you control a 2/2 creature with evolve and two 3/3 creatures enter the battlefield, evolve will trigger twice. The first ability will resolve and put a +1/+1 counter on the creature with evolve. When the second ability tries to resolve, neither the power nor the toughness of the new creature is greater than that of the creature with evolve, so that ability does nothing."}], "setCode": "F13", "subtypes": ["Human", "Ooze"], "supertypes": [], "text": "Evolve (Whenever a creature enters the battlefield under your control, if that creature has greater power or toughness than this creature, put a +1/+1 counter on this creature.)\nRemove two +1/+1 counters from Experiment One: Regenerate Experiment One.", "toughness": "1", "type": "Creature — Human Ooze", "types": ["Creature"], "uuid": "4e0e6368-4af1-59a3-8924-fb463ac54099", "watermark": "simic"}, {"artist": "Dave Kendall", "availability": ["paper"], "borderColor": "black", "colorIdentity": ["G", "R"], "colors": ["G", "R"], "convertedManaCost": 4.0, "edhrecRank": 10393, "finishes": ["foil"], "flavorText": "\"The Simic come from the cold slow depths. How could they understand the fire in a wild heart?\"\n—Kroshkar, Gruul shaman", "foreignData": [], "frameVersion": "2003", "hasFoil": true, "hasNonFoil": false, "identifiers": {"cardKingdomFoilId": "193100", "cardsphereId": "17392", "mcmId": "264381", "mtgjsonV4Id": "89310da7-cb2e-5b99-9418-07bf189bbe3a", "scryfallId": "5dacb6f8-20f7-4ed4-aa9f-8c1d55f09357", "scryfallIllustrationId": "840d6a06-af27-4e13-8c64-a0fa005dd72b", "scryfallOracleId": "ec7a9e7f-742b-4344-983e-73372c6a1760", "tcgplayerProductId": "70920"}, "isPromo": true, "isReprint": true, "isStarter": true, "keywords": ["Bloodrush", "Trample"], "language": "English", "layout": "normal", "legalities": {"commander": "Legal", "duel": "Legal", "legacy": "Legal", "modern": "Legal", "paupercommander": "Restricted", "penny": "Legal", "pioneer": "Legal", "vintage": "Legal"}, "manaCost": "{2}{R}{G}", "manaValue": 4.0, "name": "Ghor-Clan Rampager", "number": "10", "power": "4", "printings": ["2XM", "F13", "GK2", "GTC", "MB1", "MM3", "PRM"], "promoTypes": ["tourney", "fnm"], "purchaseUrls": {"cardKingdomFoil": "https://mtgjson.com/links/cbf16cf25cefde88", "tcgplayer": "https://mtgjson.com/links/44ea0c03c137e0f8"}, "rarity": "rare", "rulings": [], "setCode": "F13", "subtypes": ["Beast"], "supertypes": [], "text": "Trample\nBloodrush — {R}{G}, Discard Ghor-Clan Rampager: Target attacking creature gets +4/+4 and gains trample until end of turn.", "toughness": "4", "type": "Creature — Beast", "types": ["Creature"], "uuid": "181ea030-6951-581e-a346-5a1bacb0c34d", "watermark": "gruul"}, {"artist": "Maciej Kuciara", "availability": ["paper"], "borderColor": "black", "colorIdentity": ["B", "G"], "colors": ["B", "G"], "convertedManaCost": 2.0, "edhrecRank": 1223, "finishes": ["foil"], "flavorText": "To the Golgari, anything buried is treasure.", "foreignData": [], "frameVersion": "2003", "hasFoil": true, "hasNonFoil": false, "identifiers": {"cardKingdomFoilId": "193735", "cardsphereId": "17403", "mcmId": "265331", "mtgjsonV4Id": "64c6b730-c12a-5223-bfd1-e375535f3945", "scryfallId": "03240882-c797-458d-b92d-8d8f0d9952dc", "scryfallIllustrationId": "26732622-2e9b-49fb-8e60-a180934de3c4", "scryfallOracleId": "a89ebf63-63c9-42cd-98b4-ec852cd9b0a8", "tcgplayerProductId": "71460"}, "isPromo": true, "isReprint": true, "isStarter": true, "language": "English", "layout": "normal", "legalities": {"commander": "Legal", "duel": "Legal", "explorer": "Legal", "gladiator": "Legal", "historic": "Legal", "historicbrawl": "Legal", "legacy": "Legal", "modern": "Legal", "pauper": "Legal", "paupercommander": "Legal", "penny": "Legal", "pioneer": "Legal", "vintage": "Legal"}, "manaCost": "{B}{G}", "manaValue": 2.0, "name": "Grisly Salvage", "number": "11", "printings": ["C15", "C18", "C20", "CMA", "F13", "GK1", "HA5", "PRM", "RTR"], "promoTypes": ["tourney", "fnm"], "purchaseUrls": {"cardKingdomFoil": "https://mtgjson.com/links/c97fb3d6df983ee1", "tcgplayer": "https://mtgjson.com/links/35f95f6f9bcc878f"}, "rarity": "rare", "rulings": [], "setCode": "F13", "subtypes": [], "supertypes": [], "text": "Reveal the top five cards of your library. You may put a creature or land card from among them into your hand. Put the rest into your graveyard.", "type": "Instant", "types": ["Instant"], "uuid": "b12e735a-ff8d-502a-a56f-7a0f7fa50718", "watermark": "golgari"}, {"artist": "Izzy", "availability": ["paper"], "borderColor": "black", "colorIdentity": ["B", "W"], "colors": ["B", "W"], "convertedManaCost": 3.0, "edhrecRank": 8394, "finishes": ["foil"], "flavorText": "\"That must weigh heavily on your soul. Let me purge it for you.\"", "foreignData": [], "frameVersion": "2003", "hasFoil": true, "hasNonFoil": false, "identifiers": {"cardKingdomFoilId": "193736", "cardsphereId": "17469", "mcmId": "265403", "mtgjsonV4Id": "783f626a-38c2-5249-aaaa-64ae137bb274", "scryfallId": "31eba6c5-653b-4fe9-9b58-b3aa101f9ce9", "scryfallIllustrationId": "44ad1184-a361-4155-a251-867dd8c06065", "scryfallOracleId": "6bef2904-1ebe-4e7e-879a-79f4968174fb", "tcgplayerProductId": "71461"}, "isPromo": true, "isReprint": true, "isStarter": true, "language": "English", "layout": "normal", "legalities": {"commander": "Legal", "duel": "Legal", "legacy": "Legal", "modern": "Legal", "paupercommander": "Restricted", "penny": "Legal", "pioneer": "Legal", "vintage": "Legal"}, "manaCost": "{1}{W}{B}", "manaValue": 3.0, "name": "Sin Collector", "number": "12", "power": "2", "printings": ["DGM", "F13", "GK2", "MM3", "PRM"], "promoTypes": ["tourney", "fnm"], "purchaseUrls": {"cardKingdomFoil": "https://mtgjson.com/links/435aaef8e564a680", "tcgplayer": "https://mtgjson.com/links/b349ef984f630fb4"}, "rarity": "rare", "rulings": [{"date": "2013-04-15", "text": "No player can do anything between you choosing a card and that card being exiled. Notably, your opponent can’t cast the card once Sin Collector’s ability has started to resolve."}], "setCode": "F13", "subtypes": ["Human", "Cleric"], "supertypes": [], "text": "When Sin Collector enters the battlefield, target opponent reveals their hand. You choose an instant or sorcery card from it and exile that card.", "toughness": "1", "type": "Creature — Human Cleric", "types": ["Creature"], "uuid": "b4ef96ca-8e5a-5f92-aef5-e5a9cb6f5b76", "watermark": "orzhov"}], "code": "F13", "isFoilOnly": true, "isOnlineOnly": false, "keyruneCode": "PMEI", "name": "Friday Night Magic 2013", "releaseDate": "2013-01-01", "tokens": [], "totalSetSize": 12, "translations": {}, "type": "promo"}}