{"meta": {"date": "2022-05-26", "version": "5.2.0+20220526"}, "data": {"baseSetSize": 5, "block": "Judge Gift Cards", "cards": [{"artist": "Chippy", "availability": ["paper"], "borderColor": "black", "colorIdentity": ["W"], "colors": ["W"], "convertedManaCost": 1.0, "edhrecRank": 6772, "finishes": ["foil"], "foreignData": [], "frameVersion": "2003", "hasFoil": true, "hasNonFoil": false, "identifiers": {"cardKingdomFoilId": "126159", "cardsphereId": "22382", "mcmId": "19970", "mtgjsonV4Id": "eb88f96a-5f70-5b7e-bf8e-276d2c1b9fe4", "scryfallId": "a0d59d90-0a4f-45f1-81ad-23a348a1a868", "scryfallIllustrationId": "f05540f8-c76c-4d15-943a-154db6c0f81e", "scryfallOracleId": "26d3a818-7faf-443a-a6bd-9773edaedf17", "tcgplayerProductId": "38263"}, "isPromo": true, "isReprint": true, "isStarter": true, "keywords": ["Kicker"], "language": "English", "layout": "normal", "legalities": {"commander": "Legal", "duel": "Legal", "legacy": "Legal", "penny": "Legal", "premodern": "Legal", "vintage": "Legal"}, "manaCost": "{W}", "manaValue": 1.0, "name": "Orim's Chant", "number": "1", "printings": ["G08", "PLS", "PRM"], "promoTypes": ["judgegift"], "purchaseUrls": {"cardKingdomFoil": "https://mtgjson.com/links/92bd5645a38651c2", "tcgplayer": "https://mtgjson.com/links/c4d31ef6487939af"}, "rarity": "rare", "rulings": [{"date": "2004-10-04", "text": "This spell does nothing to creatures which are already attacking. It does not remove attacking creatures from combat."}, {"date": "2004-10-04", "text": "This spell does not affect the abilities of permanents. It only affects spells."}, {"date": "2008-08-01", "text": "This can’t be used as a counterspell. It will have no effect on spells which were on the stack when it was cast, nor on those cast in response to it."}], "setCode": "G08", "subtypes": [], "supertypes": [], "text": "Kicker {W} (You may pay an additional {W} as you cast this spell.)\nTarget player can't cast spells this turn. If this spell was kicked, creatures can't attack this turn.", "type": "Instant", "types": ["Instant"], "uuid": "1ed3b5ed-fe6e-5e11-8d92-ebe31f375b8d", "watermark": "dci"}, {"artist": "Anthony Francisco", "availability": ["paper"], "borderColor": "black", "colorIdentity": ["U"], "colors": ["U"], "convertedManaCost": 6.0, "edhrecRank": 1638, "finishes": ["foil"], "foreignData": [], "frameVersion": "2003", "hasFoil": true, "hasNonFoil": false, "identifiers": {"cardKingdomFoilId": "125588", "cardsphereId": "22372", "mcmId": "19776", "mtgjsonV4Id": "cbe935e6-da45-5f24-9b23-1df6c464ac26", "scryfallId": "3af9ca89-d7b1-4533-8033-e9c805f39155", "scryfallIllustrationId": "888124f9-fa9f-4cc9-86b8-fb70b277881c", "scryfallOracleId": "b3739b5a-5731-4c64-a244-815a363b0d5c", "tcgplayerProductId": "38259"}, "isPromo": true, "isReprint": true, "isStarter": true, "keywords": ["Storm"], "language": "English", "layout": "normal", "legalities": {"commander": "Legal", "duel": "Legal", "gladiator": "Legal", "historic": "Legal", "historicbrawl": "Legal", "legacy": "Banned", "penny": "Legal", "premodern": "Banned", "vintage": "Restricted"}, "manaCost": "{4}{U}{U}", "manaValue": 6.0, "name": "Mind's Desire", "number": "2", "printings": ["C21", "DDS", "G08", "PRM", "SCG", "STA", "V16", "VMA"], "promoTypes": ["judgegift"], "purchaseUrls": {"cardKingdomFoil": "https://mtgjson.com/links/b735f410016ccf4e", "tcgplayer": "https://mtgjson.com/links/28d50a400c34b427"}, "rarity": "rare", "rulings": [{"date": "2004-10-04", "text": "If the card is not played by end of turn, it remains exiled until end of game."}, {"date": "2004-10-04", "text": "The card is face-up when exiled."}, {"date": "2013-06-07", "text": "The copies are put directly onto the stack. They aren’t cast and won’t be counted by other spells with storm cast later in the turn."}, {"date": "2013-06-07", "text": "Spells cast from zones other than a player’s hand and spells that were countered are counted by the storm ability."}, {"date": "2013-06-07", "text": "A copy of a spell can be countered like any other spell, but it must be countered individually. Countering a spell with storm won’t affect the copies."}, {"date": "2013-06-07", "text": "The triggered ability that creates the copies can itself be countered by anything that can counter a triggered ability. If it is countered, no copies will be put onto the stack."}], "setCode": "G08", "subtypes": [], "supertypes": [], "text": "Shuffle your library. Then exile the top card of your library. Until end of turn, you may play that card without paying its mana cost.\nStorm (When you cast this spell, copy it for each spell cast before it this turn.)", "type": "Sorcery", "types": ["Sorcery"], "uuid": "74caaf4b-167c-53f0-b136-86e26bc115cf", "watermark": "dci"}, {"artist": "Daarken", "availability": ["paper"], "borderColor": "black", "colorIdentity": ["B"], "colors": ["B"], "convertedManaCost": 2.0, "edhrecRank": 30, "finishes": ["foil"], "foreignData": [], "frameVersion": "2003", "hasFoil": true, "hasNonFoil": false, "identifiers": {"cardKingdomFoilId": "126610", "cardsphereId": "22334", "mcmId": "19775", "mtgjsonV4Id": "36a29c07-2b1b-5b43-a996-004008d939c2", "scryfallId": "b7d77e0b-c918-4a16-94e2-e9f8cf709217", "scryfallIllustrationId": "e5563258-b15e-488d-a467-8efcd2552ee9", "scryfallOracleId": "82004860-e589-4e38-8d61-8c0210e4ea39", "tcgplayerProductId": "38238"}, "isPromo": true, "isReprint": true, "isStarter": true, "language": "English", "layout": "normal", "legalities": {"commander": "Legal", "duel": "Legal", "gladiator": "Legal", "historic": "Banned", "historicbrawl": "Banned", "legacy": "Banned", "vintage": "Restricted"}, "manaCost": "{1}{B}", "manaValue": 2.0, "name": "Demonic Tutor", "number": "3", "printings": ["2ED", "3ED", "CED", "CEI", "DDC", "DVD", "FBB", "G08", "J20", "LEA", "LEB", "MB1", "ME4", "PLIST", "PRM", "PUMA", "STA", "SUM", "UMA", "VMA"], "promoTypes": ["judgegift"], "purchaseUrls": {"cardKingdomFoil": "https://mtgjson.com/links/154a96da64504dd8", "tcgplayer": "https://mtgjson.com/links/9c251e454dac1922"}, "rarity": "rare", "rulings": [{"date": "2004-10-04", "text": "You pick a card on resolution."}, {"date": "2004-10-04", "text": "You don’t reveal the card to your opponent."}, {"date": "2004-10-04", "text": "This card is put directly into your hand. It is not drawn."}], "setCode": "G08", "subtypes": [], "supertypes": [], "text": "Search your library for a card, put that card into your hand, then shuffle.", "type": "Sorcery", "types": ["Sorcery"], "uuid": "63148e77-a904-572f-9b65-d30f8aeec7c6", "watermark": "dci"}, {"artist": "Dave Kendall", "availability": ["paper"], "borderColor": "black", "colorIdentity": ["R"], "colors": ["R"], "convertedManaCost": 2.0, "edhrecRank": 3910, "finishes": ["foil"], "foreignData": [], "frameVersion": "2003", "hasFoil": true, "hasNonFoil": false, "identifiers": {"cardKingdomFoilId": "125298", "cardsphereId": "22349", "mcmId": "19969", "mtgjsonV4Id": "a096e29d-a776-52c8-a485-e0e033d22588", "scryfallId": "e754551e-a3cb-45f4-8106-a22dcf2c567a", "scryfallIllustrationId": "83a4e7fe-22c7-48b2-ac40-4e2d13c149df", "scryfallOracleId": "4d74d12b-1ffb-482f-8bac-635a8d4d32e9", "tcgplayerProductId": "38245"}, "isPromo": true, "isReprint": true, "isStarter": true, "keywords": ["Protection"], "language": "English", "layout": "normal", "legalities": {"commander": "Legal", "duel": "Legal", "legacy": "Legal", "modern": "Legal", "pioneer": "Legal", "premodern": "Legal", "vintage": "Legal"}, "manaCost": "{1}{R}", "manaValue": 2.0, "name": "Goblin Piledriver", "number": "4", "power": "1", "printings": ["G08", "MB1", "ONS", "ORI", "PORI", "PRM", "SLD", "VMA", "WC03"], "promoTypes": ["judgegift"], "purchaseUrls": {"cardKingdomFoil": "https://mtgjson.com/links/3433faaa903b4c29", "tcgplayer": "https://mtgjson.com/links/0e507ad194431887"}, "rarity": "rare", "rulings": [{"date": "2004-10-04", "text": "The number of Goblins is counted when this ability resolves."}], "setCode": "G08", "subtypes": ["Goblin", "Warrior"], "supertypes": [], "text": "Protection from blue (This creature can't be blocked, targeted, dealt damage, or enchanted by anything blue.)\nWhenever Goblin Piledriver attacks, it gets +2/+0 until end of turn for each other attacking Goblin.", "toughness": "2", "type": "Creature — Goblin Warrior", "types": ["Creature"], "uuid": "9aeb3e5b-1aca-52f8-b4a6-78ab970d3a3c", "watermark": "dci"}, {"artist": "Hideaki Takamura", "availability": ["paper"], "borderColor": "black", "colorIdentity": ["G"], "colors": ["G"], "convertedManaCost": 2.0, "edhrecRank": 18526, "finishes": ["foil"], "foreignData": [], "frameVersion": "2003", "hasFoil": true, "hasNonFoil": false, "identifiers": {"cardKingdomFoilId": "127122", "cardsphereId": "22366", "mcmId": "20805", "mtgjsonV4Id": "2f8526fb-bc61-5710-9c96-d6ee460f91f0", "scryfallId": "44fe87ca-5707-4c6a-a1ab-e533eb0b381f", "scryfallIllustrationId": "8b300042-6031-4ad6-94dd-bf012faca7e0", "scryfallOracleId": "b9d186f5-1c92-4539-a5b5-e7fbd4b726fe", "tcgplayerProductId": "38255"}, "isPromo": true, "isReprint": true, "isStarter": true, "language": "English", "layout": "normal", "legalities": {"commander": "Legal", "duel": "Legal", "legacy": "Legal", "premodern": "Legal", "vintage": "Legal"}, "manaCost": "{1}{G}", "manaValue": 2.0, "name": "Living Wish", "number": "5", "printings": ["A25", "G08", "JUD", "PRM", "WC02"], "promoTypes": ["judgegift"], "purchaseUrls": {"cardKingdomFoil": "https://mtgjson.com/links/5698324078fafc73", "tcgplayer": "https://mtgjson.com/links/9c32c1eaa5891e2a"}, "rarity": "rare", "rulings": [{"date": "2004-10-04", "text": "Can’t acquire the Ante cards. They are considered still “in the game” as are cards in the library and the graveyard."}, {"date": "2007-05-01", "text": "The choice is optional."}, {"date": "2007-05-01", "text": "If you fail to find something, you still exile this."}, {"date": "2007-09-16", "text": "Can’t acquire cards that are phased out."}, {"date": "2009-10-01", "text": "You can’t acquire exiled cards because those cards are still in one of the game’s zones."}, {"date": "2009-10-01", "text": "In a sanctioned event, a card that’s “outside the game” is one that’s in your sideboard. In an unsanctioned event, you may choose any card from your collection."}], "setCode": "G08", "subtypes": [], "supertypes": [], "text": "You may reveal a creature or land card you own from outside the game and put it into your hand. Exile Living Wish.", "type": "Sorcery", "types": ["Sorcery"], "uuid": "972435df-661d-5854-a96c-4389699fe6db", "watermark": "dci"}], "code": "G08", "isFoilOnly": true, "isOnlineOnly": false, "keyruneCode": "PARL", "name": "Judge Gift Cards 2008", "releaseDate": "2008-01-01", "tcgplayerGroupId": 62, "tokens": [], "totalSetSize": 5, "translations": {}, "type": "promo"}}