{"meta": {"date": "2022-05-26", "version": "5.2.0+20220526"}, "data": {"baseSetSize": 10, "block": "Judge Gift Cards", "cards": [{"artist": "Mark Hyzer", "availability": ["paper"], "borderColor": "black", "colorIdentity": ["B"], "colors": ["B"], "convertedManaCost": 1.0, "edhrecRank": 90, "finishes": ["foil"], "foreignData": [], "frameVersion": "2003", "hasFoil": true, "hasNonFoil": false, "identifiers": {"cardKingdomFoilId": "127120", "cardsphereId": "22331", "mcmId": "20806", "mtgjsonV4Id": "1083c418-51d4-5729-a54f-36881abade48", "scryfallId": "531e952f-6136-489e-b3c5-a533a4f9898f", "scryfallIllustrationId": "b7b67d20-eb9f-4414-ab32-523023c60e73", "scryfallOracleId": "53f7c868-b03e-4fc2-8dcf-a75bbfa3272b", "tcgplayerProductId": "38236"}, "isPromo": true, "isReprint": true, "isStarter": true, "language": "English", "layout": "normal", "legalities": {"commander": "Legal", "duel": "Legal", "gladiator": "Legal", "historic": "Banned", "historicbrawl": "Legal", "legacy": "Legal", "pauper": "Legal", "paupercommander": "Legal", "penny": "Legal", "premodern": "Legal", "vintage": "Legal"}, "manaCost": "{B}", "manaValue": 1.0, "name": "Dark Ritual", "number": "1", "printings": ["2ED", "3ED", "4BB", "4ED", "5ED", "A25", "BRB", "BTD", "CED", "CEI", "CST", "DDC", "DDE", "DKM", "DVD", "FBB", "G09", "HOP", "ICE", "ITP", "J21", "LEA", "LEB", "MB1", "ME4", "MIR", "MMQ", "MP2", "PMEI", "PRM", "PTC", "RQS", "STA", "SUM", "TMP", "TPR", "USG", "V13", "VMA", "WC01", "WC99"], "promoTypes": ["judgegift"], "purchaseUrls": {"cardKingdomFoil": "https://mtgjson.com/links/04e597cc5ed0ac83", "tcgplayer": "https://mtgjson.com/links/dae20e8f8010e20e"}, "rarity": "rare", "rulings": [], "setCode": "G09", "subtypes": [], "supertypes": [], "text": "Add {B}{B}{B}.", "type": "Instant", "types": ["Instant"], "uuid": "2a113727-7f6e-5ab7-9dce-5e6f19ac62c8", "watermark": "dci"}, {"artist": "Zoltan Boros & Gabor Szikszai", "availability": ["paper"], "borderColor": "black", "colorIdentity": [], "colors": [], "convertedManaCost": 0.0, "edhrecRank": 518, "finishes": ["foil"], "foreignData": [], "frameVersion": "2003", "hasFoil": true, "hasNonFoil": false, "identifiers": {"cardKingdomFoilId": "127577", "cardsphereId": "22369", "mcmId": "20876", "mtgjsonV4Id": "fce06aad-2f62-58de-96a6-dd0499ddd999", "scryfallId": "3ffb39a7-02b0-416a-8e2b-3c4741cde1cd", "scryfallIllustrationId": "884a7080-3a55-40e9-bde2-35e096f03dad", "scryfallOracleId": "38a12bd7-4394-44a8-91a0-6a4ff7fa4f71", "tcgplayerProductId": "38256"}, "isPromo": true, "isReprint": true, "isStarter": true, "language": "English", "layout": "normal", "legalities": {"commander": "Legal", "duel": "Legal", "legacy": "Legal", "vintage": "Legal"}, "manaValue": 0.0, "name": "Maze of Ith", "number": "2", "printings": ["2XM", "DRK", "EMA", "G09", "ME4", "OLGC", "PRM", "V12"], "promoTypes": ["judgegift"], "purchaseUrls": {"cardKingdomFoil": "https://mtgjson.com/links/3716bb176847bff7", "tcgplayer": "https://mtgjson.com/links/07f526cfeb898a46"}, "rarity": "rare", "rulings": [{"date": "2020-08-07", "text": "Maze of Ith really is a land with no mana ability. It doesn't tap for colorless mana."}, {"date": "2020-08-07", "text": "Maze of Ith can target an untapped attacking creature. It will still prevent the combat damage it would deal and be dealt."}, {"date": "2020-08-07", "text": "The creature isn't removed from combat; it just has its damage prevented. It's still an attacking creature until the combat phase is complete."}, {"date": "2020-08-07", "text": "You can activate Maze of Ith's ability targeting an attacking creature you control during the combat damage step or the end of combat step. It'll be untapped and the damage it had already dealt won't be undone."}], "setCode": "G09", "subtypes": [], "supertypes": [], "text": "{T}: Untap target attacking creature. Prevent all combat damage that would be dealt to and dealt by that creature this turn.", "type": "Land", "types": ["Land"], "uuid": "5c2a9bef-46f4-544b-a899-67bf078ecca0", "watermark": "dci"}, {"artist": "Eric Fortune", "availability": ["paper"], "borderColor": "black", "colorIdentity": ["U"], "colors": ["U"], "convertedManaCost": 1.0, "edhrecRank": 3459, "finishes": ["foil"], "foreignData": [], "frameVersion": "2003", "hasFoil": true, "hasNonFoil": false, "identifiers": {"cardKingdomFoilId": "127576", "cardsphereId": "22399", "mcmId": "21037", "mtgjsonV4Id": "5eb85c1f-4341-5da9-8299-e6a9c8a25f05", "scryfallId": "c6228e16-72d4-4771-9e3f-a83ec856d315", "scryfallIllustrationId": "642fc1b5-2de3-4d3e-8bb5-4fb0bc9282f9", "scryfallOracleId": "b3b00911-ece7-4484-bc36-f211ce72b6cc", "tcgplayerProductId": "38271"}, "isPromo": true, "isReprint": true, "isStarter": true, "language": "English", "layout": "normal", "legalities": {"commander": "Legal", "duel": "Legal", "gladiator": "Legal", "historic": "Legal", "historicbrawl": "Legal", "legacy": "Legal", "premodern": "Legal", "vintage": "Legal"}, "manaCost": "{U}", "manaValue": 1.0, "name": "Stifle", "number": "3", "printings": ["CNS", "G09", "HA5", "MP2", "PRM", "SCG", "WC04"], "promoTypes": ["judgegift"], "purchaseUrls": {"cardKingdomFoil": "https://mtgjson.com/links/d42e8d99bcf7326e", "tcgplayer": "https://mtgjson.com/links/75057ee51268c34b"}, "rarity": "rare", "rulings": [{"date": "2004-10-04", "text": "An activated ability has a “Cost: Effect” format. Look for the colon. A triggered ability starts with “when”, “whenever”, or “at”."}, {"date": "2004-10-04", "text": "Turn-based actions and special actions like the normal card draw, combat damage, or turning a face-down creature face up can’t be targeted."}, {"date": "2004-10-04", "text": "It can target delayed triggered abilities. For example, a card that says “Whenever a player cycles a card, you may exile target creature. If you do, return that creature to the battlefield at the beginning of the end step.” triggers when a player cycles a card and creates a delayed trigger that happens at the beginning of the end step. You can choose to target the “at the beginning of the end step” trigger when it is placed on the stack at end of turn."}], "setCode": "G09", "subtypes": [], "supertypes": [], "text": "Counter target activated or triggered ability. (Mana abilities can't be targeted.)", "type": "Instant", "types": ["Instant"], "uuid": "5ef6277e-5973-5b44-9b87-0fae7467480f", "watermark": "dci"}, {"artist": "Shelly Wan", "availability": ["paper"], "borderColor": "black", "colorIdentity": ["G"], "colors": ["G"], "convertedManaCost": 2.0, "edhrecRank": 1144, "finishes": ["foil"], "foreignData": [], "frameVersion": "2003", "hasFoil": true, "hasNonFoil": false, "identifiers": {"cardKingdomFoilId": "186646", "cardsphereId": "22401", "mcmId": "22094", "mtgjsonV4Id": "ef9663cc-672e-5672-8e70-5d93a62b5736", "scryfallId": "7b5862b3-e62e-4539-ab57-6c8f1138ac5d", "scryfallIllustrationId": "c14ab2de-f587-4c81-896a-cdb01d6face2", "scryfallOracleId": "119d719d-e965-45b4-9bc9-ac03211b10c2", "tcgplayerProductId": "38273"}, "isPromo": true, "isReprint": true, "isReserved": true, "isStarter": true, "language": "English", "layout": "normal", "legalities": {"commander": "Legal", "duel": "Legal", "legacy": "Banned", "premodern": "Legal", "vintage": "Legal"}, "manaCost": "{1}{G}", "manaValue": 2.0, "name": "Survival of the Fittest", "number": "4", "printings": ["EXO", "G09", "PRM", "TPR", "VMA", "WC98"], "promoTypes": ["judgegift"], "purchaseUrls": {"cardKingdomFoil": "https://mtgjson.com/links/28cc25813f6f961d", "tcgplayer": "https://mtgjson.com/links/bea44472fcb735a5"}, "rarity": "rare", "rulings": [{"date": "2004-10-04", "text": "Because the “search” requires you to find a card with certain characteristics, you don’t have to find the card if you don’t want to."}], "setCode": "G09", "subtypes": [], "supertypes": [], "text": "{G}, Discard a creature card: Search your library for a creature card, reveal that card, put it into your hand, then shuffle.", "type": "Enchantment", "types": ["Enchantment"], "uuid": "0deafd59-daed-5e56-a6cd-3aa18af03dbe", "watermark": "dci"}, {"artist": "Ariel Olivetti", "availability": ["paper"], "borderColor": "black", "colorIdentity": ["R"], "colors": ["R"], "convertedManaCost": 2.0, "edhrecRank": 16943, "finishes": ["foil"], "foreignData": [], "frameVersion": "2003", "hasFoil": true, "hasNonFoil": false, "identifiers": {"cardKingdomFoilId": "129962", "cardsphereId": "22323", "mcmId": "22096", "mtgjsonV4Id": "e087d12c-1c3e-5367-ae9b-2efbe1fbcb55", "scryfallId": "c2d7235f-3716-4c1e-affd-19e57ca97788", "scryfallIllustrationId": "fdb7d058-c95d-4e16-881f-8b1a58838aa8", "scryfallOracleId": "13a884b5-8970-4d71-9082-a8b6c8db9a01", "tcgplayerProductId": "38234"}, "isPromo": true, "isReprint": true, "isStarter": true, "language": "English", "layout": "normal", "legalities": {"commander": "Legal", "duel": "Legal", "legacy": "Legal", "premodern": "Legal", "vintage": "Legal"}, "manaCost": "{1}{R}", "manaValue": 2.0, "name": "Burning Wish", "number": "5", "printings": ["CN2", "G09", "JUD", "PRM", "VMA", "WC03"], "promoTypes": ["judgegift"], "purchaseUrls": {"cardKingdomFoil": "https://mtgjson.com/links/254ff37c3afaa2fd", "tcgplayer": "https://mtgjson.com/links/4b98621748d74ffc"}, "rarity": "rare", "rulings": [{"date": "2004-10-04", "text": "Can’t acquire the Ante cards. They are considered still “in the game” as are cards in the library and the graveyard."}, {"date": "2007-09-16", "text": "Can’t acquire cards that are phased out."}, {"date": "2009-10-01", "text": "You can’t acquire exiled cards because those cards are still in one of the game’s zones."}, {"date": "2009-10-01", "text": "In a sanctioned event, a card that’s “outside the game” is one that’s in your sideboard. In an unsanctioned event, you may choose any card from your collection."}], "setCode": "G09", "subtypes": [], "supertypes": [], "text": "You may reveal a sorcery card you own from outside the game and put it into your hand. Exile Burning Wish.", "type": "Sorcery", "types": ["Sorcery"], "uuid": "114b9ef0-b777-5caa-b8b9-f71cb8a69e01", "watermark": "dci"}, {"artist": "Rob Alexander", "availability": ["paper"], "borderColor": "black", "colorIdentity": [], "colors": [], "convertedManaCost": 0.0, "edhrecRank": 54, "finishes": ["foil"], "foreignData": [], "frameVersion": "2003", "hasFoil": true, "hasNonFoil": false, "identifiers": {"cardKingdomFoilId": "127121", "cardsphereId": "22321", "mcmId": "20807", "mtgjsonV4Id": "76fc30db-0c7f-5dc6-8b5d-f8cb250ed0c9", "scryfallId": "62b5ee33-db0f-44f2-90f6-fb983b96b342", "scryfallIllustrationId": "deec00b7-6807-492a-92ac-ebe1f278292c", "scryfallOracleId": "fc0707c7-d504-4ccf-a0d2-3eb6e26e7a57", "tcgplayerProductId": "38233"}, "isPromo": true, "isReprint": true, "isStarter": true, "language": "English", "layout": "normal", "legalities": {"commander": "Legal", "duel": "Legal", "legacy": "Legal", "modern": "Legal", "pioneer": "Banned", "premodern": "Legal", "vintage": "Legal"}, "manaValue": 0.0, "name": "Bloodstained Mire", "number": "6", "printings": ["EXP", "G09", "KTK", "ONS", "PRM", "WC03", "ZNE"], "promoTypes": ["judgegift"], "purchaseUrls": {"cardKingdomFoil": "https://mtgjson.com/links/6f4740af72af3d09", "tcgplayer": "https://mtgjson.com/links/3032b85e29e9ada8"}, "rarity": "rare", "rulings": [], "setCode": "G09", "subtypes": [], "supertypes": [], "text": "{T}, Pay 1 life, Sacrifice Bloodstained Mire: Search your library for a Swamp or Mountain card, put it onto the battlefield, then shuffle.", "type": "Land", "types": ["Land"], "uuid": "8b721071-d600-57c8-9810-759ab539de8a", "watermark": "dci"}, {"artist": "Rob Alexander", "availability": ["paper"], "borderColor": "black", "colorIdentity": [], "colors": [], "convertedManaCost": 0.0, "edhrecRank": 47, "finishes": ["foil"], "foreignData": [], "frameVersion": "2003", "hasFoil": true, "hasNonFoil": false, "identifiers": {"cardKingdomFoilId": "186219", "cardsphereId": "22342", "mcmId": "22098", "mtgjsonV4Id": "b8ad3302-4158-57a7-86f6-e3e1e406ed63", "scryfallId": "0df37cc8-3703-406a-adaf-ee0bb9d7aa61", "scryfallIllustrationId": "ad1af15e-2cc6-4188-aa46-452daf39d061", "scryfallOracleId": "f3c7af78-a77d-4134-82a2-a5ce84285a84", "tcgplayerProductId": "38241"}, "isPromo": true, "isReprint": true, "isStarter": true, "language": "English", "layout": "normal", "legalities": {"commander": "Legal", "duel": "Legal", "legacy": "Legal", "modern": "Legal", "pioneer": "Banned", "premodern": "Legal", "vintage": "Legal"}, "manaValue": 0.0, "name": "Flooded Strand", "number": "7", "printings": ["EXP", "G09", "KTK", "ONS", "PNAT", "PRM", "WC03", "WC04", "ZNE"], "promoTypes": ["judgegift"], "purchaseUrls": {"cardKingdomFoil": "https://mtgjson.com/links/f9159a70dba37504", "tcgplayer": "https://mtgjson.com/links/3b17641175ac444c"}, "rarity": "rare", "rulings": [], "setCode": "G09", "subtypes": [], "supertypes": [], "text": "{T}, Pay 1 life, Sacrifice Flooded Strand: Search your library for a Plains or Island card, put it onto the battlefield, then shuffle.", "type": "Land", "types": ["Land"], "uuid": "2726aa2a-19bc-5f41-8dbd-d651b9a2c423", "watermark": "dci"}, {"artist": "Rob Alexander", "availability": ["paper"], "borderColor": "black", "colorIdentity": [], "colors": [], "convertedManaCost": 0.0, "edhrecRank": 41, "finishes": ["foil"], "foreignData": [], "frameVersion": "2003", "hasFoil": true, "hasNonFoil": false, "identifiers": {"cardKingdomFoilId": "186218", "cardsphereId": "22388", "mcmId": "22095", "mtgjsonV4Id": "2312f202-2fc6-59e4-96b7-12b09e848a59", "scryfallId": "3f470954-9bb4-44f9-a700-d28aaa778668", "scryfallIllustrationId": "7578ac95-8391-4c4b-981c-fdfe9cc1a82a", "scryfallOracleId": "ef86989d-ce80-4e55-aece-7d11710eeffa", "tcgplayerProductId": "38267"}, "isPromo": true, "isReprint": true, "isStarter": true, "language": "English", "layout": "normal", "legalities": {"commander": "Legal", "duel": "Legal", "legacy": "Legal", "modern": "Legal", "pioneer": "Banned", "premodern": "Legal", "vintage": "Legal"}, "manaValue": 0.0, "name": "Polluted Delta", "number": "8", "printings": ["EXP", "G09", "KTK", "ONS", "PRM", "ZNE"], "promoTypes": ["judgegift"], "purchaseUrls": {"cardKingdomFoil": "https://mtgjson.com/links/6369577c8f75bb1f", "tcgplayer": "https://mtgjson.com/links/2999aa42bb6e6e41"}, "rarity": "rare", "rulings": [], "setCode": "G09", "subtypes": [], "supertypes": [], "text": "{T}, Pay 1 life, Sacrifice Polluted Delta: Search your library for an Island or Swamp card, put it onto the battlefield, then shuffle.", "type": "Land", "types": ["Land"], "uuid": "abb6abb9-3b0d-5ed5-ae10-c8c79cf18ff6", "watermark": "dci"}, {"artist": "Anthony S. Waters", "availability": ["paper"], "borderColor": "black", "colorIdentity": [], "colors": [], "convertedManaCost": 0.0, "edhrecRank": 48, "finishes": ["foil"], "foreignData": [], "frameVersion": "2003", "hasFoil": true, "hasNonFoil": false, "identifiers": {"cardKingdomFoilId": "127574", "cardsphereId": "22419", "mcmId": "21039", "mtgjsonV4Id": "6fe242c9-166e-5505-a7b9-3d8f5ea85230", "scryfallId": "4b2bf78a-546a-4f77-85b2-a5ff8eec60b1", "scryfallIllustrationId": "d35eca95-6fc4-402d-aaff-c950295a372f", "scryfallOracleId": "29737a60-3ebd-40d9-b935-c4f54b90d45d", "tcgplayerProductId": "38281"}, "isPromo": true, "isReprint": true, "isStarter": true, "language": "English", "layout": "normal", "legalities": {"commander": "Legal", "duel": "Legal", "legacy": "Legal", "modern": "Legal", "pioneer": "Banned", "premodern": "Legal", "vintage": "Legal"}, "manaValue": 0.0, "name": "Windswept Heath", "number": "9", "printings": ["EXP", "G09", "KTK", "ONS", "PRM", "WC04", "ZNE"], "promoTypes": ["judgegift"], "purchaseUrls": {"cardKingdomFoil": "https://mtgjson.com/links/400e569445353697", "tcgplayer": "https://mtgjson.com/links/0824def310b21c53"}, "rarity": "rare", "rulings": [], "setCode": "G09", "subtypes": [], "supertypes": [], "text": "{T}, Pay 1 life, Sacrifice Windswept Heath: Search your library for a Forest or Plains card, put it onto the battlefield, then shuffle.", "type": "Land", "types": ["Land"], "uuid": "5553c8f5-2a8e-5426-a3e5-99c1a31daaae", "watermark": "dci"}, {"artist": "Rob Alexander", "availability": ["paper"], "borderColor": "black", "colorIdentity": [], "colors": [], "convertedManaCost": 0.0, "edhrecRank": 57, "finishes": ["foil"], "foreignData": [], "frameVersion": "2003", "hasFoil": true, "hasNonFoil": false, "identifiers": {"cardKingdomFoilId": "127573", "cardsphereId": "22420", "mcmId": "21038", "mtgjsonV4Id": "02487895-bd5d-59a7-9d3b-2fda5848adf9", "scryfallId": "6af7133c-2c65-4977-9b72-c29985ec9d47", "scryfallIllustrationId": "0bf045a5-5182-4527-a361-3972e66a00d9", "scryfallOracleId": "6587a463-a108-4854-b6d1-944e89b8c8a4", "tcgplayerProductId": "38282"}, "isPromo": true, "isReprint": true, "isStarter": true, "language": "English", "layout": "normal", "legalities": {"commander": "Legal", "duel": "Legal", "legacy": "Legal", "modern": "Legal", "pioneer": "Banned", "premodern": "Legal", "vintage": "Legal"}, "manaValue": 0.0, "name": "Wooded Foothills", "number": "10", "printings": ["EXP", "G09", "KTK", "ONS", "PRM", "ZNE"], "promoTypes": ["judgegift"], "purchaseUrls": {"cardKingdomFoil": "https://mtgjson.com/links/d40a77de03b7c578", "tcgplayer": "https://mtgjson.com/links/43ee3e7480ec9e13"}, "rarity": "rare", "rulings": [], "setCode": "G09", "subtypes": [], "supertypes": [], "text": "{T}, Pay 1 life, Sacrifice Wooded Foothills: Search your library for a Mountain or Forest card, put it onto the battlefield, then shuffle.", "type": "Land", "types": ["Land"], "uuid": "8f692e26-e73f-59a1-9370-7c10b08043ce", "watermark": "dci"}], "code": "G09", "isFoilOnly": true, "isOnlineOnly": false, "keyruneCode": "PARL", "name": "Judge Gift Cards 2009", "releaseDate": "2009-01-01", "tcgplayerGroupId": 62, "tokens": [], "totalSetSize": 10, "translations": {}, "type": "promo"}}