{"meta": {"date": "2022-05-26", "version": "5.2.0+20220526"}, "data": {"baseSetSize": 8, "block": "Judge Gift Cards", "cards": [{"artist": "Dave Allsop", "availability": ["paper"], "borderColor": "black", "colorIdentity": ["B"], "colors": ["B"], "convertedManaCost": 2.0, "edhrecRank": 11783, "finishes": ["foil"], "foreignData": [], "frameVersion": "2003", "hasFoil": true, "hasNonFoil": false, "identifiers": {"cardKingdomFoilId": "186644", "cardsphereId": "22396", "mcmId": "245052", "mtgjsonV4Id": "962e9a43-0326-5e07-b4c0-0c444b73598f", "scryfallId": "f51b9925-4aab-4056-a723-8dd799e9a7da", "scryfallIllustrationId": "48c90706-fde5-4772-a63a-9b7d0a7e569e", "scryfallOracleId": "5a46ad2a-35b1-4dd5-b7c3-fec36b7c67ab", "tcgplayerProductId": "39030"}, "isPromo": true, "isReprint": true, "isStarter": true, "language": "English", "layout": "normal", "legalities": {"commander": "Legal", "duel": "Legal", "legacy": "Legal", "pauper": "Banned", "paupercommander": "Legal", "vintage": "Legal"}, "manaCost": "{B}{B}", "manaValue": 2.0, "name": "Sinkhole", "number": "1", "printings": ["2ED", "CED", "CEI", "EMA", "G10", "LEA", "LEB", "ME4", "PRM"], "promoTypes": ["judgegift"], "purchaseUrls": {"cardKingdomFoil": "https://mtgjson.com/links/db28959642c21018", "tcgplayer": "https://mtgjson.com/links/5a04432f7ea6a492"}, "rarity": "rare", "rulings": [], "setCode": "G10", "subtypes": [], "supertypes": [], "text": "Destroy target land.", "type": "Sorcery", "types": ["Sorcery"], "uuid": "ffd1dd2a-e42d-58ec-849e-56f59767c3d1", "watermark": "dci"}, {"artist": "Terese Nielsen", "availability": ["paper"], "borderColor": "black", "colorIdentity": ["G"], "colors": ["G"], "convertedManaCost": 4.0, "edhrecRank": 985, "finishes": ["foil"], "flavorText": "...but the price of Mangara's freedom was Asmira's life.", "foreignData": [], "frameVersion": "2003", "hasFoil": true, "hasNonFoil": false, "identifiers": {"cardKingdomFoilId": "131577", "cardsphereId": "22377", "mcmId": "22330", "mtgjsonV4Id": "fb477b09-0398-58dc-9724-5de7503ea846", "scryfallId": "8c68f1e6-b1f2-4e04-beee-97abad3cd4d5", "scryfallIllustrationId": "9329945e-f4a6-4447-b381-f27eed291f04", "scryfallOracleId": "8c1fe337-375a-4add-93b6-0ac39ed72b4f", "tcgplayerProductId": "38261"}, "isPromo": true, "isReprint": true, "isStarter": true, "language": "English", "layout": "normal", "legalities": {"commander": "Legal", "duel": "Banned", "gladiator": "Banned", "historic": "Banned", "historicbrawl": "Banned", "legacy": "Legal", "premodern": "Legal", "vintage": "Legal"}, "manaCost": "{2}{G}{G}", "manaValue": 4.0, "name": "Natural Order", "number": "2", "printings": ["EMA", "G10", "POR", "PRM", "STA", "VIS"], "promoTypes": ["judgegift"], "purchaseUrls": {"cardKingdomFoil": "https://mtgjson.com/links/597a883873a7a4f1", "tcgplayer": "https://mtgjson.com/links/4d565fde0fc105ff"}, "rarity": "rare", "rulings": [{"date": "2016-06-08", "text": "Sacrificing a green creature is part of Natural Order’s cost. You can’t sacrifice more creatures to search for more creature cards, and you can’t cast Natural Order at all if you control no green creatures."}, {"date": "2016-06-08", "text": "Players can respond to this spell only after it’s been cast and all its costs have been paid. No one can try to destroy the creature you sacrificed to stop you from casting this spell or to make you sacrifice a different one."}], "setCode": "G10", "subtypes": [], "supertypes": [], "text": "As an additional cost to cast this spell, sacrifice a green creature.\nSearch your library for a green creature card, put it onto the battlefield, then shuffle.", "type": "Sorcery", "types": ["Sorcery"], "uuid": "3d770898-e7b9-5962-9345-16f46c89d6b2", "watermark": "dci"}, {"artist": "Pete Venters", "availability": ["paper"], "borderColor": "black", "colorIdentity": [], "colors": [], "convertedManaCost": 1.0, "edhrecRank": 6524, "finishes": ["foil"], "foreignData": [], "frameVersion": "2003", "hasFoil": true, "hasNonFoil": false, "identifiers": {"cardKingdomFoilId": "131582", "cardsphereId": "22385", "mcmId": "22336", "mtgjsonV4Id": "23fb64e5-b44c-5c89-8023-61650d0dfd87", "scryfallId": "699a6663-cc48-4c1d-aaa2-a423169b7783", "scryfallIllustrationId": "57fc0c2b-42b6-4d89-845c-6c08587f330e", "scryfallOracleId": "a7950edb-5670-46fd-a30e-0fe888a5a32b", "tcgplayerProductId": "38265"}, "isPromo": true, "isReprint": true, "isReserved": true, "isStarter": true, "keywords": ["Trample"], "language": "English", "layout": "normal", "legalities": {"commander": "Legal", "duel": "Legal", "legacy": "Legal", "penny": "Legal", "premodern": "Legal", "vintage": "Legal"}, "manaCost": "{1}", "manaValue": 1.0, "name": "Phyrexian Dreadnought", "number": "3", "power": "12", "printings": ["G10", "MIR", "PRM"], "promoTypes": ["judgegift"], "purchaseUrls": {"cardKingdomFoil": "https://mtgjson.com/links/2f2c9e60f3dbc3e5", "tcgplayer": "https://mtgjson.com/links/a73808e38a755849"}, "rarity": "rare", "rulings": [{"date": "2004-10-04", "text": "The sacrifices are simultaneous, not one at a time."}, {"date": "2004-10-04", "text": "Phasing in does not trigger “enters the battlefield” abilities, so you don’t have to sacrifice again if it phases in."}, {"date": "2007-07-15", "text": "Reverted to its original wording, this now has an enters-the-battlefield triggered ability. During resolution of the triggered ability, you choose one option or the other."}, {"date": "2007-07-15", "text": "If the Dreadnought is no longer on the battlefield when the triggered ability resolves, you may still choose either option."}, {"date": "2013-04-15", "text": "If you are unable to sacrifice 12 power worth of creatures, then you cannot choose that option; in that case, you must sacrifice Phyrexian Dreadnought."}], "setCode": "G10", "subtypes": ["Phyrexian", "Dreadnought"], "supertypes": [], "text": "Trample\nWhen Phyrexian Dreadnought enters the battlefield, sacrifice it unless you sacrifice any number of creatures with total power 12 or greater.", "toughness": "12", "type": "Artifact Creature — Phyrexian Dreadnought", "types": ["Artifact", "Creature"], "uuid": "da93bcfe-0316-5113-9ecf-d411520dc64d", "watermark": "dci"}, {"artist": "Jim Nelson", "availability": ["paper"], "borderColor": "black", "colorIdentity": [], "colors": [], "convertedManaCost": 0.0, "edhrecRank": 6071, "finishes": ["foil"], "foreignData": [], "frameVersion": "2003", "hasFoil": true, "hasNonFoil": false, "identifiers": {"cardKingdomFoilId": "197367", "cardsphereId": "22409", "mcmId": "240419", "mtgjsonV4Id": "0411a0ee-51aa-5801-ae2f-82041d1add82", "scryfallId": "1a201a24-ab40-4f69-9b0e-ad882b485c2e", "scryfallIllustrationId": "b3124b09-ee03-4ed1-afa0-1cd7fe58cfe6", "scryfallOracleId": "c6792d9f-8b74-43c4-814f-ba4adab2fdea", "tcgplayerProductId": "38275"}, "isPromo": true, "isReprint": true, "isReserved": true, "isStarter": true, "language": "English", "layout": "normal", "legalities": {"commander": "Legal", "duel": "Legal", "legacy": "Legal", "penny": "Legal", "premodern": "Legal", "vintage": "Legal"}, "manaValue": 0.0, "name": "Thawing Glaciers", "number": "4", "printings": ["ALL", "G10", "ME1", "PRM", "VMA", "WC97"], "promoTypes": ["judgegift"], "purchaseUrls": {"cardKingdomFoil": "https://mtgjson.com/links/8e849033fe6d8c63", "tcgplayer": "https://mtgjson.com/links/ee637fa07e2b02af"}, "rarity": "rare", "rulings": [{"date": "2004-10-04", "text": "The land put onto the battlefield does not count toward your one per turn limit because it was put onto the battlefield by an effect."}, {"date": "2004-10-04", "text": "Because the “search” requires you to find a card with certain characteristics, you don’t have to find the card if you don’t want to."}], "setCode": "G10", "subtypes": [], "supertypes": [], "text": "Thawing Glaciers enters the battlefield tapped.\n{1}, {T}: Search your library for a basic land card, put that card onto the battlefield tapped, then shuffle. Return Thawing Glaciers to its owner's hand at the beginning of the next cleanup step.", "type": "Land", "types": ["Land"], "uuid": "efcdc29a-1cea-5b2b-94d4-f9d6f3b6397e", "watermark": "dci"}, {"artist": "Chuck Lukacs", "availability": ["paper"], "borderColor": "black", "colorIdentity": ["W"], "colors": ["W"], "convertedManaCost": 1.0, "edhrecRank": 331, "finishes": ["foil"], "foreignData": [], "frameVersion": "2003", "hasFoil": true, "hasNonFoil": false, "identifiers": {"cardKingdomFoilId": "186252", "cardsphereId": "22363", "mcmId": "240418", "mtgjsonV4Id": "697dc43c-6e7b-585b-95ff-3b5b74045093", "scryfallId": "af3bb1d2-4214-49b6-9efa-c8e1902e2e07", "scryfallIllustrationId": "9eddc52a-5f7d-443d-9552-520f04e059ec", "scryfallOracleId": "d2d9ecea-7925-420e-98b9-2f87f41f387c", "tcgplayerProductId": "38252"}, "isPromo": true, "isReprint": true, "isStarter": true, "language": "English", "layout": "normal", "legalities": {"commander": "Legal", "duel": "Legal", "legacy": "Legal", "premodern": "Legal", "vintage": "Legal"}, "manaCost": "{W}", "manaValue": 1.0, "name": "Land Tax", "number": "5", "printings": ["2XM", "4BB", "4ED", "BBD", "BRB", "G10", "LEG", "ME3", "PLIST", "PRM", "PTC", "REN"], "promoTypes": ["judgegift"], "purchaseUrls": {"cardKingdomFoil": "https://mtgjson.com/links/b89319c8f098bbe0", "tcgplayer": "https://mtgjson.com/links/672a6350cfb0a9fc"}, "rarity": "rare", "rulings": [{"date": "2006-10-15", "text": "You can fetch any of the “Snow-Covered” lands, since they all also have the supertype basic."}, {"date": "2009-10-01", "text": "This ability has an “intervening ‘if' clause.” That means (1) the ability won't trigger at all unless any one of your opponents controls more lands than you, and (2) the ability will do nothing if you control at least as many lands as each of your opponents by the time it resolves."}, {"date": "2009-10-01", "text": "You shuffle your library if you search, even if you don't put any basic land cards into your hand."}], "setCode": "G10", "subtypes": [], "supertypes": [], "text": "At the beginning of your upkeep, if an opponent controls more lands than you, you may search your library for up to three basic land cards, reveal them, put them into your hand, then shuffle.", "type": "Enchantment", "types": ["Enchantment"], "uuid": "3d804fbb-d9fe-56f6-9ca3-0b2d074507bd", "watermark": "dci"}, {"artist": "rk post", "availability": ["paper"], "borderColor": "black", "colorIdentity": ["U"], "colors": ["U"], "convertedManaCost": 5.0, "edhrecRank": 10490, "finishes": ["foil"], "foreignData": [], "frameVersion": "2003", "hasFoil": true, "hasNonFoil": false, "identifiers": {"cardKingdomFoilId": "200391", "cardsphereId": "22374", "mcmId": "245053", "mtgjsonV4Id": "5d72391e-f06a-550d-9944-60d03ede5691", "scryfallId": "ebdfc554-2e1d-4cf8-805a-bfbe0138739e", "scryfallIllustrationId": "b1a0fbca-6fa3-4b0a-be46-7a08c66c3341", "scryfallOracleId": "19f233b2-8be6-4172-abf9-b132fc3393d9", "tcgplayerProductId": "39029"}, "isPromo": true, "isReprint": true, "isReserved": true, "isStarter": true, "language": "English", "layout": "normal", "legalities": {"commander": "Legal", "duel": "Legal", "legacy": "Legal", "premodern": "Legal", "vintage": "Legal"}, "manaCost": "{3}{U}{U}", "manaValue": 5.0, "name": "Morphling", "number": "6", "power": "3", "printings": ["G10", "PRM", "USG", "VMA"], "promoTypes": ["judgegift"], "purchaseUrls": {"cardKingdomFoil": "https://mtgjson.com/links/b2ed9dacc6f70102", "tcgplayer": "https://mtgjson.com/links/6cc432394d5fb39d"}, "rarity": "rare", "rulings": [], "setCode": "G10", "subtypes": ["Shapeshifter"], "supertypes": [], "text": "{U}: Untap Morphling.\n{U}: Morphling gains flying until end of turn.\n{U}: Morphling gains shroud until end of turn. (It can't be the target of spells or abilities.)\n{1}: Morphling gets +1/-1 until end of turn.\n{1}: Morphling gets -1/+1 until end of turn.", "toughness": "3", "type": "Creature — Shapeshifter", "types": ["Creature"], "uuid": "a8cc8a5e-d40e-5d88-a5a1-cc39b1cb2669", "watermark": "dci"}, {"artist": "John Matson", "availability": ["paper"], "borderColor": "black", "colorIdentity": ["R"], "colors": ["R"], "convertedManaCost": 3.0, "edhrecRank": 378, "finishes": ["foil"], "foreignData": [], "frameVersion": "2003", "hasFoil": true, "hasNonFoil": false, "identifiers": {"cardKingdomFoilId": "189412", "cardsphereId": "22418", "mcmId": "242570", "mtgjsonV4Id": "d9258c9c-7a46-55ac-9969-d4b5b28c2b71", "scryfallId": "a8a47aa2-7274-465a-865b-68fe47d4fa81", "scryfallIllustrationId": "b6695ae7-47a3-4e82-9619-dcc762ebcf84", "scryfallOracleId": "a8abd966-de7b-46a3-8ac7-8747ab35653a", "tcgplayerProductId": "38232"}, "isPromo": true, "isReprint": true, "isReserved": true, "isStarter": true, "language": "English", "layout": "normal", "legalities": {"commander": "Legal", "duel": "Legal", "legacy": "Banned", "vintage": "Restricted"}, "manaCost": "{2}{R}", "manaValue": 3.0, "name": "Wheel of Fortune", "number": "7", "printings": ["2ED", "3ED", "CED", "CEI", "FBB", "G10", "LEA", "LEB", "ME4", "PRM", "SUM", "VMA"], "promoTypes": ["judgegift"], "purchaseUrls": {"cardKingdomFoil": "https://mtgjson.com/links/35905bf3ed64eeea", "tcgplayer": "https://mtgjson.com/links/7d8e3d84e1f5d9bf"}, "rarity": "rare", "rulings": [], "setCode": "G10", "subtypes": [], "supertypes": [], "text": "Each player discards their hand, then draws seven cards.", "type": "Sorcery", "types": ["Sorcery"], "uuid": "8bd2669c-bc71-572b-8057-b3affc5fe3f1", "watermark": "dci"}, {"artist": "Carl Critchlow", "availability": ["paper"], "borderColor": "black", "colorIdentity": [], "colors": [], "convertedManaCost": 0.0, "edhrecRank": 726, "finishes": ["foil"], "flavorText": "\"The land promises nothing and keeps its promise.\"\n—Oracle *en*-Vec", "foreignData": [], "frameVersion": "2003", "hasFoil": true, "hasNonFoil": false, "identifiers": {"cardKingdomFoilId": "186448", "cardsphereId": "22416", "mcmId": "242571", "mtgjsonV4Id": "816c49a0-4650-5503-ad5d-98787b7800b3", "scryfallId": "6eff6724-202d-4b6b-bac9-88dc1504a0aa", "scryfallIllustrationId": "c8af9790-e6fd-43e5-90f4-0fbaf2d60a5d", "scryfallOracleId": "09a70ae8-3859-4a09-901d-dce063fa3b5f", "tcgplayerProductId": "38280"}, "isPromo": true, "isReprint": true, "isStarter": true, "language": "English", "layout": "normal", "legalities": {"commander": "Legal", "duel": "Banned", "legacy": "Legal", "premodern": "Legal", "vintage": "Legal"}, "manaValue": 0.0, "name": "Wasteland", "number": "8", "printings": ["EMA", "EXP", "G10", "J15", "MPR", "OLGC", "PRM", "SLD", "TMP", "TPR", "WC98", "WC99", "ZNE"], "promoTypes": ["judgegift"], "purchaseUrls": {"cardKingdomFoil": "https://mtgjson.com/links/2059aa5f5c706cd7", "tcgplayer": "https://mtgjson.com/links/ad7c7adeff0ada25"}, "rarity": "rare", "rulings": [], "setCode": "G10", "subtypes": [], "supertypes": [], "text": "{T}: Add {C}.\n{T}, Sacrifice Wasteland: Destroy target nonbasic land.", "type": "Land", "types": ["Land"], "uuid": "06b80902-0d25-5899-bb23-bd892dbe2a6e", "watermark": "dci"}], "code": "G10", "isFoilOnly": true, "isOnlineOnly": false, "keyruneCode": "PARL", "name": "Judge Gift Cards 2010", "releaseDate": "2010-01-01", "tcgplayerGroupId": 62, "tokens": [], "totalSetSize": 8, "translations": {}, "type": "promo"}}