{"meta": {"date": "2022-05-26", "version": "5.2.0+20220526"}, "data": {"baseSetSize": 350, "block": "Judge Gift Cards", "cards": [{"artist": "Mark Tedin", "availability": ["paper"], "borderColor": "black", "colorIdentity": ["U"], "colors": ["U"], "convertedManaCost": 2.0, "edhrecRank": 1897, "finishes": ["foil"], "flavorText": "\"Um...oh...what was I saying?\"\n—Reveka, wizard savant", "foreignData": [], "frameVersion": "1997", "hasFoil": true, "hasNonFoil": false, "identifiers": {"cardKingdomFoilId": "125594", "cardsphereId": "22371", "mcmId": "17598", "mtgjsonV4Id": "619fe631-8ab9-5738-a956-9bf14b15e8c6", "scryfallId": "57733946-5a1f-469d-a933-9507bdbf9d74", "scryfallIllustrationId": "82b124ed-5206-41d3-83f1-3cb8c8700c11", "scryfallOracleId": "bbfb3e4a-b389-4391-8141-13b68c0ef2e0", "tcgplayerProductId": "38258"}, "isPromo": true, "isReprint": true, "isStarter": true, "language": "English", "layout": "normal", "legalities": {"commander": "Legal", "duel": "Legal", "gladiator": "Legal", "historic": "Banned", "historicbrawl": "Legal", "legacy": "Legal", "pauper": "Legal", "paupercommander": "Legal", "penny": "Legal", "premodern": "Legal", "vintage": "Legal"}, "manaCost": "{1}{U}", "manaValue": 2.0, "name": "Memory Lapse", "number": "1", "printings": ["5ED", "6ED", "7ED", "DDM", "EMA", "G99", "HML", "MB1", "MIR", "PRM", "PTC", "STA", "WC02", "WC98"], "promoTypes": ["judgegift"], "purchaseUrls": {"cardKingdomFoil": "https://mtgjson.com/links/59ce62dba93ac008", "tcgplayer": "https://mtgjson.com/links/a2c2d58635744d22"}, "rarity": "rare", "rulings": [{"date": "2016-06-08", "text": "Memory Lapse has a self-replacement effect that replaces the spell going to the graveyard before any other effect can replace that event. If the spell was cast using flashback, however, flashback will change the spell’s destination from its owner’s library to exile."}], "setCode": "G99", "subtypes": [], "supertypes": [], "text": "Counter target spell. If that spell is countered this way, put it on top of its owner's library instead of into that player's graveyard.", "type": "Instant", "types": ["Instant"], "uuid": "48e486b5-cf34-5e0c-8f9a-0325da40580b"}], "code": "G99", "isFoilOnly": true, "isOnlineOnly": false, "keyruneCode": "DEFAULT", "name": "Judge Gift Cards 1999", "releaseDate": "1999-01-01", "tcgplayerGroupId": 62, "tokens": [], "totalSetSize": 1, "translations": {}, "type": "promo"}}