{"meta": {"date": "2022-05-26", "version": "5.2.0+20220526"}, "data": {"baseSetSize": 3, "cards": [{"artist": "Andreas Zafiratos", "availability": ["paper"], "borderColor": "black", "colorIdentity": ["B"], "colors": ["B"], "convertedManaCost": 2.0, "edhrecRank": 5384, "finishes": ["foil"], "foreignData": [], "frameVersion": "2015", "hasFoil": true, "hasNonFoil": false, "identifiers": {"cardKingdomFoilId": "260231", "mcmId": "656533", "mcmMetaId": "342680", "mtgjsonV4Id": "b55ce041-2e99-57fa-9116-5fd863d317c9", "scryfallId": "36c71043-1c11-4377-ab33-41d19927143a", "scryfallIllustrationId": "1b36894c-51f1-4939-8d34-df350ae1e25b", "scryfallOracleId": "ea935885-acbc-450d-a3ad-f80c09e12ce7"}, "isPromo": true, "isReprint": true, "isStarter": true, "language": "English", "layout": "normal", "legalities": {"alchemy": "Legal", "brawl": "Legal", "commander": "Legal", "duel": "Legal", "explorer": "Legal", "future": "Legal", "gladiator": "Legal", "historic": "Legal", "historicbrawl": "Legal", "legacy": "Legal", "modern": "Legal", "pioneer": "Legal", "standard": "Legal", "vintage": "Legal"}, "manaCost": "{1}{B}", "manaValue": 2.0, "name": "Power Word Kill", "number": "1", "printings": ["AFR", "GDY"], "promoTypes": ["gameday"], "purchaseUrls": {"cardKingdomFoil": "https://mtgjson.com/links/e95f7fc9bebbe98a", "cardmarket": "https://mtgjson.com/links/00180ef2a371df4e"}, "rarity": "rare", "rulings": [{"date": "2021-07-23", "text": "A creature is a legal target for Power Word Kill if it doesn't have any of these four creature types. If it has one of these four creature types, it's not a legal target, even if it also has a creature type that's not among these four. For example, a Demon Rogue is not a valid target for this spell."}], "setCode": "GDY", "subtypes": [], "supertypes": [], "text": "Destroy target non-Angel, non-Demon, non-Devil, non-Dragon creature.", "type": "Instant", "types": ["Instant"], "uuid": "12b9c3de-91f6-5591-bb9e-c9297b76a1a7"}, {"artist": "Mila Pesic", "availability": ["paper"], "borderColor": "black", "colorIdentity": ["W"], "colors": ["W"], "convertedManaCost": 3.0, "edhrecRank": 1193, "finishes": ["foil"], "foreignData": [], "frameVersion": "2015", "hasFoil": true, "hasNonFoil": false, "identifiers": {"cardKingdomFoilId": "260232", "mcmId": "656537", "mcmMetaId": "316144", "mtgjsonV4Id": "eb12fb32-f2e2-5ef2-b119-7acecda64e5e", "scryfallId": "95be5b75-5cef-45e2-8a51-1418e302f13b", "scryfallIllustrationId": "e1c086c7-c730-4509-9eba-1d63b1f4a565", "scryfallOracleId": "d90af00a-d322-4265-9954-7b1e80702e18", "tcgplayerProductId": "272569"}, "isPromo": true, "isReprint": true, "isStarter": true, "language": "English", "layout": "normal", "legalities": {"alchemy": "Legal", "brawl": "Legal", "commander": "Legal", "duel": "Legal", "explorer": "Legal", "future": "Legal", "gladiator": "Legal", "historic": "Legal", "historicbrawl": "Legal", "legacy": "Legal", "modern": "Legal", "pioneer": "Legal", "standard": "Legal", "vintage": "Legal"}, "manaCost": "{1}{W}{W}", "manaValue": 3.0, "name": "Skyclave Apparition", "number": "2", "power": "2", "printings": ["GDY", "PRM", "PZNR", "ZNR"], "promoTypes": ["gameday"], "purchaseUrls": {"cardKingdomFoil": "https://mtgjson.com/links/32dfe06b1c65dce4", "cardmarket": "https://mtgjson.com/links/9f9ac8eec716abe4", "tcgplayer": "https://mtgjson.com/links/f5a4ea9b03573348"}, "rarity": "rare", "rulings": [{"date": "2020-09-25", "text": "If a creature on the battlefield has {X} in its mana cost, X is considered to be 0."}, {"date": "2020-09-25", "text": "If Skyclave Apparition leaves the battlefield before its first ability resolves, the ability still exiles the target permanent."}, {"date": "2020-09-25", "text": "If there’s no exiled card when Skyclave Apparition leaves the battlefield (most likely because its first ability hasn’t resolved yet), no player creates a token."}, {"date": "2020-09-25", "text": "If Skyclave Apparition’s first ability exiled more than one card owned by a single player, that player creates a token with power and toughness equal to the sum of those cards’ converted mana costs. If the first ability exiled cards owned by more than one player, each of those players creates a token with power and toughness equal to the sum of the converted mana costs of all cards exiled by the first ability."}], "securityStamp": "oval", "setCode": "GDY", "subtypes": ["Kor", "Spirit"], "supertypes": [], "text": "When Skyclave Apparition enters the battlefield, exile up to one target nonland, nontoken permanent you don't control with mana value 4 or less.\nWhen Skyclave Apparition leaves the battlefield, the exiled card's owner creates an X/X blue Illusion creature token, where X is the mana value of the exiled card.", "toughness": "2", "type": "Creature — Kor Spirit", "types": ["Creature"], "uuid": "81768d2d-21f7-557d-b7cb-de8993104a8d"}, {"artist": "Nicholas Gregory", "availability": ["paper"], "borderColor": "black", "colorIdentity": ["U"], "colors": ["U"], "convertedManaCost": 6.0, "edhrecRank": 13260, "finishes": ["nonfoil", "foil"], "foreignData": [], "frameVersion": "2015", "hasFoil": true, "hasNonFoil": true, "identifiers": {"cardKingdomFoilId": "260233", "mcmId": "656544", "mcmMetaId": "406597", "mtgjsonV4Id": "8e08cbd1-c252-5ae1-9838-2ec89eb1a76f", "scryfallId": "dfc831bf-be32-42e4-b266-285b685abf90", "scryfallIllustrationId": "76992a82-70af-4fc4-9e51-d83e75751e06", "scryfallOracleId": "f15460d9-0133-436c-b0fe-1661989124f0", "tcgplayerProductId": "272572"}, "isPromo": true, "isReprint": true, "isStarter": true, "keywords": ["Flying"], "language": "English", "layout": "normal", "legalities": {"alchemy": "Legal", "brawl": "Legal", "commander": "Legal", "duel": "Legal", "explorer": "Legal", "future": "Legal", "gladiator": "Legal", "historic": "Legal", "historicbrawl": "Legal", "legacy": "Legal", "modern": "Legal", "pioneer": "Legal", "standard": "Legal", "vintage": "Legal"}, "manaCost": "{4}{U}{U}", "manaValue": 6.0, "name": "All-Seeing Arbiter", "number": "3", "power": "5", "printings": ["GDY", "PSNC", "SNC"], "promoTypes": ["gameday"], "purchaseUrls": {"cardKingdomFoil": "https://mtgjson.com/links/9ec90b018a256075", "cardmarket": "https://mtgjson.com/links/2b24562a3bde961d", "tcgplayer": "https://mtgjson.com/links/db6eb97c332ff415"}, "rarity": "mythic", "rulings": [], "securityStamp": "oval", "setCode": "GDY", "subtypes": ["Avatar"], "supertypes": [], "text": "Flying\nWhenever All-Seeing Arbiter enters the battlefield or attacks, draw two cards, then discard a card.\nWhenever you discard a card, target creature an opponent controls gets -X/-0 until your next turn, where X is the number of different mana values among cards in your graveyard.", "toughness": "4", "type": "Creature — Avatar", "types": ["Creature"], "uuid": "1bbe58fa-1c80-565f-bc56-55a8783e70b0"}], "code": "GDY", "isFoilOnly": false, "isOnlineOnly": false, "keyruneCode": "PMEI", "mcmId": 5069, "mcmName": "Game Day Promos", "name": "Game Day Promos", "releaseDate": "2022-04-08", "tokens": [], "totalSetSize": 3, "translations": {}, "type": "promo"}}