{"meta": {"date": "2022-05-26", "version": "5.2.0+20220526"}, "data": {"baseSetSize": 41, "cards": [{"artist": "Allen Williams", "availability": ["mtgo", "paper"], "borderColor": "black", "colorIdentity": [], "colors": [], "convertedManaCost": 1.0, "edhrecRank": 10994, "finishes": ["foil"], "flavorText": "When the clever counterfeit was accepted by the hive, Volrath's influence upon the slivers grew even stronger.", "foreignData": [], "frameVersion": "2003", "hasFoil": true, "hasNonFoil": false, "identifiers": {"cardKingdomFoilId": "128408", "cardsphereId": "36983", "mcmId": "22067", "mcmMetaId": "3564", "mtgjsonV4Id": "8b535cb8-330e-5706-804a-8e3cc23ce969", "mtgoFoilId": "35288", "mtgoId": "35287", "multiverseId": "208040", "scryfallId": "536c2bce-600f-43ce-9e6d-e6f4716c0309", "scryfallIllustrationId": "75143f84-0aa6-4661-8403-ee90e913c01a", "scryfallOracleId": "2dfafd63-83fb-4783-8e12-30018680a905", "tcgplayerProductId": "37066"}, "isReprint": true, "isStarter": true, "language": "English", "layout": "normal", "legalities": {"commander": "Legal", "duel": "Legal", "legacy": "Legal", "pauper": "Legal", "paupercommander": "Legal", "premodern": "Legal", "vintage": "Legal"}, "manaCost": "{1}", "manaValue": 1.0, "name": "Metallic Sliver", "number": "1", "power": "1", "printings": ["H09", "TMP", "TPR"], "purchaseUrls": {"cardKingdomFoil": "https://mtgjson.com/links/1cc5175ed9d44d85", "cardmarket": "https://mtgjson.com/links/ff7a5c72b7c23a34", "tcgplayer": "https://mtgjson.com/links/18fd47fe4042dd34"}, "rarity": "common", "rulings": [{"date": "2013-07-01", "text": "If the creature type of a Sliver changes so it’s no longer a Sliver, it will no longer be affected by its own ability. Its ability will continue to affect other Sliver creatures."}, {"date": "2013-07-01", "text": "Abilities that Slivers grant, as well as power/toughness boosts, are cumulative. However, for some abilities, like flying, having more than one instance of the ability doesn’t provide any additional benefit."}], "setCode": "H09", "subtypes": ["Sliver"], "supertypes": [], "toughness": "1", "type": "Artifact Creature — Sliver", "types": ["Artifact", "Creature"], "uuid": "56d1ecd5-fce8-5dbf-b482-dacc76099be2"}, {"artist": "Franz Vohwinkel", "availability": ["mtgo", "paper"], "borderColor": "black", "colorIdentity": ["G"], "colors": ["G"], "convertedManaCost": 1.0, "edhrecRank": 4084, "finishes": ["foil"], "foreignData": [], "frameVersion": "2003", "hasFoil": true, "hasNonFoil": false, "identifiers": {"cardKingdomFoilId": "128417", "cardsphereId": "36998", "mcmId": "22076", "mcmMetaId": "9076", "mtgjsonV4Id": "da24e88f-be8d-5b00-bea9-9c30a823db31", "mtgoFoilId": "35286", "mtgoId": "35285", "multiverseId": "207919", "scryfallId": "bacc3f0e-1333-48e6-8d3d-64e3148694ac", "scryfallIllustrationId": "093a05c9-c0a5-406e-b636-e2a1c0f15e14", "scryfallOracleId": "767c896d-4ff6-4cd4-b3a4-80179e84e1cd", "tcgplayerProductId": "37081"}, "isReprint": true, "isStarter": true, "language": "English", "layout": "normal", "legalities": {"commander": "Legal", "duel": "Legal", "legacy": "Legal", "modern": "Legal", "pauper": "Legal", "paupercommander": "Legal", "penny": "Legal", "vintage": "Legal"}, "manaCost": "{G}", "manaValue": 1.0, "name": "Virulent Sliver", "number": "2", "power": "1", "printings": ["FUT", "H09", "TSR"], "purchaseUrls": {"cardKingdomFoil": "https://mtgjson.com/links/5058f5e7009515e1", "cardmarket": "https://mtgjson.com/links/84903a4d46bcab80", "tcgplayer": "https://mtgjson.com/links/9f52fecdb5b244ce"}, "rarity": "common", "rulings": [{"date": "2013-07-01", "text": "If the creature type of a Sliver changes so it’s no longer a Sliver, it will no longer be affected by its own ability. Its ability will continue to affect other Sliver creatures."}, {"date": "2021-03-19", "text": "A player with ten or more poison counters loses the game as a state-based action, even if no permanents with poisonous are on the battlefield."}, {"date": "2021-03-19", "text": "If a creature has multiple instances of poisonous, each triggers separately."}, {"date": "2021-03-19", "text": "Poisonous 1 causes the player to get just one poison counter when a Sliver deals combat damage to them, no matter how much damage that Sliver dealt."}], "setCode": "H09", "subtypes": ["Sliver"], "supertypes": [], "text": "All Sliver creatures have poisonous 1. (Whenever a Sliver deals combat damage to a player, that player gets a poison counter. A player with ten or more poison counters loses the game.)", "toughness": "1", "type": "Creature — Sliver", "types": ["Creature"], "uuid": "6cdb540a-b17e-5032-8658-88df110c7dc7"}, {"artist": "Nils Hamm", "availability": ["mtgo", "paper"], "borderColor": "black", "colorIdentity": ["U"], "colors": ["U"], "convertedManaCost": 2.0, "edhrecRank": 3020, "finishes": ["foil"], "foreignData": [], "frameVersion": "2003", "hasFoil": true, "hasNonFoil": false, "identifiers": {"cardKingdomFoilId": "128394", "cardsphereId": "36963", "mcmId": "22054", "mcmMetaId": "9163", "mtgjsonV4Id": "78435175-2404-5f56-a667-1ff4100ad0e8", "mtgoFoilId": "35324", "mtgoId": "35323", "multiverseId": "207921", "scryfallId": "75d4e080-f6a7-4be0-9191-306f55784bbe", "scryfallIllustrationId": "3d63d2d1-27ee-4d0e-b52f-6a885115e465", "scryfallOracleId": "68865793-daeb-4c55-80cb-12853f9f96c4", "tcgplayerProductId": "37046"}, "isReprint": true, "isStarter": true, "keywords": ["Changeling"], "language": "English", "layout": "normal", "legalities": {"commander": "Legal", "duel": "Legal", "legacy": "Legal", "modern": "Legal", "pauper": "Legal", "paupercommander": "Legal", "penny": "Legal", "vintage": "Legal"}, "manaCost": "{1}{U}", "manaValue": 2.0, "name": "Amoeboid Changeling", "number": "3", "power": "1", "printings": ["H09", "LRW", "PLIST"], "purchaseUrls": {"cardKingdomFoil": "https://mtgjson.com/links/9a88638c4b9e3092", "cardmarket": "https://mtgjson.com/links/fed5433e46c3aaaf", "tcgplayer": "https://mtgjson.com/links/4f603cce18436319"}, "rarity": "common", "rulings": [{"date": "2007-10-01", "text": "If a creature loses all creature types but then gains a new creature type later in the turn, it will be that new creature type."}], "setCode": "H09", "subtypes": ["Shapeshifter"], "supertypes": [], "text": "Changeling (This card is every creature type.)\n{T}: Target creature gains all creature types until end of turn.\n{T}: Target creature loses all creature types until end of turn.", "toughness": "1", "type": "Creature — Shapeshifter", "types": ["Creature"], "uuid": "c729d3f9-fb53-5ef9-a0b9-d79b0111e1b3"}, {"artist": "Anthony S. Waters", "availability": ["mtgo", "paper"], "borderColor": "black", "colorIdentity": ["U"], "colors": ["U"], "convertedManaCost": 2.0, "edhrecRank": 4270, "finishes": ["foil"], "flavorText": "\"Everything around here has cut a deal with gravity.\"\n—Gerrard of the *Weatherlight*", "foreignData": [], "frameVersion": "2003", "hasFoil": true, "hasNonFoil": false, "identifiers": {"cardKingdomFoilId": "128418", "cardsphereId": "37002", "mcmId": "22077", "mcmMetaId": "6658", "mtgjsonV4Id": "0b848a2a-cb12-59d2-b9fc-34879f626945", "mtgoFoilId": "35296", "mtgoId": "35295", "multiverseId": "207920", "scryfallId": "f93e951a-ff0a-4629-b296-7cf3397bc583", "scryfallIllustrationId": "aef72054-6c86-4bdb-9d9d-5564b4c29484", "scryfallOracleId": "24e96682-14ca-4a62-a920-2d686c8a5dbf", "tcgplayerProductId": "37085"}, "isReprint": true, "isStarter": true, "language": "English", "layout": "normal", "legalities": {"commander": "Legal", "duel": "Legal", "legacy": "Legal", "pauper": "Legal", "paupercommander": "Legal", "premodern": "Legal", "vintage": "Legal"}, "manaCost": "{1}{U}", "manaValue": 2.0, "name": "Winged Sliver", "number": "4", "power": "1", "printings": ["H09", "TMP", "TPR"], "purchaseUrls": {"cardKingdomFoil": "https://mtgjson.com/links/001dd295de1b786e", "cardmarket": "https://mtgjson.com/links/f8fc8cd5864b49e3", "tcgplayer": "https://mtgjson.com/links/f08b66ee0a7803bb"}, "rarity": "common", "rulings": [{"date": "2013-07-01", "text": "Abilities that Slivers grant, as well as power/toughness boosts, are cumulative. However, for some abilities, like flying, having more than one instance of the ability doesn’t provide any additional benefit."}, {"date": "2013-07-01", "text": "If the creature type of a Sliver changes so it’s no longer a Sliver, it will no longer be affected by its own ability. Its ability will continue to affect other Sliver creatures."}], "setCode": "H09", "subtypes": ["Sliver"], "supertypes": [], "text": "All Sliver creatures have flying.", "toughness": "1", "type": "Creature — Sliver", "types": ["Creature"], "uuid": "fd4bc643-a713-50b8-bb3f-e0614cb4d00d"}, {"artist": "Jeff Laubenstein", "availability": ["mtgo", "paper"], "borderColor": "black", "colorIdentity": ["B"], "colors": ["B"], "convertedManaCost": 2.0, "edhrecRank": 6983, "finishes": ["foil"], "flavorText": "\"One would think I would be accustomed to unexpected returns.\"\n—Hanna, *Weatherlight* navigator", "foreignData": [], "frameVersion": "2003", "hasFoil": true, "hasNonFoil": false, "identifiers": {"cardKingdomFoilId": "128398", "cardsphereId": "36969", "mcmId": "22058", "mcmMetaId": "1043", "mtgjsonV4Id": "b3b45bbf-2345-5e51-9608-0a9945b12b6f", "mtgoFoilId": "35290", "mtgoId": "35289", "multiverseId": "207900", "scryfallId": "43b794b5-4fd4-404a-813a-11020fab0ddc", "scryfallIllustrationId": "b1db56bd-3fcb-4bb3-8710-aa93f7dd21ae", "scryfallOracleId": "2a885729-0618-4a25-b18d-b0587f14718d", "tcgplayerProductId": "37052"}, "isReprint": true, "isStarter": true, "language": "English", "layout": "normal", "legalities": {"commander": "Legal", "duel": "Legal", "legacy": "Legal", "pauper": "Legal", "paupercommander": "Legal", "premodern": "Legal", "vintage": "Legal"}, "manaCost": "{1}{B}", "manaValue": 2.0, "name": "Clot Sliver", "number": "5", "power": "1", "printings": ["H09", "TMP", "TPR"], "purchaseUrls": {"cardKingdomFoil": "https://mtgjson.com/links/2263e64e7ef7497a", "cardmarket": "https://mtgjson.com/links/96914d4c66bde07a", "tcgplayer": "https://mtgjson.com/links/093a2c84a8b6c468"}, "rarity": "common", "rulings": [{"date": "2013-07-01", "text": "Abilities that Slivers grant, as well as power/toughness boosts, are cumulative. However, for some abilities, like flying, having more than one instance of the ability doesn’t provide any additional benefit."}, {"date": "2013-07-01", "text": "If the creature type of a Sliver changes so it’s no longer a Sliver, it will no longer be affected by its own ability. Its ability will continue to affect other Sliver creatures."}], "setCode": "H09", "subtypes": ["Sliver"], "supertypes": [], "text": "All Slivers have \"{2}: Regenerate this permanent.\"", "toughness": "1", "type": "Creature — Sliver", "types": ["Creature"], "uuid": "8e80f87c-023c-526e-9ff0-6e4d50d88063"}, {"artist": "Glen Angus", "availability": ["mtgo", "paper"], "borderColor": "black", "colorIdentity": ["B"], "colors": ["B"], "convertedManaCost": 2.0, "edhrecRank": 11104, "finishes": ["foil"], "flavorText": "The Arturan conjurers took the strange, alien fossil and patterned their own twisted creations in its image.", "foreignData": [], "frameVersion": "2003", "hasFoil": true, "hasNonFoil": false, "identifiers": {"cardKingdomFoilId": "128400", "cardsphereId": "36974", "mcmId": "22060", "mcmMetaId": "9006", "mtgjsonV4Id": "3a011b15-7d38-52d4-9ea3-9ad280047345", "mtgoFoilId": "35284", "mtgoId": "35283", "multiverseId": "207902", "scryfallId": "8ae7319e-a12f-4e37-b184-0d15921ae72c", "scryfallIllustrationId": "164d3749-0db3-4ba7-a125-ef03282675cd", "scryfallOracleId": "d512d4ae-5db3-4fe5-8017-6a942004712d", "tcgplayerProductId": "37057"}, "isReprint": true, "isStarter": true, "language": "English", "layout": "normal", "legalities": {"commander": "Legal", "duel": "Legal", "legacy": "Legal", "modern": "Legal", "pauper": "Legal", "paupercommander": "Legal", "penny": "Legal", "vintage": "Legal"}, "manaCost": "{1}{B}", "manaValue": 2.0, "name": "Frenzy Sliver", "number": "6", "power": "1", "printings": ["FUT", "H09"], "purchaseUrls": {"cardKingdomFoil": "https://mtgjson.com/links/1b7d0b2a1b6b8a37", "cardmarket": "https://mtgjson.com/links/c59fac8ded570a85", "tcgplayer": "https://mtgjson.com/links/61a3a3bafb18d886"}, "rarity": "common", "rulings": [{"date": "2013-04-15", "text": "An ability that triggers when something “attacks and isn’t blocked” triggers in the declare blockers step after blockers are declared if (1) that creature is attacking and (2) no creatures are declared to block it. It will trigger even if that creature was put onto the battlefield attacking rather than having been declared as an attacker in the declare attackers step."}, {"date": "2013-07-01", "text": "Abilities that Slivers grant, as well as power/toughness boosts, are cumulative. However, for some abilities, like flying, having more than one instance of the ability doesn’t provide any additional benefit."}, {"date": "2013-07-01", "text": "If the creature type of a Sliver changes so it’s no longer a Sliver, it will no longer be affected by its own ability. Its ability will continue to affect other Sliver creatures."}], "setCode": "H09", "subtypes": ["Sliver"], "supertypes": [], "text": "All Sliver creatures have frenzy 1. (Whenever a Sliver attacks and isn't blocked, it gets +1/+0 until end of turn.)", "toughness": "1", "type": "Creature — Sliver", "types": ["Creature"], "uuid": "5d83b5dd-ed1e-5ae1-8120-0559baec0b17"}, {"artist": "Ron Spencer", "availability": ["mtgo", "paper"], "borderColor": "black", "colorIdentity": ["R"], "colors": ["R"], "convertedManaCost": 2.0, "edhrecRank": 3658, "finishes": ["foil"], "flavorText": "Gerrard looked all around for the source of the mysterious pulse, and at that moment the slivers boiled forth from the crevasses.", "foreignData": [], "frameVersion": "2003", "hasFoil": true, "hasNonFoil": false, "identifiers": {"cardKingdomFoilId": "128404", "cardsphereId": "36978", "mcmId": "22064", "mcmMetaId": "2634", "mtgjsonV4Id": "4800bfb0-8273-53bd-9f20-f036114206f4", "mtgoFoilId": "35294", "mtgoId": "35293", "multiverseId": "207906", "scryfallId": "981af400-4293-4b90-9325-8cdc633c4ea8", "scryfallIllustrationId": "3179f415-ee8b-4493-8e6b-9270e683571a", "scryfallOracleId": "6dd1f375-e8f2-4725-8fbd-9750c4860820", "tcgplayerProductId": "37061"}, "isReprint": true, "isStarter": true, "language": "English", "layout": "normal", "legalities": {"commander": "Legal", "duel": "Legal", "legacy": "Legal", "pauper": "Legal", "paupercommander": "Legal", "premodern": "Legal", "vintage": "Legal"}, "manaCost": "{1}{R}", "manaValue": 2.0, "name": "Heart Sliver", "number": "7", "power": "1", "printings": ["H09", "TMP"], "purchaseUrls": {"cardKingdomFoil": "https://mtgjson.com/links/6248138d68576dee", "cardmarket": "https://mtgjson.com/links/e71796227df5ff59", "tcgplayer": "https://mtgjson.com/links/d10a3c5b46f6bead"}, "rarity": "common", "rulings": [{"date": "2013-07-01", "text": "Abilities that Slivers grant, as well as power/toughness boosts, are cumulative. However, for some abilities, like flying, having more than one instance of the ability doesn’t provide any additional benefit."}, {"date": "2013-07-01", "text": "If the creature type of a Sliver changes so it’s no longer a Sliver, it will no longer be affected by its own ability. Its ability will continue to affect other Sliver creatures."}], "setCode": "H09", "subtypes": ["Sliver"], "supertypes": [], "text": "All Sliver creatures have haste.", "toughness": "1", "type": "Creature — Sliver", "types": ["Creature"], "uuid": "a7b9d72d-e2f3-5408-8066-3602fd9983e2"}, {"artist": "John Matson", "availability": ["mtgo", "paper"], "borderColor": "black", "colorIdentity": ["G"], "colors": ["G"], "convertedManaCost": 2.0, "edhrecRank": 2333, "finishes": ["foil"], "flavorText": "\"The land is weary. Even Skyshroud is depleted. We must find another source of mana—one that is growing despite our withering world.\"\n—Freyalise", "foreignData": [], "frameVersion": "2003", "hasFoil": true, "hasNonFoil": false, "identifiers": {"cardKingdomFoilId": "128403", "cardsphereId": "36977", "mcmId": "22063", "mcmMetaId": "8396", "mtgjsonV4Id": "07292e26-661c-507c-bd81-7c241216aa3e", "mtgoFoilId": "35363", "mtgoId": "35362", "multiverseId": "207905", "scryfallId": "3df0c5b7-c24e-4a4e-b4c4-d46e1a708c4e", "scryfallIllustrationId": "96405504-4e7d-41e1-97f6-5256a021bb55", "scryfallOracleId": "2c09ca09-8e62-4fe3-9b3d-61573dd2ffbc", "tcgplayerProductId": "37060"}, "isReprint": true, "isStarter": true, "language": "English", "layout": "normal", "legalities": {"commander": "Legal", "duel": "Legal", "legacy": "Legal", "modern": "Legal", "pauper": "Legal", "paupercommander": "Legal", "penny": "Legal", "vintage": "Legal"}, "manaCost": "{1}{G}", "manaValue": 2.0, "name": "Gemhide Sliver", "number": "8", "power": "1", "printings": ["H09", "TSP", "TSR"], "purchaseUrls": {"cardKingdomFoil": "https://mtgjson.com/links/49106d0077e381c5", "cardmarket": "https://mtgjson.com/links/af885e9a8ed1dd0e", "tcgplayer": "https://mtgjson.com/links/dd21170aede02994"}, "rarity": "common", "rulings": [{"date": "2013-07-01", "text": "Abilities that Slivers grant, as well as power/toughness boosts, are cumulative. However, for some abilities, like flying, having more than one instance of the ability doesn’t provide any additional benefit."}, {"date": "2013-07-01", "text": "If the creature type of a Sliver changes so it’s no longer a Sliver, it will no longer be affected by its own ability. Its ability will continue to affect other Sliver creatures."}], "setCode": "H09", "subtypes": ["Sliver"], "supertypes": [], "text": "All Slivers have \"{T}: Add one mana of any color.\"", "toughness": "1", "type": "Creature — Sliver", "types": ["Creature"], "uuid": "9b72bcdc-de06-5b63-b48e-59d7de81eac4"}, {"artist": "Richard Kane Ferguson", "availability": ["mtgo", "paper"], "borderColor": "black", "colorIdentity": ["G"], "colors": ["G"], "convertedManaCost": 2.0, "edhrecRank": 4108, "finishes": ["foil"], "flavorText": "The air was filled with the cracks and snaps of flesh hardening as the new sliver joined the battle.", "foreignData": [], "frameVersion": "2003", "hasFoil": true, "hasNonFoil": false, "identifiers": {"cardKingdomFoilId": "128410", "cardsphereId": "36986", "mcmId": "22069", "mcmMetaId": "3778", "mtgjsonV4Id": "f8126085-9c22-5e92-880d-1d81aec05887", "mtgoFoilId": "35292", "mtgoId": "35291", "multiverseId": "207911", "scryfallId": "6a2f3f6f-3c41-446f-b3b0-f5059b153092", "scryfallIllustrationId": "9c03af98-99eb-40c7-a81c-b31c69d96448", "scryfallOracleId": "06e0459f-d691-4470-884a-27c09b6612d2", "tcgplayerProductId": "37069"}, "isReprint": true, "isStarter": true, "language": "English", "layout": "normal", "legalities": {"commander": "Legal", "duel": "Legal", "legacy": "Legal", "pauper": "Legal", "paupercommander": "Legal", "premodern": "Legal", "vintage": "Legal"}, "manaCost": "{1}{G}", "manaValue": 2.0, "name": "Muscle Sliver", "number": "9", "power": "1", "printings": ["F03", "H09", "PLIST", "PRM", "TMP", "TPR"], "purchaseUrls": {"cardKingdomFoil": "https://mtgjson.com/links/709d6a8c8be086dc", "cardmarket": "https://mtgjson.com/links/d8b84e445b1eb33c", "tcgplayer": "https://mtgjson.com/links/ec4394f7afd41fa3"}, "rarity": "common", "rulings": [{"date": "2004-10-04", "text": "Yes, it does give the +1/+1 bonus to itself."}, {"date": "2013-07-01", "text": "Abilities that Slivers grant, as well as power/toughness boosts, are cumulative. However, for some abilities, like flying, having more than one instance of the ability doesn’t provide any additional benefit."}, {"date": "2013-07-01", "text": "If the creature type of a Sliver changes so it’s no longer a Sliver, it will no longer be affected by its own ability. Its ability will continue to affect other Sliver creatures."}], "setCode": "H09", "subtypes": ["Sliver"], "supertypes": [], "text": "All Sliver creatures get +1/+1.", "toughness": "1", "type": "Creature — Sliver", "types": ["Creature"], "uuid": "ff187e82-a639-5427-b7d8-7f0c7a3aa260"}, {"artist": "John Avon", "availability": ["mtgo", "paper"], "borderColor": "black", "colorIdentity": ["G"], "colors": ["G"], "convertedManaCost": 2.0, "edhrecRank": 3448, "finishes": ["foil"], "flavorText": "The directors of the Riptide Project wanted instant results on the sliver experiments. They got their wish.", "foreignData": [], "frameVersion": "2003", "hasFoil": true, "hasNonFoil": false, "identifiers": {"cardKingdomFoilId": "128412", "cardsphereId": "36989", "mcmId": "22071", "mcmMetaId": "4430", "mtgjsonV4Id": "78bceecb-119c-5c62-8938-906e513b7460", "mtgoFoilId": "35344", "mtgoId": "35343", "multiverseId": "207913", "scryfallId": "7142f9b7-3205-4f01-9174-0b48d52d90b2", "scryfallIllustrationId": "4b772e16-f83a-42e1-846e-7dedba851b7a", "scryfallOracleId": "530a5740-041c-42df-8fe0-fcea87258038", "tcgplayerProductId": "37072"}, "isReprint": true, "isStarter": true, "keywords": ["Flash"], "language": "English", "layout": "normal", "legalities": {"commander": "Legal", "duel": "Legal", "legacy": "Legal", "pauper": "Legal", "paupercommander": "Legal", "premodern": "Legal", "vintage": "Legal"}, "manaCost": "{1}{G}", "manaValue": 2.0, "name": "Quick Sliver", "number": "10", "power": "1", "printings": ["H09", "LGN", "PSAL"], "purchaseUrls": {"cardKingdomFoil": "https://mtgjson.com/links/3b45a28c96d905d6", "cardmarket": "https://mtgjson.com/links/29d90bf7db125b8e", "tcgplayer": "https://mtgjson.com/links/0c7d2d4f8ba23040"}, "rarity": "common", "rulings": [{"date": "2004-10-04", "text": "The first ability applies when this card is not on the battlefield. The second ability applies when this card is on the battlefield."}, {"date": "2013-07-01", "text": "Abilities that Slivers grant, as well as power/toughness boosts, are cumulative. However, for some abilities, like flying, having more than one instance of the ability doesn’t provide any additional benefit."}, {"date": "2013-07-01", "text": "If the creature type of a Sliver changes so it’s no longer a Sliver, it will no longer be affected by its own ability. Its ability will continue to affect other Sliver creatures."}], "setCode": "H09", "subtypes": ["Sliver"], "supertypes": [], "text": "Flash\nAny player may cast Sliver spells as though they had flash.", "toughness": "1", "type": "Creature — Sliver", "types": ["Creature"], "uuid": "719307f7-c291-5bc5-887d-14f4cfe4480d"}, {"artist": "Allen Williams", "availability": ["mtgo", "paper"], "borderColor": "black", "colorIdentity": ["U", "W"], "colors": ["U", "W"], "convertedManaCost": 2.0, "edhrecRank": 3484, "finishes": ["foil"], "flavorText": "Bred as living shields, these slivers have proven unruly—they know they cannot be caught.", "foreignData": [], "frameVersion": "2003", "hasFoil": true, "hasNonFoil": false, "identifiers": {"cardKingdomFoilId": "128399", "cardsphereId": "36971", "mcmId": "22059", "mcmMetaId": "1242", "mtgjsonV4Id": "89dac831-361f-5527-a4f6-c52bbde0ba2d", "mtgoFoilId": "35314", "mtgoId": "35313", "multiverseId": "207901", "scryfallId": "0f66aa7f-7043-4aeb-91da-ed155580e391", "scryfallIllustrationId": "69717bfe-9506-419b-8a38-149b8ac7f7ef", "scryfallOracleId": "ba3aa1eb-722a-47d3-83be-96daddb50265", "tcgplayerProductId": "37054"}, "isReprint": true, "isStarter": true, "language": "English", "layout": "normal", "legalities": {"commander": "Legal", "duel": "Legal", "legacy": "Legal", "paupercommander": "Restricted", "premodern": "Legal", "vintage": "Legal"}, "manaCost": "{W}{U}", "manaValue": 2.0, "name": "Crystalline Sliver", "number": "11", "power": "2", "printings": ["F03", "H09", "PLIST", "PRM", "STH", "TPR"], "purchaseUrls": {"cardKingdomFoil": "https://mtgjson.com/links/f3232b3b789e620d", "cardmarket": "https://mtgjson.com/links/a8aacf85ba5f5bb3", "tcgplayer": "https://mtgjson.com/links/38aaa7b39193bab2"}, "rarity": "uncommon", "rulings": [{"date": "2004-10-04", "text": "The ability only applies while this card is on the battlefield."}, {"date": "2013-07-01", "text": "Abilities that Slivers grant, as well as power/toughness boosts, are cumulative. However, for some abilities, like flying, having more than one instance of the ability doesn’t provide any additional benefit."}, {"date": "2013-07-01", "text": "If the creature type of a Sliver changes so it’s no longer a Sliver, it will no longer be affected by its own ability. Its ability will continue to affect other Sliver creatures."}], "setCode": "H09", "subtypes": ["Sliver"], "supertypes": [], "text": "All Slivers have shroud. (They can't be the targets of spells or abilities.)", "toughness": "2", "type": "Creature — Sliver", "types": ["Creature"], "uuid": "700f3863-79fd-5e09-b059-3ec5ece94584"}, {"artist": "Scott Kirschner", "availability": ["mtgo", "paper"], "borderColor": "black", "colorIdentity": ["B", "U"], "colors": ["B", "U"], "convertedManaCost": 2.0, "edhrecRank": 4395, "finishes": ["foil"], "flavorText": "Mogglings have been known to play ball with hibernating slivers, completely unaware of their true nature.", "foreignData": [], "frameVersion": "2003", "hasFoil": true, "hasNonFoil": false, "identifiers": {"cardKingdomFoilId": "128405", "cardsphereId": "36980", "mcmId": "22065", "mcmMetaId": "2678", "mtgjsonV4Id": "5ae1eaf2-0213-5d1b-9fea-652ca7a14923", "mtgoFoilId": "35318", "mtgoId": "35317", "multiverseId": "207907", "scryfallId": "747d69d4-a7d4-4d6d-8f12-2366655c15d9", "scryfallIllustrationId": "6c738f2e-818b-493a-b429-88c92cfcb13b", "scryfallOracleId": "edb8a6d6-9e25-4048-a842-e854eece42c2", "tcgplayerProductId": "37063"}, "isReprint": true, "isStarter": true, "language": "English", "layout": "normal", "legalities": {"commander": "Legal", "duel": "Legal", "legacy": "Legal", "paupercommander": "Restricted", "premodern": "Legal", "vintage": "Legal"}, "manaCost": "{U}{B}", "manaValue": 2.0, "name": "Hibernation Sliver", "number": "12", "power": "2", "printings": ["H09", "STH", "TPR"], "purchaseUrls": {"cardKingdomFoil": "https://mtgjson.com/links/c85667787001891d", "cardmarket": "https://mtgjson.com/links/750f1c6a7349e415", "tcgplayer": "https://mtgjson.com/links/f58669a7472c2d5c"}, "rarity": "uncommon", "rulings": [{"date": "2013-07-01", "text": "Abilities that Slivers grant, as well as power/toughness boosts, are cumulative. However, for some abilities, like flying, having more than one instance of the ability doesn’t provide any additional benefit."}, {"date": "2013-07-01", "text": "If the creature type of a Sliver changes so it’s no longer a Sliver, it will no longer be affected by its own ability. Its ability will continue to affect other Sliver creatures."}], "setCode": "H09", "subtypes": ["Sliver"], "supertypes": [], "text": "All Slivers have \"Pay 2 life: Return this permanent to its owner's hand.\"", "toughness": "2", "type": "Creature — Sliver", "types": ["Creature"], "uuid": "7af2ee7c-f26f-5c2e-9beb-925dcb303451"}, {"artist": "Jeff Miracola", "availability": ["mtgo", "paper"], "borderColor": "black", "colorIdentity": ["B", "R"], "colors": ["B", "R"], "convertedManaCost": 2.0, "edhrecRank": 10343, "finishes": ["foil"], "flavorText": "The first sliver burst against the cave wall, and others piled in behind to deepen the new tunnel.", "foreignData": [], "frameVersion": "2003", "hasFoil": true, "hasNonFoil": false, "identifiers": {"cardKingdomFoilId": "128393", "cardsphereId": "36962", "mcmId": "22053", "mcmMetaId": "34", "mtgjsonV4Id": "1d3ea9d8-4815-54a5-a612-7303493abfad", "mtgoFoilId": "35312", "mtgoId": "35311", "multiverseId": "207897", "scryfallId": "f2e23d03-9ee4-44c1-88d3-7708ef5b79c9", "scryfallIllustrationId": "948f2360-31b5-40f7-a406-9d3798f2239d", "scryfallOracleId": "a149eeb1-007c-435d-9d55-34af205090e0", "tcgplayerProductId": "37045"}, "isReprint": true, "isStarter": true, "language": "English", "layout": "normal", "legalities": {"commander": "Legal", "duel": "Legal", "legacy": "Legal", "paupercommander": "Restricted", "premodern": "Legal", "vintage": "Legal"}, "manaCost": "{B}{R}", "manaValue": 2.0, "name": "Acidic Sliver", "number": "13", "power": "2", "printings": ["H09", "STH", "TPR"], "purchaseUrls": {"cardKingdomFoil": "https://mtgjson.com/links/482c139c0967ca8e", "cardmarket": "https://mtgjson.com/links/ba3a83f142901de6", "tcgplayer": "https://mtgjson.com/links/adaa3d9f70b0ac51"}, "rarity": "uncommon", "rulings": [{"date": "2013-07-01", "text": "Abilities that Slivers grant, as well as power/toughness boosts, are cumulative. However, for some abilities, like flying, having more than one instance of the ability doesn’t provide any additional benefit."}, {"date": "2013-07-01", "text": "If the creature type of a Sliver changes so it’s no longer a Sliver, it will no longer be affected by its own ability. Its ability will continue to affect other Sliver creatures."}], "setCode": "H09", "subtypes": ["Sliver"], "supertypes": [], "text": "All Slivers have \"{2}, Sacrifice this permanent: This permanent deals 2 damage to any target.\"", "toughness": "2", "type": "Creature — Sliver", "types": ["Creature"], "uuid": "4961499b-a5f7-598e-81ce-32b8a9e0e817"}, {"artist": "Ron Spencer", "availability": ["mtgo", "paper"], "borderColor": "black", "colorIdentity": ["G", "R"], "colors": ["G", "R"], "convertedManaCost": 2.0, "edhrecRank": 10096, "finishes": ["foil"], "flavorText": "\"Slivers are evil and slivers are sly; And if you get eaten, then no one will cry.\"\n—Mogg children's rhyme", "foreignData": [], "frameVersion": "2003", "hasFoil": true, "hasNonFoil": false, "identifiers": {"cardKingdomFoilId": "128415", "cardsphereId": "36994", "mcmId": "22074", "mcmMetaId": "5491", "mtgjsonV4Id": "e136a261-2a86-5e86-983f-7b526d327a88", "mtgoFoilId": "35320", "mtgoId": "35319", "multiverseId": "208041", "scryfallId": "4a0bf9e6-c497-45bc-83e0-9f50ef424852", "scryfallIllustrationId": "ae90d433-6971-43cc-9c79-fed99e76d155", "scryfallOracleId": "eed9c168-1c78-43c6-a814-9b80054d1373", "tcgplayerProductId": "37077"}, "isReprint": true, "isStarter": true, "language": "English", "layout": "normal", "legalities": {"commander": "Legal", "duel": "Legal", "legacy": "Legal", "modern": "Legal", "paupercommander": "Restricted", "penny": "Legal", "premodern": "Legal", "vintage": "Legal"}, "manaCost": "{R}{G}", "manaValue": 2.0, "name": "Spined Sliver", "number": "14", "power": "2", "printings": ["H09", "STH", "TPR", "TSB"], "purchaseUrls": {"cardKingdomFoil": "https://mtgjson.com/links/fa27a0519c8dcc92", "cardmarket": "https://mtgjson.com/links/ac3ce9aeee023fe5", "tcgplayer": "https://mtgjson.com/links/b512f28d65f17fe9"}, "rarity": "uncommon", "rulings": [{"date": "2004-10-04", "text": "If two Spined Slivers are on the battlefield then each blocked sliver gets +2/+2 for each creature blocking it."}, {"date": "2013-07-01", "text": "Abilities that Slivers grant, as well as power/toughness boosts, are cumulative. However, for some abilities, like flying, having more than one instance of the ability doesn’t provide any additional benefit."}, {"date": "2013-07-01", "text": "If the creature type of a Sliver changes so it’s no longer a Sliver, it will no longer be affected by its own ability. Its ability will continue to affect other Sliver creatures."}], "setCode": "H09", "subtypes": ["Sliver"], "supertypes": [], "text": "Whenever a Sliver becomes blocked, that Sliver gets +1/+1 until end of turn for each creature blocking it.", "toughness": "2", "type": "Creature — Sliver", "types": ["Creature"], "uuid": "94c403fd-e7c0-5536-9528-82d7b7826c95"}, {"artist": "Terese Nielsen", "availability": ["mtgo", "paper"], "borderColor": "black", "colorIdentity": ["G", "W"], "colors": ["G", "W"], "convertedManaCost": 2.0, "edhrecRank": 12453, "finishes": ["foil"], "flavorText": "\"We are kinfolk,\" explained Karn to the sliver queen. \"Just as you need your progeny to complete you, so do I need the pieces of the Legacy to make me whole.\"", "foreignData": [], "frameVersion": "2003", "hasFoil": true, "hasNonFoil": false, "identifiers": {"cardKingdomFoilId": "128416", "cardsphereId": "36997", "mcmId": "22075", "mcmMetaId": "6361", "mtgjsonV4Id": "23c2cce2-61dd-5854-890d-cb87d634b342", "mtgoFoilId": "35322", "mtgoId": "35321", "multiverseId": "207918", "scryfallId": "90b3df6c-bddd-4680-b8e2-0f9698302f5e", "scryfallIllustrationId": "0a471c3d-56a5-4c06-b085-fc7509c6da95", "scryfallOracleId": "bd803b1c-1370-40db-a6c6-abad4b3d1602", "tcgplayerProductId": "37080"}, "isReprint": true, "isStarter": true, "language": "English", "layout": "normal", "legalities": {"commander": "Legal", "duel": "Legal", "legacy": "Legal", "paupercommander": "Restricted", "premodern": "Legal", "vintage": "Legal"}, "manaCost": "{G}{W}", "manaValue": 2.0, "name": "Victual Sliver", "number": "15", "power": "2", "printings": ["H09", "STH", "TPR"], "purchaseUrls": {"cardKingdomFoil": "https://mtgjson.com/links/5768a1d9dfce2509", "cardmarket": "https://mtgjson.com/links/9a854a96c6bfc40e", "tcgplayer": "https://mtgjson.com/links/54b2f01b43d8f1c9"}, "rarity": "uncommon", "rulings": [{"date": "2013-07-01", "text": "Abilities that Slivers grant, as well as power/toughness boosts, are cumulative. However, for some abilities, like flying, having more than one instance of the ability doesn’t provide any additional benefit."}, {"date": "2013-07-01", "text": "If the creature type of a Sliver changes so it’s no longer a Sliver, it will no longer be affected by its own ability. Its ability will continue to affect other Sliver creatures."}], "setCode": "H09", "subtypes": ["Sliver"], "supertypes": [], "text": "All Slivers have \"{2}, Sacrifice this permanent: You gain 4 life.\"", "toughness": "2", "type": "Creature — Sliver", "types": ["Creature"], "uuid": "4b0873cd-2aee-5442-b23f-c343f215d0f7"}, {"artist": "Scott Kirschner", "availability": ["mtgo", "paper"], "borderColor": "black", "colorIdentity": ["W"], "colors": ["W"], "convertedManaCost": 3.0, "edhrecRank": 16862, "finishes": ["foil"], "flavorText": "Hanna: \"We must learn how they protect each other.\"\nMirri: \"After they've done trying to kill us, all right?\"", "foreignData": [], "frameVersion": "2003", "hasFoil": true, "hasNonFoil": false, "identifiers": {"cardKingdomFoilId": "128395", "cardsphereId": "36966", "mcmId": "22055", "mcmMetaId": "289", "mtgjsonV4Id": "5ebf574f-7f5a-53ae-8214-36ce706865bc", "mtgoFoilId": "35310", "mtgoId": "35309", "multiverseId": "207898", "scryfallId": "f20c1c1a-a964-40c7-8d74-2d08ff192bc3", "scryfallIllustrationId": "83cf63ff-c4b7-4fd6-8f58-a5fa89174904", "scryfallOracleId": "c284b1fd-f238-478a-bcf1-c4b8f32f11f3", "tcgplayerProductId": "37049"}, "isReprint": true, "isStarter": true, "language": "English", "layout": "normal", "legalities": {"commander": "Legal", "duel": "Legal", "legacy": "Legal", "pauper": "Legal", "paupercommander": "Legal", "penny": "Legal", "premodern": "Legal", "vintage": "Legal"}, "manaCost": "{2}{W}", "manaValue": 3.0, "name": "Armor Sliver", "number": "16", "power": "2", "printings": ["H09", "TMP", "TPR"], "purchaseUrls": {"cardKingdomFoil": "https://mtgjson.com/links/79fdeb3bda11ec92", "cardmarket": "https://mtgjson.com/links/a9de03e4bf615dc4", "tcgplayer": "https://mtgjson.com/links/c55bdd938222c82f"}, "rarity": "uncommon", "rulings": [{"date": "2013-07-01", "text": "Abilities that Slivers grant, as well as power/toughness boosts, are cumulative. However, for some abilities, like flying, having more than one instance of the ability doesn’t provide any additional benefit."}, {"date": "2013-07-01", "text": "If the creature type of a Sliver changes so it’s no longer a Sliver, it will no longer be affected by its own ability. Its ability will continue to affect other Sliver creatures."}], "setCode": "H09", "subtypes": ["Sliver"], "supertypes": [], "text": "All Sliver creatures have \"{2}: This creature gets +0/+1 until end of turn.\"", "toughness": "2", "type": "Creature — Sliver", "types": ["Creature"], "uuid": "a00f2555-87d0-5284-a53b-ecb9e06b297a"}, {"artist": "Pete Venters", "availability": ["mtgo", "paper"], "borderColor": "black", "colorIdentity": ["B"], "colors": ["B"], "convertedManaCost": 3.0, "edhrecRank": 14172, "finishes": ["foil"], "flavorText": "\"Sure, I've seen agents of the Cabal here and there. Well, not here, and certainly not in any of the sliver labs. Oh dear, I've said too much.\"\n—Apprentice researcher", "foreignData": [], "frameVersion": "2003", "hasFoil": true, "hasNonFoil": false, "identifiers": {"cardKingdomFoilId": "128414", "cardsphereId": "36993", "mcmId": "22073", "mcmMetaId": "5452", "mtgjsonV4Id": "da085974-fbfe-5eb2-8e7d-915e72455a9f", "mtgoFoilId": "35346", "mtgoId": "35345", "multiverseId": "207916", "scryfallId": "cc8da573-72fc-45fd-9024-24eca0804530", "scryfallIllustrationId": "8e3e412e-938e-496b-a405-f1d9b49b5390", "scryfallOracleId": "b08d4381-1a75-4c59-9551-b3133f7495a3", "tcgplayerProductId": "37076"}, "isReprint": true, "isStarter": true, "language": "English", "layout": "normal", "legalities": {"commander": "Legal", "duel": "Legal", "legacy": "Legal", "paupercommander": "Restricted", "premodern": "Legal", "vintage": "Legal"}, "manaCost": "{2}{B}", "manaValue": 3.0, "name": "Spectral Sliver", "number": "17", "power": "2", "printings": ["H09", "LGN", "PSAL"], "purchaseUrls": {"cardKingdomFoil": "https://mtgjson.com/links/35db545970ebb86c", "cardmarket": "https://mtgjson.com/links/fc291878a777b200", "tcgplayer": "https://mtgjson.com/links/cde447c5c4830afa"}, "rarity": "uncommon", "rulings": [{"date": "2013-07-01", "text": "Abilities that Slivers grant, as well as power/toughness boosts, are cumulative. However, for some abilities, like flying, having more than one instance of the ability doesn’t provide any additional benefit."}, {"date": "2013-07-01", "text": "If the creature type of a Sliver changes so it’s no longer a Sliver, it will no longer be affected by its own ability. Its ability will continue to affect other Sliver creatures."}], "setCode": "H09", "subtypes": ["Sliver", "Spirit"], "supertypes": [], "text": "All Sliver creatures have \"{2}: This creature gets +1/+1 until end of turn.\"", "toughness": "2", "type": "Creature — Sliver Spirit", "types": ["Creature"], "uuid": "6ad0d9e7-bcf2-5015-b0df-f06d31843386"}, {"artist": "Scott Kirschner", "availability": ["mtgo", "paper"], "borderColor": "black", "colorIdentity": ["R"], "colors": ["R"], "convertedManaCost": 3.0, "edhrecRank": 16428, "finishes": ["foil"], "flavorText": "Spans of spines leapt from one sliver to the next, forming a deadly hedge around the *Weatherlight*.", "foreignData": [], "frameVersion": "2003", "hasFoil": true, "hasNonFoil": false, "identifiers": {"cardKingdomFoilId": "128396", "cardsphereId": "36967", "mcmId": "22056", "mcmMetaId": "448", "mtgjsonV4Id": "3ab8e773-b408-5558-b7e9-e2f93bb16094", "mtgoFoilId": "35308", "mtgoId": "35307", "multiverseId": "207899", "scryfallId": "05e5de3c-e615-481a-a8f2-8300864d5e07", "scryfallIllustrationId": "9de74776-ee48-42c1-ab01-14b9088de9aa", "scryfallOracleId": "8fbca9ba-8b83-40ca-9f7e-5c483ba76675", "tcgplayerProductId": "37050"}, "isReprint": true, "isStarter": true, "language": "English", "layout": "normal", "legalities": {"commander": "Legal", "duel": "Legal", "legacy": "Legal", "pauper": "Legal", "paupercommander": "Legal", "penny": "Legal", "premodern": "Legal", "vintage": "Legal"}, "manaCost": "{2}{R}", "manaValue": 3.0, "name": "Barbed Sliver", "number": "18", "power": "2", "printings": ["H09", "TMP", "TPR"], "purchaseUrls": {"cardKingdomFoil": "https://mtgjson.com/links/8d6e3d01b53f4889", "cardmarket": "https://mtgjson.com/links/59f256887cf16a45", "tcgplayer": "https://mtgjson.com/links/49a6dd77b2c26076"}, "rarity": "uncommon", "rulings": [{"date": "2013-07-01", "text": "Abilities that Slivers grant, as well as power/toughness boosts, are cumulative. However, for some abilities, like flying, having more than one instance of the ability doesn’t provide any additional benefit."}, {"date": "2013-07-01", "text": "If the creature type of a Sliver changes so it’s no longer a Sliver, it will no longer be affected by its own ability. Its ability will continue to affect other Sliver creatures."}], "setCode": "H09", "subtypes": ["Sliver"], "supertypes": [], "text": "All Sliver creatures have \"{2}: This creature gets +1/+0 until end of turn.\"", "toughness": "2", "type": "Creature — Sliver", "types": ["Creature"], "uuid": "970f206f-6095-5ad6-b57c-947f62d87618"}, {"artist": "Trevor Hairsine", "availability": ["mtgo", "paper"], "borderColor": "black", "colorIdentity": ["R"], "colors": ["R"], "convertedManaCost": 3.0, "edhrecRank": 4069, "finishes": ["foil"], "foreignData": [], "frameVersion": "2003", "hasFoil": true, "hasNonFoil": false, "identifiers": {"cardKingdomFoilId": "128406", "cardsphereId": "36981", "mcmId": "22066", "mcmMetaId": "9039", "mtgjsonV4Id": "c09ed051-0b03-5950-8fca-9ed8edc1527b", "mtgoFoilId": "35282", "mtgoId": "35281", "multiverseId": "207908", "scryfallId": "2a50d5c6-8e9c-4950-8d8d-4aad0ce044cb", "scryfallIllustrationId": "3e416c28-cbf0-4649-a898-dc56c8351d7f", "scryfallOracleId": "34b4d137-780b-446c-8cdd-fd1673180971", "tcgplayerProductId": "37064"}, "isReprint": true, "isStarter": true, "keywords": ["Slivercycling"], "language": "English", "layout": "normal", "legalities": {"commander": "Legal", "duel": "Legal", "legacy": "Legal", "modern": "Legal", "pauper": "Legal", "paupercommander": "Legal", "penny": "Legal", "vintage": "Legal"}, "manaCost": "{2}{R}", "manaValue": 3.0, "name": "Homing Sliver", "number": "19", "power": "2", "printings": ["FUT", "H09", "TSR"], "purchaseUrls": {"cardKingdomFoil": "https://mtgjson.com/links/2dba793780b3c712", "cardmarket": "https://mtgjson.com/links/6fae416bd76977d3", "tcgplayer": "https://mtgjson.com/links/1a5f49ef2f3ee988"}, "rarity": "common", "rulings": [{"date": "2013-07-01", "text": "Abilities that Slivers grant, as well as power/toughness boosts, are cumulative. However, for some abilities, like flying, having more than one instance of the ability doesn’t provide any additional benefit."}, {"date": "2013-07-01", "text": "If the creature type of a Sliver changes so it’s no longer a Sliver, it will no longer be affected by its own ability. Its ability will continue to affect other Sliver creatures."}, {"date": "2021-03-19", "text": "Unlike a normal cycling ability, Slivercycling doesn’t have you draw a card. Instead, it lets you search your library for a Sliver card."}, {"date": "2021-03-19", "text": "Slivercycling is a form of cycling. Any ability that triggers on a card being cycled also triggers on Slivercycling a card. Any ability that stops a cycling ability from being activated also stops Slivercycling from being activated."}], "setCode": "H09", "subtypes": ["Sliver"], "supertypes": [], "text": "Each Sliver card in each player's hand has slivercycling {3}.\nSlivercycling {3} ({3}, Discard this card: Search your library for a Sliver card, reveal it, put it into your hand, then shuffle.)", "toughness": "2", "type": "Creature — Sliver", "types": ["Creature"], "uuid": "c3647575-4f63-564c-8d93-1f6c381cbb21"}, {"artist": "Dave Allsop", "availability": ["mtgo", "paper"], "borderColor": "black", "colorIdentity": ["B", "W"], "colors": ["B", "W"], "convertedManaCost": 3.0, "edhrecRank": 3422, "finishes": ["foil"], "flavorText": "Though Volrath is long dead, the slivers have become everything he wanted them to be: mindless instruments of destruction and despair.", "foreignData": [], "frameVersion": "2003", "hasFoil": true, "hasNonFoil": false, "identifiers": {"cardKingdomFoilId": "128411", "cardsphereId": "36987", "mcmId": "22070", "mcmMetaId": "8745", "mtgjsonV4Id": "3fcb0bad-b871-5237-acd7-3ba12b2c9868", "mtgoFoilId": "35357", "mtgoId": "35356", "multiverseId": "207912", "scryfallId": "812c6110-c825-48cd-ba40-ec8e9557f0e7", "scryfallIllustrationId": "b3514f15-e4d4-4502-a53e-a947e95ed71b", "scryfallOracleId": "9655569d-bfa5-4665-9371-9f275b8d223e", "tcgplayerProductId": "37070"}, "isReprint": true, "isStarter": true, "language": "English", "layout": "normal", "legalities": {"commander": "Legal", "duel": "Legal", "legacy": "Legal", "modern": "Legal", "paupercommander": "Restricted", "penny": "Legal", "vintage": "Legal"}, "manaCost": "{1}{W}{B}", "manaValue": 3.0, "name": "Necrotic Sliver", "number": "20", "power": "2", "printings": ["AFC", "H09", "PLC", "PLIST", "TSR"], "purchaseUrls": {"cardKingdomFoil": "https://mtgjson.com/links/c160e87e4b3758ed", "cardmarket": "https://mtgjson.com/links/10eb6c84d86cda18", "tcgplayer": "https://mtgjson.com/links/6a86fb58190846a8"}, "rarity": "uncommon", "rulings": [{"date": "2013-07-01", "text": "Abilities that Slivers grant, as well as power/toughness boosts, are cumulative. However, for some abilities, like flying, having more than one instance of the ability doesn't provide any additional benefit."}, {"date": "2013-07-01", "text": "If the creature type of a Sliver changes so it's no longer a Sliver, it will no longer be affected by its own ability. Its ability will continue to affect other Sliver creatures."}], "setCode": "H09", "subtypes": ["Sliver"], "supertypes": [], "text": "All Slivers have \"{3}, Sacrifice this permanent: Destroy target permanent.\"", "toughness": "2", "type": "Creature — Sliver", "types": ["Creature"], "uuid": "1cf21a3b-3d31-5353-806a-10346ab7c2e5"}, {"artist": "Daniel Gelon", "availability": ["mtgo", "paper"], "borderColor": "black", "colorIdentity": ["G"], "colors": ["G"], "convertedManaCost": 4.0, "edhrecRank": 7366, "finishes": ["foil"], "flavorText": "\"When a sliver of this breed enters the hive, the others claw each other in frenzied fits, thereby ensuring their rapid growth.\"\n—Rukarumel, field journal", "foreignData": [], "frameVersion": "2003", "hasFoil": true, "hasNonFoil": false, "identifiers": {"cardKingdomFoilId": "128401", "cardsphereId": "36975", "mcmId": "22061", "mcmMetaId": "8392", "mtgjsonV4Id": "3fb08c6b-249a-5443-89a5-47a469347b7a", "mtgoFoilId": "35361", "mtgoId": "35360", "multiverseId": "207903", "scryfallId": "be17c49e-7634-4698-a2e4-7cd3068d9971", "scryfallIllustrationId": "2b5e7d07-4e13-40f8-aab1-ecd6637eacfa", "scryfallOracleId": "885c47cb-64fb-4c83-a9ca-4f2eecb7d3e5", "tcgplayerProductId": "37058"}, "isReprint": true, "isStarter": true, "language": "English", "layout": "normal", "legalities": {"commander": "Legal", "duel": "Legal", "legacy": "Legal", "modern": "Legal", "penny": "Legal", "vintage": "Legal"}, "manaCost": "{3}{G}", "manaValue": 4.0, "name": "Fungus Sliver", "number": "21", "power": "2", "printings": ["H09", "TSP", "TSR"], "purchaseUrls": {"cardKingdomFoil": "https://mtgjson.com/links/efa809f7a7ac594a", "cardmarket": "https://mtgjson.com/links/c9dbf1b7ed76abad", "tcgplayer": "https://mtgjson.com/links/74b297521538a392"}, "rarity": "rare", "rulings": [{"date": "2013-07-01", "text": "Abilities that Slivers grant, as well as power/toughness boosts, are cumulative. However, for some abilities, like flying, having more than one instance of the ability doesn’t provide any additional benefit."}, {"date": "2013-07-01", "text": "If the creature type of a Sliver changes so it’s no longer a Sliver, it will no longer be affected by its own ability. Its ability will continue to affect other Sliver creatures."}, {"date": "2021-03-19", "text": "If multiple sources deal damage to a Sliver at the same time and that Sliver survives the damage, it gets only one +1/+1 counter despite its impressive efforts."}], "setCode": "H09", "subtypes": ["Fungus", "Sliver"], "supertypes": [], "text": "All Sliver creatures have \"Whenever this creature is dealt damage, put a +1/+1 counter on it.\" (It must survive the damage to get the counter.)", "toughness": "2", "type": "Creature — Fungus Sliver", "types": ["Creature"], "uuid": "1b112537-7373-5e20-a943-349c271b9255"}, {"artist": "Ron Spears", "availability": ["mtgo", "paper"], "borderColor": "black", "colorIdentity": ["G"], "colors": ["G"], "convertedManaCost": 5.0, "edhrecRank": 4503, "finishes": ["foil"], "flavorText": "Within weeks, more slivers nested in Otaria than ever existed on Rath.", "foreignData": [], "frameVersion": "2003", "hasFoil": true, "hasNonFoil": false, "identifiers": {"cardKingdomFoilId": "128397", "cardsphereId": "36968", "mcmId": "22057", "mcmMetaId": "727", "mtgjsonV4Id": "f87bf577-fe1c-5cf8-837c-9d26511eb6d8", "mtgoFoilId": "35342", "mtgoId": "35341", "multiverseId": "208039", "scryfallId": "fa861228-5ceb-41f8-8ec0-9b96f1360271", "scryfallIllustrationId": "4415deb1-441d-4bc4-b303-bcd0a56e7d73", "scryfallOracleId": "6b1d178f-9713-4dcf-920b-ddf2c94cc427", "tcgplayerProductId": "37051"}, "isReprint": true, "isStarter": true, "language": "English", "layout": "normal", "legalities": {"commander": "Legal", "duel": "Legal", "legacy": "Legal", "premodern": "Legal", "vintage": "Legal"}, "manaCost": "{4}{G}", "manaValue": 5.0, "name": "Brood Sliver", "number": "22", "power": "3", "printings": ["H09", "LGN", "PSAL"], "purchaseUrls": {"cardKingdomFoil": "https://mtgjson.com/links/c8c235ee28309b80", "cardmarket": "https://mtgjson.com/links/1ec7365bd629b193", "tcgplayer": "https://mtgjson.com/links/d9fb7561722362aa"}, "rarity": "rare", "rulings": [{"date": "2004-10-04", "text": "This card’s controller controls the triggered ability, but the controller of the Sliver that deals damage to a player decides whether or not to put the token onto the battlefield under their control."}, {"date": "2013-07-01", "text": "Abilities that Slivers grant, as well as power/toughness boosts, are cumulative. However, for some abilities, like flying, having more than one instance of the ability doesn’t provide any additional benefit."}, {"date": "2013-07-01", "text": "If the creature type of a Sliver changes so it’s no longer a Sliver, it will no longer be affected by its own ability. Its ability will continue to affect other Sliver creatures."}], "setCode": "H09", "subtypes": ["Sliver"], "supertypes": [], "text": "Whenever a Sliver deals combat damage to a player, its controller may create a 1/1 colorless Sliver creature token.", "toughness": "3", "type": "Creature — Sliver", "types": ["Creature"], "uuid": "fcb603c8-8c57-5b04-9c78-dee6a6157dda"}, {"artist": "Jeff Miracola", "availability": ["mtgo", "paper"], "borderColor": "black", "colorIdentity": ["G"], "colors": ["G"], "convertedManaCost": 5.0, "edhrecRank": 4877, "finishes": ["foil"], "flavorText": "\"The colossal thing rumbled over the ridge, tree husks crumbling before it. The ones we were already fighting howled as it came, their muscles suddenly surging, and we knew it was time to flee.\"\n—Llanach, Skyshroud ranger", "foreignData": [], "frameVersion": "2003", "hasFoil": true, "hasNonFoil": false, "identifiers": {"cardKingdomFoilId": "128409", "cardsphereId": "36984", "mcmId": "22068", "mcmMetaId": "8445", "mtgjsonV4Id": "dfc228e1-9688-5ae1-b2d7-e9b0f29cd31f", "mtgoFoilId": "35353", "mtgoId": "35352", "multiverseId": "207910", "scryfallId": "0122c2d9-7d4b-41a7-b39d-21b52e76e94e", "scryfallIllustrationId": "629e3479-da36-426e-a059-cb6a90993c88", "scryfallOracleId": "92f5f80c-de1a-44e8-93f1-e405241c1e82", "tcgplayerProductId": "37067"}, "isReprint": true, "isStarter": true, "language": "English", "layout": "normal", "legalities": {"commander": "Legal", "duel": "Legal", "legacy": "Legal", "modern": "Legal", "paupercommander": "Restricted", "penny": "Legal", "vintage": "Legal"}, "manaCost": "{4}{G}", "manaValue": 5.0, "name": "Might Sliver", "number": "23", "power": "2", "printings": ["H09", "TSP", "TSR"], "purchaseUrls": {"cardKingdomFoil": "https://mtgjson.com/links/6e1a3c09c5b74e0a", "cardmarket": "https://mtgjson.com/links/5a6460d534dcb5e4", "tcgplayer": "https://mtgjson.com/links/2556de8b8d60f871"}, "rarity": "uncommon", "rulings": [{"date": "2013-07-01", "text": "Abilities that Slivers grant, as well as power/toughness boosts, are cumulative. However, for some abilities, like flying, having more than one instance of the ability doesn’t provide any additional benefit."}, {"date": "2013-07-01", "text": "If the creature type of a Sliver changes so it’s no longer a Sliver, it will no longer be affected by its own ability. Its ability will continue to affect other Sliver creatures."}, {"date": "2021-03-19", "text": "Because damage remains marked on a creature until the damage is removed as the turn ends, nonlethal damage dealt to a Sliver may become lethal if Might Sliver leaves the battlefield during that turn."}], "setCode": "H09", "subtypes": ["Sliver"], "supertypes": [], "text": "All Sliver creatures get +2/+2.", "toughness": "2", "type": "Creature — Sliver", "types": ["Creature"], "uuid": "5d7f491f-4a9e-526d-9e66-b174c8cb7daa"}, {"artist": "Tony Szczudlo", "availability": ["mtgo", "paper"], "borderColor": "black", "colorIdentity": ["B", "G", "R", "U", "W"], "colors": ["B", "G", "R", "U", "W"], "convertedManaCost": 5.0, "edhrecRank": 3421, "finishes": ["foil"], "flavorText": "The end of evolution.", "foreignData": [], "frameVersion": "2003", "hasFoil": true, "hasNonFoil": false, "identifiers": {"cardKingdomFoilId": "128413", "cardsphereId": "36992", "mcmId": "22072", "mcmMetaId": "5323", "mtgjsonV4Id": "347f1f03-7235-53d1-8d96-9c9f9fc974e6", "mtgoFoilId": "35348", "mtgoId": "35347", "multiverseId": "207915", "scryfallId": "2ffd66b5-08fe-416b-a680-2d98e9286b77", "scryfallIllustrationId": "b67442b5-b307-4d80-b5b2-bb5d244a97ac", "scryfallOracleId": "762d864b-69bc-43ac-af2f-e18186010169", "tcgplayerProductId": "37075"}, "isReprint": true, "isStarter": true, "language": "English", "layout": "normal", "leadershipSkills": {"brawl": false, "commander": true, "oathbreaker": false}, "legalities": {"commander": "Legal", "duel": "Legal", "legacy": "Legal", "premodern": "Legal", "vintage": "Legal"}, "manaCost": "{W}{U}{B}{R}{G}", "manaValue": 5.0, "name": "Sliver Overlord", "number": "24", "power": "7", "printings": ["H09", "SCG", "SLD"], "purchaseUrls": {"cardKingdomFoil": "https://mtgjson.com/links/b1d6f34d6efde9a1", "cardmarket": "https://mtgjson.com/links/8bd8de299f00d984", "tcgplayer": "https://mtgjson.com/links/c3fe444d4afd26a4"}, "rarity": "mythic", "rulings": [], "setCode": "H09", "subtypes": ["Sliver", "Mutant"], "supertypes": ["Legendary"], "text": "{3}: Search your library for a Sliver card, reveal that card, put it into your hand, then shuffle.\n{3}: Gain control of target Sliver. (This effect lasts indefinitely.)", "toughness": "7", "type": "Legendary Creature — Sliver Mutant", "types": ["Creature"], "uuid": "616f2f27-fd1b-5341-b717-2be62475a53f"}, {"artist": "Paolo Parente", "availability": ["mtgo", "paper"], "borderColor": "black", "colorIdentity": ["R"], "colors": ["R"], "convertedManaCost": 6.0, "edhrecRank": 5530, "finishes": ["foil"], "flavorText": "\"A rift opened, and our arrows were abruptly stilled. To move was to push the world. But the sliver's claw still twitched, red wounds appeared in Thed's chest, and ribbons of blood hung in the air.\"\n—Adom Capashen, Benalish hero", "foreignData": [], "frameVersion": "2003", "hasFoil": true, "hasNonFoil": false, "identifiers": {"cardKingdomFoilId": "128402", "cardsphereId": "36976", "mcmId": "22062", "mcmMetaId": "8393", "mtgjsonV4Id": "5313e542-ac76-540e-b41d-c81df3a45a1d", "mtgoFoilId": "35351", "mtgoId": "35350", "multiverseId": "207904", "scryfallId": "eed1b11e-ca86-4b1b-b989-3a59e5772099", "scryfallIllustrationId": "2fcca987-364c-4738-a75b-099d8a26d614", "scryfallOracleId": "44623693-51d6-49ad-8cd7-140505caf02f", "tcgplayerProductId": "37059"}, "isReprint": true, "isStarter": true, "language": "English", "layout": "normal", "legalities": {"commander": "Legal", "duel": "Legal", "legacy": "Legal", "modern": "Legal", "paupercommander": "Restricted", "penny": "Legal", "vintage": "Legal"}, "manaCost": "{5}{R}", "manaValue": 6.0, "name": "Fury Sliver", "number": "25", "power": "3", "printings": ["H09", "TSP", "TSR"], "purchaseUrls": {"cardKingdomFoil": "https://mtgjson.com/links/60a45289143d298f", "cardmarket": "https://mtgjson.com/links/2f280356194e10d1", "tcgplayer": "https://mtgjson.com/links/e96927d470d8a807"}, "rarity": "uncommon", "rulings": [{"date": "2013-07-01", "text": "Abilities that Slivers grant, as well as power/toughness boosts, are cumulative. However, for some abilities, like flying, having more than one instance of the ability doesn’t provide any additional benefit."}, {"date": "2013-07-01", "text": "If the creature type of a Sliver changes so it’s no longer a Sliver, it will no longer be affected by its own ability. Its ability will continue to affect other Sliver creatures."}, {"date": "2021-03-19", "text": "If a creature loses double strike after assigning damage in the first strike combat damage step (due to Fury Sliver leaving the battlefield, for example), that creature won’t assign damage in the normal combat damage step."}], "setCode": "H09", "subtypes": ["Sliver"], "supertypes": [], "text": "All Sliver creatures have double strike.", "toughness": "3", "type": "Creature — Sliver", "types": ["Creature"], "uuid": "0c8d4641-e3e8-5915-b659-4f416bffaeef"}, {"artist": "John Matson", "availability": ["mtgo", "paper"], "borderColor": "black", "colorIdentity": [], "colors": [], "convertedManaCost": 3.0, "edhrecRank": 2196, "finishes": ["foil"], "flavorText": "\"Finding a true heartstone is even harder than finding a true heart.\"\n—Hanna, *Weatherlight* navigator", "foreignData": [], "frameVersion": "2003", "hasFoil": true, "hasNonFoil": false, "identifiers": {"cardKingdomFoilId": "128422", "cardsphereId": "36979", "mcmId": "22081", "mcmMetaId": "2639", "mtgjsonV4Id": "4716d76e-99ee-5d51-9f90-d0c5091e8149", "mtgoFoilId": "35316", "mtgoId": "35315", "multiverseId": "207924", "scryfallId": "486cfc00-9023-4286-bb76-fa45add2cc91", "scryfallIllustrationId": "8ba267fa-5479-47d0-8b7f-259530430dc9", "scryfallOracleId": "8f8ebf49-37c5-4da0-9cee-84ad22ab5d37", "tcgplayerProductId": "37062"}, "isReprint": true, "isStarter": true, "language": "English", "layout": "normal", "legalities": {"commander": "Legal", "duel": "Legal", "legacy": "Legal", "premodern": "Legal", "vintage": "Legal"}, "manaCost": "{3}", "manaValue": 3.0, "name": "Heartstone", "number": "26", "printings": ["H09", "STH"], "purchaseUrls": {"cardKingdomFoil": "https://mtgjson.com/links/efaa0c3428e9102a", "cardmarket": "https://mtgjson.com/links/8968f81f3c4cd202", "tcgplayer": "https://mtgjson.com/links/a315a146c678ad27"}, "rarity": "uncommon", "rulings": [{"date": "2004-10-04", "text": "The cost reduction can be applied to additional costs."}, {"date": "2004-10-04", "text": "It will not add a {1} to abilities with no generic mana in their activation cost."}, {"date": "2004-10-04", "text": "It will never reduce any colored mana portion of an activation cost."}, {"date": "2006-07-15", "text": "Can’t reduce Snow mana costs."}, {"date": "2016-06-08", "text": "Activated abilities contain a colon. They’re generally written “[Cost]: [Effect].” Some keywords are activated abilities and will have colons in their reminder text."}], "setCode": "H09", "subtypes": [], "supertypes": [], "text": "Activated abilities of creatures cost {1} less to activate. This effect can't reduce the mana in that cost to less than one mana.", "type": "Artifact", "types": ["Artifact"], "uuid": "a9e02343-4db3-5dc2-9a77-7aff7dd0f166"}, {"artist": "Omar Rayyan", "availability": ["mtgo", "paper"], "borderColor": "black", "colorIdentity": ["U"], "colors": ["U"], "convertedManaCost": 4.0, "edhrecRank": 850, "finishes": ["foil"], "flavorText": "Oona's song is like a twisted dinner chime. All the faeries return home, but it is Oona who feasts—on the stolen dreams and rumors they serve her.", "foreignData": [], "frameVersion": "2003", "hasFoil": true, "hasNonFoil": false, "identifiers": {"cardKingdomFoilId": "128421", "cardsphereId": "36972", "mcmId": "22080", "mcmMetaId": "9449", "mtgjsonV4Id": "157db916-8d41-586d-96f5-6e7a078f7773", "mtgoFoilId": "35332", "mtgoId": "35331", "multiverseId": "207926", "scryfallId": "0db49f7f-1790-435a-a75a-59129fa1cf97", "scryfallIllustrationId": "463cd1d3-30dd-4d54-ad67-bd835d1b7b00", "scryfallOracleId": "ac6c5852-71c7-4f19-8c87-ccb345052862", "tcgplayerProductId": "37055"}, "isReprint": true, "isStarter": true, "language": "English", "layout": "normal", "legalities": {"commander": "Legal", "duel": "Legal", "gladiator": "Legal", "historic": "Legal", "historicbrawl": "Legal", "legacy": "Legal", "modern": "Legal", "pauper": "Legal", "paupercommander": "Legal", "vintage": "Legal"}, "manaCost": "{3}{U}", "manaValue": 4.0, "name": "Distant Melody", "number": "27", "printings": ["H09", "HA1", "MIC", "MOR", "VOC", "ZNC"], "purchaseUrls": {"cardKingdomFoil": "https://mtgjson.com/links/86804ffaa00accd2", "cardmarket": "https://mtgjson.com/links/5be62cb368d440f6", "tcgplayer": "https://mtgjson.com/links/4bc8f7dc8b3d8b01"}, "rarity": "common", "rulings": [{"date": "2008-04-01", "text": "Note that this spell counts the number of permanents you control of the chosen type, not just the number of creatures you control. It will also take your tribal permanents into account."}], "setCode": "H09", "subtypes": [], "supertypes": [], "text": "Choose a creature type. Draw a card for each permanent you control of that type.", "type": "Sorcery", "types": ["Sorcery"], "uuid": "396f8001-7909-5ed2-9d83-4ce30b8f22fc"}, {"artist": "Monte Michael Moore", "availability": ["mtgo", "paper"], "borderColor": "black", "colorIdentity": ["B"], "colors": ["B"], "convertedManaCost": 4.0, "edhrecRank": 9406, "finishes": ["foil"], "flavorText": "Phage became both executioner and savior, helping others to the same rebirth she had found.", "foreignData": [], "frameVersion": "2003", "hasFoil": true, "hasNonFoil": false, "identifiers": {"cardKingdomFoilId": "128419", "cardsphereId": "36965", "mcmId": "22078", "mcmMetaId": "222", "mtgjsonV4Id": "a788fec7-8ae1-5a53-ba6b-d29534a28a7f", "mtgoFoilId": "35340", "mtgoId": "35339", "multiverseId": "207925", "scryfallId": "59e05b04-172b-4556-8984-a903cd7ac613", "scryfallIllustrationId": "45176904-2f9d-4ef1-a9c8-7a45887cc121", "scryfallOracleId": "6cb8c627-6b2f-48a7-b2d9-8772defea560", "tcgplayerProductId": "37048"}, "isReprint": true, "isStarter": true, "language": "English", "layout": "normal", "legalities": {"commander": "Legal", "duel": "Legal", "legacy": "Legal", "pauper": "Legal", "paupercommander": "Legal", "premodern": "Legal", "vintage": "Legal"}, "manaCost": "{3}{B}", "manaValue": 4.0, "name": "Aphetto Dredging", "number": "28", "printings": ["H09", "ONS", "PSAL"], "purchaseUrls": {"cardKingdomFoil": "https://mtgjson.com/links/f660f7f7151b87ce", "cardmarket": "https://mtgjson.com/links/d905009b0bdf9eb2", "tcgplayer": "https://mtgjson.com/links/639b4afa29a74d98"}, "rarity": "common", "rulings": [{"date": "2004-10-04", "text": "You need to choose the creature type before choosing the targets."}], "setCode": "H09", "subtypes": [], "supertypes": [], "text": "Return up to three target creature cards of the creature type of your choice from your graveyard to your hand.", "type": "Sorcery", "types": ["Sorcery"], "uuid": "aa8e4e9c-fd2c-5e43-9647-6615242d06f6"}, {"artist": "Scott M. Fischer", "availability": ["mtgo", "paper"], "borderColor": "black", "colorIdentity": [], "colors": [], "convertedManaCost": 5.0, "edhrecRank": 537, "finishes": ["foil"], "flavorText": "\"Hup, two, three, four,\nDunno how to count no more.\"\n—Mogg march", "foreignData": [], "frameVersion": "2003", "hasFoil": true, "hasNonFoil": false, "identifiers": {"cardKingdomFoilId": "128420", "cardsphereId": "36970", "mcmId": "22079", "mcmMetaId": "1067", "mtgjsonV4Id": "d85679eb-9d0a-58fa-96fd-bedf81f05e04", "mtgoFoilId": "35330", "mtgoId": "35329", "multiverseId": "207927", "scryfallId": "fb802181-b550-43d1-a510-c46a5617cd97", "scryfallIllustrationId": "96f23609-6713-429c-a02e-bf1472b321f0", "scryfallOracleId": "5f7f133e-58ea-41ab-b1be-be4b400fac4c", "tcgplayerProductId": "37053"}, "isReprint": true, "isStarter": true, "language": "English", "layout": "normal", "legalities": {"commander": "Legal", "duel": "Legal", "legacy": "Legal", "modern": "Legal", "penny": "Legal", "premodern": "Legal", "vintage": "Legal"}, "manaCost": "{5}", "manaValue": 5.0, "name": "Coat of Arms", "number": "29", "printings": ["10E", "7ED", "8ED", "9ED", "DDS", "DPA", "EXO", "H09", "M10", "MB1", "PS11", "TPR"], "purchaseUrls": {"cardKingdomFoil": "https://mtgjson.com/links/68ac41fd0b54dfa1", "cardmarket": "https://mtgjson.com/links/594ef80e3d90010a", "tcgplayer": "https://mtgjson.com/links/e61dbad52e366659"}, "rarity": "rare", "rulings": [{"date": "2004-10-04", "text": "If a creature has more than one creature type, and one of those types matches the creature you are calculating for, then count that creature. Only one type needs to match in order to get counted."}, {"date": "2004-10-04", "text": "If you have a creature with more than one creature type, count all creatures which have either creature type."}, {"date": "2009-10-01", "text": "Sharing multiple creature types doesn’t give an additional bonus. Coat of Arms counts creatures, not creature types."}], "setCode": "H09", "subtypes": [], "supertypes": [], "text": "Each creature gets +1/+1 for each other creature on the battlefield that shares at least one creature type with it. (For example, if two Goblin Warriors and a Goblin Shaman are on the battlefield, each gets +2/+2.)", "type": "Artifact", "types": ["Artifact"], "uuid": "2980ca5e-b9f0-5759-bec6-5d0aa8b027d8"}, {"artist": "Mark Brill", "availability": ["mtgo", "paper"], "borderColor": "black", "colorIdentity": ["G"], "colors": ["G"], "convertedManaCost": 6.0, "edhrecRank": 4611, "finishes": ["foil"], "foreignData": [], "frameVersion": "2003", "hasFoil": true, "hasNonFoil": false, "identifiers": {"cardKingdomFoilId": "128423", "cardsphereId": "37001", "mcmId": "22082", "mcmMetaId": "8730", "mtgjsonV4Id": "4f363b73-4cb6-5e01-bb52-fcdbbbbe51ad", "mtgoFoilId": "35355", "mtgoId": "35354", "multiverseId": "207929", "scryfallId": "61e28b75-e228-450d-adff-f83db96e7186", "scryfallIllustrationId": "66b05633-f6f3-4257-ad9e-799e373ed39c", "scryfallOracleId": "4fdde84f-4103-4209-a296-60d1bf94af65", "tcgplayerProductId": "37084"}, "isReprint": true, "isStarter": true, "language": "English", "layout": "normal", "legalities": {"commander": "Legal", "duel": "Legal", "legacy": "Legal", "modern": "Legal", "penny": "Legal", "vintage": "Legal"}, "manaCost": "{4}{G}{G}", "manaValue": 6.0, "name": "Wild Pair", "number": "30", "printings": ["CN2", "H09", "PLC", "PRM"], "purchaseUrls": {"cardKingdomFoil": "https://mtgjson.com/links/61ec8993e3455334", "cardmarket": "https://mtgjson.com/links/e35e7da87d611692", "tcgplayer": "https://mtgjson.com/links/d5eadb94ed360760"}, "rarity": "rare", "rulings": [{"date": "2007-02-01", "text": "If you cast a 2/2 Grizzly Bears, for example, you may then search for any creature with total power and toughness 4. It can be 0/4, 1/3, 2/2, or 3/1."}, {"date": "2007-02-01", "text": "The game checks the power and toughness of the creature that just entered the battlefield as it exists on the battlefield. That might mean it’s impossible to get another copy of that same card. For example, a Triskelion on the battlefield is 4/4, but a Triskelion in your library is 1/1. The power and toughness might also have been affected while the triggered ability was on the stack (such as with Giant Growth, Sudden Death, or Ovinize)."}, {"date": "2007-02-01", "text": "If the creature that entered the battlefield has left the battlefield by the time the ability resolves, use the power and toughness of that creature as it last appeared before leaving the battlefield."}], "setCode": "H09", "subtypes": [], "supertypes": [], "text": "Whenever a creature enters the battlefield, if you cast it from your hand, you may search your library for a creature card with the same total power and toughness, put it onto the battlefield, then shuffle.", "type": "Enchantment", "types": ["Enchantment"], "uuid": "480cac51-ed3d-59e6-ad3e-a7c213bcc74d"}, {"artist": "John Avon", "availability": ["mtgo", "paper"], "borderColor": "black", "colorIdentity": [], "colors": [], "convertedManaCost": 0.0, "edhrecRank": 2556, "finishes": ["foil"], "flavorText": "Built in honor of Alara's creatures, the ziggurat vanished long ago. When Progenitus awakened, the temple emerged again.", "foreignData": [], "frameVersion": "2003", "hasFoil": true, "hasNonFoil": false, "identifiers": {"cardKingdomFoilId": "128382", "cardsphereId": "36964", "mcmId": "22047", "mcmMetaId": "10408", "mtgjsonV4Id": "824666df-a2bd-537b-ba7b-f1e0b7abcf0e", "mtgoFoilId": "35336", "mtgoId": "35335", "multiverseId": "207930", "scryfallId": "102ff1be-cc4a-4c43-9125-0e2699fb3e73", "scryfallIllustrationId": "960af683-7180-467e-a453-77e7c40871e0", "scryfallOracleId": "0baabe39-72ae-47bd-a095-cbf7eb8a6361", "tcgplayerProductId": "37047"}, "isReprint": true, "isStarter": true, "language": "English", "layout": "normal", "legalities": {"commander": "Legal", "duel": "Legal", "gladiator": "Legal", "historic": "Legal", "historicbrawl": "Legal", "legacy": "Legal", "modern": "Legal", "vintage": "Legal"}, "manaValue": 0.0, "name": "Ancient Ziggurat", "number": "31", "printings": ["CON", "F10", "H09", "HA3", "MB1", "PRM"], "purchaseUrls": {"cardKingdomFoil": "https://mtgjson.com/links/0ad7681f7122fb6b", "cardmarket": "https://mtgjson.com/links/8aceedf7ca696ee3", "tcgplayer": "https://mtgjson.com/links/5061c4f02d8571bc"}, "rarity": "uncommon", "rulings": [{"date": "2009-02-01", "text": "Mana produced by Ancient Ziggurat can be spent on any part of a creature spell’s total cost. This includes additional costs (such as kicker) and alternative costs (such as evoke or Worldheart Phoenix’s alternative cost)."}, {"date": "2009-02-01", "text": "Mana produced by Ancient Ziggurat can’t be spent on activated abilities that put a creature card directly onto the battlefield, such as unearth or ninjutsu."}], "setCode": "H09", "subtypes": [], "supertypes": [], "text": "{T}: Add one mana of any color. Spend this mana only to cast a creature spell.", "type": "Land", "types": ["Land"], "uuid": "23b28a0c-9bfb-57c5-9fbb-15af41612753"}, {"artist": "Matt Stewart", "availability": ["mtgo", "paper"], "borderColor": "black", "colorIdentity": ["G", "R"], "colors": [], "convertedManaCost": 0.0, "edhrecRank": 201, "finishes": ["foil"], "foreignData": [], "frameVersion": "2003", "hasFoil": true, "hasNonFoil": false, "identifiers": {"cardKingdomFoilId": "128387", "cardsphereId": "36990", "mcmId": "22048", "mcmMetaId": "10672", "mtgjsonV4Id": "447d1559-0f2f-523a-b6fe-4e994f462db9", "mtgoFoilId": "35338", "mtgoId": "35337", "multiverseId": "208042", "scryfallId": "5dfbf5cb-ce19-4124-9dad-522809487faa", "scryfallIllustrationId": "1a779f3c-e5b1-4ff5-ac9e-3f6751073e24", "scryfallOracleId": "9516c4c1-d72d-434f-97e1-6a862434a169", "tcgplayerProductId": "37073"}, "isReprint": true, "isStarter": true, "language": "English", "layout": "normal", "legalities": {"commander": "Legal", "duel": "Legal", "explorer": "Legal", "gladiator": "Legal", "historic": "Legal", "historicbrawl": "Legal", "legacy": "Legal", "modern": "Legal", "penny": "Legal", "pioneer": "Legal", "vintage": "Legal"}, "manaValue": 0.0, "name": "Rootbound Crag", "number": "32", "printings": ["C16", "H09", "M10", "M11", "M12", "M13", "PXLN", "SLD", "XLN"], "purchaseUrls": {"cardKingdomFoil": "https://mtgjson.com/links/6455bf8d7cdd86ba", "cardmarket": "https://mtgjson.com/links/8551c4192698a950", "tcgplayer": "https://mtgjson.com/links/a6d2d0280b29b139"}, "rarity": "rare", "rulings": [{"date": "2009-10-01", "text": "This checks for lands you control with the land type Mountain or Forest, not for lands named Mountain or Forest. The lands it checks for don’t have to be basic lands. For example, if you control Temple Garden (a nonbasic land with the land types Forest and Plains), Rootbound Crag will enter the battlefield untapped."}, {"date": "2009-10-01", "text": "As this is entering the battlefield, it checks for lands that are already on the battlefield. It won’t see lands that are entering the battlefield at the same time (due to Warp World, for example)."}], "setCode": "H09", "subtypes": [], "supertypes": [], "text": "Rootbound Crag enters the battlefield tapped unless you control a Mountain or a Forest.\n{T}: Add {R} or {G}.", "type": "Land", "types": ["Land"], "uuid": "366ba004-cc1d-584e-baba-4f43ce8e54eb"}, {"artist": "Jaime Jones", "availability": ["mtgo", "paper"], "borderColor": "black", "colorIdentity": [], "colors": [], "convertedManaCost": 0.0, "edhrecRank": 1777, "finishes": ["foil"], "foreignData": [], "frameVersion": "2003", "hasFoil": true, "hasNonFoil": false, "identifiers": {"cardKingdomFoilId": "128388", "cardsphereId": "36991", "mcmId": "22049", "mcmMetaId": "10411", "mtgjsonV4Id": "0f114336-dab4-5590-9c0a-c3b53e685b3e", "mtgoFoilId": "35334", "mtgoId": "35333", "multiverseId": "207933", "scryfallId": "c6dbe3ae-b48d-4186-afdd-95cd7d65a84e", "scryfallIllustrationId": "131f121c-f166-4424-a747-b14348895566", "scryfallOracleId": "7eadffcb-1e15-44c1-b1db-78c71b8ec1ce", "tcgplayerProductId": "37074"}, "isReprint": true, "isStarter": true, "language": "English", "layout": "normal", "legalities": {"commander": "Legal", "duel": "Legal", "explorer": "Legal", "gladiator": "Legal", "historic": "Legal", "historicbrawl": "Legal", "legacy": "Legal", "modern": "Legal", "pauper": "Legal", "paupercommander": "Legal", "penny": "Legal", "pioneer": "Legal", "vintage": "Legal"}, "manaValue": 0.0, "name": "Rupture Spire", "number": "33", "printings": ["C13", "C16", "C20", "CM2", "CMA", "CMD", "CMR", "CON", "DDH", "H09", "JMP", "M19", "PC2", "PCA", "TD0"], "purchaseUrls": {"cardKingdomFoil": "https://mtgjson.com/links/bebb539ee6ae4006", "cardmarket": "https://mtgjson.com/links/af17cb131efdf1d9", "tcgplayer": "https://mtgjson.com/links/0175b41fc7198555"}, "rarity": "common", "rulings": [], "setCode": "H09", "subtypes": [], "supertypes": [], "text": "Rupture Spire enters the battlefield tapped.\nWhen Rupture Spire enters the battlefield, sacrifice it unless you pay {1}.\n{T}: Add one mana of any color.", "type": "Land", "types": ["Land"], "uuid": "a0aa377f-9ad8-5c5e-ad95-b840c42a0aa6"}, {"artist": "Dan Scott", "availability": ["mtgo", "paper"], "borderColor": "black", "colorIdentity": [], "colors": [], "convertedManaCost": 0.0, "edhrecRank": 18, "finishes": ["foil"], "foreignData": [], "frameVersion": "2003", "hasFoil": true, "hasNonFoil": false, "identifiers": {"cardKingdomFoilId": "128390", "cardsphereId": "36996", "mcmId": "22050", "mcmMetaId": "8542", "mtgjsonV4Id": "b53788fa-833b-5436-8a56-35085cccc694", "mtgoFoilId": "35359", "mtgoId": "35358", "multiverseId": "207928", "scryfallId": "85976808-b93e-44b3-96a3-103587548d22", "scryfallIllustrationId": "c6230ffb-dd2c-4a2c-aeaf-13ba42c89472", "scryfallOracleId": "1bd3e453-aa21-4ee6-95c2-d6d920ee8e7a", "tcgplayerProductId": "37079"}, "isReprint": true, "isStarter": true, "language": "English", "layout": "normal", "legalities": {"commander": "Legal", "duel": "Legal", "gladiator": "Legal", "historic": "Legal", "historicbrawl": "Legal", "legacy": "Legal", "modern": "Legal", "pauper": "Legal", "paupercommander": "Legal", "penny": "Legal", "vintage": "Legal"}, "manaValue": 0.0, "name": "Terramorphic Expanse", "number": "34", "printings": ["10E", "AFC", "ARC", "C13", "C14", "C15", "C16", "C17", "C18", "C19", "CM2", "CMA", "CMD", "CMR", "DDE", "DDH", "DDN", "H09", "HOP", "JMP", "M10", "M11", "MMA", "PC2", "PCA", "PRM", "PS11", "PSAL", "SLD", "TD0", "TD2", "TSP", "TSR", "UMA", "ZNC"], "purchaseUrls": {"cardKingdomFoil": "https://mtgjson.com/links/eabead5b2279614b", "cardmarket": "https://mtgjson.com/links/2a0ff69ac4964bf1", "tcgplayer": "https://mtgjson.com/links/dcf71bcb5c67c0f3"}, "rarity": "common", "rulings": [], "setCode": "H09", "subtypes": [], "supertypes": [], "text": "{T}, Sacrifice Terramorphic Expanse: Search your library for a basic land card, put it onto the battlefield tapped, then shuffle.", "type": "Land", "types": ["Land"], "uuid": "e36c876a-3b29-5255-9d10-abe14430b093"}, {"artist": "Fred Fields", "availability": ["mtgo", "paper"], "borderColor": "black", "colorIdentity": ["U"], "colors": [], "convertedManaCost": 0.0, "edhrecRank": 1207, "finishes": ["foil"], "foreignData": [], "frameVersion": "2003", "hasFoil": true, "hasNonFoil": false, "identifiers": {"cardKingdomFoilId": "128391", "cardsphereId": "36999", "mcmId": "22051", "mcmMetaId": "9387", "mtgjsonV4Id": "6e955594-3c0f-5b14-a209-730f0dd0906a", "mtgoFoilId": "35328", "mtgoId": "35327", "multiverseId": "208043", "scryfallId": "aed60ac3-0374-432f-ab1b-478386b26da0", "scryfallIllustrationId": "b2d07fea-385d-44af-ae7a-69331fe1070a", "scryfallOracleId": "2da7c49f-cc1e-45d9-9cbf-067e92b0daef", "tcgplayerProductId": "37082"}, "isReprint": true, "isStarter": true, "language": "English", "layout": "normal", "legalities": {"commander": "Legal", "duel": "Legal", "legacy": "Legal", "modern": "Legal", "penny": "Legal", "vintage": "Legal"}, "manaValue": 0.0, "name": "Vivid Creek", "number": "35", "printings": ["C13", "C15", "C17", "CMD", "CMR", "H09", "LRW", "MMA", "NCC", "PC2", "PCA"], "purchaseUrls": {"cardKingdomFoil": "https://mtgjson.com/links/e040b90bb2073804", "cardmarket": "https://mtgjson.com/links/25401c12b581de29", "tcgplayer": "https://mtgjson.com/links/059e1aaccd428be1"}, "rarity": "uncommon", "rulings": [], "setCode": "H09", "subtypes": [], "supertypes": [], "text": "Vivid Creek enters the battlefield tapped with two charge counters on it.\n{T}: Add {U}.\n{T}, Remove a charge counter from Vivid Creek: Add one mana of any color.", "type": "Land", "types": ["Land"], "uuid": "a01fd531-c3b0-59c3-9442-8e55eceb7a32"}, {"artist": "Howard Lyon", "availability": ["mtgo", "paper"], "borderColor": "black", "colorIdentity": ["G"], "colors": [], "convertedManaCost": 0.0, "edhrecRank": 1310, "finishes": ["foil"], "foreignData": [], "frameVersion": "2003", "hasFoil": true, "hasNonFoil": false, "identifiers": {"cardKingdomFoilId": "128392", "cardsphereId": "37000", "mcmId": "22052", "mcmMetaId": "9388", "mtgjsonV4Id": "7cab4145-f66f-5a86-ae41-0c9341b20566", "mtgoFoilId": "35326", "mtgoId": "35325", "multiverseId": "207922", "scryfallId": "0c412d30-96bf-48fa-90a6-ba3e30aae6e5", "scryfallIllustrationId": "40c871ea-a7be-412b-94d3-b3b3c11ac36e", "scryfallOracleId": "b7a68899-c0d3-49e0-854b-19268ae9b89d", "tcgplayerProductId": "37083"}, "isReprint": true, "isStarter": true, "language": "English", "layout": "normal", "legalities": {"commander": "Legal", "duel": "Legal", "legacy": "Legal", "modern": "Legal", "penny": "Legal", "vintage": "Legal"}, "manaValue": 0.0, "name": "Vivid Grove", "number": "36", "printings": ["C13", "C15", "C17", "CMA", "CMD", "CMR", "H09", "LRW", "MMA", "NCC"], "purchaseUrls": {"cardKingdomFoil": "https://mtgjson.com/links/bed95192f47892eb", "cardmarket": "https://mtgjson.com/links/ec7cb766f094312f", "tcgplayer": "https://mtgjson.com/links/19fc7840eec09998"}, "rarity": "uncommon", "rulings": [], "setCode": "H09", "subtypes": [], "supertypes": [], "text": "Vivid Grove enters the battlefield tapped with two charge counters on it.\n{T}: Add {G}.\n{T}, Remove a charge counter from Vivid Grove: Add one mana of any color.", "type": "Land", "types": ["Land"], "uuid": "bd4a19c4-216e-584a-a022-16f1a9a7bef7"}, {"artist": "Terese Nielsen", "availability": ["mtgo", "paper"], "borderColor": "black", "colorIdentity": ["W"], "colors": [], "convertedManaCost": 0.0, "finishes": ["foil"], "foreignData": [], "frameVersion": "2003", "hasFoil": true, "hasNonFoil": false, "identifiers": {"cardKingdomFoilId": "128386", "cardsphereId": "36988", "mcmId": "22087", "mcmMetaId": "4251", "mtgjsonV4Id": "8bdc3529-7752-5a62-af9f-412340745dcd", "mtgoFoilId": "35298", "mtgoId": "35297", "multiverseId": "207937", "scryfallId": "ad27f8cb-302b-411a-bb86-26ff4cabbd49", "scryfallIllustrationId": "6b7320cb-e6a1-4ce4-b42b-dde2c8b64e83", "scryfallOracleId": "bc71ebf6-2056-41f7-be35-b2e5c34afa99", "tcgplayerProductId": "37071"}, "isReprint": true, "isStarter": true, "language": "English", "layout": "normal", "legalities": {"alchemy": "Legal", "brawl": "Legal", "commander": "Legal", "duel": "Legal", "explorer": "Legal", "future": "Legal", "gladiator": "Legal", "historic": "Legal", "historicbrawl": "Legal", "legacy": "Legal", "modern": "Legal", "pauper": "Legal", "paupercommander": "Legal", "penny": "Legal", "pioneer": "Legal", "premodern": "Legal", "standard": "Legal", "vintage": "Legal"}, "manaValue": 0.0, "name": "Plains", "number": "37", "printings": ["10E", "2ED", "2XM", "3ED", "4BB", "4ED", "5ED", "6ED", "7ED", "8ED", "9ED", "AFR", "AKH", "AKR", "ALA", "ANA", "ANB", "ARC", "ATH", "AVR", "BBD", "BFZ", "BRB", "C13", "C14", "C15", "C16", "C17", "C18", "C19", "CED", "CEI", "CHK", "CLB", "CM2", "CMA", "CMD", "CMR", "CST", "DDC", "DDE", "DDF", "DDG", "DDH", "DDI", "DDK", "DDL", "DDN", "DDO", "DDP", "DDQ", "DOM", "DTK", "DVD", "E01", "ELD", "FBB", "FRF", "G17", "GK1", "GK2", "GN2", "GNT", "GRN", "GS1", "H09", "HOP", "HOU", "ICE", "IKO", "INV", "ISD", "ITP", "J14", "JMP", "KHM", "KLD", "KLR", "KTK", "LEA", "LEB", "LRW", "M10", "M11", "M12", "M13", "M14", "M15", "M19", "M20", "M21", "MBS", "MD1", "ME1", "ME3", "MH2", "MID", "MIR", "MMQ", "MRD", "NEO", "NPH", "ODY", "ONS", "ORI", "P02", "PAL00", "PAL01", "PAL03", "PAL04", "PAL05", "PAL06", "PAL99", "PALP", "PANA", "PARL", "PC2", "PCA", "PDGM", "PELP", "PF19", "PF20", "PGPX", "PGRU", "PLIST", "PMPS", "PMPS06", "PMPS07", "PMPS08", "PMPS09", "PMPS10", "PMPS11", "POR", "PPP1", "PRM", "PRW2", "PRWK", "PS11", "PSAL", "PSS2", "PSS3", "PTC", "PTK", "PZ2", "RAV", "RIX", "RNA", "ROE", "RQS", "RTR", "S99", "SHM", "SLD", "SNC", "SOI", "SOM", "STX", "SUM", "TD0", "TD2", "THB", "THS", "TMP", "TPR", "TSP", "UGL", "UND", "UNF", "UNH", "USG", "UST", "VOW", "WAR", "WC00", "WC02", "WC03", "WC04", "WC97", "WC98", "XANA", "XLN", "ZEN", "ZNR"], "purchaseUrls": {"cardKingdomFoil": "https://mtgjson.com/links/64712dd5ecc2c5ef", "cardmarket": "https://mtgjson.com/links/ecd2a671e2e05c13", "tcgplayer": "https://mtgjson.com/links/b21a9adaa9cff71b"}, "rarity": "common", "rulings": [], "setCode": "H09", "subtypes": ["Plains"], "supertypes": ["Basic"], "text": "({T}: Add {W}.)", "type": "Basic Land — Plains", "types": ["Land"], "uuid": "05c6d18d-b120-569e-b58b-dca895b1eaf9"}, {"artist": "Randy Gallegos", "availability": ["mtgo", "paper"], "borderColor": "black", "colorIdentity": ["U"], "colors": [], "convertedManaCost": 0.0, "finishes": ["foil"], "foreignData": [], "frameVersion": "2003", "hasFoil": true, "hasNonFoil": false, "identifiers": {"cardKingdomFoilId": "128384", "cardsphereId": "36982", "mcmId": "22086", "mcmMetaId": "2923", "mtgjsonV4Id": "9004d3b2-6de5-5ad1-b519-ad311c7027b4", "mtgoFoilId": "35304", "mtgoId": "35303", "multiverseId": "207935", "scryfallId": "542a8f0e-249e-4f07-86c0-7a7cfa8eab1d", "scryfallIllustrationId": "35f561cb-5b41-44ff-bd09-9ce7111cad18", "scryfallOracleId": "b2c6aa39-2d2a-459c-a555-fb48ba993373", "tcgplayerProductId": "37065"}, "isReprint": true, "isStarter": true, "language": "English", "layout": "normal", "legalities": {"alchemy": "Legal", "brawl": "Legal", "commander": "Legal", "duel": "Legal", "explorer": "Legal", "future": "Legal", "gladiator": "Legal", "historic": "Legal", "historicbrawl": "Legal", "legacy": "Legal", "modern": "Legal", "pauper": "Legal", "paupercommander": "Legal", "penny": "Legal", "pioneer": "Legal", "premodern": "Legal", "standard": "Legal", "vintage": "Legal"}, "manaValue": 0.0, "name": "Island", "number": "38", "printings": ["10E", "2ED", "2XM", "3ED", "4BB", "4ED", "5ED", "6ED", "7ED", "8ED", "9ED", "AFR", "AKH", "AKR", "ALA", "ANA", "ANB", "ARC", "AVR", "BBD", "BFZ", "BRB", "BTD", "C13", "C14", "C15", "C16", "C17", "C18", "C19", "CED", "CEI", "CHK", "CLB", "CM2", "CMA", "CMD", "CMR", "CST", "DD2", "DDE", "DDF", "DDH", "DDI", "DDJ", "DDM", "DDN", "DDO", "DDQ", "DDS", "DDT", "DDU", "DOM", "DPA", "DTK", "E01", "ELD", "FBB", "FRF", "G17", "GK1", "GK2", "GN2", "GNT", "GRN", "GS1", "H09", "HOP", "HOU", "ICE", "IKO", "INV", "ISD", "ITP", "J14", "JMP", "JVC", "KHM", "KLD", "KLR", "KTK", "LEA", "LEB", "LRW", "M10", "M11", "M12", "M13", "M14", "M15", "M19", "M20", "M21", "MBS", "ME1", "ME3", "MH2", "MID", "MIR", "MMQ", "MRD", "NEO", "NPH", "ODY", "ONS", "ORI", "P02", "PAL00", "PAL01", "PAL02", "PAL03", "PAL04", "PAL05", "PAL06", "PAL99", "PALP", "PANA", "PARL", "PC2", "PCA", "PELP", "PF19", "PF20", "PGPX", "PGRU", "PHED", "PLIST", "PMPS", "PMPS06", "PMPS07", "PMPS08", "PMPS09", "PMPS10", "PMPS11", "POR", "PPP1", "PRM", "PRW2", "PRWK", "PS11", "PSAL", "PSS2", "PSS3", "PTC", "PTK", "PZ2", "RAV", "RIX", "RNA", "ROE", "RQS", "RTR", "S99", "SHM", "SLD", "SNC", "SOI", "SOM", "STX", "SUM", "TD0", "TD2", "THB", "THS", "TMP", "TPR", "TSP", "UGL", "UND", "UNF", "UNH", "USG", "UST", "VOW", "WAR", "WC00", "WC01", "WC02", "WC03", "WC04", "WC97", "WC98", "XANA", "XLN", "ZEN", "ZNR"], "purchaseUrls": {"cardKingdomFoil": "https://mtgjson.com/links/352c024cc479a88c", "cardmarket": "https://mtgjson.com/links/fa2288de102b7f6e", "tcgplayer": "https://mtgjson.com/links/f141edc22c0f983a"}, "rarity": "common", "rulings": [], "setCode": "H09", "subtypes": ["Island"], "supertypes": ["Basic"], "text": "({T}: Add {U}.)", "type": "Basic Land — Island", "types": ["Land"], "uuid": "96350e28-2279-56c1-a49b-d4ad016e0fbd"}, {"artist": "Brom", "availability": ["mtgo", "paper"], "borderColor": "black", "colorIdentity": ["B"], "colors": [], "convertedManaCost": 0.0, "finishes": ["foil"], "foreignData": [], "frameVersion": "2003", "hasFoil": true, "hasNonFoil": false, "identifiers": {"cardKingdomFoilId": "128389", "cardsphereId": "36995", "mcmId": "22085", "mcmMetaId": "5739", "mtgjsonV4Id": "22b90426-b86a-54ce-a6de-623e036d1293", "mtgoFoilId": "35300", "mtgoId": "35299", "multiverseId": "207938", "scryfallId": "cdab5cee-a90d-4b8b-b4d3-dd6fee87640d", "scryfallIllustrationId": "bf15950f-cff4-442c-ab48-96f2042d49a2", "scryfallOracleId": "56719f6a-1a6c-4c0a-8d21-18f7d7350b68", "tcgplayerProductId": "37078"}, "isReprint": true, "isStarter": true, "language": "English", "layout": "normal", "legalities": {"alchemy": "Legal", "brawl": "Legal", "commander": "Legal", "duel": "Legal", "explorer": "Legal", "future": "Legal", "gladiator": "Legal", "historic": "Legal", "historicbrawl": "Legal", "legacy": "Legal", "modern": "Legal", "pauper": "Legal", "paupercommander": "Legal", "penny": "Legal", "pioneer": "Legal", "premodern": "Legal", "standard": "Legal", "vintage": "Legal"}, "manaValue": 0.0, "name": "Swamp", "number": "39", "printings": ["10E", "2ED", "2XM", "3ED", "4BB", "4ED", "5ED", "6ED", "7ED", "8ED", "9ED", "AFR", "AKH", "AKR", "ALA", "ANA", "ANB", "ARC", "ATH", "AVR", "BBD", "BFZ", "BRB", "BTD", "C13", "C14", "C15", "C16", "C17", "C18", "C19", "CED", "CEI", "CHK", "CLB", "CM2", "CMA", "CMD", "CST", "DDC", "DDD", "DDE", "DDH", "DDJ", "DDK", "DDM", "DDN", "DDP", "DDQ", "DDR", "DKM", "DOM", "DPA", "DTK", "DVD", "E01", "ELD", "FBB", "FRF", "G17", "GK1", "GK2", "GN2", "GNT", "GRN", "GVL", "H09", "HOP", "HOU", "ICE", "IKO", "INV", "ISD", "ITP", "J14", "JMP", "KHM", "KLD", "KLR", "KTK", "LEA", "LEB", "LRW", "M10", "M11", "M12", "M13", "M14", "M15", "M19", "M20", "M21", "MBS", "MD1", "ME1", "ME3", "MH2", "MID", "MIR", "MMQ", "MRD", "NEO", "NPH", "ODY", "ONS", "ORI", "P02", "PAL00", "PAL01", "PAL03", "PAL04", "PAL05", "PAL06", "PAL99", "PALP", "PANA", "PARL", "PC2", "PCA", "PD3", "PELP", "PF19", "PF20", "PGPX", "PGRU", "PHUK", "PMPS", "PMPS06", "PMPS07", "PMPS08", "PMPS09", "PMPS10", "PMPS11", "POR", "PPP1", "PRM", "PRW2", "PRWK", "PS11", "PSAL", "PSS2", "PSS3", "PTC", "PTK", "RAV", "RIX", "RNA", "ROE", "RQS", "RTR", "S99", "SHM", "SLD", "SNC", "SOI", "SOM", "STX", "SUM", "TD0", "TD2", "THB", "THS", "TMP", "TPR", "TSP", "UGL", "UND", "UNF", "UNH", "USG", "UST", "VOW", "WAR", "WC01", "WC02", "WC03", "WC97", "WC98", "WC99", "XANA", "XLN", "ZEN", "ZNR"], "purchaseUrls": {"cardKingdomFoil": "https://mtgjson.com/links/216a565c52b5819f", "cardmarket": "https://mtgjson.com/links/262950369cb55733", "tcgplayer": "https://mtgjson.com/links/4d074f93ac06a267"}, "rarity": "common", "rulings": [], "setCode": "H09", "subtypes": ["Swamp"], "supertypes": ["Basic"], "text": "({T}: Add {B}.)", "type": "Basic Land — Swamp", "types": ["Land"], "uuid": "a619162c-d66a-5ffa-8844-79001a307f23"}, {"artist": "Mark Poole", "availability": ["mtgo", "paper"], "borderColor": "black", "colorIdentity": ["R"], "colors": [], "convertedManaCost": 0.0, "finishes": ["foil"], "foreignData": [], "frameVersion": "2003", "hasFoil": true, "hasNonFoil": false, "identifiers": {"cardKingdomFoilId": "128385", "cardsphereId": "36985", "mcmId": "22084", "mcmMetaId": "3743", "mtgjsonV4Id": "b2b5a5ac-9e17-552b-8314-b5c6ff4ddce8", "mtgoFoilId": "35302", "mtgoId": "35301", "multiverseId": "207936", "scryfallId": "710d1f9d-ed1b-4134-bf28-7f6bdac9983e", "scryfallIllustrationId": "b1f5fd34-7a31-40cb-83f2-a259eafca1b4", "scryfallOracleId": "a3fb7228-e76b-4e96-a40e-20b5fed75685", "tcgplayerProductId": "37068"}, "isReprint": true, "isStarter": true, "language": "English", "layout": "normal", "legalities": {"alchemy": "Legal", "brawl": "Legal", "commander": "Legal", "duel": "Legal", "explorer": "Legal", "future": "Legal", "gladiator": "Legal", "historic": "Legal", "historicbrawl": "Legal", "legacy": "Legal", "modern": "Legal", "pauper": "Legal", "paupercommander": "Legal", "penny": "Legal", "pioneer": "Legal", "premodern": "Legal", "standard": "Legal", "vintage": "Legal"}, "manaValue": 0.0, "name": "Mountain", "number": "40", "printings": ["10E", "2ED", "2XM", "3ED", "4BB", "4ED", "5ED", "6ED", "7ED", "8ED", "9ED", "AFR", "AKH", "AKR", "ALA", "ANA", "ANB", "ARC", "ARN", "ATH", "AVR", "BBD", "BFZ", "BRB", "BTD", "C13", "C14", "C15", "C16", "C17", "C18", "C19", "CED", "CEI", "CHK", "CLB", "CM2", "CMA", "CMD", "CMR", "CST", "DD1", "DD2", "DDE", "DDG", "DDH", "DDI", "DDJ", "DDK", "DDL", "DDN", "DDP", "DDS", "DDT", "DDU", "DKM", "DOM", "DPA", "DTK", "E01", "ELD", "EVG", "FBB", "FRF", "G17", "GK1", "GK2", "GN2", "GNT", "GRN", "GS1", "H09", "HOP", "HOU", "ICE", "IKO", "INV", "ISD", "ITP", "J14", "JMP", "JVC", "KHM", "KLD", "KLR", "KTK", "LEA", "LEB", "LRW", "M10", "M11", "M12", "M13", "M14", "M15", "M19", "M20", "M21", "MBS", "ME1", "ME3", "MH2", "MID", "MIR", "MMQ", "MRD", "NEO", "NPH", "ODY", "ONS", "ORI", "P02", "PAL00", "PAL01", "PAL03", "PAL04", "PAL05", "PAL06", "PAL99", "PALP", "PANA", "PARL", "PC2", "PCA", "PD2", "PELP", "PF19", "PF20", "PGPX", "PGRU", "PHED", "PLIST", "PMPS", "PMPS06", "PMPS07", "PMPS08", "PMPS09", "PMPS10", "PMPS11", "POR", "PPP1", "PRM", "PRW2", "PRWK", "PS11", "PSAL", "PSS2", "PSS3", "PTC", "PTK", "PZ2", "RAV", "RIX", "RNA", "ROE", "RQS", "RTR", "S99", "SHM", "SLD", "SNC", "SOI", "SOM", "STX", "SUM", "TD0", "THB", "THS", "TMP", "TPR", "TSP", "UGL", "UND", "UNF", "UNH", "USG", "UST", "VOW", "WAR", "WC00", "WC01", "WC02", "WC03", "WC97", "WC98", "WC99", "XANA", "XLN", "ZEN", "ZNR"], "purchaseUrls": {"cardKingdomFoil": "https://mtgjson.com/links/59496f4ac7815b2c", "cardmarket": "https://mtgjson.com/links/c09133c4cde7c1e7", "tcgplayer": "https://mtgjson.com/links/5cd303aa298ba7d3"}, "rarity": "common", "rulings": [], "setCode": "H09", "subtypes": ["Mountain"], "supertypes": ["Basic"], "text": "({T}: Add {R}.)", "type": "Basic Land — Mountain", "types": ["Land"], "uuid": "546a03a6-59d6-5798-91d4-2a82c0fa1415"}, {"artist": "Douglas Shuler", "availability": ["mtgo", "paper"], "borderColor": "black", "colorIdentity": ["G"], "colors": [], "convertedManaCost": 0.0, "finishes": ["foil"], "foreignData": [], "frameVersion": "2003", "hasFoil": true, "hasNonFoil": false, "identifiers": {"cardKingdomFoilId": "128383", "cardsphereId": "36973", "mcmId": "22083", "mcmMetaId": "2177", "mtgjsonV4Id": "78d92491-4c60-532b-986d-06966cb17fc5", "mtgoFoilId": "35306", "mtgoId": "35305", "multiverseId": "207934", "scryfallId": "17e5f194-5148-4991-9f75-750cb3e41c62", "scryfallIllustrationId": "1eafb8be-1426-4fa1-8095-c4250b55f55e", "scryfallOracleId": "b34bb2dc-c1af-4d77-b0b3-a0fb342a5fc6", "tcgplayerProductId": "37056"}, "isReprint": true, "isStarter": true, "language": "English", "layout": "normal", "legalities": {"alchemy": "Legal", "brawl": "Legal", "commander": "Legal", "duel": "Legal", "explorer": "Legal", "future": "Legal", "gladiator": "Legal", "historic": "Legal", "historicbrawl": "Legal", "legacy": "Legal", "modern": "Legal", "pauper": "Legal", "paupercommander": "Legal", "penny": "Legal", "pioneer": "Legal", "premodern": "Legal", "standard": "Legal", "vintage": "Legal"}, "manaValue": 0.0, "name": "Forest", "number": "41", "printings": ["10E", "2ED", "2XM", "3ED", "4BB", "4ED", "5ED", "6ED", "7ED", "8ED", "9ED", "AFR", "AKH", "AKR", "ALA", "ANA", "ANB", "ARC", "ATH", "AVR", "BBD", "BFZ", "BRB", "BTD", "C13", "C14", "C15", "C16", "C17", "C18", "C19", "CED", "CEI", "CHK", "CLB", "CM2", "CMA", "CMD", "CMR", "CST", "DD1", "DDD", "DDE", "DDG", "DDH", "DDJ", "DDL", "DDM", "DDO", "DDP", "DDR", "DDS", "DDU", "DKM", "DOM", "DPA", "DTK", "E01", "ELD", "EVG", "FBB", "FRF", "G17", "GK1", "GK2", "GN2", "GNT", "GRN", "GS1", "GVL", "H09", "HOP", "HOU", "ICE", "IKO", "INV", "ISD", "ITP", "J14", "JMP", "KHM", "KLD", "KLR", "KTK", "LEA", "LEB", "LRW", "M10", "M11", "M12", "M13", "M14", "M15", "M19", "M20", "M21", "MBS", "ME1", "ME3", "MH2", "MID", "MIR", "MMQ", "MRD", "NEO", "NPH", "ODY", "ONS", "ORI", "P02", "PAL00", "PAL01", "PAL03", "PAL04", "PAL05", "PAL06", "PAL99", "PALP", "PANA", "PARL", "PC2", "PCA", "PELP", "PF19", "PF20", "PGPX", "PGRU", "PMPS", "PMPS06", "PMPS07", "PMPS08", "PMPS09", "PMPS10", "PMPS11", "POR", "PPP1", "PRM", "PRW2", "PRWK", "PS11", "PSAL", "PSS2", "PSS3", "PTC", "PTK", "PZ2", "RAV", "RIX", "RNA", "ROE", "RQS", "RTR", "S99", "SHM", "SLD", "SNC", "SOI", "SOM", "STX", "SUM", "TD0", "TD2", "THB", "THS", "TMP", "TPR", "TSP", "UGL", "UND", "UNF", "UNH", "USG", "UST", "VOW", "WAR", "WC00", "WC01", "WC02", "WC03", "WC04", "WC97", "WC98", "WC99", "XANA", "XLN", "ZEN", "ZNR"], "purchaseUrls": {"cardKingdomFoil": "https://mtgjson.com/links/f9e0c72d65954556", "cardmarket": "https://mtgjson.com/links/77fdd273ba035a2d", "tcgplayer": "https://mtgjson.com/links/70b6d3235dd935f0"}, "rarity": "common", "rulings": [], "setCode": "H09", "subtypes": ["Forest"], "supertypes": ["Basic"], "text": "({T}: Add {G}.)", "type": "Basic Land — Forest", "types": ["Land"], "uuid": "d6fe7658-a57e-575f-9c82-8e7a98932be7"}], "cardsphereSetId": 905, "code": "H09", "isFoilOnly": true, "isOnlineOnly": false, "keyruneCode": "H09", "mcmId": 116, "mcmName": "Premium Deck Series: Slivers", "mtgoCode": "H09", "name": "Premium Deck Series: Slivers", "releaseDate": "2009-11-20", "sealedProduct": [{"identifiers": {"tcgplayerProductId": "90957"}, "name": "Premium Deck Series Slivers", "purchaseUrls": {"tcgplayer": "https://mtgjson.com/links/17ba5fac63029fde"}, "releaseDate": null, "uuid": "8c1956ac-c44a-5c7b-bb1b-e3b375eba07f"}], "tcgplayerGroupId": 91, "tokens": [], "totalSetSize": 41, "translations": {}, "type": "premium_deck"}}