{"meta": {"date": "2022-05-26", "version": "5.2.0+20220526"}, "data": {"baseSetSize": 20, "cards": [{"artist": "Anthony Palumbo", "availability": ["arena"], "borderColor": "black", "colorIdentity": ["W"], "colors": ["W"], "convertedManaCost": 1.0, "edhrecRank": 700, "finishes": ["nonfoil"], "foreignData": [], "frameVersion": "2015", "hasFoil": false, "hasNonFoil": true, "identifiers": {"mtgArenaId": "37338", "mtgjsonV4Id": "6037eec5-c192-59dd-84e6-5bf9aebedc6b", "scryfallId": "b72e71c7-a65c-481d-8ad7-77bfb5d66d73", "scryfallIllustrationId": "79ae0249-ae42-4b1d-ad53-04e3a3d6c864", "scryfallOracleId": "27ad3e00-6ffb-48f7-8469-8868d066d1e2"}, "isOnlineOnly": true, "isReprint": true, "isStarter": true, "keywords": ["Lifelink"], "language": "English", "layout": "normal", "legalities": {"commander": "Legal", "duel": "Legal", "gladiator": "Legal", "historic": "Legal", "historicbrawl": "Legal", "legacy": "Legal", "modern": "Legal", "vintage": "Legal"}, "manaCost": "{W}", "manaValue": 1.0, "name": "Serra Ascendant", "number": "1", "power": "1", "printings": ["HA1", "IMA", "M11"], "purchaseUrls": {}, "rarity": "rare", "rulings": [{"date": "2017-11-17", "text": "If Serra Ascendant is dealt damage at the same time that you gain life (most likely because it dealt combat damage to a creature blocking or blocked by it), and your life total becomes 30 or greater, apply its last effect before considering whether or not the damage dealt to it is lethal."}, {"date": "2017-11-17", "text": "In a Two-Headed Giant game, anything that cares about your life total checks your team’s life total. Serra Ascendant gets +5/+5 and has flying as long as your team has 30 or more life."}], "securityStamp": "oval", "setCode": "HA1", "subtypes": ["Human", "Monk"], "supertypes": [], "text": "Lifelink (Damage dealt by this creature also causes you to gain that much life.)\nAs long as you have 30 or more life, Serra Ascendant gets +5/+5 and has flying.", "toughness": "1", "type": "Creature — Human Monk", "types": ["Creature"], "uuid": "bde2c2dd-38a4-5e1e-9e4d-4ab90f8f7998"}, {"artist": "Randy Gallegos", "availability": ["arena"], "borderColor": "black", "colorIdentity": ["W"], "colors": ["W"], "convertedManaCost": 1.0, "edhrecRank": 642, "finishes": ["nonfoil"], "flavorText": "\"One does not question the size or shape of the grains of sand in an hourglass. Nor do I question the temperament of the souls under my guidance.\"", "foreignData": [], "frameVersion": "2015", "hasFoil": false, "hasNonFoil": true, "identifiers": {"mtgArenaId": "32675", "mtgjsonV4Id": "ffd5f2ce-4bcc-54ea-b847-cfaa03190bab", "scryfallId": "790ef1e1-8ea2-49a9-8237-d37de97e1339", "scryfallIllustrationId": "c59983d5-da9e-4f54-aef7-ec8742c1f355", "scryfallOracleId": "f3fad295-1af2-4ecc-8546-b121ad6be27b"}, "isOnlineOnly": true, "isReprint": true, "isStarter": true, "language": "English", "layout": "normal", "legalities": {"commander": "Legal", "duel": "Legal", "gladiator": "Legal", "historic": "Legal", "historicbrawl": "Legal", "legacy": "Legal", "modern": "Legal", "pauper": "Legal", "paupercommander": "Legal", "penny": "Legal", "premodern": "Legal", "vintage": "Legal"}, "manaCost": "{W}", "manaValue": 1.0, "name": "Soul Warden", "number": "2", "power": "1", "printings": ["10E", "9ED", "BRB", "EXO", "HA1", "HOP", "M10", "MB1", "MD1", "MM3", "PSAL", "WC98"], "purchaseUrls": {}, "rarity": "common", "rulings": [{"date": "2004-10-04", "text": "Does not trigger on a card on the battlefield being changed into a creature."}, {"date": "2004-10-04", "text": "The ability will not trigger on itself entering the battlefield, but it will trigger on any other creature that is put onto the battlefield at the same time."}, {"date": "2005-08-01", "text": "Two Soul Wardens entering the battlefield at the same time will each cause the other’s ability to trigger."}, {"date": "2005-08-01", "text": "The life gain is mandatory."}], "setCode": "HA1", "subtypes": ["Human", "Cleric"], "supertypes": [], "text": "Whenever another creature enters the battlefield, you gain 1 life.", "toughness": "1", "type": "Creature — Human Cleric", "types": ["Creature"], "uuid": "5b8c67cc-8c52-5193-a3f1-b3fe3391e515"}, {"artist": "Wayne Reynolds", "availability": ["arena"], "borderColor": "black", "colorIdentity": ["W"], "colors": ["W"], "convertedManaCost": 4.0, "edhrecRank": 5894, "finishes": ["nonfoil"], "flavorText": "Ambidexterity is common among kithkin. The thoughtweft links the minds of the left- and right-handed, giving each the knack of the other.", "foreignData": [], "frameVersion": "2015", "hasFoil": false, "hasNonFoil": true, "identifiers": {"mtgArenaId": "29196", "mtgjsonV4Id": "33344a27-31b6-550d-b840-d57f06d7fda8", "scryfallId": "3865c05a-a366-4786-ae76-c8a233a3456d", "scryfallIllustrationId": "1f768e3b-702b-40d7-b693-1ea92565bfc2", "scryfallOracleId": "e21ed0d0-26b1-4ffe-971a-babf37f4492c"}, "isOnlineOnly": true, "isReprint": true, "isStarter": true, "language": "English", "layout": "normal", "legalities": {"commander": "Legal", "duel": "Legal", "gladiator": "Legal", "historic": "Legal", "historicbrawl": "Legal", "legacy": "Legal", "modern": "Legal", "penny": "Legal", "vintage": "Legal"}, "manaCost": "{3}{W}", "manaValue": 4.0, "name": "Kinsbaile Cavalier", "number": "3", "power": "2", "printings": ["DDG", "HA1", "MOR"], "purchaseUrls": {}, "rarity": "rare", "rulings": [], "securityStamp": "oval", "setCode": "HA1", "subtypes": ["Kithkin", "Knight"], "supertypes": [], "text": "Knight creatures you control have double strike.", "toughness": "2", "type": "Creature — Kithkin Knight", "types": ["Creature"], "uuid": "762f4d85-ce50-5d43-9757-1769dee7bc4d"}, {"artist": "Daren Bader", "availability": ["arena"], "borderColor": "black", "colorIdentity": ["U"], "colors": ["U"], "convertedManaCost": 2.0, "edhrecRank": 9810, "finishes": ["nonfoil"], "flavorText": "\"The longer the journey, the more one learns.\"\n—Isanke, Halimar seastalker", "foreignData": [], "frameVersion": "2015", "hasFoil": false, "hasNonFoil": true, "identifiers": {"mtgArenaId": "35611", "mtgjsonV4Id": "e433726e-3c58-5a2f-8d63-da684c33918b", "scryfallId": "b411f39f-19d6-47ac-9962-105323996ebe", "scryfallIllustrationId": "507986c6-f8c0-4ae5-97b3-2abb3ebe8fe0", "scryfallOracleId": "05079479-86a6-4041-a395-83d325b6ddb7"}, "isOnlineOnly": true, "isReprint": true, "isStarter": true, "language": "English", "layout": "normal", "legalities": {"commander": "Legal", "duel": "Legal", "gladiator": "Legal", "historic": "Legal", "historicbrawl": "Legal", "legacy": "Legal", "modern": "Legal", "pauper": "Legal", "paupercommander": "Legal", "penny": "Legal", "vintage": "Legal"}, "manaCost": "{1}{U}", "manaValue": 2.0, "name": "Treasure Hunt", "number": "4", "printings": ["C18", "HA1", "MB1", "P11", "PIDW", "PRM", "WWK"], "purchaseUrls": {}, "rarity": "common", "rulings": [{"date": "2010-03-01", "text": "If all the cards left in your library are lands, you’ll reveal all of them and put them all into your hand."}, {"date": "2010-03-01", "text": "The cards you put into your hand this way include one nonland card, plus all the land cards on top of it in your library (if any). If the top card of your library is a nonland card, you just get that one."}], "setCode": "HA1", "subtypes": [], "supertypes": [], "text": "Reveal cards from the top of your library until you reveal a nonland card, then put all cards revealed this way into your hand.", "type": "Sorcery", "types": ["Sorcery"], "uuid": "1e6da757-8102-5264-bb2f-918ba181c0e4"}, {"artist": "Omar Rayyan", "availability": ["arena"], "borderColor": "black", "colorIdentity": ["U"], "colors": ["U"], "convertedManaCost": 4.0, "edhrecRank": 850, "finishes": ["nonfoil"], "flavorText": "Oona's song is like a twisted dinner chime. All the faeries return home, but it is Oona who feasts—on the stolen dreams and rumors they serve her.", "foreignData": [], "frameVersion": "2015", "hasFoil": false, "hasNonFoil": true, "identifiers": {"mtgArenaId": "29172", "mtgjsonV4Id": "d79b62e9-e2b6-50d6-ab7c-3c81a3ae952c", "scryfallId": "fdba758d-632d-4068-8d54-01e67731d46f", "scryfallIllustrationId": "463cd1d3-30dd-4d54-ad67-bd835d1b7b00", "scryfallOracleId": "ac6c5852-71c7-4f19-8c87-ccb345052862"}, "isOnlineOnly": true, "isReprint": true, "isStarter": true, "language": "English", "layout": "normal", "legalities": {"commander": "Legal", "duel": "Legal", "gladiator": "Legal", "historic": "Legal", "historicbrawl": "Legal", "legacy": "Legal", "modern": "Legal", "pauper": "Legal", "paupercommander": "Legal", "vintage": "Legal"}, "manaCost": "{3}{U}", "manaValue": 4.0, "name": "Distant Melody", "number": "5", "printings": ["H09", "HA1", "MIC", "MOR", "VOC", "ZNC"], "purchaseUrls": {}, "rarity": "common", "rulings": [{"date": "2008-04-01", "text": "Note that this spell counts the number of permanents you control of the chosen type, not just the number of creatures you control. It will also take your tribal permanents into account."}], "setCode": "HA1", "subtypes": [], "supertypes": [], "text": "Choose a creature type. Draw a card for each permanent you control of that type.", "type": "Sorcery", "types": ["Sorcery"], "uuid": "cc269481-86d3-5555-9b5f-f5077bdcd807"}, {"artist": "Darek Zabrocki", "availability": ["arena"], "borderColor": "black", "colorIdentity": ["B"], "colors": ["B"], "convertedManaCost": 1.0, "edhrecRank": 1632, "finishes": ["nonfoil"], "foreignData": [], "frameVersion": "2015", "hasFoil": false, "hasNonFoil": true, "identifiers": {"mtgArenaId": "63377", "mtgjsonV4Id": "719b57c0-9344-57ab-86ba-f58d5431ba13", "scryfallId": "31699dde-756d-49f1-9384-cdb9f210294c", "scryfallIllustrationId": "dacf30fb-83c0-4699-8592-60727b00c789", "scryfallOracleId": "16f75a65-d067-4f79-81b9-833c373cf4d2"}, "isOnlineOnly": true, "isReprint": true, "isStarter": true, "language": "English", "layout": "normal", "legalities": {"commander": "Legal", "duel": "Legal", "explorer": "Legal", "gladiator": "Legal", "historic": "Legal", "historicbrawl": "Legal", "legacy": "Legal", "modern": "Legal", "pioneer": "Legal", "vintage": "Legal"}, "manaCost": "{B}", "manaValue": 1.0, "name": "Cryptbreaker", "number": "6", "power": "1", "printings": ["EMN", "HA1", "PEMN"], "purchaseUrls": {}, "rarity": "rare", "rulings": [{"date": "2016-07-13", "text": "You can tap any three untapped Zombies you control, including ones you haven’t controlled continuously since the beginning of your most recent turn, to pay the cost of Cryptbreaker’s second activated ability. This includes Cryptbreaker itself."}], "securityStamp": "oval", "setCode": "HA1", "subtypes": ["Zombie"], "supertypes": [], "text": "{1}{B}, {T}, Discard a card: Create a 2/2 black Zombie creature token.\nTap three untapped Zombies you control: You draw a card and you lose 1 life.", "toughness": "1", "type": "Creature — Zombie", "types": ["Creature"], "uuid": "05a17f04-5184-5ab0-8017-c3eb7cdf3b00"}, {"artist": "Greg Staples", "availability": ["arena"], "borderColor": "black", "colorIdentity": ["B"], "colors": ["B"], "convertedManaCost": 3.0, "edhrecRank": 5059, "finishes": ["nonfoil"], "flavorText": "Its victims are known by their eyes: shattered vessels leaking broken dreams.", "foreignData": [], "frameVersion": "2015", "hasFoil": false, "hasNonFoil": true, "identifiers": {"mtgArenaId": "33069", "mtgjsonV4Id": "996092db-fb4d-5156-b38a-daf8e909f978", "scryfallId": "3ca9918e-747b-4ac8-b9e7-412b21342041", "scryfallIllustrationId": "91b6d088-e235-4a3c-98f5-9a39389f8be0", "scryfallOracleId": "759af941-f6a3-4726-91f2-9b1e4e55ea71"}, "isOnlineOnly": true, "isReprint": true, "isStarter": true, "keywords": ["Flying"], "language": "English", "layout": "normal", "legalities": {"commander": "Legal", "duel": "Legal", "gladiator": "Legal", "historic": "Legal", "historicbrawl": "Legal", "legacy": "Legal", "modern": "Legal", "paupercommander": "Restricted", "penny": "Legal", "premodern": "Legal", "vintage": "Legal"}, "manaCost": "{1}{B}{B}", "manaValue": 3.0, "name": "Hypnotic Specter", "number": "7", "power": "2", "printings": ["10E", "2ED", "3ED", "4BB", "4ED", "9ED", "ATH", "CED", "CEI", "FBB", "HA1", "LEA", "LEB", "M10", "MB1", "P06", "PRM", "PTC", "SUM"], "purchaseUrls": {}, "rarity": "rare", "rulings": [{"date": "2008-08-01", "text": "The ability triggers even if the Specter’s damage is being redirected to an opponent. It does not trigger if damage that would have been dealt to the opponent is redirected to a nonopponent player or a creature, or if the damage is prevented."}], "securityStamp": "oval", "setCode": "HA1", "subtypes": ["Specter"], "supertypes": [], "text": "Flying\nWhenever Hypnotic Specter deals damage to an opponent, that player discards a card at random.", "toughness": "2", "type": "Creature — Specter", "types": ["Creature"], "uuid": "40600ebc-e581-5db9-b230-67ae6a825c8f"}, {"artist": "Carl Critchlow", "availability": ["arena"], "borderColor": "black", "colorIdentity": ["B"], "colors": ["B"], "convertedManaCost": 3.0, "edhrecRank": 123, "finishes": ["nonfoil"], "flavorText": "A drop of humanity for a sea of power.", "foreignData": [], "frameVersion": "2015", "hasFoil": false, "hasNonFoil": true, "identifiers": {"mtgArenaId": "19577", "mtgjsonV4Id": "616959e0-6f4c-5106-9c4c-072072c6186f", "scryfallId": "f7733d0e-ede5-4efc-a622-514a56d77fde", "scryfallIllustrationId": "4925d69c-57af-41d3-a1b2-a4cdd08348e2", "scryfallOracleId": "ee579a32-a048-4335-b966-231ba731cdea"}, "isOnlineOnly": true, "isReprint": true, "isStarter": true, "language": "English", "layout": "normal", "legalities": {"commander": "Legal", "duel": "Legal", "gladiator": "Legal", "historic": "Legal", "historicbrawl": "Legal", "legacy": "Legal", "modern": "Legal", "premodern": "Legal", "vintage": "Legal"}, "manaCost": "{1}{B}{B}", "manaValue": 3.0, "name": "Phyrexian Arena", "number": "8", "printings": ["8ED", "9ED", "APC", "C15", "CC2", "CN2", "DDE", "HA1", "HOP", "MB1", "TD0", "WC01"], "purchaseUrls": {}, "rarity": "rare", "rulings": [], "securityStamp": "oval", "setCode": "HA1", "subtypes": [], "supertypes": [], "text": "At the beginning of your upkeep, you draw a card and you lose 1 life.", "type": "Enchantment", "types": ["Enchantment"], "uuid": "ab577ec5-7735-5401-a53d-e6fc20fb6864"}, {"artist": "Vance Kovacs", "availability": ["arena"], "borderColor": "black", "colorIdentity": ["B"], "colors": ["B"], "convertedManaCost": 4.0, "edhrecRank": 4370, "finishes": ["nonfoil"], "flavorText": "Darkness doesn't always send its minions to do its dirty work.", "foreignData": [], "frameVersion": "2015", "hasFoil": false, "hasNonFoil": true, "identifiers": {"mtgArenaId": "32601", "mtgjsonV4Id": "c48236dd-732b-5306-83a1-0696d8699748", "scryfallId": "20ddd3f2-d7a3-478e-b2ce-c499636cb766", "scryfallIllustrationId": "afe2b6b0-1a16-4c50-9a28-3f3d5a2804ef", "scryfallOracleId": "84ee0da2-d886-4603-9aaa-bc5326a424d7"}, "isOnlineOnly": true, "isReprint": true, "isStarter": true, "language": "English", "layout": "normal", "legalities": {"commander": "Legal", "duel": "Legal", "gladiator": "Legal", "historic": "Legal", "historicbrawl": "Legal", "legacy": "Legal", "modern": "Legal", "pauper": "Legal", "paupercommander": "Legal", "penny": "Legal", "vintage": "Legal"}, "manaCost": "{3}{B}", "manaValue": 4.0, "name": "Tendrils of Corruption", "number": "9", "printings": ["C14", "DDD", "DDE", "DDR", "GVL", "HA1", "M10", "MB1", "TSP", "TSR"], "purchaseUrls": {}, "rarity": "common", "rulings": [{"date": "2021-03-19", "text": "If the target creature is an illegal target by the time Tendrils of Corruption tries to resolve, the spell doesn’t resolve. You don’t gain X life."}], "setCode": "HA1", "subtypes": [], "supertypes": [], "text": "Tendrils of Corruption deals X damage to target creature and you gain X life, where X is the number of Swamps you control.", "type": "Instant", "types": ["Instant"], "uuid": "a12d81f8-e13b-5a00-ba93-10baa2208389"}, {"artist": "Adi Granov", "availability": ["arena"], "borderColor": "black", "colorIdentity": ["R"], "colors": ["R"], "convertedManaCost": 2.0, "edhrecRank": 11398, "finishes": ["nonfoil"], "flavorText": "It traps an explosion within its stony skin.", "foreignData": [], "frameVersion": "2015", "hasFoil": false, "hasNonFoil": true, "identifiers": {"mtgArenaId": "36668", "mtgjsonV4Id": "7d2f0839-1b9f-54fc-a8e7-f09a0fefbf64", "scryfallId": "a454323a-59c1-46ef-9fba-cb1774b16784", "scryfallIllustrationId": "da731121-6896-428a-999b-363877fd07d7", "scryfallOracleId": "eac8c196-8477-4b79-9875-21afa1e61708"}, "isOnlineOnly": true, "isReprint": true, "isStarter": true, "language": "English", "layout": "normal", "legalities": {"commander": "Legal", "duel": "Legal", "gladiator": "Legal", "historic": "Legal", "historicbrawl": "Legal", "legacy": "Legal", "modern": "Legal", "pauper": "Legal", "paupercommander": "Legal", "penny": "Legal", "vintage": "Legal"}, "manaCost": "{1}{R}", "manaValue": 2.0, "name": "Kiln Fiend", "number": "10", "power": "1", "printings": ["CN2", "DDJ", "HA1", "IMA", "JMP", "MB1", "ROE"], "purchaseUrls": {}, "rarity": "common", "rulings": [{"date": "2010-06-15", "text": "If you cast an instant or sorcery spell, Kiln Fiend’s ability triggers and goes on the stack on top of it. The ability will resolve before the spell does."}], "setCode": "HA1", "subtypes": ["Elemental", "Beast"], "supertypes": [], "text": "Whenever you cast an instant or sorcery spell, Kiln Fiend gets +3/+0 until end of turn.", "toughness": "2", "type": "Creature — Elemental Beast", "types": ["Creature"], "uuid": "65429eb3-14a7-5ff8-b1ac-4c59d029f3f6"}, {"artist": "Jesper Ejsing", "availability": ["arena"], "borderColor": "black", "colorIdentity": ["R"], "colors": ["R"], "convertedManaCost": 3.0, "edhrecRank": 1251, "finishes": ["nonfoil"], "flavorText": "A mother only a child could love.", "foreignData": [], "frameVersion": "2015", "hasFoil": false, "hasNonFoil": true, "identifiers": {"mtgArenaId": "71470", "mtgjsonV4Id": "5f17403e-65ba-5625-959d-b3dca0375ff0", "scryfallId": "a0dc6bf9-7f42-4536-8b0b-52df55df8f25", "scryfallIllustrationId": "48d926ff-b6d7-46b0-9ebc-d976cf439e19", "scryfallOracleId": "145737a7-c597-4dec-b752-207c2d0501e3"}, "isOnlineOnly": true, "isReprint": true, "isStarter": true, "language": "English", "layout": "normal", "legalities": {"commander": "Legal", "duel": "Legal", "gladiator": "Legal", "historic": "Legal", "historicbrawl": "Legal", "legacy": "Legal", "modern": "Legal", "pauper": "Legal", "paupercommander": "Legal", "penny": "Legal", "premodern": "Legal", "vintage": "Legal"}, "manaCost": "{2}{R}", "manaValue": 3.0, "name": "Goblin Matron", "number": "11", "power": "1", "printings": ["7ED", "ATH", "DD1", "EVG", "HA1", "MB1", "MH1", "P02", "USG", "VMA"], "purchaseUrls": {}, "rarity": "uncommon", "rulings": [{"date": "2004-10-04", "text": "Because the “search” requires you to find a card with certain characteristics, you don’t have to find the card if you don’t want to."}, {"date": "2019-06-14", "text": "If an effect refers to a “[subtype] spell” or “[subtype] card,” it refers only to a spell or card that has that subtype. For example, Goblin War Party is a card that references and creates Goblins, but it isn’t a Goblin card."}], "setCode": "HA1", "subtypes": ["Goblin"], "supertypes": [], "text": "When Goblin Matron enters the battlefield, you may search your library for a Goblin card, reveal that card, put it into your hand, then shuffle.", "toughness": "1", "type": "Creature — Goblin", "types": ["Creature"], "uuid": "65ef8e04-0099-5e97-ad85-56b5a0e1bf68"}, {"artist": "Jeff Miracola", "availability": ["arena"], "borderColor": "black", "colorIdentity": ["R"], "colors": ["R"], "convertedManaCost": 4.0, "edhrecRank": 15645, "finishes": ["nonfoil"], "flavorText": "Hidetsugu never relinquished a grudge. He let it burn within him, gathering ever greater intensity until the final moment of vengeance.", "foreignData": [], "frameVersion": "2015", "hasFoil": false, "hasNonFoil": true, "identifiers": {"mtgArenaId": "22226", "mtgjsonV4Id": "38018122-5e4b-5b8f-8231-6b651e0f06ad", "scryfallId": "39a6b945-7cca-4c30-98e3-a89d39ed3830", "scryfallIllustrationId": "c2131da8-21cb-4680-9c86-4504b0e00856", "scryfallOracleId": "749683c9-8cc0-4e8e-8d90-adda5e5f4e93"}, "isOnlineOnly": true, "isReprint": true, "isStarter": true, "language": "English", "layout": "normal", "legalities": {"commander": "Legal", "duel": "Legal", "gladiator": "Legal", "historic": "Legal", "historicbrawl": "Legal", "legacy": "Legal", "modern": "Legal", "penny": "Legal", "vintage": "Legal"}, "manaCost": "{3}{R}", "manaValue": 4.0, "name": "Hidetsugu's Second Rite", "number": "12", "printings": ["HA1", "PLIST", "SOK"], "purchaseUrls": {}, "rarity": "rare", "rulings": [{"date": "2005-06-01", "text": "Since the player’s life total is checked only as the spell resolves, you can cast Hidetsugu’s Second Rite targeting any player, regardless of life total. If the player isn’t at 10 life as Hidetsugu’s Second Rite begins resolving, it does nothing and finishes resolving. Note that since having 10 life is not a targeting restriction, the spell won’t actually be countered for having an illegal target; it just won’t do anything."}], "securityStamp": "oval", "setCode": "HA1", "subtypes": [], "supertypes": [], "text": "If target player has exactly 10 life, Hidetsugu's Second Rite deals 10 damage to that player.", "type": "Instant", "types": ["Instant"], "uuid": "3779a0f7-270b-5a2d-8192-28f746e5d84c"}, {"artist": "D. Alexander Gregory", "availability": ["arena"], "borderColor": "black", "colorIdentity": ["G"], "colors": ["G"], "convertedManaCost": 2.0, "edhrecRank": 890, "finishes": ["nonfoil"], "flavorText": "\"From a tiny sprout, the greatest trees grow and flourish. May the seeds of your mind be equally fruitful.\"", "foreignData": [], "frameVersion": "2015", "hasFoil": false, "hasNonFoil": true, "identifiers": {"mtgArenaId": "61419", "mtgjsonV4Id": "130d6f5a-010f-5316-8084-38014ed48ad6", "scryfallId": "331f42a5-0a78-4972-aaea-309f3f3916e3", "scryfallIllustrationId": "76858ea5-28bb-45c0-a116-409db21a2a92", "scryfallOracleId": "c6a3a882-a127-4590-93d7-679ef4313efe"}, "isOnlineOnly": true, "isReprint": true, "isStarter": true, "language": "English", "layout": "normal", "legalities": {"commander": "Legal", "duel": "Legal", "explorer": "Legal", "gladiator": "Legal", "historic": "Legal", "historicbrawl": "Legal", "legacy": "Legal", "modern": "Legal", "pauper": "Legal", "paupercommander": "Legal", "penny": "Legal", "pioneer": "Legal", "vintage": "Legal"}, "manaCost": "{1}{G}", "manaValue": 2.0, "name": "Elvish Visionary", "number": "13", "power": "1", "printings": ["ALA", "BBD", "C14", "C15", "CMA", "CMR", "DDR", "DPA", "F10", "HA1", "M10", "M13", "MB1", "ORI", "PRM", "PS11", "TD0"], "purchaseUrls": {}, "rarity": "common", "rulings": [], "setCode": "HA1", "subtypes": ["Elf", "Shaman"], "supertypes": [], "text": "When Elvish Visionary enters the battlefield, draw a card.", "toughness": "1", "type": "Creature — Elf Shaman", "types": ["Creature"], "uuid": "4a1d158a-dd7c-5cc4-a260-0f8a094a3cbd"}, {"artist": "Steve Prescott", "availability": ["arena"], "borderColor": "black", "colorIdentity": ["G"], "colors": ["G"], "convertedManaCost": 2.0, "edhrecRank": 915, "finishes": ["nonfoil"], "flavorText": "She wears the talismans of every creature she can evoke.", "foreignData": [], "frameVersion": "2015", "hasFoil": false, "hasNonFoil": true, "identifiers": {"mtgArenaId": "37456", "mtgjsonV4Id": "ff776a66-2f8c-5ef0-b65a-17b0c732321f", "scryfallId": "b9281533-db7b-4f66-9940-8044f6de4f68", "scryfallIllustrationId": "9678498d-1546-4f50-914a-13d9d14804ac", "scryfallOracleId": "35b8fa77-4e85-418b-b335-cd1af127075c"}, "isOnlineOnly": true, "isReprint": true, "isStarter": true, "language": "English", "layout": "normal", "legalities": {"commander": "Legal", "duel": "Legal", "gladiator": "Legal", "historic": "Legal", "historicbrawl": "Legal", "legacy": "Legal", "modern": "Legal", "penny": "Legal", "vintage": "Legal"}, "manaCost": "{1}{G}", "manaValue": 2.0, "name": "Fauna Shaman", "number": "14", "power": "2", "printings": ["HA1", "M11", "UMA"], "purchaseUrls": {}, "rarity": "rare", "rulings": [], "securityStamp": "oval", "setCode": "HA1", "subtypes": ["Elf", "Shaman"], "supertypes": [], "text": "{G}, {T}, Discard a creature card: Search your library for a creature card, reveal it, put it into your hand, then shuffle.", "toughness": "2", "type": "Creature — Elf Shaman", "types": ["Creature"], "uuid": "f9f28d0e-fa8c-5c8a-ae22-154ca0962dde"}, {"artist": "Scott M. Fischer", "availability": ["arena"], "borderColor": "black", "colorIdentity": ["G"], "colors": ["G"], "convertedManaCost": 3.0, "edhrecRank": 1154, "finishes": ["nonfoil"], "flavorText": "In a culture of beauty, the most beautiful are worshipped as gods.", "foreignData": [], "frameVersion": "2015", "hasFoil": false, "hasNonFoil": true, "identifiers": {"mtgArenaId": "28373", "mtgjsonV4Id": "70e354a6-1f33-510d-ac61-903fc2e02add", "scryfallId": "66f33d5a-f123-47d9-b7f7-5c8c8dc2e35c", "scryfallIllustrationId": "9c08c16d-45d6-43bf-a376-43eb86578605", "scryfallOracleId": "3fa71348-fa4d-4f39-a451-cf1570591991"}, "isOnlineOnly": true, "isReprint": true, "isStarter": true, "language": "English", "layout": "normal", "legalities": {"commander": "Legal", "duel": "Legal", "gladiator": "Legal", "historic": "Legal", "historicbrawl": "Legal", "legacy": "Legal", "modern": "Legal", "paupercommander": "Restricted", "penny": "Legal", "vintage": "Legal"}, "manaCost": "{2}{G}", "manaValue": 3.0, "name": "Imperious Perfect", "number": "15", "power": "2", "printings": ["C14", "CMA", "CMR", "DD1", "DPA", "EMA", "EVG", "HA1", "KHC", "LRW", "MB1", "PCMP", "PLIST", "PRM", "PS11"], "purchaseUrls": {}, "rarity": "uncommon", "rulings": [{"date": "2020-11-10", "text": "Because damage remains marked on a creature until the damage is removed as the turn ends, nonlethal damage dealt to Elves you control may become lethal if Imperious Perfect leaves the battlefield during that turn."}], "setCode": "HA1", "subtypes": ["Elf", "Warrior"], "supertypes": [], "text": "Other Elves you control get +1/+1.\n{G}, {T}: Create a 1/1 green Elf Warrior creature token.", "toughness": "2", "type": "Creature — Elf Warrior", "types": ["Creature"], "uuid": "b9119437-8f02-5eb3-8a05-9e37b900efc7"}, {"artist": "Izzy", "availability": ["arena"], "borderColor": "black", "colorIdentity": ["G", "R"], "colors": ["G", "R"], "convertedManaCost": 2.0, "edhrecRank": 9774, "finishes": ["nonfoil"], "flavorText": "Those who regard the Gruul as savage simpletons underestimate the subtle power of their shamans.", "foreignData": [], "frameVersion": "2015", "hasFoil": false, "hasNonFoil": true, "identifiers": {"mtgArenaId": "53447", "mtgjsonV4Id": "09ca1e1b-44c2-5a44-a6a3-330c51c44059", "scryfallId": "1f5ac870-e256-48b4-9d69-be9e14599c6c", "scryfallIllustrationId": "15eeb5c7-dd6f-4f68-9444-68c8ad5ddd0e", "scryfallOracleId": "327d9679-0049-4401-8dab-e0fb362306bd"}, "isOnlineOnly": true, "isReprint": true, "isStarter": true, "language": "English", "layout": "normal", "legalities": {"commander": "Legal", "duel": "Legal", "explorer": "Legal", "gladiator": "Legal", "historic": "Legal", "historicbrawl": "Legal", "legacy": "Legal", "modern": "Legal", "pauper": "Legal", "paupercommander": "Legal", "pioneer": "Legal", "vintage": "Legal"}, "manaCost": "{R/G}{R/G}", "manaValue": 2.0, "name": "Burning-Tree Emissary", "number": "16", "power": "2", "printings": ["DDS", "GK2", "GTC", "HA1", "MM3"], "purchaseUrls": {}, "rarity": "uncommon", "rulings": [{"date": "2017-03-14", "text": "Burning-Tree Emissary’s ability isn’t a mana ability. It uses the stack and can be responded to."}], "setCode": "HA1", "subtypes": ["Human", "Shaman"], "supertypes": [], "text": "When Burning-Tree Emissary enters the battlefield, add {R}{G}.", "toughness": "2", "type": "Creature — Human Shaman", "types": ["Creature"], "uuid": "92fb7576-c97e-5af9-a1fb-bdf3a6f48c74", "watermark": "gruul"}, {"artist": "Ray Lago", "availability": ["arena"], "borderColor": "black", "colorIdentity": ["G", "W"], "colors": ["G", "W"], "convertedManaCost": 4.0, "edhrecRank": 2845, "finishes": ["nonfoil"], "foreignData": [], "frameVersion": "2015", "hasFoil": false, "hasNonFoil": true, "identifiers": {"mtgArenaId": "14717", "mtgjsonV4Id": "11410c6a-da62-5660-ae44-5d0c88603f7f", "scryfallId": "c5834227-e292-495a-b8dc-ee80085da72e", "scryfallIllustrationId": "760d2d5c-69c5-4f0f-a1b1-2e800cc402b3", "scryfallOracleId": "2e7a9ea9-f76c-4c12-950f-c613fa16cfa8"}, "isOnlineOnly": true, "isReprint": true, "isStarter": true, "language": "English", "layout": "normal", "leadershipSkills": {"brawl": false, "commander": true, "oathbreaker": false}, "legalities": {"commander": "Legal", "duel": "Legal", "gladiator": "Legal", "historic": "Legal", "historicbrawl": "Legal", "legacy": "Legal", "premodern": "Legal", "vintage": "Legal"}, "manaCost": "{2}{G}{W}", "manaValue": 4.0, "name": "Captain Sisay", "number": "17", "power": "2", "printings": ["HA1", "INV", "SLD", "V11"], "purchaseUrls": {}, "rarity": "rare", "rulings": [{"date": "2004-10-04", "text": "Because the “search” requires you to find a card with certain characteristics, you don’t have to find the card if you don’t want to."}], "securityStamp": "oval", "setCode": "HA1", "subtypes": ["Human", "Soldier"], "supertypes": ["Legendary"], "text": "{T}: Search your library for a legendary card, reveal that card, put it into your hand, then shuffle.", "toughness": "2", "type": "Legendary Creature — Human Soldier", "types": ["Creature"], "uuid": "d5ce61f8-2128-5ee8-9513-bd6c9ab3da4d"}, {"artist": "Franz Vohwinkel", "availability": ["arena"], "borderColor": "black", "colorIdentity": [], "colors": [], "convertedManaCost": 0.0, "edhrecRank": 735, "finishes": ["nonfoil"], "flavorText": "Regardless of the century, plane, or species, developing artificers never fail to invent the ornithopter.", "foreignData": [], "frameVersion": "2015", "hasFoil": false, "hasNonFoil": true, "identifiers": {"mtgArenaId": "32951", "mtgjsonV4Id": "0bf27c16-1ced-5eca-a99b-63703b28296b", "scryfallId": "ce7b5056-241e-4982-b7a0-3d63ec886e35", "scryfallIllustrationId": "ba23fb60-f170-40cc-8d2e-fe88ba070269", "scryfallOracleId": "a3a98bc9-caa0-49b7-951c-fe4e4f54e4ba"}, "isOnlineOnly": true, "isReprint": true, "isStarter": true, "keywords": ["Flying"], "language": "English", "layout": "normal", "legalities": {"commander": "Legal", "duel": "Legal", "explorer": "Legal", "gladiator": "Legal", "historic": "Legal", "historicbrawl": "Legal", "legacy": "Legal", "modern": "Legal", "pauper": "Legal", "paupercommander": "Legal", "penny": "Legal", "pioneer": "Legal", "premodern": "Legal", "vintage": "Legal"}, "manaCost": "{0}", "manaValue": 0.0, "name": "Ornithopter", "number": "18", "power": "0", "printings": ["10E", "3ED", "4BB", "4ED", "5ED", "6ED", "9ED", "AER", "ATQ", "FBB", "HA1", "KLR", "M10", "M11", "M15", "MB1", "MPS", "MRD", "PS11", "SLD", "SUM", "WC04"], "purchaseUrls": {}, "rarity": "uncommon", "rulings": [], "setCode": "HA1", "subtypes": ["Thopter"], "supertypes": [], "text": "Flying", "toughness": "2", "type": "Artifact Creature — Thopter", "types": ["Artifact", "Creature"], "uuid": "1a2ea7e8-966d-580f-90b8-f65ac6145193"}, {"artist": "Adam Rex", "availability": ["arena"], "borderColor": "black", "colorIdentity": [], "colors": [], "convertedManaCost": 2.0, "edhrecRank": 19, "finishes": ["nonfoil"], "foreignData": [], "frameVersion": "2015", "hasFoil": false, "hasNonFoil": true, "identifiers": {"mtgArenaId": "9135", "mtgjsonV4Id": "84956024-3ca5-5c43-87ff-56f8b90781ac", "scryfallId": "a92ac7d7-83a3-417e-944f-d7d85c442cf8", "scryfallIllustrationId": "12a6cfae-ed70-4406-97d3-9366fc138254", "scryfallOracleId": "c97361b5-af16-4a7b-af85-a429dbaf4ad2"}, "isOnlineOnly": true, "isReprint": true, "isStarter": true, "language": "English", "layout": "normal", "legalities": {"commander": "Legal", "duel": "Legal", "gladiator": "Legal", "historic": "Legal", "historicbrawl": "Legal", "legacy": "Legal", "modern": "Legal", "pauper": "Legal", "paupercommander": "Legal", "premodern": "Legal", "vintage": "Legal"}, "manaCost": "{2}", "manaValue": 2.0, "name": "Mind Stone", "number": "19", "printings": ["10E", "AFC", "C14", "C15", "C18", "C21", "CLB", "CM2", "DD2", "DDP", "HA1", "IMA", "JVC", "KHC", "MB1", "PG07", "PHED", "PRM", "PW21", "WC97", "WTH", "ZNC"], "purchaseUrls": {}, "rarity": "common", "rulings": [], "setCode": "HA1", "subtypes": [], "supertypes": [], "text": "{T}: Add {C}.\n{1}, {T}, Sacrifice Mind Stone: Draw a card.", "type": "Artifact", "types": ["Artifact"], "uuid": "5b9cbb62-5ece-58e5-9e03-ac3381708e2d"}, {"artist": "Kev Walker", "availability": ["arena"], "borderColor": "black", "colorIdentity": [], "colors": [], "convertedManaCost": 4.0, "edhrecRank": 6753, "finishes": ["nonfoil"], "foreignData": [], "frameVersion": "2015", "hasFoil": false, "hasNonFoil": true, "identifiers": {"mtgArenaId": "20493", "mtgjsonV4Id": "8140654b-dd46-5631-a002-63ac880f6b49", "scryfallId": "f0858689-1431-423e-a707-2151c2a06576", "scryfallIllustrationId": "90ab1fae-2809-4c82-a3f3-966ed9d8ff41", "scryfallOracleId": "bc483bab-14fb-498d-9310-9c070766c7ae"}, "isOnlineOnly": true, "isReprint": true, "isStarter": true, "keywords": ["Indestructible"], "language": "English", "layout": "normal", "legalities": {"commander": "Legal", "duel": "Legal", "gladiator": "Legal", "historic": "Legal", "historicbrawl": "Legal", "legacy": "Legal", "modern": "Legal", "penny": "Legal", "vintage": "Legal"}, "manaCost": "{4}", "manaValue": 4.0, "name": "Darksteel Reactor", "number": "20", "printings": ["DST", "HA1"], "purchaseUrls": {}, "rarity": "rare", "rulings": [], "securityStamp": "oval", "setCode": "HA1", "subtypes": [], "supertypes": [], "text": "Indestructible (Effects that say \"destroy\" don't destroy this artifact.)\nAt the beginning of your upkeep, you may put a charge counter on Darksteel Reactor.\nWhen Darksteel Reactor has twenty or more charge counters on it, you win the game.", "type": "Artifact", "types": ["Artifact"], "uuid": "b1ec3517-aafd-58db-8fcb-ebf36e1894ec"}], "code": "HA1", "isFoilOnly": false, "isNonFoilOnly": true, "isOnlineOnly": true, "keyruneCode": "HA1", "name": "Historic Anthology 1", "releaseDate": "2019-11-21", "tokens": [], "totalSetSize": 20, "translations": {}, "type": "box"}}