{"meta": {"date": "2022-05-26", "version": "5.2.0+20220526"}, "data": {"baseSetSize": 27, "cards": [{"artist": "Michael Komarck", "availability": ["arena"], "borderColor": "black", "colorIdentity": [], "colors": [], "convertedManaCost": 10.0, "edhrecRank": 1002, "finishes": ["nonfoil"], "foreignData": [], "frameVersion": "2015", "hasFoil": false, "hasNonFoil": true, "identifiers": {"mtgArenaId": "61645", "mtgjsonV4Id": "aeb67e42-4243-58e0-b496-a3f8e5bb4245", "scryfallId": "852da9d9-5c88-4375-a756-511c5df00053", "scryfallIllustrationId": "74414961-40e4-4df4-8098-ea145af93d91", "scryfallOracleId": "0bfa4512-e35a-4c93-b324-80ec659f5a97"}, "isOnlineOnly": true, "isReprint": true, "isStarter": true, "keywords": ["Indestructible"], "language": "English", "layout": "normal", "leadershipSkills": {"brawl": false, "commander": true, "oathbreaker": false}, "legalities": {"commander": "Legal", "duel": "Legal", "explorer": "Legal", "gladiator": "Legal", "historic": "Legal", "historicbrawl": "Legal", "legacy": "Legal", "modern": "Legal", "pioneer": "Legal", "vintage": "Legal"}, "manaCost": "{10}", "manaValue": 10.0, "name": "Ulamog, the Ceaseless Hunger", "number": "1", "power": "10", "printings": ["BFZ", "HA3", "PBFZ"], "purchaseUrls": {}, "rarity": "mythic", "rulings": [{"date": "2015-08-25", "text": "Ulamog’s first ability resolves independently of Ulamog once they’ve both been put on the stack. If Ulamog is countered, that triggered ability will still resolve. That triggered ability will always resolve before Ulamog does."}, {"date": "2015-08-25", "text": "Cards exiled by Ulamog’s first and third abilities are exiled face up."}, {"date": "2015-08-25", "text": "If the player has less than twenty cards in their library, exile all of them. That player won’t lose the game until they have to draw a card from an empty library."}], "securityStamp": "oval", "setCode": "HA3", "subtypes": ["Eldrazi"], "supertypes": ["Legendary"], "text": "When you cast this spell, exile two target permanents.\nIndestructible\nWhenever Ulamog, the Ceaseless Hunger attacks, defending player exiles the top twenty cards of their library.", "toughness": "10", "type": "Legendary Creature — Eldrazi", "types": ["Creature"], "uuid": "b9ed993a-d5ee-54ca-a89f-c7da5f345797"}, {"artist": "Greg Staples", "availability": ["arena"], "borderColor": "black", "colorIdentity": ["W"], "colors": ["W"], "convertedManaCost": 4.0, "edhrecRank": 2502, "finishes": ["nonfoil"], "foreignData": [], "frameVersion": "2015", "hasFoil": false, "hasNonFoil": true, "identifiers": {"mtgArenaId": "21375", "mtgjsonV4Id": "4cdf3bab-0515-5545-b5fa-d2d1aad47efb", "scryfallId": "484b11b8-d420-4da6-996c-4b6316389c37", "scryfallIllustrationId": "afa767e6-defe-4e6b-a901-88dc49d6e236", "scryfallOracleId": "15ee7e1d-b13e-4fd0-bc41-345b6ed34f53"}, "isOnlineOnly": true, "isReprint": true, "isStarter": true, "language": "English", "layout": "normal", "legalities": {"commander": "Legal", "duel": "Legal", "gladiator": "Legal", "historic": "Legal", "historicbrawl": "Legal", "legacy": "Legal", "modern": "Legal", "penny": "Legal", "vintage": "Legal"}, "manaCost": "{3}{W}", "manaValue": 4.0, "name": "Honden of Cleansing Fire", "number": "2", "printings": ["CHK", "EMA", "HA3"], "purchaseUrls": {}, "rarity": "uncommon", "rulings": [], "setCode": "HA3", "subtypes": ["Shrine"], "supertypes": ["Legendary"], "text": "At the beginning of your upkeep, you gain 2 life for each Shrine you control.", "type": "Legendary Enchantment — Shrine", "types": ["Enchantment"], "uuid": "73d79d3c-643b-56f0-bba0-f5a16fd87969"}, {"artist": "Anthony S. Waters", "availability": ["arena"], "borderColor": "black", "colorIdentity": ["U", "W"], "colors": ["W"], "convertedManaCost": 2.0, "edhrecRank": 2334, "finishes": ["nonfoil"], "foreignData": [], "frameVersion": "2015", "hasFoil": false, "hasNonFoil": true, "identifiers": {"mtgArenaId": "25533", "mtgjsonV4Id": "fb19b42e-0a32-513f-886e-21392bfe5067", "scryfallId": "c3b20f3a-cda1-4aec-bf75-8eb533b7cde1", "scryfallIllustrationId": "b924981a-811f-41ff-80e4-faabac8505e5", "scryfallOracleId": "a3ec6b5d-08ec-4ae0-b1db-c4b87a1849c7"}, "isOnlineOnly": true, "isReprint": true, "isStarter": true, "keywords": ["Flashback"], "language": "English", "layout": "normal", "legalities": {"commander": "Legal", "duel": "Legal", "gladiator": "Legal", "historic": "Legal", "historicbrawl": "Legal", "legacy": "Legal", "modern": "Legal", "pauper": "Legal", "paupercommander": "Legal", "penny": "Legal", "vintage": "Legal"}, "manaCost": "{1}{W}", "manaValue": 2.0, "name": "Momentary Blink", "number": "3", "printings": ["DDQ", "HA3", "KHC", "MB1", "MM3", "PRM", "TD0", "TSP", "TSR"], "purchaseUrls": {}, "rarity": "common", "rulings": [{"date": "2021-03-19", "text": "When the card returns to the battlefield, it will be a new object with no connection to the card that was exiled. Auras attached to the exiled creature will be put into their owners’ graveyards. Any Equipment will become unattached and remain on the battlefield. Any counters on the exiled creature will cease to exist."}, {"date": "2021-03-19", "text": "If a token is exiled this way, it will cease to exist and won’t return to the battlefield."}, {"date": "2021-03-19", "text": "“Flashback [cost]” means “You may cast this card from your graveyard by paying [cost] rather than paying its mana cost” and “If the flashback cost was paid, exile this card instead of putting it anywhere else any time it would leave the stack.”"}, {"date": "2021-03-19", "text": "You must still follow any timing restrictions and permissions, including those based on the card’s type. For instance, you can cast a sorcery using flashback only when you could normally cast a sorcery."}, {"date": "2021-03-19", "text": "To determine the total cost of a spell, start with the mana cost or alternative cost (such as a flashback cost) you’re paying, add any cost increases, then apply any cost reductions. The mana value of the spell is determined only by its mana cost, no matter what the total cost to cast the spell was."}, {"date": "2021-03-19", "text": "A spell cast using flashback will always be exiled afterward, whether it resolves, is countered, or leaves the stack in some other way."}, {"date": "2021-03-19", "text": "You can cast a spell using flashback even if it was somehow put into your graveyard without having been cast."}, {"date": "2021-03-19", "text": "If a card with flashback is put into your graveyard during your turn, you can cast it if it’s legal to do so before any other player can take any actions."}], "setCode": "HA3", "subtypes": [], "supertypes": [], "text": "Exile target creature you control, then return it to the battlefield under its owner's control.\nFlashback {3}{U} (You may cast this card from your graveyard for its flashback cost. Then exile it.)", "type": "Instant", "types": ["Instant"], "uuid": "f3bdd6cf-d611-5c4e-a654-7ffe7b04c6ae"}, {"artist": "Wayne Reynolds", "availability": ["arena"], "borderColor": "black", "colorIdentity": ["W"], "colors": ["W"], "convertedManaCost": 3.0, "edhrecRank": 3560, "finishes": ["nonfoil"], "foreignData": [], "frameVersion": "2015", "hasFoil": false, "hasNonFoil": true, "identifiers": {"mtgArenaId": "38103", "mtgjsonV4Id": "b528ddfd-2d87-550e-8727-64777cdcf844", "scryfallId": "53cb7fdc-04df-466b-a1d9-a1fcee5c10a8", "scryfallIllustrationId": "76f12e91-552a-498d-99e0-bb18248d9fed", "scryfallOracleId": "e220138c-5fc6-487d-9fa9-f21b2fb1f12c"}, "isOnlineOnly": true, "isReprint": true, "isStarter": true, "language": "English", "layout": "normal", "legalities": {"commander": "Legal", "duel": "Legal", "gladiator": "Legal", "historic": "Legal", "historicbrawl": "Legal", "legacy": "Legal", "modern": "Legal", "penny": "Legal", "vintage": "Legal"}, "manaCost": "{1}{W}{W}", "manaValue": 3.0, "name": "Tempered Steel", "number": "4", "printings": ["2XM", "HA3", "PRM", "PSOM", "SOM"], "purchaseUrls": {}, "rarity": "rare", "rulings": [{"date": "2020-08-07", "text": "Because damage remains marked on a creature until the damage is removed as the turn ends, nonlethal damage dealt to artifact creatures you control may become lethal if Tempered Steel leaves the battlefield during that turn."}], "securityStamp": "oval", "setCode": "HA3", "subtypes": [], "supertypes": [], "text": "Artifact creatures you control get +2/+2.", "type": "Enchantment", "types": ["Enchantment"], "uuid": "22426dc0-e9d0-5c4a-9192-738a355a206a"}, {"artist": "Tomasz Jedruszek", "availability": ["arena"], "borderColor": "black", "colorIdentity": ["W"], "colors": ["W"], "convertedManaCost": 3.0, "edhrecRank": 12954, "finishes": ["nonfoil"], "foreignData": [], "frameVersion": "2015", "hasFoil": false, "hasNonFoil": true, "identifiers": {"mtgArenaId": "41355", "mtgjsonV4Id": "a2904a16-8911-546c-ab14-3b92713ac552", "scryfallId": "79f88e0f-9639-4ade-9c9f-34cbe335b96c", "scryfallIllustrationId": "edd97635-feda-41df-8592-1108f4876306", "scryfallOracleId": "64f4f0ed-e924-459e-86a4-8202fae6ef3e"}, "isOnlineOnly": true, "isReprint": true, "isStarter": true, "language": "English", "layout": "normal", "legalities": {"commander": "Legal", "duel": "Legal", "gladiator": "Legal", "historic": "Legal", "historicbrawl": "Legal", "legacy": "Legal", "modern": "Legal", "penny": "Legal", "vintage": "Legal"}, "manaCost": "{2}{W}", "manaValue": 3.0, "name": "Timely Reinforcements", "number": "5", "printings": ["HA3", "M12", "MB1"], "purchaseUrls": {}, "rarity": "uncommon", "rulings": [{"date": "2011-09-22", "text": "You compare life totals with each of your opponents when Timely Reinforcements resolves. At that time, if you have less life than an opponent, you’ll gain 6 life. Similarly, you compare the number of creatures you control with the number of creatures each opponent controls when Timely Reinforcements resolves."}, {"date": "2011-09-22", "text": "In a multiplayer game, you consider each opponent. If you have less life than one of your opponents and fewer creatures than one of your opponents (although this may be a different opponent), you’ll get both bonuses."}, {"date": "2011-09-22", "text": "In a Two-Headed Giant game, you’ll compare your team’s life total with the opposing team’s life total. You’ll then compare the number of creatures you control (ignoring creatures your teammate controls) to the number of creatures each opponent controls separately."}], "setCode": "HA3", "subtypes": [], "supertypes": [], "text": "If you have less life than an opponent, you gain 6 life. If you control fewer creatures than an opponent, create three 1/1 white Soldier creature tokens.", "type": "Sorcery", "types": ["Sorcery"], "uuid": "120ec049-c224-5423-9448-700ade4d068b"}, {"artist": "Steve Prescott", "availability": ["arena"], "borderColor": "black", "colorIdentity": ["U"], "colors": ["U"], "convertedManaCost": 5.0, "edhrecRank": 2759, "finishes": ["nonfoil"], "foreignData": [], "frameVersion": "2015", "hasFoil": false, "hasNonFoil": true, "identifiers": {"mtgArenaId": "50943", "mtgjsonV4Id": "e2a9ff96-233a-5bd8-ae07-a2c5174d8527", "scryfallId": "e880b0b5-8aa0-4961-8dc5-61631a37cb26", "scryfallIllustrationId": "18edc5b6-1523-4c83-8bff-34037d124c05", "scryfallOracleId": "895527a6-e3b2-454d-a3be-c0036630ec73"}, "isOnlineOnly": true, "isReprint": true, "isStarter": true, "language": "English", "layout": "normal", "legalities": {"commander": "Legal", "duel": "Legal", "gladiator": "Legal", "historic": "Legal", "historicbrawl": "Legal", "legacy": "Legal", "modern": "Legal", "penny": "Legal", "vintage": "Legal"}, "manaCost": "{4}{U}", "manaValue": 5.0, "name": "Body Double", "number": "6", "power": "0", "printings": ["C17", "DDM", "HA3", "PLC"], "purchaseUrls": {}, "rarity": "rare", "rulings": [{"date": "2007-02-01", "text": "Treat Body Double as though it were the chosen card entering the battlefield. Any “As this card enters the battlefield,” “This card enters the battlefield with,” and “When this card enters the battlefield” abilities of the chosen card will work."}, {"date": "2007-02-01", "text": "You don’t have to choose a card to copy. If you don’t, Body Double enters the battlefield as a 0/0 creature and is probably put into your graveyard immediately, unless something is increasing its toughness to keep it alive."}, {"date": "2007-02-01", "text": "If Body Double copies a Vesuvan Shapeshifter which then copies another creature and then is somehow turned face down, the Body Double is now a face-down Vesuvan Shapeshifter and may be turned face up via its Morph ability."}], "securityStamp": "oval", "setCode": "HA3", "subtypes": ["Shapeshifter"], "supertypes": [], "text": "You may have Body Double enter the battlefield as a copy of any creature card in a graveyard.", "toughness": "0", "type": "Creature — Shapeshifter", "types": ["Creature"], "uuid": "c6b83ddf-18bc-58a5-98c1-5831d05fe1c1"}, {"artist": "Martina Pilcerova", "availability": ["arena"], "borderColor": "black", "colorIdentity": ["U"], "colors": ["U"], "convertedManaCost": 5.0, "edhrecRank": 2453, "finishes": ["nonfoil"], "foreignData": [], "frameVersion": "2015", "hasFoil": false, "hasNonFoil": true, "identifiers": {"mtgArenaId": "21381", "mtgjsonV4Id": "201356e5-5201-52ef-a7d8-efdf3e6cd776", "scryfallId": "deab016b-b92e-4a7a-9dea-90aff4de0044", "scryfallIllustrationId": "24b317b6-4a48-4fee-b97f-c5f906be1cb9", "scryfallOracleId": "45beca46-480c-4771-ba46-78b6ac7d5c2c"}, "isOnlineOnly": true, "isReprint": true, "isStarter": true, "language": "English", "layout": "normal", "legalities": {"commander": "Legal", "duel": "Legal", "gladiator": "Legal", "historic": "Legal", "historicbrawl": "Legal", "legacy": "Legal", "modern": "Legal", "penny": "Legal", "vintage": "Legal"}, "manaCost": "{4}{U}", "manaValue": 5.0, "name": "Honden of Seeing Winds", "number": "7", "printings": ["CHK", "EMA", "HA3", "PLIST"], "purchaseUrls": {}, "rarity": "uncommon", "rulings": [], "setCode": "HA3", "subtypes": ["Shrine"], "supertypes": ["Legendary"], "text": "At the beginning of your upkeep, draw a card for each Shrine you control.", "type": "Legendary Enchantment — Shrine", "types": ["Enchantment"], "uuid": "0e03842b-a95f-5b84-b8aa-8f4f3f940898"}, {"artist": "John Avon", "availability": ["arena"], "borderColor": "black", "colorIdentity": ["U"], "colors": ["U"], "convertedManaCost": 1.0, "edhrecRank": 12034, "finishes": ["nonfoil"], "foreignData": [], "frameVersion": "2015", "hasFoil": false, "hasNonFoil": true, "identifiers": {"mtgArenaId": "42284", "mtgjsonV4Id": "c7d9f184-8b94-5b27-88fa-8dfa38a517be", "scryfallId": "9d6bb17d-1ce0-4b65-b99e-b8d2fdaa4e00", "scryfallIllustrationId": "1287f1e5-a5b6-48ee-884a-abde9cb5bb1c", "scryfallOracleId": "c41641f0-1abf-4776-9dec-1882f2d9badd"}, "isOnlineOnly": true, "isReprint": true, "isStarter": true, "keywords": ["Flashback"], "language": "English", "layout": "normal", "legalities": {"commander": "Legal", "duel": "Legal", "gladiator": "Legal", "historic": "Legal", "historicbrawl": "Legal", "legacy": "Legal", "modern": "Legal", "pauper": "Legal", "paupercommander": "Legal", "penny": "Legal", "vintage": "Legal"}, "manaCost": "{U}", "manaValue": 1.0, "name": "Silent Departure", "number": "8", "printings": ["EMA", "HA3", "ISD"], "purchaseUrls": {}, "rarity": "common", "rulings": [], "setCode": "HA3", "subtypes": [], "supertypes": [], "text": "Return target creature to its owner's hand.\nFlashback {4}{U} (You may cast this card from your graveyard for its flashback cost. Then exile it.)", "type": "Sorcery", "types": ["Sorcery"], "uuid": "bd394d60-f2d4-55b5-9558-15b2ed230c5b"}, {"artist": "Peter Mohrbacher", "availability": ["arena"], "borderColor": "black", "colorIdentity": ["U"], "colors": ["U"], "convertedManaCost": 1.0, "edhrecRank": 68, "finishes": ["nonfoil"], "foreignData": [], "frameVersion": "2015", "hasFoil": false, "hasNonFoil": true, "identifiers": {"mtgArenaId": "54453", "mtgjsonV4Id": "1ecc04d4-c62f-5a77-ac20-4c3e6975f57c", "scryfallId": "8a12d781-c48f-4d19-bc71-78b4adcdf0af", "scryfallIllustrationId": "598ccd90-c47e-4c83-8750-64060c013310", "scryfallOracleId": "8ddfc283-c9b4-41a5-af88-cf0068e986cc"}, "isOnlineOnly": true, "isReprint": true, "isStarter": true, "language": "English", "layout": "normal", "legalities": {"commander": "Legal", "duel": "Legal", "explorer": "Legal", "gladiator": "Legal", "historic": "Legal", "historicbrawl": "Legal", "legacy": "Legal", "modern": "Legal", "pioneer": "Legal", "vintage": "Legal"}, "manaCost": "{U}", "manaValue": 1.0, "name": "Swan Song", "number": "9", "printings": ["C16", "HA3", "SLD", "THS"], "purchaseUrls": {}, "rarity": "rare", "rulings": [{"date": "2013-09-15", "text": "Swan Song can target a spell that can’t be countered. That spell won’t be countered when Swan Song resolves, but its controller will get a Bird token."}], "securityStamp": "oval", "setCode": "HA3", "subtypes": [], "supertypes": [], "text": "Counter target enchantment, instant, or sorcery spell. Its controller creates a 2/2 blue Bird creature token with flying.", "type": "Instant", "types": ["Instant"], "uuid": "5d1dde8f-b103-5ae3-8a8e-e69b6d95f81d"}, {"artist": "Ben Thompson", "availability": ["arena"], "borderColor": "black", "colorIdentity": ["B"], "colors": ["B"], "convertedManaCost": 2.0, "edhrecRank": 10345, "finishes": ["nonfoil"], "foreignData": [], "frameVersion": "2015", "hasFoil": false, "hasNonFoil": true, "identifiers": {"mtgArenaId": "17205", "mtgjsonV4Id": "94cd88dc-d6a3-57b1-8e28-9d1e1c461d9b", "scryfallId": "feefb066-9cfe-4387-af5e-a66c00c7a65b", "scryfallIllustrationId": "aa9a6965-65a9-4a6c-a76b-26ae53d5a8ca", "scryfallOracleId": "7975cb9d-d37e-44f8-9614-86d2ad453c35"}, "isOnlineOnly": true, "isReprint": true, "isStarter": true, "keywords": ["Flashback"], "language": "English", "layout": "normal", "legalities": {"commander": "Legal", "duel": "Legal", "gladiator": "Legal", "historic": "Legal", "historicbrawl": "Legal", "legacy": "Legal", "pauper": "Legal", "paupercommander": "Legal", "premodern": "Legal", "vintage": "Legal"}, "manaCost": "{1}{B}", "manaValue": 2.0, "name": "Chainer's Edict", "number": "10", "printings": ["F06", "HA3", "PRM", "TOR", "UMA", "V13", "VMA", "WC02", "WC03"], "purchaseUrls": {}, "rarity": "uncommon", "rulings": [{"date": "2021-03-19", "text": "“Flashback [cost]” means “You may cast this card from your graveyard by paying [cost] rather than paying its mana cost” and “If the flashback cost was paid, exile this card instead of putting it anywhere else any time it would leave the stack.”"}, {"date": "2021-03-19", "text": "You must still follow any timing restrictions and permissions, including those based on the card’s type. For instance, you can cast a sorcery using flashback only when you could normally cast a sorcery."}, {"date": "2021-03-19", "text": "To determine the total cost of a spell, start with the mana cost or alternative cost (such as a flashback cost) you’re paying, add any cost increases, then apply any cost reductions. The mana value of the spell is determined only by its mana cost, no matter what the total cost to cast the spell was."}, {"date": "2021-03-19", "text": "A spell cast using flashback will always be exiled afterward, whether it resolves, is countered, or leaves the stack in some other way."}, {"date": "2021-03-19", "text": "You can cast a spell using flashback even if it was somehow put into your graveyard without having been cast."}, {"date": "2021-03-19", "text": "If a card with flashback is put into your graveyard during your turn, you can cast it if it’s legal to do so before any other player can take any actions."}], "setCode": "HA3", "subtypes": [], "supertypes": [], "text": "Target player sacrifices a creature.\nFlashback {5}{B}{B} (You may cast this card from your graveyard for its flashback cost. Then exile it.)", "type": "Sorcery", "types": ["Sorcery"], "uuid": "f398e6ff-dbfd-53ab-8cd1-94abaa531981"}, {"artist": "Dany Orizio", "availability": ["arena"], "borderColor": "black", "colorIdentity": ["B"], "colors": ["B"], "convertedManaCost": 6.0, "edhrecRank": 6575, "finishes": ["nonfoil"], "foreignData": [], "frameVersion": "2015", "hasFoil": false, "hasNonFoil": true, "identifiers": {"mtgArenaId": "18509", "mtgjsonV4Id": "4a517f5a-8970-5c42-afc2-17ac8483bcf6", "scryfallId": "b8816982-8b9b-42b6-8871-19ad14084598", "scryfallIllustrationId": "461b251e-8cd2-4438-a1fd-b06d96311a90", "scryfallOracleId": "bd532f8d-789f-4ee1-a2f3-ae30e8282c76"}, "isOnlineOnly": true, "isReprint": true, "isStarter": true, "keywords": ["Cycling"], "language": "English", "layout": "normal", "legalities": {"commander": "Legal", "duel": "Legal", "gladiator": "Legal", "historic": "Legal", "historicbrawl": "Legal", "legacy": "Legal", "pauper": "Legal", "paupercommander": "Legal", "premodern": "Legal", "vintage": "Legal"}, "manaCost": "{5}{B}", "manaValue": 6.0, "name": "Gempalm Polluter", "number": "11", "power": "4", "printings": ["HA3", "LGN", "PLIST"], "purchaseUrls": {}, "rarity": "common", "rulings": [{"date": "2008-10-01", "text": "Cycling is an activated ability. Effects that interact with activated abilities (such as Stifle or Rings of Brighthearth) will interact with cycling. Effects that interact with spells (such as Remove Soul or Faerie Tauntings) will not."}, {"date": "2008-10-01", "text": "When you cycle this card, first the cycling ability goes on the stack, then the triggered ability goes on the stack on top of it. The triggered ability will resolve before you draw a card from the cycling ability."}, {"date": "2008-10-01", "text": "The cycling ability and the triggered ability are separate. If the triggered ability doesn’t resolve (due to being countered with Stifle, for example, or if all its targets have become illegal), the cycling ability will still resolve and you’ll draw a card."}, {"date": "2008-10-01", "text": "You can cycle this card even if there are no targets for the triggered ability. That’s because the cycling ability itself has no targets."}], "setCode": "HA3", "subtypes": ["Zombie"], "supertypes": [], "text": "Cycling {B}{B} ({B}{B}, Discard this card: Draw a card.)\nWhen you cycle Gempalm Polluter, you may have target player lose life equal to the number of Zombies on the battlefield.", "toughness": "3", "type": "Creature — Zombie", "types": ["Creature"], "uuid": "bff5d7d3-479c-50e4-9972-ade3fe1086b4"}, {"artist": "Jim Nelson", "availability": ["arena"], "borderColor": "black", "colorIdentity": ["B"], "colors": ["B"], "convertedManaCost": 4.0, "edhrecRank": 2468, "finishes": ["nonfoil"], "foreignData": [], "frameVersion": "2015", "hasFoil": false, "hasNonFoil": true, "identifiers": {"mtgArenaId": "21339", "mtgjsonV4Id": "70fa34e2-3524-54c3-855a-f63a677de52b", "scryfallId": "e18d108f-4f5c-4453-84c7-901829aa56f2", "scryfallIllustrationId": "c0c9a28c-5b55-474c-96c1-38d5c373621b", "scryfallOracleId": "3776d11b-18fb-4451-a8f8-bda4c7c23776"}, "isOnlineOnly": true, "isReprint": true, "isStarter": true, "language": "English", "layout": "normal", "legalities": {"commander": "Legal", "duel": "Legal", "gladiator": "Legal", "historic": "Legal", "historicbrawl": "Legal", "legacy": "Legal", "modern": "Legal", "penny": "Legal", "vintage": "Legal"}, "manaCost": "{3}{B}", "manaValue": 4.0, "name": "Honden of Night's Reach", "number": "12", "printings": ["CHK", "EMA", "HA3"], "purchaseUrls": {}, "rarity": "uncommon", "rulings": [], "setCode": "HA3", "subtypes": ["Shrine"], "supertypes": ["Legendary"], "text": "At the beginning of your upkeep, target opponent discards a card for each Shrine you control.", "type": "Legendary Enchantment — Shrine", "types": ["Enchantment"], "uuid": "c17c4b3f-b0e8-5918-b995-99a9986cc7ea"}, {"artist": "Todd Lockwood", "availability": ["arena"], "borderColor": "black", "colorIdentity": ["B"], "colors": ["B"], "convertedManaCost": 4.0, "edhrecRank": 3682, "finishes": ["nonfoil"], "foreignData": [], "frameVersion": "2015", "hasFoil": false, "hasNonFoil": true, "identifiers": {"mtgArenaId": "39754", "mtgjsonV4Id": "66f8b838-8869-5c04-9dac-6dbcd9cc6e0e", "scryfallId": "d199e3f9-2702-4109-87ac-21ede10d35df", "scryfallIllustrationId": "e620f017-0174-45e3-96b2-f49304f05aaa", "scryfallOracleId": "41820f91-27cf-41c0-bb5e-9adf6845a6a4"}, "isOnlineOnly": true, "isReprint": true, "isStarter": true, "keywords": ["Trample"], "language": "English", "layout": "normal", "legalities": {"commander": "Legal", "duel": "Legal", "gladiator": "Legal", "historic": "Legal", "historicbrawl": "Legal", "legacy": "Legal", "modern": "Legal", "vintage": "Legal"}, "manaCost": "{B}{B}{B}{B}", "manaValue": 4.0, "name": "Phyrexian Obliterator", "number": "13", "power": "5", "printings": ["A25", "HA3", "NPH", "PLIST"], "purchaseUrls": {}, "rarity": "mythic", "rulings": [{"date": "2018-03-16", "text": "If creatures an opponent controls are dealt lethal damage at the same time that Phyrexian Obliterator is dealt damage, those creatures will be destroyed before that player chooses permanents to sacrifice."}], "securityStamp": "oval", "setCode": "HA3", "subtypes": ["Phyrexian", "Horror"], "supertypes": [], "text": "Trample\nWhenever a source deals damage to Phyrexian Obliterator, that source's controller sacrifices that many permanents.", "toughness": "5", "type": "Creature — Phyrexian Horror", "types": ["Creature"], "uuid": "c34d491f-4238-5b5e-9151-5a5359b0d401"}, {"artist": "Ryan Pancoast", "availability": ["arena"], "borderColor": "black", "colorIdentity": ["B", "W"], "colors": ["B"], "convertedManaCost": 5.0, "edhrecRank": 1762, "finishes": ["nonfoil"], "foreignData": [], "frameVersion": "2015", "hasFoil": false, "hasNonFoil": true, "identifiers": {"mtgArenaId": "42482", "mtgjsonV4Id": "a35f720b-df39-5e98-b832-9ee7e06a3951", "scryfallId": "f09e0915-a8b0-4310-8cad-f837eff5d812", "scryfallIllustrationId": "00fa53a5-05bf-4ec7-a61a-c2336078bcb0", "scryfallOracleId": "d48e1545-7997-45ed-83a1-aee45b3d3d20"}, "isOnlineOnly": true, "isReprint": true, "isStarter": true, "keywords": ["Flashback"], "language": "English", "layout": "normal", "legalities": {"commander": "Legal", "duel": "Legal", "gladiator": "Legal", "historic": "Legal", "historicbrawl": "Legal", "legacy": "Legal", "modern": "Legal", "penny": "Legal", "vintage": "Legal"}, "manaCost": "{4}{B}", "manaValue": 5.0, "name": "Unburial Rites", "number": "14", "printings": ["AFC", "C20", "HA3", "ISD", "MM3", "PLIST", "UMA"], "purchaseUrls": {}, "rarity": "uncommon", "rulings": [{"date": "2021-03-19", "text": "“Flashback [cost]” means “You may cast this card from your graveyard by paying [cost] rather than paying its mana cost” and “If the flashback cost was paid, exile this card instead of putting it anywhere else any time it would leave the stack.”"}, {"date": "2021-03-19", "text": "You must still follow any timing restrictions and permissions, including those based on the card's type. For instance, you can cast a sorcery using flashback only when you could normally cast a sorcery."}, {"date": "2021-03-19", "text": "To determine the total cost of a spell, start with the mana cost or alternative cost (such as a flashback cost) you're paying, add any cost increases, then apply any cost reductions. The mana value of the spell is determined only by its mana cost, no matter what the total cost to cast the spell was."}, {"date": "2021-03-19", "text": "A spell cast using flashback will always be exiled afterward, whether it resolves, is countered, or leaves the stack in some other way."}, {"date": "2021-03-19", "text": "You can cast a spell using flashback even if it was somehow put into your graveyard without having been cast."}, {"date": "2021-03-19", "text": "If a card with flashback is put into your graveyard during your turn, you can cast it if it's legal to do so before any other player can take any actions."}], "setCode": "HA3", "subtypes": [], "supertypes": [], "text": "Return target creature card from your graveyard to the battlefield.\nFlashback {3}{W} (You may cast this card from your graveyard for its flashback cost. Then exile it.)", "type": "Sorcery", "types": ["Sorcery"], "uuid": "0e885b68-8672-5f05-9e0f-42912a622c7d"}, {"artist": "Austin Hsu", "availability": ["arena"], "borderColor": "black", "colorIdentity": ["R"], "colors": ["R"], "convertedManaCost": 1.0, "edhrecRank": 4803, "finishes": ["nonfoil"], "foreignData": [], "frameVersion": "2015", "hasFoil": false, "hasNonFoil": true, "identifiers": {"mtgArenaId": "42818", "mtgjsonV4Id": "22defdbc-daab-55bf-a064-de21e8fc029e", "scryfallId": "ed3126ea-76a0-44cc-803d-48bf0d5de22e", "scryfallIllustrationId": "836ddd52-4a85-4ce3-ad94-1ac12f95c12e", "scryfallOracleId": "ee9f0b29-8a54-4cb8-8e2c-7bd67c2184ba"}, "isOnlineOnly": true, "isReprint": true, "isStarter": true, "keywords": ["Flashback"], "language": "English", "layout": "normal", "legalities": {"commander": "Legal", "duel": "Legal", "gladiator": "Legal", "historic": "Legal", "historicbrawl": "Legal", "legacy": "Legal", "modern": "Legal", "penny": "Legal", "vintage": "Legal"}, "manaCost": "{X}{R}", "manaValue": 1.0, "name": "Devil's Play", "number": "15", "printings": ["C19", "DDK", "HA3", "ISD", "PISD", "PRM"], "purchaseUrls": {}, "rarity": "rare", "rulings": [], "securityStamp": "oval", "setCode": "HA3", "subtypes": [], "supertypes": [], "text": "Devil's Play deals X damage to any target.\nFlashback {X}{R}{R}{R} (You may cast this card from your graveyard for its flashback cost. Then exile it.)", "type": "Sorcery", "types": ["Sorcery"], "uuid": "ead1899e-ae23-50a6-9f24-cc9039eeca00"}, {"artist": "Luca Zontini", "availability": ["arena"], "borderColor": "black", "colorIdentity": ["R"], "colors": ["R"], "convertedManaCost": 3.0, "edhrecRank": 4710, "finishes": ["nonfoil"], "foreignData": [], "frameVersion": "2015", "hasFoil": false, "hasNonFoil": true, "identifiers": {"mtgArenaId": "18511", "mtgjsonV4Id": "37d8a941-c8fb-5faf-915a-eb7f56e08417", "scryfallId": "08bc7acd-676a-45a5-948c-8cb1f54d168a", "scryfallIllustrationId": "36e55a4b-c654-4364-bd77-8abd310a37ff", "scryfallOracleId": "467ea3e3-7767-405a-9d1a-8fa5de696376"}, "isOnlineOnly": true, "isReprint": true, "isStarter": true, "keywords": ["Cycling"], "language": "English", "layout": "normal", "legalities": {"commander": "Legal", "duel": "Legal", "gladiator": "Legal", "historic": "Legal", "historicbrawl": "Legal", "legacy": "Legal", "paupercommander": "Restricted", "premodern": "Legal", "vintage": "Legal"}, "manaCost": "{2}{R}", "manaValue": 3.0, "name": "Gempalm Incinerator", "number": "16", "power": "2", "printings": ["DD1", "DDT", "EVG", "HA3", "LGN", "PZ2", "WC03"], "purchaseUrls": {}, "rarity": "uncommon", "rulings": [{"date": "2004-10-04", "text": "The target of the ability can’t be a creature with Protection from Creatures, with Protection from Goblins, or with Protection from Red."}, {"date": "2008-10-01", "text": "Cycling is an activated ability. Effects that interact with activated abilities (such as Stifle or Rings of Brighthearth) will interact with cycling. Effects that interact with spells (such as Remove Soul or Faerie Tauntings) will not."}, {"date": "2008-10-01", "text": "When you cycle this card, first the cycling ability goes on the stack, then the triggered ability goes on the stack on top of it. The triggered ability will resolve before you draw a card from the cycling ability."}, {"date": "2008-10-01", "text": "The cycling ability and the triggered ability are separate. If the triggered ability doesn’t resolve (due to being countered with Stifle, for example, or if all its targets have become illegal), the cycling ability will still resolve and you’ll draw a card."}, {"date": "2008-10-01", "text": "You can cycle this card even if there are no targets for the triggered ability. That’s because the cycling ability itself has no targets."}], "setCode": "HA3", "subtypes": ["Goblin"], "supertypes": [], "text": "Cycling {1}{R} ({1}{R}, Discard this card: Draw a card.)\nWhen you cycle Gempalm Incinerator, you may have it deal X damage to target creature, where X is the number of Goblins on the battlefield.", "toughness": "1", "type": "Creature — Goblin", "types": ["Creature"], "uuid": "bc730fc3-a89e-539b-9ce0-c93f0e62a430"}, {"artist": "John Avon", "availability": ["arena"], "borderColor": "black", "colorIdentity": ["R"], "colors": ["R"], "convertedManaCost": 3.0, "edhrecRank": 2461, "finishes": ["nonfoil"], "foreignData": [], "frameVersion": "2015", "hasFoil": false, "hasNonFoil": true, "identifiers": {"mtgArenaId": "21343", "mtgjsonV4Id": "2f1ac687-1d3b-5127-ac22-1f455c366dde", "scryfallId": "aabede8a-12f5-4b24-b4a4-a888702b20e5", "scryfallIllustrationId": "b60820c0-f44c-417d-9965-4d5c5656d82c", "scryfallOracleId": "0cb76b04-d9c3-46fc-a3f2-5f0cb0d91761"}, "isOnlineOnly": true, "isReprint": true, "isStarter": true, "language": "English", "layout": "normal", "legalities": {"commander": "Legal", "duel": "Legal", "gladiator": "Legal", "historic": "Legal", "historicbrawl": "Legal", "legacy": "Legal", "modern": "Legal", "penny": "Legal", "vintage": "Legal"}, "manaCost": "{2}{R}", "manaValue": 3.0, "name": "Honden of Infinite Rage", "number": "17", "printings": ["CHK", "EMA", "HA3", "PLIST"], "purchaseUrls": {}, "rarity": "uncommon", "rulings": [], "setCode": "HA3", "subtypes": ["Shrine"], "supertypes": ["Legendary"], "text": "At the beginning of your upkeep, Honden of Infinite Rage deals damage to any target equal to the number of Shrines you control.", "type": "Legendary Enchantment — Shrine", "types": ["Enchantment"], "uuid": "e7198b53-d8af-58d1-9773-0240432eebc6"}, {"artist": "James Paick", "availability": ["arena"], "borderColor": "black", "colorIdentity": ["R"], "colors": ["R"], "convertedManaCost": 2.0, "edhrecRank": 1885, "finishes": ["nonfoil"], "foreignData": [], "frameVersion": "2015", "hasFoil": false, "hasNonFoil": true, "identifiers": {"mtgArenaId": "71490", "mtgjsonV4Id": "b43141a7-2f36-5b4f-a5b5-d7bf1f53a305", "scryfallId": "49052be3-9d40-4363-9613-c2098b26eebf", "scryfallIllustrationId": "967c874a-8539-49ec-8976-868d4ce5ea71", "scryfallOracleId": "10da681b-50bd-4a1b-9934-f0c90e0af55c"}, "isOnlineOnly": true, "isReprint": true, "isStarter": true, "keywords": ["Cycling"], "language": "English", "layout": "normal", "legalities": {"commander": "Legal", "duel": "Legal", "gladiator": "Legal", "historic": "Legal", "historicbrawl": "Legal", "legacy": "Legal", "modern": "Legal", "penny": "Legal", "vintage": "Legal"}, "manaCost": "{1}{R}", "manaValue": 2.0, "name": "Tectonic Reformation", "number": "18", "printings": ["C20", "HA3", "MH1"], "purchaseUrls": {}, "rarity": "rare", "rulings": [], "securityStamp": "oval", "setCode": "HA3", "subtypes": [], "supertypes": [], "text": "Each land card in your hand has cycling {R}.\nCycling {2} ({2}, Discard this card: Draw a card.)", "type": "Enchantment", "types": ["Enchantment"], "uuid": "5d897fd8-2847-54d2-94e3-eedf83658658"}, {"artist": "Rebecca Guay", "availability": ["arena"], "borderColor": "black", "colorIdentity": ["G"], "colors": ["G"], "convertedManaCost": 3.0, "edhrecRank": 693, "finishes": ["nonfoil"], "foreignData": [], "frameVersion": "2015", "hasFoil": false, "hasNonFoil": true, "identifiers": {"mtgArenaId": "18187", "mtgjsonV4Id": "5d64d121-2cfb-577c-89ab-173e12d5689c", "scryfallId": "bfaefc78-56a4-4aea-8d6a-d6d12804f145", "scryfallIllustrationId": "6fc40ffb-567e-4f0f-8fac-3c94184c9c9f", "scryfallOracleId": "795b096a-2bce-4588-a2c9-abc5ea40dc0c"}, "isOnlineOnly": true, "isReprint": true, "isStarter": true, "language": "English", "layout": "normal", "legalities": {"commander": "Legal", "duel": "Legal", "gladiator": "Legal", "historic": "Legal", "historicbrawl": "Legal", "legacy": "Legal", "modern": "Legal", "premodern": "Legal", "vintage": "Legal"}, "manaCost": "{2}{G}", "manaValue": 3.0, "name": "Enchantress's Presence", "number": "19", "printings": ["C18", "HA3", "MH2", "ONS"], "purchaseUrls": {}, "rarity": "rare", "rulings": [{"date": "2021-06-18", "text": "The triggered ability will resolve before the spell that caused it to trigger."}, {"date": "2021-06-18", "text": "The ability is independent from the spell that caused it to trigger. Notably, if the enchantment spell is countered or doesn't resolve for any other reason, you'll still draw a card (unless something specifically counters the triggered ability)."}], "securityStamp": "oval", "setCode": "HA3", "subtypes": [], "supertypes": [], "text": "Whenever you cast an enchantment spell, draw a card.", "type": "Enchantment", "types": ["Enchantment"], "uuid": "98aa3e59-abd8-581d-b66d-a92024c9d1e7"}, {"artist": "Rob Alexander", "availability": ["arena"], "borderColor": "black", "colorIdentity": ["G"], "colors": ["G"], "convertedManaCost": 5.0, "edhrecRank": 2488, "finishes": ["nonfoil"], "foreignData": [], "frameVersion": "2015", "hasFoil": false, "hasNonFoil": true, "identifiers": {"mtgArenaId": "21387", "mtgjsonV4Id": "5c330782-bb18-57d7-9845-dc06c7ec83fc", "scryfallId": "84241b2e-fed0-4bf4-8a1c-4d1814c2eb8b", "scryfallIllustrationId": "c266d633-af44-4bc9-be7a-907241afba8f", "scryfallOracleId": "a1fdfcc6-4b3c-40f8-a9e4-dff9ace74a59"}, "isOnlineOnly": true, "isReprint": true, "isStarter": true, "language": "English", "layout": "normal", "legalities": {"commander": "Legal", "duel": "Legal", "gladiator": "Legal", "historic": "Legal", "historicbrawl": "Legal", "legacy": "Legal", "modern": "Legal", "penny": "Legal", "vintage": "Legal"}, "manaCost": "{4}{G}", "manaValue": 5.0, "name": "Honden of Life's Web", "number": "20", "printings": ["CHK", "EMA", "HA3"], "purchaseUrls": {}, "rarity": "uncommon", "rulings": [], "setCode": "HA3", "subtypes": ["Shrine"], "supertypes": ["Legendary"], "text": "At the beginning of your upkeep, create a 1/1 colorless Spirit creature token for each Shrine you control.", "type": "Legendary Enchantment — Shrine", "types": ["Enchantment"], "uuid": "44860163-6e94-5f91-ad91-e047af703b37"}, {"artist": "Kev Walker", "availability": ["arena"], "borderColor": "black", "colorIdentity": ["G"], "colors": ["G"], "convertedManaCost": 7.0, "edhrecRank": 5561, "finishes": ["nonfoil"], "foreignData": [], "frameVersion": "2015", "hasFoil": false, "hasNonFoil": true, "identifiers": {"mtgArenaId": "18321", "mtgjsonV4Id": "1e60749f-d4f8-5e6e-a3c6-615d1786f980", "scryfallId": "13000e59-eb8f-4ab6-83dc-4eb7f974a8f5", "scryfallIllustrationId": "a9896c71-d6f2-4a54-a21b-f2feee426bb0", "scryfallOracleId": "82406175-63b3-4972-be8b-db0e70c908cb"}, "isOnlineOnly": true, "isReprint": true, "isStarter": true, "keywords": ["Cycling"], "language": "English", "layout": "normal", "legalities": {"commander": "Legal", "duel": "Legal", "gladiator": "Legal", "historic": "Legal", "historicbrawl": "Legal", "legacy": "Legal", "modern": "Legal", "pauper": "Legal", "paupercommander": "Legal", "penny": "Legal", "premodern": "Legal", "vintage": "Legal"}, "manaCost": "{5}{G}{G}", "manaValue": 7.0, "name": "Krosan Tusker", "number": "21", "power": "6", "printings": ["A25", "ARC", "C13", "CMD", "DDD", "DDL", "DDU", "F03", "GVL", "HA3", "MB1", "MH1", "ONS", "PRM", "TD0", "VMA"], "purchaseUrls": {}, "rarity": "common", "rulings": [{"date": "2008-10-01", "text": "Cycling is an activated ability. Effects that interact with activated abilities (such as Stifle or Rings of Brighthearth) will interact with cycling. Effects that interact with spells (such as Remove Soul or Faerie Tauntings) will not."}, {"date": "2008-10-01", "text": "When you cycle this card, first the cycling ability goes on the stack, then the triggered ability goes on the stack on top of it. The triggered ability will resolve before you draw a card from the cycling ability."}, {"date": "2008-10-01", "text": "The cycling ability and the triggered ability are separate. If the triggered ability doesn't resolve (due to being countered with Stifle, for example, or if all its targets have become illegal), the cycling ability will still resolve and you'll draw a card."}], "setCode": "HA3", "subtypes": ["Boar", "Beast"], "supertypes": [], "text": "Cycling {2}{G} ({2}{G}, Discard this card: Draw a card.)\nWhen you cycle Krosan Tusker, you may search your library for a basic land card, reveal that card, put it into your hand, then shuffle. (Do this before you draw.)", "toughness": "5", "type": "Creature — Boar Beast", "types": ["Creature"], "uuid": "06fe82c8-99b4-5355-be9b-2fa1a248ffeb"}, {"artist": "Kev Walker", "availability": ["arena"], "borderColor": "black", "colorIdentity": ["G"], "colors": ["G"], "convertedManaCost": 7.0, "edhrecRank": 13081, "finishes": ["nonfoil"], "foreignData": [], "frameVersion": "2015", "hasFoil": false, "hasNonFoil": true, "identifiers": {"mtgArenaId": "16569", "mtgjsonV4Id": "977424ee-2387-5848-83b6-281500250b9d", "scryfallId": "62dbd139-6f75-427b-ba4d-45f15dcea419", "scryfallIllustrationId": "805dc656-b4bf-4b6e-80b5-af8597694334", "scryfallOracleId": "b8b9e6fd-b3ed-4fbc-8753-74018fa33caa"}, "isOnlineOnly": true, "isReprint": true, "isStarter": true, "keywords": ["Flashback"], "language": "English", "layout": "normal", "legalities": {"commander": "Legal", "duel": "Legal", "gladiator": "Legal", "historic": "Legal", "historicbrawl": "Legal", "legacy": "Legal", "penny": "Legal", "premodern": "Legal", "vintage": "Legal"}, "manaCost": "{6}{G}", "manaValue": 7.0, "name": "Roar of the Wurm", "number": "22", "printings": ["DDS", "EMA", "F07", "HA3", "MB1", "ODY", "PRM", "VMA", "WC02", "WC03"], "purchaseUrls": {}, "rarity": "uncommon", "rulings": [], "setCode": "HA3", "subtypes": [], "supertypes": [], "text": "Create a 6/6 green Wurm creature token.\nFlashback {3}{G} (You may cast this card from your graveyard for its flashback cost. Then exile it.)", "type": "Sorcery", "types": ["Sorcery"], "uuid": "629a83d5-e3e2-5372-bffd-9fb83435fd84"}, {"artist": "David Martin", "availability": ["arena"], "borderColor": "black", "colorIdentity": ["G", "W"], "colors": ["G", "W"], "convertedManaCost": 5.0, "edhrecRank": 317, "finishes": ["nonfoil"], "foreignData": [], "frameVersion": "2015", "hasFoil": false, "hasNonFoil": true, "identifiers": {"mtgArenaId": "17618", "mtgjsonV4Id": "e0167d5e-9627-542c-a576-406a7be55397", "scryfallId": "02747420-c635-4f0f-9888-81cf4f7dfc91", "scryfallIllustrationId": "8bc075c3-3b2c-4eda-a27a-a854e97c1c46", "scryfallOracleId": "852657c0-18a4-4b28-b9ae-7728acdb5044"}, "isOnlineOnly": true, "isReprint": true, "isStarter": true, "language": "English", "layout": "normal", "legalities": {"commander": "Legal", "duel": "Legal", "gladiator": "Legal", "historic": "Legal", "historicbrawl": "Legal", "legacy": "Legal", "modern": "Legal", "penny": "Legal", "premodern": "Legal", "vintage": "Legal"}, "manaCost": "{3}{G}{W}", "manaValue": 5.0, "name": "Mirari's Wake", "number": "23", "printings": ["C17", "CM1", "CNS", "HA3", "JUD", "MH2", "PPRO", "PRM", "PZ1", "TD0", "WC03"], "purchaseUrls": {}, "rarity": "rare", "rulings": [{"date": "2021-06-18", "text": "Because damage remains marked on a creature until the cleanup step or an effect removes that damage, nonlethal damage dealt to creatures you control may become lethal if Mirari's Wake leaves the battlefield."}, {"date": "2021-06-18", "text": "The types of mana are white, blue, black, red, green, and colorless."}, {"date": "2021-06-18", "text": "If tapping a land produces more than one type of mana, you choose one type that was produced and add one mana of that type."}, {"date": "2021-06-18", "text": "If the mana produced by the land has any additional restrictions or riders, those restrictions or riders don't apply to the mana added by Mirari's Wake. You just get one mana of the appropriate type."}], "securityStamp": "oval", "setCode": "HA3", "subtypes": [], "supertypes": [], "text": "Creatures you control get +1/+1.\nWhenever you tap a land for mana, add one mana of any type that land produced.", "type": "Enchantment", "types": ["Enchantment"], "uuid": "384f2a3e-9db2-5383-b386-098d3df1e0b0"}, {"artist": "Dan Scott", "availability": ["arena"], "borderColor": "black", "colorIdentity": [], "colors": [], "convertedManaCost": 7.0, "edhrecRank": 1277, "finishes": ["nonfoil"], "foreignData": [], "frameVersion": "2015", "hasFoil": false, "hasNonFoil": true, "identifiers": {"mtgArenaId": "49333", "mtgjsonV4Id": "2df25eaf-7873-5eae-88be-e9790c43805b", "scryfallId": "4058b207-c698-4721-b6fc-f0bbedb2ded4", "scryfallIllustrationId": "8e53667f-7fc3-4f0f-aa3b-c96ee37bf105", "scryfallOracleId": "967e8b3f-8266-4d9a-a38b-d0e10184e1e4"}, "isOnlineOnly": true, "isReprint": true, "isStarter": true, "language": "English", "layout": "normal", "legalities": {"commander": "Legal", "duel": "Legal", "gladiator": "Legal", "historic": "Legal", "historicbrawl": "Legal", "legacy": "Legal", "modern": "Legal", "penny": "Legal", "vintage": "Legal"}, "manaCost": "{7}", "manaValue": 7.0, "name": "Akroma's Memorial", "number": "24", "printings": ["FUT", "HA3", "M13", "PLIST", "TSR"], "purchaseUrls": {}, "rarity": "mythic", "rulings": [], "securityStamp": "oval", "setCode": "HA3", "subtypes": [], "supertypes": ["Legendary"], "text": "Creatures you control have flying, first strike, vigilance, trample, haste, and protection from black and from red.", "type": "Legendary Artifact", "types": ["Artifact"], "uuid": "f6e8728e-8747-592f-81a4-8e21678028ea"}, {"artist": "Austin Hsu", "availability": ["arena"], "borderColor": "black", "colorIdentity": [], "colors": [], "convertedManaCost": 2.0, "edhrecRank": 6604, "finishes": ["nonfoil"], "foreignData": [], "frameVersion": "2015", "hasFoil": false, "hasNonFoil": true, "identifiers": {"mtgArenaId": "38137", "mtgjsonV4Id": "a48079a3-23e5-5460-be5f-0cf1bf5a0350", "scryfallId": "837de705-797d-4155-98ce-85f8eed79e21", "scryfallIllustrationId": "a8177e99-0b38-4922-bcff-d94ee0c05de5", "scryfallOracleId": "255d752a-8251-4e4c-99d6-4a1648de1474"}, "isOnlineOnly": true, "isReprint": true, "isStarter": true, "language": "English", "layout": "normal", "legalities": {"commander": "Legal", "duel": "Legal", "explorer": "Legal", "gladiator": "Legal", "historic": "Legal", "historicbrawl": "Legal", "legacy": "Legal", "modern": "Legal", "pioneer": "Legal", "vintage": "Legal"}, "manaCost": "{2}", "manaValue": 2.0, "name": "Ratchet Bomb", "number": "25", "printings": ["2XM", "HA3", "M14", "PM14", "PRM", "SOM"], "purchaseUrls": {}, "rarity": "rare", "rulings": [{"date": "2020-08-07", "text": "Tokens that aren't a copy of something else don't have a mana cost. Anything without a mana cost normally has a mana value of 0."}, {"date": "2020-08-07", "text": "If a permanent has {X} in its mana cost, X is considered to be 0."}], "securityStamp": "oval", "setCode": "HA3", "subtypes": [], "supertypes": [], "text": "{T}: Put a charge counter on Ratchet Bomb.\n{T}, Sacrifice Ratchet Bomb: Destroy each nonland permanent with mana value equal to the number of charge counters on Ratchet Bomb.", "type": "Artifact", "types": ["Artifact"], "uuid": "cf10225d-ab11-539e-927e-25cd1b0789ac"}, {"artist": "John Avon", "availability": ["arena"], "borderColor": "black", "colorIdentity": [], "colors": [], "convertedManaCost": 0.0, "edhrecRank": 2556, "finishes": ["nonfoil"], "foreignData": [], "frameVersion": "2015", "hasFoil": false, "hasNonFoil": true, "identifiers": {"mtgArenaId": "47143", "mtgjsonV4Id": "f4419c6a-90bf-5a43-96e0-9ed68aa530b7", "scryfallId": "1a66da3c-a5a1-4298-acd0-51ed0776538a", "scryfallIllustrationId": "960af683-7180-467e-a453-77e7c40871e0", "scryfallOracleId": "0baabe39-72ae-47bd-a095-cbf7eb8a6361"}, "isOnlineOnly": true, "isReprint": true, "isStarter": true, "language": "English", "layout": "normal", "legalities": {"commander": "Legal", "duel": "Legal", "gladiator": "Legal", "historic": "Legal", "historicbrawl": "Legal", "legacy": "Legal", "modern": "Legal", "vintage": "Legal"}, "manaValue": 0.0, "name": "Ancient Ziggurat", "number": "26", "printings": ["CON", "F10", "H09", "HA3", "MB1", "PRM"], "purchaseUrls": {}, "rarity": "uncommon", "rulings": [{"date": "2009-02-01", "text": "Mana produced by Ancient Ziggurat can be spent on any part of a creature spell’s total cost. This includes additional costs (such as kicker) and alternative costs (such as evoke or Worldheart Phoenix’s alternative cost)."}, {"date": "2009-02-01", "text": "Mana produced by Ancient Ziggurat can’t be spent on activated abilities that put a creature card directly onto the battlefield, such as unearth or ninjutsu."}], "setCode": "HA3", "subtypes": [], "supertypes": [], "text": "{T}: Add one mana of any color. Spend this mana only to cast a creature spell.", "type": "Land", "types": ["Land"], "uuid": "4842c2c7-a2bd-56b5-a9cc-e53b52796372"}, {"artist": "Cliff Childs", "availability": ["arena"], "borderColor": "black", "colorIdentity": [], "colors": [], "convertedManaCost": 0.0, "edhrecRank": 3837, "finishes": ["nonfoil"], "foreignData": [], "frameVersion": "2015", "hasFoil": false, "hasNonFoil": true, "identifiers": {"mtgArenaId": "53817", "mtgjsonV4Id": "d2810704-03ea-53dc-b8ee-b1d3a01fb5dd", "scryfallId": "3e56f8d9-64af-400e-b84a-c32ee429ba58", "scryfallIllustrationId": "7ff8300a-2d17-4c29-93bb-da670705ba46", "scryfallOracleId": "49479778-c4c0-43ba-a7b7-45f00d067462"}, "isOnlineOnly": true, "isReprint": true, "isStarter": true, "language": "English", "layout": "normal", "legalities": {"commander": "Legal", "duel": "Legal", "explorer": "Legal", "gladiator": "Legal", "historic": "Legal", "historicbrawl": "Legal", "legacy": "Legal", "modern": "Legal", "pioneer": "Legal", "vintage": "Legal"}, "manaValue": 0.0, "name": "Maze's End", "number": "27", "printings": ["DGM", "HA3", "PDGM", "PRM"], "purchaseUrls": {}, "rarity": "mythic", "rulings": [{"date": "2013-04-15", "text": "Returning Maze’s End to its owner’s hand is part of the cost to activate its last ability. Once that ability is announced, players can’t respond to it until after you’ve paid its activation cost and returned Maze’s End to hand."}, {"date": "2013-04-15", "text": "When the last ability of Maze’s End resolves, you’ll search for a Gate and put it onto the battlefield before checking to see if you win the game. This check will happen even if you don’t put a Gate onto the battlefield this way. This check will happen only as the ability resolves, not at other times."}, {"date": "2013-04-15", "text": "Putting a Gate onto the battlefield with Maze’s End doesn’t count as the one land you can play during your turn. If it’s your turn, you can play Maze’s End or a different land card from your hand after its ability has resolved."}, {"date": "2013-04-15", "text": "Controlling multiple Gates with the same name has no effect on your ability to win the game with Maze’s End. The excess Gates are simply ignored."}], "securityStamp": "oval", "setCode": "HA3", "subtypes": [], "supertypes": [], "text": "Maze's End enters the battlefield tapped.\n{T}: Add {C}.\n{3}, {T}, Return Maze's End to its owner's hand: Search your library for a Gate card, put it onto the battlefield, then shuffle. If you control ten or more Gates with different names, you win the game.", "type": "Land", "types": ["Land"], "uuid": "f27f21ce-23d6-59ab-96a6-54353d96616c"}], "code": "HA3", "isFoilOnly": false, "isNonFoilOnly": true, "isOnlineOnly": true, "keyruneCode": "HA1", "name": "Historic Anthology 3", "releaseDate": "2020-05-21", "tokens": [], "totalSetSize": 27, "translations": {}, "type": "box"}}