{"meta": {"date": "2022-05-26", "version": "5.2.0+20220526"}, "data": {"baseSetSize": 7, "block": "Heroes of the Realm", "cards": [{"artist": "Wylie Beckert", "availability": ["paper"], "borderColor": "black", "colorIdentity": ["W"], "colors": ["W"], "convertedManaCost": 3.0, "faceConvertedManaCost": 3.0, "faceManaValue": 3.0, "faceName": "Collectigull", "finishes": ["nonfoil", "foil"], "foreignData": [], "frameVersion": "2015", "hasFoil": true, "hasNonFoil": true, "identifiers": {"mtgjsonV4Id": "e4b7ca67-cdff-59fd-9a9c-1345d036ea2e", "scryfallId": "5e5a037c-86b7-40f6-aa6e-74bc0b80e65e", "scryfallIllustrationId": "4691f981-8a74-445b-9bed-03ad1bfc7101", "scryfallOracleId": "23146975-7ba4-4c64-96a5-1cd54090f367", "tcgplayerProductId": "236528"}, "isFunny": true, "isStarter": true, "keywords": ["Flying", "Protection"], "language": "English", "layout": "adventure", "legalities": {}, "manaCost": "{2}{W}", "manaValue": 3.0, "name": "Collectigull // Only the Best", "number": "1", "otherFaceIds": ["12d0bd47-b3d6-53d2-87ef-442db2411af6"], "power": "1", "printings": ["HTR19"], "purchaseUrls": {"tcgplayer": "https://mtgjson.com/links/8cf1abba7f7a0235"}, "rarity": "mythic", "rulings": [], "securityStamp": "oval", "setCode": "HTR19", "side": "a", "subtypes": ["Bird"], "supertypes": [], "text": "Flying, protection from common\nWhenever Collectigull attacks, reveal the top card of your library. If it's a Booster Fun card, you may put it into your hand.", "toughness": "1", "type": "Creature — Bird", "types": ["Creature"], "uuid": "db91911c-8515-5e58-adc1-c50878cd6327"}, {"artist": "Wylie Beckert", "availability": ["paper"], "borderColor": "black", "colorIdentity": ["W"], "colors": ["W"], "convertedManaCost": 3.0, "faceConvertedManaCost": 2.0, "faceManaValue": 2.0, "faceName": "Only the Best", "finishes": ["nonfoil", "foil"], "foreignData": [], "frameVersion": "2015", "hasFoil": true, "hasNonFoil": true, "identifiers": {"mtgjsonV4Id": "fd969420-c9b7-56a0-a7c2-b9a427c9fce8", "scryfallId": "5e5a037c-86b7-40f6-aa6e-74bc0b80e65e", "scryfallIllustrationId": "4691f981-8a74-445b-9bed-03ad1bfc7101", "scryfallOracleId": "23146975-7ba4-4c64-96a5-1cd54090f367", "tcgplayerProductId": "236528"}, "isFunny": true, "isStarter": true, "language": "English", "layout": "adventure", "legalities": {}, "manaCost": "{1}{W}", "manaValue": 3.0, "name": "Collectigull // Only the Best", "number": "1", "otherFaceIds": ["db91911c-8515-5e58-adc1-c50878cd6327"], "printings": ["HTR19"], "purchaseUrls": {"tcgplayer": "https://mtgjson.com/links/efc3294778e277ae"}, "rarity": "mythic", "rulings": [], "securityStamp": "oval", "setCode": "HTR19", "side": "b", "subtypes": ["Adventure"], "supertypes": [], "text": "Return target Booster Fun card from your graveyard to your hand.", "type": "Sorcery — Adventure", "types": ["Sorcery"], "uuid": "12d0bd47-b3d6-53d2-87ef-442db2411af6"}, {"artist": "Brigitte Roka", "availability": ["paper"], "borderColor": "black", "colorIdentity": ["U"], "colors": ["U"], "convertedManaCost": 2.0, "finishes": ["nonfoil", "foil"], "foreignData": [], "frameEffects": ["legendary"], "frameVersion": "2015", "hasFoil": true, "hasNonFoil": true, "identifiers": {"mtgjsonV4Id": "bf552b1d-0731-575a-9dd7-8916ef8a6d65", "scryfallId": "05c4e808-8d87-4d25-b893-d6e56b4c98e9", "scryfallIllustrationId": "854deea0-cd26-4b66-b810-509baf33ad41", "scryfallOracleId": "feae9fea-4a4b-4441-bcee-cdea20e98e1a", "tcgplayerProductId": "236529"}, "isFunny": true, "isStarter": true, "keywords": ["Flash"], "language": "English", "layout": "normal", "leadershipSkills": {"brawl": false, "commander": true, "oathbreaker": false}, "legalities": {}, "manaCost": "{1}{U}", "manaValue": 2.0, "name": "Keeper of the Secret Lair", "number": "2", "power": "2", "printings": ["HTR19"], "purchaseUrls": {"tcgplayer": "https://mtgjson.com/links/4e63f6c9da43473b"}, "rarity": "mythic", "rulings": [], "securityStamp": "oval", "setCode": "HTR19", "subtypes": ["Merfolk", "Rogue"], "supertypes": ["Legendary"], "text": "Flash\nYou may cast Secret Lair spells as though they had flash.\nSecret Lair spells you cast cost {1} less to cast.", "toughness": "1", "type": "Legendary Creature — Merfolk Rogue", "types": ["Creature"], "uuid": "625ef149-a0ae-53ad-8d05-738b6017a441"}, {"artist": "Chris Seaman", "availability": ["paper"], "borderColor": "black", "colorIdentity": ["B"], "colors": ["B"], "convertedManaCost": 4.0, "finishes": ["nonfoil", "foil"], "foreignData": [], "frameVersion": "2015", "hasFoil": true, "hasNonFoil": true, "identifiers": {"mtgjsonV4Id": "f88a3c9e-2991-59fe-b878-86d857eef9f9", "scryfallId": "29fc560d-8ba3-4e6c-99df-08d034025131", "scryfallIllustrationId": "5cedc3b0-25e6-448f-87ca-5ff12c5de35b", "scryfallOracleId": "9bb259d0-09f6-4564-8cd1-73b4d0e5b4fc", "tcgplayerProductId": "236531"}, "isFunny": true, "isStarter": true, "keywords": ["Proliferate"], "language": "English", "layout": "saga", "legalities": {}, "manaCost": "{3}{B}", "manaValue": 4.0, "name": "War of the Spark", "number": "3", "printings": ["HTR19"], "purchaseUrls": {"tcgplayer": "https://mtgjson.com/links/5cfab59d1626e209"}, "rarity": "mythic", "rulings": [], "securityStamp": "oval", "setCode": "HTR19", "subtypes": ["Saga"], "supertypes": [], "text": "(As this Saga enters and after your draw step, add a lore counter. Sacrifice after III.)\nI — Each player may put a planeswalker or Zombie card from War of the Spark from their hand or graveyard onto the battlefield.\nII — Sacrifice any number of creatures and/or planeswalkers. Each opponent sacrifices that many creatures and/or planeswalkers.\nIII — Exile up to one target Bolas. Proliferate three times.", "type": "Enchantment — Saga", "types": ["Enchantment"], "uuid": "fc8bf198-bc61-500e-9bab-f47ee2b61007"}, {"artist": "Donato Giancola", "availability": ["paper"], "borderColor": "black", "colorIdentity": ["R"], "colors": ["R"], "convertedManaCost": 4.0, "faceConvertedManaCost": 4.0, "faceManaValue": 4.0, "faceName": "Champions of Archery", "finishes": ["nonfoil", "foil"], "foreignData": [], "frameEffects": ["legendary"], "frameVersion": "2015", "hasFoil": true, "hasNonFoil": true, "identifiers": {"mtgjsonV4Id": "d3d3726b-38b5-5509-8766-eb5d6046df07", "scryfallId": "4ae9da8c-0189-4474-ae3c-aca3fae6bea3", "scryfallIllustrationId": "7f9722b8-fe93-4414-8eb4-b6dcb8eddd9b", "scryfallOracleId": "4e658c56-ebf7-449c-909c-86053f8eaba6", "tcgplayerProductId": "236530"}, "isFunny": true, "isStarter": true, "keywords": ["Reach"], "language": "English", "layout": "adventure", "leadershipSkills": {"brawl": false, "commander": true, "oathbreaker": false}, "legalities": {}, "manaCost": "{3}{R}", "manaValue": 4.0, "name": "Champions of Archery // Join the Group", "number": "4", "otherFaceIds": ["17d0d955-2f22-547a-900b-294e69824085"], "power": "1", "printings": ["HTR19"], "purchaseUrls": {"tcgplayer": "https://mtgjson.com/links/2dd69ba35740ffcb"}, "rarity": "mythic", "rulings": [], "securityStamp": "oval", "setCode": "HTR19", "side": "a", "subtypes": ["Human", "Archer"], "supertypes": ["Legendary"], "text": "Reach\nCommanders you control get +X/+0, where X is the number of Commanders you control.", "toughness": "4", "type": "Legendary Creature — Human Archer", "types": ["Creature"], "uuid": "7af00ce8-ab88-5d04-9a23-b28768b98645"}, {"artist": "Donato Giancola", "availability": ["paper"], "borderColor": "black", "colorIdentity": ["R"], "colors": ["R"], "convertedManaCost": 4.0, "faceConvertedManaCost": 3.0, "faceManaValue": 3.0, "faceName": "Join the Group", "finishes": ["nonfoil", "foil"], "foreignData": [], "frameEffects": ["legendary"], "frameVersion": "2015", "hasFoil": true, "hasNonFoil": true, "identifiers": {"mtgjsonV4Id": "1c7d6191-cbc1-527f-990e-f9bb6a7cfe8b", "scryfallId": "4ae9da8c-0189-4474-ae3c-aca3fae6bea3", "scryfallIllustrationId": "7f9722b8-fe93-4414-8eb4-b6dcb8eddd9b", "scryfallOracleId": "4e658c56-ebf7-449c-909c-86053f8eaba6", "tcgplayerProductId": "236530"}, "isFunny": true, "isStarter": true, "language": "English", "layout": "adventure", "legalities": {}, "manaCost": "{2}{R}", "manaValue": 4.0, "name": "Champions of Archery // Join the Group", "number": "4", "otherFaceIds": ["7af00ce8-ab88-5d04-9a23-b28768b98645"], "printings": ["HTR19"], "purchaseUrls": {"tcgplayer": "https://mtgjson.com/links/d6bef30a7aa64e14"}, "rarity": "mythic", "rulings": [], "securityStamp": "oval", "setCode": "HTR19", "side": "b", "subtypes": ["Adventure"], "supertypes": [], "text": "You may put a legendary creature card from your hand into the command zone. It's also your commander.", "type": "Sorcery — Adventure", "types": ["Sorcery"], "uuid": "17d0d955-2f22-547a-900b-294e69824085"}, {"artist": "Liiga Smilshkalne", "availability": ["paper"], "borderColor": "black", "colorIdentity": ["G"], "colors": ["G"], "convertedManaCost": 4.0, "finishes": ["nonfoil", "foil"], "foreignData": [], "frameEffects": ["legendary"], "frameVersion": "2015", "hasFoil": true, "hasNonFoil": true, "identifiers": {"mtgjsonV4Id": "5f2e6b1e-fbc0-5f8e-85f5-acffc660d905", "scryfallId": "d7e57d2f-141f-461a-8f5a-4cec3020442e", "scryfallIllustrationId": "9633172f-917a-45e6-b5be-a2ec196a5a4d", "scryfallOracleId": "6fc7ecff-749b-48a5-8ed4-8154d2570738", "tcgplayerProductId": "236532"}, "isFunny": true, "isStarter": true, "language": "English", "layout": "normal", "leadershipSkills": {"brawl": false, "commander": true, "oathbreaker": false}, "legalities": {}, "manaCost": "{2}{G}{G}", "manaValue": 4.0, "name": "Myntasha, Honored One", "number": "5", "power": "3", "printings": ["HTR19"], "purchaseUrls": {"tcgplayer": "https://mtgjson.com/links/c5478532fe30f5ed"}, "rarity": "mythic", "rulings": [], "securityStamp": "oval", "setCode": "HTR19", "subtypes": ["Elk"], "supertypes": ["Legendary", "Snow"], "text": "As an additional cost to cast this spell, you may open a sealed Magic booster pack and put the cards on the bottom of your booster pile in a random order.\nSpells you cast have booster cascade. (It's like cascade, but use your booster pile rather than your library.)", "toughness": "3", "type": "Legendary Snow Creature — Elk", "types": ["Creature"], "uuid": "5d7f1b89-7970-5a21-aa8a-989cb21b6464"}, {"artist": "Chuck Lukacs", "availability": ["paper"], "borderColor": "black", "colorIdentity": ["B", "R"], "colors": ["B", "R"], "convertedManaCost": 5.0, "finishes": ["nonfoil", "foil"], "foreignData": [], "frameEffects": ["legendary"], "frameVersion": "2015", "hasFoil": true, "hasNonFoil": true, "identifiers": {"mtgjsonV4Id": "6ecdbb6c-9d97-56c2-a166-f37aca72e474", "scryfallId": "6799b986-0c07-4082-8b5c-f28bddc42ee9", "scryfallIllustrationId": "ca580e22-0083-4207-a96b-2e61d0e1903b", "scryfallOracleId": "35358853-7443-4f3f-8922-fbcfc88bbd81"}, "isFunny": true, "isStarter": true, "keywords": ["Flying", "Haste", "Protection"], "language": "English", "layout": "normal", "leadershipSkills": {"brawl": false, "commander": true, "oathbreaker": false}, "legalities": {}, "manaCost": "{3}{B}{R}", "manaValue": 5.0, "name": "The Cinematic Phoenix", "number": "6", "power": "4", "printings": ["HTR19"], "purchaseUrls": {}, "rarity": "mythic", "rulings": [], "securityStamp": "oval", "setCode": "HTR19", "subtypes": ["Phoenix"], "supertypes": ["Legendary"], "text": "Flying, haste, protection from red\n{1}, {T}: Return target legendary creature card from your graveyard to the battlefield.\nTap six untapped creatures you control: Return The Cinematic Phoenix from your graveyard to the battlefield. If you tapped six legendary creatures this way, you win the game.", "toughness": "4", "type": "Legendary Creature — Phoenix", "types": ["Creature"], "uuid": "a5574f91-3451-570a-a58e-fe90166c114b"}, {"artist": "Tom Wänerstrand", "availability": ["paper"], "borderColor": "black", "colorIdentity": ["B", "G", "R", "U", "W"], "colors": [], "convertedManaCost": 0.0, "finishes": ["nonfoil", "foil"], "flavorText": "\"Who built such a wonder?\"\n\"It took many hands.\"", "foreignData": [], "frameEffects": ["legendary"], "frameVersion": "2015", "hasFoil": true, "hasNonFoil": true, "identifiers": {"mtgjsonV4Id": "f946730c-3ee3-5fa4-96fa-2be7a9f8f762", "scryfallId": "3729066c-4f63-47ca-8e2d-41c8bf8eb7c4", "scryfallIllustrationId": "d8cebe95-cd7e-4541-ade0-4d13f0ac5441", "scryfallOracleId": "ed74463c-f36b-4dd6-882b-03d150415f9b"}, "isFunny": true, "isStarter": true, "language": "English", "layout": "normal", "legalities": {}, "manaValue": 0.0, "name": "Fabled Path of Searo Point", "number": "7", "printings": ["HTR19"], "purchaseUrls": {}, "rarity": "mythic", "rulings": [], "securityStamp": "oval", "setCode": "HTR19", "subtypes": ["Mountain"], "supertypes": ["Legendary"], "text": "{W}{U}{B}{R}{G}, {T}: Creatures you control gain landwalk until end of turn.", "type": "Legendary Land — Mountain", "types": ["Land"], "uuid": "38f9808c-eb76-5716-a45d-f6a29335031a"}], "code": "HTR19", "isFoilOnly": false, "isOnlineOnly": false, "keyruneCode": "PMEI", "name": "2019 Heroes of the Realm", "releaseDate": "2020-08-01", "tokens": [], "totalSetSize": 9, "translations": {}, "type": "funny"}}