{"meta": {"date": "2022-05-26", "version": "5.2.0+20220526"}, "data": {"baseSetSize": 4, "block": "Heroes of the Realm", "cards": [{"artist": "Joe Slucher", "availability": ["paper"], "borderColor": "black", "colorIdentity": ["G", "W"], "colors": ["G", "W"], "convertedManaCost": 5.0, "finishes": ["nonfoil"], "flavorText": "#sponsored", "foreignData": [], "frameEffects": ["legendary"], "frameVersion": "2015", "hasFoil": false, "hasNonFoil": true, "identifiers": {"mcmId": "428086", "mtgjsonV4Id": "f38cfd65-9fa3-5a11-a7be-58ec2a71929a", "scryfallId": "8dd4d771-366c-4d81-875d-7ba9f1f00320", "scryfallIllustrationId": "7d8f79c0-390c-48f9-a789-11574352f2e5", "scryfallOracleId": "329f84dd-889c-4d03-a0bb-d96712ebcad8", "tcgplayerProductId": "206013"}, "isFunny": true, "isStarter": true, "keywords": ["Flying"], "language": "English", "layout": "normal", "leadershipSkills": {"brawl": false, "commander": true, "oathbreaker": false}, "legalities": {}, "manaCost": "{1}{G}{G}{W}{W}", "manaValue": 5.0, "name": "Kharis & The Beholder", "number": "1", "power": "1", "printings": ["HTR18"], "purchaseUrls": {"tcgplayer": "https://mtgjson.com/links/76457b6d30012143"}, "rarity": "mythic", "rulings": [], "securityStamp": "oval", "setCode": "HTR18", "subtypes": ["Dragon", "Eye", "Wizard"], "supertypes": ["Legendary"], "text": "Flying\nWhen Kharis & The Beholder enters the battlefield and at the beginning of your upkeep, create a 1/1 white Human creature token and make a charisma check. (Roll a d20.)\n• If the result plus the number of creatures you control is greater than 11, put a +1/+1 counter on each creature you control.\n• If the result is a natural 20, for each nonlegendary creature you control, create a token that's a copy of that creature.", "toughness": "20", "type": "Legendary Creature — Dragon Eye Wizard", "types": ["Creature"], "uuid": "18a1169a-3905-5f3f-a0f2-14b4899d03af"}, {"artist": "Steve Argyle", "availability": ["paper"], "borderColor": "black", "colorIdentity": ["R", "W"], "colors": ["R", "W"], "convertedManaCost": 5.0, "finishes": ["nonfoil"], "flavorText": "\"Roll out!\"", "foreignData": [], "frameEffects": ["legendary"], "frameVersion": "2015", "hasFoil": false, "hasNonFoil": true, "identifiers": {"mcmId": "428091", "mtgjsonV4Id": "6e4224b5-c2e1-549f-b06d-1cc71d4dc7a2", "scryfallId": "eac33481-3c68-4b29-92bf-c448368a5793", "scryfallIllustrationId": "d6eeaf56-e0b6-4ded-ba03-b067ecb95f00", "scryfallOracleId": "9cf22aee-0f97-4bf6-8941-22c7e0dcafd7", "tcgplayerProductId": "206014"}, "isFunny": true, "isStarter": true, "language": "English", "layout": "normal", "leadershipSkills": {"brawl": false, "commander": true, "oathbreaker": false}, "legalities": {}, "manaCost": "{3}{R}{W}", "manaValue": 5.0, "name": "Optimus Prime, Inspiring Leader", "number": "2", "power": "4", "printings": ["HTR18"], "purchaseUrls": {"tcgplayer": "https://mtgjson.com/links/f582c475795f8d0d"}, "rarity": "mythic", "rulings": [], "securityStamp": "oval", "setCode": "HTR18", "subtypes": ["Autobot"], "supertypes": ["Legendary"], "text": "{1}: Turn target permanent you control to its other face.\n{1}: Until end of turn, Optimus Prime, Inspiring Leader becomes a Construct with base power and toughness 6/6 and creatures you control gain trample.", "toughness": "5", "type": "Legendary Artifact Creature — Autobot", "types": ["Artifact", "Creature"], "uuid": "efbc30e6-b834-5013-b1b7-008b0b16e8a0", "watermark": "transformers"}, {"artist": "Randy Vargas", "availability": ["paper"], "borderColor": "black", "colorIdentity": ["B", "G", "U", "W"], "colors": ["B", "G", "U", "W"], "convertedManaCost": 4.0, "finishes": ["nonfoil", "foil"], "flavorText": "Heroes endure; legends prevail.", "foreignData": [], "frameEffects": ["legendary"], "frameVersion": "2015", "hasFoil": true, "hasNonFoil": true, "identifiers": {"mcmId": "428096", "mtgjsonV4Id": "d952e772-4ec2-5ffd-8059-6d073b292432", "scryfallId": "711ccbf2-1cd6-4881-b020-a71bedb8f664", "scryfallIllustrationId": "e7bf0bf0-7363-4109-b06c-5b61876835e3", "scryfallOracleId": "3191ef26-eeeb-419b-acbd-f4b496eea0db", "tcgplayerProductId": "206015"}, "isFullArt": true, "isFunny": true, "isStarter": true, "keywords": ["Flying", "Investigate", "Support", "Teamwork", "Vigilance"], "language": "English", "layout": "normal", "leadershipSkills": {"brawl": false, "commander": true, "oathbreaker": false}, "legalities": {}, "manaCost": "{G}{W}{U}{B}", "manaValue": 4.0, "name": "Sol, Advocate Eternal", "number": "3", "power": "4", "printings": ["HTR18"], "purchaseUrls": {"tcgplayer": "https://mtgjson.com/links/9e2b257d3d844847"}, "rarity": "mythic", "rulings": [], "securityStamp": "oval", "setCode": "HTR18", "subtypes": ["Dragon", "Angel"], "supertypes": ["Legendary"], "text": "Legendary partner (You can have two commanders if this is one of them. The other one is promoted to legendary.)\nFlying, vigilance\nTeamwork — Whenever you attack or block with both Sol, Advocate Eternal and its partner, support 4 and investigate four times.", "toughness": "4", "type": "Legendary Creature — Dragon Angel", "types": ["Creature"], "uuid": "012e34b8-e47a-5308-afad-054c2519bc05"}, {"artist": "Olena Richards", "availability": ["paper"], "borderColor": "black", "colorIdentity": ["R", "U", "W"], "colors": ["R", "U", "W"], "convertedManaCost": 4.0, "finishes": ["nonfoil", "foil"], "foreignData": [], "frameEffects": ["legendary"], "frameVersion": "2015", "hasFoil": true, "hasNonFoil": true, "identifiers": {"mcmId": "428911", "mtgjsonV4Id": "f7f3137e-1b9e-51c1-b8c3-ea5b87c84c6d", "scryfallId": "9acbbb54-f08d-4926-acdb-db376d4b46cd", "scryfallIllustrationId": "02988f28-ee55-420c-b470-5f04a15d291d", "scryfallOracleId": "51dddde5-c826-4adc-8fca-0a7f9b6cf17f", "tcgplayerProductId": "206016"}, "isFunny": true, "isStarter": true, "language": "English", "layout": "saga", "leadershipSkills": {"brawl": false, "commander": true, "oathbreaker": false}, "legalities": {}, "manaCost": "{1}{U}{R}{W}", "manaValue": 4.0, "name": "The Legend of Arena", "number": "4", "printings": ["HTR18"], "purchaseUrls": {"tcgplayer": "https://mtgjson.com/links/70e33f571dec6e6b"}, "rarity": "mythic", "rulings": [], "securityStamp": "oval", "setCode": "HTR18", "subtypes": ["Saga"], "supertypes": ["Legendary"], "text": "The Legend of Arena can be your commander.\nI, II — Create a 2/1 red Human Wizard creature token. Spells you cast this turn cost {1} less to cast for each Wizard you control.\nIII — Search your library for a planeswalker card, put it onto the battlefield, then shuffle your library. It enters with an additional loyalty counter on it for each Wizard you control.", "type": "Legendary Enchantment — Saga", "types": ["Enchantment"], "uuid": "9e2dff65-23eb-5a9b-8895-1a78f4777743", "variations": ["93bd841f-806b-5db0-8e31-2a50c2cd2729"]}, {"artist": "Noah Bradley", "availability": ["paper"], "borderColor": "black", "colorIdentity": ["R", "U", "W"], "colors": ["R", "U", "W"], "convertedManaCost": 4.0, "finishes": ["nonfoil", "foil"], "foreignData": [], "frameEffects": ["legendary"], "frameVersion": "2015", "hasFoil": true, "hasNonFoil": true, "identifiers": {"mcmId": "428911", "mtgjsonV4Id": "06846616-be4e-52e0-8cfc-a98aec227b28", "scryfallId": "52e39cb4-2f92-42cc-bd15-75b01bb66252", "scryfallIllustrationId": "19b01fea-381e-43d2-8c3f-7e5a7bbe437f", "scryfallOracleId": "51dddde5-c826-4adc-8fca-0a7f9b6cf17f", "tcgplayerProductId": "206016"}, "isFunny": true, "language": "English", "layout": "saga", "leadershipSkills": {"brawl": false, "commander": true, "oathbreaker": false}, "legalities": {}, "manaCost": "{1}{U}{R}{W}", "manaValue": 4.0, "name": "The Legend of Arena", "number": "4†", "printings": ["HTR18"], "purchaseUrls": {"tcgplayer": "https://mtgjson.com/links/7ae62c88b760b6ce"}, "rarity": "mythic", "rulings": [], "securityStamp": "oval", "setCode": "HTR18", "subtypes": ["Saga"], "supertypes": ["Legendary"], "text": "The Legend of Arena can be your commander.\nI, II — Create a 2/1 red Human Wizard creature token. Spells you cast this turn cost {1} less to cast for each Wizard you control.\nIII — Search your library for a planeswalker card, put it onto the battlefield, then shuffle your library. It enters with an additional loyalty counter on it for each Wizard you control.", "type": "Legendary Enchantment — Saga", "types": ["Enchantment"], "uuid": "93bd841f-806b-5db0-8e31-2a50c2cd2729", "variations": ["9e2dff65-23eb-5a9b-8895-1a78f4777743"]}], "code": "HTR18", "isFoilOnly": false, "isOnlineOnly": false, "keyruneCode": "PMEI", "name": "2018 Heroes of the Realm", "releaseDate": "2019-08-01", "tokens": [], "totalSetSize": 5, "translations": {}, "type": "funny"}}