{"meta": {"date": "2022-05-26", "version": "5.2.0+20220526"}, "data": {"baseSetSize": 1, "cards": [], "code": "L15", "isFoilOnly": false, "isNonFoilOnly": true, "isOnlineOnly": false, "keyruneCode": "DEFAULT", "name": "League Tokens 2015", "releaseDate": "2015-01-01", "tokens": [{"artist": "Magali Villeneuve", "availability": ["paper"], "borderColor": "black", "colorIdentity": ["W"], "colors": ["W"], "finishes": ["nonfoil"], "frameVersion": "2015", "hasFoil": false, "hasNonFoil": true, "identifiers": {"mtgjsonV4Id": "4b752ad2-37fa-59e0-b8c6-039fa6e9d61d", "scryfallId": "1e498e42-f55c-4afa-b2e2-02345f91cdb5", "scryfallIllustrationId": "2354b730-5027-4dd2-84bf-6953ef1eb6ce", "scryfallOracleId": "bfa57f61-3811-43da-b73e-90e3e5b0b2c2", "tcgplayerProductId": "108439"}, "keywords": ["Prowess"], "language": "English", "layout": "token", "name": "Monk", "number": "1", "power": "1", "promoTypes": ["league", "instore"], "reverseRelated": ["Monastery Mentor"], "setCode": "L15", "subtypes": ["Monk"], "supertypes": [], "text": "Prowess", "toughness": "1", "type": "Token Creature — Monk", "types": ["Token", "Creature"], "uuid": "d3c827e3-efe9-5af9-8ca1-96d6a39f50e7"}], "totalSetSize": 0, "translations": {}, "type": "token"}}