{"meta": {"date": "2022-05-26", "version": "5.2.0+20220526"}, "data": {"baseSetSize": 5, "cards": [], "code": "MKHM", "isFoilOnly": false, "isOnlineOnly": false, "keyruneCode": "KHM", "name": "Kaldheim Minigames", "parentCode": "KHM", "releaseDate": "2021-02-05", "tokens": [{"availability": ["paper"], "borderColor": "black", "colorIdentity": [], "colors": [], "faceName": "Base Race", "finishes": ["nonfoil", "foil"], "frameVersion": "2015", "hasFoil": true, "hasNonFoil": true, "identifiers": {"mtgjsonV4Id": "abb02ede-34de-5901-ba00-201e62051cae", "scryfallId": "f34b2843-7df1-4947-b413-b6fce1a856ff", "scryfallOracleId": "66b895a0-92c8-4a6d-b001-8f39d99dfa1a"}, "isFunny": true, "isReprint": true, "language": "English", "layout": "double_faced_token", "name": "Base Race // Base Race (cont'd)", "number": "1", "otherFaceIds": ["a34362c5-5617-55ec-b262-123cd2981087"], "reverseRelated": [], "setCode": "MKHM", "side": "a", "subtypes": [], "supertypes": [], "text": "2 players | 3 packs | 10 minutes\nOBJECTIVE:\nCompetition among treasure hunters on Zendikar is fierce. Find your opponent's base camp before they find yours!\nGET READY:\nOpen three packs, give one basic land to each player, then remove any remaining land cards and any cards without Magic card backs. Shuffle the remaining cards together and deal 11 cards to each player.\nEach player then looks at their cards and arranges them face down in a 4x3 grid opposite their opponent. The completed play area should be 4x6 with no extra spaces. The first player to finish their grid goes first.\nLET'S PLAY:\nOn their turn, each player moves one of their cards one space either vertically or horizontally—not diagonally, and not onto a space occupied by another card they own.\nYou can use your turn to move a card safely onto an", "type": "Card", "types": ["Card"], "uuid": "f7a670cc-965f-5e55-b6cc-b385af5f8adc"}, {"availability": ["paper"], "borderColor": "black", "colorIdentity": [], "colors": [], "faceName": "Base Race (cont'd)", "finishes": ["nonfoil", "foil"], "frameVersion": "2015", "hasFoil": true, "hasNonFoil": true, "identifiers": {"mtgjsonV4Id": "c3dd5f09-f006-503a-a074-a5c9cc1378ea", "scryfallId": "f34b2843-7df1-4947-b413-b6fce1a856ff", "scryfallOracleId": "66b895a0-92c8-4a6d-b001-8f39d99dfa1a"}, "isFunny": true, "isReprint": true, "language": "English", "layout": "double_faced_token", "name": "Base Race // Base Race (cont'd)", "number": "1", "otherFaceIds": ["f7a670cc-965f-5e55-b6cc-b385af5f8adc"], "reverseRelated": [], "setCode": "MKHM", "side": "b", "subtypes": [], "supertypes": [], "text": "empty space. Moving a card onto a space occupied by an opponent's card starts a battle! Reveal both cards and do the following for each card type:\nIf both revealed cards are Creatures/Artifact Creatures, the card with the higher toughness wins and remains face up; the loser is discarded. If they tie, the attacker wins.\nLegendary Creatures/Planeswalkers always win against nonlegendary creatures. When they battle each other, the higher toughness or loyalty wins. If they tie, the attacker wins.\nIf either of the revealed cards is an Instant/Sorcery/Enchantment, discard both revealed cards. (Other effects still happen.)\nIf one of the revealed cards is an Artifact, the player who owns it discards it and takes an extra turn. If both revealed cards are Artifacts, only the attacker gets the extra turn.\nTO WIN:\nWhen a Land is revealed in battle, its owner loses the game. When one Land attacks another, the attacking land wins the game.", "type": "Card", "types": ["Card"], "uuid": "a34362c5-5617-55ec-b262-123cd2981087"}, {"availability": ["paper"], "borderColor": "black", "colorIdentity": [], "colors": [], "finishes": ["nonfoil", "foil"], "frameVersion": "2015", "hasFoil": true, "hasNonFoil": true, "identifiers": {"mtgjsonV4Id": "bf087d3e-be07-5d19-965e-d757e64e0484", "scryfallId": "15ed7d07-aae1-4f21-9e99-adb708a5f7fa", "scryfallOracleId": "3adebcc7-fc91-4593-96da-f24d2e44a6f5"}, "isFunny": true, "isReprint": true, "language": "English", "layout": "token", "name": "Booster Blitz", "number": "2", "reverseRelated": [], "setCode": "MKHM", "subtypes": [], "supertypes": [], "text": "2 players | 2 packs | 10 minutes\nOBJECTIVE:\nBest your opponent in a series of fast Magic games using only the cards in a single pack!\nGET READY:\nEach player opens a pack and makes four face-down piles of three cards each using the Magic cards inside. Players make their piles with the goal of winning a series of Magic games with these modified rules:\nPlayers start at 5 life, have infinite mana, and cannot lose by drawing from an empty library.\nLET'S PLAY:\nRandomly determine who goes first. Each player chooses which pile their opponent will use for each round. Then both players draw all three of their cards and play a game of Magic. When a player loses a game, they get to go first in the next game.\nTO WIN:\nThe first player to win two games wins the match.", "type": "Card", "types": ["Card"], "uuid": "ae584138-cfd8-5575-af85-0a7cf20d8cda"}, {"availability": ["paper"], "borderColor": "black", "colorIdentity": [], "colors": [], "faceName": "Booster Sleuth", "finishes": ["nonfoil", "foil"], "frameVersion": "2015", "hasFoil": true, "hasNonFoil": true, "identifiers": {"mtgjsonV4Id": "d8e25ca1-51fd-5452-85b3-68ffb8386e39", "scryfallId": "23b4a6d7-5492-4e5a-90c8-2c3bd8d5119a", "scryfallOracleId": "17df4eab-fd77-49bf-bad4-018516931b3e"}, "isFunny": true, "isReprint": true, "language": "English", "layout": "double_faced_token", "name": "Booster Sleuth // Booster Sleuth (cont'd)", "number": "3", "otherFaceIds": ["9f77a9b6-cab5-58f4-b45d-d4f655325e70"], "reverseRelated": [], "setCode": "MKHM", "side": "a", "subtypes": [], "supertypes": [], "text": "2 players | 2 packs | 10 minutes\nOBJECTIVE:\nUnlike Jace, not all of us can rely on telepathy to solve a mystery. Using other cards as clues, discover all the facts about your opponent's mystery card.\nGET READY:\nRandomly determine who goes first—that player is the Secretkeeper, and their opponent is the Detective. First, the Secretkeeper opens a pack and removes any lands and cards without Magic card backs. Next, they shuffle the remaining cards and pick one at random. That card is the mystery card. Finally, the Secretkeeper gives the Detective the rest of the cards, and the game begins.\nLET'S PLAY:\nThe Detective must correctly guess four facts", "type": "Card", "types": ["Card"], "uuid": "2a9b4f5f-134f-5edf-af72-bea0c1c14bdf"}, {"availability": ["paper"], "borderColor": "black", "colorIdentity": [], "colors": [], "faceName": "Booster Sleuth (cont'd)", "finishes": ["nonfoil", "foil"], "frameVersion": "2015", "hasFoil": true, "hasNonFoil": true, "identifiers": {"mtgjsonV4Id": "a965fdf5-bed5-57da-9706-c80e9b7bc8ea", "scryfallId": "23b4a6d7-5492-4e5a-90c8-2c3bd8d5119a", "scryfallOracleId": "17df4eab-fd77-49bf-bad4-018516931b3e"}, "isFunny": true, "isReprint": true, "language": "English", "layout": "double_faced_token", "name": "Booster Sleuth // Booster Sleuth (cont'd)", "number": "3", "otherFaceIds": ["2a9b4f5f-134f-5edf-af72-bea0c1c14bdf"], "reverseRelated": [], "setCode": "MKHM", "side": "b", "subtypes": [], "supertypes": [], "text": "about the mystery card: converted mana cost, color, card type, and the number of words in its name. To do this, they choose and reveal cards one at a time.\nWhen each card is revealed, the Secretkeeper tells the Detective how many of the four facts that card and the mystery card have in common. Then the Detective may either guess the four facts or reveal another card to get more clues.\nThe Detective gets only one guess, and they must guess all four facts correctly to win. Once the Detective has guessed, the round ends and the players switch roles with a new pack.\nTO WIN:\nDiscover all four facts using as few cards as possible. The Detective who guesses correctly using the fewest clue cards wins! If neither player guessed correctly, or if there is a tie, play another round!", "type": "Card", "types": ["Card"], "uuid": "9f77a9b6-cab5-58f4-b45d-d4f655325e70"}, {"availability": ["paper"], "borderColor": "black", "colorIdentity": [], "colors": [], "faceName": "Careful Study (minigame)", "finishes": ["nonfoil", "foil"], "frameVersion": "2015", "hasFoil": true, "hasNonFoil": true, "identifiers": {"mtgjsonV4Id": "16063dc5-0eda-5c61-b953-b3d4445afd1b", "scryfallId": "6676e2f8-7625-4c0e-bfed-bed36fb8440c", "scryfallOracleId": "9e00a6ff-4e73-4cc3-9519-bb9c12ada247"}, "isFunny": true, "language": "English", "layout": "double_faced_token", "name": "Careful Study (minigame) // Careful Study (cont'd)", "number": "4", "otherFaceIds": ["53b42b8f-be93-5623-bf17-bc64b82276f4"], "reverseRelated": [], "setCode": "MKHM", "side": "a", "subtypes": [], "supertypes": [], "text": "2-6 players | 1 pack | 5 minutes\nOBJECTIVE:\nTake turns memorizing _Magic_ cards and trying to stump your opponent with questions!\nGET READY:\nSplit up into two teams of one or more players. Randomly determine which team goes first, and then open a pack and remove any remaining land cards and any cards without _Magic_ card backs. Each team then picks a card and puts it face down on the table without looking at it.\nLET'S PLAY:\nOn your turn, your team has 30 seconds to examine your card before handing it over to the opposing team. Then they ask your team five questions about your card. Once you've answered them all, note your score. Now it's your team's turn to ask the questions! Questions can be about anything on the card.", "type": "Card", "types": ["Card"], "uuid": "f6166005-9570-5352-a6e0-ac5dee038f3c"}, {"availability": ["paper"], "borderColor": "black", "colorIdentity": [], "colors": [], "faceName": "Careful Study (cont'd)", "finishes": ["nonfoil", "foil"], "frameVersion": "2015", "hasFoil": true, "hasNonFoil": true, "identifiers": {"mtgjsonV4Id": "3895db64-b149-514d-830d-d8686463de92", "scryfallId": "6676e2f8-7625-4c0e-bfed-bed36fb8440c", "scryfallOracleId": "9e00a6ff-4e73-4cc3-9519-bb9c12ada247"}, "isFunny": true, "language": "English", "layout": "double_faced_token", "name": "Careful Study (minigame) // Careful Study (cont'd)", "number": "4", "otherFaceIds": ["f6166005-9570-5352-a6e0-ac5dee038f3c"], "reverseRelated": [], "setCode": "MKHM", "side": "b", "subtypes": [], "supertypes": [], "text": "For example:\nWhat's the creature's power?\nWhat's the mana cost?\nWho's quoted in the flavor text?\nWhat's the character in the art holding?\nIs the character's mouth open?\nWho's the artist?\nWhat's the collector number?\nWhat mechanics are mentioned in the card text?\nWhat's the rarity?\nCan you see the sun or moon in the art?\nDon't ask any questions you can't accurately answer (e.g. how many blades of grass are in the art?).\nTO WIN:\nThe team who gets the most questions right wins! If there is a tie, play another round with new cards.", "type": "Card", "types": ["Card"], "uuid": "53b42b8f-be93-5623-bf17-bc64b82276f4"}, {"availability": ["paper"], "borderColor": "black", "colorIdentity": [], "colors": [], "faceName": "Strictly Better", "finishes": ["nonfoil", "foil"], "frameVersion": "2015", "hasFoil": true, "hasNonFoil": true, "identifiers": {"mtgjsonV4Id": "a16f8d86-3bc8-5a10-ab30-b793294f17ed", "scryfallId": "76847d00-62af-4629-be47-cb208b8cb5a4", "scryfallOracleId": "b55f8716-b1b5-4c55-a425-abd0a10d892c"}, "isFunny": true, "isReprint": true, "language": "English", "layout": "double_faced_token", "name": "Strictly Better // Strictly Better (cont'd)", "number": "5", "otherFaceIds": ["082e0acc-73a8-5688-bad0-cb9524aaabc9"], "reverseRelated": [], "setCode": "MKHM", "side": "a", "subtypes": [], "supertypes": [], "text": "3-6 players | 3-6 packs | 15 minutes\nOBJECTIVE:\nSome cards are strong in Standard, others shine in Draft, but which card looks the tastiest? Take turns being the Judge and decide which Magic card is the best of the best in each wacky category.\nGET READY:\nRandomly determine who will be the first Judge. Each player then opens a pack, removes any cards without Magic backs, and looks at their cards.\nLET'S PLAY:\nThe Judge chooses a category from the list on the back of this card (either their favorite or at random). The other players each secretly submit a card from their pack that they think fits the category.\nWhen the Judge has collected all the cards, they reveal each card, read it aloud, then choose the winner.\nThe Judge role then passes to the next player, and they select a different category.", "type": "Card", "types": ["Card"], "uuid": "52ede63b-9283-518b-83fa-8fe1653657cd"}, {"availability": ["paper"], "borderColor": "black", "colorIdentity": [], "colors": [], "faceName": "Strictly Better (cont'd)", "finishes": ["nonfoil", "foil"], "frameVersion": "2015", "hasFoil": true, "hasNonFoil": true, "identifiers": {"mtgjsonV4Id": "c626dc2e-9775-5999-b840-daf2697cc683", "scryfallId": "76847d00-62af-4629-be47-cb208b8cb5a4", "scryfallOracleId": "b55f8716-b1b5-4c55-a425-abd0a10d892c"}, "isFunny": true, "isReprint": true, "language": "English", "layout": "double_faced_token", "name": "Strictly Better // Strictly Better (cont'd)", "number": "5", "otherFaceIds": ["52ede63b-9283-518b-83fa-8fe1653657cd"], "reverseRelated": [], "setCode": "MKHM", "side": "b", "subtypes": [], "supertypes": [], "text": "TO WIN:\nThe first player to win three categories is the winner!\nCATEGORIES:\n1. Best vacation spot\n2. First pick in Draft\n3. Grossest\n4. Cutest\n5. Shiniest\n6. Best rock band name\n7. Most likely to eat a hedron\n8. Best party leader\n9. Most inept\n10. Coolest treasure\n11. Most heroic\n12. Most likely to split the party\n13. Loudest\n14. The next Planeswalker\n15. The next fad diet\n16. Best mystery novel title\n17. Best birthday gift\n18. Best win condition\n19. Worst weather\n20. Worst way to die\n21. Best flavor text\n22. Best dinner date\n23. Most likely to steal your date\n24. Best dressed\n25. Tastiest\n26. Hottest\n27. Biggest\n28. Smallest\n29. Most dangerous job\n30. Dream job\n31. Most colorful\n32. Colossal Dreadmaw's dinner\n33. Last picked in dodgeball\n34. Best pet", "type": "Card", "types": ["Card"], "uuid": "082e0acc-73a8-5688-bad0-cb9524aaabc9"}], "totalSetSize": 0, "translations": {}, "type": "funny"}}