{"meta": {"date": "2022-05-26", "version": "5.2.0+20220526"}, "data": {"baseSetSize": 5, "cards": [], "code": "MSTX", "isFoilOnly": false, "isOnlineOnly": false, "keyruneCode": "STX", "name": "Strixhaven: School of Mages Minigames", "parentCode": "STX", "releaseDate": "2021-04-23", "tokens": [{"availability": ["paper"], "borderColor": "black", "colorIdentity": [], "colors": [], "faceName": "Strictly Better", "finishes": ["nonfoil", "foil"], "frameVersion": "2015", "hasFoil": true, "hasNonFoil": true, "identifiers": {"mtgjsonV4Id": "399d617b-25e1-5382-8fc9-8dbcdfff936c", "scryfallId": "decb49d9-470a-4043-a8f1-ceeb4d7df521", "scryfallOracleId": "b55f8716-b1b5-4c55-a425-abd0a10d892c"}, "isFunny": true, "isReprint": true, "language": "English", "layout": "double_faced_token", "name": "Strictly Better // Strictly Better (cont'd)", "number": "1", "otherFaceIds": ["02194021-6bba-537e-a018-f6335eeb6355"], "reverseRelated": [], "setCode": "MSTX", "side": "a", "subtypes": [], "supertypes": [], "text": "3-6 players | 3-6 packs | 15 minutes\nOBJECTIVE:\nSome cards are strong in Standard, others shine in Draft, but which card looks the tastiest? Take turns being the Judge and decide which Magic card is the best of the best in each wacky category.\nGET READY:\nRandomly determine who will be the first Judge. Each player then opens a pack, removes any cards without Magic backs, and looks at their cards.\nLET'S PLAY:\nThe Judge chooses a category from the list on the back of this card (either their favorite or at random). The other players each secretly submit a card from their pack that they think fits the category.\nWhen the Judge has collected all the cards, they reveal each card, read it aloud, then choose the winner.\nThe Judge role then passes to the next player, and they select a different category.", "type": "Card", "types": ["Card"], "uuid": "e14c7167-2ec4-5c36-b2fc-5f75276df953"}, {"availability": ["paper"], "borderColor": "black", "colorIdentity": [], "colors": [], "faceName": "Strictly Better (cont'd)", "finishes": ["nonfoil", "foil"], "frameVersion": "2015", "hasFoil": true, "hasNonFoil": true, "identifiers": {"mtgjsonV4Id": "9e4b4781-c35c-5fe8-a687-30599cc3427d", "scryfallId": "decb49d9-470a-4043-a8f1-ceeb4d7df521", "scryfallOracleId": "b55f8716-b1b5-4c55-a425-abd0a10d892c"}, "isFunny": true, "isReprint": true, "language": "English", "layout": "double_faced_token", "name": "Strictly Better // Strictly Better (cont'd)", "number": "1", "otherFaceIds": ["e14c7167-2ec4-5c36-b2fc-5f75276df953"], "reverseRelated": [], "setCode": "MSTX", "side": "b", "subtypes": [], "supertypes": [], "text": "TO WIN:\nThe first player to win three categories is the winner!\nCATEGORIES:\n1. Best vacation spot\n2. First pick in Draft\n3. Grossest\n4. Cutest\n5. Shiniest\n6. Best rock band name\n7. Most likely to eat a hedron\n8. Best party leader\n9. Most inept\n10. Coolest treasure\n11. Most heroic\n12. Most likely to split the party\n13. Loudest\n14. The next Planeswalker\n15. The next fad diet\n16. Best mystery novel title\n17. Best birthday gift\n18. Best win condition\n19. Worst weather\n20. Worst way to die\n21. Best flavor text\n22. Best dinner date\n23. Most likely to steal your date\n24. Best dressed\n25. Tastiest\n26. Hottest\n27. Biggest\n28. Smallest\n29. Most dangerous job\n30. Dream job\n31. Most colorful\n32. Colossal Dreadmaw's dinner\n33. Last picked in dodgeball\n34. Best pet", "type": "Card", "types": ["Card"], "uuid": "02194021-6bba-537e-a018-f6335eeb6355"}, {"availability": ["paper"], "borderColor": "black", "colorIdentity": [], "colors": [], "faceName": "Booster Sleuth", "finishes": ["nonfoil", "foil"], "frameVersion": "2015", "hasFoil": true, "hasNonFoil": true, "identifiers": {"mtgjsonV4Id": "864a9c67-b9d6-5277-afb6-954f51fa7464", "scryfallId": "accb3959-e508-45f4-9698-a633557bfb81", "scryfallOracleId": "17df4eab-fd77-49bf-bad4-018516931b3e"}, "isFunny": true, "isReprint": true, "language": "English", "layout": "double_faced_token", "name": "Booster Sleuth // Booster Sleuth (cont'd)", "number": "2", "otherFaceIds": ["1bc8d013-4da8-570e-b136-32f978ffd0d3"], "reverseRelated": [], "setCode": "MSTX", "side": "a", "subtypes": [], "supertypes": [], "text": "2 players | 2 packs | 10 minutes\nOBJECTIVE:\nUnlike Jace, not all of us can rely on telepathy to solve a mystery. Using other cards as clues, discover all the facts about your opponent's mystery card.\nGET READY:\nRandomly determine who goes first—that player is the Secretkeeper, and their opponent is the Detective. First, the Secretkeeper opens a pack and removes any lands and cards without Magic card backs. Next, they shuffle the remaining cards and pick one at random. That card is the mystery card. Finally, the Secretkeeper gives the Detective the rest of the cards, and the game begins.\nLET'S PLAY:\nThe Detective must correctly guess four facts", "type": "Card", "types": ["Card"], "uuid": "16e6a69e-b045-53d9-bfa0-928f1c497573"}, {"availability": ["paper"], "borderColor": "black", "colorIdentity": [], "colors": [], "faceName": "Booster Sleuth (cont'd)", "finishes": ["nonfoil", "foil"], "frameVersion": "2015", "hasFoil": true, "hasNonFoil": true, "identifiers": {"mtgjsonV4Id": "42112fee-5aa1-58da-965a-939fc5880ac7", "scryfallId": "accb3959-e508-45f4-9698-a633557bfb81", "scryfallOracleId": "17df4eab-fd77-49bf-bad4-018516931b3e"}, "isFunny": true, "isReprint": true, "language": "English", "layout": "double_faced_token", "name": "Booster Sleuth // Booster Sleuth (cont'd)", "number": "2", "otherFaceIds": ["16e6a69e-b045-53d9-bfa0-928f1c497573"], "reverseRelated": [], "setCode": "MSTX", "side": "b", "subtypes": [], "supertypes": [], "text": "about the mystery card: converted mana cost, color, card type, and the number of words in its name. To do this, they choose and reveal cards one at a time.\nWhen each card is revealed, the Secretkeeper tells the Detective how many of the four facts that card and the mystery card have in common. Then the Detective may either guess the four facts or reveal another card to get more clues.\nThe Detective gets only one guess, and they must guess all four facts correctly to win. Once the Detective has guessed, the round ends and the players switch roles with a new pack.\nTO WIN:\nDiscover all four facts using as few cards as possible. The Detective who guesses correctly using the fewest clue cards wins! If neither player guessed correctly, or if there is a tie, play another round!", "type": "Card", "types": ["Card"], "uuid": "1bc8d013-4da8-570e-b136-32f978ffd0d3"}, {"availability": ["paper"], "borderColor": "black", "colorIdentity": [], "colors": [], "faceName": "Careful Study (minigame)", "finishes": ["nonfoil", "foil"], "frameVersion": "2015", "hasFoil": true, "hasNonFoil": true, "identifiers": {"mtgjsonV4Id": "43a1eb93-fd33-51fc-9c9e-903c0bbd7e4f", "scryfallId": "f84993cc-2e5e-449b-bbba-8c1b8ca26b40", "scryfallOracleId": "9e00a6ff-4e73-4cc3-9519-bb9c12ada247"}, "isFunny": true, "isReprint": true, "language": "English", "layout": "double_faced_token", "name": "Careful Study (minigame) // Careful Study (cont'd)", "number": "3", "otherFaceIds": ["bdb5df56-e477-5b21-84ac-a0b155a130b4"], "reverseRelated": [], "setCode": "MSTX", "side": "a", "subtypes": [], "supertypes": [], "text": "2-6 players | 1 pack | 5 minutes\nOBJECTIVE:\nTake turns memorizing _Magic_ cards and trying to stump your opponent with questions!\nGET READY:\nSplit up into two teams of one or more players. Randomly determine which team goes first, and then open a pack and remove any remaining land cards and any cards without _Magic_ card backs. Each team then picks a card and puts it face down on the table without looking at it.\nLET'S PLAY:\nOn your turn, your team has 30 seconds to examine your card before handing it over to the opposing team. Then they ask your team five questions about your card. Once you've answered them all, note your score. Now it's your team's turn to ask the questions! Questions can be about anything on the card.", "type": "Card", "types": ["Card"], "uuid": "61f95a0d-d726-50d2-9991-151e70cc6202"}, {"availability": ["paper"], "borderColor": "black", "colorIdentity": [], "colors": [], "faceName": "Careful Study (cont'd)", "finishes": ["nonfoil", "foil"], "frameVersion": "2015", "hasFoil": true, "hasNonFoil": true, "identifiers": {"mtgjsonV4Id": "386e66ce-a45b-532e-be19-f177357342fa", "scryfallId": "f84993cc-2e5e-449b-bbba-8c1b8ca26b40", "scryfallOracleId": "9e00a6ff-4e73-4cc3-9519-bb9c12ada247"}, "isFunny": true, "isReprint": true, "language": "English", "layout": "double_faced_token", "name": "Careful Study (minigame) // Careful Study (cont'd)", "number": "3", "otherFaceIds": ["61f95a0d-d726-50d2-9991-151e70cc6202"], "reverseRelated": [], "setCode": "MSTX", "side": "b", "subtypes": [], "supertypes": [], "text": "For example:\nWhat's the creature's power?\nWhat's the mana cost?\nWho's quoted in the flavor text?\nWhat's the character in the art holding?\nIs the character's mouth open?\nWho's the artist?\nWhat's the collector number?\nWhat mechanics are mentioned in the card text?\nWhat's the rarity?\nCan you see the sun or moon in the art?\nDon't ask any questions you can't accurately answer (e.g. how many blades of grass are in the art?).\nTO WIN:\nThe team who gets the most questions right wins! If there is a tie, play another round with new cards.", "type": "Card", "types": ["Card"], "uuid": "bdb5df56-e477-5b21-84ac-a0b155a130b4"}, {"availability": ["paper"], "borderColor": "black", "colorIdentity": [], "colors": [], "faceName": "Winchester Draft", "finishes": ["nonfoil", "foil"], "frameVersion": "2015", "hasFoil": true, "hasNonFoil": true, "identifiers": {"mtgjsonV4Id": "b42fed60-a435-5f09-9304-b8ddc1faf65c", "scryfallId": "7dfd94a0-57d3-4f44-a8b3-05e80046afe9", "scryfallOracleId": "6b08f005-9c1e-48df-be9c-61bf52d7c51e"}, "isFunny": true, "language": "English", "layout": "double_faced_token", "name": "Winchester Draft // Winchester Draft (cont'd)", "number": "4", "otherFaceIds": ["629061ba-9fca-5b2f-8fcd-7fbb30d57e43"], "reverseRelated": [], "setCode": "MSTX", "side": "a", "subtypes": [], "supertypes": [], "text": "2 players | 6 packs | 30 min | Basic Lands\nOBJECTIVE:\nGrab a friend and play some _Magic_ in this quick, casual 2-player Draft format.\nGET READY:\nOpen six packs, remove all basic lands, ads, and tokens, and then shuffle the remaining cards together into a *stack* without looking at them. Place the stack face down, and then take the top four cards of the stack and place each one face up to create the beginnings of *four separate piles.*\nRandomly determine who drafts first. The first player to draft chooses one of the four piles and adds it to their draft pool. Place a new card from the stack onto each pile, including the empty spot. Then it is the next player's turn to draft. They also draft an entire pile and", "type": "Card", "types": ["Card"], "uuid": "c0008889-8ce6-5c29-aeec-a58259d3240d"}, {"availability": ["paper"], "borderColor": "black", "colorIdentity": [], "colors": [], "faceName": "Winchester Draft (cont'd)", "finishes": ["nonfoil", "foil"], "frameVersion": "2015", "hasFoil": true, "hasNonFoil": true, "identifiers": {"mtgjsonV4Id": "ef0901ee-b3c5-5d33-8326-e7bcbb8f4d46", "scryfallId": "7dfd94a0-57d3-4f44-a8b3-05e80046afe9", "scryfallOracleId": "6b08f005-9c1e-48df-be9c-61bf52d7c51e"}, "isFunny": true, "language": "English", "layout": "double_faced_token", "name": "Winchester Draft // Winchester Draft (cont'd)", "number": "4", "otherFaceIds": ["c0008889-8ce6-5c29-aeec-a58259d3240d"], "reverseRelated": [], "setCode": "MSTX", "side": "b", "subtypes": [], "supertypes": [], "text": "then add a new card to each pile.\nTake turns until all the cards have been drafted.\nWhen drafting is done, each player builds a 40-card deck from their draft pool, including additional basic lands added as necessary.\nLET'S PLAY:\nRandomly determine who goes first, then play a game of _Magic_!\nPlay a best-of-three match. Each player may sideboard using the rest of their drafted cards between games.\nTO WIN: The player who wins the best-of-three wins!", "type": "Card", "types": ["Card"], "uuid": "629061ba-9fca-5b2f-8fcd-7fbb30d57e43"}, {"availability": ["paper"], "borderColor": "black", "colorIdentity": [], "colors": [], "faceName": "Dominarioes", "finishes": ["nonfoil", "foil"], "frameVersion": "2015", "hasFoil": true, "hasNonFoil": true, "identifiers": {"mtgjsonV4Id": "465a7045-968a-5f73-bcae-ddddceeefb2c", "scryfallId": "0508086d-d80f-4793-b50c-dacf6a2630e0", "scryfallOracleId": "46ef7e80-5e67-4e13-a145-afca70eec64b"}, "isFunny": true, "language": "English", "layout": "double_faced_token", "name": "Dominarioes // Dominarioes (cont'd)", "number": "5", "otherFaceIds": ["40de3f6d-3466-5ee5-888d-c755a3b351e4"], "reverseRelated": [], "setCode": "MSTX", "side": "a", "subtypes": [], "supertypes": [], "text": "1 player | 1 pack | 5 minutes\nOBJECTIVE:\nIn ancient Dominaria, Urza and Serra would play *Dominarioes* to pass the time. Connect all cards in the *most condensed way possible.*\nGET READY:\nOpen a pack, remove all basic lands, ads, and tokens.\nLET'S PLAY:\nPlace a card face up to start the game. That card is now in play. Continue to place cards that connect to another card in play (see diagram on the back of this card).\nTO WIN:\nThe game ends when all cards that can be connected have been placed. Determine how many cards long and wide the board is, then add whichever number is higher to the number of unplaced cards to get your rank. 5 or lower is Planeswalker (the best!), 6 is Wizard, and 7+ is Goblin!", "type": "Card", "types": ["Card"], "uuid": "11bf40d6-bfec-529f-bb45-06eae9c7aab0"}, {"availability": ["paper"], "borderColor": "black", "colorIdentity": [], "colors": [], "faceName": "Dominarioes (cont'd)", "finishes": ["nonfoil", "foil"], "frameVersion": "2015", "hasFoil": true, "hasNonFoil": true, "identifiers": {"mtgjsonV4Id": "3e6c3c68-e1d8-591e-af6c-ac57e0d0a777", "scryfallId": "0508086d-d80f-4793-b50c-dacf6a2630e0", "scryfallOracleId": "46ef7e80-5e67-4e13-a145-afca70eec64b"}, "isFunny": true, "language": "English", "layout": "double_faced_token", "name": "Dominarioes // Dominarioes (cont'd)", "number": "5", "otherFaceIds": ["11bf40d6-bfec-529f-bb45-06eae9c7aab0"], "reverseRelated": [], "setCode": "MSTX", "side": "b", "subtypes": [], "supertypes": [], "text": "Cards connect as follows:\nTOPS TO TOPS\nMatch the starting letter of any word in the name.\nRIGHTS TO RIGHTS\nMatch mana value (formerly CMC).\nLEFTS TO LEFTS\nMatch a card type.\nBOTTOMS TO BOTTOMS:\nMatch color.\nNote: matching lefts or rights will require rotating the card being placed 180°.", "type": "Card", "types": ["Card"], "uuid": "40de3f6d-3466-5ee5-888d-c755a3b351e4"}], "totalSetSize": 0, "translations": {}, "type": "funny"}}