{"meta": {"date": "2022-05-26", "version": "5.2.0+20220526"}, "data": {"baseSetSize": 14, "cards": [{"artist": "Denman Rooke", "availability": ["arena"], "borderColor": "black", "colorIdentity": ["W"], "colors": ["W"], "convertedManaCost": 5.0, "finishes": ["nonfoil"], "foreignData": [], "frameVersion": "2015", "hasFoil": false, "hasNonFoil": true, "identifiers": {"mtgArenaId": "69108", "mtgjsonV4Id": "cf39e7ce-e365-5787-85b6-054bc924eb6f", "scryfallId": "1ac43a3e-962a-4391-8fcb-6b1575cf7893", "scryfallIllustrationId": "ea826afb-c45f-4d2c-b9f3-2a8bb4ccf14b", "scryfallOracleId": "699380f9-a032-4838-baf1-1575f37eb642"}, "isOnlineOnly": true, "isStarter": true, "keywords": ["Enchant"], "language": "English", "layout": "normal", "legalities": {"alchemy": "Legal", "gladiator": "Legal", "historic": "Legal", "historicbrawl": "Legal"}, "manaCost": "{3}{W}{W}", "manaValue": 5.0, "name": "Angelic Reward", "number": "1", "printings": ["ANB", "OANA"], "purchaseUrls": {}, "rarity": "uncommon", "rulings": [], "setCode": "OANA", "subtypes": ["Aura"], "supertypes": [], "text": "Enchant creature\nEnchanted creature gets +3/+3 and has flying.", "type": "Enchantment — Aura", "types": ["Enchantment"], "uuid": "2b2498db-1b67-5962-b638-ced3a94df79f"}, {"artist": "J.P. Targete", "availability": ["arena"], "borderColor": "black", "colorIdentity": ["W"], "colors": ["W"], "convertedManaCost": 5.0, "finishes": ["nonfoil"], "foreignData": [], "frameVersion": "2015", "hasFoil": false, "hasNonFoil": true, "identifiers": {"mtgArenaId": "68786", "mtgjsonV4Id": "c56a8223-eb71-5873-bf81-a2cd38fd5742", "scryfallId": "fac0659e-1473-4307-83c7-ffc2a815ce28", "scryfallIllustrationId": "344e26de-71c3-4f7b-b157-3656aadac573", "scryfallOracleId": "beb3f812-da58-4f03-915b-dc473cd01554"}, "isOnlineOnly": true, "isStarter": true, "language": "English", "layout": "normal", "legalities": {"alchemy": "Legal", "gladiator": "Legal", "historic": "Legal", "historicbrawl": "Legal"}, "manaCost": "{4}{W}", "manaValue": 5.0, "name": "Confront the Assault", "number": "3", "printings": ["ANB", "OANA"], "purchaseUrls": {}, "rarity": "uncommon", "rulings": [], "setCode": "OANA", "subtypes": [], "supertypes": [], "text": "Cast this spell only if a creature is attacking you.\nCreate three 1/1 white Spirit creature tokens with flying.", "type": "Instant", "types": ["Instant"], "uuid": "01180553-4ae6-54d3-bd31-30bc1ae2c7be"}, {"artist": "Antonio José Manzanedo", "availability": ["arena"], "borderColor": "black", "colorIdentity": ["W"], "colors": ["W"], "convertedManaCost": 6.0, "finishes": ["nonfoil"], "foreignData": [], "frameVersion": "2015", "hasFoil": false, "hasNonFoil": true, "identifiers": {"mtgArenaId": "69110", "mtgjsonV4Id": "9c49551a-371c-56fb-a622-869c81fd10c0", "scryfallId": "6f88ad29-5398-468f-843d-06ec80a9ec9a", "scryfallIllustrationId": "0349e26a-848b-4739-987c-22cd66de8538", "scryfallOracleId": "b26b1d22-3882-4aa9-b86b-f3748a6c9a25"}, "isOnlineOnly": true, "isStarter": true, "language": "English", "layout": "normal", "legalities": {"alchemy": "Legal", "gladiator": "Legal", "historic": "Legal", "historicbrawl": "Legal"}, "manaCost": "{4}{W}{W}", "manaValue": 6.0, "name": "Inspiring Commander", "number": "4", "power": "1", "printings": ["ANB", "OANA"], "purchaseUrls": {}, "rarity": "rare", "rulings": [], "securityStamp": "oval", "setCode": "OANA", "subtypes": ["Human", "Soldier"], "supertypes": [], "text": "Whenever another creature with power 2 or less enters the battlefield under your control, you gain 1 life and draw a card.", "toughness": "4", "type": "Creature — Human Soldier", "types": ["Creature"], "uuid": "010398f4-5f07-58d0-a5fe-dbe8c70f95ef"}, {"artist": "Magali Villeneuve", "availability": ["arena"], "borderColor": "black", "colorIdentity": ["W"], "colors": ["W"], "convertedManaCost": 2.0, "edhrecRank": 14534, "finishes": ["nonfoil"], "foreignData": [], "frameVersion": "2015", "hasFoil": false, "hasNonFoil": true, "identifiers": {"mtgArenaId": "68788", "mtgjsonV4Id": "90085b7c-c67e-5c4f-9356-a2a58e4a59c4", "scryfallId": "4e786d0e-d6bf-4c6b-b989-28ca1ed53e2e", "scryfallIllustrationId": "a3bb3090-85ac-4c68-a9ca-def8954a21ac", "scryfallOracleId": "63604320-68de-415e-b1f9-dd0f85c5d8a3"}, "isOnlineOnly": true, "isReprint": true, "isStarter": true, "keywords": ["Enchant"], "language": "English", "layout": "normal", "legalities": {"alchemy": "Legal", "commander": "Legal", "duel": "Legal", "explorer": "Legal", "gladiator": "Legal", "historic": "Legal", "historicbrawl": "Legal", "legacy": "Legal", "modern": "Legal", "pauper": "Legal", "paupercommander": "Legal", "penny": "Legal", "pioneer": "Legal", "vintage": "Legal"}, "manaCost": "{1}{W}", "manaValue": 2.0, "name": "Knight's Pledge", "number": "5", "printings": ["ANB", "M19", "OANA"], "purchaseUrls": {}, "rarity": "common", "rulings": [], "setCode": "OANA", "subtypes": ["Aura"], "supertypes": [], "text": "Enchant creature\nEnchanted creature gets +2/+2.", "type": "Enchantment — Aura", "types": ["Enchantment"], "uuid": "131daa2f-4da6-572f-8206-0a8c906e4d63"}, {"artist": "David Palumbo", "availability": ["arena"], "borderColor": "black", "colorIdentity": ["W"], "colors": ["W"], "convertedManaCost": 1.0, "edhrecRank": 16096, "finishes": ["nonfoil"], "foreignData": [], "frameVersion": "2015", "hasFoil": false, "hasNonFoil": true, "identifiers": {"mtgArenaId": "68804", "mtgjsonV4Id": "88dd2d2a-015b-55b7-b004-e74a150dffe6", "scryfallId": "af79c8fb-9189-48c2-a7b8-a1097dbaf138", "scryfallIllustrationId": "4316e1dc-0bba-4b54-ad99-c9e9b8edaee4", "scryfallOracleId": "c623bc4b-7fc1-4bc1-84e9-71c301dd402f"}, "isOnlineOnly": true, "isReprint": true, "isStarter": true, "language": "English", "layout": "normal", "legalities": {"alchemy": "Legal", "commander": "Legal", "duel": "Legal", "gladiator": "Legal", "historic": "Legal", "historicbrawl": "Legal", "legacy": "Legal", "modern": "Legal", "pauper": "Legal", "paupercommander": "Legal", "penny": "Legal", "vintage": "Legal"}, "manaCost": "{W}", "manaValue": 1.0, "name": "Sanctuary Cat", "number": "8", "power": "1", "printings": ["ANB", "DKA", "OANA"], "purchaseUrls": {}, "rarity": "common", "rulings": [], "setCode": "OANA", "subtypes": ["Cat"], "supertypes": [], "toughness": "2", "type": "Creature — Cat", "types": ["Creature"], "uuid": "30d6e0ec-08a1-559d-90cf-a3dad0f58acc"}, {"artist": "Donato Giancola", "availability": ["arena"], "borderColor": "black", "colorIdentity": ["W"], "colors": ["W"], "convertedManaCost": 5.0, "edhrecRank": 7820, "finishes": ["nonfoil"], "foreignData": [], "frameVersion": "2015", "hasFoil": false, "hasNonFoil": true, "identifiers": {"mtgArenaId": "68793", "mtgjsonV4Id": "67d5c7c3-39f1-50c2-92fb-d34b9a8bf3ac", "scryfallId": "d31d1f59-c420-4eb2-808d-f5c0e03e3919", "scryfallIllustrationId": "7aa16de3-4ff9-4ed9-9d62-62c140599508", "scryfallOracleId": "4b7ac066-e5c7-43e6-9e7e-2739b24a905d"}, "isOnlineOnly": true, "isReprint": true, "isStarter": true, "keywords": ["Flying", "Vigilance"], "language": "English", "layout": "normal", "legalities": {"alchemy": "Legal", "commander": "Legal", "duel": "Legal", "explorer": "Legal", "gladiator": "Legal", "historic": "Legal", "historicbrawl": "Legal", "legacy": "Legal", "modern": "Legal", "paupercommander": "Restricted", "penny": "Legal", "pioneer": "Legal", "premodern": "Legal", "vintage": "Legal"}, "manaCost": "{3}{W}{W}", "manaValue": 5.0, "name": "Serra Angel", "number": "9", "power": "4", "printings": ["10E", "2ED", "3ED", "4BB", "4ED", "7ED", "8ED", "9ED", "ANB", "ATH", "CED", "CEI", "CMA", "CMD", "DDC", "DOM", "DVD", "EMA", "FBB", "GNT", "IMA", "JMP", "LEA", "LEB", "M10", "M11", "M12", "M13", "M14", "M15", "ME4", "OANA", "ORI", "PDOM", "PRM", "PS11", "PTC", "PWOS", "SUM", "V15", "W16", "W17"], "purchaseUrls": {}, "rarity": "uncommon", "rulings": [], "setCode": "OANA", "subtypes": ["Angel"], "supertypes": [], "text": "Flying, vigilance", "toughness": "4", "type": "Creature — Angel", "types": ["Creature"], "uuid": "3ab09528-6288-5e2c-beeb-92d431f42d81"}, {"artist": "Craig J Spearing", "availability": ["arena"], "borderColor": "black", "colorIdentity": ["W"], "colors": ["W"], "convertedManaCost": 2.0, "finishes": ["nonfoil"], "foreignData": [], "frameVersion": "2015", "hasFoil": false, "hasNonFoil": true, "identifiers": {"mtgArenaId": "69111", "mtgjsonV4Id": "ffc3dcc3-d6c1-54eb-bcc7-efbd8933654c", "scryfallId": "74f04961-c42e-41fb-a770-62c7d3d2b83a", "scryfallIllustrationId": "4050b2f6-b013-47dc-b230-9573bea84d7b", "scryfallOracleId": "c3319f74-1771-4679-bdad-0ab4b34e9106"}, "isOnlineOnly": true, "isStarter": true, "language": "English", "layout": "normal", "legalities": {"alchemy": "Legal", "gladiator": "Legal", "historic": "Legal", "historicbrawl": "Legal"}, "manaCost": "{W}{W}", "manaValue": 2.0, "name": "Shrine Keeper", "number": "10", "power": "2", "printings": ["ANB", "OANA"], "purchaseUrls": {}, "rarity": "common", "rulings": [], "setCode": "OANA", "subtypes": ["Human", "Cleric"], "supertypes": [], "toughness": "2", "type": "Creature — Human Cleric", "types": ["Creature"], "uuid": "4c7a0b32-7d65-530b-9d22-ce9b3a47ec39"}, {"artist": "J.P. Targete", "availability": ["arena"], "borderColor": "black", "colorIdentity": ["W"], "colors": ["W"], "convertedManaCost": 5.0, "edhrecRank": 22196, "finishes": ["nonfoil"], "foreignData": [], "frameVersion": "2015", "hasFoil": false, "hasNonFoil": true, "identifiers": {"mtgArenaId": "68767", "mtgjsonV4Id": "ffb2ed37-e3fb-5f21-a0a5-76e83d1c7a2f", "scryfallId": "70cf515c-c4c8-4e20-b990-2d4ec9345177", "scryfallIllustrationId": "ffc1988f-0222-4260-8635-8dd1edd6ab6e", "scryfallOracleId": "d03860b4-c663-4230-9200-6b89fa849ae7"}, "isOnlineOnly": true, "isReprint": true, "isStarter": true, "language": "English", "layout": "normal", "legalities": {"alchemy": "Legal", "commander": "Legal", "duel": "Legal", "gladiator": "Legal", "historic": "Legal", "historicbrawl": "Legal", "legacy": "Legal", "paupercommander": "Legal", "vintage": "Legal"}, "manaCost": "{3}{W}{W}", "manaValue": 5.0, "name": "Spiritual Guardian", "number": "11", "power": "3", "printings": ["ANB", "OANA", "POR"], "purchaseUrls": {}, "rarity": "common", "rulings": [], "setCode": "OANA", "subtypes": ["Spirit"], "supertypes": [], "text": "When Spiritual Guardian enters the battlefield, you gain 4 life.", "toughness": "4", "type": "Creature — Spirit", "types": ["Creature"], "uuid": "b569d17d-82b1-58ca-a1c4-3f3fd0119ea1"}, {"artist": "Lie Setiawan", "availability": ["arena"], "borderColor": "black", "colorIdentity": ["W"], "colors": ["W"], "convertedManaCost": 1.0, "finishes": ["nonfoil"], "foreignData": [], "frameVersion": "2015", "hasFoil": false, "hasNonFoil": true, "identifiers": {"mtgArenaId": "68769", "mtgjsonV4Id": "1237c379-5c0a-58bd-8ccf-7ebd92dedae1", "scryfallId": "be47350e-7b58-490f-be37-22a945f319ab", "scryfallIllustrationId": "7f91c21e-1b48-49f7-bfc5-0ce6c1185732", "scryfallOracleId": "1e3f31cc-a295-4688-abd1-c7d543fe6f7a"}, "isOnlineOnly": true, "isStarter": true, "language": "English", "layout": "normal", "legalities": {"alchemy": "Legal", "gladiator": "Legal", "historic": "Legal", "historicbrawl": "Legal"}, "manaCost": "{W}", "manaValue": 1.0, "name": "Tactical Advantage", "number": "12", "printings": ["ANB", "OANA"], "purchaseUrls": {}, "rarity": "common", "rulings": [], "setCode": "OANA", "subtypes": [], "supertypes": [], "text": "Target blocking or blocked creature you control gets +2/+2 until end of turn.", "type": "Instant", "types": ["Instant"], "uuid": "1daec472-9db4-5fbf-957d-996d758eba70"}, {"artist": "Lie Setiawan", "availability": ["arena"], "borderColor": "black", "colorIdentity": ["U"], "colors": ["U"], "convertedManaCost": 1.0, "finishes": ["nonfoil"], "foreignData": [], "frameVersion": "2015", "hasFoil": false, "hasNonFoil": true, "identifiers": {"mtgArenaId": "69112", "mtgjsonV4Id": "4f416b25-9067-5987-9f8c-f994e6dc6be4", "scryfallId": "05c98408-7fe5-4aaf-ba47-38536b2982bf", "scryfallIllustrationId": "b3807aa6-3fe0-4a13-8728-4eb421419e96", "scryfallOracleId": "0a576352-ed10-4a54-b886-d664432277c2"}, "isOnlineOnly": true, "isStarter": true, "keywords": ["Enchant"], "language": "English", "layout": "normal", "legalities": {"alchemy": "Legal", "gladiator": "Legal", "historic": "Legal", "historicbrawl": "Legal"}, "manaCost": "{U}", "manaValue": 1.0, "name": "River's Favor", "number": "19", "printings": ["ANB", "OANA"], "purchaseUrls": {}, "rarity": "common", "rulings": [], "setCode": "OANA", "subtypes": ["Aura"], "supertypes": [], "text": "Enchant creature\nEnchanted creature gets +1/+1.", "type": "Enchantment — Aura", "types": ["Enchantment"], "uuid": "edde8ca2-a500-515d-8fd6-33bb71a13243"}, {"artist": "Antonio José Manzanedo", "availability": ["arena"], "borderColor": "black", "colorIdentity": ["U"], "colors": ["U"], "convertedManaCost": 1.0, "finishes": ["nonfoil"], "foreignData": [], "frameVersion": "2015", "hasFoil": false, "hasNonFoil": true, "identifiers": {"mtgArenaId": "68776", "mtgjsonV4Id": "ca490b5c-8226-534b-9a5d-e93c45587b6c", "scryfallId": "1bcec8de-c38a-4956-95e9-380177968017", "scryfallIllustrationId": "58206ca4-267f-4566-9ad1-3b5b637be17b", "scryfallOracleId": "22936eb4-8712-4ba7-94da-e124487acda8"}, "isOnlineOnly": true, "isStarter": true, "keywords": ["Flying"], "language": "English", "layout": "normal", "legalities": {"alchemy": "Legal", "gladiator": "Legal", "historic": "Legal", "historicbrawl": "Legal"}, "manaCost": "{U}", "manaValue": 1.0, "name": "Zephyr Gull", "number": "23", "power": "1", "printings": ["ANB", "OANA"], "purchaseUrls": {}, "rarity": "common", "rulings": [], "setCode": "OANA", "subtypes": ["Bird"], "supertypes": [], "text": "Flying", "toughness": "1", "type": "Creature — Bird", "types": ["Creature"], "uuid": "c1096681-8fd5-518e-9eb9-aa7402661d22"}, {"artist": "Jakub Kasper", "availability": ["arena"], "borderColor": "black", "colorIdentity": ["R"], "colors": ["R"], "convertedManaCost": 1.0, "edhrecRank": 11734, "finishes": ["nonfoil"], "foreignData": [], "frameVersion": "2015", "hasFoil": false, "hasNonFoil": true, "identifiers": {"mtgArenaId": "68784", "mtgjsonV4Id": "e192d981-1c4c-51f9-ba5e-0fe039ed251c", "scryfallId": "3480927c-10da-4817-9954-10aea2bc7100", "scryfallIllustrationId": "f470d448-7855-48b6-bce6-387cf23d734e", "scryfallOracleId": "30997b43-fc13-41d3-8064-1ccc2cb6fd2b"}, "isOnlineOnly": true, "isReprint": true, "isStarter": true, "keywords": ["Haste"], "language": "English", "layout": "normal", "legalities": {"alchemy": "Legal", "commander": "Legal", "duel": "Legal", "gladiator": "Legal", "historic": "Legal", "historicbrawl": "Legal", "legacy": "Legal", "modern": "Legal", "pauper": "Legal", "paupercommander": "Legal", "penny": "Legal", "premodern": "Legal", "vintage": "Legal"}, "manaCost": "{R}", "manaValue": 1.0, "name": "Raging Goblin", "number": "43", "power": "1", "printings": ["10E", "6ED", "7ED", "8ED", "9ED", "ANB", "ATH", "BRB", "BTD", "DD1", "EVG", "EXO", "M10", "OANA", "P02", "POR", "PSAL", "S99"], "purchaseUrls": {}, "rarity": "common", "rulings": [], "setCode": "OANA", "subtypes": ["Goblin", "Berserker"], "supertypes": [], "text": "Haste (This creature can attack and {T} as soon as it comes under your control.)", "toughness": "1", "type": "Creature — Goblin Berserker", "types": ["Creature"], "uuid": "4dd9bd59-12bb-5994-8bbb-70509e48fe0b"}, {"artist": "Jonathan Kuo", "availability": ["arena"], "borderColor": "black", "colorIdentity": ["G"], "colors": ["G"], "convertedManaCost": 2.0, "finishes": ["nonfoil"], "foreignData": [], "frameVersion": "2015", "hasFoil": false, "hasNonFoil": true, "identifiers": {"mtgArenaId": "68771", "mtgjsonV4Id": "9c18328e-5562-5641-ba6c-e58344a9018e", "scryfallId": "ae085c66-9235-4636-a86f-fca7e6ed7c62", "scryfallIllustrationId": "85f1a8ac-74c4-4f3d-ba48-390594f49016", "scryfallOracleId": "f3c413ca-835b-4fb2-b600-387c01f314a7"}, "isOnlineOnly": true, "isStarter": true, "language": "English", "layout": "normal", "legalities": {"alchemy": "Legal", "gladiator": "Legal", "historic": "Legal", "historicbrawl": "Legal"}, "manaCost": "{1}{G}", "manaValue": 2.0, "name": "Feral Roar", "number": "46", "printings": ["ANB", "OANA"], "purchaseUrls": {}, "rarity": "common", "rulings": [], "setCode": "OANA", "subtypes": [], "supertypes": [], "text": "Target creature gets +4/+4 until end of turn.", "type": "Sorcery", "types": ["Sorcery"], "uuid": "7b386014-5618-5840-98ef-b38d97f9fb3c"}, {"artist": "Colin Boyer", "availability": ["arena"], "borderColor": "black", "colorIdentity": ["G"], "colors": ["G"], "convertedManaCost": 2.0, "finishes": ["nonfoil"], "foreignData": [], "frameVersion": "2015", "hasFoil": false, "hasNonFoil": true, "identifiers": {"mtgArenaId": "69119", "mtgjsonV4Id": "8fe84e22-9279-503d-a011-7731e5735391", "scryfallId": "771341f5-11b2-4edc-aa41-088e852c058e", "scryfallIllustrationId": "ce431cbb-df82-4c60-8542-318495bbde98", "scryfallOracleId": "8bb63574-6e8e-499b-8e61-843f06b19313"}, "isOnlineOnly": true, "isStarter": true, "language": "English", "layout": "normal", "legalities": {"alchemy": "Legal", "gladiator": "Legal", "historic": "Legal", "historicbrawl": "Legal"}, "manaCost": "{1}{G}", "manaValue": 2.0, "name": "Treetop Warden", "number": "48", "power": "2", "printings": ["ANB", "OANA"], "purchaseUrls": {}, "rarity": "common", "rulings": [], "setCode": "OANA", "subtypes": ["Elf", "Warrior"], "supertypes": [], "toughness": "2", "type": "Creature — Elf Warrior", "types": ["Creature"], "uuid": "99080737-394a-52fb-b562-ecc3711227af"}], "code": "OANA", "isFoilOnly": false, "isNonFoilOnly": true, "isOnlineOnly": true, "keyruneCode": "MTGA", "name": "Arena New Player Experience Cards", "parentCode": "ANA", "releaseDate": "2018-07-14", "tokens": [], "totalSetSize": 14, "translations": {}, "type": "starter"}}