{"meta": {"date": "2022-05-26", "version": "5.2.0+20220526"}, "data": {"baseSetSize": 45, "cards": [{"artist": "Nic Klein", "availability": ["paper"], "borderColor": "black", "colorIdentity": [], "colors": [], "convertedManaCost": 0.0, "finishes": ["nonfoil"], "flavorText": "\"Take a moment. Ponder the depths of your insignificance.\"", "foreignData": [], "frameVersion": "2003", "hasFoil": false, "hasNonFoil": true, "identifiers": {"cardKingdomId": "131256", "mcmId": "240531", "mtgjsonV4Id": "d9bce6d2-f6d9-55e9-8d49-1d3af9e8801b", "multiverseId": "212648", "scryfallId": "17b941e9-5dcc-473e-a461-709d74e32a3c", "scryfallIllustrationId": "3ab0dfe8-ae12-4327-aae6-0d8708d4efd8", "scryfallOracleId": "402ba90d-6c41-49ee-ab50-7f0a466f66fe", "tcgplayerProductId": "37089"}, "isOversized": true, "isStarter": true, "language": "English", "layout": "scheme", "legalities": {}, "manaValue": 0.0, "name": "All in Good Time", "number": "1★", "printings": ["OARC"], "purchaseUrls": {"cardKingdom": "https://mtgjson.com/links/f1b740124107d80b", "tcgplayer": "https://mtgjson.com/links/ae71adf51faa3fc5"}, "rarity": "common", "rulings": [], "setCode": "OARC", "subtypes": [], "supertypes": [], "text": "When you set this scheme in motion, take an extra turn after this one. Schemes can't be set in motion that turn.", "type": "Scheme", "types": ["Scheme"], "uuid": "5843ddf1-fed0-53a4-a400-1be43e118f17"}, {"artist": "Jim Nelson", "availability": ["paper"], "borderColor": "black", "colorIdentity": [], "colors": [], "convertedManaCost": 0.0, "finishes": ["nonfoil"], "flavorText": "\"It's my goal to find the melting point of every substance.\"", "foreignData": [], "frameVersion": "2003", "hasFoil": false, "hasNonFoil": true, "identifiers": {"cardKingdomId": "131291", "mcmId": "240532", "mtgjsonV4Id": "a938fcab-1028-51bd-8738-b07d083499e2", "multiverseId": "212617", "scryfallId": "c07620a1-dc3f-49a7-b2e9-aaff19faa85a", "scryfallIllustrationId": "08ea5bcd-2938-4d5f-82e6-da56840a9310", "scryfallOracleId": "d088db7e-c36a-4a7e-9c57-0b50e743782a", "tcgplayerProductId": "37090"}, "isOversized": true, "isStarter": true, "language": "English", "layout": "scheme", "legalities": {}, "manaValue": 0.0, "name": "All Shall Smolder in My Wake", "number": "2★", "printings": ["OARC"], "purchaseUrls": {"cardKingdom": "https://mtgjson.com/links/5ade8ea4eb52dfd1", "tcgplayer": "https://mtgjson.com/links/a3f606a35ca92cf2"}, "rarity": "common", "rulings": [{"date": "2010-06-15", "text": "You may choose zero, one, two, or three targets."}], "setCode": "OARC", "subtypes": [], "supertypes": [], "text": "When you set this scheme in motion, destroy up to one target artifact, up to one target enchantment, and up to one target nonbasic land.", "type": "Scheme", "types": ["Scheme"], "uuid": "267d3fbc-7aa1-518c-91d8-2df5eb7523b7"}, {"artist": "Jim Pavelec", "availability": ["paper"], "borderColor": "black", "colorIdentity": [], "colors": [], "convertedManaCost": 0.0, "finishes": ["nonfoil"], "flavorText": "\"It's a dragon-infested lavascape of notorious peril. Make yourselves at home.\"", "foreignData": [], "frameVersion": "2003", "hasFoil": false, "hasNonFoil": true, "identifiers": {"cardKingdomId": "131292", "mcmId": "240533", "mtgjsonV4Id": "3ae44209-ee2b-5143-a600-908379dcc930", "multiverseId": "212591", "scryfallId": "6fdcf1f6-6cb5-467e-90ed-66d7c51ff485", "scryfallIllustrationId": "71e3f3c3-fcad-42a8-9650-e4835f6ab531", "scryfallOracleId": "b4b56a27-3c7c-49b4-9dea-1122853cc0fb", "tcgplayerProductId": "37091"}, "isOversized": true, "isStarter": true, "language": "English", "layout": "scheme", "legalities": {}, "manaValue": 0.0, "name": "Approach My Molten Realm", "number": "3★", "printings": ["OARC"], "purchaseUrls": {"cardKingdom": "https://mtgjson.com/links/8d08e4187e608f40", "tcgplayer": "https://mtgjson.com/links/6e34346db0690f3c"}, "rarity": "common", "rulings": [{"date": "2010-06-15", "text": "If a spell or ability divides damage among multiple recipients (such as Fireball does), the damage is divided before this effect doubles it."}, {"date": "2010-06-15", "text": "The effect doesn’t wear off until just before your next untap step (even if an effect will cause that untap step to be skipped)."}, {"date": "2010-06-15", "text": "This ability applies no matter who or what the damage would be dealt to: a creature, a player, or a planeswalker. It also doesn’t matter who controls the source."}, {"date": "2010-06-15", "text": "If multiple effects modify how damage will be dealt, the player who would be dealt damage or the controller of the permanent that would be dealt damage chooses the order to apply the effects. For example, Mending Hands says, “Prevent the next 4 damage that would be dealt to any target this turn” and Lava Axe says “Lava Axe deals 5 damage to target player or planeswalker.” Suppose a Lava Axe would deal 5 damage to a player who has cast Mending Hands targeting themselves. The player who would be dealt damage can either (a) prevent 4 damage first and then let this scheme’s effect double the remaining 1 damage, taking 2 damage, or (b) double the damage to 10 and then prevent 4 damage, taking 6 damage."}], "setCode": "OARC", "subtypes": [], "supertypes": [], "text": "When you set this scheme in motion, until your next turn, if a source would deal damage, it deals double that damage instead.", "type": "Scheme", "types": ["Scheme"], "uuid": "92553968-c8ea-5b33-a10b-29aecce6c333"}, {"artist": "Jesper Ejsing", "availability": ["paper"], "borderColor": "black", "colorIdentity": [], "colors": [], "convertedManaCost": 0.0, "finishes": ["nonfoil"], "flavorText": "\"I'd call that a successful first test. Golem! Rearm the Doom Citadel!\"", "foreignData": [], "frameVersion": "2003", "hasFoil": false, "hasNonFoil": true, "identifiers": {"cardKingdomId": "131257", "mcmId": "240544", "mtgjsonV4Id": "fb98caf5-6cc8-55d5-923d-665b915a9e44", "multiverseId": "212585", "scryfallId": "1f4f7e7d-a7e0-4b1e-89e4-c2a6b903d784", "scryfallIllustrationId": "69ffab8e-6a2a-479c-ada6-b40ca818f283", "scryfallOracleId": "990cea79-6413-46fc-acfb-1a77638253c0", "tcgplayerProductId": "37102"}, "isOversized": true, "isStarter": true, "language": "English", "layout": "scheme", "legalities": {}, "manaValue": 0.0, "name": "Behold the Power of Destruction", "number": "4★", "printings": ["OARC"], "purchaseUrls": {"cardKingdom": "https://mtgjson.com/links/ecc4425d9d87dfb7", "tcgplayer": "https://mtgjson.com/links/b23c47ba0410dba5"}, "rarity": "common", "rulings": [], "setCode": "OARC", "subtypes": [], "supertypes": [], "text": "When you set this scheme in motion, destroy all nonland permanents target opponent controls.", "type": "Scheme", "types": ["Scheme"], "uuid": "68a1ee79-6805-5420-957d-17d6b6242a26"}, {"artist": "Jim Nelson", "availability": ["paper"], "borderColor": "black", "colorIdentity": [], "colors": [], "convertedManaCost": 0.0, "finishes": ["nonfoil"], "flavorText": "\"It seems the fate of the world rests on your shoulders, feeble child.\"", "foreignData": [], "frameVersion": "2003", "hasFoil": false, "hasNonFoil": true, "identifiers": {"cardKingdomId": "131272", "mcmId": "240552", "mtgjsonV4Id": "61fcf7c9-b28a-5fb5-b0de-5ab4dab0d190", "multiverseId": "212581", "scryfallId": "f0349a40-d7c9-429e-99d3-709883712c8c", "scryfallIllustrationId": "402b90be-24a5-49dd-adab-5ee02fbca650", "scryfallOracleId": "f860665e-9410-4d68-ad41-c064cf209ad3", "tcgplayerProductId": "37110"}, "isOversized": true, "isStarter": true, "language": "English", "layout": "scheme", "legalities": {}, "manaValue": 0.0, "name": "Choose Your Champion", "number": "5★", "printings": ["OARC"], "purchaseUrls": {"cardKingdom": "https://mtgjson.com/links/d3355a4bd39e7656", "tcgplayer": "https://mtgjson.com/links/243ab3457562d6d6"}, "rarity": "common", "rulings": [{"date": "2010-06-15", "text": "The effect doesn’t wear off until just before your next untap step (even if an effect will cause that untap step to be skipped)."}, {"date": "2010-06-15", "text": "The player is chosen as the ability resolves. Once a player is chosen, it’s too late for other players to respond by casting spells."}, {"date": "2010-06-15", "text": "The targeted opponent may choose themselves."}, {"date": "2010-06-15", "text": "The targeted opponent may choose you. In that case, only you can cast spells and attack with creatures before your next turn begins."}, {"date": "2010-06-15", "text": "Players other than you and the chosen player may still perform game actions besides casting spells and attacking with creatures: They may block with creatures, activate abilities, perform special actions, and so on."}], "setCode": "OARC", "subtypes": [], "supertypes": [], "text": "When you set this scheme in motion, target opponent chooses a player. Until your next turn, only you and the chosen player can cast spells and attack with creatures.", "type": "Scheme", "types": ["Scheme"], "uuid": "40c83184-f92b-5d6f-94e3-8dc1198949a3"}, {"artist": "Steve Prescott", "availability": ["paper"], "borderColor": "black", "colorIdentity": [], "colors": [], "convertedManaCost": 0.0, "finishes": ["nonfoil"], "foreignData": [], "frameVersion": "2003", "hasFoil": false, "hasNonFoil": true, "identifiers": {"cardKingdomId": "131273", "mcmId": "240555", "mtgjsonV4Id": "91881ff8-8814-5c0b-aece-62a951bf00ed", "multiverseId": "212610", "scryfallId": "d65edf9e-a859-4314-9e04-0c1d15f1dd39", "scryfallIllustrationId": "9d8a3a70-831a-4558-8f04-362feb5d3a12", "scryfallOracleId": "06549c83-0777-44c7-baca-b167b650b714", "tcgplayerProductId": "37113"}, "isOversized": true, "isStarter": true, "language": "English", "layout": "scheme", "legalities": {}, "manaValue": 0.0, "name": "Dance, Pathetic Marionette", "number": "6★", "printings": ["OARC"], "purchaseUrls": {"cardKingdom": "https://mtgjson.com/links/618938656342bc9a", "tcgplayer": "https://mtgjson.com/links/a033c62adacf69e2"}, "rarity": "common", "rulings": [{"date": "2010-06-15", "text": "You’ll put just one creature card onto the battlefield this way. The other revealed creature cards, and all the revealed noncreature cards, will wind up in their owners’ graveyards."}, {"date": "2010-06-15", "text": "If an opponent has no creature cards left in their library, that player will wind up revealing their entire library and putting it into their graveyard. You’ll still get to choose a creature card revealed by another player."}], "setCode": "OARC", "subtypes": [], "supertypes": [], "text": "When you set this scheme in motion, each opponent reveals cards from the top of their library until they reveal a creature card. Choose one of the revealed creature cards and put it onto the battlefield under your control. Put all other cards revealed this way into their owners' graveyards.", "type": "Scheme", "types": ["Scheme"], "uuid": "d0033b5b-9077-53d7-ad4a-a4a856fb0e02"}, {"artist": "Jesper Ejsing", "availability": ["paper"], "borderColor": "black", "colorIdentity": [], "colors": [], "convertedManaCost": 0.0, "finishes": ["nonfoil"], "flavorText": "\"Tell your old master I said hello.\"", "foreignData": [], "frameVersion": "2003", "hasFoil": false, "hasNonFoil": true, "identifiers": {"cardKingdomId": "131280", "mcmId": "240678", "mtgjsonV4Id": "dc92b920-08b4-5e83-a688-3fec0967b3b6", "multiverseId": "212613", "scryfallId": "ddd87e69-e660-4ce7-8953-344e2602a999", "scryfallIllustrationId": "96cfbee9-5051-41a8-9670-174d6315a3b7", "scryfallOracleId": "befbbcf1-b295-43f5-a4b6-f12ed505692c", "tcgplayerProductId": "37241"}, "isOversized": true, "isStarter": true, "language": "English", "layout": "scheme", "legalities": {}, "manaValue": 0.0, "name": "The Dead Shall Serve", "number": "7★", "printings": ["OARC"], "purchaseUrls": {"cardKingdom": "https://mtgjson.com/links/649965a0ba2dc476", "tcgplayer": "https://mtgjson.com/links/76bd981638c3deec"}, "rarity": "common", "rulings": [{"date": "2010-06-15", "text": "For each opponent, you may choose not to target any creature cards in that player’s graveyard."}, {"date": "2010-06-15", "text": "Each of the creatures you put onto the battlefield this way must attack its owner, not a planeswalker that player controls."}, {"date": "2010-06-15", "text": "If, during your declare attackers step, one of these creatures is tapped or is affected by a spell or ability that says it can’t attack, then it doesn’t attack. If there’s a cost associated with having that creature attack, you aren’t forced to pay that cost, so it doesn’t have to attack in that case either."}, {"date": "2010-06-15", "text": "If one of these creatures can’t attack its owner during any given turn (due to a spell or ability such as Chronomantic Escape, or because a player on the opposing team has gained control of it, for example), it may attack another player, attack a planeswalker an opponent controls, or not attack at all. If there’s a cost associated with having that creature attack its owner, you aren’t forced to pay that cost, so it may attack another player, attack a planeswalker an opponent controls, or not attack at all."}, {"date": "2010-06-15", "text": "If there are multiple combat phases in a turn, each of these creatures must attack its owner in each of them that it’s able to."}], "setCode": "OARC", "subtypes": [], "supertypes": [], "text": "When you set this scheme in motion, for each opponent, put up to one target creature card from that player's graveyard onto the battlefield under your control. Each of those creatures attacks its owner each combat if able.", "type": "Scheme", "types": ["Scheme"], "uuid": "d6fd0e61-1b1e-57c3-af0b-cba8a8152d96"}, {"artist": "Jim Nelson", "availability": ["paper"], "borderColor": "black", "colorIdentity": [], "colors": [], "convertedManaCost": 0.0, "finishes": ["nonfoil"], "flavorText": "\"What would you say is my greatest attribute? Is it my gluttonous lust for power?\"", "foreignData": [], "frameVersion": "2003", "hasFoil": false, "hasNonFoil": true, "identifiers": {"cardKingdomId": "131271", "mcmId": "240528", "mtgjsonV4Id": "5ccf5ac6-84e6-5ae8-a801-6e9cac2f1996", "multiverseId": "212578", "scryfallId": "c5287e77-890d-41bd-acc6-7a8f1866426d", "scryfallIllustrationId": "3749f9f1-d65e-4365-9287-c2fdf8a5428d", "scryfallOracleId": "156107a0-1657-4d04-904c-f8d19df32ff8", "tcgplayerProductId": "37086"}, "isOversized": true, "isStarter": true, "language": "English", "layout": "scheme", "legalities": {}, "manaValue": 0.0, "name": "A Display of My Dark Power", "number": "8★", "printings": ["OARC"], "purchaseUrls": {"cardKingdom": "https://mtgjson.com/links/a4987539dda136a6", "tcgplayer": "https://mtgjson.com/links/231d75695b2f2d5b"}, "rarity": "common", "rulings": [{"date": "2010-06-15", "text": "The ability affects all players, not just you."}, {"date": "2010-06-15", "text": "The effect doesn’t wear off until just before your next untap step (even if an effect will cause that untap step to be skipped)."}, {"date": "2010-06-15", "text": "The types of mana are white, blue, black, red, green, and colorless."}, {"date": "2010-06-15", "text": "If a land produces more than one type of mana at a single time (as Boros Garrison does, for example), the land’s controller chooses which one of those types of mana is produced by the delayed triggered ability."}, {"date": "2010-06-15", "text": "If a land is tapped for mana but doesn’t produce any (for example, if you tap Gaea’s Cradle for mana while you control no creatures), the delayed triggered ability won’t trigger."}], "setCode": "OARC", "subtypes": [], "supertypes": [], "text": "When you set this scheme in motion, until your next turn, whenever a player taps a land for mana, that player adds one mana of any type that land produced.", "type": "Scheme", "types": ["Scheme"], "uuid": "97f9c2da-25d9-5165-823b-12f1fd67fa7d"}, {"artist": "Franz Vohwinkel", "availability": ["paper"], "borderColor": "black", "colorIdentity": [], "colors": [], "convertedManaCost": 0.0, "finishes": ["nonfoil"], "flavorText": "\"My vision is for the good of everyone. Mostly me.\"", "foreignData": [], "frameVersion": "2003", "hasFoil": false, "hasNonFoil": true, "identifiers": {"cardKingdomId": "131258", "mcmId": "240564", "mtgjsonV4Id": "85aa6763-d13c-539e-bf48-a0ae18c3262e", "multiverseId": "212596", "scryfallId": "48d8a236-4a89-43ed-8e2b-464770a474b0", "scryfallIllustrationId": "11313040-639d-4890-bfc5-ec9b2531f1a4", "scryfallOracleId": "4fe9b57c-7743-46b5-b811-9766925e8bdf", "tcgplayerProductId": "37122"}, "isOversized": true, "isStarter": true, "language": "English", "layout": "scheme", "legalities": {}, "manaValue": 0.0, "name": "Embrace My Diabolical Vision", "number": "9★", "printings": ["OARC"], "purchaseUrls": {"cardKingdom": "https://mtgjson.com/links/61ae3a0bb01a7b4d", "tcgplayer": "https://mtgjson.com/links/e2b24b080a6b4f9d"}, "rarity": "common", "rulings": [], "setCode": "OARC", "subtypes": [], "supertypes": [], "text": "When you set this scheme in motion, each player shuffles their hand and graveyard into their library. You draw seven cards, then each other player draws four cards.", "type": "Scheme", "types": ["Scheme"], "uuid": "2ae23c15-0fac-5b8e-a696-36a1f8bbbd51"}, {"artist": "John Stanko", "availability": ["paper"], "borderColor": "black", "colorIdentity": [], "colors": [], "convertedManaCost": 0.0, "finishes": ["nonfoil"], "flavorText": "\"Oh, I think I *will* get away with this.\"", "foreignData": [], "frameVersion": "2003", "hasFoil": false, "hasNonFoil": true, "identifiers": {"cardKingdomId": "131274", "mcmId": "240567", "mtgjsonV4Id": "b41f0175-4004-50d8-a5fd-dbdca2297a8b", "multiverseId": "212593", "scryfallId": "7b149aac-b827-4f0b-a8de-0051777bd90e", "scryfallIllustrationId": "a8302560-e4bb-4432-8bbb-648919bf9967", "scryfallOracleId": "f24b52b8-b5e0-40b6-a058-91bb42f80f16", "tcgplayerProductId": "37125"}, "isOversized": true, "isStarter": true, "language": "English", "layout": "scheme", "legalities": {}, "manaValue": 0.0, "name": "Every Hope Shall Vanish", "number": "10★", "printings": ["OARC"], "purchaseUrls": {"cardKingdom": "https://mtgjson.com/links/3d70aae16a7cd1a8", "tcgplayer": "https://mtgjson.com/links/6de4ca4ed90ae4d8"}, "rarity": "common", "rulings": [{"date": "2010-06-15", "text": "First you choose a nonland card in each opponent’s hand (if they have any). Then all the chosen cards are discarded at the same time."}], "setCode": "OARC", "subtypes": [], "supertypes": [], "text": "When you set this scheme in motion, each opponent reveals their hand. Choose a nonland card from each of those hands. Those players discard those cards.", "type": "Scheme", "types": ["Scheme"], "uuid": "8bf403a5-2f18-50d4-aae5-626d339cc67f"}, {"artist": "Martina Pilcerova", "availability": ["paper"], "borderColor": "black", "colorIdentity": [], "colors": [], "convertedManaCost": 0.0, "finishes": ["nonfoil"], "flavorText": "\"May bloodberries grow from your remains.\"", "foreignData": [], "frameVersion": "2003", "hasFoil": false, "hasNonFoil": true, "identifiers": {"cardKingdomId": "131281", "mcmId": "240568", "mtgjsonV4Id": "07c6f5fb-4d60-5338-b353-5dac83fdb43b", "multiverseId": "212655", "scryfallId": "c6f67230-8208-4a77-af66-661de044e188", "scryfallIllustrationId": "a2970f36-f5ff-402d-96f5-01e5871b1a01", "scryfallOracleId": "4f7600d8-53f8-463b-82a8-bda483f0b41b", "tcgplayerProductId": "37126"}, "isOversized": true, "isStarter": true, "language": "English", "layout": "scheme", "legalities": {}, "manaValue": 0.0, "name": "Every Last Vestige Shall Rot", "number": "11★", "printings": ["OARC"], "purchaseUrls": {"cardKingdom": "https://mtgjson.com/links/874a9ae1840f27f6", "tcgplayer": "https://mtgjson.com/links/ac99fac22139b0ff"}, "rarity": "common", "rulings": [{"date": "2010-06-15", "text": "You choose the target player when the ability triggers. As the ability resolves, you choose a value for X and decide whether to pay {X}. If you do decide to pay {X}, it’s too late for any player to respond since the ability is already in the midst of resolving."}], "setCode": "OARC", "subtypes": [], "supertypes": [], "text": "When you set this scheme in motion, you may pay {X}. If you do, put each nonland permanent target player controls with mana value X or less on the bottom of its owner's library.", "type": "Scheme", "types": ["Scheme"], "uuid": "cf8a4755-b034-5d40-bb98-2e1fdac287a2"}, {"artist": "Austin Hsu", "availability": ["paper"], "borderColor": "black", "colorIdentity": [], "colors": [], "convertedManaCost": 0.0, "finishes": ["nonfoil"], "flavorText": "\"The plants justify the means.\"", "foreignData": [], "frameVersion": "2003", "hasFoil": false, "hasNonFoil": true, "identifiers": {"cardKingdomId": "131282", "mcmId": "240569", "mtgjsonV4Id": "d2eba451-7af5-550b-ba3f-8779aadf0153", "multiverseId": "212599", "scryfallId": "c8bd9f72-466c-4c31-9d32-429b9985a9fb", "scryfallIllustrationId": "e43caa7b-3541-47d5-9e1f-47f89c33d88f", "scryfallOracleId": "de21fc15-5b11-4a4c-86f7-0c07d8b15381", "tcgplayerProductId": "37127"}, "isOversized": true, "isStarter": true, "language": "English", "layout": "scheme", "legalities": {}, "manaValue": 0.0, "name": "Evil Comes to Fruition", "number": "12★", "printings": ["OARC"], "purchaseUrls": {"cardKingdom": "https://mtgjson.com/links/22cc8d375e535b29", "tcgplayer": "https://mtgjson.com/links/4e271be9d5c73000"}, "rarity": "common", "rulings": [], "setCode": "OARC", "subtypes": [], "supertypes": [], "text": "When you set this scheme in motion, create seven 0/1 green Plant creature tokens. If you control ten or more lands, create seven 3/3 green Elemental creature tokens instead.", "type": "Scheme", "types": ["Scheme"], "uuid": "b29e4dfd-38d4-5198-8ab8-0029879bc3c5"}, {"artist": "Paul Bonner", "availability": ["paper"], "borderColor": "black", "colorIdentity": [], "colors": [], "convertedManaCost": 0.0, "finishes": ["nonfoil"], "foreignData": [], "frameVersion": "2003", "hasFoil": false, "hasNonFoil": true, "identifiers": {"cardKingdomId": "131298", "mcmId": "240679", "mtgjsonV4Id": "edb98769-1f14-5cbc-b3aa-6aa910f7fd49", "multiverseId": "212576", "scryfallId": "443e311e-e78f-44ab-bb6d-f1f6227deed9", "scryfallIllustrationId": "d563b7fe-9b96-46ac-abf2-b45a0e32390b", "scryfallOracleId": "7d85ea1a-04ac-4b24-a1d4-d8fdb6cfd0dd", "tcgplayerProductId": "37242"}, "isOversized": true, "isStarter": true, "language": "English", "layout": "scheme", "legalities": {}, "manaValue": 0.0, "name": "The Fate of the Flammable", "number": "13★", "printings": ["OARC"], "purchaseUrls": {"cardKingdom": "https://mtgjson.com/links/fd894582c578a2b8", "tcgplayer": "https://mtgjson.com/links/d95b88f36b134541"}, "rarity": "common", "rulings": [{"date": "2010-06-15", "text": "The targeted player may choose “self” even if they can’t perform the resulting action. For example, a player targeted with Feed the Machine may choose “self” even if they control no creatures."}, {"date": "2010-06-15", "text": "The targeted player may choose “others” even if there are no others (because all of their teammates have lost the game, for example), or the archenemy’s other opponents can’t perform the resulting action."}, {"date": "2010-06-15", "text": "In a Supervillain Rumble game, the targeted player may still choose “others.” Each player who isn’t the active player or the targeted player will thus be affected."}], "setCode": "OARC", "subtypes": [], "supertypes": [], "text": "When you set this scheme in motion, target opponent chooses self or others. If that player chooses self, this scheme deals 6 damage to that player. If the player chooses others, this scheme deals 3 damage to each of your other opponents.", "type": "Scheme", "types": ["Scheme"], "uuid": "a4ee063a-bf3c-5c81-8a1f-28c37f8c9764"}, {"artist": "Wayne Reynolds", "availability": ["paper"], "borderColor": "black", "colorIdentity": [], "colors": [], "convertedManaCost": 0.0, "finishes": ["nonfoil"], "flavorText": "\"Even you have a purpose. Your blood will oil the gears.\"", "foreignData": [], "frameVersion": "2003", "hasFoil": false, "hasNonFoil": true, "identifiers": {"cardKingdomId": "131259", "mcmId": "240571", "mtgjsonV4Id": "5a6695a8-45ac-5de6-830e-dc81e39eace5", "multiverseId": "212652", "scryfallId": "fefabce3-1384-442c-a6f8-d1e205023c11", "scryfallIllustrationId": "262f84c8-d75b-40b2-bde4-73ab4f163a01", "scryfallOracleId": "5abf733b-9b7e-463f-a918-07b5b3ccb49e", "tcgplayerProductId": "37129"}, "isOversized": true, "isStarter": true, "language": "English", "layout": "scheme", "legalities": {}, "manaValue": 0.0, "name": "Feed the Machine", "number": "14★", "printings": ["OARC"], "purchaseUrls": {"cardKingdom": "https://mtgjson.com/links/6d2489f046a83975", "tcgplayer": "https://mtgjson.com/links/b1024db75406c82a"}, "rarity": "common", "rulings": [{"date": "2010-06-15", "text": "The targeted player may choose “self” even if they can’t perform the resulting action. For example, a player targeted with Feed the Machine may choose “self” even if they control no creatures."}, {"date": "2010-06-15", "text": "The targeted player may choose “others” even if there are no others (because all of their teammates have lost the game, for example), or the archenemy’s other opponents can’t perform the resulting action."}, {"date": "2010-06-15", "text": "In a Supervillain Rumble game, the targeted player may still choose “others.” Each player who isn’t the active player or the targeted player will thus be affected."}], "setCode": "OARC", "subtypes": [], "supertypes": [], "text": "When you set this scheme in motion, target opponent chooses self or others. If that player chooses self, the player sacrifices two creatures. If the player chooses others, each of your other opponents sacrifices a creature.", "type": "Scheme", "types": ["Scheme"], "uuid": "bea5f526-e7fc-5f49-ac2b-77124a7c3f4c"}, {"artist": "Wayne Reynolds", "availability": ["paper"], "borderColor": "black", "colorIdentity": [], "colors": [], "convertedManaCost": 0.0, "finishes": ["nonfoil"], "foreignData": [], "frameVersion": "2003", "hasFoil": false, "hasNonFoil": true, "identifiers": {"cardKingdomId": "131293", "mcmId": "240591", "mtgjsonV4Id": "6e80177e-41f7-5ae0-8416-c2384e5ffa9d", "multiverseId": "212614", "scryfallId": "ca36efdd-c60c-412c-9fd5-5e6b97d2f9cd", "scryfallIllustrationId": "9d0e8641-fc60-4031-818b-7d27bdd673dd", "scryfallOracleId": "bf77c996-df58-45d8-bce7-6de3e4fa20da", "tcgplayerProductId": "37150"}, "isOversized": true, "isStarter": true, "language": "English", "layout": "scheme", "legalities": {}, "manaValue": 0.0, "name": "I Bask in Your Silent Awe", "number": "15★", "printings": ["OARC"], "purchaseUrls": {"cardKingdom": "https://mtgjson.com/links/16699df32992adc1", "tcgplayer": "https://mtgjson.com/links/067a3885af5538af"}, "rarity": "common", "rulings": [{"date": "2010-06-15", "text": "Players can’t respond to the action of setting a scheme in motion. That means that if this scheme is turned face up, your opponents can’t cast spells before the static ability takes effect."}, {"date": "2010-06-15", "text": "If any of your opponents cast a spell during your upkeep or draw step, that player can’t cast another spell during the turn this scheme is set in motion."}, {"date": "2010-06-15", "text": "The scheme is abandoned if all your opponents refrain from casting spells during their entire turn, and during your subsequent upkeep before this scheme’s last ability resolves. They may still activate abilities and perform special actions."}], "setCode": "OARC", "subtypes": [], "supertypes": ["Ongoing"], "text": "(An ongoing scheme remains face up until it's abandoned.)\nEach opponent can't cast more than one spell each turn.\nAt the beginning of your upkeep, if no opponent cast a spell since your last turn ended, abandon this scheme.", "type": "Ongoing Scheme", "types": ["Scheme"], "uuid": "90083b34-84d6-5b9e-90a6-8462bc05ad3c"}, {"artist": "John Matson", "availability": ["paper"], "borderColor": "black", "colorIdentity": [], "colors": [], "convertedManaCost": 0.0, "finishes": ["nonfoil"], "foreignData": [], "frameVersion": "2003", "hasFoil": false, "hasNonFoil": true, "identifiers": {"cardKingdomId": "131283", "mcmId": "240592", "mtgjsonV4Id": "6fe24067-a285-5f70-ba10-24a345a9d610", "multiverseId": "212619", "scryfallId": "d5e0c5aa-af7f-4a6c-a04d-8c890c0c5d75", "scryfallIllustrationId": "6103dc3f-9304-456f-80eb-e31d648b5c6b", "scryfallOracleId": "f76d3e08-1697-4f64-937f-d90fe0fdb056", "tcgplayerProductId": "37151"}, "isOversized": true, "isStarter": true, "language": "English", "layout": "scheme", "legalities": {}, "manaValue": 0.0, "name": "I Call on the Ancient Magics", "number": "16★", "printings": ["OARC"], "purchaseUrls": {"cardKingdom": "https://mtgjson.com/links/416cf91602c47b96", "tcgplayer": "https://mtgjson.com/links/b83c3dce3739c1a6"}, "rarity": "common", "rulings": [{"date": "2010-06-15", "text": "Your opponents each find a card in whatever order they like. They may consult with each other during this process. You’ll know what cards they’ve found before you search."}, {"date": "2010-06-15", "text": "You don’t reveal the cards for which you search."}], "setCode": "OARC", "subtypes": [], "supertypes": [], "text": "When you set this scheme in motion, each other player searches their library for a card, reveals it, and puts it into their hand. Then you search your library for two cards and put them into your hand. Each player shuffles.", "type": "Scheme", "types": ["Scheme"], "uuid": "7775dd92-5b56-50a8-ac25-d8d84584c218"}, {"artist": "Wayne Reynolds", "availability": ["paper"], "borderColor": "black", "colorIdentity": [], "colors": [], "convertedManaCost": 0.0, "finishes": ["nonfoil"], "flavorText": "\"I can't imagine what you're feeling right now, but I'll try my best.\"", "foreignData": [], "frameVersion": "2003", "hasFoil": false, "hasNonFoil": true, "identifiers": {"cardKingdomId": "131260", "mcmId": "240593", "mtgjsonV4Id": "41656f6b-73d0-598d-b717-62264a449289", "multiverseId": "212580", "scryfallId": "058e4bfc-9f3a-46bc-a9ba-3b9895fd7850", "scryfallIllustrationId": "dba76210-2016-46a7-bd3f-1bd46e3f0221", "scryfallOracleId": "8662a9bc-346b-45be-aa23-b67f081a344b", "tcgplayerProductId": "37152"}, "isOversized": true, "isStarter": true, "language": "English", "layout": "scheme", "legalities": {}, "manaValue": 0.0, "name": "I Delight in Your Convulsions", "number": "17★", "printings": ["OARC"], "purchaseUrls": {"cardKingdom": "https://mtgjson.com/links/4715441b8ba830c6", "tcgplayer": "https://mtgjson.com/links/304e65861ca6cfc2"}, "rarity": "common", "rulings": [{"date": "2010-06-15", "text": "The amount of life a player can lose is not bounded by their life total. For example, if your opponents have 1, 2, and 10 life, respectively, when this scheme’s ability resolves, each of them will lose 3 life. This brings their life totals to -2, -1, and 7 life, respectively. You gain 9 life. Then the first two opponents lose the game as a state-based action. (If the first two opponents concede before the triggered ability resolves, however, you’ll gain only 3 life.)"}], "setCode": "OARC", "subtypes": [], "supertypes": [], "text": "When you set this scheme in motion, each opponent loses 3 life. You gain life equal to the life lost this way.", "type": "Scheme", "types": ["Scheme"], "uuid": "1af2925a-d684-5b28-9fa4-993d512c5ba4"}, {"artist": "Chuck Lukacs", "availability": ["paper"], "borderColor": "black", "colorIdentity": [], "colors": [], "convertedManaCost": 0.0, "finishes": ["nonfoil"], "foreignData": [], "frameVersion": "2003", "hasFoil": false, "hasNonFoil": true, "identifiers": {"cardKingdomId": "131262", "mcmId": "240594", "mtgjsonV4Id": "48d5cced-418a-55b9-81ce-bb552e37130d", "multiverseId": "212597", "scryfallId": "1f17ac75-8e49-42a3-8a31-2e2d5f65316e", "scryfallIllustrationId": "30de4ad2-174b-4f57-8fc9-b73d738afad8", "scryfallOracleId": "cce855c0-9632-4338-ace6-fcdfba564b0f", "tcgplayerProductId": "37153"}, "isOversized": true, "isStarter": true, "language": "English", "layout": "scheme", "legalities": {}, "manaValue": 0.0, "name": "I Know All, I See All", "number": "18★", "printings": ["OARC"], "purchaseUrls": {"cardKingdom": "https://mtgjson.com/links/b2b1c9ebbd6b7072", "tcgplayer": "https://mtgjson.com/links/b753eb7ad602760c"}, "rarity": "common", "rulings": [{"date": "2010-06-15", "text": "As an opponent’s untap step begins, if you control this face-up scheme card, all your permanents untap during that untap step. You have no choice about what untaps. Those permanents untap at the same time as the active players’ permanents."}, {"date": "2010-06-15", "text": "Since your opponents take a shared team turn, they all have the same untap step. Your permanents untap just once during that step, no matter how many opponents you have."}, {"date": "2010-06-15", "text": "During an opponent’s untap step, effects that would otherwise cause your permanents to stay tapped don’t apply because they apply only during *your* untap step. For example, if you control a Deep-Slumber Titan (a creature that says “Deep-Slumber Titan doesn’t untap during your untap step”), you untap Deep-Slumber Titan during each opponent’s untap step."}, {"date": "2010-06-15", "text": "Controlling more than one face-up I Know All, I See All card is redundant. You can’t untap your permanents more than once in a single untap step."}, {"date": "2010-06-15", "text": "The last ability won’t trigger at all unless, as an end step starts, three or more cards have already been put into your graveyard that turn. Those cards don’t still need to be in your graveyard at that time."}, {"date": "2010-06-15", "text": "The last ability of this scheme counts the number of cards put into your graveyard over the course of the entire turn, even if it wasn’t face up the whole time. Specifically, during the turn you set this scheme in motion, its last ability will count cards that were put into your graveyard during your upkeep or draw step."}, {"date": "2010-06-15", "text": "The last ability doesn’t count tokens that were put into your graveyard from the battlefield, because they’re not cards. The same is true for copies of spells that were put into your graveyard when they resolved or were countered."}], "setCode": "OARC", "subtypes": [], "supertypes": ["Ongoing"], "text": "(An ongoing scheme remains face up until it's abandoned.)\nUntap all permanents you control during each opponent's untap step.\nAt the beginning of each end step, if three or more cards were put into your graveyard this turn from anywhere, abandon this scheme.", "type": "Ongoing Scheme", "types": ["Scheme"], "uuid": "2293f7f8-3524-58aa-8e52-e6a5f5f488cc"}, {"artist": "Ralph Horsley", "availability": ["paper"], "borderColor": "black", "colorIdentity": [], "colors": [], "convertedManaCost": 0.0, "finishes": ["nonfoil"], "flavorText": "\"Heroes innovate. Villains duplicate.\"", "foreignData": [], "frameVersion": "2003", "hasFoil": false, "hasNonFoil": true, "identifiers": {"cardKingdomId": "131261", "mcmId": "240595", "mtgjsonV4Id": "3bf23483-5bea-58ed-9fc1-a17b4a413781", "multiverseId": "212587", "scryfallId": "8132c357-a770-4bbc-a074-772af3732110", "scryfallIllustrationId": "d4b72873-eca9-4602-8b15-c85efb4707ba", "scryfallOracleId": "278f7c4e-77b4-427e-8925-511bcd7852cf", "tcgplayerProductId": "37154"}, "isOversized": true, "isStarter": true, "language": "English", "layout": "scheme", "legalities": {}, "manaValue": 0.0, "name": "Ignite the Cloneforge!", "number": "19★", "printings": ["OARC"], "purchaseUrls": {"cardKingdom": "https://mtgjson.com/links/14854fc605416011", "tcgplayer": "https://mtgjson.com/links/e39f7be18103e506"}, "rarity": "common", "rulings": [{"date": "2010-06-15", "text": "You can target any permanent an opponent controls, not just a creature."}, {"date": "2010-06-15", "text": "The token that’s put onto the battlefield copies exactly what’s printed on the targeted permanent (unless that permanent is copying something else or it’s a token; see below). It doesn’t copy whether that permanent is tapped or untapped, whether it has any counters on it or Auras attached to it, or whether it’s been affected by any noncopy effects that changed its power, toughness, types, color, or so on."}, {"date": "2010-06-15", "text": "If the targeted permanent is copying something else when the ability resolves (for example, if it’s a Clone), then the token enters the battlefield as a copy of whatever that permanent is copying."}, {"date": "2010-06-15", "text": "If the targeted permanent is a token, the new token copies the characteristics of the original token as stated by the effect that put it onto the battlefield."}, {"date": "2010-06-15", "text": "If the targeted permanent has {X} in its mana cost (such as Protean Hydra), X is considered to be zero."}, {"date": "2010-06-15", "text": "Any enters-the-battlefield abilities of the targeted permanent will trigger when the token is put onto the battlefield. Any “as [this permanent] enters the battlefield” or “[this permanent] enters the battlefield with” abilities of that permanent will also work."}, {"date": "2010-06-15", "text": "If the targeted permanent leaves the battlefield before the ability resolves, the ability doesn’t resolve. You don’t get a token."}, {"date": "2010-06-15", "text": "If the targeted permanent is an Aura, you choose a legal permanent, player, or other card for the token to enchant as it enters the battlefield. A permanent you choose must be able to be enchanted by the token. (For example, if the Aura it’s copying is red and has “enchant creature,” the permanent must be a creature, and it can’t have protection from red.) Since the token Aura wasn’t cast as a spell, it doesn’t target what it will enchant; you may choose something that has shroud, for example. As the ability resolves, no player can respond between the time you choose what the token will enchant and the time it enters the battlefield. If you can’t choose something for the token to enchant, it enters the battlefield unattached, then is put into your graveyard as a state-based action."}], "setCode": "OARC", "subtypes": [], "supertypes": [], "text": "When you set this scheme in motion, create a token that's a copy of target permanent an opponent controls.", "type": "Scheme", "types": ["Scheme"], "uuid": "f00041b9-516f-50d0-9245-d64644021638"}, {"artist": "Paul Bonner", "availability": ["paper"], "borderColor": "black", "colorIdentity": [], "colors": [], "convertedManaCost": 0.0, "finishes": ["nonfoil"], "flavorText": "\"You may even see them again. Full digestion takes three hundred years.\"", "foreignData": [], "frameVersion": "2003", "hasFoil": false, "hasNonFoil": true, "identifiers": {"cardKingdomId": "131284", "mcmId": "240601", "mtgjsonV4Id": "afc6bebd-c7d3-5256-b79f-05987c540ff7", "multiverseId": "212582", "scryfallId": "382e7dfd-1e9a-4638-9543-10f704fbd2ae", "scryfallIllustrationId": "f4c19af2-ac90-49b1-8b69-ee7e8bbe09e3", "scryfallOracleId": "ca277e81-0caa-44cd-a86c-080b3b9b96cc", "tcgplayerProductId": "37160"}, "isOversized": true, "isStarter": true, "language": "English", "layout": "scheme", "legalities": {}, "manaValue": 0.0, "name": "Into the Earthen Maw", "number": "20★", "printings": ["OARC"], "purchaseUrls": {"cardKingdom": "https://mtgjson.com/links/867641163528fbc5", "tcgplayer": "https://mtgjson.com/links/1266923cc283905d"}, "rarity": "common", "rulings": [{"date": "2010-06-15", "text": "You may choose zero, one, two, or three targets."}], "setCode": "OARC", "subtypes": [], "supertypes": [], "text": "When you set this scheme in motion, exile up to one target creature with flying, up to one target creature without flying, and all cards from up to one target opponent's graveyard.", "type": "Scheme", "types": ["Scheme"], "uuid": "84606779-5a9b-554c-b961-677915e7ed6b"}, {"artist": "Nils Hamm", "availability": ["paper"], "borderColor": "black", "colorIdentity": [], "colors": [], "convertedManaCost": 0.0, "finishes": ["nonfoil"], "flavorText": "\"Meet my newest minion. Come now, don't be shy—shake her pincer.\"", "foreignData": [], "frameVersion": "2003", "hasFoil": false, "hasNonFoil": true, "identifiers": {"cardKingdomId": "131263", "mcmId": "240602", "mtgjsonV4Id": "894d84a2-1965-5a57-9043-962bba177119", "multiverseId": "212603", "scryfallId": "a7fef31b-1dcb-4b87-b0da-e942571efe2b", "scryfallIllustrationId": "0a788912-d68b-4961-80c3-c7c57e7c896f", "scryfallOracleId": "bb717898-c4eb-454d-a9a3-3651fefab21f", "tcgplayerProductId": "37161"}, "isOversized": true, "isStarter": true, "language": "English", "layout": "scheme", "legalities": {}, "manaValue": 0.0, "name": "Introductions Are in Order", "number": "21★", "printings": ["OARC"], "purchaseUrls": {"cardKingdom": "https://mtgjson.com/links/4ccc2e73a5ea470d", "tcgplayer": "https://mtgjson.com/links/6a7c56a7555f3fdb"}, "rarity": "common", "rulings": [{"date": "2010-06-15", "text": "You choose this ability’s mode as you put it on the stack."}], "setCode": "OARC", "subtypes": [], "supertypes": [], "text": "When you set this scheme in motion, choose one —\n• Search your library for a creature card, reveal it, put it into your hand, then shuffle.\n• You may put a creature card from your hand onto the battlefield.", "type": "Scheme", "types": ["Scheme"], "uuid": "865d0fd6-cb66-5009-93ca-e9f45a37613a"}, {"artist": "Jesper Ejsing", "availability": ["paper"], "borderColor": "black", "colorIdentity": [], "colors": [], "convertedManaCost": 0.0, "finishes": ["nonfoil"], "flavorText": "\"It would be disappointing if you were unable to overcome this simplest of defenses. Hilarious, but disappointing.\"", "foreignData": [], "frameVersion": "2003", "hasFoil": false, "hasNonFoil": true, "identifiers": {"cardKingdomId": "131267", "mcmId": "240680", "mtgjsonV4Id": "82a8cd10-afb4-5e56-bab4-135342a092f6", "multiverseId": "212594", "scryfallId": "62902518-c284-4842-995c-9b4eba2427ec", "scryfallIllustrationId": "5b276a33-f35b-40be-a058-463b4adaff0b", "scryfallOracleId": "56050889-6486-4a13-a2a2-0516494c7814", "tcgplayerProductId": "37243"}, "isOversized": true, "isStarter": true, "language": "English", "layout": "scheme", "legalities": {}, "manaValue": 0.0, "name": "The Iron Guardian Stirs", "number": "22★", "printings": ["OARC"], "purchaseUrls": {"cardKingdom": "https://mtgjson.com/links/412b86dd46583256", "tcgplayer": "https://mtgjson.com/links/131f9178f360997c"}, "rarity": "common", "rulings": [], "setCode": "OARC", "subtypes": [], "supertypes": [], "text": "When you set this scheme in motion, create a 4/6 colorless Golem artifact creature token.", "type": "Scheme", "types": ["Scheme"], "uuid": "0b9bc8c8-bcf3-55d2-841b-64f5932c5cc2"}, {"artist": "Val Mayerik", "availability": ["paper"], "borderColor": "black", "colorIdentity": [], "colors": [], "convertedManaCost": 0.0, "finishes": ["nonfoil"], "flavorText": "\"Cranial explosions for everyone. Still planning to outthink my dragons?\"", "foreignData": [], "frameVersion": "2003", "hasFoil": false, "hasNonFoil": true, "identifiers": {"cardKingdomId": "131294", "mcmId": "240609", "mtgjsonV4Id": "6da32155-e631-57b5-8549-3295e124c720", "multiverseId": "212600", "scryfallId": "e5d3a1cd-d6cd-48ed-b6b3-35cf8e193832", "scryfallIllustrationId": "9aae8e16-2a47-4395-9ba0-c5053c8c2477", "scryfallOracleId": "a0e95a52-5686-4296-b9d3-349d4acf15ea", "tcgplayerProductId": "37169"}, "isOversized": true, "isStarter": true, "language": "English", "layout": "scheme", "legalities": {}, "manaValue": 0.0, "name": "Know Naught but Fire", "number": "23★", "printings": ["OARC"], "purchaseUrls": {"cardKingdom": "https://mtgjson.com/links/0fde71ffd79bc829", "tcgplayer": "https://mtgjson.com/links/4fd4fdc92c74f80c"}, "rarity": "common", "rulings": [], "setCode": "OARC", "subtypes": [], "supertypes": [], "text": "When you set this scheme in motion, it deals damage to each opponent equal to the number of cards in that player's hand.", "type": "Scheme", "types": ["Scheme"], "uuid": "8526d6b6-b8d5-536c-8d60-7c69a013db58"}, {"artist": "Todd Lockwood", "availability": ["paper"], "borderColor": "black", "colorIdentity": [], "colors": [], "convertedManaCost": 0.0, "finishes": ["nonfoil"], "flavorText": "\"Today I take the reins of destiny itself. Today the Draconic Apocalypse is upon you.\"", "foreignData": [], "frameVersion": "2003", "hasFoil": false, "hasNonFoil": true, "identifiers": {"cardKingdomId": "131295", "mcmId": "240617", "mtgjsonV4Id": "87d71a18-b258-51d6-ba25-03d3f9076d27", "multiverseId": "212579", "scryfallId": "136f72e2-0b39-4241-bd89-1dc41af79efe", "scryfallIllustrationId": "ca8e1754-e469-42e1-9940-9b0f8378b4f6", "scryfallOracleId": "3d817987-79ee-40a9-891c-726d55df4e44", "tcgplayerProductId": "37177"}, "isOversized": true, "isStarter": true, "language": "English", "layout": "scheme", "legalities": {}, "manaValue": 0.0, "name": "Look Skyward and Despair", "number": "24★", "printings": ["OARC"], "purchaseUrls": {"cardKingdom": "https://mtgjson.com/links/e3034da4a0321ff0", "tcgplayer": "https://mtgjson.com/links/cb8b90bbb39e56f6"}, "rarity": "common", "rulings": [], "setCode": "OARC", "subtypes": [], "supertypes": [], "text": "When you set this scheme in motion, create a 5/5 red Dragon creature token with flying.", "type": "Scheme", "types": ["Scheme"], "uuid": "8a59fd3f-93c6-5081-93a5-146f04110d83"}, {"artist": "John Matson", "availability": ["paper"], "borderColor": "black", "colorIdentity": [], "colors": [], "convertedManaCost": 0.0, "finishes": ["nonfoil"], "flavorText": "\"This should halt the spread of your insolence.\"", "foreignData": [], "frameVersion": "2003", "hasFoil": false, "hasNonFoil": true, "identifiers": {"cardKingdomId": "131285", "mcmId": "240622", "mtgjsonV4Id": "5ed343cf-36c1-5dcf-9243-455ebeaec19f", "multiverseId": "212606", "scryfallId": "170ee3d9-f7a2-4b45-bab1-4054c0ed8f9b", "scryfallIllustrationId": "56d8b597-eaa3-4745-8372-a7cc48cd1754", "scryfallOracleId": "95342732-9c85-42a5-9063-539f26cf85c2", "tcgplayerProductId": "37182"}, "isOversized": true, "isStarter": true, "language": "English", "layout": "scheme", "legalities": {}, "manaValue": 0.0, "name": "May Civilization Collapse", "number": "25★", "printings": ["OARC"], "purchaseUrls": {"cardKingdom": "https://mtgjson.com/links/a1431268fab6cbd6", "tcgplayer": "https://mtgjson.com/links/45f9b3169c633e7f"}, "rarity": "common", "rulings": [{"date": "2010-06-15", "text": "The targeted player may choose “self” even if they can’t perform the resulting action. For example, a player targeted with Feed the Machine may choose “self” even if they control no creatures."}, {"date": "2010-06-15", "text": "The targeted player may choose “others” even if there are no others (because all of their teammates have lost the game, for example), or the archenemy’s other opponents can’t perform the resulting action."}, {"date": "2010-06-15", "text": "In a Supervillain Rumble game, the targeted player may still choose “others.” Each player who isn’t the active player or the targeted player will thus be affected."}], "setCode": "OARC", "subtypes": [], "supertypes": [], "text": "When you set this scheme in motion, target opponent chooses self or others. If that player chooses self, that player sacrifices two lands. If the player chooses others, each of your other opponents sacrifices a land.", "type": "Scheme", "types": ["Scheme"], "uuid": "222079f7-a115-5318-a183-4c334dc949a2"}, {"artist": "Howard Lyon", "availability": ["paper"], "borderColor": "black", "colorIdentity": [], "colors": [], "convertedManaCost": 0.0, "finishes": ["nonfoil"], "flavorText": "\"I certainly would have accepted my offer of eternal life. But if you choose death instead, who am I to argue?\"", "foreignData": [], "frameVersion": "2003", "hasFoil": false, "hasNonFoil": true, "identifiers": {"cardKingdomId": "131275", "mcmId": "240627", "mtgjsonV4Id": "5489b11e-23df-54f0-bf17-66cc24ea0f0c", "multiverseId": "212608", "scryfallId": "b7354c62-f79c-43d5-9c6e-270f35a77ee4", "scryfallIllustrationId": "2167e5b7-cb03-441c-b7a7-cfc7c4b4444a", "scryfallOracleId": "5bc91576-572c-4131-a013-70bc1eb6ab23", "tcgplayerProductId": "37187"}, "isOversized": true, "isStarter": true, "language": "English", "layout": "scheme", "legalities": {}, "manaValue": 0.0, "name": "Mortal Flesh Is Weak", "number": "26★", "printings": ["OARC"], "purchaseUrls": {"cardKingdom": "https://mtgjson.com/links/ea5d1de88f69f035", "tcgplayer": "https://mtgjson.com/links/498c72ca60402bc3"}, "rarity": "common", "rulings": [{"date": "2010-06-15", "text": "For a player’s life total to become a certain number that’s lower than their current life total, what actually happens is that the player loses the appropriate amount of life. For example, if the lowest life total among your opponents is 5 and another opponent has 12 life, this scheme’s ability will cause that player to lose 7 life. Abilities that interact with life loss will interact with this effect accordingly."}], "setCode": "OARC", "subtypes": [], "supertypes": [], "text": "When you set this scheme in motion, each opponent's life total becomes the lowest life total among your opponents.", "type": "Scheme", "types": ["Scheme"], "uuid": "7282d7cd-029c-58d0-8106-0a7829352ae3"}, {"artist": "Alex Horley-Orlandelli", "availability": ["paper"], "borderColor": "black", "colorIdentity": [], "colors": [], "convertedManaCost": 0.0, "finishes": ["nonfoil"], "foreignData": [], "frameVersion": "2003", "hasFoil": false, "hasNonFoil": true, "identifiers": {"cardKingdomId": "131296", "mcmId": "240629", "mtgjsonV4Id": "ad5b4e23-2e6d-5a30-9daa-9817182c5665", "multiverseId": "212611", "scryfallId": "da7a8704-c7a1-4552-bed2-ad61ce41829c", "scryfallIllustrationId": "d8e0af3c-4a12-4ed7-9561-c0e50119371c", "scryfallOracleId": "b5a2ada4-6142-4f0b-9dff-265aac440eac", "tcgplayerProductId": "37190"}, "isOversized": true, "isStarter": true, "language": "English", "layout": "scheme", "legalities": {}, "manaValue": 0.0, "name": "My Crushing Masterstroke", "number": "27★", "printings": ["OARC"], "purchaseUrls": {"cardKingdom": "https://mtgjson.com/links/adc83358694e8599", "tcgplayer": "https://mtgjson.com/links/6f9d0b69532bee0d"}, "rarity": "common", "rulings": [{"date": "2010-06-15", "text": "Each of those permanents attacks its owner if able, not necessarily the player you gained control of it from."}, {"date": "2010-06-15", "text": "Any of those permanents that are creatures at the time your declare attackers step begins must attack its owner if able. This includes permanents that became creatures after you gained control of them, such as an animated Chimeric Staff. Any of those permanents that aren’t creatures at that time can’t attack."}, {"date": "2010-06-15", "text": "If, during your declare attackers step, one of the creatures you gained control of this way is tapped or is affected by a spell or ability that says it can’t attack, then it doesn’t attack. If there’s a cost associated with having that creature attack, you aren’t forced to pay that cost, so it doesn’t have to attack in that case either."}, {"date": "2010-06-15", "text": "If one of those creatures can’t attack its owner that turn due to a spell or ability (such as Chronomantic Escape), you may have it attack another player, attack a planeswalker an opponent controls, or not attack at all. If there’s a cost with having that creature attack its owner, you aren’t forced to pay that cost, so you may have it attack another player, attack a planeswalker an opponent controls, or not attack at all."}], "setCode": "OARC", "subtypes": [], "supertypes": [], "text": "When you set this scheme in motion, gain control of all nonland permanents your opponents control until end of turn. Untap those permanents. They gain haste until end of turn. Each of them attacks its owner this turn if able.", "type": "Scheme", "types": ["Scheme"], "uuid": "849118ca-166f-54f7-88ae-7d620fd560f5"}, {"artist": "John Stanko", "availability": ["paper"], "borderColor": "black", "colorIdentity": [], "colors": [], "convertedManaCost": 0.0, "finishes": ["nonfoil"], "flavorText": "\"I can see . . . everything. The beginning and the end of time. The raw edges of reality. And now I see exactly how to kill you.\"", "foreignData": [], "frameVersion": "2003", "hasFoil": false, "hasNonFoil": true, "identifiers": {"cardKingdomId": "131264", "mcmId": "240630", "mtgjsonV4Id": "07707e35-38f8-538a-be2a-f4134bcfc09b", "multiverseId": "212661", "scryfallId": "d6c88092-6a6a-4177-9dc5-18627b85a084", "scryfallIllustrationId": "a8b4fa26-34ba-4821-a1f2-bcfe21cee8b6", "scryfallOracleId": "ea35c675-a70a-4e17-be15-23fe0f32ef84", "tcgplayerProductId": "37191"}, "isOversized": true, "isStarter": true, "language": "English", "layout": "scheme", "legalities": {}, "manaValue": 0.0, "name": "My Genius Knows No Bounds", "number": "28★", "printings": ["OARC"], "purchaseUrls": {"cardKingdom": "https://mtgjson.com/links/1568d4f0eb260d34", "tcgplayer": "https://mtgjson.com/links/8541cee2e9da5f41"}, "rarity": "common", "rulings": [{"date": "2010-06-15", "text": "As the ability resolves, you choose a value for X and decide whether to pay {X}. If you do decide to pay {X}, it’s too late for any player to respond since the ability is already in the midst of resolving."}], "setCode": "OARC", "subtypes": [], "supertypes": [], "text": "When you set this scheme in motion, you may pay {X}. If you do, you gain X life and draw X cards.", "type": "Scheme", "types": ["Scheme"], "uuid": "68ae9aee-6c73-5840-89ad-cebe601bb19c"}, {"artist": "Thomas M. Baxa", "availability": ["paper"], "borderColor": "black", "colorIdentity": [], "colors": [], "convertedManaCost": 0.0, "finishes": ["nonfoil"], "foreignData": [], "frameVersion": "2003", "hasFoil": false, "hasNonFoil": true, "identifiers": {"cardKingdomId": "131276", "mcmId": "240631", "mtgjsonV4Id": "c44060fb-d47c-5007-817a-cab362c936d2", "multiverseId": "212620", "scryfallId": "1812bb11-0643-4559-81d0-74731b2a25fb", "scryfallIllustrationId": "3d4dd773-28c7-4586-8ac8-856e2690a965", "scryfallOracleId": "040e7562-239c-4186-93d1-d5f448244bab", "tcgplayerProductId": "37192"}, "isOversized": true, "isStarter": true, "language": "English", "layout": "scheme", "legalities": {}, "manaValue": 0.0, "name": "My Undead Horde Awakens", "number": "29★", "printings": ["OARC"], "purchaseUrls": {"cardKingdom": "https://mtgjson.com/links/199025d9008e6c11", "tcgplayer": "https://mtgjson.com/links/ee48dac966f517ca"}, "rarity": "common", "rulings": [{"date": "2010-06-15", "text": "You put a creature card on the battlefield this way during the end step of each of your turns. As soon as any one of those creatures is put back into a graveyard for any reason, this scheme is abandoned."}, {"date": "2010-06-15", "text": "When this scheme is abandoned, nothing happens to the rest of the creatures that were put onto the battlefield with it. They simply remain on the battlefield."}], "setCode": "OARC", "subtypes": [], "supertypes": ["Ongoing"], "text": "(An ongoing scheme remains face up until it's abandoned.)\nAt the beginning of your end step, you may put target creature card from an opponent's graveyard onto the battlefield under your control.\nWhen a creature put onto the battlefield with this scheme dies, abandon this scheme.", "type": "Ongoing Scheme", "types": ["Scheme"], "uuid": "d58fb9ac-900c-5c11-91db-02dccccf55f8"}, {"artist": "Steve Prescott", "availability": ["paper"], "borderColor": "black", "colorIdentity": [], "colors": [], "convertedManaCost": 0.0, "finishes": ["nonfoil"], "flavorText": "\"Indulge me. Just one spell. One potentially fatal spell gone horribly awry.\"", "foreignData": [], "frameVersion": "2003", "hasFoil": false, "hasNonFoil": true, "identifiers": {"cardKingdomId": "131297", "mcmId": "240632", "mtgjsonV4Id": "d98306af-2228-5d70-a984-212cd9227d46", "multiverseId": "212607", "scryfallId": "1bf33ac0-772e-45f9-ae69-9f6d5938bcfa", "scryfallIllustrationId": "f199bb3e-415c-47db-b2a7-a08e98595d07", "scryfallOracleId": "67a28689-0a54-4139-9146-0f1eb3bddc6e", "tcgplayerProductId": "37193"}, "isOversized": true, "isStarter": true, "language": "English", "layout": "scheme", "legalities": {}, "manaValue": 0.0, "name": "My Wish Is Your Command", "number": "30★", "printings": ["OARC"], "purchaseUrls": {"cardKingdom": "https://mtgjson.com/links/21c45a769cef0aae", "tcgplayer": "https://mtgjson.com/links/7e3a709a7ebae081"}, "rarity": "common", "rulings": [{"date": "2010-06-15", "text": "You choose a total of one card, and that card can’t be a creature or a land."}, {"date": "2010-06-15", "text": "If you choose a card, you cast it as part of the resolution of this ability. Timing restrictions based on the card’s type are ignored. Other restrictions are not (such as “Cast [this card] only during your end step”)."}, {"date": "2010-06-15", "text": "If you choose a card you can’t cast (because there are no legal targets for the spell, for example), nothing happens to it. It remains in its owner’s hand."}, {"date": "2010-06-15", "text": "If you cast a card “without paying its mana cost,” the value of any X in the card’s mana cost must be 0. You can’t pay any alternative costs for that card. On the other hand, if the card has optional additional costs (such as kicker or replicate), you may pay those when you cast the card. If the card has mandatory additional costs (such as Fling does), you must pay those when you cast the card."}], "setCode": "OARC", "subtypes": [], "supertypes": [], "text": "When you set this scheme in motion, each opponent reveals their hand. You may choose a noncreature, nonland card revealed this way and cast it without paying its mana cost.", "type": "Scheme", "types": ["Scheme"], "uuid": "4af01f93-c178-584c-acda-952d0f714891"}, {"artist": "John Matson", "availability": ["paper"], "borderColor": "black", "colorIdentity": [], "colors": [], "convertedManaCost": 0.0, "finishes": ["nonfoil"], "foreignData": [], "frameVersion": "2003", "hasFoil": false, "hasNonFoil": true, "identifiers": {"cardKingdomId": "131286", "mcmId": "240634", "mtgjsonV4Id": "9da06f0e-31b3-53d7-898d-d4c7cd0a7c73", "multiverseId": "212601", "scryfallId": "88bb31fb-e7df-47e2-88dc-18a29ea8ee98", "scryfallIllustrationId": "8b8aeac2-ba8d-48af-8a3d-02a37add6ece", "scryfallOracleId": "041edb3a-e7f3-4118-9974-99b622d18b09", "tcgplayerProductId": "37195"}, "isOversized": true, "isStarter": true, "language": "English", "layout": "scheme", "legalities": {}, "manaValue": 0.0, "name": "Nature Demands an Offering", "number": "31★", "printings": ["OARC"], "purchaseUrls": {"cardKingdom": "https://mtgjson.com/links/06c05867674efe7a", "tcgplayer": "https://mtgjson.com/links/5ed504b52c3872f1"}, "rarity": "common", "rulings": [{"date": "2010-06-15", "text": "The targeted opponent may choose a creature they control, or may choose a creature one of your other opponents controls. The same is true for each of the other permanent types listed."}, {"date": "2010-06-15", "text": "The four permanents are put on top of their owners’ libraries in sequence. That means that a single artifact creature, for example, can’t be chosen as both the creature and as the artifact."}, {"date": "2010-06-15", "text": "If there are no applicable choices for one of the permanent types, it’s simply skipped. The process is still repeated for the other listed permanent types."}, {"date": "2010-06-15", "text": "If a player owns multiple permanents chosen this way, that player shuffles their library just once."}, {"date": "2010-06-15", "text": "The owner of a token permanent chosen this way still shuffles their library, even though the token ceases to exist."}, {"date": "2010-06-15", "text": "If one of the chosen permanents is controlled by an opponent but owned by you, you’ll wind up shuffling your library."}], "setCode": "OARC", "subtypes": [], "supertypes": [], "text": "When you set this scheme in motion, target opponent chooses a creature you don't control and puts it on top of its owner's library, then repeats this process for an artifact, an enchantment, and a land. Then the owner of each permanent chosen this way shuffles.", "type": "Scheme", "types": ["Scheme"], "uuid": "9ec0076d-8e93-5ad4-89a5-01d7d1d4601c"}, {"artist": "John Stanko", "availability": ["paper"], "borderColor": "black", "colorIdentity": [], "colors": [], "convertedManaCost": 0.0, "finishes": ["nonfoil"], "foreignData": [], "frameVersion": "2003", "hasFoil": false, "hasNonFoil": true, "identifiers": {"cardKingdomId": "131287", "mcmId": "240635", "mtgjsonV4Id": "5a18bf9d-8dc2-5124-90a1-6c1c094038d0", "multiverseId": "212577", "scryfallId": "8e6c64f4-529b-4ee2-a2d9-ee0b2041f4f0", "scryfallIllustrationId": "bb9e33fd-bd6d-48ab-b68c-2f3083a5a413", "scryfallOracleId": "42154243-377f-4453-9d24-3c7f0e7ec550", "tcgplayerProductId": "37196"}, "isOversized": true, "isStarter": true, "language": "English", "layout": "scheme", "legalities": {}, "manaValue": 0.0, "name": "Nature Shields Its Own", "number": "32★", "printings": ["OARC"], "purchaseUrls": {"cardKingdom": "https://mtgjson.com/links/e9dc493ebd98274f", "tcgplayer": "https://mtgjson.com/links/efd54f278cf41244"}, "rarity": "common", "rulings": [{"date": "2010-06-15", "text": "You’re the defending player if a creature is attacking you or a planeswalker you control."}, {"date": "2010-06-15", "text": "For each unblocked creature attacking you, you must put a Plant token onto the battlefield blocking it, even if you don’t want to."}, {"date": "2010-06-15", "text": "The Plant token blocks the attacking creature even if the block couldn’t legally be declared (for example, if the attacking creature has flying)."}, {"date": "2010-06-15", "text": "Putting a blocking creature onto the battlefield doesn’t trigger “Whenever a creature blocks” abilities. It also won’t check blocking restrictions, costs, or requirements."}, {"date": "2010-06-15", "text": "Putting a blocking creature onto the battlefield will trigger “When this creature becomes blocked by a creature” abilities. It will also trigger “When this creature becomes blocked” abilities in this case, because the attacking creature had not yet been blocked that combat."}, {"date": "2010-06-15", "text": "The last ability triggers only if four or more creatures were declared as attackers during your opponents’ declare attackers step. Only creatures attacking you are counted; creatures attacking your planeswalkers are not. The creatures may be controlled by different players."}], "setCode": "OARC", "subtypes": [], "supertypes": ["Ongoing"], "text": "(An ongoing scheme remains face up until it's abandoned.)\nWhenever a creature attacks and isn't blocked, if you're the defending player, create a 0/1 green Plant creature token that's blocking that creature.\nWhen four or more creatures attack you, abandon this scheme at end of combat.", "type": "Ongoing Scheme", "types": ["Scheme"], "uuid": "90d4bb02-43b9-591c-8364-ce7224d923d5"}, {"artist": "Jesper Ejsing", "availability": ["paper"], "borderColor": "black", "colorIdentity": [], "colors": [], "convertedManaCost": 0.0, "finishes": ["nonfoil"], "foreignData": [], "frameVersion": "2003", "hasFoil": false, "hasNonFoil": true, "identifiers": {"cardKingdomId": "131265", "mcmId": "240636", "mtgjsonV4Id": "92f1b5ea-3ede-56ce-b98b-9c68be7efe92", "multiverseId": "212624", "scryfallId": "6140a08a-be62-460a-a85a-5caa3d88bf29", "scryfallIllustrationId": "6339ff8f-8e5c-4c3c-9581-8d63f42dc90a", "scryfallOracleId": "0d239f58-d71d-4fdc-823d-d61bb7762389", "tcgplayerProductId": "37197"}, "isOversized": true, "isStarter": true, "language": "English", "layout": "scheme", "legalities": {}, "manaValue": 0.0, "name": "Nothing Can Stop Me Now", "number": "33★", "printings": ["OARC"], "purchaseUrls": {"cardKingdom": "https://mtgjson.com/links/192c32b071a275d3", "tcgplayer": "https://mtgjson.com/links/610c8313ce71a156"}, "rarity": "common", "rulings": [{"date": "2010-06-15", "text": "The prevention effect doesn’t affect damage dealt to a planeswalker you control (such as combat damage)."}, {"date": "2010-06-15", "text": "The prevention effect prevents 1 damage from each source an opponent controls each time that source would deal damage to you. It prevents damage of any kind, not just combat damage."}, {"date": "2010-06-15", "text": "The last ability won’t trigger at all unless, as an end step starts, you have already been dealt 5 or more damage that turn. It doesn’t matter whether any of it was combat damage or not, nor does it matter who controlled the sources of that damage. (In other words, it will count damage dealt to you by sources you control.)"}, {"date": "2010-06-15", "text": "The effects from more than one of these schemes are cumulative."}], "setCode": "OARC", "subtypes": [], "supertypes": ["Ongoing"], "text": "(An ongoing scheme remains face up until it's abandoned.)\nIf a source an opponent controls would deal damage to you, prevent 1 of that damage.\nAt the beginning of each end step, if you've been dealt 5 or more damage this turn, abandon this scheme.", "type": "Ongoing Scheme", "types": ["Scheme"], "uuid": "c50a259e-132d-5e9f-b205-352adc41f752"}, {"artist": "Paul Bonner", "availability": ["paper"], "borderColor": "black", "colorIdentity": [], "colors": [], "convertedManaCost": 0.0, "finishes": ["nonfoil"], "flavorText": "\"But nothing will end your regret.\"", "foreignData": [], "frameVersion": "2003", "hasFoil": false, "hasNonFoil": true, "identifiers": {"cardKingdomId": "131277", "mcmId": "240639", "mtgjsonV4Id": "38cfba4a-c655-56e2-9228-27b771b36007", "multiverseId": "212622", "scryfallId": "48942e5b-33ab-452e-96d2-8834af1bb697", "scryfallIllustrationId": "b9acd5df-9c2e-4898-8d19-5f6359652a02", "scryfallOracleId": "147895ee-c438-4ebb-bf3c-a5ab522fd3fc", "tcgplayerProductId": "37200"}, "isOversized": true, "isStarter": true, "language": "English", "layout": "scheme", "legalities": {}, "manaValue": 0.0, "name": "Only Blood Ends Your Nightmares", "number": "34★", "printings": ["OARC"], "purchaseUrls": {"cardKingdom": "https://mtgjson.com/links/842949ceab6ea4da", "tcgplayer": "https://mtgjson.com/links/49c11b71ec7d0fe0"}, "rarity": "common", "rulings": [{"date": "2010-06-15", "text": "Each opponent who can sacrifice a creature must do so, and thus won’t discard any cards. Each opponent who can’t sacrifice a creature (either because they don’t control any, or because they control Tajuru Preserver) will wind up discarding two cards. Your opponents have no choice in the matter."}], "setCode": "OARC", "subtypes": [], "supertypes": [], "text": "When you set this scheme in motion, each opponent sacrifices a creature. Then each opponent who didn't sacrifice a creature discards two cards.", "type": "Scheme", "types": ["Scheme"], "uuid": "088a7693-b345-559f-9fdd-574a9797ba5d"}, {"artist": "Ralph Horsley", "availability": ["paper"], "borderColor": "black", "colorIdentity": [], "colors": [], "convertedManaCost": 0.0, "finishes": ["nonfoil"], "flavorText": "\"Cretins build machines. I construct destiny.\"", "foreignData": [], "frameVersion": "2003", "hasFoil": false, "hasNonFoil": true, "identifiers": {"cardKingdomId": "131268", "mcmId": "240681", "mtgjsonV4Id": "105e8f12-9894-51f0-82f0-2175819557a8", "multiverseId": "212604", "scryfallId": "64d3c5aa-1fc9-4ec4-b876-21c24e36c5a7", "scryfallIllustrationId": "246cd71a-7aa8-4080-af6d-fea3ab9e3263", "scryfallOracleId": "4cc50de7-be1c-4669-82f1-2de7725cbbeb", "tcgplayerProductId": "37244"}, "isOversized": true, "isStarter": true, "language": "English", "layout": "scheme", "legalities": {}, "manaValue": 0.0, "name": "The Pieces Are Coming Together", "number": "35★", "printings": ["OARC"], "purchaseUrls": {"cardKingdom": "https://mtgjson.com/links/3f15feab18deda93", "tcgplayer": "https://mtgjson.com/links/83bf0aff09da7aa3"}, "rarity": "common", "rulings": [], "setCode": "OARC", "subtypes": [], "supertypes": [], "text": "When you set this scheme in motion, draw two cards. Artifact spells you cast this turn cost {2} less to cast.", "type": "Scheme", "types": ["Scheme"], "uuid": "45207092-b54a-5aca-ae3c-ab7a67786b08"}, {"artist": "Véronique Meignaud", "availability": ["paper"], "borderColor": "black", "colorIdentity": [], "colors": [], "convertedManaCost": 0.0, "finishes": ["nonfoil"], "flavorText": "\"Look around you. All you behold is mine to rule. It's the natural way.\"", "foreignData": [], "frameVersion": "2003", "hasFoil": false, "hasNonFoil": true, "identifiers": {"cardKingdomId": "131266", "mcmId": "240648", "mtgjsonV4Id": "53c3f78d-adfe-521a-98f0-5a35e65a8690", "multiverseId": "212653", "scryfallId": "873ea66b-030f-4a3f-ab74-b2e7d135f1bd", "scryfallIllustrationId": "53227a8e-f740-4083-9fe6-14a155b4f197", "scryfallOracleId": "1b2b25fa-cf36-48ae-8731-20af8407b27f", "tcgplayerProductId": "37210"}, "isOversized": true, "isStarter": true, "language": "English", "layout": "scheme", "legalities": {}, "manaValue": 0.0, "name": "Realms Befitting My Majesty", "number": "36★", "printings": ["OARC"], "purchaseUrls": {"cardKingdom": "https://mtgjson.com/links/ffcc5ccf9aa9be64", "tcgplayer": "https://mtgjson.com/links/bd8fcfa1bb38fbb4"}, "rarity": "common", "rulings": [], "setCode": "OARC", "subtypes": [], "supertypes": [], "text": "When you set this scheme in motion, search your library for up to two basic land cards, put them onto the battlefield tapped, then shuffle.", "type": "Scheme", "types": ["Scheme"], "uuid": "badcbd5d-6cf8-5733-87c7-f09493a52fa4"}, {"artist": "Paul Bonner", "availability": ["paper"], "borderColor": "black", "colorIdentity": [], "colors": [], "convertedManaCost": 0.0, "finishes": ["nonfoil"], "flavorText": "\"I assure you, these are not the kind that thrive on sunlight and water.\"", "foreignData": [], "frameVersion": "2003", "hasFoil": false, "hasNonFoil": true, "identifiers": {"cardKingdomId": "131288", "mcmId": "240651", "mtgjsonV4Id": "6bb00e2a-abb9-5872-88d1-1983f8e18078", "multiverseId": "212602", "scryfallId": "c00f6b2c-8340-4b22-9553-252bb2905c6e", "scryfallIllustrationId": "f79eb527-7be9-4d8a-a840-c06cf9c27e69", "scryfallOracleId": "16221a43-f6f7-4a76-93bc-cc3d3c367d75", "tcgplayerProductId": "37213"}, "isOversized": true, "isStarter": true, "language": "English", "layout": "scheme", "legalities": {}, "manaValue": 0.0, "name": "Roots of All Evil", "number": "37★", "printings": ["OARC"], "purchaseUrls": {"cardKingdom": "https://mtgjson.com/links/ee3dd4fe48529f87", "tcgplayer": "https://mtgjson.com/links/42af068ef9430e96"}, "rarity": "common", "rulings": [], "setCode": "OARC", "subtypes": [], "supertypes": [], "text": "When you set this scheme in motion, create five 1/1 green Saproling creature tokens.", "type": "Scheme", "types": ["Scheme"], "uuid": "8c99b6de-0099-5cfe-8ee9-2dd3723e1aca"}, {"artist": "Steve Prescott", "availability": ["paper"], "borderColor": "black", "colorIdentity": [], "colors": [], "convertedManaCost": 0.0, "finishes": ["nonfoil"], "flavorText": "\"Don't come back until you've got brains in your teeth.\"", "foreignData": [], "frameVersion": "2003", "hasFoil": false, "hasNonFoil": true, "identifiers": {"cardKingdomId": "131278", "mcmId": "240652", "mtgjsonV4Id": "96df2f09-7373-5f9c-a49d-e30ef6105ffd", "multiverseId": "212583", "scryfallId": "5fedc387-8479-4bff-9378-93789f3ce8a0", "scryfallIllustrationId": "3d997abc-f9c0-48d2-bf0b-e3d3ed48bfe4", "scryfallOracleId": "5056d7df-aebf-4a2b-b782-05a630302759", "tcgplayerProductId": "37214"}, "isOversized": true, "isStarter": true, "language": "English", "layout": "scheme", "legalities": {}, "manaValue": 0.0, "name": "Rotted Ones, Lay Siege", "number": "38★", "printings": ["OARC"], "purchaseUrls": {"cardKingdom": "https://mtgjson.com/links/405133f5c44d39f7", "tcgplayer": "https://mtgjson.com/links/28d719f8fdc93ea3"}, "rarity": "common", "rulings": [{"date": "2010-06-15", "text": "For each Zombie token you put onto the battlefield this way, make sure it’s clear who its designated player is. A token’s designated player won’t change for the rest of the game."}, {"date": "2010-06-15", "text": "Each of these Zombies must attack its designated player, not a planeswalker that player controls."}, {"date": "2010-06-15", "text": "If, during your declare attackers step, one of these Zombies is tapped or is affected by a spell or ability that says it can’t attack, then it doesn’t attack. If there’s a cost associated with having that creature attack, you aren’t forced to pay that cost, so it doesn’t have to attack in that case either."}, {"date": "2010-06-15", "text": "If one of these Zombies can’t attack its designated player during any given turn (because that player has left the game, due to a spell or ability such as Chronomantic Escape, or because a player on the opposing team has gained control of it, for example), it may attack another player, attack a planeswalker an opponent controls, or not attack at all. If there’s a cost with having that creature attack its designated player, you aren’t forced to pay that cost, so it may attack another player, attack a planeswalker an opponent controls, or not attack at all."}, {"date": "2010-06-15", "text": "If there are multiple combat phases in a turn, each of these Zombies must attack its designated player in each of them that it’s able to."}], "setCode": "OARC", "subtypes": [], "supertypes": [], "text": "When you set this scheme in motion, for each opponent, create a 2/2 black Zombie creature token that attacks that player each combat if able.", "type": "Scheme", "types": ["Scheme"], "uuid": "2370bfdc-639c-5a94-9c07-4e4263f01f93"}, {"artist": "Howard Lyon", "availability": ["paper"], "borderColor": "black", "colorIdentity": [], "colors": [], "convertedManaCost": 0.0, "finishes": ["nonfoil"], "flavorText": "\"Or, if you prefer, just surrender.\"", "foreignData": [], "frameVersion": "2003", "hasFoil": false, "hasNonFoil": true, "identifiers": {"cardKingdomId": "131279", "mcmId": "240672", "mtgjsonV4Id": "bfe48725-91e2-51be-a7f3-6e97eb51d497", "multiverseId": "212598", "scryfallId": "5ee25726-12a9-4fe1-ae9f-60d3ad644439", "scryfallIllustrationId": "85128aa8-ed53-4948-993f-510bcb48515e", "scryfallOracleId": "fafc6079-e6a7-40b9-bbfb-d78c9fc5fda2", "tcgplayerProductId": "37234"}, "isOversized": true, "isStarter": true, "language": "English", "layout": "scheme", "legalities": {}, "manaValue": 0.0, "name": "Surrender Your Thoughts", "number": "39★", "printings": ["OARC"], "purchaseUrls": {"cardKingdom": "https://mtgjson.com/links/ca70258badc393b4", "tcgplayer": "https://mtgjson.com/links/220b7535cb2b35f6"}, "rarity": "common", "rulings": [{"date": "2010-06-15", "text": "The targeted player may choose “self” even if they can’t perform the resulting action. For example, a player targeted with Feed the Machine may choose “self” even if they control no creatures."}, {"date": "2010-06-15", "text": "The targeted player may choose “others” even if there are no others (because all of their teammates have lost the game, for example), or the archenemy’s other opponents can’t perform the resulting action."}, {"date": "2010-06-15", "text": "In a Supervillain Rumble game, the targeted player may still choose “others.” Each player who isn’t the active player or the targeted player will thus be affected."}], "setCode": "OARC", "subtypes": [], "supertypes": [], "text": "When you set this scheme in motion, target opponent chooses self or others. If that player chooses self, that player discards four cards. If the player chooses others, each of your other opponents discards two cards.", "type": "Scheme", "types": ["Scheme"], "uuid": "08e23c53-8905-5f56-a3d5-dbe8eaf403a2"}, {"artist": "Paul Bonner", "availability": ["paper"], "borderColor": "black", "colorIdentity": [], "colors": [], "convertedManaCost": 0.0, "finishes": ["nonfoil"], "flavorText": "\"Silence your wailing. This is but a taste of the destruction my pets have in store.\"", "foreignData": [], "frameVersion": "2003", "hasFoil": false, "hasNonFoil": true, "identifiers": {"cardKingdomId": "131299", "mcmId": "240686", "mtgjsonV4Id": "9b944f0d-5ca1-5585-843c-d6a20aab8127", "multiverseId": "212590", "scryfallId": "5b42e4a9-4944-4511-a7e3-ac15e03463a9", "scryfallIllustrationId": "f45b15a1-54d4-403d-af0c-f5aba85c11d8", "scryfallOracleId": "ceede28d-57f0-415a-a8cf-bc5d97203cd2", "tcgplayerProductId": "37249"}, "isOversized": true, "isStarter": true, "language": "English", "layout": "scheme", "legalities": {}, "manaValue": 0.0, "name": "Tooth, Claw, and Tail", "number": "40★", "printings": ["OARC"], "purchaseUrls": {"cardKingdom": "https://mtgjson.com/links/f6492be5e7ffa249", "tcgplayer": "https://mtgjson.com/links/b6e5075e58f09b6c"}, "rarity": "common", "rulings": [{"date": "2010-06-15", "text": "You may choose zero, one, two, or three targets."}], "setCode": "OARC", "subtypes": [], "supertypes": [], "text": "When you set this scheme in motion, destroy up to three target nonland permanents.", "type": "Scheme", "types": ["Scheme"], "uuid": "178bddcd-9ff1-5324-8ccd-2e1aef6a8be6"}, {"artist": "Val Mayerik", "availability": ["paper"], "borderColor": "black", "colorIdentity": [], "colors": [], "convertedManaCost": 0.0, "finishes": ["nonfoil"], "foreignData": [], "frameVersion": "2003", "hasFoil": false, "hasNonFoil": true, "identifiers": {"cardKingdomId": "131289", "mcmId": "240682", "mtgjsonV4Id": "d2cbfbe2-574a-5ced-8122-f3644da7b7e9", "multiverseId": "212615", "scryfallId": "a92f4ac3-c179-4adb-9836-de95dac0f6b6", "scryfallIllustrationId": "046075ea-b062-418c-b7ec-5bafac66dbdf", "scryfallOracleId": "5fab8178-4265-4b04-9298-0e199da20a93", "tcgplayerProductId": "37245"}, "isOversized": true, "isStarter": true, "language": "English", "layout": "scheme", "legalities": {}, "manaValue": 0.0, "name": "The Very Soil Shall Shake", "number": "41★", "printings": ["OARC"], "purchaseUrls": {"cardKingdom": "https://mtgjson.com/links/6105e155a283f96c", "tcgplayer": "https://mtgjson.com/links/f0fa42dc7aed8c27"}, "rarity": "common", "rulings": [], "setCode": "OARC", "subtypes": [], "supertypes": ["Ongoing"], "text": "(An ongoing scheme remains face up until it's abandoned.)\nCreatures you control get +2/+2 and have trample.\nWhen a creature you control dies, abandon this scheme.", "type": "Ongoing Scheme", "types": ["Scheme"], "uuid": "e7b0ae4a-af22-5f94-b85a-0e2804dec8f2"}, {"artist": "Steve Prescott", "availability": ["paper"], "borderColor": "black", "colorIdentity": [], "colors": [], "convertedManaCost": 0.0, "finishes": ["nonfoil"], "flavorText": "\"Let that be a lesson to you, your family, and everyone you've ever known.\"", "foreignData": [], "frameVersion": "2003", "hasFoil": false, "hasNonFoil": true, "identifiers": {"cardKingdomId": "131300", "mcmId": "240701", "mtgjsonV4Id": "f85da503-e274-54d0-8006-0ae2a0628ce7", "multiverseId": "212605", "scryfallId": "98b5350a-5279-4290-b969-654a79b43baf", "scryfallIllustrationId": "2d1efa92-9e78-446e-b600-f761e5efd6ce", "scryfallOracleId": "a83d525a-164a-43d9-94a2-084a961a4208", "tcgplayerProductId": "37264"}, "isOversized": true, "isStarter": true, "language": "English", "layout": "scheme", "legalities": {}, "manaValue": 0.0, "name": "Which of You Burns Brightest?", "number": "42★", "printings": ["OARC"], "purchaseUrls": {"cardKingdom": "https://mtgjson.com/links/e337cab7d6ba5ce5", "tcgplayer": "https://mtgjson.com/links/93f78a65cc488554"}, "rarity": "common", "rulings": [{"date": "2010-06-15", "text": "You choose the target opponent when the ability triggers. As the ability resolves, you choose a value for X and decide whether to pay {X}. If you do decide to pay {X}, it’s too late for any player to respond since the ability is already in the midst of resolving."}], "setCode": "OARC", "subtypes": [], "supertypes": [], "text": "When you set this scheme in motion, you may pay {X}. If you do, this scheme deals X damage to target opponent or planeswalker and each creature that player or that planeswalker's controller controls.", "type": "Scheme", "types": ["Scheme"], "uuid": "fc387577-9791-5202-9cde-082c14972d39"}, {"artist": "Steve Prescott", "availability": ["paper"], "borderColor": "black", "colorIdentity": [], "colors": [], "convertedManaCost": 0.0, "finishes": ["nonfoil"], "flavorText": "\"I can't abide laziness. Arise, forces of nature, and serve your master!\"", "foreignData": [], "frameVersion": "2003", "hasFoil": false, "hasNonFoil": true, "identifiers": {"cardKingdomId": "131269", "mcmId": "240704", "mtgjsonV4Id": "4d55d8f3-ed6c-5e01-8c46-42425e47f021", "multiverseId": "212618", "scryfallId": "aea1a231-03d2-4f75-8a43-c5e38ea0dae7", "scryfallIllustrationId": "cbd30335-27ca-481d-83d5-7629a0c8e5c9", "scryfallOracleId": "ab39e291-a020-431b-b518-b6274acd14d5", "tcgplayerProductId": "37267"}, "isOversized": true, "isStarter": true, "language": "English", "layout": "scheme", "legalities": {}, "manaValue": 0.0, "name": "Your Fate Is Thrice Sealed", "number": "43★", "printings": ["OARC"], "purchaseUrls": {"cardKingdom": "https://mtgjson.com/links/34feac990d5c2d57", "tcgplayer": "https://mtgjson.com/links/a3aed465f927b88c"}, "rarity": "common", "rulings": [], "setCode": "OARC", "subtypes": [], "supertypes": [], "text": "When you set this scheme in motion, reveal the top three cards of your library. Put all land cards revealed this way onto the battlefield and the rest into your hand.", "type": "Scheme", "types": ["Scheme"], "uuid": "612e50d7-536e-5b02-97f0-d4ef8aba47e6"}, {"artist": "Martina Pilcerova", "availability": ["paper"], "borderColor": "black", "colorIdentity": [], "colors": [], "convertedManaCost": 0.0, "finishes": ["nonfoil"], "flavorText": "\"I have seen far beyond this imperfect world, into a tomorrow that doesn't include you.\"", "foreignData": [], "frameVersion": "2003", "hasFoil": false, "hasNonFoil": true, "identifiers": {"cardKingdomId": "131270", "mcmId": "240705", "mtgjsonV4Id": "6a783b63-f389-5d04-ab8d-c14abbb9533b", "multiverseId": "212588", "scryfallId": "59c34f7e-bc72-47d1-a61a-ec9b94af47b7", "scryfallIllustrationId": "223a93b3-9613-45d3-9a2c-609e1517f2ab", "scryfallOracleId": "d218019c-b4e9-42d2-b060-a57ae4da7aa5", "tcgplayerProductId": "37268"}, "isOversized": true, "isStarter": true, "language": "English", "layout": "scheme", "legalities": {}, "manaValue": 0.0, "name": "Your Puny Minds Cannot Fathom", "number": "44★", "printings": ["OARC"], "purchaseUrls": {"cardKingdom": "https://mtgjson.com/links/a33f5db8a3306fd7", "tcgplayer": "https://mtgjson.com/links/f842a7f9ac7cf05d"}, "rarity": "common", "rulings": [{"date": "2010-06-15", "text": "What your maximum hand size is (or whether you even have one) matters only during the cleanup step during the ending phase of your turn."}, {"date": "2010-06-15", "text": "The effect doesn’t wear off until just before your next untap step (even if an effect will cause that untap step to be skipped). Effectively, that means it removes your maximum hand size just during the turn in which you set it in motion."}, {"date": "2010-06-15", "text": "If multiple effects modify your hand size, apply them in timestamp order. For example, if you put Null Profusion (an enchantment that says your maximum hand size is two) onto the battlefield and later set this scheme in motion, you’ll have no maximum hand size until your next turn. However, if you set this scheme in motion and then put Null Profusion onto the battlefield that turn, your maximum hand size would be two."}], "setCode": "OARC", "subtypes": [], "supertypes": [], "text": "When you set this scheme in motion, draw four cards. You have no maximum hand size until your next turn.", "type": "Scheme", "types": ["Scheme"], "uuid": "d67f3c09-9cb6-58b6-a7f8-3302d6eb7ab2"}, {"artist": "Alex Horley-Orlandelli", "availability": ["paper"], "borderColor": "black", "colorIdentity": [], "colors": [], "convertedManaCost": 0.0, "finishes": ["nonfoil"], "flavorText": "\"Fool. I'll show you how to use that thing.\"", "foreignData": [], "frameVersion": "2003", "hasFoil": false, "hasNonFoil": true, "identifiers": {"cardKingdomId": "131290", "mcmId": "240706", "mtgjsonV4Id": "4052cd66-157c-5cca-bb93-30c5ef7041e1", "multiverseId": "212609", "scryfallId": "2af68abe-606d-467f-b38f-7604c05a3139", "scryfallIllustrationId": "b4fe5d20-33c1-44d3-809e-e6556cef7d28", "scryfallOracleId": "09a32aff-13fc-4699-90ca-3c9e0271beec", "tcgplayerProductId": "37269"}, "isOversized": true, "isStarter": true, "language": "English", "layout": "scheme", "legalities": {}, "manaValue": 0.0, "name": "Your Will Is Not Your Own", "number": "45★", "printings": ["OARC"], "purchaseUrls": {"cardKingdom": "https://mtgjson.com/links/7056c5d9e7e4a3f2", "tcgplayer": "https://mtgjson.com/links/d18781855911b621"}, "rarity": "common", "rulings": [{"date": "2010-06-15", "text": "You may target any creature an opponent controls, even one that’s already untapped."}], "setCode": "OARC", "subtypes": [], "supertypes": [], "text": "When you set this scheme in motion, gain control of target creature an opponent controls until end of turn. Untap that creature. It gets +3/+3 and gains trample and haste until end of turn.", "type": "Scheme", "types": ["Scheme"], "uuid": "7c6f85e7-9f5b-59f2-bbca-aa99606b0487"}], "code": "OARC", "isFoilOnly": false, "isNonFoilOnly": true, "isOnlineOnly": false, "keyruneCode": "ARC", "name": "Archenemy Schemes", "parentCode": "ARC", "releaseDate": "2010-06-18", "tokens": [], "totalSetSize": 45, "translations": {}, "type": "archenemy"}}