{"meta": {"date": "2022-05-26", "version": "5.2.0+20220526"}, "data": {"baseSetSize": 5, "block": "Commander", "cards": [{"artist": "Eric Deschamps", "availability": ["paper"], "borderColor": "black", "colorIdentity": ["W"], "colors": ["W"], "convertedManaCost": 5.0, "edhrecRank": 5124, "finishes": ["foil"], "foreignData": [], "frameVersion": "2015", "hasFoil": true, "hasNonFoil": false, "identifiers": {"cardKingdomFoilId": "197081", "mcmId": "270979", "mtgjsonV4Id": "a515b3d8-6942-5302-b8ca-9a58762c5443", "scryfallId": "0d8c5514-e2b4-4952-9bfc-8bf370d98ec8", "scryfallIllustrationId": "5f395b89-48ab-4bd7-ac81-0d1c9607d25c", "scryfallOracleId": "a554aa2c-d947-4fc6-929d-d5891f467615", "tcgplayerProductId": "94699"}, "isOversized": true, "isReprint": true, "isStarter": true, "language": "English", "layout": "normal", "leadershipSkills": {"brawl": false, "commander": true, "oathbreaker": true}, "legalities": {"commander": "Legal", "duel": "Legal", "legacy": "Legal", "vintage": "Legal"}, "loyalty": "3", "manaCost": "{3}{W}{W}", "manaValue": 5.0, "name": "Nahiri, the Lithomancer", "number": "10", "printings": ["C14", "OC14", "PLIST", "PZ1"], "purchaseUrls": {"cardKingdomFoil": "https://mtgjson.com/links/c6c8e060dbb556f2", "tcgplayer": "https://mtgjson.com/links/1078fbc1c1e0d1f7"}, "rarity": "mythic", "rulings": [], "securityStamp": "oval", "setCode": "OC14", "subtypes": ["Nahiri"], "supertypes": ["Legendary"], "text": "[+2]: Create a 1/1 white Kor Soldier creature token. You may attach an Equipment you control to it.\n[−2]: You may put an Equipment card from your hand or graveyard onto the battlefield.\n[−10]: Create a colorless Equipment artifact token named Stoneforged Blade. It has indestructible, \"Equipped creature gets +5/+5 and has double strike,\" and equip {0}.\nNahiri, the Lithomancer can be your commander.", "type": "Legendary Planeswalker — Nahiri", "types": ["Planeswalker"], "uuid": "2fa42070-d660-5145-bcba-860b5fd3e129"}, {"artist": "Tyler Jacobson", "availability": ["paper"], "borderColor": "black", "colorIdentity": ["U"], "colors": ["U"], "convertedManaCost": 6.0, "edhrecRank": 2297, "finishes": ["foil"], "foreignData": [], "frameVersion": "2015", "hasFoil": true, "hasNonFoil": false, "identifiers": {"cardKingdomFoilId": "197085", "mcmId": "270980", "mtgjsonV4Id": "a780e3ff-0aa2-54c1-a7b8-5c5b0388775f", "scryfallId": "c86be64e-79d3-4ba8-8d28-f01c994a8a7c", "scryfallIllustrationId": "dc525990-9c96-442b-99f2-e8d83f0f4b59", "scryfallOracleId": "07d0b06b-80cb-4518-92c9-84ea87a7e08a", "tcgplayerProductId": "94700"}, "isOversized": true, "isReprint": true, "isStarter": true, "language": "English", "layout": "normal", "leadershipSkills": {"brawl": false, "commander": true, "oathbreaker": true}, "legalities": {"commander": "Legal", "duel": "Legal", "legacy": "Legal", "vintage": "Legal"}, "loyalty": "5", "manaCost": "{4}{U}{U}", "manaValue": 6.0, "name": "Teferi, Temporal Archmage", "number": "19", "printings": ["C14", "MB1", "OC14", "PZ1"], "purchaseUrls": {"cardKingdomFoil": "https://mtgjson.com/links/9d762d4ea0bca486", "tcgplayer": "https://mtgjson.com/links/da2c8839836a32cc"}, "rarity": "mythic", "rulings": [{"date": "2014-11-07", "text": "If you control Teferi’s emblem, the rule that says you can activate a loyalty ability only if none of that permanent’s loyalty abilities have been activated that turn still applies. In other words, you could activate a planeswalker’s loyalty ability once on your turn and once on each of your opponents’ turns."}, {"date": "2014-11-07", "text": "If you control The Chain Veil (from the Magic 2015 core set) and its activated ability has resolved, and you also control Teferi’s emblem, for each planeswalker you control, you can activate one of its loyalty abilities during that turn any time you could cast an instant, and then you may activate a loyalty ability again that turn (choosing the same loyalty ability or a different one) any time you could cast an instant."}], "securityStamp": "oval", "setCode": "OC14", "subtypes": ["Teferi"], "supertypes": ["Legendary"], "text": "[+1]: Look at the top two cards of your library. Put one of them into your hand and the other on the bottom of your library.\n[−1]: Untap up to four target permanents.\n[−10]: You get an emblem with \"You may activate loyalty abilities of planeswalkers you control on any player's turn any time you could cast an instant.\"\nTeferi, Temporal Archmage can be your commander.", "type": "Legendary Planeswalker — Teferi", "types": ["Planeswalker"], "uuid": "413bf703-4603-5c43-bb48-2e7e0d079193"}, {"artist": "Daarken", "availability": ["paper"], "borderColor": "black", "colorIdentity": ["B"], "colors": ["B"], "convertedManaCost": 5.0, "edhrecRank": 6201, "finishes": ["foil"], "foreignData": [], "frameVersion": "2015", "hasFoil": true, "hasNonFoil": false, "identifiers": {"cardKingdomFoilId": "197084", "mcmId": "270976", "mtgjsonV4Id": "7269a2d8-2d69-533d-a06c-20e83d3bb67f", "scryfallId": "54a43f00-9f9d-4622-9189-93f7fe449ae7", "scryfallIllustrationId": "4a8dbf73-40f6-4a55-a6a3-d5ac336ac092", "scryfallOracleId": "cfc9a2f9-92fa-4608-b98d-f9763c89fc40", "tcgplayerProductId": "94701"}, "isOversized": true, "isReprint": true, "isStarter": true, "language": "English", "layout": "normal", "leadershipSkills": {"brawl": false, "commander": true, "oathbreaker": true}, "legalities": {"commander": "Legal", "duel": "Legal", "legacy": "Legal", "vintage": "Legal"}, "loyalty": "3", "manaCost": "{3}{B}{B}", "manaValue": 5.0, "name": "Ob Nixilis of the Black Oath", "number": "27", "printings": ["C14", "OC14", "PZ1"], "purchaseUrls": {"cardKingdomFoil": "https://mtgjson.com/links/643079565d75d563", "tcgplayer": "https://mtgjson.com/links/4e99a714c01a176c"}, "rarity": "mythic", "rulings": [], "securityStamp": "oval", "setCode": "OC14", "subtypes": ["Nixilis"], "supertypes": ["Legendary"], "text": "[+2]: Each opponent loses 1 life. You gain life equal to the life lost this way.\n[−2]: Create a 5/5 black Demon creature token with flying. You lose 2 life.\n[−8]: You get an emblem with \"{1}{B}, Sacrifice a creature: You gain X life and draw X cards, where X is the sacrificed creature's power.\"\nOb Nixilis of the Black Oath can be your commander.", "type": "Legendary Planeswalker — Nixilis", "types": ["Planeswalker"], "uuid": "190794ee-96e0-593e-9f73-f23c1561db0c"}, {"artist": "Dan Scott", "availability": ["paper"], "borderColor": "black", "colorIdentity": ["R"], "colors": ["R"], "convertedManaCost": 4.0, "edhrecRank": 818, "finishes": ["foil"], "foreignData": [], "frameVersion": "2015", "hasFoil": true, "hasNonFoil": false, "identifiers": {"cardKingdomFoilId": "197082", "mcmId": "270977", "mtgjsonV4Id": "2c2ef48d-c55f-522e-bbc3-66f3f3bb82c2", "scryfallId": "f895bd98-4db0-4acd-9ce5-90c78d799003", "scryfallIllustrationId": "f4a344a0-e517-4be0-bd13-c4393e5b9c72", "scryfallOracleId": "ea9f4de3-fc35-435a-8dff-a5657d14a9bd", "tcgplayerProductId": "94702"}, "isOversized": true, "isReprint": true, "isStarter": true, "language": "English", "layout": "normal", "leadershipSkills": {"brawl": false, "commander": true, "oathbreaker": true}, "legalities": {"commander": "Legal", "duel": "Legal", "legacy": "Legal", "vintage": "Legal"}, "loyalty": "3", "manaCost": "{3}{R}", "manaValue": 4.0, "name": "Daretti, Scrap Savant", "number": "33", "printings": ["C14", "C16", "C21", "CM2", "MB1", "OC14", "PHED", "PZ1"], "purchaseUrls": {"cardKingdomFoil": "https://mtgjson.com/links/d77d1ab9eebbd2e3", "tcgplayer": "https://mtgjson.com/links/d88cb79da143b949"}, "rarity": "mythic", "rulings": [{"date": "2014-11-07", "text": "You may choose to discard zero cards as the first ability resolves. In that case, you won’t draw any cards."}, {"date": "2014-11-07", "text": "You choose which artifact to sacrifice as the second ability resolves. You must sacrifice an artifact if you control at least one at that time. For example, if you control two artifacts when you activate the second ability, but the artifact you intended to sacrifice is destroyed in response, you must sacrifice the other artifact as the ability resolves."}, {"date": "2014-11-07", "text": "The ability of Daretti’s emblem will return the artifact card only if it’s still in your graveyard when the delayed triggered ability resolves at the beginning of the next end step. If the artifact card left your graveyard before that point (even if it was put back into your graveyard), the ability won’t return it to the battlefield."}], "securityStamp": "oval", "setCode": "OC14", "subtypes": ["Daretti"], "supertypes": ["Legendary"], "text": "[+2]: Discard up to two cards, then draw that many cards.\n[−2]: Sacrifice an artifact. If you do, return target artifact card from your graveyard to the battlefield.\n[−10]: You get an emblem with \"Whenever an artifact is put into your graveyard from the battlefield, return that card to the battlefield at the beginning of the next end step.\"\nDaretti, Scrap Savant can be your commander.", "type": "Legendary Planeswalker — Daretti", "types": ["Planeswalker"], "uuid": "5bb61188-b205-5496-81ab-e9ff4b010a58"}, {"artist": "Adam Paquette", "availability": ["paper"], "borderColor": "black", "colorIdentity": ["G"], "colors": ["G"], "convertedManaCost": 5.0, "edhrecRank": 1661, "finishes": ["foil"], "foreignData": [], "frameVersion": "2015", "hasFoil": true, "hasNonFoil": false, "identifiers": {"cardKingdomFoilId": "197083", "mcmId": "270978", "mtgjsonV4Id": "5d799b4e-92bf-56ae-b3ca-70c07b610121", "scryfallId": "dd1e7fc0-e179-4519-9b17-e49d16183786", "scryfallIllustrationId": "0a40fb3c-7165-4cae-9564-ca846436693a", "scryfallOracleId": "659dfdbf-5e9d-4828-a967-348cb3bcf05a", "tcgplayerProductId": "94703"}, "isOversized": true, "isReprint": true, "isStarter": true, "language": "English", "layout": "normal", "leadershipSkills": {"brawl": false, "commander": true, "oathbreaker": true}, "legalities": {"commander": "Legal", "duel": "Legal", "legacy": "Legal", "vintage": "Legal"}, "loyalty": "3", "manaCost": "{3}{G}{G}", "manaValue": 5.0, "name": "Freyalise, Llanowar's Fury", "number": "43", "printings": ["C14", "CC1", "CMA", "OC14", "PLIST", "PZ1"], "purchaseUrls": {"cardKingdomFoil": "https://mtgjson.com/links/ab7f8b5831439c4c", "tcgplayer": "https://mtgjson.com/links/1dcdb5a3aae6d617"}, "rarity": "mythic", "rulings": [], "securityStamp": "oval", "setCode": "OC14", "subtypes": ["Freyalise"], "supertypes": ["Legendary"], "text": "[+2]: Create a 1/1 green Elf Druid creature token with \"{T}: Add {G}.\"\n[−2]: Destroy target artifact or enchantment.\n[−6]: Draw a card for each green creature you control.\nFreyalise, Llanowar's Fury can be your commander.", "type": "Legendary Planeswalker — Freyalise", "types": ["Planeswalker"], "uuid": "0e23784c-9864-56d4-b30c-6e439c278044"}], "code": "OC14", "isFoilOnly": true, "isOnlineOnly": false, "keyruneCode": "C14", "name": "Commander 2014 Oversized", "parentCode": "C14", "releaseDate": "2014-11-07", "tokens": [], "totalSetSize": 5, "translations": {}, "type": "memorabilia"}}