{"meta": {"date": "2022-05-26", "version": "5.2.0+20220526"}, "data": {"baseSetSize": 29, "cards": [{"artist": "Christopher Rush", "availability": ["paper"], "borderColor": "black", "colorIdentity": [], "colors": [], "convertedManaCost": 0.0, "finishes": ["nonfoil"], "flavorText": "2003 Vintage Championship Winner", "foreignData": [], "frameVersion": "2003", "hasFoil": false, "hasNonFoil": true, "identifiers": {"mtgjsonV4Id": "bf6e7239-e9f8-59d4-9573-cf6fedce46d9", "scryfallId": "9c4e9dea-6782-4c8b-a5a1-c72fc2c81dab", "scryfallIllustrationId": "efce0065-8cb2-405f-81cb-50db9d27e316", "scryfallOracleId": "5089ec1a-f881-4d55-af14-5d996171203b"}, "isOversized": true, "isReprint": true, "isReserved": true, "isStarter": true, "language": "English", "layout": "normal", "legalities": {"commander": "Banned", "duel": "Banned", "legacy": "Banned", "vintage": "Restricted"}, "manaCost": "{0}", "manaValue": 0.0, "name": "Black Lotus", "number": "2003", "originalReleaseDate": "2003-07-24", "printings": ["2ED", "CED", "CEI", "LEA", "LEB", "OVNT", "PRM", "VMA"], "purchaseUrls": {}, "rarity": "rare", "rulings": [], "setCode": "OVNT", "subtypes": [], "supertypes": [], "text": "{T}, Sacrifice Black Lotus: Add three mana of any one color.", "type": "Artifact", "types": ["Artifact"], "uuid": "81111465-cc31-5936-899d-9bb26c481b12", "variations": ["1b7fcac7-f912-5311-8b42-57927f4a00ea"]}, {"artist": "Mark Tedin", "availability": ["paper"], "borderColor": "black", "colorIdentity": ["U"], "colors": ["U"], "convertedManaCost": 3.0, "edhrecRank": 1411, "finishes": ["nonfoil"], "flavorText": "2004 Vintage Championship Winner", "foreignData": [], "frameVersion": "2003", "hasFoil": false, "hasNonFoil": true, "identifiers": {"mtgjsonV4Id": "8d6a6276-7dcf-5f58-8422-86ac236fbfea", "scryfallId": "6912ce0b-87cc-4c97-81e1-a66088b5f154", "scryfallIllustrationId": "a28ee1e7-fdc8-41f0-982b-1b3cce037e7d", "scryfallOracleId": "c823e687-6311-4c99-974b-fd77d204141a"}, "isOversized": true, "isReprint": true, "isReserved": true, "isStarter": true, "language": "English", "layout": "normal", "legalities": {"commander": "Legal", "duel": "Banned", "legacy": "Banned", "vintage": "Restricted"}, "manaCost": "{2}{U}", "manaValue": 3.0, "name": "Timetwister", "number": "2004", "originalReleaseDate": "2004-08-19", "printings": ["2ED", "CED", "CEI", "LEA", "LEB", "OVNT", "PRM", "VMA"], "purchaseUrls": {}, "rarity": "rare", "rulings": [{"date": "2013-07-01", "text": "This card won’t be put into your graveyard until after it’s finished resolving, which means it won’t be shuffled into your library as part of its own effect."}], "setCode": "OVNT", "subtypes": [], "supertypes": [], "text": "Each player shuffles their hand and graveyard into their library, then draws seven cards. (Then put Timetwister into its owner's graveyard.)", "type": "Sorcery", "types": ["Sorcery"], "uuid": "5e49456c-4a17-5a53-b4fb-95165705ece2", "variations": ["23f8f85a-67b9-5ba1-bbf2-51689d3ea95a", "b571240b-fcd1-58b2-90be-c4a7c17b75ca", "ce27b3c1-016d-5bb4-8536-4521e8a310d1"]}, {"artist": "Mark Poole", "availability": ["paper"], "borderColor": "black", "colorIdentity": ["U"], "colors": ["U"], "convertedManaCost": 1.0, "finishes": ["nonfoil"], "flavorText": "2005 Vintage Championship Winner", "foreignData": [], "frameVersion": "2003", "hasFoil": false, "hasNonFoil": true, "identifiers": {"mtgjsonV4Id": "30c99d5d-ca8b-5140-a029-f99745eb59e0", "scryfallId": "961d3fd1-0ddc-47bf-8b7b-201b812da0f5", "scryfallIllustrationId": "aac2a0b0-2a6a-4416-88d1-25668f0c5ed4", "scryfallOracleId": "550c74d4-1fcb-406a-b02a-639a760a4380"}, "isOversized": true, "isReprint": true, "isReserved": true, "isStarter": true, "language": "English", "layout": "normal", "legalities": {"commander": "Banned", "duel": "Banned", "legacy": "Banned", "vintage": "Restricted"}, "manaCost": "{U}", "manaValue": 1.0, "name": "Ancestral Recall", "number": "2005", "originalReleaseDate": "2005-08-11", "printings": ["2ED", "CED", "CEI", "LEA", "LEB", "OVNT", "PRM", "VMA"], "purchaseUrls": {}, "rarity": "rare", "rulings": [], "setCode": "OVNT", "subtypes": [], "supertypes": [], "text": "Target player draws three cards.", "type": "Instant", "types": ["Instant"], "uuid": "7f500244-f6e8-5dfe-8c0c-6521725437e4", "variations": ["e05d5c91-e027-5af2-855d-4460540d004c", "a9528ef9-d512-5880-a62a-ccba88e64f7e"]}, {"artist": "Volkan Baǵa", "availability": ["paper"], "borderColor": "black", "colorIdentity": ["W"], "colors": [], "convertedManaCost": 0.0, "finishes": ["nonfoil"], "flavorText": "2006 Vintage Championship Winner", "foreignData": [], "frameVersion": "2003", "hasFoil": false, "hasNonFoil": true, "identifiers": {"mtgjsonV4Id": "3d890fa5-d717-5caf-b17b-7f777922de4b", "scryfallId": "54d106bc-e292-432f-b71a-41c76d6d51f7", "scryfallIllustrationId": "7935ed07-1b87-426f-9e4d-df6999a95e01", "scryfallOracleId": "824597b8-c89a-47ec-8526-7efc6e24ef0e"}, "isOversized": true, "isReprint": true, "isReserved": true, "isStarter": true, "language": "English", "layout": "normal", "legalities": {"commander": "Banned", "duel": "Banned", "legacy": "Banned", "vintage": "Restricted"}, "manaCost": "{0}", "manaValue": 0.0, "name": "Mox Pearl", "number": "2006", "originalReleaseDate": "2006-08-10", "printings": ["2ED", "CED", "CEI", "LEA", "LEB", "OVNT", "PRM", "VMA"], "purchaseUrls": {}, "rarity": "rare", "rulings": [], "setCode": "OVNT", "subtypes": [], "supertypes": [], "text": "{T}: Add {W}.", "type": "Artifact", "types": ["Artifact"], "uuid": "4c2622de-2c4f-55f6-aa7c-318e34a5e0a8", "variations": ["b15f5762-868f-5165-b484-8bc152535fc8", "84b91a7d-38a6-5b21-a4ea-0e4a34e37f29"]}, {"artist": "Volkan Baǵa", "availability": ["paper"], "borderColor": "black", "colorIdentity": ["B"], "colors": [], "convertedManaCost": 0.0, "finishes": ["nonfoil"], "flavorText": "2007 Vintage Championship Winner", "foreignData": [], "frameVersion": "2003", "hasFoil": false, "hasNonFoil": true, "identifiers": {"mtgjsonV4Id": "c6b9bb51-9228-53f3-bf5f-d75c99cf5ba1", "scryfallId": "82c29923-0055-42de-9041-f79abf23c9f2", "scryfallIllustrationId": "000acd9f-a737-47ea-a1d9-709c0ce6e737", "scryfallOracleId": "0677f49e-f8bf-4349-af52-2ccde9287c2e"}, "isOversized": true, "isReprint": true, "isReserved": true, "isStarter": true, "language": "English", "layout": "normal", "legalities": {"commander": "Banned", "duel": "Banned", "legacy": "Banned", "vintage": "Restricted"}, "manaCost": "{0}", "manaValue": 0.0, "name": "Mox Jet", "number": "2007", "originalReleaseDate": "2007-08-16", "printings": ["2ED", "CED", "CEI", "LEA", "LEB", "OVNT", "PRM", "VMA"], "purchaseUrls": {}, "rarity": "rare", "rulings": [], "setCode": "OVNT", "subtypes": [], "supertypes": [], "text": "{T}: Add {B}.", "type": "Artifact", "types": ["Artifact"], "uuid": "c5d30e51-b2ff-50e5-b847-70fda0ea6e45", "variations": ["ef3f8c63-d752-5fee-81c5-8e16563d9094", "0510ae0b-7875-5835-9a2a-42881eb18691"]}, {"artist": "Volkan Baǵa", "availability": ["paper"], "borderColor": "black", "colorIdentity": ["R"], "colors": [], "convertedManaCost": 0.0, "finishes": ["nonfoil"], "flavorText": "2008 Vintage Championship Winner", "foreignData": [], "frameVersion": "2003", "hasFoil": false, "hasNonFoil": true, "identifiers": {"mtgjsonV4Id": "b66eb5d2-ca7a-5699-a700-97193fe7e586", "scryfallId": "ed1f6c3f-892d-4478-9534-dad50c60b727", "scryfallIllustrationId": "2816d902-36fd-45c1-b6ec-d50f234f9431", "scryfallOracleId": "ed85fa82-e4fa-434b-92a8-36b6075708d1"}, "isOversized": true, "isReprint": true, "isReserved": true, "isStarter": true, "language": "English", "layout": "normal", "legalities": {"commander": "Banned", "duel": "Banned", "legacy": "Banned", "vintage": "Restricted"}, "manaCost": "{0}", "manaValue": 0.0, "name": "Mox Ruby", "number": "2008", "originalReleaseDate": "2008-08-16", "printings": ["2ED", "CED", "CEI", "LEA", "LEB", "OVNT", "PRM", "VMA"], "purchaseUrls": {}, "rarity": "rare", "rulings": [], "setCode": "OVNT", "subtypes": [], "supertypes": [], "text": "{T}: Add {R}.", "type": "Artifact", "types": ["Artifact"], "uuid": "86d5765e-3ca2-5c9f-ba3a-66b5931b6d8e", "variations": ["89384a79-4850-5230-896c-e5ee5f4c9b3e", "abc9a241-d5f3-50cc-a578-eba2e36a1a0b"]}, {"artist": "Volkan Baǵa", "availability": ["paper"], "borderColor": "black", "colorIdentity": ["G"], "colors": [], "convertedManaCost": 0.0, "finishes": ["nonfoil"], "flavorText": "2009 Vintage Championship Winner", "foreignData": [], "frameVersion": "2003", "hasFoil": false, "hasNonFoil": true, "identifiers": {"mtgjsonV4Id": "31ca193b-4392-5dd4-881c-4a14c0308364", "scryfallId": "03752ec5-ebfe-4d87-9644-e68240e8fe0e", "scryfallIllustrationId": "ae5df825-c6e2-4e86-8e0e-6cb4cf01dbe0", "scryfallOracleId": "376ee366-e082-402f-b4db-6592fcfcacd2"}, "isOversized": true, "isReprint": true, "isReserved": true, "isStarter": true, "language": "English", "layout": "normal", "legalities": {"commander": "Banned", "duel": "Banned", "legacy": "Banned", "vintage": "Restricted"}, "manaCost": "{0}", "manaValue": 0.0, "name": "Mox Emerald", "number": "2009", "originalReleaseDate": "2009-08-16", "printings": ["2ED", "CED", "CEI", "LEA", "LEB", "OVNT", "PRM", "VMA"], "purchaseUrls": {}, "rarity": "rare", "rulings": [], "setCode": "OVNT", "subtypes": [], "supertypes": [], "text": "{T}: Add {G}.", "type": "Artifact", "types": ["Artifact"], "uuid": "d9f243c7-d303-5379-a3d1-74fbc6899519", "variations": ["6c919eb6-d83e-5b7c-8d96-e620a6b43b49", "80674341-ea2c-57d8-a88f-7fb0d949e992"]}, {"artist": "Volkan Baǵa", "availability": ["paper"], "borderColor": "black", "colorIdentity": ["U"], "colors": [], "convertedManaCost": 0.0, "finishes": ["nonfoil"], "flavorText": "2010 Vintage Championship Winner", "foreignData": [], "frameVersion": "2003", "hasFoil": false, "hasNonFoil": true, "identifiers": {"mtgjsonV4Id": "f6b49cc5-cfd2-5054-b71f-056ac40cdb2d", "scryfallId": "50925476-cc78-45a0-a0f8-3932051a65cf", "scryfallIllustrationId": "df7dc359-6040-429f-9fed-ee20f911daea", "scryfallOracleId": "d5ed1233-df87-4b90-8918-13922ec95249"}, "isOversized": true, "isReprint": true, "isReserved": true, "isStarter": true, "language": "English", "layout": "normal", "legalities": {"commander": "Banned", "duel": "Banned", "legacy": "Banned", "vintage": "Restricted"}, "manaCost": "{0}", "manaValue": 0.0, "name": "Mox Sapphire", "number": "2010", "originalReleaseDate": "2010-08-05", "printings": ["2ED", "CED", "CEI", "LEA", "LEB", "OVNT", "PRM", "VMA"], "purchaseUrls": {}, "rarity": "rare", "rulings": [], "setCode": "OVNT", "subtypes": [], "supertypes": [], "text": "{T}: Add {U}.", "type": "Artifact", "types": ["Artifact"], "uuid": "0042d5c5-25f8-5df1-b6ee-0fff6f167304", "variations": ["1f62efe5-5950-551c-a81c-982937f1918b", "7ae0fd50-d3b4-5519-b08d-7a15a5c43cb8"]}, {"artist": "Chris Rahn", "availability": ["paper"], "borderColor": "black", "colorIdentity": ["U"], "colors": ["U"], "convertedManaCost": 2.0, "finishes": ["nonfoil"], "flavorText": "2011 Vintage Championship Winner", "foreignData": [], "frameVersion": "2003", "hasFoil": false, "hasNonFoil": true, "identifiers": {"mtgjsonV4Id": "9c437a37-71e8-5a08-ae04-4f7d5f10c700", "scryfallId": "e9d0ac2e-7dfb-43f3-b585-644f5fa3f955", "scryfallIllustrationId": "74b0b7aa-98d0-434c-ae8f-40db354cfff9", "scryfallOracleId": "d0209d3f-3f7e-4fd5-bce5-10bce6f29c86"}, "isOversized": true, "isReprint": true, "isReserved": true, "isStarter": true, "language": "English", "layout": "normal", "legalities": {"commander": "Banned", "duel": "Banned", "legacy": "Banned", "vintage": "Restricted"}, "manaCost": "{1}{U}", "manaValue": 2.0, "name": "Time Walk", "number": "2011", "originalReleaseDate": "2011-08-05", "printings": ["2ED", "CED", "CEI", "LEA", "LEB", "OVNT", "PRM", "VMA"], "purchaseUrls": {}, "rarity": "rare", "rulings": [{"date": "2004-10-04", "text": "If multiple “extra turn” effects resolve in the same turn, take them in the reverse of the order that the effects resolved."}], "setCode": "OVNT", "subtypes": [], "supertypes": [], "text": "Take an extra turn after this one.", "type": "Sorcery", "types": ["Sorcery"], "uuid": "75f47b10-7ec6-5423-992b-586736b0c4e9", "variations": ["a11c0631-7b8e-5b90-b23e-7e73ae827434"]}, {"artist": "Matt Stewart", "availability": ["paper"], "borderColor": "black", "colorIdentity": ["U"], "colors": ["U"], "convertedManaCost": 3.0, "edhrecRank": 1411, "finishes": ["nonfoil"], "flavorText": "2012 Vintage Championship Winner", "foreignData": [], "frameVersion": "2003", "hasFoil": false, "hasNonFoil": true, "identifiers": {"mtgjsonV4Id": "c39b12ef-db48-5181-b1c9-de6f21946a20", "scryfallId": "38f1f76f-4eff-4a38-9619-166b9f245012", "scryfallIllustrationId": "3cec9d6d-d557-42bd-858a-9db8d67a1e61", "scryfallOracleId": "c823e687-6311-4c99-974b-fd77d204141a"}, "isOversized": true, "isReprint": true, "isReserved": true, "isStarter": true, "language": "English", "layout": "normal", "legalities": {"commander": "Legal", "duel": "Banned", "legacy": "Banned", "vintage": "Restricted"}, "manaCost": "{2}{U}", "manaValue": 3.0, "name": "Timetwister", "number": "2012", "originalReleaseDate": "2012-08-17", "printings": ["2ED", "CED", "CEI", "LEA", "LEB", "OVNT", "PRM", "VMA"], "purchaseUrls": {}, "rarity": "rare", "rulings": [{"date": "2013-07-01", "text": "This card won’t be put into your graveyard until after it’s finished resolving, which means it won’t be shuffled into your library as part of its own effect."}], "setCode": "OVNT", "subtypes": [], "supertypes": [], "text": "Each player shuffles their hand and graveyard into their library, then draws seven cards. (Then put Timetwister into its owner's graveyard.)", "type": "Sorcery", "types": ["Sorcery"], "uuid": "23f8f85a-67b9-5ba1-bbf2-51689d3ea95a", "variations": ["5e49456c-4a17-5a53-b4fb-95165705ece2", "b571240b-fcd1-58b2-90be-c4a7c17b75ca", "ce27b3c1-016d-5bb4-8536-4521e8a310d1"]}, {"artist": "Ryan Pancoast", "availability": ["paper"], "borderColor": "black", "colorIdentity": ["U"], "colors": ["U"], "convertedManaCost": 1.0, "finishes": ["nonfoil"], "flavorText": "2013 Vintage Championship Winner", "foreignData": [], "frameVersion": "2003", "hasFoil": false, "hasNonFoil": true, "identifiers": {"mtgjsonV4Id": "c4da2a8c-6da6-5a61-bd0d-2023cf9c910d", "scryfallId": "bf81fee1-49a8-41e4-88d0-f794c070b17b", "scryfallIllustrationId": "95c5ab6f-fcce-4e21-9e02-cc1d922adfae", "scryfallOracleId": "550c74d4-1fcb-406a-b02a-639a760a4380"}, "isOversized": true, "isReprint": true, "isReserved": true, "isStarter": true, "language": "English", "layout": "normal", "legalities": {"commander": "Banned", "duel": "Banned", "legacy": "Banned", "vintage": "Restricted"}, "manaCost": "{U}", "manaValue": 1.0, "name": "Ancestral Recall", "number": "2013", "originalReleaseDate": "2013-11-03", "printings": ["2ED", "CED", "CEI", "LEA", "LEB", "OVNT", "PRM", "VMA"], "purchaseUrls": {}, "rarity": "rare", "rulings": [], "setCode": "OVNT", "subtypes": [], "supertypes": [], "text": "Target player draws three cards.", "type": "Instant", "types": ["Instant"], "uuid": "e05d5c91-e027-5af2-855d-4460540d004c", "variations": ["7f500244-f6e8-5dfe-8c0c-6521725437e4", "a9528ef9-d512-5880-a62a-ccba88e64f7e"]}, {"artist": "Raoul Vitale", "availability": ["paper"], "borderColor": "black", "colorIdentity": ["W"], "colors": [], "convertedManaCost": 0.0, "finishes": ["nonfoil"], "flavorText": "2014 Vintage Championship Winner", "foreignData": [], "frameVersion": "2015", "hasFoil": false, "hasNonFoil": true, "identifiers": {"mtgjsonV4Id": "80b4655a-f21a-5802-9102-a357c6bd6e37", "scryfallId": "a7b3a48d-c555-4c42-8ce6-9b9b637251ca", "scryfallIllustrationId": "66a1fbca-0c9b-4727-998b-c0691e119278", "scryfallOracleId": "824597b8-c89a-47ec-8526-7efc6e24ef0e"}, "isOversized": true, "isReprint": true, "isReserved": true, "isStarter": true, "language": "English", "layout": "normal", "legalities": {"commander": "Banned", "duel": "Banned", "legacy": "Banned", "vintage": "Restricted"}, "manaCost": "{0}", "manaValue": 0.0, "name": "Mox Pearl", "number": "2014", "originalReleaseDate": "2014-10-26", "printings": ["2ED", "CED", "CEI", "LEA", "LEB", "OVNT", "PRM", "VMA"], "purchaseUrls": {}, "rarity": "mythic", "rulings": [], "securityStamp": "oval", "setCode": "OVNT", "subtypes": [], "supertypes": [], "text": "{T}: Add {W}.", "type": "Artifact", "types": ["Artifact"], "uuid": "b15f5762-868f-5165-b484-8bc152535fc8", "variations": ["4c2622de-2c4f-55f6-aa7c-318e34a5e0a8", "84b91a7d-38a6-5b21-a4ea-0e4a34e37f29"]}, {"artist": "Raoul Vitale", "availability": ["paper"], "borderColor": "black", "colorIdentity": ["G"], "colors": [], "convertedManaCost": 0.0, "finishes": ["nonfoil"], "flavorText": "2015 Vintage Championship Winner", "foreignData": [], "frameVersion": "2015", "hasFoil": false, "hasNonFoil": true, "identifiers": {"mtgjsonV4Id": "edb946a6-f2cd-5c54-9197-3ee6f5723797", "scryfallId": "ac4c09c7-5e11-4f7c-a978-fba197d462cc", "scryfallIllustrationId": "2db678a7-4962-457a-bac1-85718148aa87", "scryfallOracleId": "376ee366-e082-402f-b4db-6592fcfcacd2"}, "isOversized": true, "isReprint": true, "isReserved": true, "isStarter": true, "language": "English", "layout": "normal", "legalities": {"commander": "Banned", "duel": "Banned", "legacy": "Banned", "vintage": "Restricted"}, "manaCost": "{0}", "manaValue": 0.0, "name": "Mox Emerald", "number": "2015", "originalReleaseDate": "2015-08-23", "printings": ["2ED", "CED", "CEI", "LEA", "LEB", "OVNT", "PRM", "VMA"], "purchaseUrls": {}, "rarity": "mythic", "rulings": [], "securityStamp": "oval", "setCode": "OVNT", "subtypes": [], "supertypes": [], "text": "{T}: Add {G}.", "type": "Artifact", "types": ["Artifact"], "uuid": "6c919eb6-d83e-5b7c-8d96-e620a6b43b49", "variations": ["d9f243c7-d303-5379-a3d1-74fbc6899519", "80674341-ea2c-57d8-a88f-7fb0d949e992"]}, {"artist": "Raoul Vitale", "availability": ["paper"], "borderColor": "black", "colorIdentity": ["B"], "colors": [], "convertedManaCost": 0.0, "finishes": ["nonfoil"], "flavorText": "2016 European Vintage Champion", "foreignData": [], "frameVersion": "2015", "hasFoil": false, "hasNonFoil": true, "identifiers": {"mtgjsonV4Id": "ea14b080-f0c9-5e18-bdfd-246219aa503e", "scryfallId": "1f5a1578-d5fe-4b31-bb71-3253be8775a1", "scryfallIllustrationId": "61a3a2d7-edbf-44a5-a63a-b1cc5babf343", "scryfallOracleId": "0677f49e-f8bf-4349-af52-2ccde9287c2e"}, "isOversized": true, "isReprint": true, "isReserved": true, "isStarter": true, "language": "English", "layout": "normal", "legalities": {"commander": "Banned", "duel": "Banned", "legacy": "Banned", "vintage": "Restricted"}, "manaCost": "{0}", "manaValue": 0.0, "name": "Mox Jet", "number": "2016EU", "originalReleaseDate": "2016-10-23", "printings": ["2ED", "CED", "CEI", "LEA", "LEB", "OVNT", "PRM", "VMA"], "purchaseUrls": {}, "rarity": "mythic", "rulings": [], "securityStamp": "oval", "setCode": "OVNT", "subtypes": [], "supertypes": [], "text": "{T}: Add {B}.", "type": "Artifact", "types": ["Artifact"], "uuid": "ef3f8c63-d752-5fee-81c5-8e16563d9094", "variations": ["c5d30e51-b2ff-50e5-b847-70fda0ea6e45", "0510ae0b-7875-5835-9a2a-42881eb18691"]}, {"artist": "Raoul Vitale", "availability": ["paper"], "borderColor": "black", "colorIdentity": ["U"], "colors": [], "convertedManaCost": 0.0, "finishes": ["nonfoil"], "flavorText": "2016 North American Vintage Champion", "foreignData": [], "frameVersion": "2015", "hasFoil": false, "hasNonFoil": true, "identifiers": {"mtgjsonV4Id": "aaff89d2-4cc0-5278-80f3-0ad5f2e823af", "scryfallId": "8c4ab6f6-bcb1-4369-9d05-3582b2639eed", "scryfallIllustrationId": "51d0423a-a725-4936-ab28-7180208bfbcf", "scryfallOracleId": "d5ed1233-df87-4b90-8918-13922ec95249"}, "isOversized": true, "isReprint": true, "isReserved": true, "isStarter": true, "language": "English", "layout": "normal", "legalities": {"commander": "Banned", "duel": "Banned", "legacy": "Banned", "vintage": "Restricted"}, "manaCost": "{0}", "manaValue": 0.0, "name": "Mox Sapphire", "number": "2016NA", "originalReleaseDate": "2016-10-26", "printings": ["2ED", "CED", "CEI", "LEA", "LEB", "OVNT", "PRM", "VMA"], "purchaseUrls": {}, "rarity": "mythic", "rulings": [], "securityStamp": "oval", "setCode": "OVNT", "subtypes": [], "supertypes": [], "text": "{T}: Add {U}.", "type": "Artifact", "types": ["Artifact"], "uuid": "1f62efe5-5950-551c-a81c-982937f1918b", "variations": ["0042d5c5-25f8-5df1-b6ee-0fff6f167304", "7ae0fd50-d3b4-5519-b08d-7a15a5c43cb8"]}, {"artist": "Steven Belledin", "availability": ["paper"], "borderColor": "black", "colorIdentity": [], "colors": [], "convertedManaCost": 0.0, "finishes": ["nonfoil"], "flavorText": "2017 North American Vintage Champion", "foreignData": [], "frameVersion": "2015", "hasFoil": false, "hasNonFoil": true, "identifiers": {"mtgjsonV4Id": "2796682f-857b-5a70-8664-6e5c8f5d694f", "scryfallId": "11e5a2c6-dcc4-4ad3-a4b5-b9095d77c4f8", "scryfallIllustrationId": "8150cbe1-2f56-4260-becc-dceaed57c29f", "scryfallOracleId": "5089ec1a-f881-4d55-af14-5d996171203b"}, "isOversized": true, "isReprint": true, "isReserved": true, "isStarter": true, "language": "English", "layout": "normal", "legalities": {"commander": "Banned", "duel": "Banned", "legacy": "Banned", "vintage": "Restricted"}, "manaCost": "{0}", "manaValue": 0.0, "name": "Black Lotus", "number": "2017NA", "originalReleaseDate": "2017-10-19", "printings": ["2ED", "CED", "CEI", "LEA", "LEB", "OVNT", "PRM", "VMA"], "purchaseUrls": {}, "rarity": "mythic", "rulings": [], "securityStamp": "oval", "setCode": "OVNT", "subtypes": [], "supertypes": [], "text": "{T}, Sacrifice Black Lotus: Add three mana of any one color.", "type": "Artifact", "types": ["Artifact"], "uuid": "1b7fcac7-f912-5311-8b42-57927f4a00ea", "variations": ["81111465-cc31-5936-899d-9bb26c481b12"]}, {"artist": "Raoul Vitale", "availability": ["paper"], "borderColor": "black", "colorIdentity": ["R"], "colors": [], "convertedManaCost": 0.0, "finishes": ["nonfoil"], "flavorText": "2017 European Vintage Champion", "foreignData": [], "frameVersion": "2015", "hasFoil": false, "hasNonFoil": true, "identifiers": {"mtgjsonV4Id": "6a42d84c-90ef-5d21-bbaa-9aa0666d4446", "scryfallId": "d86490f7-8de4-4086-a1d1-cd543cbacd6a", "scryfallIllustrationId": "88ff3c0b-828a-4f3a-93d0-1615d2cb8ba1", "scryfallOracleId": "ed85fa82-e4fa-434b-92a8-36b6075708d1"}, "isOversized": true, "isReprint": true, "isReserved": true, "isStarter": true, "language": "English", "layout": "normal", "legalities": {"commander": "Banned", "duel": "Banned", "legacy": "Banned", "vintage": "Restricted"}, "manaCost": "{0}", "manaValue": 0.0, "name": "Mox Ruby", "number": "2017EU", "originalReleaseDate": "2017-03-31", "printings": ["2ED", "CED", "CEI", "LEA", "LEB", "OVNT", "PRM", "VMA"], "purchaseUrls": {}, "rarity": "mythic", "rulings": [], "securityStamp": "oval", "setCode": "OVNT", "subtypes": [], "supertypes": [], "text": "{T}: Add {R}.", "type": "Artifact", "types": ["Artifact"], "uuid": "89384a79-4850-5230-896c-e5ee5f4c9b3e", "variations": ["86d5765e-3ca2-5c9f-ba3a-66b5931b6d8e", "abc9a241-d5f3-50cc-a578-eba2e36a1a0b"]}, {"artist": "Raoul Vitale", "availability": ["paper"], "borderColor": "black", "colorIdentity": ["U"], "colors": ["U"], "convertedManaCost": 1.0, "finishes": ["nonfoil"], "flavorText": "2018 Europe Vintage Champion", "foreignData": [], "frameVersion": "2015", "hasFoil": false, "hasNonFoil": true, "identifiers": {"mtgjsonV4Id": "c9775abd-0c8b-5374-8c23-f01d9bd4cea6", "scryfallId": "d392392e-6c36-44e4-a037-2b788a088891", "scryfallIllustrationId": "5c4784d2-425f-439a-b931-595096744d2c", "scryfallOracleId": "550c74d4-1fcb-406a-b02a-639a760a4380"}, "isOversized": true, "isReprint": true, "isReserved": true, "isStarter": true, "language": "English", "layout": "normal", "legalities": {"commander": "Banned", "duel": "Banned", "legacy": "Banned", "vintage": "Restricted"}, "manaCost": "{U}", "manaValue": 1.0, "name": "Ancestral Recall", "number": "2018", "originalReleaseDate": "2018-05-04", "printings": ["2ED", "CED", "CEI", "LEA", "LEB", "OVNT", "PRM", "VMA"], "purchaseUrls": {}, "rarity": "mythic", "rulings": [], "securityStamp": "oval", "setCode": "OVNT", "subtypes": [], "supertypes": [], "text": "Target player draws three cards.", "type": "Instant", "types": ["Instant"], "uuid": "a9528ef9-d512-5880-a62a-ccba88e64f7e", "variations": ["7f500244-f6e8-5dfe-8c0c-6521725437e4", "e05d5c91-e027-5af2-855d-4460540d004c"]}, {"artist": "Chris Seaman", "availability": ["paper"], "borderColor": "black", "colorIdentity": ["U"], "colors": ["U"], "convertedManaCost": 2.0, "finishes": ["nonfoil"], "flavorText": "2018 North America Vintage Championship", "foreignData": [], "frameVersion": "2015", "hasFoil": false, "hasNonFoil": true, "identifiers": {"mtgjsonV4Id": "6c9f5c89-a131-5aaf-a3aa-2170d1043a0f", "scryfallId": "319bcff2-3173-40e8-954a-d48fa090e7b5", "scryfallIllustrationId": "60c44eda-2a16-4015-a671-1f3ff69b1fb9", "scryfallOracleId": "d0209d3f-3f7e-4fd5-bce5-10bce6f29c86"}, "isOversized": true, "isReprint": true, "isReserved": true, "isStarter": true, "language": "English", "layout": "normal", "legalities": {"commander": "Banned", "duel": "Banned", "legacy": "Banned", "vintage": "Restricted"}, "manaCost": "{1}{U}", "manaValue": 2.0, "name": "Time Walk", "number": "2018NA", "originalReleaseDate": "2018-11-04", "printings": ["2ED", "CED", "CEI", "LEA", "LEB", "OVNT", "PRM", "VMA"], "purchaseUrls": {}, "rarity": "mythic", "rulings": [{"date": "2004-10-04", "text": "If multiple “extra turn” effects resolve in the same turn, take them in the reverse of the order that the effects resolved."}], "securityStamp": "oval", "setCode": "OVNT", "subtypes": [], "supertypes": [], "text": "Take an extra turn after this one.", "type": "Sorcery", "types": ["Sorcery"], "uuid": "a11c0631-7b8e-5b90-b23e-7e73ae827434", "variations": ["75f47b10-7ec6-5423-992b-586736b0c4e9"]}, {"artist": "Ralph Horsley", "availability": ["paper"], "borderColor": "black", "colorIdentity": ["U"], "colors": ["U"], "convertedManaCost": 3.0, "edhrecRank": 1411, "finishes": ["nonfoil"], "flavorText": "2018 Asia Vintage Champion", "foreignData": [], "frameVersion": "2015", "hasFoil": false, "hasNonFoil": true, "identifiers": {"mtgjsonV4Id": "0becb795-0caf-5e33-84db-4480abfe2b3c", "scryfallId": "38dff637-abeb-4c41-9962-148205fee651", "scryfallIllustrationId": "eb768ed1-322e-4137-aa58-2b0c7288b505", "scryfallOracleId": "c823e687-6311-4c99-974b-fd77d204141a"}, "isOversized": true, "isReprint": true, "isReserved": true, "isStarter": true, "language": "English", "layout": "normal", "legalities": {"commander": "Legal", "duel": "Banned", "legacy": "Banned", "vintage": "Restricted"}, "manaCost": "{2}{U}", "manaValue": 3.0, "name": "Timetwister", "number": "2018A", "originalReleaseDate": "2018-08-18", "printings": ["2ED", "CED", "CEI", "LEA", "LEB", "OVNT", "PRM", "VMA"], "purchaseUrls": {}, "rarity": "mythic", "rulings": [{"date": "2013-07-01", "text": "This card won’t be put into your graveyard until after it’s finished resolving, which means it won’t be shuffled into your library as part of its own effect."}], "securityStamp": "oval", "setCode": "OVNT", "subtypes": [], "supertypes": [], "text": "Each player shuffles their hand and graveyard into their library, then draws seven cards. (Then put Timetwister into its owner's graveyard.)", "type": "Sorcery", "types": ["Sorcery"], "uuid": "b571240b-fcd1-58b2-90be-c4a7c17b75ca", "variations": ["5e49456c-4a17-5a53-b4fb-95165705ece2", "23f8f85a-67b9-5ba1-bbf2-51689d3ea95a", "ce27b3c1-016d-5bb4-8536-4521e8a310d1"]}, {"artist": "Sidharth Chaturvedi", "availability": ["paper"], "borderColor": "black", "colorIdentity": ["W"], "colors": [], "convertedManaCost": 0.0, "finishes": ["nonfoil"], "flavorText": "2019 Europe Vintage Champion", "foreignData": [], "frameVersion": "2015", "hasFoil": false, "hasNonFoil": true, "identifiers": {"mtgjsonV4Id": "f2a23a71-1400-5212-88cc-c02627d4f85d", "scryfallId": "a1e87bfd-8bfb-41d6-9159-511d42cc9307", "scryfallIllustrationId": "cbd2a98f-6c66-4e72-ba9a-3a88fd75ce34", "scryfallOracleId": "824597b8-c89a-47ec-8526-7efc6e24ef0e"}, "isOversized": true, "isReprint": true, "isReserved": true, "isStarter": true, "language": "English", "layout": "normal", "legalities": {"commander": "Banned", "duel": "Banned", "legacy": "Banned", "vintage": "Restricted"}, "manaCost": "{0}", "manaValue": 0.0, "name": "Mox Pearl", "number": "2019", "originalReleaseDate": "2019-12-21", "printings": ["2ED", "CED", "CEI", "LEA", "LEB", "OVNT", "PRM", "VMA"], "purchaseUrls": {}, "rarity": "mythic", "rulings": [], "securityStamp": "oval", "setCode": "OVNT", "subtypes": [], "supertypes": [], "text": "{T}: Add {W}.", "type": "Artifact", "types": ["Artifact"], "uuid": "84b91a7d-38a6-5b21-a4ea-0e4a34e37f29", "variations": ["4c2622de-2c4f-55f6-aa7c-318e34a5e0a8", "b15f5762-868f-5165-b484-8bc152535fc8"]}, {"artist": "Filip Burburan", "availability": ["paper"], "borderColor": "black", "colorIdentity": ["B"], "colors": [], "convertedManaCost": 0.0, "finishes": ["nonfoil"], "foreignData": [], "frameVersion": "2015", "hasFoil": false, "hasNonFoil": true, "identifiers": {"mtgjsonV4Id": "422add30-c5f1-58e0-8203-e9d14c2cb338", "scryfallId": "2b8285b7-bd88-4a6c-bd2e-9798a1c661f8", "scryfallIllustrationId": "47cf5a35-f8de-4fac-8cb7-d4c33a2d43c4", "scryfallOracleId": "0677f49e-f8bf-4349-af52-2ccde9287c2e"}, "isOversized": true, "isReprint": true, "isReserved": true, "isStarter": true, "language": "English", "layout": "normal", "legalities": {"commander": "Banned", "duel": "Banned", "legacy": "Banned", "vintage": "Restricted"}, "manaCost": "{0}", "manaValue": 0.0, "name": "Mox Jet", "number": "2019NA", "originalReleaseDate": "2019-11-03", "printings": ["2ED", "CED", "CEI", "LEA", "LEB", "OVNT", "PRM", "VMA"], "purchaseUrls": {}, "rarity": "mythic", "rulings": [], "securityStamp": "oval", "setCode": "OVNT", "subtypes": [], "supertypes": [], "text": "{T}: Add {B}.", "type": "Artifact", "types": ["Artifact"], "uuid": "0510ae0b-7875-5835-9a2a-42881eb18691", "variations": ["c5d30e51-b2ff-50e5-b847-70fda0ea6e45", "ef3f8c63-d752-5fee-81c5-8e16563d9094"]}, {"artist": "Tyler Walpole", "availability": ["paper"], "borderColor": "black", "colorIdentity": ["U"], "colors": [], "convertedManaCost": 0.0, "finishes": ["nonfoil", "foil"], "flavorText": "2019 Asia Vintage Champion", "foreignData": [], "frameVersion": "2015", "hasFoil": true, "hasNonFoil": true, "identifiers": {"mtgjsonV4Id": "f459337a-3b88-5f3c-a783-3c88e0e57c50", "scryfallId": "c88832e3-218d-4b4b-9a5f-4389cf0a900c", "scryfallIllustrationId": "6d64240c-5451-45bf-8142-d09550098315", "scryfallOracleId": "d5ed1233-df87-4b90-8918-13922ec95249"}, "isOversized": true, "isReprint": true, "isReserved": true, "isStarter": true, "language": "English", "layout": "normal", "legalities": {"commander": "Banned", "duel": "Banned", "legacy": "Banned", "vintage": "Restricted"}, "manaCost": "{0}", "manaValue": 0.0, "name": "Mox Sapphire", "number": "2019A", "originalReleaseDate": "2019-08-18", "printings": ["2ED", "CED", "CEI", "LEA", "LEB", "OVNT", "PRM", "VMA"], "purchaseUrls": {}, "rarity": "mythic", "rulings": [], "securityStamp": "oval", "setCode": "OVNT", "subtypes": [], "supertypes": [], "text": "{T}: Add {U}.", "type": "Artifact", "types": ["Artifact"], "uuid": "7ae0fd50-d3b4-5519-b08d-7a15a5c43cb8", "variations": ["0042d5c5-25f8-5df1-b6ee-0fff6f167304", "1f62efe5-5950-551c-a81c-982937f1918b"]}, {"artist": "Volkan Baǵa", "availability": ["paper"], "borderColor": "black", "colorIdentity": [], "colors": [], "convertedManaCost": 0.0, "finishes": ["nonfoil"], "flavorText": "2020 Vintage Champion", "foreignData": [], "frameVersion": "2015", "hasFoil": false, "hasNonFoil": true, "identifiers": {"mtgjsonV4Id": "4b4344c7-dbc2-5f71-8b42-b5cca1a818f0", "scryfallId": "b1073b7f-3d63-4e1c-a093-cf3be6784252", "scryfallIllustrationId": "fe5e9e86-d732-49ed-a0c4-26d40cc9c6fa", "scryfallOracleId": "2111588d-9af5-4a33-989e-b074d83f0463"}, "isOversized": true, "isReprint": true, "isReserved": true, "isStarter": true, "language": "English", "layout": "normal", "legalities": {"commander": "Banned", "duel": "Banned", "legacy": "Banned", "vintage": "Restricted"}, "manaValue": 0.0, "name": "Library of Alexandria", "number": "2020B", "originalReleaseDate": "2020-10-16", "printings": ["ARN", "ME4", "OVNT", "PRM", "VMA"], "purchaseUrls": {}, "rarity": "mythic", "rulings": [{"date": "2004-10-04", "text": "You may tap multiples of these in response to each other because the requirement for 7 cards is checked only at the time the ability is announced and not again when it resolves."}], "securityStamp": "oval", "setCode": "OVNT", "subtypes": [], "supertypes": [], "text": "{T}: Add {C}.\n{T}: Draw a card. Activate only if you have exactly seven cards in hand.", "type": "Land", "types": ["Land"], "uuid": "68fb216c-635d-59eb-89cc-bed15985f8ef"}, {"artist": "Drew Baker", "availability": ["paper"], "borderColor": "black", "colorIdentity": [], "colors": [], "convertedManaCost": 0.0, "edhrecRank": 5118, "finishes": ["nonfoil"], "flavorText": "2020 Vintage Champion", "foreignData": [], "frameVersion": "2015", "hasFoil": false, "hasNonFoil": true, "identifiers": {"mtgjsonV4Id": "2e72f97f-0a26-535d-af95-0356b48f563f", "scryfallId": "e9d6c1c3-1745-4da0-9a8c-7a2e4147d039", "scryfallIllustrationId": "a9c4a53f-d8fa-46ce-8bf1-1ce731178fb6", "scryfallOracleId": "ba284fe6-bb29-455c-8321-9714a0cdc05e"}, "isOversized": true, "isReprint": true, "isReserved": true, "isStarter": true, "language": "English", "layout": "normal", "legalities": {"commander": "Legal", "duel": "Banned", "legacy": "Banned", "vintage": "Legal"}, "manaValue": 0.0, "name": "Mishra's Workshop", "number": "2020C", "originalReleaseDate": "2020-11-09", "printings": ["ATQ", "ME4", "OVNT", "PRM", "VMA"], "purchaseUrls": {}, "rarity": "mythic", "rulings": [{"date": "2004-10-04", "text": "This mana may be used on additional costs to cast the spell, such as Kicker."}, {"date": "2004-10-04", "text": "You can spend the mana on costs on the spell’s text."}, {"date": "2004-10-04", "text": "The mana can’t be used to pay Echo costs."}, {"date": "2004-10-04", "text": "This mana may not be used to pay costs imposed after the spell is initially cast."}], "securityStamp": "oval", "setCode": "OVNT", "subtypes": [], "supertypes": [], "text": "{T}: Add {C}{C}{C}. Spend this mana only to cast artifact spells.", "type": "Land", "types": ["Land"], "uuid": "9e4b9b13-0bd3-5890-9dd9-81e9e5337b8c"}, {"artist": "Raoul Vitale", "availability": ["paper"], "borderColor": "black", "colorIdentity": ["U"], "colors": [], "convertedManaCost": 0.0, "finishes": ["nonfoil"], "flavorText": "2020 Vintage Champion", "foreignData": [], "frameEffects": ["legendary"], "frameVersion": "2015", "hasFoil": false, "hasNonFoil": true, "identifiers": {"mtgjsonV4Id": "2309b1de-8bdd-5f1c-b87f-fc33817e150e", "scryfallId": "b0247ee3-7799-43c2-9617-35b3edc91f22", "scryfallIllustrationId": "b94412e7-f493-4751-a1ad-bc6899a1322f", "scryfallOracleId": "dba4fd31-8931-42dd-bd86-45479c2abf74"}, "isOversized": true, "isReprint": true, "isReserved": true, "isStarter": true, "language": "English", "layout": "normal", "legalities": {"commander": "Banned", "duel": "Banned", "legacy": "Banned", "premodern": "Banned", "vintage": "Restricted"}, "manaValue": 0.0, "name": "Tolarian Academy", "number": "2020A", "originalReleaseDate": "2020-10-16", "printings": ["OVNT", "USG", "VMA"], "purchaseUrls": {}, "rarity": "mythic", "rulings": [], "securityStamp": "oval", "setCode": "OVNT", "subtypes": [], "supertypes": ["Legendary"], "text": "{T}: Add {U} for each artifact you control.", "type": "Legendary Land", "types": ["Land"], "uuid": "223c70f4-ea5e-5a75-843f-25744f80ffa8"}, {"artist": "Eric Wilkerson", "availability": ["paper"], "borderColor": "black", "colorIdentity": ["G"], "colors": [], "convertedManaCost": 0.0, "finishes": ["nonfoil"], "flavorText": "2021 Vintage Champion", "foreignData": [], "frameVersion": "2015", "hasFoil": false, "hasNonFoil": true, "identifiers": {"mtgjsonV4Id": "92ba6dfb-66f5-5cb6-9d0d-e3c743f8ad92", "scryfallId": "4240625f-19f5-4ada-bda2-093789ddd129", "scryfallIllustrationId": "826d60e0-9d3d-44b3-a86f-9c71eb31cd1b", "scryfallOracleId": "376ee366-e082-402f-b4db-6592fcfcacd2"}, "isOversized": true, "isReprint": true, "isReserved": true, "isStarter": true, "language": "English", "layout": "normal", "legalities": {"commander": "Banned", "duel": "Banned", "legacy": "Banned", "vintage": "Restricted"}, "manaCost": "{0}", "manaValue": 0.0, "name": "Mox Emerald", "number": "2021A", "originalReleaseDate": "2021-11-26", "printings": ["2ED", "CED", "CEI", "LEA", "LEB", "OVNT", "PRM", "VMA"], "purchaseUrls": {}, "rarity": "mythic", "rulings": [], "securityStamp": "oval", "setCode": "OVNT", "subtypes": [], "supertypes": [], "text": "{T}: Add {G}.", "type": "Artifact", "types": ["Artifact"], "uuid": "80674341-ea2c-57d8-a88f-7fb0d949e992", "variations": ["d9f243c7-d303-5379-a3d1-74fbc6899519", "6c919eb6-d83e-5b7c-8d96-e620a6b43b49"]}, {"artist": "Jarel Threat", "availability": ["paper"], "borderColor": "black", "colorIdentity": ["R"], "colors": [], "convertedManaCost": 0.0, "finishes": ["nonfoil"], "flavorText": "2021 Vintage Champion", "foreignData": [], "frameVersion": "2015", "hasFoil": false, "hasNonFoil": true, "identifiers": {"mtgjsonV4Id": "5fb254ed-3b1d-5403-b0b9-9188345873fe", "scryfallId": "d96a23ed-27a1-44c5-8d8b-654947f9cce4", "scryfallIllustrationId": "3eb689bf-c71c-45fb-8467-3e9e729a3f99", "scryfallOracleId": "ed85fa82-e4fa-434b-92a8-36b6075708d1"}, "isOversized": true, "isReprint": true, "isReserved": true, "isStarter": true, "language": "English", "layout": "normal", "legalities": {"commander": "Banned", "duel": "Banned", "legacy": "Banned", "vintage": "Restricted"}, "manaCost": "{0}", "manaValue": 0.0, "name": "Mox Ruby", "number": "2021C", "originalReleaseDate": "2021-11-28", "printings": ["2ED", "CED", "CEI", "LEA", "LEB", "OVNT", "PRM", "VMA"], "purchaseUrls": {}, "rarity": "mythic", "rulings": [], "securityStamp": "oval", "setCode": "OVNT", "subtypes": [], "supertypes": [], "text": "{T}: Add {R}.", "type": "Artifact", "types": ["Artifact"], "uuid": "abc9a241-d5f3-50cc-a578-eba2e36a1a0b", "variations": ["86d5765e-3ca2-5c9f-ba3a-66b5931b6d8e", "89384a79-4850-5230-896c-e5ee5f4c9b3e"]}, {"artist": "Chris Seaman", "availability": ["paper"], "borderColor": "black", "colorIdentity": ["U"], "colors": ["U"], "convertedManaCost": 3.0, "edhrecRank": 1411, "finishes": ["nonfoil"], "foreignData": [], "frameVersion": "2015", "hasFoil": false, "hasNonFoil": true, "identifiers": {"mtgjsonV4Id": "590dd209-b799-5e89-8981-d14096913817", "scryfallId": "d6157016-a16c-46c8-9daf-6edcddd6a1c1", "scryfallIllustrationId": "f723cfa0-f533-48cc-8b65-dd70f6db6960", "scryfallOracleId": "c823e687-6311-4c99-974b-fd77d204141a"}, "isOversized": true, "isReprint": true, "isReserved": true, "isStarter": true, "language": "English", "layout": "normal", "legalities": {"commander": "Legal", "duel": "Banned", "legacy": "Banned", "vintage": "Restricted"}, "manaCost": "{2}{U}", "manaValue": 3.0, "name": "Timetwister", "number": "2021B", "originalReleaseDate": "2021-11-27", "printings": ["2ED", "CED", "CEI", "LEA", "LEB", "OVNT", "PRM", "VMA"], "purchaseUrls": {}, "rarity": "mythic", "rulings": [{"date": "2013-07-01", "text": "This card won’t be put into your graveyard until after it’s finished resolving, which means it won’t be shuffled into your library as part of its own effect."}], "securityStamp": "oval", "setCode": "OVNT", "subtypes": [], "supertypes": [], "text": "Each player shuffles their hand and graveyard into their library, then draws seven cards. (Then put Timetwister into its owner's graveyard.)", "type": "Sorcery", "types": ["Sorcery"], "uuid": "ce27b3c1-016d-5bb4-8536-4521e8a310d1", "variations": ["5e49456c-4a17-5a53-b4fb-95165705ece2", "23f8f85a-67b9-5ba1-bbf2-51689d3ea95a", "b571240b-fcd1-58b2-90be-c4a7c17b75ca"]}], "code": "OVNT", "isFoilOnly": false, "isOnlineOnly": false, "keyruneCode": "PMEI", "name": "Vintage Championship", "releaseDate": "2003-01-01", "tokens": [], "totalSetSize": 29, "translations": {}, "type": "memorabilia"}}