{"meta": {"date": "2022-05-26", "version": "5.2.0+20220526"}, "data": {"baseSetSize": 2, "block": "Innistrad: Double Feature", "cards": [{"artist": "Denman Rooke", "availability": ["paper"], "borderColor": "black", "colorIdentity": ["U", "W"], "colors": ["U", "W"], "convertedManaCost": 7.0, "edhrecRank": 5451, "finishes": ["foil"], "foreignData": [], "frameEffects": ["legendary"], "frameVersion": "2015", "hasFoil": true, "hasNonFoil": false, "identifiers": {"cardKingdomFoilId": "253546", "mtgjsonV4Id": "8239f2b8-4ba0-5d97-9777-4215380a4bf6", "scryfallId": "fb911c45-9f6a-4cf2-aa1e-4361cf170c17", "scryfallIllustrationId": "5d806e73-2268-47be-b62c-f5ad577d77ca", "scryfallOracleId": "71766a05-62a5-4839-b9bf-f5dcde710251", "tcgplayerProductId": "254662"}, "isReprint": true, "isStarter": true, "keywords": ["Flying"], "language": "English", "layout": "normal", "leadershipSkills": {"brawl": false, "commander": true, "oathbreaker": false}, "legalities": {"commander": "Legal", "duel": "Legal", "legacy": "Legal", "vintage": "Legal"}, "manaCost": "{5}{W}{U}", "manaValue": 7.0, "name": "Millicent, Restless Revenant", "number": "1", "power": "4", "printings": ["OVOC", "VOC"], "purchaseUrls": {"cardKingdomFoil": "https://mtgjson.com/links/b1292b9eb668ef44", "tcgplayer": "https://mtgjson.com/links/3dff28e3d3dacd56"}, "rarity": "mythic", "rulings": [], "securityStamp": "oval", "setCode": "OVOC", "subtypes": ["Spirit", "Soldier"], "supertypes": ["Legendary"], "text": "This spell costs {1} less to cast for each Spirit you control.\nFlying\nWhenever Millicent, Restless Revenant or another nontoken Spirit you control dies or deals combat damage to a player, create a 1/1 white Spirit creature token with flying.", "toughness": "4", "type": "Legendary Creature — Spirit Soldier", "types": ["Creature"], "uuid": "d1b5712c-f908-53c1-8a62-1431586b004c"}, {"artist": "Chris Rallis", "availability": ["paper"], "borderColor": "black", "colorIdentity": ["B", "R"], "colors": ["B", "R"], "convertedManaCost": 4.0, "edhrecRank": 4563, "finishes": ["foil"], "foreignData": [], "frameEffects": ["legendary"], "frameVersion": "2015", "hasFoil": true, "hasNonFoil": false, "identifiers": {"cardKingdomFoilId": "253547", "mtgjsonV4Id": "e72e9b54-7dda-56a5-a8f0-37f1cfc2ef77", "scryfallId": "e9e57391-bda4-4c2e-863d-16ad5ec483a7", "scryfallIllustrationId": "59eae450-2937-4b8c-b11f-7e55757579d7", "scryfallOracleId": "3cc745d2-5021-43ff-ace8-35011011e62a", "tcgplayerProductId": "254660"}, "isReprint": true, "isStarter": true, "keywords": ["Flying"], "language": "English", "layout": "normal", "leadershipSkills": {"brawl": false, "commander": true, "oathbreaker": false}, "legalities": {"commander": "Legal", "duel": "Legal", "legacy": "Legal", "vintage": "Legal"}, "manaCost": "{2}{B}{R}", "manaValue": 4.0, "name": "Strefan, Maurer Progenitor", "number": "2", "power": "3", "printings": ["OVOC", "VOC"], "purchaseUrls": {"cardKingdomFoil": "https://mtgjson.com/links/c351e715eed55352", "tcgplayer": "https://mtgjson.com/links/cdbe93bd7cba5f5e"}, "rarity": "mythic", "rulings": [], "securityStamp": "oval", "setCode": "OVOC", "subtypes": ["Vampire", "Noble"], "supertypes": ["Legendary"], "text": "Flying\nAt the beginning of your end step, create a Blood token for each player who lost life this turn.\nWhenever Strefan attacks, you may sacrifice two Blood tokens. If you do, you may put a Vampire card from your hand onto the battlefield tapped and attacking. It gains indestructible until end of turn.", "toughness": "2", "type": "Legendary Creature — Vampire Noble", "types": ["Creature"], "uuid": "2d4d3484-ae2b-5362-aaea-e11fee9c4289"}], "code": "OVOC", "isFoilOnly": true, "isOnlineOnly": false, "keyruneCode": "VOC", "name": "Crimson Vow Commander Display Commanders", "parentCode": "VOC", "releaseDate": "2021-11-19", "tokens": [], "totalSetSize": 2, "translations": {}, "type": "memorabilia"}}