{"meta": {"date": "2022-05-26", "version": "5.2.0+20220526"}, "data": {"baseSetSize": 1, "block": "Magic Player Rewards", "cards": [{"artist": "Christopher Moeller", "availability": ["paper"], "borderColor": "black", "colorIdentity": ["U"], "colors": ["U"], "convertedManaCost": 2.0, "edhrecRank": 6707, "finishes": ["nonfoil"], "foreignData": [], "frameVersion": "1997", "hasFoil": false, "hasNonFoil": true, "identifiers": {"cardKingdomId": "122324", "cardsphereId": "36308", "mcmId": "17566", "mtgjsonV4Id": "d826f6e7-bc67-554d-878e-271809398a90", "scryfallId": "4bdc1632-6824-4059-a6bd-bce9cd4a02f4", "scryfallIllustrationId": "2188b65b-aa4b-48ac-a2c0-5b548deb24b0", "scryfallOracleId": "7e2cacae-2934-4ff5-81c6-dfce7a2820ef", "tcgplayerProductId": "38342"}, "isPromo": true, "isReprint": true, "isStarter": true, "keywords": ["Morph"], "language": "English", "layout": "normal", "legalities": {"commander": "Legal", "duel": "Legal", "legacy": "Legal", "modern": "Legal", "penny": "Legal", "premodern": "Legal", "vintage": "Legal"}, "manaCost": "{U}{U}", "manaValue": 2.0, "name": "Voidmage Prodigy", "number": "1", "power": "2", "printings": ["ONS", "P03", "PRM", "TSB"], "promoTypes": ["playerrewards"], "purchaseUrls": {"cardKingdom": "https://mtgjson.com/links/7862e721d9701af3", "tcgplayer": "https://mtgjson.com/links/fe8c8a58e192785e"}, "rarity": "rare", "rulings": [], "setCode": "P03", "subtypes": ["Human", "Wizard"], "supertypes": [], "text": "{U}{U}, Sacrifice a Wizard: Counter target spell.\nMorph {U} (You may cast this card face down as a 2/2 creature for {3}. Turn it face up any time for its morph cost.)", "toughness": "1", "type": "Creature — Human Wizard", "types": ["Creature"], "uuid": "0d218c5f-47e5-5938-bde1-be883236cee6"}], "code": "P03", "isFoilOnly": false, "isNonFoilOnly": true, "isOnlineOnly": false, "keyruneCode": "PARL", "name": "Magic Player Rewards 2003", "releaseDate": "2003-01-01", "tokens": [{"artist": "Anthony S. Waters", "availability": ["paper"], "borderColor": "black", "colorIdentity": ["G"], "colors": ["G"], "finishes": ["nonfoil"], "flavorText": "If insects could talk, the world would be deafened.", "frameVersion": "1997", "hasFoil": false, "hasNonFoil": true, "identifiers": {"mtgjsonV4Id": "9bb4a395-8110-556e-b3df-3922c122b945", "scryfallId": "aa47df37-f246-4f80-a944-008cdf347dad", "scryfallIllustrationId": "608dbe4d-c1dc-45fc-aa80-02b9451a12e6", "scryfallOracleId": "c39cd31f-c4a2-4ca8-b4f9-b2e6289743bc", "tcgplayerProductId": "78625"}, "isPromo": true, "isReprint": true, "language": "English", "layout": "token", "name": "Insect", "number": "2", "power": "1", "promoTypes": ["playerrewards"], "reverseRelated": ["Ant Queen", "Broodhatch Nantuko", "Crawling Infestation", "Crawling Sensation", "Dragonlair Spider", "Hiveheart Shaman", "Infestation Expert // Infested Werewolf", "Iridescent Hornbeetle", "It of the Horrid Swarm", "Old Rutstein", "Scute Swarm", "Swarm Shambler"], "setCode": "P03", "subtypes": ["Insect"], "supertypes": [], "toughness": "1", "type": "Token Creature — Insect", "types": ["Token", "Creature"], "uuid": "b5974433-047c-536c-961a-507c1b790abe"}, {"artist": "Tony Szczudlo", "availability": ["paper"], "borderColor": "black", "colorIdentity": [], "colors": [], "finishes": ["nonfoil"], "flavorText": "Slivers don't learn. They just know.", "frameVersion": "1997", "hasFoil": false, "hasNonFoil": true, "identifiers": {"mtgjsonV4Id": "8b5ca56b-55d3-5c54-876c-9fa21873b06e", "scryfallId": "f3b8ae33-f0c3-4fe7-8121-41307d13bb4a", "scryfallIllustrationId": "b41c5151-36bd-4734-91a9-992e43f6a7bc", "scryfallOracleId": "9ac81d75-2bec-46ab-84e1-2fc893d45219", "tcgplayerProductId": "78630"}, "isPromo": true, "isReprint": true, "language": "English", "layout": "token", "name": "Sliver", "number": "3", "power": "1", "promoTypes": ["playerrewards"], "reverseRelated": ["Hive Stirrings", "Sliver Hive"], "setCode": "P03", "subtypes": ["Sliver"], "supertypes": [], "toughness": "1", "type": "Token Creature — Sliver", "types": ["Token", "Creature"], "uuid": "fbb61c22-3b55-5db8-a43b-08393cff9530"}, {"artist": "Glen Angus", "availability": ["paper"], "borderColor": "black", "colorIdentity": ["G"], "colors": ["G"], "finishes": ["nonfoil"], "flavorText": "Bears get vicious when they don't sleep. This one hasn't slept in ages.", "frameVersion": "1997", "hasFoil": false, "hasNonFoil": true, "identifiers": {"mtgjsonV4Id": "8b1d8bc5-7144-5cf5-92c3-bd863f83160f", "scryfallId": "6e1fc8db-f4a3-4f9c-bfab-64d5a3968435", "scryfallIllustrationId": "e31f6754-175d-4985-96bd-74e8c350b87c", "scryfallOracleId": "a62a374d-ccdd-418d-9bcd-5ca8bf9b05e8", "tcgplayerProductId": "78615"}, "isPromo": true, "isReprint": true, "language": "English", "layout": "token", "name": "Bear", "number": "4", "power": "2", "promoTypes": ["playerrewards"], "reverseRelated": ["Ayula's Influence", "Caller of the Claw", "Flaxen Intruder // Welcome Home", "Mother Bear", "Path to the World Tree"], "setCode": "P03", "subtypes": ["Bear"], "supertypes": [], "toughness": "2", "type": "Token Creature — Bear", "types": ["Token", "Creature"], "uuid": "2adce101-73a3-58e4-82cf-aa92a9f41ead"}, {"artist": "Darrell Riche", "availability": ["paper"], "borderColor": "black", "colorIdentity": ["R"], "colors": ["R"], "finishes": ["nonfoil"], "flavorText": "Never underestimate the power of overwhelming stupidity in overwhelming numbers.", "frameVersion": "1997", "hasFoil": false, "hasNonFoil": true, "identifiers": {"mtgjsonV4Id": "c2de02a2-ffb7-5981-9e21-e28e6e7666bd", "scryfallId": "08ca3900-3845-40ac-8581-d4aebc2850a0", "scryfallIllustrationId": "a4828e3c-c18f-4015-bf7c-4277951b0280", "scryfallOracleId": "4465eff4-5851-4721-a248-866c686c2ab8", "tcgplayerProductId": "78623"}, "isPromo": true, "isReprint": true, "language": "English", "layout": "token", "name": "Goblin", "number": "5", "power": "1", "promoTypes": ["playerrewards"], "reverseRelated": ["Battle Cry Goblin", "Beetleback Chief", "Blast from the Past", "Box of Free-Range Goblins", "Chancellor of the Forge", "Den of the Bugbear", "Dragon Fodder", "Empty the Warrens", "Garbage Elemental", "Gift Horse", "Goblin Assault", "Goblin Gang Leader", "Goblin Gathering", "Goblin Goliath", "Goblin Instigator", "Goblin Morningstar", "Goblin Rabblemaster", "Goblin Rally", "Goblinslide", "Goblin Traprunner", "Goblin War Party", "Hordeling Outburst", "Hunted Phantasm", "Ib Halfheart, Goblin Tactician", "Kathari Bomber", "Krenko, Mob Boss", "Krenko's Command", "Krenko, Tin Street Kingpin", "Kuldotha Rebirth", "Legion Warboss", "Lost Mine of Phandelver", "Mardu Ascendancy", "Mogg War Marshal", "Pashalik Mons", "Ponyback Brigade", "Siege-Gang Commander", "Sling-Gang Lieutenant", "Survey the Wreckage", "Swarming Goblins", "You See a Pair of Goblins", "Goblin Gang Leader", "Jund", "Siege-Gang Commander"], "setCode": "P03", "subtypes": ["Goblin"], "supertypes": [], "toughness": "1", "type": "Token Creature — Goblin", "types": ["Token", "Creature"], "uuid": "e5bfb042-99fd-5a7a-9504-d11bee5637e9"}, {"artist": "Pete Venters", "availability": ["paper"], "borderColor": "black", "colorIdentity": ["B"], "colors": ["B"], "finishes": ["nonfoil"], "frameVersion": "2003", "hasFoil": false, "hasNonFoil": true, "identifiers": {"mtgjsonV4Id": "6ffbf66b-e8f3-57ab-b589-8023dd0abe56", "scryfallId": "084c3292-c3ec-431e-b162-309b5cf6309e", "scryfallIllustrationId": "19b6883b-45f8-43a2-90e9-8285a1c5eafd", "scryfallOracleId": "0f6d78a4-f330-47b5-9c30-51324a1e7fb9", "tcgplayerProductId": "78619"}, "isPromo": true, "isReprint": true, "keywords": ["Flying"], "language": "English", "layout": "token", "name": "Demon", "number": "6", "power": "*", "promoTypes": ["playerrewards"], "reverseRelated": ["Promise of Power", "Reign of the Pit", "Tivash, Gloom Summoner"], "setCode": "P03", "subtypes": ["Demon"], "supertypes": [], "text": "Flying", "toughness": "*", "type": "Token Creature — Demon", "types": ["Token", "Creature"], "uuid": "faa99cc4-340d-5cb0-9fb8-f18b0c4ebdfe"}, {"artist": "Edward P. Beard, Jr.", "availability": ["paper"], "borderColor": "black", "colorIdentity": ["R"], "colors": ["R"], "finishes": ["nonfoil"], "frameVersion": "2003", "hasFoil": false, "hasNonFoil": true, "identifiers": {"mtgjsonV4Id": "248329dd-0236-5513-844a-84ecdf097a45", "scryfallId": "b5489e26-6aec-4706-9c3e-8454878fa6c3", "scryfallIllustrationId": "e5c22622-785b-49f9-a06c-0401a9aa43ce", "scryfallOracleId": "b8df27be-118b-4a76-95ec-9d6220314533", "tcgplayerProductId": "78628"}, "isPromo": true, "keywords": ["Flying"], "language": "English", "layout": "token", "name": "Rukh", "number": "7", "power": "4", "promoTypes": ["playerrewards"], "reverseRelated": [], "setCode": "P03", "subtypes": ["Bird"], "supertypes": [], "text": "Flying", "toughness": "4", "type": "Token Creature — Bird", "types": ["Token", "Creature"], "uuid": "2a425e9e-0c85-5f75-9382-2b72440165bc"}], "totalSetSize": 1, "translations": {}, "type": "promo"}}