{"meta": {"date": "2022-05-26", "version": "5.2.0+20220526"}, "data": {"baseSetSize": 6, "block": "Magic Player Rewards", "cards": [{"artist": "Edward P. Beard, Jr.", "availability": ["paper"], "borderColor": "black", "colorIdentity": ["B", "U"], "colors": ["B", "U"], "convertedManaCost": 3.0, "edhrecRank": 12027, "finishes": ["foil"], "foreignData": [], "frameVersion": "2003", "hasFoil": true, "hasNonFoil": false, "identifiers": {"cardKingdomFoilId": "119927", "cardsphereId": "36294", "mcmId": "17568", "mtgjsonV4Id": "d3be73a7-27a5-564b-989b-a9215fb3abd3", "scryfallId": "d4d067fb-f3c9-4fe0-8330-da5e566eae9c", "scryfallIllustrationId": "f63e1a6c-b7b2-41be-91f0-ffe3f2877165", "scryfallOracleId": "d7c4da85-d1a5-4a27-812d-65d8ee1494dd", "tcgplayerProductId": "38330"}, "isPromo": true, "isReprint": true, "isStarter": true, "language": "English", "layout": "normal", "legalities": {"commander": "Legal", "duel": "Legal", "legacy": "Legal", "paupercommander": "Restricted", "penny": "Legal", "premodern": "Legal", "vintage": "Legal"}, "manaCost": "{1}{U}{B}", "manaValue": 3.0, "name": "Psychatog", "number": "1", "power": "1", "printings": ["ODY", "P05", "PRM", "VMA", "WC02"], "promoTypes": ["playerrewards"], "purchaseUrls": {"cardKingdomFoil": "https://mtgjson.com/links/ad5186e3d449913c", "tcgplayer": "https://mtgjson.com/links/db152048efd6b823"}, "rarity": "rare", "rulings": [], "setCode": "P05", "subtypes": ["Atog"], "supertypes": [], "text": "Discard a card: Psychatog gets +1/+1 until end of turn.\nExile two cards from your graveyard: Psychatog gets +1/+1 until end of turn.", "toughness": "2", "type": "Creature — Atog", "types": ["Creature"], "uuid": "8da146cf-ed71-5b63-b908-d1ebba2e0ab7", "watermark": "dci"}, {"artist": "Ron Spencer", "availability": ["paper"], "borderColor": "black", "colorIdentity": ["B"], "colors": ["B"], "convertedManaCost": 2.0, "edhrecRank": 7368, "finishes": ["nonfoil"], "foreignData": [], "frameVersion": "2003", "hasFoil": false, "hasNonFoil": true, "identifiers": {"cardKingdomId": "121904", "cardsphereId": "36304", "mcmId": "17569", "mtgjsonV4Id": "f6001660-7744-5cd6-9fb6-16ca3c4810fd", "scryfallId": "ba9d4863-75f2-4894-8033-e4ffebe0547a", "scryfallIllustrationId": "c33dbbd0-3709-4e2b-b737-a5eb8e046465", "scryfallOracleId": "b81f041d-98db-4408-9472-c483e4a502bc", "tcgplayerProductId": "38339"}, "isFullArt": true, "isPromo": true, "isReprint": true, "isStarter": true, "isTextless": true, "language": "English", "layout": "normal", "legalities": {"commander": "Legal", "duel": "Legal", "legacy": "Legal", "modern": "Legal", "pauper": "Legal", "paupercommander": "Legal", "penny": "Legal", "premodern": "Legal", "vintage": "Legal"}, "manaCost": "{1}{B}", "manaValue": 2.0, "name": "Terror", "number": "2", "printings": ["10E", "2ED", "3ED", "4BB", "4ED", "5ED", "6ED", "ATH", "BRB", "BTD", "CED", "CEI", "DPA", "FBB", "FNM", "ITP", "LEA", "LEB", "ME4", "MRD", "P05", "PRM", "PS11", "RQS", "SUM", "TD0"], "promoTypes": ["playerrewards"], "purchaseUrls": {"cardKingdom": "https://mtgjson.com/links/fbf5c36ed6b5d83f", "tcgplayer": "https://mtgjson.com/links/dc59fa5c8f0c586f"}, "rarity": "rare", "rulings": [], "setCode": "P05", "subtypes": [], "supertypes": [], "text": "Destroy target nonartifact, nonblack creature. It can't be regenerated.", "type": "Instant", "types": ["Instant"], "uuid": "3957aab0-997e-5917-8913-27de02f6d21e"}, {"artist": "Mark Tedin", "availability": ["paper"], "borderColor": "black", "colorIdentity": ["R"], "colors": ["R"], "convertedManaCost": 1.0, "edhrecRank": 3316, "finishes": ["nonfoil"], "foreignData": [], "frameVersion": "2003", "hasFoil": false, "hasNonFoil": true, "identifiers": {"cardKingdomId": "121895", "cardsphereId": "36274", "mcmId": "17570", "mtgjsonV4Id": "ce697f23-a87f-5579-9611-069e0d9cdc97", "scryfallId": "7c11fcd9-abad-47c8-ae47-55750bc1c9de", "scryfallIllustrationId": "19e0998d-81b9-4dd4-9c7e-5d6ee3e434a4", "scryfallOracleId": "aa7714b0-2bfb-458a-8ebf-37ec2c53383e", "tcgplayerProductId": "38308"}, "isFullArt": true, "isPromo": true, "isReprint": true, "isStarter": true, "isTextless": true, "language": "English", "layout": "normal", "legalities": {"commander": "Legal", "duel": "Legal", "legacy": "Legal", "modern": "Legal", "pauper": "Legal", "paupercommander": "Legal", "penny": "Legal", "premodern": "Legal", "vintage": "Legal"}, "manaCost": "{X}{R}", "manaValue": 1.0, "name": "Fireball", "number": "3", "printings": ["2ED", "3ED", "4BB", "4ED", "5ED", "ARC", "ATH", "BTD", "C13", "CED", "CEI", "CLB", "DD2", "DST", "FBB", "IMA", "ITP", "JVC", "LEA", "LEB", "M10", "M11", "M12", "MB1", "ME4", "P05", "PARL", "PD2", "PLIST", "PMEI", "PRM", "PTC", "RQS", "SUM", "WC04"], "promoTypes": ["playerrewards"], "purchaseUrls": {"cardKingdom": "https://mtgjson.com/links/75c0cc8e2df320d8", "tcgplayer": "https://mtgjson.com/links/6a95ee1fbd9f78b2"}, "rarity": "rare", "rulings": [{"date": "2017-11-17", "text": "For example, if X is 5 and you choose three target creatures, Fireball has a total cost of {7}{R} (even though its mana cost is just {5}{R} and its converted mana cost is 6). If those creatures are all still legal targets as Fireball resolves, it deals 1 damage to each of them."}, {"date": "2017-11-17", "text": "You may cast Fireball with zero targets, regardless of the value chosen for X. If you do so, it will not be a targeted spell, and no damage will actually be dealt when it resolves."}, {"date": "2017-11-17", "text": "Fireball’s damage is divided as Fireball resolves, not as it’s cast, because there are no choices involved. The division involves only targets that are still legal as Fireball resolves."}, {"date": "2017-11-17", "text": "You can target more than X creatures. However, if the number of legal targets at the time Fireball resolves is greater than X, none of them will be dealt any damage."}], "setCode": "P05", "subtypes": [], "supertypes": [], "text": "This spell costs {1} more to cast for each target beyond the first.\nFireball deals X damage divided evenly, rounded down, among any number of targets.", "type": "Sorcery", "types": ["Sorcery"], "uuid": "64614b74-7b1a-5b4d-b1b1-72af112cc287"}, {"artist": "Scott M. Fischer", "availability": ["paper"], "borderColor": "black", "colorIdentity": ["G"], "colors": ["G"], "convertedManaCost": 1.0, "edhrecRank": 14672, "finishes": ["nonfoil"], "foreignData": [], "frameVersion": "2003", "hasFoil": false, "hasNonFoil": true, "identifiers": {"cardKingdomId": "121900", "cardsphereId": "36290", "mcmId": "17571", "mtgjsonV4Id": "68536dce-bb2a-56a1-800e-ef04f60a0d6d", "scryfallId": "96837aad-424c-4d25-9ec1-b3121e6ac9a6", "scryfallIllustrationId": "423b69ad-283e-4419-97a3-f5379bf1a7b7", "scryfallOracleId": "0ff78353-a26e-4b5a-948d-1c3b41d2dd1f", "tcgplayerProductId": "38324"}, "isFullArt": true, "isPromo": true, "isReprint": true, "isStarter": true, "isTextless": true, "language": "English", "layout": "normal", "legalities": {"commander": "Legal", "duel": "Legal", "legacy": "Legal", "modern": "Legal", "penny": "Legal", "vintage": "Legal"}, "manaCost": "{G}", "manaValue": 1.0, "name": "Oxidize", "number": "4", "printings": ["DST", "P05", "PLIST", "PRM", "WC04"], "promoTypes": ["playerrewards"], "purchaseUrls": {"cardKingdom": "https://mtgjson.com/links/701beee950a037af", "tcgplayer": "https://mtgjson.com/links/8ec2762eb3e277c1"}, "rarity": "rare", "rulings": [], "setCode": "P05", "subtypes": [], "supertypes": [], "text": "Destroy target artifact. It can't be regenerated.", "type": "Instant", "types": ["Instant"], "uuid": "1fa5a8a4-b697-5d84-827c-d99cd318a476"}, {"artist": "Christopher Rush", "availability": ["paper"], "borderColor": "black", "colorIdentity": ["U"], "colors": ["U"], "convertedManaCost": 2.0, "edhrecRank": 1249, "finishes": ["nonfoil"], "foreignData": [], "frameVersion": "2003", "hasFoil": false, "hasNonFoil": true, "identifiers": {"cardKingdomId": "121898", "cardsphereId": "36285", "mcmId": "17572", "mtgjsonV4Id": "e883fcfe-6b57-53b3-9a16-7a6d41cdfcc0", "scryfallId": "dea41eb7-5828-4735-bca1-0dbb0fda04e3", "scryfallIllustrationId": "8efda6a2-25d1-4ad6-aa4c-9da0770335c2", "scryfallOracleId": "c61fe162-2202-4e56-9ba0-393547f9875f", "tcgplayerProductId": "38319"}, "isFullArt": true, "isPromo": true, "isReprint": true, "isStarter": true, "isTextless": true, "language": "English", "layout": "normal", "legalities": {"commander": "Legal", "duel": "Legal", "legacy": "Legal", "modern": "Legal", "pauper": "Legal", "paupercommander": "Legal", "penny": "Legal", "premodern": "Legal", "vintage": "Legal"}, "manaCost": "{1}{U}", "manaValue": 2.0, "name": "Mana Leak", "number": "5", "printings": ["8ED", "9ED", "BRB", "DDN", "IMA", "M11", "M12", "MB1", "MM2", "P05", "PAL02", "PRM", "PS11", "STH", "TPR", "WC03", "WC04", "WC98"], "promoTypes": ["playerrewards"], "purchaseUrls": {"cardKingdom": "https://mtgjson.com/links/60acc16d9e2ed979", "tcgplayer": "https://mtgjson.com/links/0fb10522275944b9"}, "rarity": "rare", "rulings": [], "setCode": "P05", "subtypes": [], "supertypes": [], "text": "Counter target spell unless its controller pays {3}.", "type": "Instant", "types": ["Instant"], "uuid": "6c466b74-2d63-5ac2-a37e-924fba1bdc75"}, {"artist": "Jim Murray", "availability": ["paper"], "borderColor": "black", "colorIdentity": ["W"], "colors": ["W"], "convertedManaCost": 1.0, "edhrecRank": 11710, "finishes": ["nonfoil"], "foreignData": [], "frameVersion": "2003", "hasFoil": false, "hasNonFoil": true, "identifiers": {"cardKingdomId": "121903", "cardsphereId": "36298", "mcmId": "17573", "mtgjsonV4Id": "d3a4440e-2122-5325-860e-3e2261cdea7e", "scryfallId": "3f55274a-54f1-4ab2-90ae-8634073baf5f", "scryfallIllustrationId": "5e436e15-9d2d-4e79-8c6a-7552d6dde52f", "scryfallOracleId": "ebdd29c0-2c33-4410-a05c-80ced58c7b81", "tcgplayerProductId": "38334"}, "isFullArt": true, "isPromo": true, "isReprint": true, "isStarter": true, "isTextless": true, "language": "English", "layout": "normal", "legalities": {"commander": "Legal", "duel": "Legal", "legacy": "Legal", "modern": "Legal", "penny": "Legal", "vintage": "Legal"}, "manaCost": "{W}", "manaValue": 1.0, "name": "Reciprocate", "number": "6", "printings": ["CHK", "DDG", "P05", "PRM"], "promoTypes": ["playerrewards"], "purchaseUrls": {"cardKingdom": "https://mtgjson.com/links/e4805aad28479efc", "tcgplayer": "https://mtgjson.com/links/d10a70941696bf56"}, "rarity": "rare", "rulings": [], "setCode": "P05", "subtypes": [], "supertypes": [], "text": "Exile target creature that dealt damage to you this turn.", "type": "Instant", "types": ["Instant"], "uuid": "ab202d46-11f6-524f-8ca3-b57f2f17eb55"}], "code": "P05", "isFoilOnly": false, "isOnlineOnly": false, "keyruneCode": "PARL", "name": "Magic Player Rewards 2005", "releaseDate": "2005-01-01", "tokens": [], "totalSetSize": 6, "translations": {}, "type": "promo"}}