{"meta": {"date": "2022-05-26", "version": "5.2.0+20220526"}, "data": {"baseSetSize": 7, "block": "Magic Player Rewards", "cards": [{"artist": "Ron Spencer", "availability": ["paper"], "borderColor": "black", "colorIdentity": ["W"], "colors": ["W"], "convertedManaCost": 4.0, "edhrecRank": 258, "finishes": ["foil"], "foreignData": [], "frameVersion": "2003", "hasFoil": true, "hasNonFoil": false, "identifiers": {"cardKingdomFoilId": "121905", "cardsphereId": "36311", "mcmId": "17581", "mtgjsonV4Id": "43b9307d-4851-5e8f-be05-3f4fa21dc3b3", "scryfallId": "10c5810f-83f6-43bf-8ece-047be42d7d58", "scryfallIllustrationId": "6813bd80-fa6c-4919-ac40-e719ae1235f6", "scryfallOracleId": "34515b16-c9a4-4f98-8c77-416a7a523407", "tcgplayerProductId": "38345"}, "isFullArt": true, "isPromo": true, "isReprint": true, "isStarter": true, "isTextless": true, "language": "English", "layout": "normal", "legalities": {"commander": "Legal", "duel": "Legal", "gladiator": "Legal", "historic": "Legal", "historicbrawl": "Legal", "legacy": "Legal", "modern": "Legal", "penny": "Legal", "premodern": "Legal", "vintage": "Legal"}, "manaCost": "{2}{W}{W}", "manaValue": 4.0, "name": "Wrath of God", "number": "1", "printings": ["10E", "2ED", "2XM", "3ED", "4BB", "4ED", "5ED", "6ED", "7ED", "8ED", "9ED", "AKR", "BRB", "C13", "CED", "CEI", "EMA", "FBB", "LEA", "LEB", "MP2", "P07", "PLIST", "POR", "PRM", "PTC", "PZ1", "SLD", "SUM", "V14", "WC00", "WC03", "WC04"], "promoTypes": ["playerrewards"], "purchaseUrls": {"cardKingdomFoil": "https://mtgjson.com/links/67921f6a60ecc1bb", "tcgplayer": "https://mtgjson.com/links/047418ad86e7ad7a"}, "rarity": "rare", "rulings": [], "setCode": "P07", "subtypes": [], "supertypes": [], "text": "Destroy all creatures. They can't be regenerated.", "type": "Sorcery", "types": ["Sorcery"], "uuid": "b9025359-731a-5037-8dfa-00dfdae1fd0e"}, {"artist": "Kev Walker", "availability": ["paper"], "borderColor": "black", "colorIdentity": ["W"], "colors": ["W"], "convertedManaCost": 1.0, "edhrecRank": 2378, "finishes": ["nonfoil"], "foreignData": [], "frameVersion": "2003", "hasFoil": false, "hasNonFoil": true, "identifiers": {"cardKingdomId": "121894", "cardsphereId": "36266", "mcmId": "17582", "mtgjsonV4Id": "9f15670f-4c07-58f7-ad32-da5642fbe105", "scryfallId": "c986d9d6-d274-4ba9-8695-bc7c2f8e8fed", "scryfallIllustrationId": "21017a87-32d9-4a45-802c-0dccf9dfc818", "scryfallOracleId": "377d31b5-0a48-4d5b-91bd-b5a62d4f7899", "tcgplayerProductId": "38300"}, "isFullArt": true, "isPromo": true, "isReprint": true, "isStarter": true, "isTextless": true, "language": "English", "layout": "normal", "legalities": {"commander": "Legal", "duel": "Legal", "legacy": "Legal", "modern": "Legal", "penny": "Legal", "vintage": "Legal"}, "manaCost": "{W}", "manaValue": 1.0, "name": "Condemn", "number": "2", "printings": ["10E", "C14", "C17", "CMR", "DDL", "DIS", "M11", "P07", "PRM", "PS11", "TD0", "TD2", "ZNC"], "promoTypes": ["playerrewards"], "purchaseUrls": {"cardKingdom": "https://mtgjson.com/links/a774f59e707714fc", "tcgplayer": "https://mtgjson.com/links/6173d529f134d2be"}, "rarity": "rare", "rulings": [{"date": "2010-08-15", "text": "The affected creature’s last known existence on the battlefield is checked to determine its toughness."}], "setCode": "P07", "subtypes": [], "supertypes": [], "text": "Put target attacking creature on the bottom of its owner's library. Its controller gains life equal to its toughness.", "type": "Instant", "types": ["Instant"], "uuid": "a6d68eca-4d29-5ea4-8292-bf91e99470af"}, {"artist": "Brian Snõddy", "availability": ["paper"], "borderColor": "black", "colorIdentity": ["B", "W"], "colors": ["B", "W"], "convertedManaCost": 3.0, "edhrecRank": 338, "finishes": ["nonfoil"], "foreignData": [], "frameVersion": "2003", "hasFoil": false, "hasNonFoil": true, "identifiers": {"cardKingdomId": "121899", "cardsphereId": "36287", "mcmId": "17583", "mtgjsonV4Id": "d57c0df2-3843-5098-b830-a5076ee6a884", "scryfallId": "a36a42b0-8216-4c99-a85f-22a520f31fd4", "scryfallIllustrationId": "b4f30529-94c9-4f6f-8c98-45e0b3882613", "scryfallOracleId": "faa01ed1-ccfa-4e58-951f-cd81f9068027", "tcgplayerProductId": "38321"}, "isFullArt": true, "isPromo": true, "isReprint": true, "isStarter": true, "isTextless": true, "language": "English", "layout": "normal", "legalities": {"commander": "Legal", "duel": "Legal", "explorer": "Legal", "gladiator": "Legal", "historic": "Legal", "historicbrawl": "Legal", "legacy": "Legal", "modern": "Legal", "penny": "Legal", "pioneer": "Legal", "vintage": "Legal"}, "manaCost": "{1}{W}{B}", "manaValue": 3.0, "name": "Mortify", "number": "3", "printings": ["C16", "C17", "C18", "CM2", "CMA", "CMD", "CNS", "DDK", "E02", "GPT", "MB1", "P07", "PLIST", "PRM", "PRNA", "RNA", "TSR"], "promoTypes": ["playerrewards"], "purchaseUrls": {"cardKingdom": "https://mtgjson.com/links/294ead6fbe4a0744", "tcgplayer": "https://mtgjson.com/links/9b2026ab1e39a722"}, "rarity": "rare", "rulings": [{"date": "2006-02-01", "text": "This spell isn’t Modal. When it resolves, it will destroy the target if it’s a creature or an enchantment, even if it changed from one to the other between targeting and resolution."}], "setCode": "P07", "subtypes": [], "supertypes": [], "text": "Destroy target creature or enchantment.", "type": "Instant", "types": ["Instant"], "uuid": "5971d27f-0516-5e46-b9a3-08f9d4bc0f7f"}, {"artist": "Aleksi Briclot", "availability": ["paper"], "borderColor": "black", "colorIdentity": ["U"], "colors": ["U"], "convertedManaCost": 3.0, "edhrecRank": 14128, "finishes": ["nonfoil"], "foreignData": [], "frameVersion": "2003", "hasFoil": false, "hasNonFoil": true, "identifiers": {"cardKingdomId": "122314", "cardsphereId": "36293", "mcmId": "17584", "mtgjsonV4Id": "68c9c36a-1cd8-5cf8-b9ba-9aa6f522a3c2", "scryfallId": "1a380513-9eea-4ff9-bcc8-7a6b53c642c4", "scryfallIllustrationId": "29107495-9954-4163-b6ac-07b4839998f0", "scryfallOracleId": "7f221ad6-7ec4-483d-a6b5-1456c95c1cad", "tcgplayerProductId": "38329"}, "isFullArt": true, "isPromo": true, "isReprint": true, "isStarter": true, "isTextless": true, "language": "English", "layout": "normal", "legalities": {"commander": "Legal", "duel": "Legal", "legacy": "Legal", "modern": "Legal", "vintage": "Legal"}, "manaCost": "{2}{U}", "manaValue": 3.0, "name": "Psionic Blast", "number": "4", "printings": ["2ED", "CED", "CEI", "LEA", "LEB", "P07", "PRM", "TSB"], "promoTypes": ["playerrewards"], "purchaseUrls": {"cardKingdom": "https://mtgjson.com/links/262b8f71e9fc8572", "tcgplayer": "https://mtgjson.com/links/ad8f669d291b11ab"}, "rarity": "rare", "rulings": [], "setCode": "P07", "subtypes": [], "supertypes": [], "text": "Psionic Blast deals 4 damage to any target and 2 damage to you.", "type": "Instant", "types": ["Instant"], "uuid": "b8772f97-96ca-5591-bb9d-b63138376b52"}, {"artist": "Steve Ellis", "availability": ["paper"], "borderColor": "black", "colorIdentity": ["B"], "colors": ["B"], "convertedManaCost": 2.0, "edhrecRank": 13349, "finishes": ["nonfoil"], "foreignData": [], "frameVersion": "2003", "hasFoil": false, "hasNonFoil": true, "identifiers": {"cardKingdomId": "124474", "cardsphereId": "36268", "mcmId": "17585", "mtgjsonV4Id": "b8844ccb-70dd-57f0-ab3e-3f7359e118b7", "scryfallId": "fd3e0bb9-5a68-4164-9968-366299fca8ce", "scryfallIllustrationId": "109eb745-535b-407d-945a-56ea66c9726c", "scryfallOracleId": "10c585c4-bf5b-4d8f-94a9-e9a5036a688f", "tcgplayerProductId": "38302"}, "isFullArt": true, "isPromo": true, "isReprint": true, "isStarter": true, "isTextless": true, "language": "English", "layout": "normal", "legalities": {"commander": "Legal", "duel": "Legal", "legacy": "Legal", "modern": "Legal", "pauper": "Legal", "paupercommander": "Legal", "penny": "Legal", "vintage": "Legal"}, "manaCost": "{1}{B}", "manaValue": 2.0, "name": "Cruel Edict", "number": "5", "printings": ["10E", "9ED", "DDC", "DVD", "P02", "P07", "PRM"], "promoTypes": ["playerrewards"], "purchaseUrls": {"cardKingdom": "https://mtgjson.com/links/40289fe9292259b5", "tcgplayer": "https://mtgjson.com/links/7ad0b32aad683bb1"}, "rarity": "rare", "rulings": [], "setCode": "P07", "subtypes": [], "supertypes": [], "text": "Target opponent sacrifices a creature.", "type": "Sorcery", "types": ["Sorcery"], "uuid": "2a917045-ae58-5f59-89d0-187c37d8ff09"}, {"artist": "Heather Hudson", "availability": ["paper"], "borderColor": "black", "colorIdentity": ["W"], "colors": ["W"], "convertedManaCost": 2.0, "edhrecRank": 770, "finishes": ["nonfoil"], "foreignData": [], "frameVersion": "2003", "hasFoil": false, "hasNonFoil": true, "identifiers": {"cardKingdomId": "122315", "cardsphereId": "36272", "mcmId": "17586", "mtgjsonV4Id": "4f39cee0-604a-55e5-9f4d-a51a4d7209ea", "scryfallId": "07494030-c1a3-4135-be88-9f7ba68f814b", "scryfallIllustrationId": "54ed2009-82fe-459e-ba96-40e1e57fa80c", "scryfallOracleId": "a7e97fa9-4b72-4548-b854-5be5f18a6f1a", "tcgplayerProductId": "38306"}, "isFullArt": true, "isPromo": true, "isReprint": true, "isStarter": true, "isTextless": true, "language": "English", "layout": "normal", "legalities": {"alchemy": "Legal", "brawl": "Legal", "commander": "Legal", "duel": "Legal", "explorer": "Legal", "future": "Legal", "gladiator": "Legal", "historic": "Legal", "historicbrawl": "Legal", "legacy": "Legal", "modern": "Legal", "pauper": "Legal", "paupercommander": "Legal", "penny": "Legal", "pioneer": "Legal", "premodern": "Legal", "standard": "Legal", "vintage": "Legal"}, "manaCost": "{1}{W}", "manaValue": 2.0, "name": "Disenchant", "number": "6", "printings": ["2ED", "3ED", "4BB", "4ED", "5ED", "6ED", "7ED", "A25", "ATH", "BRB", "CED", "CEI", "CMR", "CN2", "CST", "F03", "FBB", "ICE", "IMA", "LEA", "LEB", "M20", "MB1", "ME2", "ME3", "MIR", "MMQ", "P07", "PARL", "PLIST", "PMEI", "PRM", "PTC", "SUM", "TMP", "TPR", "TSB", "USG", "WC97", "WC98", "ZNR"], "promoTypes": ["playerrewards"], "purchaseUrls": {"cardKingdom": "https://mtgjson.com/links/92630e16b361ac63", "tcgplayer": "https://mtgjson.com/links/983ef01fe10d45ef"}, "rarity": "rare", "rulings": [{"date": "2004-10-04", "text": "This is not modal. If the target changes from an artifact to an enchantment or vice versa, this still destroys it."}], "setCode": "P07", "subtypes": [], "supertypes": [], "text": "Destroy target artifact or enchantment.", "type": "Instant", "types": ["Instant"], "uuid": "e47bb688-a3ba-5243-bbe5-2795602a13cc"}, {"artist": "Michael Sutfin", "availability": ["paper"], "borderColor": "black", "colorIdentity": ["G"], "colors": ["G"], "convertedManaCost": 3.0, "edhrecRank": 6820, "finishes": ["nonfoil"], "foreignData": [], "frameVersion": "2003", "hasFoil": false, "hasNonFoil": true, "identifiers": {"cardKingdomId": "124475", "cardsphereId": "36299", "mcmId": "17587", "mtgjsonV4Id": "f382dae4-8aa8-5352-80a6-0ff25bceb5a8", "scryfallId": "be7ef1c2-a75e-47ef-8181-cb7933ac09d6", "scryfallIllustrationId": "1d4bf128-52e8-410b-a81e-95fdff6877d8", "scryfallOracleId": "5b38fafb-3999-46dc-928b-1677625c1943", "tcgplayerProductId": "38335"}, "isFullArt": true, "isPromo": true, "isReprint": true, "isStarter": true, "isTextless": true, "language": "English", "layout": "normal", "legalities": {"commander": "Legal", "duel": "Legal", "explorer": "Legal", "gladiator": "Legal", "historic": "Legal", "historicbrawl": "Legal", "legacy": "Legal", "modern": "Legal", "penny": "Legal", "pioneer": "Legal", "vintage": "Legal"}, "manaCost": "{2}{G}", "manaValue": 3.0, "name": "Recollect", "number": "7", "printings": ["10E", "M19", "P07", "PRM", "RAV", "TD0"], "promoTypes": ["playerrewards"], "purchaseUrls": {"cardKingdom": "https://mtgjson.com/links/bc4eaebc5cfaec11", "tcgplayer": "https://mtgjson.com/links/63b5eb7e1c9dc42a"}, "rarity": "rare", "rulings": [], "setCode": "P07", "subtypes": [], "supertypes": [], "text": "Return target card from your graveyard to your hand.", "type": "Sorcery", "types": ["Sorcery"], "uuid": "3f706a91-e07f-5890-9389-4506b365d1d6"}], "code": "P07", "isFoilOnly": false, "isOnlineOnly": false, "keyruneCode": "DEFAULT", "name": "Magic Player Rewards 2007", "releaseDate": "2007-01-01", "tokens": [], "totalSetSize": 7, "translations": {}, "type": "promo"}}