{"meta": {"date": "2022-05-26", "version": "5.2.0+20220526"}, "data": {"baseSetSize": 9, "block": "Magic Player Rewards", "cards": [{"artist": "Véronique Meignaud", "availability": ["paper"], "borderColor": "black", "colorIdentity": ["R"], "colors": ["R"], "convertedManaCost": 1.0, "edhrecRank": 392, "finishes": ["foil"], "foreignData": [], "frameVersion": "2003", "hasFoil": true, "hasNonFoil": false, "identifiers": {"cardKingdomFoilId": "130629", "cardsphereId": "36283", "mcmId": "21797", "mtgjsonV4Id": "66e04c50-4518-5a61-8ab2-8860094deca5", "scryfallId": "28708c8c-4336-4d04-b43a-59a31471a9f6", "scryfallIllustrationId": "8b6a845f-00a7-416b-a421-6527fff0873d", "scryfallOracleId": "4457ed35-7c10-48c8-9776-456485fdf070", "tcgplayerProductId": "38317"}, "isFullArt": true, "isPromo": true, "isReprint": true, "isStarter": true, "isTextless": true, "language": "English", "layout": "normal", "legalities": {"commander": "Legal", "duel": "Legal", "gladiator": "Legal", "historic": "Banned", "historicbrawl": "Legal", "legacy": "Legal", "modern": "Legal", "pauper": "Legal", "paupercommander": "Legal", "premodern": "Legal", "vintage": "Legal"}, "manaCost": "{R}", "manaValue": 1.0, "name": "Lightning Bolt", "number": "1", "printings": ["2ED", "3ED", "4BB", "4ED", "A25", "ATH", "BTD", "CED", "CEI", "CLB", "E01", "FBB", "J21", "JGP", "JMP", "LEA", "LEB", "M10", "M11", "MB1", "ME1", "MM2", "P10", "PD2", "PF19", "PLIST", "PRM", "PTC", "SLD", "STA", "SUM", "TD0"], "promoTypes": ["playerrewards"], "purchaseUrls": {"cardKingdomFoil": "https://mtgjson.com/links/4ba11de264b3239d", "tcgplayer": "https://mtgjson.com/links/72c4de255adcad1c"}, "rarity": "rare", "rulings": [], "setCode": "P10", "subtypes": [], "supertypes": [], "text": "Lightning Bolt deals 3 damage to any target.", "type": "Instant", "types": ["Instant"], "uuid": "d7621fd8-dfff-526d-908b-32faad3eef69"}, {"artist": "Izzy", "availability": ["paper"], "borderColor": "black", "colorIdentity": ["U"], "colors": ["U"], "convertedManaCost": 3.0, "edhrecRank": 1576, "finishes": ["nonfoil"], "foreignData": [], "frameVersion": "2003", "hasFoil": false, "hasNonFoil": true, "identifiers": {"cardKingdomId": "185167", "cardsphereId": "36264", "mcmId": "21798", "mtgjsonV4Id": "ca1aacf7-e2bd-5bb2-97df-984e0aa8009b", "scryfallId": "bc4d6368-03dc-488a-9a6b-07a549a87572", "scryfallIllustrationId": "0c8b2b0d-50d0-41c9-bc9f-6928e54dffd4", "scryfallOracleId": "7d00fb28-ea6c-49a9-b4af-ffb38860a9a7", "tcgplayerProductId": "38298"}, "isFullArt": true, "isPromo": true, "isReprint": true, "isStarter": true, "isTextless": true, "language": "English", "layout": "normal", "legalities": {"commander": "Legal", "duel": "Legal", "explorer": "Legal", "gladiator": "Legal", "historic": "Legal", "historicbrawl": "Legal", "legacy": "Legal", "modern": "Legal", "pauper": "Legal", "paupercommander": "Legal", "penny": "Legal", "pioneer": "Legal", "vintage": "Legal"}, "manaCost": "{1}{U}{U}", "manaValue": 3.0, "name": "Cancel", "number": "2", "printings": ["10E", "AKH", "ALA", "DPA", "KTK", "M10", "M11", "M12", "M14", "M15", "M19", "M21", "MB1", "P10", "PC2", "PCA", "PRM", "PS11", "RTR", "TSP", "XLN", "ZEN"], "promoTypes": ["playerrewards"], "purchaseUrls": {"cardKingdom": "https://mtgjson.com/links/09f36e63b0137193", "tcgplayer": "https://mtgjson.com/links/651313598ced2b8f"}, "rarity": "rare", "rulings": [], "setCode": "P10", "subtypes": [], "supertypes": [], "text": "Counter target spell.", "type": "Instant", "types": ["Instant"], "uuid": "2cf33205-e596-5a82-8439-f3228c9ffa89"}, {"artist": "Alan Pollack", "availability": ["paper"], "borderColor": "black", "colorIdentity": ["B"], "colors": ["B"], "convertedManaCost": 2.0, "edhrecRank": 209, "finishes": ["nonfoil"], "foreignData": [], "frameVersion": "2003", "hasFoil": false, "hasNonFoil": true, "identifiers": {"cardKingdomId": "185486", "cardsphereId": "36302", "mcmId": "21799", "mtgjsonV4Id": "4aa4d8fc-b8ce-59eb-9337-6249bf049604", "scryfallId": "a0ea92c4-84e3-494f-a2c0-f241521a5491", "scryfallIllustrationId": "6098e24b-d1b4-4893-8b31-8dca230dd2d5", "scryfallOracleId": "c6207f6a-a624-4754-88f5-dbe700c841ff", "tcgplayerProductId": "38337"}, "isFullArt": true, "isPromo": true, "isReprint": true, "isStarter": true, "isTextless": true, "language": "English", "layout": "normal", "legalities": {"commander": "Legal", "duel": "Legal", "explorer": "Legal", "gladiator": "Legal", "historic": "Legal", "historicbrawl": "Legal", "legacy": "Legal", "modern": "Legal", "pauper": "Legal", "paupercommander": "Legal", "penny": "Legal", "pioneer": "Legal", "vintage": "Legal"}, "manaCost": "{B}{B}", "manaValue": 2.0, "name": "Sign in Blood", "number": "3", "printings": ["ARC", "C14", "CM2", "CMD", "DDD", "GVL", "M10", "M11", "M13", "M15", "MM2", "P10", "PLIST", "PRM", "STA"], "promoTypes": ["playerrewards"], "purchaseUrls": {"cardKingdom": "https://mtgjson.com/links/dd39a58478b1b1f9", "tcgplayer": "https://mtgjson.com/links/bdcb56756f911b99"}, "rarity": "rare", "rulings": [], "setCode": "P10", "subtypes": [], "supertypes": [], "text": "Target player draws two cards and loses 2 life.", "type": "Sorcery", "types": ["Sorcery"], "uuid": "0ecdcdbd-5610-5f7c-b16c-e631b1810897"}, {"artist": "Pete Venters", "availability": ["paper"], "borderColor": "black", "colorIdentity": ["B"], "colors": ["B"], "convertedManaCost": 3.0, "edhrecRank": 14010, "finishes": ["nonfoil"], "foreignData": [], "frameVersion": "2003", "hasFoil": false, "hasNonFoil": true, "identifiers": {"cardKingdomId": "130628", "cardsphereId": "36282", "mcmId": "22116", "mtgjsonV4Id": "9dd6e1ce-1385-5a9f-87b4-a00d5ba3b260", "scryfallId": "9350a640-3f22-478f-b463-6b50cfe766e1", "scryfallIllustrationId": "ad73a23a-2033-49c9-9fb3-ac07c075a8f5", "scryfallOracleId": "d6850616-7db5-4141-9ab0-ae8d1f08114f", "tcgplayerProductId": "38316"}, "isFullArt": true, "isPromo": true, "isReprint": true, "isStarter": true, "isTextless": true, "language": "English", "layout": "normal", "legalities": {"commander": "Legal", "duel": "Legal", "legacy": "Legal", "modern": "Legal", "penny": "Legal", "premodern": "Legal", "vintage": "Legal"}, "manaCost": "{1}{B}{B}", "manaValue": 3.0, "name": "Infest", "number": "4", "printings": ["ALA", "ARC", "C13", "CN2", "MB1", "ONS", "P10", "PRM"], "promoTypes": ["playerrewards"], "purchaseUrls": {"cardKingdom": "https://mtgjson.com/links/79f711235796dafc", "tcgplayer": "https://mtgjson.com/links/bc2ec6a2c21390e7"}, "rarity": "rare", "rulings": [], "setCode": "P10", "subtypes": [], "supertypes": [], "text": "All creatures get -2/-2 until end of turn.", "type": "Sorcery", "types": ["Sorcery"], "uuid": "0f1d5606-5753-56f7-a86c-cd0ab1bf2223"}, {"artist": "Jim Pavelec", "availability": ["paper"], "borderColor": "black", "colorIdentity": ["R"], "colors": ["R"], "convertedManaCost": 3.0, "edhrecRank": 4580, "finishes": ["nonfoil"], "foreignData": [], "frameVersion": "2003", "hasFoil": false, "hasNonFoil": true, "identifiers": {"cardKingdomId": "130630", "cardsphereId": "36309", "mcmId": "22117", "mtgjsonV4Id": "d8707f66-8a58-5037-8ecf-b2b85c082474", "scryfallId": "8d3a69d2-518d-4b70-a03e-6d02a525f9ad", "scryfallIllustrationId": "b66d7940-699e-4b3b-bab2-db833ceb8996", "scryfallOracleId": "bd6ce147-c991-40ac-b276-65b630fad8b6", "tcgplayerProductId": "38343"}, "isFullArt": true, "isPromo": true, "isReprint": true, "isStarter": true, "isTextless": true, "language": "English", "layout": "normal", "legalities": {"commander": "Legal", "duel": "Legal", "gladiator": "Legal", "historic": "Legal", "historicbrawl": "Legal", "legacy": "Legal", "modern": "Legal", "penny": "Legal", "vintage": "Legal"}, "manaCost": "{1}{R}{R}", "manaValue": 3.0, "name": "Volcanic Fallout", "number": "5", "printings": ["ARC", "CMR", "CNS", "CON", "JMP", "P10", "PRM"], "promoTypes": ["playerrewards"], "purchaseUrls": {"cardKingdom": "https://mtgjson.com/links/62bdcca4ab974a36", "tcgplayer": "https://mtgjson.com/links/b7f4b666c0857591"}, "rarity": "rare", "rulings": [{"date": "2009-02-01", "text": "Volcanic Fallout can be targeted by spells that try to counter it (such as Countersquall). Those spells will still resolve, but the part of their effect that would counter Volcanic Fallout won’t do anything. Any other effects those spells have will work as normal."}], "setCode": "P10", "subtypes": [], "supertypes": [], "text": "This spell can't be countered.\nVolcanic Fallout deals 2 damage to each creature and each player.", "type": "Instant", "types": ["Instant"], "uuid": "3e0c9d6c-62a9-5004-8017-baa4f82f3cab"}, {"artist": "Nils Hamm", "availability": ["paper"], "borderColor": "black", "colorIdentity": ["W"], "colors": ["W"], "convertedManaCost": 2.0, "edhrecRank": 13654, "finishes": ["nonfoil"], "foreignData": [], "frameVersion": "2003", "hasFoil": false, "hasNonFoil": true, "identifiers": {"cardKingdomId": "131140", "cardsphereId": "36265", "mcmId": "22409", "mtgjsonV4Id": "d6e2a3a3-f4b4-5ae2-89a0-f50ead4c57d3", "scryfallId": "1a5dbac5-273c-4452-a9c2-32fb6086a8d1", "scryfallIllustrationId": "3e145221-08d9-4ea7-8d4a-e159009453af", "scryfallOracleId": "ec1f6188-2516-46ac-8a03-7b7285b23a62", "tcgplayerProductId": "38299"}, "isFullArt": true, "isPromo": true, "isReprint": true, "isStarter": true, "isTextless": true, "language": "English", "layout": "normal", "legalities": {"commander": "Legal", "duel": "Legal", "legacy": "Legal", "modern": "Legal", "penny": "Legal", "vintage": "Legal"}, "manaCost": "{1}{W}", "manaValue": 2.0, "name": "Celestial Purge", "number": "6", "printings": ["CON", "M10", "M11", "M12", "MM2", "P10", "PRM"], "promoTypes": ["playerrewards"], "purchaseUrls": {"cardKingdom": "https://mtgjson.com/links/0edf8909bc124aa2", "tcgplayer": "https://mtgjson.com/links/f38318782a51fa18"}, "rarity": "rare", "rulings": [{"date": "2009-10-01", "text": "Lands are colorless (even if their frames have some colored elements to them). You can’t target a Swamp, a Mountain, or any other land with Celestial Purge (unless some other effect has turned that land black or red)."}], "setCode": "P10", "subtypes": [], "supertypes": [], "text": "Exile target black or red permanent.", "type": "Instant", "types": ["Instant"], "uuid": "186d9811-8c0c-57af-84de-9c7de3926278"}, {"artist": "Aleksi Briclot", "availability": ["paper"], "borderColor": "black", "colorIdentity": ["B", "R"], "colors": ["B", "R"], "convertedManaCost": 5.0, "edhrecRank": 4445, "finishes": ["nonfoil"], "foreignData": [], "frameVersion": "2003", "hasFoil": false, "hasNonFoil": true, "identifiers": {"cardKingdomId": "185487", "cardsphereId": "36260", "mcmId": "22410", "mtgjsonV4Id": "72eef17a-baa0-5fe9-993e-d7964fa0e43d", "scryfallId": "b368dae7-ca43-4c7e-9b75-826540383630", "scryfallIllustrationId": "5764fdff-9f14-494d-8357-dd605e1c1dbd", "scryfallOracleId": "d291d8f7-bb67-470c-8794-cd553c91e5cc", "tcgplayerProductId": "38294"}, "isFullArt": true, "isPromo": true, "isReprint": true, "isStarter": true, "isTextless": true, "keywords": ["Cascade"], "language": "English", "layout": "normal", "legalities": {"commander": "Legal", "duel": "Legal", "legacy": "Legal", "modern": "Legal", "penny": "Legal", "vintage": "Legal"}, "manaCost": "{3}{B}{R}", "manaValue": 5.0, "name": "Bituminous Blast", "number": "7", "printings": ["AFC", "ARB", "ARC", "C16", "MB1", "P10", "PC2", "PCA", "PRM"], "promoTypes": ["playerrewards"], "purchaseUrls": {"cardKingdom": "https://mtgjson.com/links/de1e02646becd578", "tcgplayer": "https://mtgjson.com/links/847f6c49bbe2a27a"}, "rarity": "rare", "rulings": [{"date": "2021-06-18", "text": "A spell's mana value is determined only by its mana cost. Ignore any alternative costs, additional costs, cost increases, or cost reductions."}, {"date": "2021-06-18", "text": "Cascade triggers when you cast the spell, meaning that it resolves before that spell. If you end up casting the exiled card, it will go on the stack above the spell with cascade."}, {"date": "2021-06-18", "text": "When the cascade ability resolves, you must exile cards. The only optional part of the ability is whether or not you cast the last card exiled."}, {"date": "2021-06-18", "text": "If a spell with cascade is countered, the cascade ability will still resolve normally."}, {"date": "2021-06-18", "text": "You exile the cards face up. All players will be able to see them."}, {"date": "2021-06-18", "text": "If you cast a card “without paying its mana cost,” you can't choose to cast it for any alternative costs. You can, however, pay additional costs. If the card has any mandatory additional costs, you must pay those to cast the card."}, {"date": "2021-06-18", "text": "If the card has {X} in its mana cost, you must choose 0 as the value of X when casting it without paying its mana cost."}, {"date": "2021-06-18", "text": "Due to a recent rules change to cascade, not only do you stop exiling cards if you exile a nonland card with lesser mana value than the spell with cascade, but the resulting spell you cast must also have lesser mana value. Previously, in cases where a card's mana value differed from the resulting spell, such as with some modal double-faced cards or cards with an Adventure, you could cast a spell with a higher mana value than the exiled card."}, {"date": "2021-06-18", "text": "The mana value of a split card is determined by the combined mana cost of its two halves. If cascade allows you to cast a split card, you may cast either half but not both halves."}], "setCode": "P10", "subtypes": [], "supertypes": [], "text": "Cascade (When you cast this spell, exile cards from the top of your library until you exile a nonland card that costs less. You may cast it without paying its mana cost. Put the exiled cards on the bottom of your library in a random order.)\nBituminous Blast deals 4 damage to target creature.", "type": "Instant", "types": ["Instant"], "uuid": "2587aa9b-a13c-5843-a6cc-9859b6e38d48"}, {"artist": "Jung Park", "availability": ["paper"], "borderColor": "black", "colorIdentity": ["R"], "colors": ["R"], "convertedManaCost": 1.0, "edhrecRank": 9148, "finishes": ["nonfoil"], "foreignData": [], "frameVersion": "2003", "hasFoil": false, "hasNonFoil": true, "identifiers": {"cardKingdomId": "185176", "cardsphereId": "36263", "mcmId": "242020", "mtgjsonV4Id": "c8d715ce-cc02-57c1-a0ca-211dacf4725a", "scryfallId": "db539e3e-cefe-4f2c-bc8e-df049426895f", "scryfallIllustrationId": "9a5eb971-9eee-4eb6-b410-194de49818dc", "scryfallOracleId": "ac2086fe-98ee-4280-9c7c-c5c2d6548a8b", "tcgplayerProductId": "38297"}, "isFullArt": true, "isPromo": true, "isReprint": true, "isStarter": true, "isTextless": true, "keywords": ["Kicker"], "language": "English", "layout": "normal", "legalities": {"commander": "Legal", "duel": "Legal", "legacy": "Legal", "modern": "Legal", "pauper": "Legal", "paupercommander": "Legal", "penny": "Legal", "vintage": "Legal"}, "manaCost": "{R}", "manaValue": 1.0, "name": "Burst Lightning", "number": "8", "printings": ["MB1", "MM2", "P10", "PLIST", "PRM", "ZEN"], "promoTypes": ["playerrewards"], "purchaseUrls": {"cardKingdom": "https://mtgjson.com/links/6975091d7766340f", "tcgplayer": "https://mtgjson.com/links/5b33479ff11a3a8a"}, "rarity": "rare", "rulings": [], "setCode": "P10", "subtypes": [], "supertypes": [], "text": "Kicker {4} (You may pay an additional {4} as you cast this spell.)\nBurst Lightning deals 2 damage to any target. If this spell was kicked, it deals 4 damage instead.", "type": "Instant", "types": ["Instant"], "uuid": "77262023-5805-5659-9cd5-e694f47ece06"}, {"artist": "Lars Grant-West", "availability": ["paper"], "borderColor": "black", "colorIdentity": ["G"], "colors": ["G"], "convertedManaCost": 3.0, "edhrecRank": 130, "finishes": ["nonfoil"], "foreignData": [], "frameVersion": "2003", "hasFoil": false, "hasNonFoil": true, "identifiers": {"cardKingdomId": "185178", "cardsphereId": "36278", "mcmId": "242021", "mtgjsonV4Id": "e32fda2a-f9d7-592f-9976-491e0865d1f0", "scryfallId": "a7bc002c-58af-49ab-8a3e-038b286ebd30", "scryfallIllustrationId": "f9d69b07-2805-491e-ae42-d80e20d266f7", "scryfallOracleId": "705509e9-a034-4a5a-9c65-66f58748b8a2", "tcgplayerProductId": "38312"}, "isFullArt": true, "isPromo": true, "isReprint": true, "isStarter": true, "isTextless": true, "language": "English", "layout": "normal", "legalities": {"commander": "Legal", "duel": "Legal", "gladiator": "Legal", "historic": "Legal", "historicbrawl": "Legal", "legacy": "Legal", "modern": "Legal", "pauper": "Legal", "paupercommander": "Legal", "penny": "Legal", "premodern": "Legal", "vintage": "Legal"}, "manaCost": "{2}{G}", "manaValue": 3.0, "name": "Harrow", "number": "9", "printings": ["C14", "C18", "C20", "CMA", "DDE", "DDP", "INV", "J21", "MB1", "P10", "PRM", "TMP", "TPR", "ZEN", "ZNC"], "promoTypes": ["playerrewards"], "purchaseUrls": {"cardKingdom": "https://mtgjson.com/links/eedd18eacdd92ba1", "tcgplayer": "https://mtgjson.com/links/20bce8076b07b3c6"}, "rarity": "rare", "rulings": [{"date": "2004-10-04", "text": "The sacrifice of a land is part of the cost of casting Harrow. You can’t pay this cost more than once to get a multiple effect."}, {"date": "2004-10-04", "text": "The two lands do not count toward your normal one land you can play each turn."}, {"date": "2004-10-04", "text": "Because the “search” requires you to find a card with certain characteristics, you don’t have to find the card if you don’t want to."}], "setCode": "P10", "subtypes": [], "supertypes": [], "text": "As an additional cost to cast this spell, sacrifice a land.\nSearch your library for up to two basic land cards, put them onto the battlefield, then shuffle.", "type": "Instant", "types": ["Instant"], "uuid": "20586f7d-346a-5a7a-a5c7-6b233f30f0ee"}], "code": "P10", "isFoilOnly": false, "isOnlineOnly": false, "keyruneCode": "DEFAULT", "name": "Magic Player Rewards 2010", "releaseDate": "2010-01-01", "tokens": [], "totalSetSize": 9, "translations": {}, "type": "promo"}}