{"meta": {"date": "2022-05-26", "version": "5.2.0+20220526"}, "data": {"baseSetSize": 1, "block": "Mirrodin", "cards": [{"artist": "Donato Giancola", "availability": ["paper"], "borderColor": "black", "colorIdentity": [], "colors": [], "convertedManaCost": 3.0, "edhrecRank": 6621, "finishes": ["foil"], "foreignData": [], "frameVersion": "2003", "hasFoil": true, "hasNonFoil": false, "identifiers": {"cardKingdomFoilId": "117211", "cardsphereId": "37251", "mcmId": "17718", "mtgjsonV4Id": "368d5564-756d-5980-b57e-3115ae496cb9", "multiverseId": "97046", "scryfallId": "0d8cfd4a-a001-4e87-a8db-31a61e3d7d27", "scryfallIllustrationId": "cf34d235-ad4c-45ee-b7d5-dee1b0649476", "scryfallOracleId": "38a3c87f-006e-4fc2-8c67-77b5bbb0471f", "tcgplayerProductId": "38383"}, "isPromo": true, "isReprint": true, "isStarter": true, "keywords": ["Equip"], "language": "English", "layout": "normal", "legalities": {"commander": "Legal", "duel": "Legal", "legacy": "Legal", "modern": "Legal", "penny": "Legal", "vintage": "Legal"}, "manaCost": "{3}", "manaValue": 3.0, "name": "Helm of Kaldra", "number": "131★", "originalReleaseDate": "2004-05-22", "printings": ["5DN", "P5DN", "PLIST", "PRM"], "promoTypes": ["datestamped", "prerelease"], "purchaseUrls": {"cardKingdomFoil": "https://mtgjson.com/links/919e161c45abab70", "tcgplayer": "https://mtgjson.com/links/556783b3aaa459c5"}, "rarity": "rare", "rulings": [{"date": "2004-12-01", "text": "The token isn’t put onto the battlefield unless you control all three Equipment when the ability resolves."}, {"date": "2004-12-01", "text": "Helm of Kaldra is the third card in the Kaldra cycle. Sword of Kaldra was in the Mirrodin set. Shield of Kaldra was in the Darksteel set."}, {"date": "2004-12-01", "text": "The token is named Kaldra, has the supertype legendary, and has creature type Avatar."}], "setCode": "P5DN", "subtypes": ["Equipment"], "supertypes": ["Legendary"], "text": "Equipped creature has first strike, trample, and haste.\n{1}: If you control Equipment named Helm of Kaldra, Sword of Kaldra, and Shield of Kaldra, create Kaldra, a legendary 4/4 colorless Avatar creature token. Attach those Equipment to it.\nEquip {2}", "type": "Legendary Artifact — Equipment", "types": ["Artifact"], "uuid": "9abe0846-d34a-53bf-b16a-0d6665a9e517", "watermark": "set"}], "code": "P5DN", "isFoilOnly": true, "isOnlineOnly": false, "keyruneCode": "5DN", "name": "Fifth Dawn Promos", "parentCode": "5DN", "releaseDate": "2004-06-04", "tokens": [], "totalSetSize": 1, "translations": {}, "type": "promo"}}