{"meta": {"date": "2022-05-26", "version": "5.2.0+20220526"}, "data": {"baseSetSize": 2, "block": "Core Set", "cards": [{"artist": "Donato Giancola", "availability": ["paper"], "borderColor": "black", "colorIdentity": ["R"], "colors": ["R"], "convertedManaCost": 6.0, "edhrecRank": 7777, "finishes": ["foil"], "flavorText": "Неоспоримый хозяин Шиванских гор.", "foreignData": [{"flavorText": "Неоспоримый хозяин Шиванских гор.", "language": "Russian", "name": "Шиванский дракон", "text": "Полет (Это существо может быть блокировано только существом со способностью полета).\n{R}: Шиванский дракон получает +1/+0 до конца хода.", "type": "Существо — Дракон"}], "frameVersion": "2003", "hasFoil": true, "hasNonFoil": false, "identifiers": {"mcmId": "17733", "mtgjsonV4Id": "c72cc93a-6b6c-5e97-8cb9-6db8db010816", "scryfallId": "a7a52f20-4567-4a69-9d27-73dbb71bf3d9", "scryfallIllustrationId": "2f2cebbc-9458-47b8-b3d4-b2ddb06ad6a6", "scryfallOracleId": "711eea87-0fa3-46e0-a42b-fa5a86455f04", "tcgplayerProductId": "209013"}, "isPromo": true, "isReprint": true, "isStarter": true, "keywords": ["Flying"], "language": "Russian", "layout": "normal", "legalities": {"commander": "Legal", "duel": "Legal", "explorer": "Legal", "gladiator": "Legal", "historic": "Legal", "historicbrawl": "Legal", "legacy": "Legal", "modern": "Legal", "penny": "Legal", "pioneer": "Legal", "premodern": "Legal", "vintage": "Legal"}, "manaCost": "{4}{R}{R}", "manaValue": 6.0, "name": "Shivan Dragon", "number": "219", "originalReleaseDate": "2005-09-24", "power": "5", "printings": ["10E", "2ED", "3ED", "4BB", "4ED", "5ED", "7ED", "8ED", "9ED", "BTD", "CED", "CEI", "DPA", "DRB", "FBB", "J21", "LEA", "LEB", "M10", "M14", "M15", "M19", "M20", "ME4", "ORI", "P9ED", "PMEI", "PRM", "PS11", "SUM", "W16", "W17"], "promoTypes": ["datestamped", "release"], "purchaseUrls": {"tcgplayer": "https://mtgjson.com/links/623520718a3ef76b"}, "rarity": "rare", "rulings": [], "setCode": "P9ED", "subtypes": ["Dragon"], "supertypes": [], "text": "Flying (This creature can't be blocked except by creatures with flying or reach.)\n{R}: Shivan Dragon gets +1/+0 until end of turn.", "toughness": "5", "type": "Creature — Dragon", "types": ["Creature"], "uuid": "8f5a84a3-6137-5e6e-9d01-478376871cd0", "watermark": "mtg"}, {"artist": "Greg Staples", "availability": ["paper"], "borderColor": "black", "colorIdentity": ["G"], "colors": ["G"], "convertedManaCost": 6.0, "edhrecRank": 18614, "finishes": ["foil"], "foreignData": [], "frameVersion": "2003", "hasFoil": true, "hasNonFoil": false, "identifiers": {"cardKingdomFoilId": "119923", "cardsphereId": "23885", "mcmId": "17732", "mtgjsonV4Id": "26b8ebf7-9e84-5871-b0f5-923bae9f42d4", "scryfallId": "4638a30d-48e9-42cb-bf5f-001b4259391c", "scryfallIllustrationId": "355404c7-93f2-4632-a7c4-6031e223e919", "scryfallOracleId": "e3c4c27d-f263-4c69-a4fe-2928136ff68b", "tcgplayerProductId": "38420"}, "isPromo": true, "isReprint": true, "isStarter": true, "keywords": ["Trample"], "language": "English", "layout": "normal", "legalities": {"commander": "Legal", "duel": "Legal", "legacy": "Legal", "modern": "Legal", "penny": "Legal", "premodern": "Legal", "vintage": "Legal"}, "manaCost": "{2}{G}{G}{G}{G}", "manaValue": 6.0, "name": "Force of Nature", "number": "242★", "power": "8", "printings": ["2ED", "3ED", "4BB", "4ED", "5ED", "9ED", "BTD", "CED", "CEI", "FBB", "LEA", "LEB", "ME4", "P9ED", "PRM", "SUM"], "promoTypes": ["release"], "purchaseUrls": {"cardKingdomFoil": "https://mtgjson.com/links/2b7992656a327204", "tcgplayer": "https://mtgjson.com/links/46cf46b8384a415c"}, "rarity": "rare", "rulings": [], "setCode": "P9ED", "subtypes": ["Elemental"], "supertypes": [], "text": "Trample (This creature can deal excess combat damage to the player or planeswalker it's attacking.)\nAt the beginning of your upkeep, Force of Nature deals 8 damage to you unless you pay {G}{G}{G}{G}.", "toughness": "8", "type": "Creature — Elemental", "types": ["Creature"], "uuid": "1e5da536-89b0-5682-8ac2-c48ccd4853e6", "watermark": "mtg"}], "code": "P9ED", "isFoilOnly": true, "isOnlineOnly": false, "keyruneCode": "9ED", "name": "Ninth Edition Promos", "parentCode": "9ED", "releaseDate": "2005-07-29", "tokens": [], "totalSetSize": 2, "translations": {}, "type": "promo"}}