{"meta": {"date": "2022-05-26", "version": "5.2.0+20220526"}, "data": {"baseSetSize": 8, "block": "Arena League", "cards": [{"artist": "John Avon", "availability": ["paper"], "borderColor": "black", "colorIdentity": ["W"], "colors": [], "convertedManaCost": 0.0, "finishes": ["nonfoil"], "foreignData": [], "frameVersion": "2003", "hasFoil": false, "hasNonFoil": true, "identifiers": {"cardKingdomId": "188792", "cardsphereId": "5702", "mcmId": "18277", "mtgjsonV4Id": "d660546e-7fdc-521d-88c5-22772cc379c6", "scryfallId": "06e9f14c-7be0-49ba-bec2-154dbd079cbb", "scryfallIllustrationId": "06ddd66b-ebfa-45de-849e-eb17e63bdef4", "scryfallOracleId": "bc71ebf6-2056-41f7-be35-b2e5c34afa99", "tcgplayerProductId": "38027"}, "isPromo": true, "isReprint": true, "isStarter": true, "language": "English", "layout": "normal", "legalities": {"alchemy": "Legal", "brawl": "Legal", "commander": "Legal", "duel": "Legal", "explorer": "Legal", "future": "Legal", "gladiator": "Legal", "historic": "Legal", "historicbrawl": "Legal", "legacy": "Legal", "modern": "Legal", "pauper": "Legal", "paupercommander": "Legal", "penny": "Legal", "pioneer": "Legal", "premodern": "Legal", "standard": "Legal", "vintage": "Legal"}, "manaValue": 0.0, "name": "Plains", "number": "1", "printings": ["10E", "2ED", "2XM", "3ED", "4BB", "4ED", "5ED", "6ED", "7ED", "8ED", "9ED", "AFR", "AKH", "AKR", "ALA", "ANA", "ANB", "ARC", "ATH", "AVR", "BBD", "BFZ", "BRB", "C13", "C14", "C15", "C16", "C17", "C18", "C19", "CED", "CEI", "CHK", "CLB", "CM2", "CMA", "CMD", "CMR", "CST", "DDC", "DDE", "DDF", "DDG", "DDH", "DDI", "DDK", "DDL", "DDN", "DDO", "DDP", "DDQ", "DOM", "DTK", "DVD", "E01", "ELD", "FBB", "FRF", "G17", "GK1", "GK2", "GN2", "GNT", "GRN", "GS1", "H09", "HOP", "HOU", "ICE", "IKO", "INV", "ISD", "ITP", "J14", "JMP", "KHM", "KLD", "KLR", "KTK", "LEA", "LEB", "LRW", "M10", "M11", "M12", "M13", "M14", "M15", "M19", "M20", "M21", "MBS", "MD1", "ME1", "ME3", "MH2", "MID", "MIR", "MMQ", "MRD", "NEO", "NPH", "ODY", "ONS", "ORI", "P02", "PAL00", "PAL01", "PAL03", "PAL04", "PAL05", "PAL06", "PAL99", "PALP", "PANA", "PARL", "PC2", "PCA", "PDGM", "PELP", "PF19", "PF20", "PGPX", "PGRU", "PLIST", "PMPS", "PMPS06", "PMPS07", "PMPS08", "PMPS09", "PMPS10", "PMPS11", "POR", "PPP1", "PRM", "PRW2", "PRWK", "PS11", "PSAL", "PSS2", "PSS3", "PTC", "PTK", "PZ2", "RAV", "RIX", "RNA", "ROE", "RQS", "RTR", "S99", "SHM", "SLD", "SNC", "SOI", "SOM", "STX", "SUM", "TD0", "TD2", "THB", "THS", "TMP", "TPR", "TSP", "UGL", "UND", "UNF", "UNH", "USG", "UST", "VOW", "WAR", "WC00", "WC02", "WC03", "WC04", "WC97", "WC98", "XANA", "XLN", "ZEN", "ZNR"], "promoTypes": ["arenaleague"], "purchaseUrls": {"cardKingdom": "https://mtgjson.com/links/d4762b9fee0ab367", "tcgplayer": "https://mtgjson.com/links/63f15db314eba522"}, "rarity": "rare", "rulings": [], "setCode": "PAL06", "subtypes": ["Plains"], "supertypes": ["Basic"], "text": "({T}: Add {W}.)", "type": "Basic Land — Plains", "types": ["Land"], "uuid": "14052f2b-f535-5cb7-8e77-4885faafd6bf"}, {"artist": "John Avon", "availability": ["paper"], "borderColor": "black", "colorIdentity": ["U"], "colors": [], "convertedManaCost": 0.0, "finishes": ["nonfoil"], "foreignData": [], "frameVersion": "2003", "hasFoil": false, "hasNonFoil": true, "identifiers": {"cardKingdomId": "188794", "cardsphereId": "5679", "mcmId": "18275", "mtgjsonV4Id": "80eeba2d-e7b3-5afe-910d-31d81e3393b3", "scryfallId": "cfe3a9db-7e66-4848-a4f6-15cff197ecc7", "scryfallIllustrationId": "bb254838-aff8-468f-b74f-4058025f3602", "scryfallOracleId": "b2c6aa39-2d2a-459c-a555-fb48ba993373", "tcgplayerProductId": "38005"}, "isPromo": true, "isReprint": true, "isStarter": true, "language": "English", "layout": "normal", "legalities": {"alchemy": "Legal", "brawl": "Legal", "commander": "Legal", "duel": "Legal", "explorer": "Legal", "future": "Legal", "gladiator": "Legal", "historic": "Legal", "historicbrawl": "Legal", "legacy": "Legal", "modern": "Legal", "pauper": "Legal", "paupercommander": "Legal", "penny": "Legal", "pioneer": "Legal", "premodern": "Legal", "standard": "Legal", "vintage": "Legal"}, "manaValue": 0.0, "name": "Island", "number": "2", "printings": ["10E", "2ED", "2XM", "3ED", "4BB", "4ED", "5ED", "6ED", "7ED", "8ED", "9ED", "AFR", "AKH", "AKR", "ALA", "ANA", "ANB", "ARC", "AVR", "BBD", "BFZ", "BRB", "BTD", "C13", "C14", "C15", "C16", "C17", "C18", "C19", "CED", "CEI", "CHK", "CLB", "CM2", "CMA", "CMD", "CMR", "CST", "DD2", "DDE", "DDF", "DDH", "DDI", "DDJ", "DDM", "DDN", "DDO", "DDQ", "DDS", "DDT", "DDU", "DOM", "DPA", "DTK", "E01", "ELD", "FBB", "FRF", "G17", "GK1", "GK2", "GN2", "GNT", "GRN", "GS1", "H09", "HOP", "HOU", "ICE", "IKO", "INV", "ISD", "ITP", "J14", "JMP", "JVC", "KHM", "KLD", "KLR", "KTK", "LEA", "LEB", "LRW", "M10", "M11", "M12", "M13", "M14", "M15", "M19", "M20", "M21", "MBS", "ME1", "ME3", "MH2", "MID", "MIR", "MMQ", "MRD", "NEO", "NPH", "ODY", "ONS", "ORI", "P02", "PAL00", "PAL01", "PAL02", "PAL03", "PAL04", "PAL05", "PAL06", "PAL99", "PALP", "PANA", "PARL", "PC2", "PCA", "PELP", "PF19", "PF20", "PGPX", "PGRU", "PHED", "PLIST", "PMPS", "PMPS06", "PMPS07", "PMPS08", "PMPS09", "PMPS10", "PMPS11", "POR", "PPP1", "PRM", "PRW2", "PRWK", "PS11", "PSAL", "PSS2", "PSS3", "PTC", "PTK", "PZ2", "RAV", "RIX", "RNA", "ROE", "RQS", "RTR", "S99", "SHM", "SLD", "SNC", "SOI", "SOM", "STX", "SUM", "TD0", "TD2", "THB", "THS", "TMP", "TPR", "TSP", "UGL", "UND", "UNF", "UNH", "USG", "UST", "VOW", "WAR", "WC00", "WC01", "WC02", "WC03", "WC04", "WC97", "WC98", "XANA", "XLN", "ZEN", "ZNR"], "promoTypes": ["arenaleague"], "purchaseUrls": {"cardKingdom": "https://mtgjson.com/links/e2da44e1dd681304", "tcgplayer": "https://mtgjson.com/links/65d71b0081a0f076"}, "rarity": "rare", "rulings": [], "setCode": "PAL06", "subtypes": ["Island"], "supertypes": ["Basic"], "text": "({T}: Add {U}.)", "type": "Basic Land — Island", "types": ["Land"], "uuid": "55a8c03a-124b-5131-a5de-e856fab4d4b3"}, {"artist": "John Avon", "availability": ["paper"], "borderColor": "black", "colorIdentity": ["B"], "colors": [], "convertedManaCost": 0.0, "finishes": ["nonfoil"], "foreignData": [], "frameVersion": "2003", "hasFoil": false, "hasNonFoil": true, "identifiers": {"cardKingdomId": "188795", "cardsphereId": "5718", "mcmId": "18278", "mtgjsonV4Id": "27722c08-6a5d-5fff-840f-937e7d5728da", "scryfallId": "ddb1c96c-3d3b-42a7-b40d-61c50a7e27d5", "scryfallIllustrationId": "88163022-96d8-4ce0-85d8-69824b2511d8", "scryfallOracleId": "56719f6a-1a6c-4c0a-8d21-18f7d7350b68", "tcgplayerProductId": "38042"}, "isPromo": true, "isReprint": true, "isStarter": true, "language": "English", "layout": "normal", "legalities": {"alchemy": "Legal", "brawl": "Legal", "commander": "Legal", "duel": "Legal", "explorer": "Legal", "future": "Legal", "gladiator": "Legal", "historic": "Legal", "historicbrawl": "Legal", "legacy": "Legal", "modern": "Legal", "pauper": "Legal", "paupercommander": "Legal", "penny": "Legal", "pioneer": "Legal", "premodern": "Legal", "standard": "Legal", "vintage": "Legal"}, "manaValue": 0.0, "name": "Swamp", "number": "3", "printings": ["10E", "2ED", "2XM", "3ED", "4BB", "4ED", "5ED", "6ED", "7ED", "8ED", "9ED", "AFR", "AKH", "AKR", "ALA", "ANA", "ANB", "ARC", "ATH", "AVR", "BBD", "BFZ", "BRB", "BTD", "C13", "C14", "C15", "C16", "C17", "C18", "C19", "CED", "CEI", "CHK", "CLB", "CM2", "CMA", "CMD", "CST", "DDC", "DDD", "DDE", "DDH", "DDJ", "DDK", "DDM", "DDN", "DDP", "DDQ", "DDR", "DKM", "DOM", "DPA", "DTK", "DVD", "E01", "ELD", "FBB", "FRF", "G17", "GK1", "GK2", "GN2", "GNT", "GRN", "GVL", "H09", "HOP", "HOU", "ICE", "IKO", "INV", "ISD", "ITP", "J14", "JMP", "KHM", "KLD", "KLR", "KTK", "LEA", "LEB", "LRW", "M10", "M11", "M12", "M13", "M14", "M15", "M19", "M20", "M21", "MBS", "MD1", "ME1", "ME3", "MH2", "MID", "MIR", "MMQ", "MRD", "NEO", "NPH", "ODY", "ONS", "ORI", "P02", "PAL00", "PAL01", "PAL03", "PAL04", "PAL05", "PAL06", "PAL99", "PALP", "PANA", "PARL", "PC2", "PCA", "PD3", "PELP", "PF19", "PF20", "PGPX", "PGRU", "PHUK", "PMPS", "PMPS06", "PMPS07", "PMPS08", "PMPS09", "PMPS10", "PMPS11", "POR", "PPP1", "PRM", "PRW2", "PRWK", "PS11", "PSAL", "PSS2", "PSS3", "PTC", "PTK", "RAV", "RIX", "RNA", "ROE", "RQS", "RTR", "S99", "SHM", "SLD", "SNC", "SOI", "SOM", "STX", "SUM", "TD0", "TD2", "THB", "THS", "TMP", "TPR", "TSP", "UGL", "UND", "UNF", "UNH", "USG", "UST", "VOW", "WAR", "WC01", "WC02", "WC03", "WC97", "WC98", "WC99", "XANA", "XLN", "ZEN", "ZNR"], "promoTypes": ["arenaleague"], "purchaseUrls": {"cardKingdom": "https://mtgjson.com/links/126c252e02bf7e45", "tcgplayer": "https://mtgjson.com/links/795ffbf7377cadd9"}, "rarity": "rare", "rulings": [], "setCode": "PAL06", "subtypes": ["Swamp"], "supertypes": ["Basic"], "text": "({T}: Add {B}.)", "type": "Basic Land — Swamp", "types": ["Land"], "uuid": "9f6c6487-3802-5084-8860-6566aef6431d"}, {"artist": "John Avon", "availability": ["paper"], "borderColor": "black", "colorIdentity": ["R"], "colors": [], "convertedManaCost": 0.0, "finishes": ["nonfoil"], "foreignData": [], "frameVersion": "2003", "hasFoil": false, "hasNonFoil": true, "identifiers": {"cardKingdomId": "188791", "cardsphereId": "5692", "mcmId": "18276", "mtgjsonV4Id": "035fa346-d278-540c-a3e2-fd949018d253", "scryfallId": "df355668-ad20-4aa9-b829-cea82aa64ffd", "scryfallIllustrationId": "96ee789a-3bf0-476e-8749-b90d739dc86d", "scryfallOracleId": "a3fb7228-e76b-4e96-a40e-20b5fed75685", "tcgplayerProductId": "38018"}, "isPromo": true, "isReprint": true, "isStarter": true, "language": "English", "layout": "normal", "legalities": {"alchemy": "Legal", "brawl": "Legal", "commander": "Legal", "duel": "Legal", "explorer": "Legal", "future": "Legal", "gladiator": "Legal", "historic": "Legal", "historicbrawl": "Legal", "legacy": "Legal", "modern": "Legal", "pauper": "Legal", "paupercommander": "Legal", "penny": "Legal", "pioneer": "Legal", "premodern": "Legal", "standard": "Legal", "vintage": "Legal"}, "manaValue": 0.0, "name": "Mountain", "number": "4", "printings": ["10E", "2ED", "2XM", "3ED", "4BB", "4ED", "5ED", "6ED", "7ED", "8ED", "9ED", "AFR", "AKH", "AKR", "ALA", "ANA", "ANB", "ARC", "ARN", "ATH", "AVR", "BBD", "BFZ", "BRB", "BTD", "C13", "C14", "C15", "C16", "C17", "C18", "C19", "CED", "CEI", "CHK", "CLB", "CM2", "CMA", "CMD", "CMR", "CST", "DD1", "DD2", "DDE", "DDG", "DDH", "DDI", "DDJ", "DDK", "DDL", "DDN", "DDP", "DDS", "DDT", "DDU", "DKM", "DOM", "DPA", "DTK", "E01", "ELD", "EVG", "FBB", "FRF", "G17", "GK1", "GK2", "GN2", "GNT", "GRN", "GS1", "H09", "HOP", "HOU", "ICE", "IKO", "INV", "ISD", "ITP", "J14", "JMP", "JVC", "KHM", "KLD", "KLR", "KTK", "LEA", "LEB", "LRW", "M10", "M11", "M12", "M13", "M14", "M15", "M19", "M20", "M21", "MBS", "ME1", "ME3", "MH2", "MID", "MIR", "MMQ", "MRD", "NEO", "NPH", "ODY", "ONS", "ORI", "P02", "PAL00", "PAL01", "PAL03", "PAL04", "PAL05", "PAL06", "PAL99", "PALP", "PANA", "PARL", "PC2", "PCA", "PD2", "PELP", "PF19", "PF20", "PGPX", "PGRU", "PHED", "PLIST", "PMPS", "PMPS06", "PMPS07", "PMPS08", "PMPS09", "PMPS10", "PMPS11", "POR", "PPP1", "PRM", "PRW2", "PRWK", "PS11", "PSAL", "PSS2", "PSS3", "PTC", "PTK", "PZ2", "RAV", "RIX", "RNA", "ROE", "RQS", "RTR", "S99", "SHM", "SLD", "SNC", "SOI", "SOM", "STX", "SUM", "TD0", "THB", "THS", "TMP", "TPR", "TSP", "UGL", "UND", "UNF", "UNH", "USG", "UST", "VOW", "WAR", "WC00", "WC01", "WC02", "WC03", "WC97", "WC98", "WC99", "XANA", "XLN", "ZEN", "ZNR"], "promoTypes": ["arenaleague"], "purchaseUrls": {"cardKingdom": "https://mtgjson.com/links/bc3759fda1b8a396", "tcgplayer": "https://mtgjson.com/links/882c431d32946c4d"}, "rarity": "rare", "rulings": [], "setCode": "PAL06", "subtypes": ["Mountain"], "supertypes": ["Basic"], "text": "({T}: Add {R}.)", "type": "Basic Land — Mountain", "types": ["Land"], "uuid": "99746067-7dfd-5284-8692-83aea9de7815"}, {"artist": "John Avon", "availability": ["paper"], "borderColor": "black", "colorIdentity": ["G"], "colors": [], "convertedManaCost": 0.0, "finishes": ["nonfoil"], "foreignData": [], "frameVersion": "2003", "hasFoil": false, "hasNonFoil": true, "identifiers": {"cardKingdomId": "188793", "cardsphereId": "5665", "mcmId": "18274", "mtgjsonV4Id": "3d7a9fea-1c9f-5867-b0d2-a420691e8a4b", "scryfallId": "e3ac5391-589d-4a16-af53-345b2ac1b163", "scryfallIllustrationId": "4156c87b-7f9c-47bf-9910-1b465339c8a7", "scryfallOracleId": "b34bb2dc-c1af-4d77-b0b3-a0fb342a5fc6", "tcgplayerProductId": "37992"}, "isPromo": true, "isReprint": true, "isStarter": true, "language": "English", "layout": "normal", "legalities": {"alchemy": "Legal", "brawl": "Legal", "commander": "Legal", "duel": "Legal", "explorer": "Legal", "future": "Legal", "gladiator": "Legal", "historic": "Legal", "historicbrawl": "Legal", "legacy": "Legal", "modern": "Legal", "pauper": "Legal", "paupercommander": "Legal", "penny": "Legal", "pioneer": "Legal", "premodern": "Legal", "standard": "Legal", "vintage": "Legal"}, "manaValue": 0.0, "name": "Forest", "number": "5", "printings": ["10E", "2ED", "2XM", "3ED", "4BB", "4ED", "5ED", "6ED", "7ED", "8ED", "9ED", "AFR", "AKH", "AKR", "ALA", "ANA", "ANB", "ARC", "ATH", "AVR", "BBD", "BFZ", "BRB", "BTD", "C13", "C14", "C15", "C16", "C17", "C18", "C19", "CED", "CEI", "CHK", "CLB", "CM2", "CMA", "CMD", "CMR", "CST", "DD1", "DDD", "DDE", "DDG", "DDH", "DDJ", "DDL", "DDM", "DDO", "DDP", "DDR", "DDS", "DDU", "DKM", "DOM", "DPA", "DTK", "E01", "ELD", "EVG", "FBB", "FRF", "G17", "GK1", "GK2", "GN2", "GNT", "GRN", "GS1", "GVL", "H09", "HOP", "HOU", "ICE", "IKO", "INV", "ISD", "ITP", "J14", "JMP", "KHM", "KLD", "KLR", "KTK", "LEA", "LEB", "LRW", "M10", "M11", "M12", "M13", "M14", "M15", "M19", "M20", "M21", "MBS", "ME1", "ME3", "MH2", "MID", "MIR", "MMQ", "MRD", "NEO", "NPH", "ODY", "ONS", "ORI", "P02", "PAL00", "PAL01", "PAL03", "PAL04", "PAL05", "PAL06", "PAL99", "PALP", "PANA", "PARL", "PC2", "PCA", "PELP", "PF19", "PF20", "PGPX", "PGRU", "PMPS", "PMPS06", "PMPS07", "PMPS08", "PMPS09", "PMPS10", "PMPS11", "POR", "PPP1", "PRM", "PRW2", "PRWK", "PS11", "PSAL", "PSS2", "PSS3", "PTC", "PTK", "PZ2", "RAV", "RIX", "RNA", "ROE", "RQS", "RTR", "S99", "SHM", "SLD", "SNC", "SOI", "SOM", "STX", "SUM", "TD0", "TD2", "THB", "THS", "TMP", "TPR", "TSP", "UGL", "UND", "UNF", "UNH", "USG", "UST", "VOW", "WAR", "WC00", "WC01", "WC02", "WC03", "WC04", "WC97", "WC98", "WC99", "XANA", "XLN", "ZEN", "ZNR"], "promoTypes": ["arenaleague"], "purchaseUrls": {"cardKingdom": "https://mtgjson.com/links/605dfcaf03a516cb", "tcgplayer": "https://mtgjson.com/links/ce1ae1f0c68f0840"}, "rarity": "rare", "rulings": [], "setCode": "PAL06", "subtypes": ["Forest"], "supertypes": ["Basic"], "text": "({T}: Add {G}.)", "type": "Basic Land — Forest", "types": ["Land"], "uuid": "2e2e91af-942d-5ef5-876e-83355e53cad0"}, {"artist": "Darrell Riche", "availability": ["paper"], "borderColor": "black", "colorIdentity": ["B", "W"], "colors": ["B", "W"], "convertedManaCost": 2.0, "edhrecRank": 14900, "finishes": ["foil"], "flavorText": "\"We have no need for military might. We wield two of the sharpest swords ever forged: Faith in our left hand, Wealth in our right.\"\n—Vuliev of the Ghost Council", "foreignData": [], "frameVersion": "2003", "hasFoil": true, "hasNonFoil": false, "identifiers": {"cardKingdomFoilId": "125662", "cardsphereId": "5645", "mcmId": "18201", "mtgjsonV4Id": "a3dee916-a672-526d-8257-3e003dd2b2c3", "scryfallId": "8114941e-71b8-4310-8c2a-bee7f940b724", "scryfallIllustrationId": "6ca1ea5e-2595-41e1-ab68-560bab7fd426", "scryfallOracleId": "28a972a6-cf67-4ee3-aa91-f7b2549f6c48", "tcgplayerProductId": "37969"}, "isPromo": true, "isReprint": true, "isStarter": true, "language": "English", "layout": "normal", "legalities": {"commander": "Legal", "duel": "Legal", "legacy": "Legal", "modern": "Legal", "pauper": "Legal", "paupercommander": "Legal", "penny": "Legal", "vintage": "Legal"}, "manaCost": "{W}{B}", "manaValue": 2.0, "name": "Castigate", "number": "6", "printings": ["GPT", "PAL06", "PRM"], "promoTypes": ["arenaleague"], "purchaseUrls": {"cardKingdomFoil": "https://mtgjson.com/links/0f8605c6b0dc58c4", "tcgplayer": "https://mtgjson.com/links/a52b7dcf6824c8b6"}, "rarity": "rare", "rulings": [], "setCode": "PAL06", "subtypes": [], "supertypes": [], "text": "Target opponent reveals their hand. You choose a nonland card from it and exile that card.", "type": "Sorcery", "types": ["Sorcery"], "uuid": "6b4aab1e-11d6-5bad-9329-9004bdbe4b7c", "watermark": "arena"}, {"artist": "Greg Staples", "availability": ["paper"], "borderColor": "black", "colorIdentity": ["R", "U"], "colors": ["R", "U"], "convertedManaCost": 3.0, "edhrecRank": 8713, "finishes": ["foil"], "flavorText": "\"The blazekite is a simple concept, really—just a vehicular application of dragscoop ionics and electropropulsion magnetronics.\"\n—Juzba, Izzet tinker", "foreignData": [], "frameVersion": "2003", "hasFoil": true, "hasNonFoil": false, "identifiers": {"cardKingdomFoilId": "125895", "cardsphereId": "5723", "mcmId": "18273", "mtgjsonV4Id": "c73d6d2c-f1fe-54bb-999e-5d32f11e95c7", "scryfallId": "5fa5295c-31db-44b6-ad2e-6e748473d7fa", "scryfallIllustrationId": "4f40bac8-6435-48fa-9ab1-5d73e2c37ff8", "scryfallOracleId": "e9e56b1d-5ad2-4807-8c4c-1a1a6a25ecbf", "tcgplayerProductId": "38046"}, "isPromo": true, "isReprint": true, "isStarter": true, "keywords": ["Flying"], "language": "English", "layout": "normal", "legalities": {"commander": "Legal", "duel": "Legal", "explorer": "Legal", "gladiator": "Legal", "historic": "Legal", "historicbrawl": "Legal", "legacy": "Legal", "modern": "Legal", "pauper": "Legal", "paupercommander": "Legal", "penny": "Legal", "pioneer": "Legal", "vintage": "Legal"}, "manaCost": "{1}{U}{R}", "manaValue": 3.0, "name": "Wee Dragonauts", "number": "7", "power": "1", "printings": ["DDJ", "EMA", "GPT", "GRN", "MB1", "PAL06", "PRM"], "promoTypes": ["arenaleague"], "purchaseUrls": {"cardKingdomFoil": "https://mtgjson.com/links/625bbd6e536a9907", "tcgplayer": "https://mtgjson.com/links/54a47e3014962ddd"}, "rarity": "rare", "rulings": [{"date": "2018-10-05", "text": "Wee Dragonauts’s triggered ability resolves before the spell that caused it to trigger. It resolves even if that spell is countered."}], "setCode": "PAL06", "subtypes": ["Faerie", "Wizard"], "supertypes": [], "text": "Flying\nWhenever you cast an instant or sorcery spell, Wee Dragonauts gets +2/+0 until end of turn.", "toughness": "3", "type": "Creature — Faerie Wizard", "types": ["Creature"], "uuid": "24807063-4dba-56fa-918f-3f934c7c372e", "watermark": "arena"}, {"artist": "Mark Zug", "availability": ["paper"], "borderColor": "black", "colorIdentity": ["G", "U"], "colors": ["G", "U"], "convertedManaCost": 2.0, "edhrecRank": 528, "finishes": ["foil"], "flavorText": "Snaking remnants of nature directed by a body of thought and progress, the oracles embody all that is Simic.", "foreignData": [], "frameVersion": "2003", "hasFoil": true, "hasNonFoil": false, "identifiers": {"cardKingdomFoilId": "126611", "cardsphereId": "5648", "mcmId": "18204", "mtgjsonV4Id": "e203478f-4f26-5d8e-ade8-f593a0b26972", "scryfallId": "0c7b0fa1-bfc2-4b15-80ea-47e41a17aa2c", "scryfallIllustrationId": "751069e5-49d1-4a01-97d1-22e240990e4e", "scryfallOracleId": "69fd4ddf-9ed8-4c56-bef3-9944daf05e4f", "tcgplayerProductId": "37972"}, "isPromo": true, "isReprint": true, "isStarter": true, "language": "English", "layout": "normal", "legalities": {"commander": "Legal", "duel": "Legal", "legacy": "Legal", "modern": "Legal", "pauper": "Legal", "paupercommander": "Legal", "penny": "Legal", "vintage": "Legal"}, "manaCost": "{G}{U}", "manaValue": 2.0, "name": "Coiling Oracle", "number": "8", "power": "1", "printings": ["C15", "C16", "C21", "CMR", "CN2", "DDO", "DIS", "GK2", "MB1", "MM3", "PAL06", "PRM", "TD0"], "promoTypes": ["arenaleague"], "purchaseUrls": {"cardKingdomFoil": "https://mtgjson.com/links/88e8b8c35cf83b05", "tcgplayer": "https://mtgjson.com/links/4c2562fa5621c1c9"}, "rarity": "rare", "rulings": [], "setCode": "PAL06", "subtypes": ["Snake", "Elf", "Druid"], "supertypes": [], "text": "When Coiling Oracle enters the battlefield, reveal the top card of your library. If it's a land card, put it onto the battlefield. Otherwise, put that card into your hand.", "toughness": "1", "type": "Creature — Snake Elf Druid", "types": ["Creature"], "uuid": "45017b21-8c3a-5d65-a28c-7d19b8f7cc1f", "watermark": "arena"}, {"artist": "Ron Spencer", "availability": ["paper"], "borderColor": "black", "colorIdentity": ["R"], "colors": ["R"], "convertedManaCost": 2.0, "edhrecRank": 22358, "finishes": ["foil"], "foreignData": [], "frameVersion": "2003", "hasFoil": true, "hasNonFoil": false, "identifiers": {"cardKingdomFoilId": "125305", "cardsphereId": "5713", "mcmId": "18279", "mtgjsonV4Id": "739216d1-d425-5a51-8c72-ae29cec5b168", "scryfallId": "156994b5-a0f2-4d02-9bda-882e80d9905c", "scryfallIllustrationId": "49a211ee-2060-4c76-97e1-aaa3936f0deb", "scryfallOracleId": "3c51b991-f6fa-44d2-81a3-0894939f3c22", "tcgplayerProductId": "38035"}, "isPromo": true, "isReprint": true, "isStarter": true, "keywords": ["Ripple"], "language": "English", "layout": "normal", "legalities": {"commander": "Legal", "duel": "Legal", "legacy": "Legal", "modern": "Legal", "pauper": "Legal", "paupercommander": "Legal", "penny": "Legal", "vintage": "Legal"}, "manaCost": "{1}{R}", "manaValue": 2.0, "name": "Surging Flame", "number": "9", "printings": ["CSP", "PAL06", "PRM"], "promoTypes": ["arenaleague"], "purchaseUrls": {"cardKingdomFoil": "https://mtgjson.com/links/f15b670d1781cdd6", "tcgplayer": "https://mtgjson.com/links/c8e56d8b72fb56cc"}, "rarity": "rare", "rulings": [], "setCode": "PAL06", "subtypes": [], "supertypes": [], "text": "Ripple 4 (When you cast this spell, you may reveal the top four cards of your library. You may cast spells with the same name as this spell from among those cards without paying their mana costs. Put the rest on the bottom of your library.)\nSurging Flame deals 2 damage to any target.", "type": "Instant", "types": ["Instant"], "uuid": "00dbdbb2-b7d3-5c96-b021-917a193b1629", "watermark": "arena"}], "code": "PAL06", "isFoilOnly": false, "isOnlineOnly": false, "keyruneCode": "PARL", "name": "Arena League 2006", "releaseDate": "2006-01-01", "tokens": [], "totalSetSize": 9, "translations": {}, "type": "promo"}}