{"meta": {"date": "2022-05-26", "version": "5.2.0+20220526"}, "data": {"baseSetSize": 350, "block": "Arena League", "cards": [{"artist": "Anthony S. Waters", "availability": ["paper"], "borderColor": "black", "colorIdentity": ["G"], "colors": [], "convertedManaCost": 0.0, "finishes": ["foil"], "foreignData": [], "frameVersion": "1997", "hasFoil": true, "hasNonFoil": false, "identifiers": {"cardKingdomFoilId": "190520", "cardsphereId": "5669", "mcmId": "18218", "mtgjsonV4Id": "33b83b98-799e-5188-aaa4-cdc8476ff470", "scryfallId": "0f3f309f-60bd-45e2-b226-27e634fe62d6", "scryfallIllustrationId": "5b876ba8-65b3-469d-b24a-396c15519744", "scryfallOracleId": "b34bb2dc-c1af-4d77-b0b3-a0fb342a5fc6", "tcgplayerProductId": "37986"}, "isPromo": true, "isReprint": true, "isStarter": true, "language": "English", "layout": "normal", "legalities": {"alchemy": "Legal", "brawl": "Legal", "commander": "Legal", "duel": "Legal", "explorer": "Legal", "future": "Legal", "gladiator": "Legal", "historic": "Legal", "historicbrawl": "Legal", "legacy": "Legal", "modern": "Legal", "pauper": "Legal", "paupercommander": "Legal", "penny": "Legal", "pioneer": "Legal", "premodern": "Legal", "standard": "Legal", "vintage": "Legal"}, "manaValue": 0.0, "name": "Forest", "number": "1", "printings": ["10E", "2ED", "2XM", "3ED", "4BB", "4ED", "5ED", "6ED", "7ED", "8ED", "9ED", "AFR", "AKH", "AKR", "ALA", "ANA", "ANB", "ARC", "ATH", "AVR", "BBD", "BFZ", "BRB", "BTD", "C13", "C14", "C15", "C16", "C17", "C18", "C19", "CED", "CEI", "CHK", "CLB", "CM2", "CMA", "CMD", "CMR", "CST", "DD1", "DDD", "DDE", "DDG", "DDH", "DDJ", "DDL", "DDM", "DDO", "DDP", "DDR", "DDS", "DDU", "DKM", "DOM", "DPA", "DTK", "E01", "ELD", "EVG", "FBB", "FRF", "G17", "GK1", "GK2", "GN2", "GNT", "GRN", "GS1", "GVL", "H09", "HOP", "HOU", "ICE", "IKO", "INV", "ISD", "ITP", "J14", "JMP", "KHM", "KLD", "KLR", "KTK", "LEA", "LEB", "LRW", "M10", "M11", "M12", "M13", "M14", "M15", "M19", "M20", "M21", "MBS", "ME1", "ME3", "MH2", "MID", "MIR", "MMQ", "MRD", "NEO", "NPH", "ODY", "ONS", "ORI", "P02", "PAL00", "PAL01", "PAL03", "PAL04", "PAL05", "PAL06", "PAL99", "PALP", "PANA", "PARL", "PC2", "PCA", "PELP", "PF19", "PF20", "PGPX", "PGRU", "PMPS", "PMPS06", "PMPS07", "PMPS08", "PMPS09", "PMPS10", "PMPS11", "POR", "PPP1", "PRM", "PRW2", "PRWK", "PS11", "PSAL", "PSS2", "PSS3", "PTC", "PTK", "PZ2", "RAV", "RIX", "RNA", "ROE", "RQS", "RTR", "S99", "SHM", "SLD", "SNC", "SOI", "SOM", "STX", "SUM", "TD0", "TD2", "THB", "THS", "TMP", "TPR", "TSP", "UGL", "UND", "UNF", "UNH", "USG", "UST", "VOW", "WAR", "WC00", "WC01", "WC02", "WC03", "WC04", "WC97", "WC98", "WC99", "XANA", "XLN", "ZEN", "ZNR"], "promoTypes": ["arenaleague"], "purchaseUrls": {"cardKingdomFoil": "https://mtgjson.com/links/77f80c3e45cea502", "tcgplayer": "https://mtgjson.com/links/15396273375115f0"}, "rarity": "rare", "rulings": [], "setCode": "PAL99", "subtypes": ["Forest"], "supertypes": ["Basic"], "text": "({T}: Add {G}.)", "type": "Basic Land — Forest", "types": ["Land"], "uuid": "d4c8aeaf-6f7a-5e67-babb-513e2a120698"}, {"artist": "Daren Bader", "availability": ["paper"], "borderColor": "black", "colorIdentity": ["G"], "colors": ["G"], "convertedManaCost": 1.0, "edhrecRank": 17105, "finishes": ["foil"], "flavorText": "One pounce, she's hungry—you die quickly. Two, she's teaching her cubs—you're in for a long day.", "foreignData": [], "frameVersion": "1997", "hasFoil": true, "hasNonFoil": false, "identifiers": {"cardKingdomFoilId": "125672", "cardsphereId": "5706", "mcmId": "18258", "mtgjsonV4Id": "adb23742-f46d-5249-b101-93a74aee6a17", "scryfallId": "b2860980-7be2-4fdc-b758-4f7d2a9eab43", "scryfallIllustrationId": "21726118-87d3-46b2-b2fa-ee8ea627ce75", "scryfallOracleId": "70a2b5ea-dae4-46e8-87eb-8c8d8dfb242b", "tcgplayerProductId": "38028"}, "isPromo": true, "isReprint": true, "isStarter": true, "keywords": ["Echo"], "language": "English", "layout": "normal", "legalities": {"commander": "Legal", "duel": "Legal", "legacy": "Legal", "pauper": "Legal", "paupercommander": "Legal", "premodern": "Legal", "vintage": "Legal"}, "manaCost": "{G}", "manaValue": 1.0, "name": "Pouncing Jaguar", "number": "2", "power": "2", "printings": ["PAL99", "PRM", "USG", "WC99"], "promoTypes": ["arenaleague"], "purchaseUrls": {"cardKingdomFoil": "https://mtgjson.com/links/35bd176a30351712", "tcgplayer": "https://mtgjson.com/links/442646ba2ee74745"}, "rarity": "rare", "rulings": [], "setCode": "PAL99", "subtypes": ["Cat"], "supertypes": [], "text": "Echo {G} (At the beginning of your upkeep, if this came under your control since the beginning of your last upkeep, sacrifice it unless you pay its echo cost.)", "toughness": "2", "type": "Creature — Cat", "types": ["Creature"], "uuid": "b1bbdaa7-442e-5ef8-a22d-9f2062533e03"}, {"artist": "Donato Giancola", "availability": ["paper"], "borderColor": "black", "colorIdentity": ["U"], "colors": [], "convertedManaCost": 0.0, "finishes": ["foil"], "foreignData": [], "frameVersion": "1997", "hasFoil": true, "hasNonFoil": false, "identifiers": {"cardKingdomFoilId": "190524", "cardsphereId": "5683", "mcmId": "18231", "mtgjsonV4Id": "73760aa5-ded8-5287-88a4-e81eda5a344c", "scryfallId": "7afa126e-bc99-46c4-9205-c33802aa06e7", "scryfallIllustrationId": "902a62f8-1127-42cd-b27f-3ec4f27fca1c", "scryfallOracleId": "b2c6aa39-2d2a-459c-a555-fb48ba993373", "tcgplayerProductId": "37999"}, "isPromo": true, "isReprint": true, "isStarter": true, "language": "English", "layout": "normal", "legalities": {"alchemy": "Legal", "brawl": "Legal", "commander": "Legal", "duel": "Legal", "explorer": "Legal", "future": "Legal", "gladiator": "Legal", "historic": "Legal", "historicbrawl": "Legal", "legacy": "Legal", "modern": "Legal", "pauper": "Legal", "paupercommander": "Legal", "penny": "Legal", "pioneer": "Legal", "premodern": "Legal", "standard": "Legal", "vintage": "Legal"}, "manaValue": 0.0, "name": "Island", "number": "3", "printings": ["10E", "2ED", "2XM", "3ED", "4BB", "4ED", "5ED", "6ED", "7ED", "8ED", "9ED", "AFR", "AKH", "AKR", "ALA", "ANA", "ANB", "ARC", "AVR", "BBD", "BFZ", "BRB", "BTD", "C13", "C14", "C15", "C16", "C17", "C18", "C19", "CED", "CEI", "CHK", "CLB", "CM2", "CMA", "CMD", "CMR", "CST", "DD2", "DDE", "DDF", "DDH", "DDI", "DDJ", "DDM", "DDN", "DDO", "DDQ", "DDS", "DDT", "DDU", "DOM", "DPA", "DTK", "E01", "ELD", "FBB", "FRF", "G17", "GK1", "GK2", "GN2", "GNT", "GRN", "GS1", "H09", "HOP", "HOU", "ICE", "IKO", "INV", "ISD", "ITP", "J14", "JMP", "JVC", "KHM", "KLD", "KLR", "KTK", "LEA", "LEB", "LRW", "M10", "M11", "M12", "M13", "M14", "M15", "M19", "M20", "M21", "MBS", "ME1", "ME3", "MH2", "MID", "MIR", "MMQ", "MRD", "NEO", "NPH", "ODY", "ONS", "ORI", "P02", "PAL00", "PAL01", "PAL02", "PAL03", "PAL04", "PAL05", "PAL06", "PAL99", "PALP", "PANA", "PARL", "PC2", "PCA", "PELP", "PF19", "PF20", "PGPX", "PGRU", "PHED", "PLIST", "PMPS", "PMPS06", "PMPS07", "PMPS08", "PMPS09", "PMPS10", "PMPS11", "POR", "PPP1", "PRM", "PRW2", "PRWK", "PS11", "PSAL", "PSS2", "PSS3", "PTC", "PTK", "PZ2", "RAV", "RIX", "RNA", "ROE", "RQS", "RTR", "S99", "SHM", "SLD", "SNC", "SOI", "SOM", "STX", "SUM", "TD0", "TD2", "THB", "THS", "TMP", "TPR", "TSP", "UGL", "UND", "UNF", "UNH", "USG", "UST", "VOW", "WAR", "WC00", "WC01", "WC02", "WC03", "WC04", "WC97", "WC98", "XANA", "XLN", "ZEN", "ZNR"], "promoTypes": ["arenaleague"], "purchaseUrls": {"cardKingdomFoil": "https://mtgjson.com/links/db016600169450f8", "tcgplayer": "https://mtgjson.com/links/57d6ece33bea1e39"}, "rarity": "rare", "rulings": [], "setCode": "PAL99", "subtypes": ["Island"], "supertypes": ["Basic"], "text": "({T}: Add {U}.)", "type": "Basic Land — Island", "types": ["Land"], "uuid": "206ed424-ffd7-596f-864b-487f775cc0d1", "variations": ["c8914a27-d1d2-5a60-95f7-c5517ad91caa"]}, {"artist": "Donato Giancola", "availability": ["paper"], "borderColor": "black", "colorIdentity": ["U"], "colors": [], "convertedManaCost": 0.0, "finishes": ["nonfoil", "foil"], "foreignData": [], "frameVersion": "1997", "hasFoil": true, "hasNonFoil": true, "identifiers": {"cardKingdomFoilId": "126608", "mcmId": "257590", "mtgjsonV4Id": "cde0850c-df01-57d6-998b-f92eb21b8eb1", "scryfallId": "8755900e-ca16-43b3-8137-7af437e30410", "scryfallIllustrationId": "902a62f8-1127-42cd-b27f-3ec4f27fca1c", "scryfallOracleId": "b2c6aa39-2d2a-459c-a555-fb48ba993373"}, "isPromo": true, "isReprint": true, "language": "English", "layout": "normal", "legalities": {"alchemy": "Legal", "brawl": "Legal", "commander": "Legal", "duel": "Legal", "explorer": "Legal", "future": "Legal", "gladiator": "Legal", "historic": "Legal", "historicbrawl": "Legal", "legacy": "Legal", "modern": "Legal", "pauper": "Legal", "paupercommander": "Legal", "penny": "Legal", "pioneer": "Legal", "premodern": "Legal", "standard": "Legal", "vintage": "Legal"}, "manaValue": 0.0, "name": "Island", "number": "3†", "printings": ["10E", "2ED", "2XM", "3ED", "4BB", "4ED", "5ED", "6ED", "7ED", "8ED", "9ED", "AFR", "AKH", "AKR", "ALA", "ANA", "ANB", "ARC", "AVR", "BBD", "BFZ", "BRB", "BTD", "C13", "C14", "C15", "C16", "C17", "C18", "C19", "CED", "CEI", "CHK", "CLB", "CM2", "CMA", "CMD", "CMR", "CST", "DD2", "DDE", "DDF", "DDH", "DDI", "DDJ", "DDM", "DDN", "DDO", "DDQ", "DDS", "DDT", "DDU", "DOM", "DPA", "DTK", "E01", "ELD", "FBB", "FRF", "G17", "GK1", "GK2", "GN2", "GNT", "GRN", "GS1", "H09", "HOP", "HOU", "ICE", "IKO", "INV", "ISD", "ITP", "J14", "JMP", "JVC", "KHM", "KLD", "KLR", "KTK", "LEA", "LEB", "LRW", "M10", "M11", "M12", "M13", "M14", "M15", "M19", "M20", "M21", "MBS", "ME1", "ME3", "MH2", "MID", "MIR", "MMQ", "MRD", "NEO", "NPH", "ODY", "ONS", "ORI", "P02", "PAL00", "PAL01", "PAL02", "PAL03", "PAL04", "PAL05", "PAL06", "PAL99", "PALP", "PANA", "PARL", "PC2", "PCA", "PELP", "PF19", "PF20", "PGPX", "PGRU", "PHED", "PLIST", "PMPS", "PMPS06", "PMPS07", "PMPS08", "PMPS09", "PMPS10", "PMPS11", "POR", "PPP1", "PRM", "PRW2", "PRWK", "PS11", "PSAL", "PSS2", "PSS3", "PTC", "PTK", "PZ2", "RAV", "RIX", "RNA", "ROE", "RQS", "RTR", "S99", "SHM", "SLD", "SNC", "SOI", "SOM", "STX", "SUM", "TD0", "TD2", "THB", "THS", "TMP", "TPR", "TSP", "UGL", "UND", "UNF", "UNH", "USG", "UST", "VOW", "WAR", "WC00", "WC01", "WC02", "WC03", "WC04", "WC97", "WC98", "XANA", "XLN", "ZEN", "ZNR"], "promoTypes": ["arenaleague"], "purchaseUrls": {"cardKingdomFoil": "https://mtgjson.com/links/bc002cc07cd6a293"}, "rarity": "rare", "rulings": [], "setCode": "PAL99", "subtypes": ["Island"], "supertypes": ["Basic"], "text": "({T}: Add {U}.)", "type": "Basic Land — Island", "types": ["Land"], "uuid": "c8914a27-d1d2-5a60-95f7-c5517ad91caa", "variations": ["206ed424-ffd7-596f-864b-487f775cc0d1"]}, {"artist": "Ron Spencer", "availability": ["paper"], "borderColor": "black", "colorIdentity": ["B"], "colors": ["B"], "convertedManaCost": 2.0, "edhrecRank": 22191, "finishes": ["foil"], "flavorText": "The imps' warbling cries echo through Phyrexia's towers like those of mourning doves in a cathedral.", "foreignData": [], "frameVersion": "1997", "hasFoil": true, "hasNonFoil": false, "identifiers": {"cardKingdomFoilId": "117174", "cardsphereId": "5710", "mcmId": "18262", "mtgjsonV4Id": "451f6510-208f-51bb-be3f-6edfadb79a52", "scryfallId": "2511d12b-77eb-4ed8-8bb2-71c94d496dae", "scryfallIllustrationId": "5c5cbd06-90e6-42cb-8699-698c9ee4de98", "scryfallOracleId": "fae1d5d9-a50e-423e-8692-3e41f39df081", "tcgplayerProductId": "38032"}, "isPromo": true, "isReprint": true, "isStarter": true, "keywords": ["Flying"], "language": "English", "layout": "normal", "legalities": {"commander": "Legal", "duel": "Legal", "legacy": "Legal", "pauper": "Legal", "paupercommander": "Legal", "premodern": "Legal", "vintage": "Legal"}, "manaCost": "{B}{B}", "manaValue": 2.0, "name": "Skittering Skirge", "number": "4", "power": "3", "printings": ["BTD", "PAL99", "PRM", "USG"], "promoTypes": ["arenaleague"], "purchaseUrls": {"cardKingdomFoil": "https://mtgjson.com/links/953a722757ee293a", "tcgplayer": "https://mtgjson.com/links/fa66b91bfdb64297"}, "rarity": "rare", "rulings": [{"date": "2004-10-04", "text": "The triggered ability triggers when the creature spell is cast, and it is put on the stack before any responses can be cast or activated. This ability will resolve before that creature enters the battlefield."}, {"date": "2008-04-01", "text": "A “creature spell” is any spell with the type Creature, even if it has other types such as Artifact or Enchantment. Older cards of type Summon are also Creature spells."}], "setCode": "PAL99", "subtypes": ["Phyrexian", "Imp"], "supertypes": [], "text": "Flying\nWhen you cast a creature spell, sacrifice Skittering Skirge.", "toughness": "2", "type": "Creature — Phyrexian Imp", "types": ["Creature"], "uuid": "f9ac5a8c-0d40-5498-a775-5f26c8efff1e"}, {"artist": "John Avon", "availability": ["paper"], "borderColor": "black", "colorIdentity": ["R"], "colors": [], "convertedManaCost": 0.0, "finishes": ["foil"], "foreignData": [], "frameVersion": "1997", "hasFoil": true, "hasNonFoil": false, "identifiers": {"cardKingdomFoilId": "190528", "cardsphereId": "5695", "mcmId": "18243", "mtgjsonV4Id": "fac9ad88-7d23-5cad-a6e7-6b48d6fbfea0", "scryfallId": "ae6ad5a0-a58f-4dac-95d4-85bf4d6c3082", "scryfallIllustrationId": "2e7578bc-3e5a-4d15-b9af-bcbeef0bb4d9", "scryfallOracleId": "a3fb7228-e76b-4e96-a40e-20b5fed75685", "tcgplayerProductId": "38013"}, "isPromo": true, "isReprint": true, "isStarter": true, "language": "English", "layout": "normal", "legalities": {"alchemy": "Legal", "brawl": "Legal", "commander": "Legal", "duel": "Legal", "explorer": "Legal", "future": "Legal", "gladiator": "Legal", "historic": "Legal", "historicbrawl": "Legal", "legacy": "Legal", "modern": "Legal", "pauper": "Legal", "paupercommander": "Legal", "penny": "Legal", "pioneer": "Legal", "premodern": "Legal", "standard": "Legal", "vintage": "Legal"}, "manaValue": 0.0, "name": "Mountain", "number": "5", "printings": ["10E", "2ED", "2XM", "3ED", "4BB", "4ED", "5ED", "6ED", "7ED", "8ED", "9ED", "AFR", "AKH", "AKR", "ALA", "ANA", "ANB", "ARC", "ARN", "ATH", "AVR", "BBD", "BFZ", "BRB", "BTD", "C13", "C14", "C15", "C16", "C17", "C18", "C19", "CED", "CEI", "CHK", "CLB", "CM2", "CMA", "CMD", "CMR", "CST", "DD1", "DD2", "DDE", "DDG", "DDH", "DDI", "DDJ", "DDK", "DDL", "DDN", "DDP", "DDS", "DDT", "DDU", "DKM", "DOM", "DPA", "DTK", "E01", "ELD", "EVG", "FBB", "FRF", "G17", "GK1", "GK2", "GN2", "GNT", "GRN", "GS1", "H09", "HOP", "HOU", "ICE", "IKO", "INV", "ISD", "ITP", "J14", "JMP", "JVC", "KHM", "KLD", "KLR", "KTK", "LEA", "LEB", "LRW", "M10", "M11", "M12", "M13", "M14", "M15", "M19", "M20", "M21", "MBS", "ME1", "ME3", "MH2", "MID", "MIR", "MMQ", "MRD", "NEO", "NPH", "ODY", "ONS", "ORI", "P02", "PAL00", "PAL01", "PAL03", "PAL04", "PAL05", "PAL06", "PAL99", "PALP", "PANA", "PARL", "PC2", "PCA", "PD2", "PELP", "PF19", "PF20", "PGPX", "PGRU", "PHED", "PLIST", "PMPS", "PMPS06", "PMPS07", "PMPS08", "PMPS09", "PMPS10", "PMPS11", "POR", "PPP1", "PRM", "PRW2", "PRWK", "PS11", "PSAL", "PSS2", "PSS3", "PTC", "PTK", "PZ2", "RAV", "RIX", "RNA", "ROE", "RQS", "RTR", "S99", "SHM", "SLD", "SNC", "SOI", "SOM", "STX", "SUM", "TD0", "THB", "THS", "TMP", "TPR", "TSP", "UGL", "UND", "UNF", "UNH", "USG", "UST", "VOW", "WAR", "WC00", "WC01", "WC02", "WC03", "WC97", "WC98", "WC99", "XANA", "XLN", "ZEN", "ZNR"], "promoTypes": ["arenaleague"], "purchaseUrls": {"cardKingdomFoil": "https://mtgjson.com/links/1186240949ccc29c", "tcgplayer": "https://mtgjson.com/links/12fa7fb115f869ef"}, "rarity": "rare", "rulings": [], "setCode": "PAL99", "subtypes": ["Mountain"], "supertypes": ["Basic"], "text": "({T}: Add {R}.)", "type": "Basic Land — Mountain", "types": ["Land"], "uuid": "6667e7b7-f067-573f-ba33-69f836a02b47"}, {"artist": "Dermot Power", "availability": ["paper"], "borderColor": "black", "colorIdentity": ["U"], "colors": ["U"], "convertedManaCost": 4.0, "edhrecRank": 658, "finishes": ["foil"], "flavorText": "\"Time flows like a river. In Tolaria we practice the art of building dams.\"\n—Barrin, master wizard", "foreignData": [], "frameVersion": "1997", "hasFoil": true, "hasNonFoil": false, "identifiers": {"cardKingdomFoilId": "125569", "cardsphereId": "5707", "mcmId": "18259", "mtgjsonV4Id": "956db52a-a604-55d7-b612-5e789f2b727b", "scryfallId": "8b9a0fc6-b28c-4065-abaa-90b324288da2", "scryfallIllustrationId": "b56d4c59-f996-4749-8663-85036614ecb4", "scryfallOracleId": "bb27bfdf-fe8d-45bd-ad62-8118dce06eda", "tcgplayerProductId": "38029"}, "isPromo": true, "isReprint": true, "isStarter": true, "language": "English", "layout": "normal", "legalities": {"commander": "Legal", "duel": "Legal", "explorer": "Legal", "gladiator": "Legal", "historic": "Legal", "historicbrawl": "Legal", "legacy": "Legal", "modern": "Legal", "pauper": "Legal", "paupercommander": "Legal", "penny": "Legal", "pioneer": "Legal", "premodern": "Legal", "vintage": "Legal"}, "manaCost": "{2}{U}{U}", "manaValue": 4.0, "name": "Rewind", "number": "6", "printings": ["8ED", "9ED", "M13", "M21", "MM3", "PAL99", "PRM", "USG", "WC04"], "promoTypes": ["arenaleague"], "purchaseUrls": {"cardKingdomFoil": "https://mtgjson.com/links/f6a2d9f042794d4c", "tcgplayer": "https://mtgjson.com/links/e1934a8e291bc1c7"}, "rarity": "rare", "rulings": [{"date": "2020-06-23", "text": "Rewind targets only a spell. It doesn’t target any lands. The lands are chosen as Rewind resolves."}, {"date": "2020-06-23", "text": "You can choose up to four lands, no matter who controls any of them. Those lands untap once. You can’t choose one land and have it untap four times, for example."}, {"date": "2020-06-23", "text": "If the spell is an illegal target when Rewind tries to resolve, perhaps because it was countered by another spell or ability, Rewind won’t resolve and none of its effects will happen. You won’t untap any lands."}], "setCode": "PAL99", "subtypes": [], "supertypes": [], "text": "Counter target spell. Untap up to four lands.", "type": "Instant", "types": ["Instant"], "uuid": "d6782974-fd12-5fa8-80f7-8bc7d59150cb"}, {"artist": "Rob Alexander", "availability": ["paper"], "borderColor": "black", "colorIdentity": ["W"], "colors": [], "convertedManaCost": 0.0, "finishes": ["foil"], "foreignData": [], "frameVersion": "1997", "hasFoil": true, "hasNonFoil": false, "identifiers": {"cardKingdomFoilId": "190531", "cardsphereId": "5705", "mcmId": "18252", "mtgjsonV4Id": "ffc13251-b38f-5796-aebb-fb05478b9cf1", "scryfallId": "4d3f41dc-72f6-4346-b95f-4813addb5af0", "scryfallIllustrationId": "3a4dcd0d-b372-471a-a383-9866754fd56d", "scryfallOracleId": "bc71ebf6-2056-41f7-be35-b2e5c34afa99", "tcgplayerProductId": "38022"}, "isPromo": true, "isReprint": true, "isStarter": true, "language": "English", "layout": "normal", "legalities": {"alchemy": "Legal", "brawl": "Legal", "commander": "Legal", "duel": "Legal", "explorer": "Legal", "future": "Legal", "gladiator": "Legal", "historic": "Legal", "historicbrawl": "Legal", "legacy": "Legal", "modern": "Legal", "pauper": "Legal", "paupercommander": "Legal", "penny": "Legal", "pioneer": "Legal", "premodern": "Legal", "standard": "Legal", "vintage": "Legal"}, "manaValue": 0.0, "name": "Plains", "number": "7", "printings": ["10E", "2ED", "2XM", "3ED", "4BB", "4ED", "5ED", "6ED", "7ED", "8ED", "9ED", "AFR", "AKH", "AKR", "ALA", "ANA", "ANB", "ARC", "ATH", "AVR", "BBD", "BFZ", "BRB", "C13", "C14", "C15", "C16", "C17", "C18", "C19", "CED", "CEI", "CHK", "CLB", "CM2", "CMA", "CMD", "CMR", "CST", "DDC", "DDE", "DDF", "DDG", "DDH", "DDI", "DDK", "DDL", "DDN", "DDO", "DDP", "DDQ", "DOM", "DTK", "DVD", "E01", "ELD", "FBB", "FRF", "G17", "GK1", "GK2", "GN2", "GNT", "GRN", "GS1", "H09", "HOP", "HOU", "ICE", "IKO", "INV", "ISD", "ITP", "J14", "JMP", "KHM", "KLD", "KLR", "KTK", "LEA", "LEB", "LRW", "M10", "M11", "M12", "M13", "M14", "M15", "M19", "M20", "M21", "MBS", "MD1", "ME1", "ME3", "MH2", "MID", "MIR", "MMQ", "MRD", "NEO", "NPH", "ODY", "ONS", "ORI", "P02", "PAL00", "PAL01", "PAL03", "PAL04", "PAL05", "PAL06", "PAL99", "PALP", "PANA", "PARL", "PC2", "PCA", "PDGM", "PELP", "PF19", "PF20", "PGPX", "PGRU", "PLIST", "PMPS", "PMPS06", "PMPS07", "PMPS08", "PMPS09", "PMPS10", "PMPS11", "POR", "PPP1", "PRM", "PRW2", "PRWK", "PS11", "PSAL", "PSS2", "PSS3", "PTC", "PTK", "PZ2", "RAV", "RIX", "RNA", "ROE", "RQS", "RTR", "S99", "SHM", "SLD", "SNC", "SOI", "SOM", "STX", "SUM", "TD0", "TD2", "THB", "THS", "TMP", "TPR", "TSP", "UGL", "UND", "UNF", "UNH", "USG", "UST", "VOW", "WAR", "WC00", "WC02", "WC03", "WC04", "WC97", "WC98", "XANA", "XLN", "ZEN", "ZNR"], "promoTypes": ["arenaleague"], "purchaseUrls": {"cardKingdomFoil": "https://mtgjson.com/links/775ebae07767f38a", "tcgplayer": "https://mtgjson.com/links/4108764a9c1634b0"}, "rarity": "rare", "rulings": [], "setCode": "PAL99", "subtypes": ["Plains"], "supertypes": ["Basic"], "text": "({T}: Add {W}.)", "type": "Basic Land — Plains", "types": ["Land"], "uuid": "03b0e432-ab14-571b-a37e-52a4fa4a0695"}, {"artist": "Mark Zug", "availability": ["paper"], "borderColor": "black", "colorIdentity": [], "colors": [], "convertedManaCost": 5.0, "edhrecRank": 5997, "finishes": ["foil"], "foreignData": [], "frameVersion": "1997", "hasFoil": true, "hasNonFoil": false, "identifiers": {"cardKingdomFoilId": "119925", "cardsphereId": "5684", "mcmId": "18238", "mtgjsonV4Id": "8e120dac-623a-5499-a9e2-88ccf46a5ab3", "scryfallId": "0a53d0e7-2dfd-48d3-88a8-286736b1e0d4", "scryfallIllustrationId": "8e1b8e7a-e168-4071-89e4-e4eb51fa285e", "scryfallOracleId": "8a7c6391-020a-4d7a-8abb-702631bbee56", "tcgplayerProductId": "38008"}, "isPromo": true, "isReprint": true, "isReserved": true, "isStarter": true, "language": "English", "layout": "normal", "leadershipSkills": {"brawl": false, "commander": true, "oathbreaker": false}, "legalities": {"commander": "Legal", "duel": "Legal", "legacy": "Legal", "penny": "Legal", "premodern": "Legal", "vintage": "Legal"}, "manaCost": "{5}", "manaValue": 5.0, "name": "Karn, Silver Golem", "number": "8", "power": "4", "printings": ["OCM1", "PAL99", "PRM", "USG", "V10", "VMA", "WC99"], "promoTypes": ["arenaleague"], "purchaseUrls": {"cardKingdomFoil": "https://mtgjson.com/links/cb028d6bd39f00e8", "tcgplayer": "https://mtgjson.com/links/3880fa4e15c677c7"}, "rarity": "rare", "rulings": [{"date": "2004-10-04", "text": "The blocking ability triggers only once no matter how many blockers are declared."}, {"date": "2008-08-01", "text": "A noncreature permanent that turns into a creature can attack, and its {T} abilities can be activated, only if its controller has continuously controlled that permanent since the beginning of their most recent turn. It doesn’t matter how long the permanent has been a creature."}], "setCode": "PAL99", "subtypes": ["Golem"], "supertypes": ["Legendary"], "text": "Whenever Karn, Silver Golem blocks or becomes blocked, it gets -4/+4 until end of turn.\n{1}: Target noncreature artifact becomes an artifact creature with power and toughness each equal to its mana value until end of turn.", "toughness": "4", "type": "Legendary Artifact Creature — Golem", "types": ["Artifact", "Creature"], "uuid": "227d6bd3-4f09-5d70-ab45-fd634311e562"}, {"artist": "John Avon", "availability": ["paper"], "borderColor": "black", "colorIdentity": ["B"], "colors": [], "convertedManaCost": 0.0, "finishes": ["foil"], "foreignData": [], "frameVersion": "1997", "hasFoil": true, "hasNonFoil": false, "identifiers": {"cardKingdomFoilId": "190534", "cardsphereId": "5721", "mcmId": "18266", "mtgjsonV4Id": "a05f0fa7-b142-5b68-b36a-e08f4e7588ee", "scryfallId": "7953bca9-ed74-485d-860f-9574d6783284", "scryfallIllustrationId": "a7fe033a-eece-4cf9-8ae0-6c345e9d39b7", "scryfallOracleId": "56719f6a-1a6c-4c0a-8d21-18f7d7350b68", "tcgplayerProductId": "38041"}, "isPromo": true, "isReprint": true, "isStarter": true, "language": "English", "layout": "normal", "legalities": {"alchemy": "Legal", "brawl": "Legal", "commander": "Legal", "duel": "Legal", "explorer": "Legal", "future": "Legal", "gladiator": "Legal", "historic": "Legal", "historicbrawl": "Legal", "legacy": "Legal", "modern": "Legal", "pauper": "Legal", "paupercommander": "Legal", "penny": "Legal", "pioneer": "Legal", "premodern": "Legal", "standard": "Legal", "vintage": "Legal"}, "manaValue": 0.0, "name": "Swamp", "number": "9", "printings": ["10E", "2ED", "2XM", "3ED", "4BB", "4ED", "5ED", "6ED", "7ED", "8ED", "9ED", "AFR", "AKH", "AKR", "ALA", "ANA", "ANB", "ARC", "ATH", "AVR", "BBD", "BFZ", "BRB", "BTD", "C13", "C14", "C15", "C16", "C17", "C18", "C19", "CED", "CEI", "CHK", "CLB", "CM2", "CMA", "CMD", "CST", "DDC", "DDD", "DDE", "DDH", "DDJ", "DDK", "DDM", "DDN", "DDP", "DDQ", "DDR", "DKM", "DOM", "DPA", "DTK", "DVD", "E01", "ELD", "FBB", "FRF", "G17", "GK1", "GK2", "GN2", "GNT", "GRN", "GVL", "H09", "HOP", "HOU", "ICE", "IKO", "INV", "ISD", "ITP", "J14", "JMP", "KHM", "KLD", "KLR", "KTK", "LEA", "LEB", "LRW", "M10", "M11", "M12", "M13", "M14", "M15", "M19", "M20", "M21", "MBS", "MD1", "ME1", "ME3", "MH2", "MID", "MIR", "MMQ", "MRD", "NEO", "NPH", "ODY", "ONS", "ORI", "P02", "PAL00", "PAL01", "PAL03", "PAL04", "PAL05", "PAL06", "PAL99", "PALP", "PANA", "PARL", "PC2", "PCA", "PD3", "PELP", "PF19", "PF20", "PGPX", "PGRU", "PHUK", "PMPS", "PMPS06", "PMPS07", "PMPS08", "PMPS09", "PMPS10", "PMPS11", "POR", "PPP1", "PRM", "PRW2", "PRWK", "PS11", "PSAL", "PSS2", "PSS3", "PTC", "PTK", "RAV", "RIX", "RNA", "ROE", "RQS", "RTR", "S99", "SHM", "SLD", "SNC", "SOI", "SOM", "STX", "SUM", "TD0", "TD2", "THB", "THS", "TMP", "TPR", "TSP", "UGL", "UND", "UNF", "UNH", "USG", "UST", "VOW", "WAR", "WC01", "WC02", "WC03", "WC97", "WC98", "WC99", "XANA", "XLN", "ZEN", "ZNR"], "promoTypes": ["arenaleague"], "purchaseUrls": {"cardKingdomFoil": "https://mtgjson.com/links/d43f2345b366c815", "tcgplayer": "https://mtgjson.com/links/0cf1e7e997b65834"}, "rarity": "rare", "rulings": [], "setCode": "PAL99", "subtypes": ["Swamp"], "supertypes": ["Basic"], "text": "({T}: Add {B}.)", "type": "Basic Land — Swamp", "types": ["Land"], "uuid": "f65dc9a5-74d5-5d9f-80a7-b31c8f83e267"}], "code": "PAL99", "isFoilOnly": false, "isOnlineOnly": false, "keyruneCode": "USG", "name": "Arena League 1999", "releaseDate": "1999-01-01", "tokens": [], "totalSetSize": 10, "translations": {}, "type": "promo"}}