{"meta": {"date": "2022-05-26", "version": "5.2.0+20220526"}, "data": {"baseSetSize": 15, "cards": [{"artist": "Pete Venters", "availability": ["paper"], "borderColor": "black", "colorIdentity": ["G"], "colors": [], "convertedManaCost": 0.0, "finishes": ["nonfoil"], "flavorText": "Japan", "foreignData": [], "frameVersion": "1997", "hasFoil": false, "hasNonFoil": true, "identifiers": {"cardKingdomId": "126588", "cardsphereId": "69846", "mcmId": "19343", "mtgjsonV4Id": "7a0be3c2-accb-511c-bc97-96f9cd6eb1ea", "scryfallId": "7aee0798-703a-40e1-9a01-dfbaceb255f4", "scryfallIllustrationId": "7470bdb7-7f71-4e46-befa-652bfe72c8d2", "scryfallOracleId": "b34bb2dc-c1af-4d77-b0b3-a0fb342a5fc6", "tcgplayerProductId": "21667"}, "isPromo": true, "isReprint": true, "isStarter": true, "language": "English", "layout": "normal", "legalities": {"alchemy": "Legal", "brawl": "Legal", "commander": "Legal", "duel": "Legal", "explorer": "Legal", "future": "Legal", "gladiator": "Legal", "historic": "Legal", "historicbrawl": "Legal", "legacy": "Legal", "modern": "Legal", "pauper": "Legal", "paupercommander": "Legal", "penny": "Legal", "pioneer": "Legal", "premodern": "Legal", "standard": "Legal", "vintage": "Legal"}, "manaValue": 0.0, "name": "Forest", "number": "1", "printings": ["10E", "2ED", "2XM", "3ED", "4BB", "4ED", "5ED", "6ED", "7ED", "8ED", "9ED", "AFR", "AKH", "AKR", "ALA", "ANA", "ANB", "ARC", "ATH", "AVR", "BBD", "BFZ", "BRB", "BTD", "C13", "C14", "C15", "C16", "C17", "C18", "C19", "CED", "CEI", "CHK", "CLB", "CM2", "CMA", "CMD", "CMR", "CST", "DD1", "DDD", "DDE", "DDG", "DDH", "DDJ", "DDL", "DDM", "DDO", "DDP", "DDR", "DDS", "DDU", "DKM", "DOM", "DPA", "DTK", "E01", "ELD", "EVG", "FBB", "FRF", "G17", "GK1", "GK2", "GN2", "GNT", "GRN", "GS1", "GVL", "H09", "HOP", "HOU", "ICE", "IKO", "INV", "ISD", "ITP", "J14", "JMP", "KHM", "KLD", "KLR", "KTK", "LEA", "LEB", "LRW", "M10", "M11", "M12", "M13", "M14", "M15", "M19", "M20", "M21", "MBS", "ME1", "ME3", "MH2", "MID", "MIR", "MMQ", "MRD", "NEO", "NPH", "ODY", "ONS", "ORI", "P02", "PAL00", "PAL01", "PAL03", "PAL04", "PAL05", "PAL06", "PAL99", "PALP", "PANA", "PARL", "PC2", "PCA", "PELP", "PF19", "PF20", "PGPX", "PGRU", "PMPS", "PMPS06", "PMPS07", "PMPS08", "PMPS09", "PMPS10", "PMPS11", "POR", "PPP1", "PRM", "PRW2", "PRWK", "PS11", "PSAL", "PSS2", "PSS3", "PTC", "PTK", "PZ2", "RAV", "RIX", "RNA", "ROE", "RQS", "RTR", "S99", "SHM", "SLD", "SNC", "SOI", "SOM", "STX", "SUM", "TD0", "TD2", "THB", "THS", "TMP", "TPR", "TSP", "UGL", "UND", "UNF", "UNH", "USG", "UST", "VOW", "WAR", "WC00", "WC01", "WC02", "WC03", "WC04", "WC97", "WC98", "WC99", "XANA", "XLN", "ZEN", "ZNR"], "promoTypes": ["instore"], "purchaseUrls": {"cardKingdom": "https://mtgjson.com/links/567e509cf53602b3", "tcgplayer": "https://mtgjson.com/links/2adf1ddfc28719c3"}, "rarity": "common", "rulings": [], "setCode": "PALP", "subtypes": ["Forest"], "supertypes": ["Basic"], "text": "({T}: Add {G}.)", "type": "Basic Land — Forest", "types": ["Land"], "uuid": "a6e7bc06-ea7d-5186-8dd4-d95086e4e8d2", "variations": ["d097db3c-19d4-583f-83d4-842dc5b70e97", "8765359f-f0d0-56eb-870d-49f6a2f6c78b"]}, {"artist": "Edward P. Beard, Jr.", "availability": ["paper"], "borderColor": "black", "colorIdentity": ["U"], "colors": [], "convertedManaCost": 0.0, "finishes": ["nonfoil"], "flavorText": "Hong Kong", "foreignData": [], "frameVersion": "1997", "hasFoil": false, "hasNonFoil": true, "identifiers": {"cardKingdomId": "126591", "cardsphereId": "69843", "mcmId": "19334", "mtgjsonV4Id": "13ca4a14-1943-5eae-9271-80b418133335", "scryfallId": "082f6551-2332-4a9b-9865-aae19156b3dd", "scryfallIllustrationId": "d95292d0-9cae-4322-9cb7-7c2a0b82bc88", "scryfallOracleId": "b2c6aa39-2d2a-459c-a555-fb48ba993373", "tcgplayerProductId": "21669"}, "isPromo": true, "isReprint": true, "isStarter": true, "language": "English", "layout": "normal", "legalities": {"alchemy": "Legal", "brawl": "Legal", "commander": "Legal", "duel": "Legal", "explorer": "Legal", "future": "Legal", "gladiator": "Legal", "historic": "Legal", "historicbrawl": "Legal", "legacy": "Legal", "modern": "Legal", "pauper": "Legal", "paupercommander": "Legal", "penny": "Legal", "pioneer": "Legal", "premodern": "Legal", "standard": "Legal", "vintage": "Legal"}, "manaValue": 0.0, "name": "Island", "number": "2", "printings": ["10E", "2ED", "2XM", "3ED", "4BB", "4ED", "5ED", "6ED", "7ED", "8ED", "9ED", "AFR", "AKH", "AKR", "ALA", "ANA", "ANB", "ARC", "AVR", "BBD", "BFZ", "BRB", "BTD", "C13", "C14", "C15", "C16", "C17", "C18", "C19", "CED", "CEI", "CHK", "CLB", "CM2", "CMA", "CMD", "CMR", "CST", "DD2", "DDE", "DDF", "DDH", "DDI", "DDJ", "DDM", "DDN", "DDO", "DDQ", "DDS", "DDT", "DDU", "DOM", "DPA", "DTK", "E01", "ELD", "FBB", "FRF", "G17", "GK1", "GK2", "GN2", "GNT", "GRN", "GS1", "H09", "HOP", "HOU", "ICE", "IKO", "INV", "ISD", "ITP", "J14", "JMP", "JVC", "KHM", "KLD", "KLR", "KTK", "LEA", "LEB", "LRW", "M10", "M11", "M12", "M13", "M14", "M15", "M19", "M20", "M21", "MBS", "ME1", "ME3", "MH2", "MID", "MIR", "MMQ", "MRD", "NEO", "NPH", "ODY", "ONS", "ORI", "P02", "PAL00", "PAL01", "PAL02", "PAL03", "PAL04", "PAL05", "PAL06", "PAL99", "PALP", "PANA", "PARL", "PC2", "PCA", "PELP", "PF19", "PF20", "PGPX", "PGRU", "PHED", "PLIST", "PMPS", "PMPS06", "PMPS07", "PMPS08", "PMPS09", "PMPS10", "PMPS11", "POR", "PPP1", "PRM", "PRW2", "PRWK", "PS11", "PSAL", "PSS2", "PSS3", "PTC", "PTK", "PZ2", "RAV", "RIX", "RNA", "ROE", "RQS", "RTR", "S99", "SHM", "SLD", "SNC", "SOI", "SOM", "STX", "SUM", "TD0", "TD2", "THB", "THS", "TMP", "TPR", "TSP", "UGL", "UND", "UNF", "UNH", "USG", "UST", "VOW", "WAR", "WC00", "WC01", "WC02", "WC03", "WC04", "WC97", "WC98", "XANA", "XLN", "ZEN", "ZNR"], "promoTypes": ["instore"], "purchaseUrls": {"cardKingdom": "https://mtgjson.com/links/1a1354d09a012d6b", "tcgplayer": "https://mtgjson.com/links/396c6d127916f116"}, "rarity": "common", "rulings": [], "setCode": "PALP", "subtypes": ["Island"], "supertypes": ["Basic"], "text": "({T}: Add {U}.)", "type": "Basic Land — Island", "types": ["Land"], "uuid": "e25d18a7-588d-50bf-a3d3-e0d04aaa7401", "variations": ["d5fdb50b-19e9-5713-9e08-c1c8fe45debc", "79a48c42-d606-58dc-ae06-c625cca041dc"]}, {"artist": "Heather Hudson", "availability": ["paper"], "borderColor": "black", "colorIdentity": ["R"], "colors": [], "convertedManaCost": 0.0, "finishes": ["nonfoil"], "flavorText": "Banaue Rice Terraces, Philippines", "foreignData": [], "frameVersion": "1997", "hasFoil": false, "hasNonFoil": true, "identifiers": {"cardKingdomId": "126594", "cardsphereId": "69845", "mcmId": "19340", "mtgjsonV4Id": "b1be38ea-ac02-516f-a181-b04845f5877c", "scryfallId": "c5a93b1c-51aa-483c-b33b-76b5a74a067d", "scryfallIllustrationId": "7504f9bc-c462-4af1-b64f-453e92a3b3c8", "scryfallOracleId": "a3fb7228-e76b-4e96-a40e-20b5fed75685", "tcgplayerProductId": "18100"}, "isPromo": true, "isReprint": true, "isStarter": true, "language": "English", "layout": "normal", "legalities": {"alchemy": "Legal", "brawl": "Legal", "commander": "Legal", "duel": "Legal", "explorer": "Legal", "future": "Legal", "gladiator": "Legal", "historic": "Legal", "historicbrawl": "Legal", "legacy": "Legal", "modern": "Legal", "pauper": "Legal", "paupercommander": "Legal", "penny": "Legal", "pioneer": "Legal", "premodern": "Legal", "standard": "Legal", "vintage": "Legal"}, "manaValue": 0.0, "name": "Mountain", "number": "3", "printings": ["10E", "2ED", "2XM", "3ED", "4BB", "4ED", "5ED", "6ED", "7ED", "8ED", "9ED", "AFR", "AKH", "AKR", "ALA", "ANA", "ANB", "ARC", "ARN", "ATH", "AVR", "BBD", "BFZ", "BRB", "BTD", "C13", "C14", "C15", "C16", "C17", "C18", "C19", "CED", "CEI", "CHK", "CLB", "CM2", "CMA", "CMD", "CMR", "CST", "DD1", "DD2", "DDE", "DDG", "DDH", "DDI", "DDJ", "DDK", "DDL", "DDN", "DDP", "DDS", "DDT", "DDU", "DKM", "DOM", "DPA", "DTK", "E01", "ELD", "EVG", "FBB", "FRF", "G17", "GK1", "GK2", "GN2", "GNT", "GRN", "GS1", "H09", "HOP", "HOU", "ICE", "IKO", "INV", "ISD", "ITP", "J14", "JMP", "JVC", "KHM", "KLD", "KLR", "KTK", "LEA", "LEB", "LRW", "M10", "M11", "M12", "M13", "M14", "M15", "M19", "M20", "M21", "MBS", "ME1", "ME3", "MH2", "MID", "MIR", "MMQ", "MRD", "NEO", "NPH", "ODY", "ONS", "ORI", "P02", "PAL00", "PAL01", "PAL03", "PAL04", "PAL05", "PAL06", "PAL99", "PALP", "PANA", "PARL", "PC2", "PCA", "PD2", "PELP", "PF19", "PF20", "PGPX", "PGRU", "PHED", "PLIST", "PMPS", "PMPS06", "PMPS07", "PMPS08", "PMPS09", "PMPS10", "PMPS11", "POR", "PPP1", "PRM", "PRW2", "PRWK", "PS11", "PSAL", "PSS2", "PSS3", "PTC", "PTK", "PZ2", "RAV", "RIX", "RNA", "ROE", "RQS", "RTR", "S99", "SHM", "SLD", "SNC", "SOI", "SOM", "STX", "SUM", "TD0", "THB", "THS", "TMP", "TPR", "TSP", "UGL", "UND", "UNF", "UNH", "USG", "UST", "VOW", "WAR", "WC00", "WC01", "WC02", "WC03", "WC97", "WC98", "WC99", "XANA", "XLN", "ZEN", "ZNR"], "promoTypes": ["instore"], "purchaseUrls": {"cardKingdom": "https://mtgjson.com/links/e605ea5b32e78690", "tcgplayer": "https://mtgjson.com/links/6984a6ba7dfbe223"}, "rarity": "common", "rulings": [], "setCode": "PALP", "subtypes": ["Mountain"], "supertypes": ["Basic"], "text": "({T}: Add {R}.)", "type": "Basic Land — Mountain", "types": ["Land"], "uuid": "4587a725-c3d4-5722-ace5-9860469e39a1", "variations": ["ba86d61b-17d6-5a00-8a14-c0aa60fa268d", "6fc67c10-8390-5dd3-9adb-55bf3c76e0ac"]}, {"artist": "Ron Spears", "availability": ["paper"], "borderColor": "black", "colorIdentity": ["W"], "colors": [], "convertedManaCost": 0.0, "finishes": ["nonfoil"], "flavorText": "Japan", "foreignData": [], "frameVersion": "1997", "hasFoil": false, "hasNonFoil": true, "identifiers": {"cardKingdomId": "126597", "cardsphereId": "69842", "mcmId": "19331", "mtgjsonV4Id": "82b087ac-0ebc-59d7-b4c6-509eae73503d", "scryfallId": "5e8b29d9-b20c-437f-96ec-1b0009719820", "scryfallIllustrationId": "5f054538-7ef5-4fb3-8eea-7f4fe4f49632", "scryfallOracleId": "bc71ebf6-2056-41f7-be35-b2e5c34afa99", "tcgplayerProductId": "21676"}, "isPromo": true, "isReprint": true, "isStarter": true, "language": "English", "layout": "normal", "legalities": {"alchemy": "Legal", "brawl": "Legal", "commander": "Legal", "duel": "Legal", "explorer": "Legal", "future": "Legal", "gladiator": "Legal", "historic": "Legal", "historicbrawl": "Legal", "legacy": "Legal", "modern": "Legal", "pauper": "Legal", "paupercommander": "Legal", "penny": "Legal", "pioneer": "Legal", "premodern": "Legal", "standard": "Legal", "vintage": "Legal"}, "manaValue": 0.0, "name": "Plains", "number": "4", "printings": ["10E", "2ED", "2XM", "3ED", "4BB", "4ED", "5ED", "6ED", "7ED", "8ED", "9ED", "AFR", "AKH", "AKR", "ALA", "ANA", "ANB", "ARC", "ATH", "AVR", "BBD", "BFZ", "BRB", "C13", "C14", "C15", "C16", "C17", "C18", "C19", "CED", "CEI", "CHK", "CLB", "CM2", "CMA", "CMD", "CMR", "CST", "DDC", "DDE", "DDF", "DDG", "DDH", "DDI", "DDK", "DDL", "DDN", "DDO", "DDP", "DDQ", "DOM", "DTK", "DVD", "E01", "ELD", "FBB", "FRF", "G17", "GK1", "GK2", "GN2", "GNT", "GRN", "GS1", "H09", "HOP", "HOU", "ICE", "IKO", "INV", "ISD", "ITP", "J14", "JMP", "KHM", "KLD", "KLR", "KTK", "LEA", "LEB", "LRW", "M10", "M11", "M12", "M13", "M14", "M15", "M19", "M20", "M21", "MBS", "MD1", "ME1", "ME3", "MH2", "MID", "MIR", "MMQ", "MRD", "NEO", "NPH", "ODY", "ONS", "ORI", "P02", "PAL00", "PAL01", "PAL03", "PAL04", "PAL05", "PAL06", "PAL99", "PALP", "PANA", "PARL", "PC2", "PCA", "PDGM", "PELP", "PF19", "PF20", "PGPX", "PGRU", "PLIST", "PMPS", "PMPS06", "PMPS07", "PMPS08", "PMPS09", "PMPS10", "PMPS11", "POR", "PPP1", "PRM", "PRW2", "PRWK", "PS11", "PSAL", "PSS2", "PSS3", "PTC", "PTK", "PZ2", "RAV", "RIX", "RNA", "ROE", "RQS", "RTR", "S99", "SHM", "SLD", "SNC", "SOI", "SOM", "STX", "SUM", "TD0", "TD2", "THB", "THS", "TMP", "TPR", "TSP", "UGL", "UND", "UNF", "UNH", "USG", "UST", "VOW", "WAR", "WC00", "WC02", "WC03", "WC04", "WC97", "WC98", "XANA", "XLN", "ZEN", "ZNR"], "promoTypes": ["instore"], "purchaseUrls": {"cardKingdom": "https://mtgjson.com/links/6e5b9eb695d115fb", "tcgplayer": "https://mtgjson.com/links/9644a2630b807543"}, "rarity": "common", "rulings": [], "setCode": "PALP", "subtypes": ["Plains"], "supertypes": ["Basic"], "text": "({T}: Add {W}.)", "type": "Basic Land — Plains", "types": ["Land"], "uuid": "9010a316-7711-55a2-8bd4-65275071064d", "variations": ["be122dd5-4d87-5f55-b302-9b70863f2267", "16d4122e-a611-56f5-8843-85ec2448ab2b"]}, {"artist": "Edward P. Beard, Jr.", "availability": ["paper"], "borderColor": "black", "colorIdentity": ["B"], "colors": [], "convertedManaCost": 0.0, "finishes": ["nonfoil"], "flavorText": "New Zealand", "foreignData": [], "frameVersion": "1997", "hasFoil": false, "hasNonFoil": true, "identifiers": {"cardKingdomId": "126600", "cardsphereId": "69844", "mcmId": "19337", "mtgjsonV4Id": "5d374152-be97-51d7-a716-197a04a0d997", "scryfallId": "913f761f-dd7b-4c91-b4e9-5903f86079f0", "scryfallIllustrationId": "36be5145-be6d-4a67-bfec-ab4606b78b71", "scryfallOracleId": "56719f6a-1a6c-4c0a-8d21-18f7d7350b68", "tcgplayerProductId": "21678"}, "isPromo": true, "isReprint": true, "isStarter": true, "language": "English", "layout": "normal", "legalities": {"alchemy": "Legal", "brawl": "Legal", "commander": "Legal", "duel": "Legal", "explorer": "Legal", "future": "Legal", "gladiator": "Legal", "historic": "Legal", "historicbrawl": "Legal", "legacy": "Legal", "modern": "Legal", "pauper": "Legal", "paupercommander": "Legal", "penny": "Legal", "pioneer": "Legal", "premodern": "Legal", "standard": "Legal", "vintage": "Legal"}, "manaValue": 0.0, "name": "Swamp", "number": "5", "printings": ["10E", "2ED", "2XM", "3ED", "4BB", "4ED", "5ED", "6ED", "7ED", "8ED", "9ED", "AFR", "AKH", "AKR", "ALA", "ANA", "ANB", "ARC", "ATH", "AVR", "BBD", "BFZ", "BRB", "BTD", "C13", "C14", "C15", "C16", "C17", "C18", "C19", "CED", "CEI", "CHK", "CLB", "CM2", "CMA", "CMD", "CST", "DDC", "DDD", "DDE", "DDH", "DDJ", "DDK", "DDM", "DDN", "DDP", "DDQ", "DDR", "DKM", "DOM", "DPA", "DTK", "DVD", "E01", "ELD", "FBB", "FRF", "G17", "GK1", "GK2", "GN2", "GNT", "GRN", "GVL", "H09", "HOP", "HOU", "ICE", "IKO", "INV", "ISD", "ITP", "J14", "JMP", "KHM", "KLD", "KLR", "KTK", "LEA", "LEB", "LRW", "M10", "M11", "M12", "M13", "M14", "M15", "M19", "M20", "M21", "MBS", "MD1", "ME1", "ME3", "MH2", "MID", "MIR", "MMQ", "MRD", "NEO", "NPH", "ODY", "ONS", "ORI", "P02", "PAL00", "PAL01", "PAL03", "PAL04", "PAL05", "PAL06", "PAL99", "PALP", "PANA", "PARL", "PC2", "PCA", "PD3", "PELP", "PF19", "PF20", "PGPX", "PGRU", "PHUK", "PMPS", "PMPS06", "PMPS07", "PMPS08", "PMPS09", "PMPS10", "PMPS11", "POR", "PPP1", "PRM", "PRW2", "PRWK", "PS11", "PSAL", "PSS2", "PSS3", "PTC", "PTK", "RAV", "RIX", "RNA", "ROE", "RQS", "RTR", "S99", "SHM", "SLD", "SNC", "SOI", "SOM", "STX", "SUM", "TD0", "TD2", "THB", "THS", "TMP", "TPR", "TSP", "UGL", "UND", "UNF", "UNH", "USG", "UST", "VOW", "WAR", "WC01", "WC02", "WC03", "WC97", "WC98", "WC99", "XANA", "XLN", "ZEN", "ZNR"], "promoTypes": ["instore"], "purchaseUrls": {"cardKingdom": "https://mtgjson.com/links/d63c9dd359255540", "tcgplayer": "https://mtgjson.com/links/f6c22c05fc13f66c"}, "rarity": "common", "rulings": [], "setCode": "PALP", "subtypes": ["Swamp"], "supertypes": ["Basic"], "text": "({T}: Add {B}.)", "type": "Basic Land — Swamp", "types": ["Land"], "uuid": "9ea4bb3b-65c5-5a9f-993b-d472d36f8062", "variations": ["900b270c-8246-5dd5-9336-336205f1aa16", "1958b369-d24a-52b6-91e7-be3e1b9198cb"]}, {"artist": "Christopher Rush", "availability": ["paper"], "borderColor": "black", "colorIdentity": ["G"], "colors": [], "convertedManaCost": 0.0, "finishes": ["nonfoil"], "flavorText": "China", "foreignData": [], "frameVersion": "1997", "hasFoil": false, "hasNonFoil": true, "identifiers": {"cardKingdomId": "126589", "cardsphereId": "69851", "mcmId": "19344", "mtgjsonV4Id": "9a023723-6a87-50ab-8917-7b2ea9e4637f", "scryfallId": "0ec326ea-771a-4cb4-8d4e-b3b189e8cd78", "scryfallIllustrationId": "fed19ab1-bc63-4306-83c1-faa6cf47ea10", "scryfallOracleId": "b34bb2dc-c1af-4d77-b0b3-a0fb342a5fc6", "tcgplayerProductId": "21666"}, "isPromo": true, "isReprint": true, "isStarter": true, "language": "English", "layout": "normal", "legalities": {"alchemy": "Legal", "brawl": "Legal", "commander": "Legal", "duel": "Legal", "explorer": "Legal", "future": "Legal", "gladiator": "Legal", "historic": "Legal", "historicbrawl": "Legal", "legacy": "Legal", "modern": "Legal", "pauper": "Legal", "paupercommander": "Legal", "penny": "Legal", "pioneer": "Legal", "premodern": "Legal", "standard": "Legal", "vintage": "Legal"}, "manaValue": 0.0, "name": "Forest", "number": "6", "printings": ["10E", "2ED", "2XM", "3ED", "4BB", "4ED", "5ED", "6ED", "7ED", "8ED", "9ED", "AFR", "AKH", "AKR", "ALA", "ANA", "ANB", "ARC", "ATH", "AVR", "BBD", "BFZ", "BRB", "BTD", "C13", "C14", "C15", "C16", "C17", "C18", "C19", "CED", "CEI", "CHK", "CLB", "CM2", "CMA", "CMD", "CMR", "CST", "DD1", "DDD", "DDE", "DDG", "DDH", "DDJ", "DDL", "DDM", "DDO", "DDP", "DDR", "DDS", "DDU", "DKM", "DOM", "DPA", "DTK", "E01", "ELD", "EVG", "FBB", "FRF", "G17", "GK1", "GK2", "GN2", "GNT", "GRN", "GS1", "GVL", "H09", "HOP", "HOU", "ICE", "IKO", "INV", "ISD", "ITP", "J14", "JMP", "KHM", "KLD", "KLR", "KTK", "LEA", "LEB", "LRW", "M10", "M11", "M12", "M13", "M14", "M15", "M19", "M20", "M21", "MBS", "ME1", "ME3", "MH2", "MID", "MIR", "MMQ", "MRD", "NEO", "NPH", "ODY", "ONS", "ORI", "P02", "PAL00", "PAL01", "PAL03", "PAL04", "PAL05", "PAL06", "PAL99", "PALP", "PANA", "PARL", "PC2", "PCA", "PELP", "PF19", "PF20", "PGPX", "PGRU", "PMPS", "PMPS06", "PMPS07", "PMPS08", "PMPS09", "PMPS10", "PMPS11", "POR", "PPP1", "PRM", "PRW2", "PRWK", "PS11", "PSAL", "PSS2", "PSS3", "PTC", "PTK", "PZ2", "RAV", "RIX", "RNA", "ROE", "RQS", "RTR", "S99", "SHM", "SLD", "SNC", "SOI", "SOM", "STX", "SUM", "TD0", "TD2", "THB", "THS", "TMP", "TPR", "TSP", "UGL", "UND", "UNF", "UNH", "USG", "UST", "VOW", "WAR", "WC00", "WC01", "WC02", "WC03", "WC04", "WC97", "WC98", "WC99", "XANA", "XLN", "ZEN", "ZNR"], "promoTypes": ["instore"], "purchaseUrls": {"cardKingdom": "https://mtgjson.com/links/ef14da084899a8b7", "tcgplayer": "https://mtgjson.com/links/49c680fe66d8d7ea"}, "rarity": "common", "rulings": [], "setCode": "PALP", "subtypes": ["Forest"], "supertypes": ["Basic"], "text": "({T}: Add {G}.)", "type": "Basic Land — Forest", "types": ["Land"], "uuid": "d097db3c-19d4-583f-83d4-842dc5b70e97", "variations": ["a6e7bc06-ea7d-5186-8dd4-d95086e4e8d2", "8765359f-f0d0-56eb-870d-49f6a2f6c78b"]}, {"artist": "Bob Eggleton", "availability": ["paper"], "borderColor": "black", "colorIdentity": ["U"], "colors": [], "convertedManaCost": 0.0, "finishes": ["nonfoil"], "flavorText": "Meoto Iwa, Japan", "foreignData": [], "frameVersion": "1997", "hasFoil": false, "hasNonFoil": true, "identifiers": {"cardKingdomId": "126592", "cardsphereId": "69848", "mcmId": "19335", "mtgjsonV4Id": "fec87ea8-b145-5ce2-9f83-7f7324fdf604", "scryfallId": "140d4a7b-95b6-4911-99b5-7e8586255fc7", "scryfallIllustrationId": "65bc9106-530f-467c-b43a-7f831fb295cf", "scryfallOracleId": "b2c6aa39-2d2a-459c-a555-fb48ba993373", "tcgplayerProductId": "21670"}, "isPromo": true, "isReprint": true, "isStarter": true, "language": "English", "layout": "normal", "legalities": {"alchemy": "Legal", "brawl": "Legal", "commander": "Legal", "duel": "Legal", "explorer": "Legal", "future": "Legal", "gladiator": "Legal", "historic": "Legal", "historicbrawl": "Legal", "legacy": "Legal", "modern": "Legal", "pauper": "Legal", "paupercommander": "Legal", "penny": "Legal", "pioneer": "Legal", "premodern": "Legal", "standard": "Legal", "vintage": "Legal"}, "manaValue": 0.0, "name": "Island", "number": "7", "printings": ["10E", "2ED", "2XM", "3ED", "4BB", "4ED", "5ED", "6ED", "7ED", "8ED", "9ED", "AFR", "AKH", "AKR", "ALA", "ANA", "ANB", "ARC", "AVR", "BBD", "BFZ", "BRB", "BTD", "C13", "C14", "C15", "C16", "C17", "C18", "C19", "CED", "CEI", "CHK", "CLB", "CM2", "CMA", "CMD", "CMR", "CST", "DD2", "DDE", "DDF", "DDH", "DDI", "DDJ", "DDM", "DDN", "DDO", "DDQ", "DDS", "DDT", "DDU", "DOM", "DPA", "DTK", "E01", "ELD", "FBB", "FRF", "G17", "GK1", "GK2", "GN2", "GNT", "GRN", "GS1", "H09", "HOP", "HOU", "ICE", "IKO", "INV", "ISD", "ITP", "J14", "JMP", "JVC", "KHM", "KLD", "KLR", "KTK", "LEA", "LEB", "LRW", "M10", "M11", "M12", "M13", "M14", "M15", "M19", "M20", "M21", "MBS", "ME1", "ME3", "MH2", "MID", "MIR", "MMQ", "MRD", "NEO", "NPH", "ODY", "ONS", "ORI", "P02", "PAL00", "PAL01", "PAL02", "PAL03", "PAL04", "PAL05", "PAL06", "PAL99", "PALP", "PANA", "PARL", "PC2", "PCA", "PELP", "PF19", "PF20", "PGPX", "PGRU", "PHED", "PLIST", "PMPS", "PMPS06", "PMPS07", "PMPS08", "PMPS09", "PMPS10", "PMPS11", "POR", "PPP1", "PRM", "PRW2", "PRWK", "PS11", "PSAL", "PSS2", "PSS3", "PTC", "PTK", "PZ2", "RAV", "RIX", "RNA", "ROE", "RQS", "RTR", "S99", "SHM", "SLD", "SNC", "SOI", "SOM", "STX", "SUM", "TD0", "TD2", "THB", "THS", "TMP", "TPR", "TSP", "UGL", "UND", "UNF", "UNH", "USG", "UST", "VOW", "WAR", "WC00", "WC01", "WC02", "WC03", "WC04", "WC97", "WC98", "XANA", "XLN", "ZEN", "ZNR"], "promoTypes": ["instore"], "purchaseUrls": {"cardKingdom": "https://mtgjson.com/links/a01ae386d755944b", "tcgplayer": "https://mtgjson.com/links/b6288c95794805a5"}, "rarity": "common", "rulings": [], "setCode": "PALP", "subtypes": ["Island"], "supertypes": ["Basic"], "text": "({T}: Add {U}.)", "type": "Basic Land — Island", "types": ["Land"], "uuid": "d5fdb50b-19e9-5713-9e08-c1c8fe45debc", "variations": ["e25d18a7-588d-50bf-a3d3-e0d04aaa7401", "79a48c42-d606-58dc-ae06-c625cca041dc"]}, {"artist": "Rebecca Guay", "availability": ["paper"], "borderColor": "black", "colorIdentity": ["R"], "colors": [], "convertedManaCost": 0.0, "finishes": ["nonfoil"], "flavorText": "Taiwan", "foreignData": [], "frameVersion": "1997", "hasFoil": false, "hasNonFoil": true, "identifiers": {"cardKingdomId": "126595", "cardsphereId": "69850", "mcmId": "19341", "mtgjsonV4Id": "6a211953-3e06-59d5-aee9-92488aeb76d4", "scryfallId": "e1af2d09-908e-442e-a9d0-9c618a71a327", "scryfallIllustrationId": "0b9d6ed8-f7d4-4b9d-887a-569e4d537b15", "scryfallOracleId": "a3fb7228-e76b-4e96-a40e-20b5fed75685", "tcgplayerProductId": "21673"}, "isPromo": true, "isReprint": true, "isStarter": true, "language": "English", "layout": "normal", "legalities": {"alchemy": "Legal", "brawl": "Legal", "commander": "Legal", "duel": "Legal", "explorer": "Legal", "future": "Legal", "gladiator": "Legal", "historic": "Legal", "historicbrawl": "Legal", "legacy": "Legal", "modern": "Legal", "pauper": "Legal", "paupercommander": "Legal", "penny": "Legal", "pioneer": "Legal", "premodern": "Legal", "standard": "Legal", "vintage": "Legal"}, "manaValue": 0.0, "name": "Mountain", "number": "8", "printings": ["10E", "2ED", "2XM", "3ED", "4BB", "4ED", "5ED", "6ED", "7ED", "8ED", "9ED", "AFR", "AKH", "AKR", "ALA", "ANA", "ANB", "ARC", "ARN", "ATH", "AVR", "BBD", "BFZ", "BRB", "BTD", "C13", "C14", "C15", "C16", "C17", "C18", "C19", "CED", "CEI", "CHK", "CLB", "CM2", "CMA", "CMD", "CMR", "CST", "DD1", "DD2", "DDE", "DDG", "DDH", "DDI", "DDJ", "DDK", "DDL", "DDN", "DDP", "DDS", "DDT", "DDU", "DKM", "DOM", "DPA", "DTK", "E01", "ELD", "EVG", "FBB", "FRF", "G17", "GK1", "GK2", "GN2", "GNT", "GRN", "GS1", "H09", "HOP", "HOU", "ICE", "IKO", "INV", "ISD", "ITP", "J14", "JMP", "JVC", "KHM", "KLD", "KLR", "KTK", "LEA", "LEB", "LRW", "M10", "M11", "M12", "M13", "M14", "M15", "M19", "M20", "M21", "MBS", "ME1", "ME3", "MH2", "MID", "MIR", "MMQ", "MRD", "NEO", "NPH", "ODY", "ONS", "ORI", "P02", "PAL00", "PAL01", "PAL03", "PAL04", "PAL05", "PAL06", "PAL99", "PALP", "PANA", "PARL", "PC2", "PCA", "PD2", "PELP", "PF19", "PF20", "PGPX", "PGRU", "PHED", "PLIST", "PMPS", "PMPS06", "PMPS07", "PMPS08", "PMPS09", "PMPS10", "PMPS11", "POR", "PPP1", "PRM", "PRW2", "PRWK", "PS11", "PSAL", "PSS2", "PSS3", "PTC", "PTK", "PZ2", "RAV", "RIX", "RNA", "ROE", "RQS", "RTR", "S99", "SHM", "SLD", "SNC", "SOI", "SOM", "STX", "SUM", "TD0", "THB", "THS", "TMP", "TPR", "TSP", "UGL", "UND", "UNF", "UNH", "USG", "UST", "VOW", "WAR", "WC00", "WC01", "WC02", "WC03", "WC97", "WC98", "WC99", "XANA", "XLN", "ZEN", "ZNR"], "promoTypes": ["instore"], "purchaseUrls": {"cardKingdom": "https://mtgjson.com/links/70aa9c88574f8b70", "tcgplayer": "https://mtgjson.com/links/ea1df35e391de746"}, "rarity": "common", "rulings": [], "setCode": "PALP", "subtypes": ["Mountain"], "supertypes": ["Basic"], "text": "({T}: Add {R}.)", "type": "Basic Land — Mountain", "types": ["Land"], "uuid": "ba86d61b-17d6-5a00-8a14-c0aa60fa268d", "variations": ["4587a725-c3d4-5722-ace5-9860469e39a1", "6fc67c10-8390-5dd3-9adb-55bf3c76e0ac"]}, {"artist": "Colin MacNeil", "availability": ["paper"], "borderColor": "black", "colorIdentity": ["W"], "colors": [], "convertedManaCost": 0.0, "finishes": ["nonfoil"], "flavorText": "Uluru, Australia", "foreignData": [], "frameVersion": "1997", "hasFoil": false, "hasNonFoil": true, "identifiers": {"cardKingdomId": "126598", "cardsphereId": "69847", "mcmId": "19332", "mtgjsonV4Id": "115ac591-ec09-58d3-92d8-8041a495780a", "scryfallId": "09c9e066-5bff-4e35-bc21-5054b9ff07a2", "scryfallIllustrationId": "38245465-e0b7-42c0-b40d-568c1a24e3bd", "scryfallOracleId": "bc71ebf6-2056-41f7-be35-b2e5c34afa99", "tcgplayerProductId": "21674"}, "isPromo": true, "isReprint": true, "isStarter": true, "language": "English", "layout": "normal", "legalities": {"alchemy": "Legal", "brawl": "Legal", "commander": "Legal", "duel": "Legal", "explorer": "Legal", "future": "Legal", "gladiator": "Legal", "historic": "Legal", "historicbrawl": "Legal", "legacy": "Legal", "modern": "Legal", "pauper": "Legal", "paupercommander": "Legal", "penny": "Legal", "pioneer": "Legal", "premodern": "Legal", "standard": "Legal", "vintage": "Legal"}, "manaValue": 0.0, "name": "Plains", "number": "9", "printings": ["10E", "2ED", "2XM", "3ED", "4BB", "4ED", "5ED", "6ED", "7ED", "8ED", "9ED", "AFR", "AKH", "AKR", "ALA", "ANA", "ANB", "ARC", "ATH", "AVR", "BBD", "BFZ", "BRB", "C13", "C14", "C15", "C16", "C17", "C18", "C19", "CED", "CEI", "CHK", "CLB", "CM2", "CMA", "CMD", "CMR", "CST", "DDC", "DDE", "DDF", "DDG", "DDH", "DDI", "DDK", "DDL", "DDN", "DDO", "DDP", "DDQ", "DOM", "DTK", "DVD", "E01", "ELD", "FBB", "FRF", "G17", "GK1", "GK2", "GN2", "GNT", "GRN", "GS1", "H09", "HOP", "HOU", "ICE", "IKO", "INV", "ISD", "ITP", "J14", "JMP", "KHM", "KLD", "KLR", "KTK", "LEA", "LEB", "LRW", "M10", "M11", "M12", "M13", "M14", "M15", "M19", "M20", "M21", "MBS", "MD1", "ME1", "ME3", "MH2", "MID", "MIR", "MMQ", "MRD", "NEO", "NPH", "ODY", "ONS", "ORI", "P02", "PAL00", "PAL01", "PAL03", "PAL04", "PAL05", "PAL06", "PAL99", "PALP", "PANA", "PARL", "PC2", "PCA", "PDGM", "PELP", "PF19", "PF20", "PGPX", "PGRU", "PLIST", "PMPS", "PMPS06", "PMPS07", "PMPS08", "PMPS09", "PMPS10", "PMPS11", "POR", "PPP1", "PRM", "PRW2", "PRWK", "PS11", "PSAL", "PSS2", "PSS3", "PTC", "PTK", "PZ2", "RAV", "RIX", "RNA", "ROE", "RQS", "RTR", "S99", "SHM", "SLD", "SNC", "SOI", "SOM", "STX", "SUM", "TD0", "TD2", "THB", "THS", "TMP", "TPR", "TSP", "UGL", "UND", "UNF", "UNH", "USG", "UST", "VOW", "WAR", "WC00", "WC02", "WC03", "WC04", "WC97", "WC98", "XANA", "XLN", "ZEN", "ZNR"], "promoTypes": ["instore"], "purchaseUrls": {"cardKingdom": "https://mtgjson.com/links/88e8729f8edc5a3c", "tcgplayer": "https://mtgjson.com/links/7a26f5381c407bd3"}, "rarity": "common", "rulings": [], "setCode": "PALP", "subtypes": ["Plains"], "supertypes": ["Basic"], "text": "({T}: Add {W}.)", "type": "Basic Land — Plains", "types": ["Land"], "uuid": "be122dd5-4d87-5f55-b302-9b70863f2267", "variations": ["9010a316-7711-55a2-8bd4-65275071064d", "16d4122e-a611-56f5-8843-85ec2448ab2b"]}, {"artist": "Ron Spears", "availability": ["paper"], "borderColor": "black", "colorIdentity": ["B"], "colors": [], "convertedManaCost": 0.0, "finishes": ["nonfoil"], "flavorText": "Japan", "foreignData": [], "frameVersion": "1997", "hasFoil": false, "hasNonFoil": true, "identifiers": {"cardKingdomId": "126601", "cardsphereId": "69849", "mcmId": "19338", "mtgjsonV4Id": "d47fa813-e1f6-535a-a8f4-10c0d8d0f77c", "scryfallId": "2b42c421-da39-41e1-af2e-005aebb3a7c7", "scryfallIllustrationId": "cfcd56b6-ced0-40cf-955e-4a328de4c32e", "scryfallOracleId": "56719f6a-1a6c-4c0a-8d21-18f7d7350b68", "tcgplayerProductId": "21679"}, "isPromo": true, "isReprint": true, "isStarter": true, "language": "English", "layout": "normal", "legalities": {"alchemy": "Legal", "brawl": "Legal", "commander": "Legal", "duel": "Legal", "explorer": "Legal", "future": "Legal", "gladiator": "Legal", "historic": "Legal", "historicbrawl": "Legal", "legacy": "Legal", "modern": "Legal", "pauper": "Legal", "paupercommander": "Legal", "penny": "Legal", "pioneer": "Legal", "premodern": "Legal", "standard": "Legal", "vintage": "Legal"}, "manaValue": 0.0, "name": "Swamp", "number": "10", "printings": ["10E", "2ED", "2XM", "3ED", "4BB", "4ED", "5ED", "6ED", "7ED", "8ED", "9ED", "AFR", "AKH", "AKR", "ALA", "ANA", "ANB", "ARC", "ATH", "AVR", "BBD", "BFZ", "BRB", "BTD", "C13", "C14", "C15", "C16", "C17", "C18", "C19", "CED", "CEI", "CHK", "CLB", "CM2", "CMA", "CMD", "CST", "DDC", "DDD", "DDE", "DDH", "DDJ", "DDK", "DDM", "DDN", "DDP", "DDQ", "DDR", "DKM", "DOM", "DPA", "DTK", "DVD", "E01", "ELD", "FBB", "FRF", "G17", "GK1", "GK2", "GN2", "GNT", "GRN", "GVL", "H09", "HOP", "HOU", "ICE", "IKO", "INV", "ISD", "ITP", "J14", "JMP", "KHM", "KLD", "KLR", "KTK", "LEA", "LEB", "LRW", "M10", "M11", "M12", "M13", "M14", "M15", "M19", "M20", "M21", "MBS", "MD1", "ME1", "ME3", "MH2", "MID", "MIR", "MMQ", "MRD", "NEO", "NPH", "ODY", "ONS", "ORI", "P02", "PAL00", "PAL01", "PAL03", "PAL04", "PAL05", "PAL06", "PAL99", "PALP", "PANA", "PARL", "PC2", "PCA", "PD3", "PELP", "PF19", "PF20", "PGPX", "PGRU", "PHUK", "PMPS", "PMPS06", "PMPS07", "PMPS08", "PMPS09", "PMPS10", "PMPS11", "POR", "PPP1", "PRM", "PRW2", "PRWK", "PS11", "PSAL", "PSS2", "PSS3", "PTC", "PTK", "RAV", "RIX", "RNA", "ROE", "RQS", "RTR", "S99", "SHM", "SLD", "SNC", "SOI", "SOM", "STX", "SUM", "TD0", "TD2", "THB", "THS", "TMP", "TPR", "TSP", "UGL", "UND", "UNF", "UNH", "USG", "UST", "VOW", "WAR", "WC01", "WC02", "WC03", "WC97", "WC98", "WC99", "XANA", "XLN", "ZEN", "ZNR"], "promoTypes": ["instore"], "purchaseUrls": {"cardKingdom": "https://mtgjson.com/links/3fdb310ad3e8d8fe", "tcgplayer": "https://mtgjson.com/links/159d59e1cd57ecc6"}, "rarity": "common", "rulings": [], "setCode": "PALP", "subtypes": ["Swamp"], "supertypes": ["Basic"], "text": "({T}: Add {B}.)", "type": "Basic Land — Swamp", "types": ["Land"], "uuid": "900b270c-8246-5dd5-9336-336205f1aa16", "variations": ["9ea4bb3b-65c5-5a9f-993b-d472d36f8062", "1958b369-d24a-52b6-91e7-be3e1b9198cb"]}, {"artist": "Edward P. Beard, Jr.", "availability": ["paper"], "borderColor": "black", "colorIdentity": ["G"], "colors": [], "convertedManaCost": 0.0, "finishes": ["nonfoil"], "flavorText": "Korea", "foreignData": [], "frameVersion": "1997", "hasFoil": false, "hasNonFoil": true, "identifiers": {"cardKingdomId": "126590", "cardsphereId": "69856", "mcmId": "19345", "mtgjsonV4Id": "16a2be7a-0b5f-592b-9bbe-b8dd271c6565", "scryfallId": "93dc440e-53f8-45d7-bc3b-c9b9a67767de", "scryfallIllustrationId": "ea99a664-9003-4c9e-a24c-7767a3ed91c7", "scryfallOracleId": "b34bb2dc-c1af-4d77-b0b3-a0fb342a5fc6", "tcgplayerProductId": "21668"}, "isPromo": true, "isReprint": true, "isStarter": true, "language": "English", "layout": "normal", "legalities": {"alchemy": "Legal", "brawl": "Legal", "commander": "Legal", "duel": "Legal", "explorer": "Legal", "future": "Legal", "gladiator": "Legal", "historic": "Legal", "historicbrawl": "Legal", "legacy": "Legal", "modern": "Legal", "pauper": "Legal", "paupercommander": "Legal", "penny": "Legal", "pioneer": "Legal", "premodern": "Legal", "standard": "Legal", "vintage": "Legal"}, "manaValue": 0.0, "name": "Forest", "number": "11", "printings": ["10E", "2ED", "2XM", "3ED", "4BB", "4ED", "5ED", "6ED", "7ED", "8ED", "9ED", "AFR", "AKH", "AKR", "ALA", "ANA", "ANB", "ARC", "ATH", "AVR", "BBD", "BFZ", "BRB", "BTD", "C13", "C14", "C15", "C16", "C17", "C18", "C19", "CED", "CEI", "CHK", "CLB", "CM2", "CMA", "CMD", "CMR", "CST", "DD1", "DDD", "DDE", "DDG", "DDH", "DDJ", "DDL", "DDM", "DDO", "DDP", "DDR", "DDS", "DDU", "DKM", "DOM", "DPA", "DTK", "E01", "ELD", "EVG", "FBB", "FRF", "G17", "GK1", "GK2", "GN2", "GNT", "GRN", "GS1", "GVL", "H09", "HOP", "HOU", "ICE", "IKO", "INV", "ISD", "ITP", "J14", "JMP", "KHM", "KLD", "KLR", "KTK", "LEA", "LEB", "LRW", "M10", "M11", "M12", "M13", "M14", "M15", "M19", "M20", "M21", "MBS", "ME1", "ME3", "MH2", "MID", "MIR", "MMQ", "MRD", "NEO", "NPH", "ODY", "ONS", "ORI", "P02", "PAL00", "PAL01", "PAL03", "PAL04", "PAL05", "PAL06", "PAL99", "PALP", "PANA", "PARL", "PC2", "PCA", "PELP", "PF19", "PF20", "PGPX", "PGRU", "PMPS", "PMPS06", "PMPS07", "PMPS08", "PMPS09", "PMPS10", "PMPS11", "POR", "PPP1", "PRM", "PRW2", "PRWK", "PS11", "PSAL", "PSS2", "PSS3", "PTC", "PTK", "PZ2", "RAV", "RIX", "RNA", "ROE", "RQS", "RTR", "S99", "SHM", "SLD", "SNC", "SOI", "SOM", "STX", "SUM", "TD0", "TD2", "THB", "THS", "TMP", "TPR", "TSP", "UGL", "UND", "UNF", "UNH", "USG", "UST", "VOW", "WAR", "WC00", "WC01", "WC02", "WC03", "WC04", "WC97", "WC98", "WC99", "XANA", "XLN", "ZEN", "ZNR"], "promoTypes": ["instore"], "purchaseUrls": {"cardKingdom": "https://mtgjson.com/links/f0e8a18a777f3326", "tcgplayer": "https://mtgjson.com/links/e27c3b81b96207f4"}, "rarity": "common", "rulings": [], "setCode": "PALP", "subtypes": ["Forest"], "supertypes": ["Basic"], "text": "({T}: Add {G}.)", "type": "Basic Land — Forest", "types": ["Land"], "uuid": "8765359f-f0d0-56eb-870d-49f6a2f6c78b", "variations": ["a6e7bc06-ea7d-5186-8dd4-d95086e4e8d2", "d097db3c-19d4-583f-83d4-842dc5b70e97"]}, {"artist": "Rob Alexander", "availability": ["paper"], "borderColor": "black", "colorIdentity": ["U"], "colors": [], "convertedManaCost": 0.0, "finishes": ["nonfoil"], "flavorText": "Singapore", "foreignData": [], "frameVersion": "1997", "hasFoil": false, "hasNonFoil": true, "identifiers": {"cardKingdomId": "126593", "cardsphereId": "69853", "mcmId": "19336", "mtgjsonV4Id": "22b28bcf-7fd9-571c-9408-e76273b28203", "scryfallId": "c0360544-7ec7-43a4-8c15-b2471ec0c125", "scryfallIllustrationId": "6fcb699b-3713-4c55-9136-70a66577c0f5", "scryfallOracleId": "b2c6aa39-2d2a-459c-a555-fb48ba993373", "tcgplayerProductId": "21671"}, "isPromo": true, "isReprint": true, "isStarter": true, "language": "English", "layout": "normal", "legalities": {"alchemy": "Legal", "brawl": "Legal", "commander": "Legal", "duel": "Legal", "explorer": "Legal", "future": "Legal", "gladiator": "Legal", "historic": "Legal", "historicbrawl": "Legal", "legacy": "Legal", "modern": "Legal", "pauper": "Legal", "paupercommander": "Legal", "penny": "Legal", "pioneer": "Legal", "premodern": "Legal", "standard": "Legal", "vintage": "Legal"}, "manaValue": 0.0, "name": "Island", "number": "12", "printings": ["10E", "2ED", "2XM", "3ED", "4BB", "4ED", "5ED", "6ED", "7ED", "8ED", "9ED", "AFR", "AKH", "AKR", "ALA", "ANA", "ANB", "ARC", "AVR", "BBD", "BFZ", "BRB", "BTD", "C13", "C14", "C15", "C16", "C17", "C18", "C19", "CED", "CEI", "CHK", "CLB", "CM2", "CMA", "CMD", "CMR", "CST", "DD2", "DDE", "DDF", "DDH", "DDI", "DDJ", "DDM", "DDN", "DDO", "DDQ", "DDS", "DDT", "DDU", "DOM", "DPA", "DTK", "E01", "ELD", "FBB", "FRF", "G17", "GK1", "GK2", "GN2", "GNT", "GRN", "GS1", "H09", "HOP", "HOU", "ICE", "IKO", "INV", "ISD", "ITP", "J14", "JMP", "JVC", "KHM", "KLD", "KLR", "KTK", "LEA", "LEB", "LRW", "M10", "M11", "M12", "M13", "M14", "M15", "M19", "M20", "M21", "MBS", "ME1", "ME3", "MH2", "MID", "MIR", "MMQ", "MRD", "NEO", "NPH", "ODY", "ONS", "ORI", "P02", "PAL00", "PAL01", "PAL02", "PAL03", "PAL04", "PAL05", "PAL06", "PAL99", "PALP", "PANA", "PARL", "PC2", "PCA", "PELP", "PF19", "PF20", "PGPX", "PGRU", "PHED", "PLIST", "PMPS", "PMPS06", "PMPS07", "PMPS08", "PMPS09", "PMPS10", "PMPS11", "POR", "PPP1", "PRM", "PRW2", "PRWK", "PS11", "PSAL", "PSS2", "PSS3", "PTC", "PTK", "PZ2", "RAV", "RIX", "RNA", "ROE", "RQS", "RTR", "S99", "SHM", "SLD", "SNC", "SOI", "SOM", "STX", "SUM", "TD0", "TD2", "THB", "THS", "TMP", "TPR", "TSP", "UGL", "UND", "UNF", "UNH", "USG", "UST", "VOW", "WAR", "WC00", "WC01", "WC02", "WC03", "WC04", "WC97", "WC98", "XANA", "XLN", "ZEN", "ZNR"], "promoTypes": ["instore"], "purchaseUrls": {"cardKingdom": "https://mtgjson.com/links/5c824fd44a8785bd", "tcgplayer": "https://mtgjson.com/links/b3987b143233349e"}, "rarity": "common", "rulings": [], "setCode": "PALP", "subtypes": ["Island"], "supertypes": ["Basic"], "text": "({T}: Add {U}.)", "type": "Basic Land — Island", "types": ["Land"], "uuid": "79a48c42-d606-58dc-ae06-c625cca041dc", "variations": ["e25d18a7-588d-50bf-a3d3-e0d04aaa7401", "d5fdb50b-19e9-5713-9e08-c1c8fe45debc"]}, {"artist": "Edward P. Beard, Jr.", "availability": ["paper"], "borderColor": "black", "colorIdentity": ["R"], "colors": [], "convertedManaCost": 0.0, "finishes": ["nonfoil"], "flavorText": "Mt. Fuji, Japan", "foreignData": [], "frameVersion": "1997", "hasFoil": false, "hasNonFoil": true, "identifiers": {"cardKingdomId": "126596", "cardsphereId": "69855", "mcmId": "19342", "mtgjsonV4Id": "d498b668-f9cb-53b9-9a15-9a9ee5ec93f0", "scryfallId": "fadd5e4b-9833-4564-a7d2-3ac1364f40d5", "scryfallIllustrationId": "75896438-b1da-4b86-9960-e2db9fd6c75d", "scryfallOracleId": "a3fb7228-e76b-4e96-a40e-20b5fed75685", "tcgplayerProductId": "21672"}, "isPromo": true, "isReprint": true, "isStarter": true, "language": "English", "layout": "normal", "legalities": {"alchemy": "Legal", "brawl": "Legal", "commander": "Legal", "duel": "Legal", "explorer": "Legal", "future": "Legal", "gladiator": "Legal", "historic": "Legal", "historicbrawl": "Legal", "legacy": "Legal", "modern": "Legal", "pauper": "Legal", "paupercommander": "Legal", "penny": "Legal", "pioneer": "Legal", "premodern": "Legal", "standard": "Legal", "vintage": "Legal"}, "manaValue": 0.0, "name": "Mountain", "number": "13", "printings": ["10E", "2ED", "2XM", "3ED", "4BB", "4ED", "5ED", "6ED", "7ED", "8ED", "9ED", "AFR", "AKH", "AKR", "ALA", "ANA", "ANB", "ARC", "ARN", "ATH", "AVR", "BBD", "BFZ", "BRB", "BTD", "C13", "C14", "C15", "C16", "C17", "C18", "C19", "CED", "CEI", "CHK", "CLB", "CM2", "CMA", "CMD", "CMR", "CST", "DD1", "DD2", "DDE", "DDG", "DDH", "DDI", "DDJ", "DDK", "DDL", "DDN", "DDP", "DDS", "DDT", "DDU", "DKM", "DOM", "DPA", "DTK", "E01", "ELD", "EVG", "FBB", "FRF", "G17", "GK1", "GK2", "GN2", "GNT", "GRN", "GS1", "H09", "HOP", "HOU", "ICE", "IKO", "INV", "ISD", "ITP", "J14", "JMP", "JVC", "KHM", "KLD", "KLR", "KTK", "LEA", "LEB", "LRW", "M10", "M11", "M12", "M13", "M14", "M15", "M19", "M20", "M21", "MBS", "ME1", "ME3", "MH2", "MID", "MIR", "MMQ", "MRD", "NEO", "NPH", "ODY", "ONS", "ORI", "P02", "PAL00", "PAL01", "PAL03", "PAL04", "PAL05", "PAL06", "PAL99", "PALP", "PANA", "PARL", "PC2", "PCA", "PD2", "PELP", "PF19", "PF20", "PGPX", "PGRU", "PHED", "PLIST", "PMPS", "PMPS06", "PMPS07", "PMPS08", "PMPS09", "PMPS10", "PMPS11", "POR", "PPP1", "PRM", "PRW2", "PRWK", "PS11", "PSAL", "PSS2", "PSS3", "PTC", "PTK", "PZ2", "RAV", "RIX", "RNA", "ROE", "RQS", "RTR", "S99", "SHM", "SLD", "SNC", "SOI", "SOM", "STX", "SUM", "TD0", "THB", "THS", "TMP", "TPR", "TSP", "UGL", "UND", "UNF", "UNH", "USG", "UST", "VOW", "WAR", "WC00", "WC01", "WC02", "WC03", "WC97", "WC98", "WC99", "XANA", "XLN", "ZEN", "ZNR"], "promoTypes": ["instore"], "purchaseUrls": {"cardKingdom": "https://mtgjson.com/links/42cabbd16822305a", "tcgplayer": "https://mtgjson.com/links/e43a0bf1f7324273"}, "rarity": "common", "rulings": [], "setCode": "PALP", "subtypes": ["Mountain"], "supertypes": ["Basic"], "text": "({T}: Add {R}.)", "type": "Basic Land — Mountain", "types": ["Land"], "uuid": "6fc67c10-8390-5dd3-9adb-55bf3c76e0ac", "variations": ["4587a725-c3d4-5722-ace5-9860469e39a1", "ba86d61b-17d6-5a00-8a14-c0aa60fa268d"]}, {"artist": "Rebecca Guay", "availability": ["paper"], "borderColor": "black", "colorIdentity": ["W"], "colors": [], "convertedManaCost": 0.0, "finishes": ["nonfoil"], "flavorText": "Great Wall of China", "foreignData": [], "frameVersion": "1997", "hasFoil": false, "hasNonFoil": true, "identifiers": {"cardKingdomId": "126599", "cardsphereId": "69852", "mcmId": "19333", "mtgjsonV4Id": "f5241126-621c-543a-8f60-4b63ad529a7f", "scryfallId": "46ca9523-e126-467d-9d78-823d2e89837d", "scryfallIllustrationId": "79ad4eb9-18f2-4588-ab1b-8bb8a10257ee", "scryfallOracleId": "bc71ebf6-2056-41f7-be35-b2e5c34afa99", "tcgplayerProductId": "21675"}, "isPromo": true, "isReprint": true, "isStarter": true, "language": "English", "layout": "normal", "legalities": {"alchemy": "Legal", "brawl": "Legal", "commander": "Legal", "duel": "Legal", "explorer": "Legal", "future": "Legal", "gladiator": "Legal", "historic": "Legal", "historicbrawl": "Legal", "legacy": "Legal", "modern": "Legal", "pauper": "Legal", "paupercommander": "Legal", "penny": "Legal", "pioneer": "Legal", "premodern": "Legal", "standard": "Legal", "vintage": "Legal"}, "manaValue": 0.0, "name": "Plains", "number": "14", "printings": ["10E", "2ED", "2XM", "3ED", "4BB", "4ED", "5ED", "6ED", "7ED", "8ED", "9ED", "AFR", "AKH", "AKR", "ALA", "ANA", "ANB", "ARC", "ATH", "AVR", "BBD", "BFZ", "BRB", "C13", "C14", "C15", "C16", "C17", "C18", "C19", "CED", "CEI", "CHK", "CLB", "CM2", "CMA", "CMD", "CMR", "CST", "DDC", "DDE", "DDF", "DDG", "DDH", "DDI", "DDK", "DDL", "DDN", "DDO", "DDP", "DDQ", "DOM", "DTK", "DVD", "E01", "ELD", "FBB", "FRF", "G17", "GK1", "GK2", "GN2", "GNT", "GRN", "GS1", "H09", "HOP", "HOU", "ICE", "IKO", "INV", "ISD", "ITP", "J14", "JMP", "KHM", "KLD", "KLR", "KTK", "LEA", "LEB", "LRW", "M10", "M11", "M12", "M13", "M14", "M15", "M19", "M20", "M21", "MBS", "MD1", "ME1", "ME3", "MH2", "MID", "MIR", "MMQ", "MRD", "NEO", "NPH", "ODY", "ONS", "ORI", "P02", "PAL00", "PAL01", "PAL03", "PAL04", "PAL05", "PAL06", "PAL99", "PALP", "PANA", "PARL", "PC2", "PCA", "PDGM", "PELP", "PF19", "PF20", "PGPX", "PGRU", "PLIST", "PMPS", "PMPS06", "PMPS07", "PMPS08", "PMPS09", "PMPS10", "PMPS11", "POR", "PPP1", "PRM", "PRW2", "PRWK", "PS11", "PSAL", "PSS2", "PSS3", "PTC", "PTK", "PZ2", "RAV", "RIX", "RNA", "ROE", "RQS", "RTR", "S99", "SHM", "SLD", "SNC", "SOI", "SOM", "STX", "SUM", "TD0", "TD2", "THB", "THS", "TMP", "TPR", "TSP", "UGL", "UND", "UNF", "UNH", "USG", "UST", "VOW", "WAR", "WC00", "WC02", "WC03", "WC04", "WC97", "WC98", "XANA", "XLN", "ZEN", "ZNR"], "promoTypes": ["instore"], "purchaseUrls": {"cardKingdom": "https://mtgjson.com/links/4e48ea8cfed3ede9", "tcgplayer": "https://mtgjson.com/links/f4c8b98984f4a3bd"}, "rarity": "common", "rulings": [], "setCode": "PALP", "subtypes": ["Plains"], "supertypes": ["Basic"], "text": "({T}: Add {W}.)", "type": "Basic Land — Plains", "types": ["Land"], "uuid": "16d4122e-a611-56f5-8843-85ec2448ab2b", "variations": ["9010a316-7711-55a2-8bd4-65275071064d", "be122dd5-4d87-5f55-b302-9b70863f2267"]}, {"artist": "Ron Spears", "availability": ["paper"], "borderColor": "black", "colorIdentity": ["B"], "colors": [], "convertedManaCost": 0.0, "finishes": ["nonfoil"], "flavorText": "Indonesia", "foreignData": [], "frameVersion": "1997", "hasFoil": false, "hasNonFoil": true, "identifiers": {"cardKingdomId": "126602", "cardsphereId": "69854", "mcmId": "19339", "mtgjsonV4Id": "f6b57b68-bdbe-5a19-8f35-84a7084d9424", "scryfallId": "3e033e21-8003-4a19-a711-d23cd1d718cc", "scryfallIllustrationId": "4659bf62-d266-457a-925c-b1eed8563033", "scryfallOracleId": "56719f6a-1a6c-4c0a-8d21-18f7d7350b68", "tcgplayerProductId": "21677"}, "isPromo": true, "isReprint": true, "isStarter": true, "language": "English", "layout": "normal", "legalities": {"alchemy": "Legal", "brawl": "Legal", "commander": "Legal", "duel": "Legal", "explorer": "Legal", "future": "Legal", "gladiator": "Legal", "historic": "Legal", "historicbrawl": "Legal", "legacy": "Legal", "modern": "Legal", "pauper": "Legal", "paupercommander": "Legal", "penny": "Legal", "pioneer": "Legal", "premodern": "Legal", "standard": "Legal", "vintage": "Legal"}, "manaValue": 0.0, "name": "Swamp", "number": "15", "printings": ["10E", "2ED", "2XM", "3ED", "4BB", "4ED", "5ED", "6ED", "7ED", "8ED", "9ED", "AFR", "AKH", "AKR", "ALA", "ANA", "ANB", "ARC", "ATH", "AVR", "BBD", "BFZ", "BRB", "BTD", "C13", "C14", "C15", "C16", "C17", "C18", "C19", "CED", "CEI", "CHK", "CLB", "CM2", "CMA", "CMD", "CST", "DDC", "DDD", "DDE", "DDH", "DDJ", "DDK", "DDM", "DDN", "DDP", "DDQ", "DDR", "DKM", "DOM", "DPA", "DTK", "DVD", "E01", "ELD", "FBB", "FRF", "G17", "GK1", "GK2", "GN2", "GNT", "GRN", "GVL", "H09", "HOP", "HOU", "ICE", "IKO", "INV", "ISD", "ITP", "J14", "JMP", "KHM", "KLD", "KLR", "KTK", "LEA", "LEB", "LRW", "M10", "M11", "M12", "M13", "M14", "M15", "M19", "M20", "M21", "MBS", "MD1", "ME1", "ME3", "MH2", "MID", "MIR", "MMQ", "MRD", "NEO", "NPH", "ODY", "ONS", "ORI", "P02", "PAL00", "PAL01", "PAL03", "PAL04", "PAL05", "PAL06", "PAL99", "PALP", "PANA", "PARL", "PC2", "PCA", "PD3", "PELP", "PF19", "PF20", "PGPX", "PGRU", "PHUK", "PMPS", "PMPS06", "PMPS07", "PMPS08", "PMPS09", "PMPS10", "PMPS11", "POR", "PPP1", "PRM", "PRW2", "PRWK", "PS11", "PSAL", "PSS2", "PSS3", "PTC", "PTK", "RAV", "RIX", "RNA", "ROE", "RQS", "RTR", "S99", "SHM", "SLD", "SNC", "SOI", "SOM", "STX", "SUM", "TD0", "TD2", "THB", "THS", "TMP", "TPR", "TSP", "UGL", "UND", "UNF", "UNH", "USG", "UST", "VOW", "WAR", "WC01", "WC02", "WC03", "WC97", "WC98", "WC99", "XANA", "XLN", "ZEN", "ZNR"], "promoTypes": ["instore"], "purchaseUrls": {"cardKingdom": "https://mtgjson.com/links/e88af8da6f160771", "tcgplayer": "https://mtgjson.com/links/6b3509650165c3c3"}, "rarity": "common", "rulings": [], "setCode": "PALP", "subtypes": ["Swamp"], "supertypes": ["Basic"], "text": "({T}: Add {B}.)", "type": "Basic Land — Swamp", "types": ["Land"], "uuid": "1958b369-d24a-52b6-91e7-be3e1b9198cb", "variations": ["9ea4bb3b-65c5-5a9f-993b-d472d36f8062", "900b270c-8246-5dd5-9336-336205f1aa16"]}], "cardsphereSetId": 1252, "code": "PALP", "isFoilOnly": false, "isNonFoilOnly": true, "isOnlineOnly": false, "keyruneCode": "PAPAC", "name": "Asia Pacific Land Program", "releaseDate": "1998-09-01", "tcgplayerGroupId": 9, "tokens": [], "totalSetSize": 15, "translations": {}, "type": "promo"}}