{"meta": {"date": "2022-05-26", "version": "5.2.0+20220526"}, "data": {"baseSetSize": 1, "block": "Invasion", "cards": [{"artist": "Jim Nelson", "availability": ["paper"], "borderColor": "black", "colorIdentity": ["B", "G", "U"], "colors": ["B", "G", "U"], "convertedManaCost": 7.0, "edhrecRank": 20693, "finishes": ["foil"], "foreignData": [{"language": "Sanskrit", "multiverseId": 97062, "name": "फंगल्शम्ब्लर्", "text": "म्रदितुम्\nयहा फंगल्शम्ब्लहार्निमरये प्रहरति तदा पत्रं कषर्शि च सो'रिरपास्यति पत्रं करात् तस्य तस्य वा ।।", "type": "भूतम् पशु"}], "frameVersion": "1997", "hasFoil": true, "hasNonFoil": false, "identifiers": {"cardKingdomFoilId": "117203", "cardsphereId": "37213", "mcmId": "17709", "mtgjsonV4Id": "ebeaf88d-6f9d-55ef-b2e1-0bb924ee34d1", "multiverseId": "97062", "scryfallId": "1ae5a4cc-eb0f-4195-847f-d5464a086c82", "scryfallIllustrationId": "913dfd73-c397-4ee0-906a-be386bf0069d", "scryfallOracleId": "9991941e-436f-42d4-8b0c-1ee84234774b", "tcgplayerProductId": "38379"}, "isPromo": true, "isReprint": true, "isStarter": true, "keywords": ["Trample"], "language": "Sanskrit", "layout": "normal", "legalities": {"commander": "Legal", "duel": "Legal", "legacy": "Legal", "penny": "Legal", "premodern": "Legal", "vintage": "Legal"}, "manaCost": "{4}{B}{G}{U}", "manaValue": 7.0, "name": "Fungal Shambler", "number": "100", "originalReleaseDate": "2001-05-26", "power": "6", "printings": ["APC", "PAPC", "PRM"], "promoTypes": ["datestamped", "prerelease"], "purchaseUrls": {"cardKingdomFoil": "https://mtgjson.com/links/012e308deef573ad", "tcgplayer": "https://mtgjson.com/links/79ea0a5791764174"}, "rarity": "rare", "rulings": [], "setCode": "PAPC", "subtypes": ["Fungus", "Beast"], "supertypes": [], "text": "Trample\nWhenever Fungal Shambler deals damage to an opponent, you draw a card and that opponent discards a card.", "toughness": "4", "type": "Creature — Fungus Beast", "types": ["Creature"], "uuid": "b041f57c-dbe5-56ca-806c-508622440e4f"}], "code": "PAPC", "isFoilOnly": true, "isOnlineOnly": false, "keyruneCode": "APC", "name": "Apocalypse Promos", "parentCode": "APC", "releaseDate": "2001-06-04", "tokens": [], "totalSetSize": 1, "translations": {}, "type": "promo"}}