{"meta": {"date": "2022-05-26", "version": "5.2.0+20220526"}, "data": {"baseSetSize": 2, "block": "Alara", "cards": [{"artist": "Karl Kopinski", "availability": ["paper"], "borderColor": "black", "colorIdentity": ["B", "R"], "colors": ["B", "R"], "convertedManaCost": 6.0, "edhrecRank": 8084, "finishes": ["foil"], "flavorText": "A demon cannot be trusted, and a dragon will not be ruled.", "foreignData": [], "frameVersion": "2003", "hasFoil": true, "hasNonFoil": false, "identifiers": {"cardKingdomFoilId": "126428", "cardsphereId": "37316", "mcmId": "20789", "mtgjsonV4Id": "64fc0ed3-798c-5e96-b6e5-a7dde0b8d3a8", "scryfallId": "104fd4d9-a911-401a-95ae-50e0502ed35b", "scryfallIllustrationId": "bee2a5ac-f147-4a1e-9d24-8821d481ec5d", "scryfallOracleId": "52e1546a-63eb-48d7-acc4-81b912aabc90", "tcgplayerProductId": "38390"}, "isPromo": true, "isReprint": true, "isStarter": true, "keywords": ["Flying"], "language": "English", "layout": "normal", "leadershipSkills": {"brawl": false, "commander": true, "oathbreaker": false}, "legalities": {"commander": "Legal", "duel": "Legal", "legacy": "Legal", "modern": "Legal", "penny": "Legal", "vintage": "Legal"}, "manaCost": "{2}{B}{B}{R}{R}", "manaValue": 6.0, "name": "Malfegor", "number": "117★", "originalReleaseDate": "2009-01-31", "power": "6", "printings": ["CMA", "CMD", "CON", "IMA", "PCON", "PRM"], "promoTypes": ["datestamped", "prerelease"], "purchaseUrls": {"cardKingdomFoil": "https://mtgjson.com/links/b756ebdcbc65c351", "tcgplayer": "https://mtgjson.com/links/c25b88e30b8c05d3"}, "rarity": "rare", "rulings": [{"date": "2017-11-17", "text": "Malfegor’s ability is not optional. You must discard your entire hand no matter how many creatures your opponents control."}, {"date": "2017-11-17", "text": "After you discard your hand and the number of creatures each opponent must sacrifice has been determined, each opponent in turn order, starting with the player whose turn it is if that player is your opponent, chooses which creatures they will sacrifice, then all the chosen creatures are all sacrificed at the same time."}], "setCode": "PCON", "subtypes": ["Demon", "Dragon"], "supertypes": ["Legendary"], "text": "Flying\nWhen Malfegor enters the battlefield, discard your hand. Each opponent sacrifices a creature for each card discarded this way.", "toughness": "6", "type": "Legendary Creature — Demon Dragon", "types": ["Creature"], "uuid": "720e1d3f-6a25-5942-b966-55166a2f45d0", "watermark": "set"}, {"artist": "John Avon", "availability": ["paper"], "borderColor": "black", "colorIdentity": ["B", "G", "R", "U", "W"], "colors": [], "convertedManaCost": 6.0, "edhrecRank": 14964, "finishes": ["foil"], "foreignData": [], "frameVersion": "2003", "hasFoil": true, "hasNonFoil": false, "identifiers": {"cardKingdomFoilId": "126581", "cardsphereId": "23900", "mcmId": "20790", "mtgjsonV4Id": "e8f3ffda-491a-5536-9b38-70eb9c97dd89", "scryfallId": "90299569-65c5-4dd9-ac7e-320b64ec62ac", "scryfallIllustrationId": "68e9acad-9d84-4e69-b148-e4ee1318afe7", "scryfallOracleId": "75fcb9ce-ac01-4048-82b7-9100143e3b07", "tcgplayerProductId": "38290"}, "isPromo": true, "isReprint": true, "isStarter": true, "language": "English", "layout": "normal", "legalities": {"commander": "Legal", "duel": "Legal", "legacy": "Legal", "modern": "Legal", "penny": "Legal", "vintage": "Legal"}, "manaCost": "{6}", "manaValue": 6.0, "name": "Obelisk of Alara", "number": "140★", "printings": ["CON", "PCON", "PRM"], "promoTypes": ["datestamped", "release"], "purchaseUrls": {"cardKingdomFoil": "https://mtgjson.com/links/663b3bb808ae880c", "tcgplayer": "https://mtgjson.com/links/fd23a2301a511d0e"}, "rarity": "rare", "rulings": [], "setCode": "PCON", "subtypes": [], "supertypes": [], "text": "{1}{W}, {T}: You gain 5 life.\n{1}{U}, {T}: Draw a card, then discard a card.\n{1}{B}, {T}: Target creature gets -2/-2 until end of turn.\n{1}{R}, {T}: Obelisk of Alara deals 3 damage to target player or planeswalker.\n{1}{G}, {T}: Target creature gets +4/+4 until end of turn.", "type": "Artifact", "types": ["Artifact"], "uuid": "5682afb8-f6cd-5eef-bb16-4de98ffb91ca", "watermark": "set"}], "code": "PCON", "isFoilOnly": true, "isOnlineOnly": false, "keyruneCode": "CON", "name": "Conflux Promos", "parentCode": "CON", "releaseDate": "2009-02-06", "tokens": [], "totalSetSize": 2, "translations": {}, "type": "promo"}}