{"meta": {"date": "2022-05-26", "version": "5.2.0+20220526"}, "data": {"baseSetSize": 1, "block": "Ice Age", "cards": [{"artist": "Daren Bader", "availability": ["paper"], "borderColor": "black", "colorIdentity": ["G"], "colors": ["G"], "convertedManaCost": 7.0, "edhrecRank": 10754, "finishes": ["foil"], "foreignData": [], "frameVersion": "2003", "hasFoil": true, "hasNonFoil": false, "identifiers": {"cardKingdomFoilId": "121025", "cardsphereId": "37015", "mcmId": "17738", "mtgjsonV4Id": "cf9a4e2e-2e3a-5fb8-a76a-1a2870774394", "scryfallId": "471e6542-45d4-4974-85d0-5e0a8881e622", "scryfallIllustrationId": "7ef6dae3-efc0-4f58-a40f-6f170246fd3b", "scryfallOracleId": "176508ba-c107-4694-8dd7-ea34fca3b299", "tcgplayerProductId": "38366"}, "isPromo": true, "isReprint": true, "isStarter": true, "language": "English", "layout": "normal", "legalities": {"commander": "Legal", "duel": "Legal", "legacy": "Legal", "modern": "Legal", "vintage": "Legal"}, "manaCost": "{5}{G}{G}", "manaValue": 7.0, "name": "Allosaurus Rider", "number": "101★", "originalReleaseDate": "2006-07-08", "power": "1+*", "printings": ["CSP", "DD1", "EVG", "FMB1", "PCSP", "PRM"], "promoTypes": ["datestamped", "prerelease"], "purchaseUrls": {"cardKingdomFoil": "https://mtgjson.com/links/f0631005c9d1ed1c", "tcgplayer": "https://mtgjson.com/links/132bcf51c6c26b16"}, "rarity": "rare", "rulings": [{"date": "2006-07-15", "text": "Paying the alternative cost doesn’t change when you can cast the spell. A creature spell you cast this way, for example, can still only be cast during your main phase while the stack is empty."}, {"date": "2006-07-15", "text": "You may pay the alternative cost rather than the card’s mana cost. Any additional costs are paid as normal."}, {"date": "2006-07-15", "text": "If you don’t have two cards of the right color in your hand, you can’t choose to cast the spell using the alternative cost."}, {"date": "2006-07-15", "text": "You can’t exile a card from your hand to pay for itself. At the time you would pay costs, that card is on the stack, not in your hand."}], "setCode": "PCSP", "subtypes": ["Elf", "Warrior"], "supertypes": [], "text": "You may exile two green cards from your hand rather than pay this spell's mana cost.\nAllosaurus Rider's power and toughness are each equal to 1 plus the number of lands you control.", "toughness": "1+*", "type": "Creature — Elf Warrior", "types": ["Creature"], "uuid": "176b7bfd-f918-5757-8f16-4c60751ed2a5", "watermark": "set"}], "code": "PCSP", "isFoilOnly": true, "isOnlineOnly": false, "keyruneCode": "CSP", "name": "Coldsnap Promos", "parentCode": "CSP", "releaseDate": "2006-07-21", "tokens": [{"artist": "Stephan Martiniere", "availability": ["paper"], "borderColor": "black", "colorIdentity": ["B"], "colors": ["B"], "finishes": ["foil"], "frameVersion": "2003", "hasFoil": true, "hasNonFoil": false, "identifiers": {"mcmId": "17695", "mtgjsonV4Id": "b5123ae5-3080-5869-97d4-7dc0ab6f7156", "scryfallId": "8f5c3863-c876-48a8-9bc8-be20cd61074c", "scryfallIllustrationId": "75f2b602-76dd-448f-82d0-0f42c71830ec", "scryfallOracleId": "48e9147e-59f7-4693-83d7-7f514be871bc", "tcgplayerProductId": "78437"}, "isPromo": true, "isReprint": true, "keywords": ["Flying", "Indestructible"], "language": "English", "layout": "token", "name": "Marit Lage", "number": "1", "power": "20", "promoTypes": ["release"], "reverseRelated": ["Dark Depths", "Marit Lage's Slumber"], "setCode": "PCSP", "subtypes": ["Avatar"], "supertypes": ["Legendary"], "text": "Flying, indestructible", "toughness": "20", "type": "Token Legendary Creature — Avatar", "types": ["Token", "Creature"], "uuid": "f7f8466b-ba9f-54c9-afe2-d054c9d7b03b"}], "totalSetSize": 1, "translations": {}, "type": "promo"}}