{"meta": {"date": "2022-05-26", "version": "5.2.0+20220526"}, "data": {"baseSetSize": 2, "cards": [{"artist": "Kekai Kotaki", "availability": ["paper"], "borderColor": "black", "colorIdentity": ["B"], "colors": ["B"], "convertedManaCost": 5.0, "edhrecRank": 1677, "finishes": ["foil"], "foreignData": [], "frameVersion": "2003", "hasFoil": true, "hasNonFoil": false, "identifiers": {"cardKingdomFoilId": "185509", "cardsphereId": "15857", "mcmId": "244772", "mtgjsonV4Id": "f2173c1f-994f-5a95-8682-0984cea1133f", "scryfallId": "8a628087-9179-49eb-87a5-f67cfd0a814c", "scryfallIllustrationId": "f11dcdf3-eb95-4646-b6e3-042d2b1759da", "scryfallOracleId": "a6c05941-2cfb-4dac-a7c0-ab808187eb7c", "tcgplayerProductId": "48139"}, "isPromo": true, "isReprint": true, "isStarter": true, "language": "English", "layout": "normal", "leadershipSkills": {"brawl": false, "commander": false, "oathbreaker": true}, "legalities": {"commander": "Legal", "duel": "Legal", "legacy": "Legal", "modern": "Legal", "penny": "Legal", "pioneer": "Legal", "vintage": "Legal"}, "loyalty": "5", "manaCost": "{3}{B}{B}", "manaValue": 5.0, "name": "Liliana Vess", "number": "1", "printings": ["DDD", "GVL", "LRW", "M10", "M11", "M15", "PDP10", "PS14"], "promoTypes": ["duels"], "purchaseUrls": {"cardKingdomFoil": "https://mtgjson.com/links/08abc61d38b8390d", "tcgplayer": "https://mtgjson.com/links/14b360c2f4b1a68f"}, "rarity": "mythic", "rulings": [{"date": "2009-10-01", "text": "A “creature card” is any card with the type creature, even if it has other types such as artifact, enchantment, or land. Older cards of type summon are also creature cards."}], "setCode": "PDP10", "subtypes": ["Liliana"], "supertypes": ["Legendary"], "text": "[+1]: Target player discards a card.\n[−2]: Search your library for a card, then shuffle and put that card on top.\n[−8]: Put all creature cards from all graveyards onto the battlefield under your control.", "type": "Legendary Planeswalker — Liliana", "types": ["Planeswalker"], "uuid": "a8a8cdee-6071-53ac-b122-80e4171080fc"}, {"artist": "Jaime Jones", "availability": ["paper"], "borderColor": "black", "colorIdentity": ["G"], "colors": ["G"], "convertedManaCost": 4.0, "edhrecRank": 7962, "finishes": ["foil"], "foreignData": [], "frameVersion": "2003", "hasFoil": true, "hasNonFoil": false, "identifiers": {"cardKingdomFoilId": "132563", "cardsphereId": "15858", "mcmId": "241975", "mtgjsonV4Id": "9bbbda56-266f-513e-bcac-ab23aaf58a1c", "scryfallId": "4afe1f83-f53d-477d-8523-3e6fa8e51a0b", "scryfallIllustrationId": "a8fe31ec-797f-4143-8408-0b9f8d62d193", "scryfallOracleId": "113fc13a-6df9-4eed-b9d4-002a85a036a1", "tcgplayerProductId": "38327"}, "isPromo": true, "isReprint": true, "isStarter": true, "language": "English", "layout": "normal", "leadershipSkills": {"brawl": false, "commander": false, "oathbreaker": true}, "legalities": {"commander": "Legal", "duel": "Legal", "legacy": "Legal", "modern": "Legal", "penny": "Legal", "vintage": "Legal"}, "loyalty": "2", "manaCost": "{2}{G}{G}", "manaValue": 4.0, "name": "Nissa Revane", "number": "2", "printings": ["PDP10", "PLIST", "ZEN"], "promoTypes": ["duels"], "purchaseUrls": {"cardKingdomFoil": "https://mtgjson.com/links/0711b0985a5fd932", "tcgplayer": "https://mtgjson.com/links/f23a090b2f04f779"}, "rarity": "mythic", "rulings": [{"date": "2009-10-01", "text": "You may activate Nissa’s first ability even if you know you have no cards named Nissa’s Chosen in your library. You must still shuffle your library in that situation."}, {"date": "2009-10-01", "text": "You may activate Nissa’s second ability even if you control no Elves."}], "setCode": "PDP10", "subtypes": ["Nissa"], "supertypes": ["Legendary"], "text": "[+1]: Search your library for a card named Nissa's Chosen, put it onto the battlefield, then shuffle.\n[+1]: You gain 2 life for each Elf you control.\n[−7]: Search your library for any number of Elf creature cards, put them onto the battlefield, then shuffle.", "type": "Legendary Planeswalker — Nissa", "types": ["Planeswalker"], "uuid": "2aa0208c-bea4-5c2a-9413-8d19fbca80a4"}], "code": "PDP10", "isFoilOnly": true, "isOnlineOnly": false, "keyruneCode": "PMTG2", "name": "Duels of the Planeswalkers 2010 Promos", "releaseDate": "2010-01-01", "tokens": [], "totalSetSize": 2, "translations": {}, "type": "promo"}}