{"meta": {"date": "2022-05-26", "version": "5.2.0+20220526"}, "data": {"baseSetSize": 3, "cards": [{"artist": "Chase Stone", "availability": ["paper"], "borderColor": "black", "colorIdentity": ["G"], "colors": ["G"], "convertedManaCost": 2.0, "edhrecRank": 2652, "finishes": ["nonfoil"], "foreignData": [], "frameVersion": "2003", "hasFoil": false, "hasNonFoil": true, "identifiers": {"cardKingdomId": "188220", "cardsphereId": "15860", "mcmId": "256752", "mtgjsonV4Id": "78667c05-d9b0-5711-a373-82fb8195e930", "scryfallId": "fa3fc5bf-f20c-47d3-8bbe-4c1c774074fb", "scryfallIllustrationId": "651ccd98-1d1c-4fd0-b4ff-295100a67a5f", "scryfallOracleId": "1c36ed3a-c806-47e5-83f9-e44999c67fe5", "tcgplayerProductId": "72350"}, "isPromo": true, "isReprint": true, "isStarter": true, "language": "English", "layout": "normal", "legalities": {"commander": "Legal", "duel": "Legal", "legacy": "Legal", "modern": "Legal", "vintage": "Legal"}, "manaCost": "{X}{G}{G}", "manaValue": 2.0, "name": "Primordial Hydra", "number": "1", "power": "0", "printings": ["M12", "M13", "PDP13"], "promoTypes": ["duels"], "purchaseUrls": {"cardKingdom": "https://mtgjson.com/links/5d318d7362bee19e", "tcgplayer": "https://mtgjson.com/links/8df02e6bf0afacbd"}, "rarity": "mythic", "rulings": [{"date": "2011-09-22", "text": "Consider only the number of +1/+1 counters on Primordial Hydra when determining if it has trample, not its power and toughness. For example, a Primordial Hydra with six +1/+1 counters on it that’s been the target of Titanic Growth (giving it +4/+4) would not have trample."}], "setCode": "PDP13", "subtypes": ["Hydra"], "supertypes": [], "text": "Primordial Hydra enters the battlefield with X +1/+1 counters on it.\nAt the beginning of your upkeep, double the number of +1/+1 counters on Primordial Hydra.\nPrimordial Hydra has trample as long as it has ten or more +1/+1 counters on it.", "toughness": "0", "type": "Creature — Hydra", "types": ["Creature"], "uuid": "87a83e97-619f-57c5-a0ef-0df491f717d4"}, {"artist": "Igor Kieryluk", "availability": ["paper"], "borderColor": "black", "colorIdentity": ["W"], "colors": ["W"], "convertedManaCost": 7.0, "edhrecRank": 4277, "finishes": ["nonfoil"], "foreignData": [], "frameVersion": "2003", "hasFoil": false, "hasNonFoil": true, "identifiers": {"cardKingdomId": "188221", "cardsphereId": "15862", "mcmId": "256749", "mtgjsonV4Id": "1ac1ce82-00a9-5f86-b723-78e4d67e6fa4", "scryfallId": "5bfcfb4e-1d1a-49b2-810c-cdcde29a3bcf", "scryfallIllustrationId": "5f4bbb18-b835-45ad-b83b-e8882b59041c", "scryfallOracleId": "c363725f-15cf-4955-aaf1-536b1f8daaed", "tcgplayerProductId": "72351"}, "isPromo": true, "isReprint": true, "isStarter": true, "language": "English", "layout": "normal", "legalities": {"commander": "Legal", "duel": "Legal", "legacy": "Legal", "modern": "Legal", "penny": "Legal", "premodern": "Legal", "vintage": "Legal"}, "manaCost": "{4}{W}{W}{W}", "manaValue": 7.0, "name": "Serra Avatar", "number": "2", "power": "*", "printings": ["C13", "C14", "C18", "M13", "PDP13", "PRM", "PSUS", "USG", "WC00"], "promoTypes": ["duels"], "purchaseUrls": {"cardKingdom": "https://mtgjson.com/links/d06c6088d402835d", "tcgplayer": "https://mtgjson.com/links/a625a20dd7c25d40"}, "rarity": "mythic", "rulings": [{"date": "2008-10-01", "text": "Whether or not the ability triggers depends on if the Avatar has the ability while in the graveyard. If it doesn’t (thanks to Yixlid Jailer, for instance), then the ability won’t trigger. It doesn’t matter whether the Avatar had the ability in its previous zone (it will trigger even if it had been on the battlefield with Humility)."}, {"date": "2012-07-01", "text": "Serra Avatar’s power and toughness are constantly updated as your life total changes."}, {"date": "2012-07-01", "text": "The ability that defines Serra Avatar’s power and toughness works in all zones, not just the battlefield."}, {"date": "2012-07-01", "text": "If Serra Avatar is no longer in your graveyard when its triggered ability resolves, you won’t shuffle your library."}], "setCode": "PDP13", "subtypes": ["Avatar"], "supertypes": [], "text": "Serra Avatar's power and toughness are each equal to your life total.\nWhen Serra Avatar is put into a graveyard from anywhere, shuffle it into its owner's library.", "toughness": "*", "type": "Creature — Avatar", "types": ["Creature"], "uuid": "7c4484f5-c523-5711-8e34-d27333d793e2"}, {"artist": "Jason Felix", "availability": ["paper"], "borderColor": "black", "colorIdentity": ["B"], "colors": ["B"], "convertedManaCost": 4.0, "edhrecRank": 4392, "finishes": ["nonfoil"], "flavorText": "\"Your life will set with the sun.\"", "foreignData": [], "frameVersion": "2003", "hasFoil": false, "hasNonFoil": true, "identifiers": {"cardKingdomId": "188219", "cardsphereId": "15865", "mcmId": "256748", "mtgjsonV4Id": "5fc2c9bb-8cc0-5210-b2e2-d83d0b8b333e", "scryfallId": "3787d5c3-44dc-4d80-83dd-b1eb072baa82", "scryfallIllustrationId": "13d2d2b7-cc5f-4739-98b2-4e8348e9fe34", "scryfallOracleId": "2109c49e-dc81-4a10-8265-3cf8c90db523", "tcgplayerProductId": "72352"}, "isPromo": true, "isReprint": true, "isStarter": true, "language": "English", "layout": "normal", "legalities": {"commander": "Legal", "duel": "Legal", "legacy": "Legal", "modern": "Legal", "vintage": "Legal"}, "manaCost": "{1}{B}{B}{B}", "manaValue": 4.0, "name": "Vampire Nocturnus", "number": "3", "power": "3", "printings": ["M10", "M13", "PDP13", "PLIST", "PM10", "PRM"], "promoTypes": ["duels"], "purchaseUrls": {"cardKingdom": "https://mtgjson.com/links/afaee052035ff5e0", "tcgplayer": "https://mtgjson.com/links/f93e5289c27ef578"}, "rarity": "mythic", "rulings": [{"date": "2009-10-01", "text": "To work as an evasion ability, an attacking creature must already have flying when the declare blockers step begins. Once a creature has become blocked, giving it flying won’t change that."}, {"date": "2013-04-15", "text": "The top card of your library isn’t in your hand, so you can’t suspend it, cycle it, discard it, or activate any of its activated abilities."}, {"date": "2013-04-15", "text": "If the top card of your library changes while you’re casting a spell or activating an ability, the new top card won’t be revealed until you finish casting that spell or activating that ability."}, {"date": "2013-04-15", "text": "When playing with the top card of your library revealed, if an effect tells you to draw several cards, reveal each one before you draw it."}, {"date": "2013-07-01", "text": "If the top card of your library is black, Vampire Nocturnus will give itself +2/+1 and flying even if it’s somehow not a Vampire."}], "setCode": "PDP13", "subtypes": ["Vampire"], "supertypes": [], "text": "Play with the top card of your library revealed.\nAs long as the top card of your library is black, Vampire Nocturnus and other Vampire creatures you control get +2/+1 and have flying.", "toughness": "3", "type": "Creature — Vampire", "types": ["Creature"], "uuid": "4065fcae-4e12-57ce-95e8-a0cf9331c2b9"}], "code": "PDP13", "isFoilOnly": false, "isNonFoilOnly": true, "isOnlineOnly": false, "keyruneCode": "M13", "name": "Duels of the Planeswalkers 2013 Promos", "releaseDate": "2012-01-01", "tokens": [], "totalSetSize": 3, "translations": {}, "type": "promo"}}