{"meta": {"date": "2022-05-26", "version": "5.2.0+20220526"}, "data": {"baseSetSize": 269, "cards": [{"artist": "Lucas Graciano", "availability": ["paper"], "borderColor": "black", "colorIdentity": ["U"], "colors": ["U"], "convertedManaCost": 6.0, "edhrecRank": 15533, "finishes": ["foil"], "foreignData": [], "frameVersion": "2015", "hasFoil": true, "hasNonFoil": false, "identifiers": {"cardKingdomFoilId": "203135", "cardsphereId": "15863", "mcmId": "268113", "mtgjsonV4Id": "3d6ad105-3cd1-5461-9d72-979859461dac", "scryfallId": "d7649b77-486e-45e4-87c7-a1e6c8e652af", "scryfallIllustrationId": "6848b72c-d924-490e-810f-cf2713b85b0b", "scryfallOracleId": "eb014442-5935-4333-8078-ee4896dce653", "tcgplayerProductId": "92835"}, "isPromo": true, "isReprint": true, "isStarter": true, "keywords": ["Flying"], "language": "English", "layout": "normal", "legalities": {"commander": "Legal", "duel": "Legal", "legacy": "Legal", "modern": "Legal", "penny": "Legal", "pioneer": "Legal", "vintage": "Legal"}, "manaCost": "{4}{U}{U}", "manaValue": 6.0, "name": "Soul of Ravnica", "number": "1", "power": "6", "printings": ["M15", "PDP15"], "promoTypes": ["duels"], "purchaseUrls": {"cardKingdomFoil": "https://mtgjson.com/links/05020b723c15b006", "tcgplayer": "https://mtgjson.com/links/85252042f4985bad"}, "rarity": "mythic", "rulings": [{"date": "2014-07-18", "text": "You can activate the last ability only if the Soul is in your graveyard."}, {"date": "2014-07-18", "text": "Exiling the Soul from your graveyard is part of the last ability’s activation cost. A player can’t remove the Soul in response to prevent you from activating the ability."}, {"date": "2014-07-18", "text": "To determine how many cards to draw, count the number of colors among permanents you control as either activated ability resolves. You’ll draw between zero and five cards."}], "securityStamp": "oval", "setCode": "PDP15", "subtypes": ["Avatar"], "supertypes": [], "text": "Flying\n{5}{U}{U}: Draw a card for each color among permanents you control.\n{5}{U}{U}, Exile Soul of Ravnica from your graveyard: Draw a card for each color among permanents you control.", "toughness": "6", "type": "Creature — Avatar", "types": ["Creature"], "uuid": "7f0cf9b2-d30e-5fe1-ab97-3a204624ee14"}, {"artist": "Eytan Zana", "availability": ["paper"], "borderColor": "black", "colorIdentity": ["G"], "colors": ["G"], "convertedManaCost": 6.0, "edhrecRank": 9016, "finishes": ["foil"], "foreignData": [], "frameVersion": "2015", "hasFoil": true, "hasNonFoil": false, "identifiers": {"cardKingdomFoilId": "198984", "cardsphereId": "15864", "mcmId": "268112", "mtgjsonV4Id": "40000152-5a5a-56e6-bc54-6711911069b5", "scryfallId": "2c275a5f-ec89-4d0c-9183-cd657051fb5c", "scryfallIllustrationId": "5de83b54-fd7e-4f58-ba58-8386d2745216", "scryfallOracleId": "87217160-0687-4482-b9a3-91bad8527675", "tcgplayerProductId": "91648"}, "isPromo": true, "isReprint": true, "isStarter": true, "keywords": ["Reach"], "language": "English", "layout": "normal", "legalities": {"commander": "Legal", "duel": "Legal", "legacy": "Legal", "modern": "Legal", "penny": "Legal", "pioneer": "Legal", "vintage": "Legal"}, "manaCost": "{4}{G}{G}", "manaValue": 6.0, "name": "Soul of Zendikar", "number": "2", "power": "6", "printings": ["C19", "M15", "PDP15", "PLIST"], "promoTypes": ["duels"], "purchaseUrls": {"cardKingdomFoil": "https://mtgjson.com/links/f8301b5742e07f17", "tcgplayer": "https://mtgjson.com/links/8f03aa8740676e95"}, "rarity": "mythic", "rulings": [{"date": "2014-07-18", "text": "You can activate the last ability only if the Soul is in your graveyard."}, {"date": "2014-07-18", "text": "Exiling the Soul from your graveyard is part of the last ability’s activation cost. A player can’t remove the Soul in response to prevent you from activating the ability."}], "securityStamp": "oval", "setCode": "PDP15", "subtypes": ["Avatar"], "supertypes": [], "text": "Reach\n{3}{G}{G}: Create a 3/3 green Beast creature token.\n{3}{G}{G}, Exile Soul of Zendikar from your graveyard: Create a 3/3 green Beast creature token.", "toughness": "6", "type": "Creature — Avatar", "types": ["Creature"], "uuid": "81fbc224-69b2-5065-9eef-5a17fda89ae6"}], "code": "PDP15", "isFoilOnly": true, "isOnlineOnly": false, "keyruneCode": "M15", "name": "Duels of the Planeswalkers 2015 Promos", "releaseDate": "2014-01-01", "tokens": [], "totalSetSize": 2, "translations": {}, "type": "promo"}}