{"meta": {"date": "2022-05-26", "version": "5.2.0+20220526"}, "data": {"baseSetSize": 1, "block": "Mirrodin", "cards": [{"artist": "Donato Giancola", "availability": ["paper"], "borderColor": "black", "colorIdentity": [], "colors": [], "convertedManaCost": 4.0, "edhrecRank": 5898, "finishes": ["foil"], "foreignData": [], "frameVersion": "2003", "hasFoil": true, "hasNonFoil": false, "identifiers": {"cardKingdomFoilId": "117210", "cardsphereId": "37447", "mcmId": "17717", "mtgjsonV4Id": "46d73c48-44a7-5c87-8c16-e079ea88cb15", "multiverseId": "97055", "scryfallId": "d4e7f7e1-779e-46f1-afe5-ff0232b30dba", "scryfallIllustrationId": "3afcb3f0-1c34-4c79-9b2c-034e27678815", "scryfallOracleId": "4fdd570f-dbe0-486f-9843-f77f80956307", "tcgplayerProductId": "38397"}, "isPromo": true, "isReprint": true, "isStarter": true, "keywords": ["Equip"], "language": "English", "layout": "normal", "legalities": {"commander": "Legal", "duel": "Legal", "legacy": "Legal", "modern": "Legal", "penny": "Legal", "vintage": "Legal"}, "manaCost": "{4}", "manaValue": 4.0, "name": "Shield of Kaldra", "number": "139★", "originalReleaseDate": "2004-01-24", "printings": ["DST", "PDST", "PRM"], "promoTypes": ["datestamped", "prerelease"], "purchaseUrls": {"cardKingdomFoil": "https://mtgjson.com/links/c02b272d0b24f956", "tcgplayer": "https://mtgjson.com/links/4044967b7ffc0640"}, "rarity": "rare", "rulings": [], "setCode": "PDST", "subtypes": ["Equipment"], "supertypes": ["Legendary"], "text": "Equipment named Sword of Kaldra, Shield of Kaldra, and Helm of Kaldra have indestructible.\nEquipped creature has indestructible. (Damage and effects that say \"destroy\" don't destroy it.)\nEquip {4}", "type": "Legendary Artifact — Equipment", "types": ["Artifact"], "uuid": "8260fea1-3601-5d8f-9cc6-1a3fe81bbf42", "watermark": "set"}], "code": "PDST", "isFoilOnly": true, "isOnlineOnly": false, "keyruneCode": "DST", "name": "Darksteel Promos", "parentCode": "DST", "releaseDate": "2004-06-04", "tokens": [], "totalSetSize": 1, "translations": {}, "type": "promo"}}