{"meta": {"date": "2022-05-26", "version": "5.2.0+20220526"}, "data": {"baseSetSize": 1, "cards": [{"artist": "Nils Hamm", "availability": ["paper"], "borderColor": "black", "colorIdentity": ["G"], "colors": ["G"], "convertedManaCost": 4.0, "edhrecRank": 2059, "finishes": ["foil"], "foreignData": [], "frameVersion": "2003", "hasFoil": true, "hasNonFoil": false, "identifiers": {"cardKingdomFoilId": "131146", "cardsphereId": "15854", "mcmId": "21034", "mtgjsonV4Id": "c4ff007e-597c-52c5-84bc-80f9f1e5c8ae", "scryfallId": "b86ac828-7b49-4663-a718-99fcac904568", "scryfallIllustrationId": "faa3fdd6-6a7a-4612-9558-1a338dd0cf2b", "scryfallOracleId": "186b4def-4fff-4a2b-bcbf-5318b0ac5fa9", "tcgplayerProductId": "38353"}, "isPromo": true, "isReprint": true, "isStarter": true, "language": "English", "layout": "normal", "leadershipSkills": {"brawl": false, "commander": false, "oathbreaker": true}, "legalities": {"commander": "Legal", "duel": "Legal", "legacy": "Legal", "modern": "Legal", "penny": "Legal", "vintage": "Legal"}, "loyalty": "3", "manaCost": "{2}{G}{G}", "manaValue": 4.0, "name": "Garruk Wildspeaker", "number": "1", "printings": ["CMD", "DDD", "GVL", "LRW", "M10", "M11", "PDTP", "PRM"], "promoTypes": ["duels"], "purchaseUrls": {"cardKingdomFoil": "https://mtgjson.com/links/9ef96e9e778c4962", "tcgplayer": "https://mtgjson.com/links/ae5bba9a41fad2d4"}, "rarity": "mythic", "rulings": [{"date": "2009-10-01", "text": "The third ability affects only creatures you control at the time it resolves. It won’t affect creatures that come under your control later in the turn."}, {"date": "2009-10-01", "text": "The first ability can target any two lands. They don’t have to be tapped."}], "setCode": "PDTP", "subtypes": ["Garruk"], "supertypes": ["Legendary"], "text": "[+1]: Untap two target lands.\n[−1]: Create a 3/3 green Beast creature token.\n[−4]: Creatures you control get +3/+3 and gain trample until end of turn.", "type": "Legendary Planeswalker — Garruk", "types": ["Planeswalker"], "uuid": "d34d5ae6-c6f8-52c9-bbda-b6bff410059d"}], "code": "PDTP", "isFoilOnly": true, "isOnlineOnly": false, "keyruneCode": "PXBOX", "name": "Duels of the Planeswalkers 2009 Promos", "releaseDate": "2009-01-01", "tokens": [], "totalSetSize": 1, "translations": {}, "type": "promo"}}