{"meta": {"date": "2022-05-26", "version": "5.2.0+20220526"}, "data": {"baseSetSize": 1, "block": "Tempest", "cards": [{"artist": "Dermot Power", "availability": ["paper"], "borderColor": "black", "colorIdentity": ["R"], "colors": ["R"], "convertedManaCost": 4.0, "edhrecRank": 22177, "finishes": ["nonfoil"], "flavorText": "\"Stay.\"", "foreignData": [], "frameVersion": "1997", "hasFoil": false, "hasNonFoil": true, "identifiers": {"cardKingdomId": "125567", "cardsphereId": "37341", "mcmId": "17698", "mtgjsonV4Id": "904f6bb9-c6b3-5ede-b970-a6e2d2843831", "multiverseId": "97049", "scryfallId": "7ae4162d-e080-4db1-912f-d53674c76170", "scryfallIllustrationId": "dc6a0111-aa67-4643-ab21-6b20a0d726d3", "scryfallOracleId": "97589fbb-3bd9-49c9-b8d8-bdc895a7f1e6", "tcgplayerProductId": "21697"}, "isPromo": true, "isReprint": true, "isStarter": true, "language": "English", "layout": "normal", "legalities": {"commander": "Legal", "duel": "Legal", "legacy": "Legal", "penny": "Legal", "premodern": "Legal", "vintage": "Legal"}, "manaCost": "{3}{R}", "manaValue": 4.0, "name": "Monstrous Hound", "number": "89", "originalReleaseDate": "1998-06-01", "power": "4", "printings": ["EXO", "PEXO", "PRM"], "promoTypes": ["datestamped", "prerelease"], "purchaseUrls": {"cardKingdom": "https://mtgjson.com/links/6de877e03ed202a6", "tcgplayer": "https://mtgjson.com/links/ab15b46a5361f68f"}, "rarity": "rare", "rulings": [], "setCode": "PEXO", "subtypes": ["Dog"], "supertypes": [], "text": "Monstrous Hound can't attack unless you control more lands than defending player.\nMonstrous Hound can't block unless you control more lands than attacking player.", "toughness": "4", "type": "Creature — Dog", "types": ["Creature"], "uuid": "6a8182bc-bb9b-5939-9587-cee1d681b8e4"}], "code": "PEXO", "isFoilOnly": false, "isNonFoilOnly": true, "isOnlineOnly": false, "keyruneCode": "EXO", "name": "Exodus Promos", "parentCode": "EXO", "releaseDate": "1998-06-15", "tokens": [], "totalSetSize": 1, "translations": {}, "type": "promo"}}