{"meta": {"date": "2022-05-26", "version": "5.2.0+20220526"}, "data": {"baseSetSize": 1, "cards": [{"artist": "Andreas Rocha", "availability": ["paper"], "borderColor": "black", "colorIdentity": [], "colors": [], "convertedManaCost": 0.0, "edhrecRank": 49, "finishes": ["nonfoil"], "foreignData": [], "frameVersion": "2015", "hasFoil": false, "hasNonFoil": true, "identifiers": {"cardKingdomId": "257504", "mcmId": "587460", "mtgjsonV4Id": "9414d2d1-88ec-5401-a87d-04f7481a95c6", "scryfallId": "116ca4c6-394e-42d9-bbef-def35e7dbed5", "scryfallIllustrationId": "2878d9ce-b583-4c97-8cbe-16cde0dd63e5", "scryfallOracleId": "b473e293-59e3-4e04-acf2-622604aeb25f", "tcgplayerProductId": "257493"}, "isPromo": true, "isReprint": true, "isStarter": true, "keywords": ["Scry"], "language": "English", "layout": "normal", "legalities": {"commander": "Legal", "duel": "Legal", "legacy": "Legal", "pauper": "Legal", "paupercommander": "Legal", "penny": "Legal", "vintage": "Legal"}, "manaValue": 0.0, "name": "Path of Ancestry", "number": "1", "originalReleaseDate": "2021-12-18", "printings": ["AFC", "C17", "C20", "CMR", "KHC", "MIC", "NCC", "PF21", "PHED", "PRM", "PZ2", "SLD", "VOC"], "purchaseUrls": {"cardKingdom": "https://mtgjson.com/links/bbf7d91293acfbf8", "tcgplayer": "https://mtgjson.com/links/7e8505fc32bd06f4"}, "rarity": "rare", "rulings": [{"date": "2020-11-10", "text": "If you don't have a commander, Path of Ancestry's ability produces no mana."}, {"date": "2020-11-10", "text": "If you have two commanders, the last ability adds one mana of any color in their combined color identities."}, {"date": "2020-11-10", "text": "Your commander's creature types are checked immediately after you cast a creature spell spending mana from Path of Ancestry's last ability. They aren't set before the game begins, and they may not be the same types your commander had when you activated that ability. Notably, if your commander is in a hidden zone (like the hand or library) or is phased out, it's considered to have no creature types."}, {"date": "2020-11-10", "text": "If your commander is a card that has no colors in its color identity, Path of Ancestry's ability produces no mana. It doesn't produce {C}."}, {"date": "2020-11-10", "text": "If you cast your commander with mana from Path of Ancestry, and your commander hasn't somehow lost all of its creature types while on the stack, you'll scry 1."}, {"date": "2020-11-10", "text": "If your commander has no creature types, it can't share a creature type with any spell that you cast."}, {"date": "2020-11-10", "text": "If Path of Ancestry's last ability produces two mana (most likely due to Mana Reflection), spending those two mana to cast creature spells that share a creature type with your commander will cause two abilities to trigger. Each of those abilities will cause you to scry 1. You won't scry 2. This is true whether you spend the mana on one creature spell or two."}], "securityStamp": "oval", "setCode": "PF21", "subtypes": [], "supertypes": [], "text": "Path of Ancestry enters the battlefield tapped.\n{T}: Add one mana of any color in your commander's color identity. When that mana is spent to cast a creature spell that shares a creature type with your commander, scry 1. (Look at the top card of your library. You may put that card on the bottom of your library.)", "type": "Land", "types": ["Land"], "uuid": "17907dba-e391-57c7-93f4-aebc31a15a61"}], "code": "PF21", "isFoilOnly": false, "isNonFoilOnly": true, "isOnlineOnly": false, "keyruneCode": "PMEI", "name": "MagicFest 2021", "releaseDate": "2021-01-01", "tokens": [], "totalSetSize": 1, "translations": {}, "type": "promo"}}