{"meta": {"date": "2022-05-26", "version": "5.2.0+20220526"}, "data": {"baseSetSize": 9, "cards": [{"artist": "Rebecca Guay", "availability": ["paper"], "borderColor": "black", "colorIdentity": ["U"], "colors": ["U"], "convertedManaCost": 2.0, "edhrecRank": 5544, "finishes": ["foil"], "flavorText": "\"Returne from whence ye came. . . .\"\n—Edmund Spenser, *The Faerie Queene*", "foreignData": [], "frameVersion": "2003", "hasFoil": true, "hasNonFoil": false, "identifiers": {"cardKingdomFoilId": "125659", "cardsphereId": "47002", "mcmId": "17559", "mtgjsonV4Id": "fb85680c-f613-5722-ab9f-b3b3c7d0e494", "scryfallId": "40eb66bd-4276-4475-b725-a45c535d03bf", "scryfallIllustrationId": "de1912d2-7fb2-4062-8881-1789a95e9277", "scryfallOracleId": "dc4a4996-108a-4aac-850f-2d9f76403446", "tcgplayerProductId": "38188"}, "isPromo": true, "isReprint": true, "isStarter": true, "language": "English", "layout": "normal", "legalities": {"commander": "Legal", "duel": "Legal", "legacy": "Legal", "modern": "Legal", "pauper": "Legal", "paupercommander": "Legal", "penny": "Legal", "premodern": "Legal", "vintage": "Legal"}, "manaCost": "{U}{U}", "manaValue": 2.0, "name": "Boomerang", "number": "4", "printings": ["10E", "5ED", "6ED", "7ED", "8ED", "9ED", "CHR", "DPA", "LEG", "ME3", "MIR", "PG07", "PRM", "PS11", "PSAL"], "promoTypes": ["gateway"], "purchaseUrls": {"cardKingdomFoil": "https://mtgjson.com/links/178ebc366b9e27e7", "tcgplayer": "https://mtgjson.com/links/7e73f7abdc0abfc3"}, "rarity": "rare", "rulings": [], "setCode": "PG07", "subtypes": [], "supertypes": [], "text": "Return target permanent to its owner's hand.", "type": "Instant", "types": ["Instant"], "uuid": "e0be4554-a17c-5a6f-98a5-d7fffd4e59b1", "watermark": "mtg"}, {"artist": "Dave Kendall", "availability": ["paper"], "borderColor": "black", "colorIdentity": ["W"], "colors": ["W"], "convertedManaCost": 4.0, "edhrecRank": 21186, "finishes": ["foil"], "foreignData": [], "frameVersion": "2003", "hasFoil": true, "hasNonFoil": false, "identifiers": {"cardKingdomFoilId": "126612", "cardsphereId": "47003", "mcmId": "17558", "mtgjsonV4Id": "124049dc-7984-5680-9273-c65e44e3b807", "scryfallId": "387adc65-5d18-4291-85b1-f49f556781c7", "scryfallIllustrationId": "7075d003-28e9-45cb-8e64-ecfa9b0802d7", "scryfallOracleId": "329d53eb-d443-4376-ae5a-4be7dfb1fc91", "tcgplayerProductId": "38189"}, "isPromo": true, "isReprint": true, "isStarter": true, "keywords": ["Shroud", "Vanishing"], "language": "English", "layout": "normal", "legalities": {"commander": "Legal", "duel": "Legal", "legacy": "Legal", "modern": "Legal", "paupercommander": "Restricted", "penny": "Legal", "vintage": "Legal"}, "manaCost": "{2}{W}{W}", "manaValue": 4.0, "name": "Calciderm", "number": "5", "power": "5", "printings": ["EMA", "PG07", "PLC", "PRM", "TSR"], "promoTypes": ["gateway"], "purchaseUrls": {"cardKingdomFoil": "https://mtgjson.com/links/4746eaa080934180", "tcgplayer": "https://mtgjson.com/links/a638494753e3c6b2"}, "rarity": "rare", "rulings": [], "setCode": "PG07", "subtypes": ["Beast"], "supertypes": [], "text": "Shroud (This creature can't be the target of spells or abilities.)\nVanishing 4 (This creature enters the battlefield with four time counters on it. At the beginning of your upkeep, remove a time counter from it. When the last is removed, sacrifice it.)", "toughness": "5", "type": "Creature — Beast", "types": ["Creature"], "uuid": "f6f0712c-3250-518a-ba47-9c49f7cfa175", "watermark": "dci"}, {"artist": "Greg Staples", "availability": ["paper"], "borderColor": "black", "colorIdentity": ["R"], "colors": ["R"], "convertedManaCost": 5.0, "edhrecRank": 6826, "finishes": ["foil"], "flavorText": "Bred for battle in the Grand Coliseum, these wurms annihilated whole ecosystems when released into the wild.", "foreignData": [], "frameVersion": "2003", "hasFoil": true, "hasNonFoil": false, "identifiers": {"cardKingdomFoilId": "126620", "cardsphereId": "47036", "mcmId": "17561", "mtgjsonV4Id": "e72c9303-4d6b-5424-9642-2ce74fd6ee91", "scryfallId": "ce03bef4-c438-498e-a02f-86f199ae73e9", "scryfallIllustrationId": "b96f7890-8c1e-46ff-8f7a-dd3c12601724", "scryfallOracleId": "c9159396-81d3-4f81-88b4-dda163ff4b74", "tcgplayerProductId": "38206"}, "isPromo": true, "isReprint": true, "isStarter": true, "keywords": ["Madness", "Trample"], "language": "English", "layout": "normal", "legalities": {"commander": "Legal", "duel": "Legal", "gladiator": "Legal", "historic": "Legal", "historicbrawl": "Legal", "legacy": "Legal", "modern": "Legal", "pauper": "Legal", "paupercommander": "Legal", "penny": "Legal", "vintage": "Legal"}, "manaCost": "{3}{R}{R}", "manaValue": 5.0, "name": "Reckless Wurm", "number": "6", "power": "4", "printings": ["J21", "MB1", "PG07", "PLC", "PRM", "TSR", "UMA"], "promoTypes": ["gateway"], "purchaseUrls": {"cardKingdomFoil": "https://mtgjson.com/links/f7e35a1543207160", "tcgplayer": "https://mtgjson.com/links/76430a70930f24e3"}, "rarity": "rare", "rulings": [], "setCode": "PG07", "subtypes": ["Wurm"], "supertypes": [], "text": "Trample\nMadness {2}{R} (If you discard this card, discard it into exile. When you do, cast it for its madness cost or put it into your graveyard.)", "toughness": "4", "type": "Creature — Wurm", "types": ["Creature"], "uuid": "adf010cb-4703-5476-87aa-430f54bd071d", "watermark": "dci"}, {"artist": "Alex Horley-Orlandelli", "availability": ["paper"], "borderColor": "black", "colorIdentity": ["B"], "colors": ["B"], "convertedManaCost": 2.0, "edhrecRank": 15460, "finishes": ["foil"], "flavorText": "He holds the keys to a tombful of incarcerated secrets.", "foreignData": [], "frameVersion": "2003", "hasFoil": true, "hasNonFoil": false, "identifiers": {"cardKingdomFoilId": "125572", "cardsphereId": "47054", "mcmId": "17560", "mtgjsonV4Id": "52e2aaa1-a678-5e8a-a7df-b5e8f5a9727e", "scryfallId": "b17c6589-69ec-46a1-be2d-0fb7c07a7f68", "scryfallIllustrationId": "5644f979-6bef-4792-beef-60f44991147f", "scryfallOracleId": "1f55303e-1369-4e42-9ed4-36609887c7c1", "tcgplayerProductId": "38213"}, "isPromo": true, "isReprint": true, "isStarter": true, "language": "English", "layout": "normal", "legalities": {"commander": "Legal", "duel": "Legal", "legacy": "Legal", "modern": "Legal", "paupercommander": "Restricted", "penny": "Legal", "vintage": "Legal"}, "manaCost": "{1}{B}", "manaValue": 2.0, "name": "Yixlid Jailer", "number": "7", "power": "2", "printings": ["FUT", "PG07", "PRM", "TSR"], "promoTypes": ["gateway"], "purchaseUrls": {"cardKingdomFoil": "https://mtgjson.com/links/b490507ea9423c94", "tcgplayer": "https://mtgjson.com/links/125c3fa3669512e8"}, "rarity": "rare", "rulings": [{"date": "2021-03-19", "text": "If an ability triggers when the object that has it is put into a graveyard from the battlefield, that ability triggers from the battlefield and isn’t affected by Yixlid Jailer."}, {"date": "2021-03-19", "text": "If an ability triggers when the object that has it is put into a graveyard from anywhere other than the battlefield, such as Krosan Tusker or Narcomoeba, that ability triggers from the graveyard. Yixlid Jailer stops those abilities from triggering at all. This includes abilities that trigger when a card is put into a graveyard “from anywhere,” even if that card was on the battlefield."}, {"date": "2021-03-19", "text": "Some replacement effects cause a card to be put somewhere else instead of being put into a graveyard (such as that of Darksteel Colossus). These effects mean the card is never actually put into the graveyard, so Yixlid Jailer doesn’t affect that ability."}, {"date": "2021-03-19", "text": "Some cards have abilities that apply “as [this card] enters the battlefield” or state that “[this card] enters the battlefield with” counters. Although these cards won’t have these abilities in the graveyard, they will be applied if the cards are put onto the battlefield from the graveyard (due to Zombify, perhaps). What matters is that these cards will have these abilities on the battlefield."}, {"date": "2021-03-19", "text": "If a card with changeling is in a graveyard, it still has all creature types."}, {"date": "2021-03-19", "text": "If a card in a graveyard has an ability that defines a * in its power or toughness, that * is 0. For example, Tarmogoyf is a 0/1 creature card in your graveyard while you control Yixlid Jailer."}, {"date": "2021-03-19", "text": "If a spell or ability allows you to cast a spell from your graveyard, the first step in doing so is to move it to the stack. That spell’s additional and alternative costs may be applied. However, if a card’s own ability allows you to cast it from your graveyard (such as a flashback ability) Yixlid Jailer stops that ability."}], "setCode": "PG07", "subtypes": ["Zombie", "Wizard"], "supertypes": [], "text": "Cards in graveyards lose all abilities.", "toughness": "1", "type": "Creature — Zombie Wizard", "types": ["Creature"], "uuid": "777552c0-361c-51e5-bee3-58e06b79d67e", "watermark": "dci"}, {"artist": "Martina Pilcerova", "availability": ["paper"], "borderColor": "black", "colorIdentity": [], "colors": [], "convertedManaCost": 0.0, "edhrecRank": 4702, "finishes": ["foil"], "flavorText": "Nothing lives within it, yet there is life.", "foreignData": [], "frameVersion": "2003", "hasFoil": true, "hasNonFoil": false, "identifiers": {"cardKingdomFoilId": "125309", "cardsphereId": "47055", "mcmId": "17562", "mtgjsonV4Id": "317017c5-23e4-5071-9fdb-cdd07448f545", "scryfallId": "70d94a4d-e14a-46ee-978f-7d6164ea990f", "scryfallIllustrationId": "8f6d5845-1935-4093-abf8-7850396877ad", "scryfallOracleId": "3763de30-28e1-4689-a71c-07d2fea3a466", "tcgplayerProductId": "38214"}, "isPromo": true, "isReprint": true, "isStarter": true, "keywords": ["Morph"], "language": "English", "layout": "normal", "legalities": {"commander": "Legal", "duel": "Legal", "legacy": "Legal", "modern": "Legal", "penny": "Legal", "vintage": "Legal"}, "manaValue": 0.0, "name": "Zoetic Cavern", "number": "8", "printings": ["A25", "C14", "C15", "CMA", "CMD", "FUT", "PG07", "PRM"], "promoTypes": ["gateway"], "purchaseUrls": {"cardKingdomFoil": "https://mtgjson.com/links/00ed98154d5e3288", "tcgplayer": "https://mtgjson.com/links/2a43c1c3e8ae9668"}, "rarity": "rare", "rulings": [{"date": "2018-03-16", "text": "When Zoetic Cavern is turned face up, any Auras on it that can’t legally enchant it will be put into their owners’ graveyards. Any Equipment will become unattached and remain on the battlefield. Any counters on it will remain on it."}, {"date": "2018-03-16", "text": "If Blood Moon is on the battlefield and a player controls a face-down Zoetic Cavern, it can’t be turned face up since it won’t have a morph cost."}], "setCode": "PG07", "subtypes": [], "supertypes": [], "text": "{T}: Add {C}.\nMorph {2} (You may cast this card face down as a 2/2 creature for {3}. Turn it face up any time for its morph cost.)", "type": "Land", "types": ["Land"], "uuid": "c8b06828-7365-5611-b178-0c1f537072d3", "watermark": "dci"}, {"artist": "Anson Maddocks", "availability": ["paper"], "borderColor": "black", "colorIdentity": ["G"], "colors": ["G"], "convertedManaCost": 1.0, "edhrecRank": 55, "finishes": ["foil"], "flavorText": "Whenever the Llanowar elves gather the fruits of their forest, they leave one plant of each type untouched, considering that nature's portion.", "foreignData": [], "frameVersion": "2003", "hasFoil": true, "hasNonFoil": false, "identifiers": {"cardKingdomFoilId": "126150", "cardsphereId": "47023", "mcmId": "18753", "mtgjsonV4Id": "7630fc16-ac0b-5205-b4d0-500498655858", "scryfallId": "3412a5a9-f3dd-4f23-b588-d3b7fd3a382e", "scryfallIllustrationId": "0593112b-9ba0-4524-a853-52f954cd60f1", "scryfallOracleId": "68954295-54e3-4303-a6bc-fc4547a4e3a3", "tcgplayerProductId": "38201"}, "isPromo": true, "isReprint": true, "isStarter": true, "language": "English", "layout": "normal", "legalities": {"commander": "Legal", "duel": "Legal", "explorer": "Legal", "gladiator": "Legal", "historic": "Legal", "historicbrawl": "Legal", "legacy": "Legal", "modern": "Legal", "pauper": "Legal", "paupercommander": "Legal", "penny": "Legal", "pioneer": "Legal", "premodern": "Legal", "vintage": "Legal"}, "manaCost": "{G}", "manaValue": 1.0, "name": "Llanowar Elves", "number": "9", "power": "1", "printings": ["10E", "2ED", "3ED", "4BB", "4ED", "5ED", "6ED", "7ED", "9ED", "ATH", "BRB", "BTD", "C14", "CED", "CEI", "CMA", "DD1", "DOM", "EMA", "EVG", "FBB", "FNM", "GNT", "LEA", "LEB", "M10", "M11", "M12", "M19", "MB1", "PANA", "PDOM", "PG07", "PRM", "PTC", "SUM", "WC00", "WC01", "WC02", "WC99"], "promoTypes": ["gateway"], "purchaseUrls": {"cardKingdomFoil": "https://mtgjson.com/links/327eaf6597f49abb", "tcgplayer": "https://mtgjson.com/links/ee04e55a013d9cf3"}, "rarity": "rare", "rulings": [], "setCode": "PG07", "subtypes": ["Elf", "Druid"], "supertypes": [], "text": "{T}: Add {G}.", "toughness": "1", "type": "Creature — Elf Druid", "types": ["Creature"], "uuid": "9476f20e-0e3b-5a25-8580-53e5c7f4a764", "watermark": "mtg"}, {"artist": "Nils Hamm", "availability": ["paper"], "borderColor": "black", "colorIdentity": ["R"], "colors": ["R"], "convertedManaCost": 1.0, "edhrecRank": 5570, "finishes": ["foil"], "flavorText": "\"As if his chest had been a mortar, he burst his hot heart's shell upon it.\"\n—Herman Melville, *Moby Dick*", "foreignData": [], "frameVersion": "2003", "hasFoil": true, "hasNonFoil": false, "identifiers": {"cardKingdomFoilId": "125156", "cardsphereId": "47029", "mcmId": "18755", "mtgjsonV4Id": "9e30bdb9-1367-5824-ab22-8db0093fb28a", "scryfallId": "e4d0f23d-1ae5-4ba6-8c05-e98ca250f365", "scryfallIllustrationId": "f5ff7515-f001-4cad-9626-e10aa7f6a8c6", "scryfallOracleId": "7efd5d62-6da2-428a-98e3-5b842f668656", "tcgplayerProductId": "38203"}, "isPromo": true, "isReprint": true, "isStarter": true, "language": "English", "layout": "normal", "legalities": {"commander": "Legal", "duel": "Legal", "legacy": "Legal", "modern": "Legal", "pauper": "Legal", "paupercommander": "Legal", "penny": "Legal", "premodern": "Legal", "vintage": "Legal"}, "manaCost": "{R}", "manaValue": 1.0, "name": "Mogg Fanatic", "number": "10", "power": "1", "printings": ["10E", "ATH", "DD1", "EMA", "EVG", "F02", "MB1", "PD2", "PG07", "PRM", "TMP", "TPR", "WC98", "WC99"], "promoTypes": ["gateway"], "purchaseUrls": {"cardKingdomFoil": "https://mtgjson.com/links/d6780340d4d8469b", "tcgplayer": "https://mtgjson.com/links/7c9cb8ba267fbeb1"}, "rarity": "rare", "rulings": [{"date": "2016-06-08", "text": "Once Mogg Fanatic has dealt and been dealt combat damage, it’s too late to activate its ability before it’s destroyed."}], "setCode": "PG07", "subtypes": ["Goblin"], "supertypes": [], "text": "Sacrifice Mogg Fanatic: It deals 1 damage to any target.", "toughness": "1", "type": "Creature — Goblin", "types": ["Creature"], "uuid": "3f91ea87-0027-57aa-9ead-2f14d44d7b7b", "watermark": "dci"}, {"artist": "Martina Pilcerova", "availability": ["paper"], "borderColor": "black", "colorIdentity": [], "colors": [], "convertedManaCost": 2.0, "edhrecRank": 19, "finishes": ["foil"], "flavorText": "\"Except our own thoughts, there is nothing absolutely in our power.\"\n—Rene Descartes, *Discourse on Method*", "foreignData": [], "frameVersion": "2003", "hasFoil": true, "hasNonFoil": false, "identifiers": {"cardKingdomFoilId": "125563", "mcmId": "18754", "mtgjsonV4Id": "7b8858f0-9450-54c6-baf6-1d2272a7fb4a", "scryfallId": "679d884f-4511-4267-89b9-9d350255ef32", "scryfallIllustrationId": "506083b8-e8de-477b-8ac9-84db23c8330a", "scryfallOracleId": "c97361b5-af16-4a7b-af85-a429dbaf4ad2", "tcgplayerProductId": "38202"}, "isPromo": true, "isReprint": true, "isStarter": true, "language": "English", "layout": "normal", "legalities": {"commander": "Legal", "duel": "Legal", "gladiator": "Legal", "historic": "Legal", "historicbrawl": "Legal", "legacy": "Legal", "modern": "Legal", "pauper": "Legal", "paupercommander": "Legal", "premodern": "Legal", "vintage": "Legal"}, "manaCost": "{2}", "manaValue": 2.0, "name": "Mind Stone", "number": "11", "printings": ["10E", "AFC", "C14", "C15", "C18", "C21", "CLB", "CM2", "DD2", "DDP", "HA1", "IMA", "JVC", "KHC", "MB1", "PG07", "PHED", "PRM", "PW21", "WC97", "WTH", "ZNC"], "promoTypes": ["gateway"], "purchaseUrls": {"cardKingdomFoil": "https://mtgjson.com/links/d7922696c9eddd3c", "tcgplayer": "https://mtgjson.com/links/60bdaa3b3d34252b"}, "rarity": "rare", "rulings": [], "setCode": "PG07", "subtypes": [], "supertypes": [], "text": "{T}: Add {C}.\n{1}, {T}, Sacrifice Mind Stone: Draw a card.", "type": "Artifact", "types": ["Artifact"], "uuid": "432281c0-5b8f-5078-b617-2feea667f87e", "watermark": "dci"}, {"artist": "Jeremy Jarvis", "availability": ["paper"], "borderColor": "black", "colorIdentity": ["G"], "colors": ["G"], "convertedManaCost": 4.0, "edhrecRank": 9590, "finishes": ["foil"], "foreignData": [], "frameVersion": "2003", "hasFoil": true, "hasNonFoil": false, "identifiers": {"cardKingdomFoilId": "126156", "cardsphereId": "42925", "mcmId": "19971", "mtgjsonV4Id": "0d10eae1-3203-5e77-acf7-04662e819a9c", "scryfallId": "bad809d0-82a5-4bb0-bef2-465205879a8d", "scryfallIllustrationId": "ce8d9e94-bbd4-4a2f-a6c9-2dca5bd0e106", "scryfallOracleId": "3fd25479-b65c-48f7-bb74-95d49af65ac1", "tcgplayerProductId": "38191"}, "isPromo": true, "isReprint": true, "isStarter": true, "language": "English", "layout": "normal", "legalities": {"commander": "Legal", "duel": "Legal", "legacy": "Legal", "modern": "Legal", "penny": "Legal", "vintage": "Legal"}, "manaCost": "{3}{G}", "manaValue": 4.0, "name": "Dauntless Dourbark", "number": "12", "power": "*", "printings": ["LRW", "PG07", "PRM"], "promoTypes": ["gateway"], "purchaseUrls": {"cardKingdomFoil": "https://mtgjson.com/links/131856e1d1570861", "tcgplayer": "https://mtgjson.com/links/18ee9b79c94de3bb"}, "rarity": "rare", "rulings": [{"date": "2007-10-01", "text": "Dauntless Dourbark counts itself when determining its power and toughness."}, {"date": "2007-10-01", "text": "A permanent that’s both a Forest and a Treefolk will be counted twice when determining Dauntless Dourbark’s power and toughness."}], "setCode": "PG07", "subtypes": ["Treefolk", "Warrior"], "supertypes": [], "text": "Dauntless Dourbark's power and toughness are each equal to the number of Forests you control plus the number of Treefolk you control.\nDauntless Dourbark has trample as long as you control another Treefolk.", "toughness": "*", "type": "Creature — Treefolk Warrior", "types": ["Creature"], "uuid": "59efdba1-25d8-56b0-8b82-d17839e19ff3", "watermark": "dci"}], "code": "PG07", "isFoilOnly": true, "isOnlineOnly": false, "keyruneCode": "PARL", "name": "Gateway 2007", "releaseDate": "2007-01-01", "tokens": [], "totalSetSize": 9, "translations": {}, "type": "promo"}}