{"meta": {"date": "2022-05-26", "version": "5.2.0+20220526"}, "data": {"baseSetSize": 8, "cards": [{"artist": "Ray Lago", "availability": ["paper"], "borderColor": "black", "colorIdentity": ["R"], "colors": ["R"], "convertedManaCost": 5.0, "edhrecRank": 13022, "finishes": ["foil"], "flavorText": "\"Catch!\"", "foreignData": [], "frameVersion": "2003", "hasFoil": true, "hasNonFoil": false, "identifiers": {"cardKingdomFoilId": "126151", "cardsphereId": "47021", "mcmId": "19005", "mtgjsonV4Id": "ca98ee1e-42fe-5244-8502-e561e341e47e", "scryfallId": "c6a4ed5b-56fc-4d5c-a378-68406667310d", "scryfallIllustrationId": "11568d1f-d512-4e70-89f2-796670d133ed", "scryfallOracleId": "387b6b07-a283-412d-94c3-f7f1dc76e858", "tcgplayerProductId": "38199"}, "isPromo": true, "isReprint": true, "isStarter": true, "language": "English", "layout": "normal", "legalities": {"commander": "Legal", "duel": "Legal", "explorer": "Legal", "gladiator": "Legal", "historic": "Legal", "historicbrawl": "Legal", "legacy": "Legal", "modern": "Legal", "pauper": "Legal", "paupercommander": "Legal", "penny": "Legal", "pioneer": "Legal", "premodern": "Legal", "vintage": "Legal"}, "manaCost": "{4}{R}", "manaValue": 5.0, "name": "Lava Axe", "number": "13", "printings": ["10E", "7ED", "8ED", "9ED", "BTD", "M10", "M11", "M12", "M14", "M15", "M19", "P02", "PG08", "POR", "PRM", "PS11", "S00", "S99", "ULG"], "promoTypes": ["gateway"], "purchaseUrls": {"cardKingdomFoil": "https://mtgjson.com/links/53e5f357bcf2780a", "tcgplayer": "https://mtgjson.com/links/1a6e8489d42cc48d"}, "rarity": "rare", "rulings": [], "setCode": "PG08", "subtypes": [], "supertypes": [], "text": "Lava Axe deals 5 damage to target player or planeswalker.", "type": "Sorcery", "types": ["Sorcery"], "uuid": "d44d615b-2902-549a-8821-14845925556d", "watermark": "mtg"}, {"artist": "Steven Belledin", "availability": ["paper"], "borderColor": "black", "colorIdentity": ["W"], "colors": ["W"], "convertedManaCost": 1.0, "edhrecRank": 12038, "finishes": ["foil"], "flavorText": "\"A well-trained force brings peace... which brings more time for training!\"", "foreignData": [], "frameVersion": "2003", "hasFoil": true, "hasNonFoil": false, "identifiers": {"cardKingdomFoilId": "126146", "cardsphereId": "47004", "mcmId": "19006", "mtgjsonV4Id": "a7f2e804-9dc3-5f77-9d7e-d4104982f6db", "scryfallId": "4ab6fde4-a8e0-4bbf-b382-ec0602333e76", "scryfallIllustrationId": "f56cc155-6133-4486-9331-6f19f1c37ab3", "scryfallOracleId": "9c4a3ca6-dcf9-4986-81da-bcfd46414bee", "tcgplayerProductId": "38190"}, "isPromo": true, "isReprint": true, "isStarter": true, "language": "English", "layout": "normal", "legalities": {"commander": "Legal", "duel": "Legal", "legacy": "Legal", "modern": "Legal", "paupercommander": "Restricted", "penny": "Legal", "vintage": "Legal"}, "manaCost": "{W}", "manaValue": 1.0, "name": "Cenn's Tactician", "number": "14", "power": "1", "printings": ["MOR", "PG08", "PRM"], "promoTypes": ["gateway"], "purchaseUrls": {"cardKingdomFoil": "https://mtgjson.com/links/3426fb0dc5f0762f", "tcgplayer": "https://mtgjson.com/links/c160f33f0bbdece5"}, "rarity": "rare", "rulings": [{"date": "2008-04-01", "text": "The second ability is cumulative. That is, each creature you control with any +1/+1 counters on it can block an additional creature for each Cenn’s Tactician you control. Cenn’s Tactician doesn’t care whether the creature has any +1/+1 counters on it beyond the first."}], "setCode": "PG08", "subtypes": ["Kithkin", "Soldier"], "supertypes": [], "text": "{W}, {T}: Put a +1/+1 counter on target Soldier creature.\nEach creature you control with a +1/+1 counter on it can block an additional creature each combat.", "toughness": "1", "type": "Creature — Kithkin Soldier", "types": ["Creature"], "uuid": "017bd8e2-de2d-5342-a55a-8b39432a49a6", "watermark": "dci"}, {"artist": "Darrell Riche", "availability": ["paper"], "borderColor": "black", "colorIdentity": ["B"], "colors": ["B"], "convertedManaCost": 2.0, "edhrecRank": 2537, "finishes": ["foil"], "foreignData": [], "frameVersion": "2003", "hasFoil": true, "hasNonFoil": false, "identifiers": {"cardKingdomFoilId": "126152", "cardsphereId": "47031", "mcmId": "19007", "mtgjsonV4Id": "cc0efafe-2eb1-530d-94fa-5d700a046c5b", "scryfallId": "6a99dcbf-67c5-40ca-be8d-e5d6eae8a7cd", "scryfallIllustrationId": "92a8eee2-6ea9-4884-a5cc-1a8a5f394b64", "scryfallOracleId": "b72cedc2-73b3-4e7f-8b58-8db532a69f6e", "tcgplayerProductId": "38204"}, "isPromo": true, "isReprint": true, "isStarter": true, "keywords": ["Flying"], "language": "English", "layout": "normal", "legalities": {"commander": "Legal", "duel": "Legal", "gladiator": "Legal", "historic": "Legal", "historicbrawl": "Legal", "legacy": "Legal", "modern": "Legal", "paupercommander": "Restricted", "penny": "Legal", "vintage": "Legal"}, "manaCost": "{1}{B}", "manaValue": 2.0, "name": "Oona's Blackguard", "number": "15", "power": "1", "printings": ["JMP", "MOR", "PG08", "PRM", "ZNC"], "promoTypes": ["gateway"], "purchaseUrls": {"cardKingdomFoil": "https://mtgjson.com/links/b9e7cc0ae61198ff", "tcgplayer": "https://mtgjson.com/links/9a705e91c01bfb2b"}, "rarity": "rare", "rulings": [{"date": "2008-04-01", "text": "If a Rogue would normally enter the battlefield with a certain number of +1/+1 counters on it, it enters the battlefield with that many +1/+1 counters plus one on it instead. If a Rogue would normally enter the battlefield with no +1/+1 counters on it, it enters the battlefield with one +1/+1 counter on it instead."}, {"date": "2008-04-01", "text": "The creature gets the counter if it would enter the battlefield under your control. It doesn’t matter who owns the creature or what zone it enters the battlefield from (such as your opponent’s graveyard, for example)."}, {"date": "2008-04-01", "text": "The effects from more than one of these cards are cumulative. That is, if you have two Oona’s Blackguard on the battlefield, Rogue creatures you control enter the battlefield with two additional +1/+1 counters on them."}, {"date": "2008-04-01", "text": "If Oona’s Blackguard enters the battlefield at the same time as another Rogue (due to Living End, for example), that creature doesn’t get a +1/+1 counter."}], "setCode": "PG08", "subtypes": ["Faerie", "Rogue"], "supertypes": [], "text": "Flying\nEach other Rogue creature you control enters the battlefield with an additional +1/+1 counter on it.\nWhenever a creature you control with a +1/+1 counter on it deals combat damage to a player, that player discards a card.", "toughness": "1", "type": "Creature — Faerie Rogue", "types": ["Creature"], "uuid": "556c0a0f-1227-5ace-804c-f22ba3560db5", "watermark": "dci"}, {"artist": "Tony Szczudlo", "availability": ["paper"], "borderColor": "black", "colorIdentity": ["B"], "colors": ["B"], "convertedManaCost": 4.0, "edhrecRank": 4571, "finishes": ["foil"], "flavorText": "A full coffin is like a full coffer-both are attractive to thieves.", "foreignData": [], "frameVersion": "2003", "hasFoil": true, "hasNonFoil": false, "identifiers": {"cardKingdomFoilId": "126149", "cardsphereId": "47016", "mcmId": "19453", "mtgjsonV4Id": "b0dfcb9c-7ba4-582e-bdfc-7257b19066f0", "scryfallId": "c0a22595-6d0a-4f17-9965-1f8eb39122b2", "scryfallIllustrationId": "748d61ac-1fbe-4dfd-9c3b-1ec321ddb11f", "scryfallOracleId": "1a2030cc-d7ee-4059-b2d7-fb95ea8e267b", "tcgplayerProductId": "38195"}, "isPromo": true, "isReprint": true, "isStarter": true, "language": "English", "layout": "normal", "legalities": {"commander": "Legal", "duel": "Legal", "explorer": "Legal", "gladiator": "Legal", "historic": "Legal", "historicbrawl": "Legal", "legacy": "Legal", "modern": "Legal", "pauper": "Legal", "paupercommander": "Legal", "penny": "Legal", "pioneer": "Legal", "premodern": "Legal", "vintage": "Legal"}, "manaCost": "{3}{B}", "manaValue": 4.0, "name": "Gravedigger", "number": "16", "power": "2", "printings": ["10E", "6ED", "7ED", "8ED", "9ED", "AKH", "AKR", "BTD", "CM2", "CMD", "EMA", "HOP", "M10", "M11", "M12", "M15", "M19", "M20", "MB1", "ODY", "PG08", "POR", "PS11", "PSAL", "S99", "TMP", "TPR"], "promoTypes": ["gateway"], "purchaseUrls": {"cardKingdomFoil": "https://mtgjson.com/links/ec3d4bee427835b8", "tcgplayer": "https://mtgjson.com/links/f48d95470e7c7ab8"}, "rarity": "rare", "rulings": [{"date": "2009-10-01", "text": "A “creature card” is any card with the type creature, even if it has other types such as artifact, enchantment, or land. Older cards of type summon are also creature cards."}], "setCode": "PG08", "subtypes": ["Zombie"], "supertypes": [], "text": "When Gravedigger enters the battlefield, you may return target creature card from your graveyard to your hand.", "toughness": "2", "type": "Creature — Zombie", "types": ["Creature"], "uuid": "ee1b8be5-bb88-5ad8-901b-2081e8d0a45c", "watermark": "dci"}, {"artist": "Lucio Parrillo", "availability": ["paper"], "borderColor": "black", "colorIdentity": ["G", "R"], "colors": ["G", "R"], "convertedManaCost": 3.0, "edhrecRank": 15871, "finishes": ["foil"], "flavorText": "\"We're going to need a bigger gate.\"\n—Bowen, Barrenton guardcaptain", "foreignData": [], "frameVersion": "2003", "hasFoil": true, "hasNonFoil": false, "identifiers": {"cardKingdomFoilId": "125597", "cardsphereId": "47000", "mcmId": "19454", "mtgjsonV4Id": "32aea116-ba06-5b76-addd-9d700cac493f", "scryfallId": "a7aef473-2c55-494a-ba9a-4a14fad02ba8", "scryfallIllustrationId": "d75f8180-df41-41dd-a1fc-4eccef43088f", "scryfallOracleId": "30d2437a-87c9-4f88-8fb8-b686d6522677", "tcgplayerProductId": "38187"}, "isPromo": true, "isReprint": true, "isStarter": true, "keywords": ["Haste", "Wither"], "language": "English", "layout": "normal", "legalities": {"commander": "Legal", "duel": "Legal", "legacy": "Legal", "modern": "Legal", "paupercommander": "Restricted", "penny": "Legal", "vintage": "Legal"}, "manaCost": "{R/G}{R/G}{R/G}", "manaValue": 3.0, "name": "Boggart Ram-Gang", "number": "17", "power": "3", "printings": ["PD2", "PG08", "PRM", "SHM"], "promoTypes": ["gateway"], "purchaseUrls": {"cardKingdomFoil": "https://mtgjson.com/links/8f6c18b181ebd034", "tcgplayer": "https://mtgjson.com/links/c6913dcfd4af9898"}, "rarity": "rare", "rulings": [], "setCode": "PG08", "subtypes": ["Goblin", "Warrior"], "supertypes": [], "text": "Haste\nWither (This deals damage to creatures in the form of -1/-1 counters.)", "toughness": "3", "type": "Creature — Goblin Warrior", "types": ["Creature"], "uuid": "b78421c1-61dd-5a2d-a523-f77e915c8822", "watermark": "dci"}, {"artist": "Steven Belledin", "availability": ["paper"], "borderColor": "black", "colorIdentity": ["G", "W"], "colors": ["G", "W"], "convertedManaCost": 3.0, "edhrecRank": 18908, "finishes": ["foil"], "flavorText": "Every elf in Shadowmoor is charged from birth with a terrible duty: to strike back against the ugliness and darkness, even though they are all around and seemingly without end.", "foreignData": [], "frameVersion": "2003", "hasFoil": true, "hasNonFoil": false, "identifiers": {"cardKingdomFoilId": "126155", "cardsphereId": "47051", "mcmId": "19455", "mtgjsonV4Id": "a337456f-8203-5017-9aab-faf15b08d7b7", "scryfallId": "3ebcadf9-65ec-4835-9472-921c3dde96d2", "scryfallIllustrationId": "d1727cdd-3248-4da1-8476-f766ea65ba3e", "scryfallOracleId": "69ae765d-03c9-46d9-bdad-8e5936df9616", "tcgplayerProductId": "38211"}, "isPromo": true, "isReprint": true, "isStarter": true, "keywords": ["Vigilance"], "language": "English", "layout": "normal", "legalities": {"commander": "Legal", "duel": "Legal", "legacy": "Legal", "modern": "Legal", "paupercommander": "Restricted", "penny": "Legal", "vintage": "Legal"}, "manaCost": "{G/W}{G/W}{G/W}", "manaValue": 3.0, "name": "Wilt-Leaf Cavaliers", "number": "18", "power": "3", "printings": ["DDG", "PG08", "PRM", "SHM"], "promoTypes": ["gateway"], "purchaseUrls": {"cardKingdomFoil": "https://mtgjson.com/links/97a47adb137e5fae", "tcgplayer": "https://mtgjson.com/links/d264b260911c87fc"}, "rarity": "rare", "rulings": [], "setCode": "PG08", "subtypes": ["Elf", "Knight"], "supertypes": [], "text": "Vigilance", "toughness": "4", "type": "Creature — Elf Knight", "types": ["Creature"], "uuid": "1ca76a4a-d3de-5d2b-9ad9-2cf8abbda144", "watermark": "dci"}, {"artist": "Thomas M. Baxa", "availability": ["paper"], "borderColor": "black", "colorIdentity": ["R", "W"], "colors": ["R", "W"], "convertedManaCost": 3.0, "edhrecRank": 4195, "finishes": ["foil"], "foreignData": [], "frameVersion": "2003", "hasFoil": true, "hasNonFoil": false, "identifiers": {"cardKingdomFoilId": "126148", "cardsphereId": "47009", "mcmId": "19774", "mtgjsonV4Id": "20d4332d-a4b2-59e3-888f-93f73ab285bd", "scryfallId": "c6cc79d2-97b4-4e18-9124-650c520a4bd1", "scryfallIllustrationId": "91d053c5-b894-4a27-ab60-e5d02cb57fe7", "scryfallOracleId": "ecb2fd58-b880-4d9e-93cb-c4d2b28233c9", "tcgplayerProductId": "38192"}, "isPromo": true, "isReprint": true, "isStarter": true, "language": "English", "layout": "normal", "legalities": {"commander": "Legal", "duel": "Legal", "legacy": "Legal", "modern": "Legal", "paupercommander": "Restricted", "vintage": "Legal"}, "manaCost": "{2}{R/W}", "manaValue": 3.0, "name": "Duergar Hedge-Mage", "number": "19", "power": "2", "printings": ["CMA", "CMD", "EVE", "HOP", "PG08", "PRM"], "promoTypes": ["gateway"], "purchaseUrls": {"cardKingdomFoil": "https://mtgjson.com/links/4a2494d54d259dc1", "tcgplayer": "https://mtgjson.com/links/ed4273fab13038ff"}, "rarity": "rare", "rulings": [{"date": "2008-08-01", "text": "Each of the triggered abilities has an “intervening ‘if’ clause.” That means (1) the ability won’t trigger at all unless you control two or more lands of the appropriate land type when the Hedge-Mage enters the battlefield, and (2) the ability will do nothing if you don’t control two or more lands of the appropriate land type by the time it resolves."}, {"date": "2008-08-01", "text": "Both abilities trigger at the same time. You can put them on the stack in any order."}, {"date": "2008-08-01", "text": "Each of the triggered abilities look at your lands individually. This means that if you only control two dual-lands of the appropriate types, both of the abilities will trigger."}, {"date": "2008-08-01", "text": "Both abilities are optional; you choose whether to use them when they resolve. If an ability has a target, you must choose a target even if you don’t plan to use the ability."}], "setCode": "PG08", "subtypes": ["Dwarf", "Shaman"], "supertypes": [], "text": "When Duergar Hedge-Mage enters the battlefield, if you control two or more Mountains, you may destroy target artifact.\nWhen Duergar Hedge-Mage enters the battlefield, if you control two or more Plains, you may destroy target enchantment.", "toughness": "2", "type": "Creature — Dwarf Shaman", "types": ["Creature"], "uuid": "fcbea5d0-09ad-5d7b-9b4b-a31a21d556c3", "watermark": "dci"}, {"artist": "Brandon Kitkouski", "availability": ["paper"], "borderColor": "black", "colorIdentity": ["G", "U"], "colors": ["G", "U"], "convertedManaCost": 3.0, "edhrecRank": 17057, "finishes": ["foil"], "foreignData": [], "frameVersion": "2003", "hasFoil": true, "hasNonFoil": false, "identifiers": {"cardKingdomFoilId": "126153", "cardsphereId": "47038", "mcmId": "19773", "mtgjsonV4Id": "cc96e9f6-77fe-5a55-b222-66fbd3cad3bd", "scryfallId": "c879bd30-2209-4409-9e4d-3d65565ceddf", "scryfallIllustrationId": "cdc45a49-7cb5-4e60-9218-1a7f3356d434", "scryfallOracleId": "1f1c369a-3209-405b-9880-0e10b86e5698", "tcgplayerProductId": "38208"}, "isPromo": true, "isReprint": true, "isStarter": true, "language": "English", "layout": "normal", "legalities": {"commander": "Legal", "duel": "Legal", "legacy": "Legal", "modern": "Legal", "paupercommander": "Restricted", "penny": "Legal", "vintage": "Legal"}, "manaCost": "{2}{G/U}", "manaValue": 3.0, "name": "Selkie Hedge-Mage", "number": "20", "power": "2", "printings": ["EVE", "PG08", "PRM"], "promoTypes": ["gateway"], "purchaseUrls": {"cardKingdomFoil": "https://mtgjson.com/links/5179ab3511047095", "tcgplayer": "https://mtgjson.com/links/f74503aa2941f064"}, "rarity": "rare", "rulings": [{"date": "2008-08-01", "text": "Each of the triggered abilities has an “intervening ‘if’ clause.” That means (1) the ability won’t trigger at all unless you control two or more lands of the appropriate land type when the Hedge-Mage enters the battlefield, and (2) the ability will do nothing if you don’t control two or more lands of the appropriate land type by the time it resolves."}, {"date": "2008-08-01", "text": "Both abilities trigger at the same time. You can put them on the stack in any order."}, {"date": "2008-08-01", "text": "Each of the triggered abilities look at your lands individually. This means that if you only control two dual-lands of the appropriate types, both of the abilities will trigger."}, {"date": "2008-08-01", "text": "Both abilities are optional; you choose whether to use them when they resolve. If an ability has a target, you must choose a target even if you don’t plan to use the ability."}], "setCode": "PG08", "subtypes": ["Merfolk", "Wizard"], "supertypes": [], "text": "When Selkie Hedge-Mage enters the battlefield, if you control two or more Forests, you may gain 3 life.\nWhen Selkie Hedge-Mage enters the battlefield, if you control two or more Islands, you may return target tapped creature to its owner's hand.", "toughness": "2", "type": "Creature — Merfolk Wizard", "types": ["Creature"], "uuid": "1f990a40-c796-5549-a288-6822189f2f1a", "watermark": "dci"}], "code": "PG08", "isFoilOnly": true, "isOnlineOnly": false, "keyruneCode": "PARL", "name": "Gateway 2008", "releaseDate": "2008-01-01", "tokens": [], "totalSetSize": 8, "translations": {}, "type": "promo"}}