{"meta": {"date": "2022-05-26", "version": "5.2.0+20220526"}, "data": {"baseSetSize": 5, "cards": [{"artist": "Terese Nielsen", "availability": ["paper"], "borderColor": "black", "colorIdentity": ["W"], "colors": [], "convertedManaCost": 0.0, "finishes": ["nonfoil"], "foreignData": [], "frameVersion": "1997", "hasFoil": false, "hasNonFoil": true, "identifiers": {"cardKingdomId": "117190", "cardsphereId": "19825", "mcmId": "18195", "mtgjsonV4Id": "898646cb-5e41-5507-ba7c-cac990713220", "scryfallId": "412af58e-e46e-4346-aa25-6624f0c3d142", "scryfallIllustrationId": "68e5cfa7-a725-4f8a-b821-4f40a672fd55", "scryfallOracleId": "bc71ebf6-2056-41f7-be35-b2e5c34afa99", "tcgplayerProductId": "21638"}, "isPromo": true, "isReprint": true, "isStarter": true, "language": "English", "layout": "normal", "legalities": {"alchemy": "Legal", "brawl": "Legal", "commander": "Legal", "duel": "Legal", "explorer": "Legal", "future": "Legal", "gladiator": "Legal", "historic": "Legal", "historicbrawl": "Legal", "legacy": "Legal", "modern": "Legal", "pauper": "Legal", "paupercommander": "Legal", "penny": "Legal", "pioneer": "Legal", "premodern": "Legal", "standard": "Legal", "vintage": "Legal"}, "manaValue": 0.0, "name": "Plains", "number": "1", "printings": ["10E", "2ED", "2XM", "3ED", "4BB", "4ED", "5ED", "6ED", "7ED", "8ED", "9ED", "AFR", "AKH", "AKR", "ALA", "ANA", "ANB", "ARC", "ATH", "AVR", "BBD", "BFZ", "BRB", "C13", "C14", "C15", "C16", "C17", "C18", "C19", "CED", "CEI", "CHK", "CLB", "CM2", "CMA", "CMD", "CMR", "CST", "DDC", "DDE", "DDF", "DDG", "DDH", "DDI", "DDK", "DDL", "DDN", "DDO", "DDP", "DDQ", "DOM", "DTK", "DVD", "E01", "ELD", "FBB", "FRF", "G17", "GK1", "GK2", "GN2", "GNT", "GRN", "GS1", "H09", "HOP", "HOU", "ICE", "IKO", "INV", "ISD", "ITP", "J14", "JMP", "KHM", "KLD", "KLR", "KTK", "LEA", "LEB", "LRW", "M10", "M11", "M12", "M13", "M14", "M15", "M19", "M20", "M21", "MBS", "MD1", "ME1", "ME3", "MH2", "MID", "MIR", "MMQ", "MRD", "NEO", "NPH", "ODY", "ONS", "ORI", "P02", "PAL00", "PAL01", "PAL03", "PAL04", "PAL05", "PAL06", "PAL99", "PALP", "PANA", "PARL", "PC2", "PCA", "PDGM", "PELP", "PF19", "PF20", "PGPX", "PGRU", "PLIST", "PMPS", "PMPS06", "PMPS07", "PMPS08", "PMPS09", "PMPS10", "PMPS11", "POR", "PPP1", "PRM", "PRW2", "PRWK", "PS11", "PSAL", "PSS2", "PSS3", "PTC", "PTK", "PZ2", "RAV", "RIX", "RNA", "ROE", "RQS", "RTR", "S99", "SHM", "SLD", "SNC", "SOI", "SOM", "STX", "SUM", "TD0", "TD2", "THB", "THS", "TMP", "TPR", "TSP", "UGL", "UND", "UNF", "UNH", "USG", "UST", "VOW", "WAR", "WC00", "WC02", "WC03", "WC04", "WC97", "WC98", "XANA", "XLN", "ZEN", "ZNR"], "promoTypes": ["instore"], "purchaseUrls": {"cardKingdom": "https://mtgjson.com/links/d57b89142aede68b", "tcgplayer": "https://mtgjson.com/links/af021d6b4c649c6d"}, "rarity": "rare", "rulings": [], "setCode": "PGRU", "subtypes": ["Plains"], "supertypes": ["Basic"], "text": "({T}: Add {W}.)", "type": "Basic Land — Plains", "types": ["Land"], "uuid": "519cef29-6a93-5694-9fe9-1e0aab0d385d"}, {"artist": "Terese Nielsen", "availability": ["paper"], "borderColor": "black", "colorIdentity": ["U"], "colors": [], "convertedManaCost": 0.0, "finishes": ["nonfoil"], "foreignData": [], "frameVersion": "1997", "hasFoil": false, "hasNonFoil": true, "identifiers": {"cardKingdomId": "117191", "cardsphereId": "19823", "mcmId": "18193", "mtgjsonV4Id": "78b5fd57-62ca-5cfc-b59f-99b629498430", "scryfallId": "79fe9e5e-3ddc-4b15-81d5-9659cd087649", "scryfallIllustrationId": "d82ef23f-b523-4ba9-a101-65f752e327d4", "scryfallOracleId": "b2c6aa39-2d2a-459c-a555-fb48ba993373", "tcgplayerProductId": "21636"}, "isPromo": true, "isReprint": true, "isStarter": true, "language": "English", "layout": "normal", "legalities": {"alchemy": "Legal", "brawl": "Legal", "commander": "Legal", "duel": "Legal", "explorer": "Legal", "future": "Legal", "gladiator": "Legal", "historic": "Legal", "historicbrawl": "Legal", "legacy": "Legal", "modern": "Legal", "pauper": "Legal", "paupercommander": "Legal", "penny": "Legal", "pioneer": "Legal", "premodern": "Legal", "standard": "Legal", "vintage": "Legal"}, "manaValue": 0.0, "name": "Island", "number": "2", "printings": ["10E", "2ED", "2XM", "3ED", "4BB", "4ED", "5ED", "6ED", "7ED", "8ED", "9ED", "AFR", "AKH", "AKR", "ALA", "ANA", "ANB", "ARC", "AVR", "BBD", "BFZ", "BRB", "BTD", "C13", "C14", "C15", "C16", "C17", "C18", "C19", "CED", "CEI", "CHK", "CLB", "CM2", "CMA", "CMD", "CMR", "CST", "DD2", "DDE", "DDF", "DDH", "DDI", "DDJ", "DDM", "DDN", "DDO", "DDQ", "DDS", "DDT", "DDU", "DOM", "DPA", "DTK", "E01", "ELD", "FBB", "FRF", "G17", "GK1", "GK2", "GN2", "GNT", "GRN", "GS1", "H09", "HOP", "HOU", "ICE", "IKO", "INV", "ISD", "ITP", "J14", "JMP", "JVC", "KHM", "KLD", "KLR", "KTK", "LEA", "LEB", "LRW", "M10", "M11", "M12", "M13", "M14", "M15", "M19", "M20", "M21", "MBS", "ME1", "ME3", "MH2", "MID", "MIR", "MMQ", "MRD", "NEO", "NPH", "ODY", "ONS", "ORI", "P02", "PAL00", "PAL01", "PAL02", "PAL03", "PAL04", "PAL05", "PAL06", "PAL99", "PALP", "PANA", "PARL", "PC2", "PCA", "PELP", "PF19", "PF20", "PGPX", "PGRU", "PHED", "PLIST", "PMPS", "PMPS06", "PMPS07", "PMPS08", "PMPS09", "PMPS10", "PMPS11", "POR", "PPP1", "PRM", "PRW2", "PRWK", "PS11", "PSAL", "PSS2", "PSS3", "PTC", "PTK", "PZ2", "RAV", "RIX", "RNA", "ROE", "RQS", "RTR", "S99", "SHM", "SLD", "SNC", "SOI", "SOM", "STX", "SUM", "TD0", "TD2", "THB", "THS", "TMP", "TPR", "TSP", "UGL", "UND", "UNF", "UNH", "USG", "UST", "VOW", "WAR", "WC00", "WC01", "WC02", "WC03", "WC04", "WC97", "WC98", "XANA", "XLN", "ZEN", "ZNR"], "promoTypes": ["instore"], "purchaseUrls": {"cardKingdom": "https://mtgjson.com/links/e0fcb12c8a69e26d", "tcgplayer": "https://mtgjson.com/links/9ef0477a0e878207"}, "rarity": "rare", "rulings": [], "setCode": "PGRU", "subtypes": ["Island"], "supertypes": ["Basic"], "text": "({T}: Add {U}.)", "type": "Basic Land — Island", "types": ["Land"], "uuid": "66398dbe-fdab-5008-a578-2eed3c24bce6"}, {"artist": "Terese Nielsen", "availability": ["paper"], "borderColor": "black", "colorIdentity": ["B"], "colors": [], "convertedManaCost": 0.0, "finishes": ["nonfoil"], "foreignData": [], "frameVersion": "1997", "hasFoil": false, "hasNonFoil": true, "identifiers": {"cardKingdomId": "117188", "cardsphereId": "19826", "mcmId": "18196", "mtgjsonV4Id": "d392a6b8-b3c4-5299-9100-5d1cf04afbae", "scryfallId": "90b3ef81-2c77-4355-afcb-7b419d4bcb2c", "scryfallIllustrationId": "c0dbedef-5b58-4cff-b244-eababea85de3", "scryfallOracleId": "56719f6a-1a6c-4c0a-8d21-18f7d7350b68", "tcgplayerProductId": "21639"}, "isPromo": true, "isReprint": true, "isStarter": true, "language": "English", "layout": "normal", "legalities": {"alchemy": "Legal", "brawl": "Legal", "commander": "Legal", "duel": "Legal", "explorer": "Legal", "future": "Legal", "gladiator": "Legal", "historic": "Legal", "historicbrawl": "Legal", "legacy": "Legal", "modern": "Legal", "pauper": "Legal", "paupercommander": "Legal", "penny": "Legal", "pioneer": "Legal", "premodern": "Legal", "standard": "Legal", "vintage": "Legal"}, "manaValue": 0.0, "name": "Swamp", "number": "3", "printings": ["10E", "2ED", "2XM", "3ED", "4BB", "4ED", "5ED", "6ED", "7ED", "8ED", "9ED", "AFR", "AKH", "AKR", "ALA", "ANA", "ANB", "ARC", "ATH", "AVR", "BBD", "BFZ", "BRB", "BTD", "C13", "C14", "C15", "C16", "C17", "C18", "C19", "CED", "CEI", "CHK", "CLB", "CM2", "CMA", "CMD", "CST", "DDC", "DDD", "DDE", "DDH", "DDJ", "DDK", "DDM", "DDN", "DDP", "DDQ", "DDR", "DKM", "DOM", "DPA", "DTK", "DVD", "E01", "ELD", "FBB", "FRF", "G17", "GK1", "GK2", "GN2", "GNT", "GRN", "GVL", "H09", "HOP", "HOU", "ICE", "IKO", "INV", "ISD", "ITP", "J14", "JMP", "KHM", "KLD", "KLR", "KTK", "LEA", "LEB", "LRW", "M10", "M11", "M12", "M13", "M14", "M15", "M19", "M20", "M21", "MBS", "MD1", "ME1", "ME3", "MH2", "MID", "MIR", "MMQ", "MRD", "NEO", "NPH", "ODY", "ONS", "ORI", "P02", "PAL00", "PAL01", "PAL03", "PAL04", "PAL05", "PAL06", "PAL99", "PALP", "PANA", "PARL", "PC2", "PCA", "PD3", "PELP", "PF19", "PF20", "PGPX", "PGRU", "PHUK", "PMPS", "PMPS06", "PMPS07", "PMPS08", "PMPS09", "PMPS10", "PMPS11", "POR", "PPP1", "PRM", "PRW2", "PRWK", "PS11", "PSAL", "PSS2", "PSS3", "PTC", "PTK", "RAV", "RIX", "RNA", "ROE", "RQS", "RTR", "S99", "SHM", "SLD", "SNC", "SOI", "SOM", "STX", "SUM", "TD0", "TD2", "THB", "THS", "TMP", "TPR", "TSP", "UGL", "UND", "UNF", "UNH", "USG", "UST", "VOW", "WAR", "WC01", "WC02", "WC03", "WC97", "WC98", "WC99", "XANA", "XLN", "ZEN", "ZNR"], "promoTypes": ["instore"], "purchaseUrls": {"cardKingdom": "https://mtgjson.com/links/75297d4f09a1151b", "tcgplayer": "https://mtgjson.com/links/43c25ce1b2a89ad0"}, "rarity": "rare", "rulings": [], "setCode": "PGRU", "subtypes": ["Swamp"], "supertypes": ["Basic"], "text": "({T}: Add {B}.)", "type": "Basic Land — Swamp", "types": ["Land"], "uuid": "afff3b2b-3595-5a82-b804-c34b44a05c9b"}, {"artist": "Terese Nielsen", "availability": ["paper"], "borderColor": "black", "colorIdentity": ["R"], "colors": [], "convertedManaCost": 0.0, "finishes": ["nonfoil"], "foreignData": [], "frameVersion": "1997", "hasFoil": false, "hasNonFoil": true, "identifiers": {"cardKingdomId": "117184", "cardsphereId": "19824", "mcmId": "18194", "mtgjsonV4Id": "69296a1f-5fdb-5ac4-b441-7bb0560377c1", "scryfallId": "c5fce146-ac20-4fc2-ba5a-ab135c323d55", "scryfallIllustrationId": "ebfde05e-48e0-42e0-97af-6e0a4151649f", "scryfallOracleId": "a3fb7228-e76b-4e96-a40e-20b5fed75685", "tcgplayerProductId": "21637"}, "isPromo": true, "isReprint": true, "isStarter": true, "language": "English", "layout": "normal", "legalities": {"alchemy": "Legal", "brawl": "Legal", "commander": "Legal", "duel": "Legal", "explorer": "Legal", "future": "Legal", "gladiator": "Legal", "historic": "Legal", "historicbrawl": "Legal", "legacy": "Legal", "modern": "Legal", "pauper": "Legal", "paupercommander": "Legal", "penny": "Legal", "pioneer": "Legal", "premodern": "Legal", "standard": "Legal", "vintage": "Legal"}, "manaValue": 0.0, "name": "Mountain", "number": "4", "printings": ["10E", "2ED", "2XM", "3ED", "4BB", "4ED", "5ED", "6ED", "7ED", "8ED", "9ED", "AFR", "AKH", "AKR", "ALA", "ANA", "ANB", "ARC", "ARN", "ATH", "AVR", "BBD", "BFZ", "BRB", "BTD", "C13", "C14", "C15", "C16", "C17", "C18", "C19", "CED", "CEI", "CHK", "CLB", "CM2", "CMA", "CMD", "CMR", "CST", "DD1", "DD2", "DDE", "DDG", "DDH", "DDI", "DDJ", "DDK", "DDL", "DDN", "DDP", "DDS", "DDT", "DDU", "DKM", "DOM", "DPA", "DTK", "E01", "ELD", "EVG", "FBB", "FRF", "G17", "GK1", "GK2", "GN2", "GNT", "GRN", "GS1", "H09", "HOP", "HOU", "ICE", "IKO", "INV", "ISD", "ITP", "J14", "JMP", "JVC", "KHM", "KLD", "KLR", "KTK", "LEA", "LEB", "LRW", "M10", "M11", "M12", "M13", "M14", "M15", "M19", "M20", "M21", "MBS", "ME1", "ME3", "MH2", "MID", "MIR", "MMQ", "MRD", "NEO", "NPH", "ODY", "ONS", "ORI", "P02", "PAL00", "PAL01", "PAL03", "PAL04", "PAL05", "PAL06", "PAL99", "PALP", "PANA", "PARL", "PC2", "PCA", "PD2", "PELP", "PF19", "PF20", "PGPX", "PGRU", "PHED", "PLIST", "PMPS", "PMPS06", "PMPS07", "PMPS08", "PMPS09", "PMPS10", "PMPS11", "POR", "PPP1", "PRM", "PRW2", "PRWK", "PS11", "PSAL", "PSS2", "PSS3", "PTC", "PTK", "PZ2", "RAV", "RIX", "RNA", "ROE", "RQS", "RTR", "S99", "SHM", "SLD", "SNC", "SOI", "SOM", "STX", "SUM", "TD0", "THB", "THS", "TMP", "TPR", "TSP", "UGL", "UND", "UNF", "UNH", "USG", "UST", "VOW", "WAR", "WC00", "WC01", "WC02", "WC03", "WC97", "WC98", "WC99", "XANA", "XLN", "ZEN", "ZNR"], "promoTypes": ["instore"], "purchaseUrls": {"cardKingdom": "https://mtgjson.com/links/b2946af846a46b72", "tcgplayer": "https://mtgjson.com/links/3a1604327c06e6e9"}, "rarity": "rare", "rulings": [], "setCode": "PGRU", "subtypes": ["Mountain"], "supertypes": ["Basic"], "text": "({T}: Add {R}.)", "type": "Basic Land — Mountain", "types": ["Land"], "uuid": "bc43d21d-adfe-5361-a093-bbdf6f9139cf"}, {"artist": "Terese Nielsen", "availability": ["paper"], "borderColor": "black", "colorIdentity": ["G"], "colors": [], "convertedManaCost": 0.0, "finishes": ["nonfoil"], "foreignData": [], "frameVersion": "1997", "hasFoil": false, "hasNonFoil": true, "identifiers": {"cardKingdomId": "117189", "cardsphereId": "19822", "mcmId": "18192", "mtgjsonV4Id": "a83039f5-78f8-56ca-9987-4de167bb09e7", "scryfallId": "74b109df-ce9e-4448-a5d5-3f53cf892731", "scryfallIllustrationId": "e992744d-4518-4348-a645-495210d94064", "scryfallOracleId": "b34bb2dc-c1af-4d77-b0b3-a0fb342a5fc6", "tcgplayerProductId": "21635"}, "isPromo": true, "isReprint": true, "isStarter": true, "language": "English", "layout": "normal", "legalities": {"alchemy": "Legal", "brawl": "Legal", "commander": "Legal", "duel": "Legal", "explorer": "Legal", "future": "Legal", "gladiator": "Legal", "historic": "Legal", "historicbrawl": "Legal", "legacy": "Legal", "modern": "Legal", "pauper": "Legal", "paupercommander": "Legal", "penny": "Legal", "pioneer": "Legal", "premodern": "Legal", "standard": "Legal", "vintage": "Legal"}, "manaValue": 0.0, "name": "Forest", "number": "5", "printings": ["10E", "2ED", "2XM", "3ED", "4BB", "4ED", "5ED", "6ED", "7ED", "8ED", "9ED", "AFR", "AKH", "AKR", "ALA", "ANA", "ANB", "ARC", "ATH", "AVR", "BBD", "BFZ", "BRB", "BTD", "C13", "C14", "C15", "C16", "C17", "C18", "C19", "CED", "CEI", "CHK", "CLB", "CM2", "CMA", "CMD", "CMR", "CST", "DD1", "DDD", "DDE", "DDG", "DDH", "DDJ", "DDL", "DDM", "DDO", "DDP", "DDR", "DDS", "DDU", "DKM", "DOM", "DPA", "DTK", "E01", "ELD", "EVG", "FBB", "FRF", "G17", "GK1", "GK2", "GN2", "GNT", "GRN", "GS1", "GVL", "H09", "HOP", "HOU", "ICE", "IKO", "INV", "ISD", "ITP", "J14", "JMP", "KHM", "KLD", "KLR", "KTK", "LEA", "LEB", "LRW", "M10", "M11", "M12", "M13", "M14", "M15", "M19", "M20", "M21", "MBS", "ME1", "ME3", "MH2", "MID", "MIR", "MMQ", "MRD", "NEO", "NPH", "ODY", "ONS", "ORI", "P02", "PAL00", "PAL01", "PAL03", "PAL04", "PAL05", "PAL06", "PAL99", "PALP", "PANA", "PARL", "PC2", "PCA", "PELP", "PF19", "PF20", "PGPX", "PGRU", "PMPS", "PMPS06", "PMPS07", "PMPS08", "PMPS09", "PMPS10", "PMPS11", "POR", "PPP1", "PRM", "PRW2", "PRWK", "PS11", "PSAL", "PSS2", "PSS3", "PTC", "PTK", "PZ2", "RAV", "RIX", "RNA", "ROE", "RQS", "RTR", "S99", "SHM", "SLD", "SNC", "SOI", "SOM", "STX", "SUM", "TD0", "TD2", "THB", "THS", "TMP", "TPR", "TSP", "UGL", "UND", "UNF", "UNH", "USG", "UST", "VOW", "WAR", "WC00", "WC01", "WC02", "WC03", "WC04", "WC97", "WC98", "WC99", "XANA", "XLN", "ZEN", "ZNR"], "promoTypes": ["instore"], "purchaseUrls": {"cardKingdom": "https://mtgjson.com/links/0b72a8ba3bf87ea4", "tcgplayer": "https://mtgjson.com/links/5df3dfc0d224a164"}, "rarity": "rare", "rulings": [], "setCode": "PGRU", "subtypes": ["Forest"], "supertypes": ["Basic"], "text": "({T}: Add {G}.)", "type": "Basic Land — Forest", "types": ["Land"], "uuid": "ef8b4e65-8959-5198-8cda-3e4280b956dc"}], "cardsphereSetId": 851, "code": "PGRU", "isFoilOnly": false, "isNonFoilOnly": true, "isOnlineOnly": false, "keyruneCode": "PGRU", "name": "Guru", "releaseDate": "1999-07-12", "tcgplayerGroupId": 56, "tokens": [], "totalSetSize": 5, "translations": {}, "type": "promo"}}