{"meta": {"date": "2022-05-26", "version": "5.2.0+20220526"}, "data": {"baseSetSize": 9, "block": "Return to Ravnica", "cards": [{"artist": "Karl Kopinski", "availability": ["paper"], "borderColor": "black", "colorIdentity": ["G"], "colors": ["G"], "convertedManaCost": 8.0, "edhrecRank": 11777, "finishes": ["foil"], "flavorText": "\"They bind us with their laws. We free ourselves with nature's fist.\"\n—Nikya of the Old Ways", "foreignData": [], "frameVersion": "2003", "hasFoil": true, "hasNonFoil": false, "identifiers": {"cardKingdomFoilId": "189438", "cardsphereId": "23907", "mcmId": "260127", "mtgjsonV4Id": "e894bb59-7528-525b-9431-64cd2cd22350", "scryfallId": "0357e2ce-da68-46ff-a7e6-86df8a8ce91c", "scryfallIllustrationId": "cbe2bfb0-1762-415f-bb0e-5351371e464d", "scryfallOracleId": "72350461-8231-4737-a57f-f20fb5d179a3", "tcgplayerProductId": "67368"}, "isPromo": true, "isReprint": true, "isStarter": true, "keywords": ["Bloodrush", "Trample"], "language": "English", "layout": "normal", "legalities": {"commander": "Legal", "duel": "Legal", "legacy": "Legal", "modern": "Legal", "penny": "Legal", "pioneer": "Legal", "vintage": "Legal"}, "manaCost": "{6}{G}{G}", "manaValue": 8.0, "name": "Skarrg Goliath", "number": "133★", "power": "9", "printings": ["GTC", "PGTC", "PRM"], "promoTypes": ["setpromo", "datestamped", "release"], "purchaseUrls": {"cardKingdomFoil": "https://mtgjson.com/links/00f4d751ac46196d", "tcgplayer": "https://mtgjson.com/links/756d51065f845b5b"}, "rarity": "rare", "rulings": [], "setCode": "PGTC", "subtypes": ["Beast"], "supertypes": [], "text": "Trample\nBloodrush — {5}{G}{G}, Discard Skarrg Goliath: Target attacking creature gets +9/+9 and gains trample until end of turn.", "toughness": "9", "type": "Creature — Beast", "types": ["Creature"], "uuid": "9c6cccf8-8efa-5441-a254-4d254fa18580", "watermark": "gruul"}, {"artist": "Volkan Baǵa", "availability": ["paper"], "borderColor": "black", "colorIdentity": ["B", "U"], "colors": ["B", "U"], "convertedManaCost": 5.0, "edhrecRank": 1366, "finishes": ["foil"], "foreignData": [], "frameVersion": "2003", "hasFoil": true, "hasNonFoil": false, "identifiers": {"cardKingdomFoilId": "189434", "cardsphereId": "37098", "mcmId": "260129", "mtgjsonV4Id": "1ec8e361-a6e0-5058-8d19-11e3d5f4ee79", "scryfallId": "ca2a714e-4254-4138-ad36-4ae11da17289", "scryfallIllustrationId": "dffdad10-e245-42ef-8b50-3d5248eccada", "scryfallOracleId": "9b55fb72-237d-4935-b645-8ebc6eb4140e", "tcgplayerProductId": "67364"}, "isPromo": true, "isReprint": true, "isStarter": true, "language": "English", "layout": "normal", "legalities": {"commander": "Legal", "duel": "Legal", "legacy": "Legal", "modern": "Legal", "penny": "Legal", "pioneer": "Legal", "vintage": "Legal"}, "manaCost": "{3}{U}{B}", "manaValue": 5.0, "name": "Consuming Aberration", "number": "152★", "power": "*", "printings": ["C16", "GK1", "GTC", "PGTC", "PRM", "TSR", "ZNC"], "promoTypes": ["setpromo", "datestamped", "prerelease"], "purchaseUrls": {"cardKingdomFoil": "https://mtgjson.com/links/a67e2567d5afdc36", "tcgplayer": "https://mtgjson.com/links/46ba060be035e480"}, "rarity": "rare", "rulings": [{"date": "2021-03-19", "text": "The ability that defines Consuming Aberration’s power and toughness applies in all zones, not just the battlefield."}, {"date": "2021-03-19", "text": "An ability that triggers when a player casts a spell resolves before the spell that caused it to trigger, but after targets have been chosen for that spell. It resolves even if that spell is countered."}, {"date": "2021-03-19", "text": "If an opponent has no land cards in their library, all the cards from that library will be revealed and put into their graveyard."}], "setCode": "PGTC", "subtypes": ["Horror"], "supertypes": [], "text": "Consuming Aberration's power and toughness are each equal to the number of cards in your opponents' graveyards.\nWhenever you cast a spell, each opponent reveals cards from the top of their library until they reveal a land card, then puts those cards into their graveyard.", "toughness": "*", "type": "Creature — Horror", "types": ["Creature"], "uuid": "09cb87f1-e41f-5a2a-954b-b917c1297874", "watermark": "dimir"}, {"artist": "Dan Scott", "availability": ["paper"], "borderColor": "black", "colorIdentity": ["G", "U"], "colors": ["G", "U"], "convertedManaCost": 4.0, "edhrecRank": 1651, "finishes": ["foil"], "foreignData": [], "frameVersion": "2003", "hasFoil": true, "hasNonFoil": false, "identifiers": {"cardKingdomFoilId": "189437", "cardsphereId": "37195", "mcmId": "260132", "mtgjsonV4Id": "d90c4dfd-982e-516b-9092-944ee944964a", "scryfallId": "f67f79ac-f28d-4244-994e-44cb8819db61", "scryfallIllustrationId": "11c3bfea-903f-4af2-abbb-6ea01f0f0029", "scryfallOracleId": "93d0e129-e3b5-4aff-9e50-f34771ed00ff", "tcgplayerProductId": "67367"}, "isPromo": true, "isReprint": true, "isStarter": true, "keywords": ["Evolve"], "language": "English", "layout": "normal", "legalities": {"commander": "Legal", "duel": "Legal", "legacy": "Legal", "modern": "Legal", "penny": "Legal", "pioneer": "Legal", "vintage": "Legal"}, "manaCost": "{2}{G}{U}", "manaValue": 4.0, "name": "Fathom Mage", "number": "162★", "power": "1", "printings": ["C16", "CM2", "CMR", "GK2", "GTC", "NCC", "PGTC", "PLIST", "PRM"], "promoTypes": ["setpromo", "datestamped", "prerelease"], "purchaseUrls": {"cardKingdomFoil": "https://mtgjson.com/links/9b4baab2e78b74fe", "tcgplayer": "https://mtgjson.com/links/43ac0655f9c8cf96"}, "rarity": "rare", "rulings": [{"date": "2013-01-24", "text": "If multiple +1/+1 counters are placed on Fathom Mage simultaneously, its last ability will trigger once for each of those counters."}, {"date": "2013-01-24", "text": "If Fathom Mage enters the battlefield with a +1/+1 counter on it (perhaps due to Master Biomancer), its last ability will trigger once for each +1/+1 counter it entered the battlefield with."}, {"date": "2013-01-24", "text": "Fathom Mage's last ability will trigger whenever any +1/+1 counter is placed on it, not just ones due to the evolve ability."}, {"date": "2013-04-15", "text": "When comparing the stats as the evolve ability resolves, it's possible that the stat that's greater changes from power to toughness or vice versa. If this happens, the ability will still resolve and you'll put a +1/+1 counter on the creature with evolve. For example, if you control a 2/2 creature with evolve and a 1/3 creature enters the battlefield under your control, it toughness is greater so evolve will trigger. In response, the 1/3 creature gets +2/-2. When the evolve trigger tries to resolve, its power is greater. You'll put a +1/+1 counter on the creature with evolve."}, {"date": "2013-04-15", "text": "If evolve triggers, the stat comparison will happen again when the ability tries to resolve. If neither stat of the new creature is greater, the ability will do nothing. If the creature that entered the battlefield leaves the battlefield before evolve tries to resolve, use its last known power and toughness to compare the stats."}, {"date": "2013-04-15", "text": "If a creature enters the battlefield with +1/+1 counters on it, consider those counters when determining if evolve will trigger. For example, a 1/1 creature that enters the battlefield with two +1/+1 counters on it will cause the evolve ability of a 2/2 creature to trigger."}, {"date": "2013-04-15", "text": "If multiple creatures enter the battlefield at the same time, evolve may trigger multiple times, although the stat comparison will take place each time one of those abilities tries to resolve. For example, if you control a 2/2 creature with evolve and two 3/3 creatures enter the battlefield, evolve will trigger twice. The first ability will resolve and put a +1/+1 counter on the creature with evolve. When the second ability tries to resolve, neither the power nor the toughness of the new creature is greater than that of the creature with evolve, so that ability does nothing."}, {"date": "2013-04-15", "text": "When comparing the stats of the two creatures for evolve, you always compare power to power and toughness to toughness."}, {"date": "2013-04-15", "text": "Whenever a creature enters the battlefield under your control, check its power and toughness against the power and toughness of the creature with evolve. If neither stat of the new creature is greater, evolve won't trigger at all."}], "setCode": "PGTC", "subtypes": ["Human", "Wizard"], "supertypes": [], "text": "Evolve (Whenever a creature enters the battlefield under your control, if that creature has greater power or toughness than this creature, put a +1/+1 counter on this creature.)\nWhenever a +1/+1 counter is put on Fathom Mage, you may draw a card.", "toughness": "1", "type": "Creature — Human Wizard", "types": ["Creature"], "uuid": "df0eb7be-8208-5e67-9ed1-a091d34f68d2", "watermark": "simic"}, {"artist": "Ryan Barger", "availability": ["paper"], "borderColor": "black", "colorIdentity": ["R", "W"], "colors": ["R", "W"], "convertedManaCost": 4.0, "edhrecRank": 6668, "finishes": ["foil"], "foreignData": [], "frameVersion": "2003", "hasFoil": true, "hasNonFoil": false, "identifiers": {"cardKingdomFoilId": "189441", "cardsphereId": "18918", "mcmId": "260124", "mtgjsonV4Id": "8a54d9a8-3bf9-5c8e-8020-34b4edc87c7c", "scryfallId": "05607d21-7613-4c28-b81f-995f36ab64f6", "scryfallIllustrationId": "85524c7d-3fd3-4e37-8ce6-0f90d925e07a", "scryfallOracleId": "7ea71a36-8fa8-4ba3-9cb1-7fc6917c3ddd", "tcgplayerProductId": "67371"}, "isFullArt": true, "isPromo": true, "isReprint": true, "isStarter": true, "keywords": ["Battalion", "Flying"], "language": "English", "layout": "normal", "legalities": {"commander": "Legal", "duel": "Legal", "legacy": "Legal", "modern": "Legal", "penny": "Legal", "pioneer": "Legal", "vintage": "Legal"}, "manaCost": "{2}{R}{W}", "manaValue": 4.0, "name": "Firemane Avenger", "number": "163", "power": "3", "printings": ["GK1", "GTC", "PGTC", "PRM"], "promoTypes": ["setpromo", "gameday"], "purchaseUrls": {"cardKingdomFoil": "https://mtgjson.com/links/ced22a8e448f3511", "tcgplayer": "https://mtgjson.com/links/4b7942fb2b4be3f7"}, "rarity": "rare", "rulings": [{"date": "2013-01-24", "text": "If the target permanent or player is an illegal target when Firemane Avenger’s battalion ability tries to resolve, the ability won’t resolve and none of its effects will happen. You won’t gain life."}, {"date": "2013-01-24", "text": "If Firemane Avenger’s battalion ability resolves but some or all of the damage is prevented, you’ll still gain 3 life."}, {"date": "2013-04-15", "text": "The three attacking creatures don’t have to be attacking the same player or planeswalker."}, {"date": "2013-04-15", "text": "Once a battalion ability has triggered, it doesn’t matter how many creatures are still attacking when that ability resolves."}, {"date": "2013-04-15", "text": "The effects of battalion abilities vary from card to card. Read each card carefully."}], "setCode": "PGTC", "subtypes": ["Angel"], "supertypes": [], "text": "Flying\nBattalion — Whenever Firemane Avenger and at least two other creatures attack, Firemane Avenger deals 3 damage to any target and you gain 3 life.", "toughness": "3", "type": "Creature — Angel", "types": ["Creature"], "uuid": "0c6ced61-4d34-5269-b213-133837b8b107"}, {"artist": "James Ryman", "availability": ["paper"], "borderColor": "black", "colorIdentity": ["R", "W"], "colors": ["R", "W"], "convertedManaCost": 6.0, "edhrecRank": 13360, "finishes": ["foil"], "foreignData": [], "frameVersion": "2003", "hasFoil": true, "hasNonFoil": false, "identifiers": {"cardKingdomFoilId": "189436", "cardsphereId": "37209", "mcmId": "260131", "mtgjsonV4Id": "348543db-bca2-5b0a-aa8d-20307aaa438d", "scryfallId": "9e42ff7d-b6f9-4e98-9782-bed98c202253", "scryfallIllustrationId": "97650f9a-54fe-4a39-976a-39f0689ac749", "scryfallOracleId": "d1c44856-ca53-4b6e-902e-8d9c6fe1f61c", "tcgplayerProductId": "67366"}, "isPromo": true, "isReprint": true, "isStarter": true, "language": "English", "layout": "normal", "legalities": {"commander": "Legal", "duel": "Legal", "legacy": "Legal", "modern": "Legal", "penny": "Legal", "pioneer": "Legal", "vintage": "Legal"}, "manaCost": "{4}{R}{W}", "manaValue": 6.0, "name": "Foundry Champion", "number": "165★", "power": "4", "printings": ["GTC", "PGTC", "PRM"], "promoTypes": ["setpromo", "datestamped", "prerelease"], "purchaseUrls": {"cardKingdomFoil": "https://mtgjson.com/links/bff03b5175ecb1a2", "tcgplayer": "https://mtgjson.com/links/896a7a857983c7d3"}, "rarity": "rare", "rulings": [{"date": "2013-01-24", "text": "The number of creatures you control is counted when Foundry Champion’s triggered ability resolves. Foundry Champion will count itself if it’s still on the battlefield under your control at that time."}], "setCode": "PGTC", "subtypes": ["Elemental", "Soldier"], "supertypes": [], "text": "When Foundry Champion enters the battlefield, it deals damage to any target equal to the number of creatures you control.\n{R}: Foundry Champion gets +1/+0 until end of turn.\n{W}: Foundry Champion gets +0/+1 until end of turn.", "toughness": "4", "type": "Creature — Elemental Soldier", "types": ["Creature"], "uuid": "2b0bde87-f083-52dc-9a7e-9cdbf17775f2", "watermark": "boros"}, {"artist": "Cliff Childs", "availability": ["paper"], "borderColor": "black", "colorIdentity": ["G", "R"], "colors": ["G", "R"], "convertedManaCost": 6.0, "edhrecRank": 4432, "finishes": ["foil"], "foreignData": [], "frameVersion": "2003", "hasFoil": true, "hasNonFoil": false, "identifiers": {"cardKingdomFoilId": "189435", "cardsphereId": "37421", "mcmId": "260130", "mtgjsonV4Id": "4916044b-3213-50d9-9578-cc38ef6f6607", "scryfallId": "3422b1bf-c5b6-4d1c-bcea-8e81b83b996e", "scryfallIllustrationId": "a4585070-8565-4550-b088-17ce4ffb21b1", "scryfallOracleId": "063960e0-3f9c-4697-ba5e-81c56ac1b5d2", "tcgplayerProductId": "67365"}, "isPromo": true, "isReprint": true, "isStarter": true, "keywords": ["Bloodrush"], "language": "English", "layout": "normal", "legalities": {"commander": "Legal", "duel": "Legal", "legacy": "Legal", "modern": "Legal", "penny": "Legal", "pioneer": "Legal", "vintage": "Legal"}, "manaCost": "{4}{R}{G}", "manaValue": 6.0, "name": "Rubblehulk", "number": "191★", "power": "*", "printings": ["C16", "C18", "GK2", "GTC", "PGTC", "PRM"], "promoTypes": ["setpromo", "datestamped", "prerelease"], "purchaseUrls": {"cardKingdomFoil": "https://mtgjson.com/links/81fc07b28a033824", "tcgplayer": "https://mtgjson.com/links/55e3815c338c8493"}, "rarity": "rare", "rulings": [{"date": "2013-01-24", "text": "The ability that defines Rubblehulk’s power and toughness works in all zones, not just the battlefield."}, {"date": "2013-01-24", "text": "If you activate Rubblehulk’s bloodrush ability, the value of X is the number of lands you control when that ability resolves."}], "setCode": "PGTC", "subtypes": ["Elemental"], "supertypes": [], "text": "Rubblehulk's power and toughness are each equal to the number of lands you control.\nBloodrush — {1}{R}{G}, Discard Rubblehulk: Target attacking creature gets +X/+X until end of turn, where X is the number of lands you control.", "toughness": "*", "type": "Creature — Elemental", "types": ["Creature"], "uuid": "306a3920-7ec2-5658-af94-9283bb1f41d6", "watermark": "gruul"}, {"artist": "Lucas Graciano", "availability": ["paper"], "borderColor": "black", "colorIdentity": ["B", "W"], "colors": ["B", "W"], "convertedManaCost": 6.0, "edhrecRank": 7392, "finishes": ["foil"], "foreignData": [], "frameVersion": "2003", "hasFoil": true, "hasNonFoil": false, "identifiers": {"cardKingdomFoilId": "189433", "cardsphereId": "37528", "mcmId": "260128", "mtgjsonV4Id": "4bbac0ac-eb7a-5656-bb12-32b5a1e0cc1e", "scryfallId": "d9243a56-3551-454b-ab47-95d461b471b4", "scryfallIllustrationId": "271df8aa-ec0d-442e-9b66-d5ff163f737c", "scryfallOracleId": "34161ec4-5d99-45e6-b43c-c8d28958660a", "tcgplayerProductId": "67363"}, "isPromo": true, "isReprint": true, "isStarter": true, "keywords": ["Extort"], "language": "English", "layout": "normal", "legalities": {"commander": "Legal", "duel": "Legal", "legacy": "Legal", "modern": "Legal", "penny": "Legal", "pioneer": "Legal", "vintage": "Legal"}, "manaCost": "{4}{W}{B}", "manaValue": 6.0, "name": "Treasury Thrull", "number": "201★", "power": "4", "printings": ["C15", "GK2", "GTC", "PGTC", "PLIST", "PRM"], "promoTypes": ["setpromo", "datestamped", "prerelease"], "purchaseUrls": {"cardKingdomFoil": "https://mtgjson.com/links/6fa17b2dd2a5b06c", "tcgplayer": "https://mtgjson.com/links/2e8162becaf3c334"}, "rarity": "rare", "rulings": [{"date": "2013-04-15", "text": "You may pay {W/B} a maximum of one time for each extort triggered ability. You decide whether to pay when the ability resolves."}, {"date": "2013-04-15", "text": "The amount of life you gain from extort is based on the total amount of life lost, not necessarily the number of opponents you have. For example, if your opponent’s life total can’t change (perhaps because that player controls Platinum Emperion), you won’t gain any life."}, {"date": "2013-04-15", "text": "The extort ability doesn’t target any player."}], "setCode": "PGTC", "subtypes": ["Thrull"], "supertypes": [], "text": "Extort (Whenever you cast a spell, you may pay {W/B}. If you do, each opponent loses 1 life and you gain that much life.)\nWhenever Treasury Thrull attacks, you may return target artifact, creature, or enchantment card from your graveyard to your hand.", "toughness": "4", "type": "Creature — Thrull", "types": ["Creature"], "uuid": "a73de542-1433-5322-ad8a-b103e3d98bf6", "watermark": "orzhov"}, {"artist": "Raymond Swanland", "availability": ["paper"], "borderColor": "black", "colorIdentity": ["G", "U"], "colors": ["G", "U"], "convertedManaCost": 2.0, "edhrecRank": 5467, "finishes": ["nonfoil"], "foreignData": [], "frameVersion": "2003", "hasFoil": false, "hasNonFoil": true, "identifiers": {"cardKingdomId": "189440", "cardsphereId": "18963", "mcmId": "260123", "mtgjsonV4Id": "7e55114c-7781-51d6-8dca-469079cda447", "scryfallId": "ed0bdf8f-9086-4e30-8865-bb1eb55516f8", "scryfallIllustrationId": "7b5da765-2574-4c2e-8974-c59492621662", "scryfallOracleId": "98250fad-7fd0-431e-a87e-551185d26ec1", "tcgplayerProductId": "67370"}, "isFullArt": true, "isPromo": true, "isReprint": true, "isStarter": true, "language": "English", "layout": "normal", "legalities": {"commander": "Legal", "duel": "Legal", "legacy": "Legal", "modern": "Legal", "paupercommander": "Restricted", "penny": "Legal", "pioneer": "Legal", "vintage": "Legal"}, "manaCost": "{G}{U}", "manaValue": 2.0, "name": "Zameck Guildmage", "number": "209", "power": "2", "printings": ["GK2", "GTC", "PGTC", "PRM"], "promoTypes": ["setpromo", "gameday"], "purchaseUrls": {"cardKingdom": "https://mtgjson.com/links/3af4d80f38bc62c6", "tcgplayer": "https://mtgjson.com/links/0c30d38f5daf0ade"}, "rarity": "uncommon", "rulings": [{"date": "2013-01-24", "text": "Zameck Guildmage’s first ability is cumulative. For example, if it resolves twice in a turn, each creature that enters the battlefield under your control that turn will do so with two +1/+1 additional counters on it."}, {"date": "2013-01-24", "text": "Zameck Guildmage’s first ability has no effect on creatures already on the battlefield when it resolves."}], "setCode": "PGTC", "subtypes": ["Elf", "Wizard"], "supertypes": [], "text": "{G}{U}: This turn, each creature you control enters the battlefield with an additional +1/+1 counter on it.\n{G}{U}, Remove a +1/+1 counter from a creature you control: Draw a card.", "toughness": "2", "type": "Creature — Elf Wizard", "types": ["Creature"], "uuid": "f5d18a0b-8943-5aa3-a72b-5df73dd2cd30"}, {"artist": "Steven Belledin", "availability": ["paper"], "borderColor": "black", "colorIdentity": ["B", "U"], "colors": ["B", "U"], "convertedManaCost": 3.0, "edhrecRank": 5266, "finishes": ["foil"], "foreignData": [], "frameVersion": "2003", "hasFoil": true, "hasNonFoil": false, "identifiers": {"cardKingdomFoilId": "189439", "cardsphereId": "7738", "mcmId": "260126", "mtgjsonV4Id": "435c9cc9-f059-5cf5-b91f-9ccc6806166e", "scryfallId": "bd7305f2-6e91-4d30-961b-b74a830d6eb3", "scryfallIllustrationId": "913f17e7-f052-410d-a114-a12519b33175", "scryfallOracleId": "4ce83f8c-b27e-4e5b-b19b-76b66aaa904b", "tcgplayerProductId": "67369"}, "isPromo": true, "isReprint": true, "isStarter": true, "keywords": ["Flying"], "language": "English", "layout": "normal", "legalities": {"commander": "Legal", "duel": "Legal", "legacy": "Legal", "modern": "Legal", "penny": "Legal", "pioneer": "Legal", "vintage": "Legal"}, "manaCost": "{U/B}{U/B}{U/B}", "manaValue": 3.0, "name": "Nightveil Specter", "number": "*222", "power": "2", "printings": ["GK1", "GTC", "PGTC", "PRM"], "promoTypes": ["setpromo", "buyabox"], "purchaseUrls": {"cardKingdomFoil": "https://mtgjson.com/links/88c1a0bf75dc9d6b", "tcgplayer": "https://mtgjson.com/links/9a135a99dff55371"}, "rarity": "rare", "rulings": [{"date": "2013-01-24", "text": "The card is exiled face up. All players may look at it."}, {"date": "2013-01-24", "text": "Playing a card exiled with Nightveil Specter follows all the normal rules for playing that card. You must pay its costs, and you must follow all timing restrictions, for example."}, {"date": "2013-01-24", "text": "Nightveil Specter’s last ability applies to cards exiled with that specific Nightveil Specter, not any other creature named Nightveil Specter. You should keep cards exiled by different Nightveil Specters separate."}], "setCode": "PGTC", "subtypes": ["Specter"], "supertypes": [], "text": "Flying\nWhenever Nightveil Specter deals combat damage to a player, that player exiles the top card of their library.\nYou may play lands and cast spells from among cards exiled with Nightveil Specter.", "toughness": "3", "type": "Creature — Specter", "types": ["Creature"], "uuid": "ecd33d9e-3625-5424-b30b-cbadb82014b6", "watermark": "dimir"}], "code": "PGTC", "isFoilOnly": false, "isOnlineOnly": false, "keyruneCode": "GTC", "name": "Gatecrash Promos", "parentCode": "GTC", "releaseDate": "2013-01-26", "tokens": [], "totalSetSize": 9, "translations": {}, "type": "promo"}}