{"meta": {"date": "2022-05-26", "version": "5.2.0+20220526"}, "data": {"baseSetSize": 3, "cards": [{"artist": "Rebecca Guay", "availability": ["paper"], "borderColor": "black", "colorIdentity": ["G"], "colors": ["G"], "convertedManaCost": 3.0, "edhrecRank": 186, "finishes": ["foil"], "flavorText": "Every branch a crossroads, every vine a swift steed.", "foreignData": [], "frameVersion": "2003", "hasFoil": true, "hasNonFoil": false, "identifiers": {"cardKingdomFoilId": "125568", "cardsphereId": "47052", "mcmId": "17557", "mtgjsonV4Id": "25412595-9500-5d6b-b0f8-6c78e931ce3c", "scryfallId": "de62160b-3a29-48ed-9dfc-fd1464147f35", "scryfallIllustrationId": "827ddc6c-bcdf-40da-9c2c-2767f7e31ab9", "scryfallOracleId": "8973bd99-20f8-4867-90ef-50392147ee1b", "tcgplayerProductId": "38212"}, "isPromo": true, "isReprint": true, "isStarter": true, "language": "English", "layout": "normal", "legalities": {"commander": "Legal", "duel": "Legal", "legacy": "Legal", "modern": "Legal", "pauper": "Legal", "paupercommander": "Legal", "penny": "Legal", "premodern": "Legal", "vintage": "Legal"}, "manaCost": "{2}{G}", "manaValue": 3.0, "name": "Wood Elves", "number": "1", "power": "1", "printings": ["7ED", "8ED", "9ED", "C14", "C15", "CMA", "DD1", "DDR", "EVG", "EXO", "KHC", "NCC", "PGTW", "POR", "PRM", "S99", "TD0"], "promoTypes": ["gateway"], "purchaseUrls": {"cardKingdomFoil": "https://mtgjson.com/links/3e3df8b3006157a1", "tcgplayer": "https://mtgjson.com/links/cb4cb0bc11fe729b"}, "rarity": "rare", "rulings": [{"date": "2004-10-04", "text": "Because the “search” requires you to find a card with certain characteristics, you don't have to find the card if you don't want to."}], "setCode": "PGTW", "subtypes": ["Elf", "Scout"], "supertypes": [], "text": "When Wood Elves enters the battlefield, search your library for a Forest card, put that card onto the battlefield, then shuffle.", "toughness": "1", "type": "Creature — Elf Scout", "types": ["Creature"], "uuid": "2a28be1d-f6a9-5a45-9218-901814f927d5", "watermark": "mtg"}, {"artist": "Michael Phillippi", "availability": ["paper"], "borderColor": "black", "colorIdentity": ["W"], "colors": ["W"], "convertedManaCost": 1.0, "edhrecRank": 18880, "finishes": ["foil"], "foreignData": [], "frameVersion": "2003", "hasFoil": true, "hasNonFoil": false, "identifiers": {"cardKingdomFoilId": "125168", "cardsphereId": "47018", "mcmId": "17556", "mtgjsonV4Id": "be83001a-6158-577e-a944-55fdef6cbb8b", "scryfallId": "61b4e09b-f2c7-4469-8bde-8d9ce1887b63", "scryfallIllustrationId": "83f11476-bda6-4643-8dd0-49fdfac3d8c0", "scryfallOracleId": "26112ba7-2859-4af3-93c3-e62c31177216", "tcgplayerProductId": "38196"}, "isPromo": true, "isReprint": true, "isStarter": true, "language": "English", "layout": "normal", "legalities": {"commander": "Legal", "duel": "Legal", "legacy": "Legal", "modern": "Legal", "pauper": "Legal", "paupercommander": "Legal", "vintage": "Legal"}, "manaCost": "{W}", "manaValue": 1.0, "name": "Icatian Javelineers", "number": "2", "power": "1", "printings": ["ATH", "DDO", "FEM", "ME2", "PGTW", "PRM", "TSB"], "promoTypes": ["gateway"], "purchaseUrls": {"cardKingdomFoil": "https://mtgjson.com/links/a9cb6bd9f90c18eb", "tcgplayer": "https://mtgjson.com/links/21437f60088b6e27"}, "rarity": "rare", "rulings": [], "setCode": "PGTW", "subtypes": ["Human", "Soldier"], "supertypes": [], "text": "Icatian Javelineers enters the battlefield with a javelin counter on it.\n{T}, Remove a javelin counter from Icatian Javelineers: It deals 1 damage to any target.", "toughness": "1", "type": "Creature — Human Soldier", "types": ["Creature"], "uuid": "b9c70990-0cb2-5187-bad6-0a941ad25b50", "watermark": "dci"}, {"artist": "Ben Wootten", "availability": ["paper"], "borderColor": "black", "colorIdentity": ["R"], "colors": ["R"], "convertedManaCost": 3.0, "edhrecRank": 4368, "finishes": ["foil"], "foreignData": [], "frameVersion": "2003", "hasFoil": true, "hasNonFoil": false, "identifiers": {"cardKingdomFoilId": "125166", "cardsphereId": "47011", "mcmId": "17555", "mtgjsonV4Id": "44f47ff4-5394-54cd-8218-da3dc87ddf53", "scryfallId": "d377a7b9-5c25-4017-84a8-ae368eceba50", "scryfallIllustrationId": "d6e47840-2b9c-42f6-bff6-e0f2f7bfb4db", "scryfallOracleId": "f07bd49d-8e71-4d56-be2a-638514011318", "tcgplayerProductId": "38193"}, "isPromo": true, "isReprint": true, "isStarter": true, "keywords": ["Madness"], "language": "English", "layout": "normal", "legalities": {"commander": "Legal", "duel": "Legal", "explorer": "Legal", "gladiator": "Legal", "historic": "Legal", "historicbrawl": "Legal", "legacy": "Legal", "modern": "Legal", "pauper": "Legal", "paupercommander": "Legal", "penny": "Legal", "pioneer": "Legal", "premodern": "Legal", "vintage": "Legal"}, "manaCost": "{1}{R}{R}", "manaValue": 3.0, "name": "Fiery Temper", "number": "3", "printings": ["C19", "F16", "J21", "MB1", "PGTW", "PRM", "SOI", "TOR", "TSB", "UMA"], "promoTypes": ["gateway"], "purchaseUrls": {"cardKingdomFoil": "https://mtgjson.com/links/d8289c2728dea32e", "tcgplayer": "https://mtgjson.com/links/8779135e458adc53"}, "rarity": "rare", "rulings": [{"date": "2016-04-08", "text": "Cards are discarded in a Magic game only from a player’s hand. Effects that put cards from a player’s library into that player’s graveyard do not cause those cards to be discarded."}, {"date": "2016-04-08", "text": "A spell cast for its madness cost is put onto the stack like any other spell. It can be countered, copied, and so on. As it resolves, it’s put onto the battlefield if it’s a permanent card or into its owner’s graveyard if it’s an instant or sorcery card."}, {"date": "2016-04-08", "text": "Casting a spell for its madness cost doesn’t change its mana cost or its mana value. You just pay the madness cost instead."}, {"date": "2016-04-08", "text": "Effects that cause you to pay more or less for a spell will cause you to pay that much more or less for its madness cost, too."}, {"date": "2016-04-08", "text": "Madness works independently of why you’re discarding the card. You could discard it to pay a cost, because a spell or ability tells you to, or even because you have too many cards in your hand at the end of your turn. You can’t discard a card with madness just because you want to, though."}, {"date": "2016-04-08", "text": "When you cast a card with madness, it was still discarded. If it was discarded to pay a cost, that cost is still paid. Abilities that trigger when a card is discarded will still trigger."}, {"date": "2016-04-08", "text": "If you choose not to cast a card with madness when the madness triggered ability resolves, it’s put into your graveyard. You don’t get another chance to cast it later."}, {"date": "2016-04-08", "text": "If you discard a card with madness to pay the cost of a spell or activated ability, that card’s madness trigger (and the spell that card becomes, if you choose to cast it) will resolve before the spell or ability the discard paid for."}, {"date": "2016-04-08", "text": "If you discard a card with madness while resolving a spell or ability, it moves immediately to exile. Continue resolving that spell or ability—the card is not in your graveyard at this time. Its madness trigger will be placed onto the stack once that spell or ability has completely resolved."}], "setCode": "PGTW", "subtypes": [], "supertypes": [], "text": "Fiery Temper deals 3 damage to any target.\nMadness {R} (If you discard this card, discard it into exile. When you do, cast it for its madness cost or put it into your graveyard.)", "type": "Instant", "types": ["Instant"], "uuid": "dda76ae1-7645-5793-8e89-02ffdb9cb583", "watermark": "dci"}], "code": "PGTW", "isFoilOnly": true, "isOnlineOnly": false, "keyruneCode": "PARL", "name": "Gateway 2006", "releaseDate": "2006-01-01", "tokens": [], "totalSetSize": 3, "translations": {}, "type": "promo"}}