{"meta": {"date": "2022-05-26", "version": "5.2.0+20220526"}, "data": {"baseSetSize": 5, "cards": [{"artist": "TSWCK", "availability": ["paper"], "borderColor": "black", "colorIdentity": ["G"], "colors": ["G"], "convertedManaCost": 4.0, "edhrecRank": 556, "finishes": ["foil"], "foreignData": [], "frameVersion": "2015", "hasFoil": true, "hasNonFoil": false, "identifiers": {"cardKingdomFoilId": "260348", "mtgjsonV4Id": "c1c225b6-f7fb-5162-a45c-45f1bd653181", "scryfallId": "bfe0e97c-9924-4e70-ad0b-344fadebd2d1", "scryfallIllustrationId": "1dfc84c1-65b3-42d1-a644-4fffe68f68bc", "scryfallOracleId": "8bf8e846-9d10-4dbc-a379-df37bb9fb6d4", "tcgplayerProductId": "270474"}, "isPromo": true, "isReprint": true, "isStarter": true, "language": "English", "layout": "normal", "legalities": {"commander": "Legal", "duel": "Legal", "legacy": "Legal", "modern": "Legal", "paupercommander": "Restricted", "pioneer": "Legal", "vintage": "Legal"}, "manaCost": "{2}{G}{G}", "manaValue": 4.0, "name": "Temur Sabertooth", "number": "1", "power": "4", "printings": ["C17", "FRF", "NCC", "PL22", "SLD"], "purchaseUrls": {"cardKingdomFoil": "https://mtgjson.com/links/763850c7e3c7811e", "tcgplayer": "https://mtgjson.com/links/69669e54809a123f"}, "rarity": "rare", "rulings": [{"date": "2014-11-24", "text": "You choose whether to return a creature and which creature to return as the activated ability resolves. This doesn't target any creature."}], "securityStamp": "oval", "setCode": "PL22", "subtypes": ["Cat"], "supertypes": [], "text": "{1}{G}: You may return another creature you control to its owner's hand. If you do, Temur Sabertooth gains indestructible until end of turn.", "toughness": "3", "type": "Creature — Cat", "types": ["Creature"], "uuid": "3a453ddf-a166-5492-ab1f-615036458689"}, {"availability": ["paper"], "borderColor": "black", "colorIdentity": ["U", "W"], "colors": ["U", "W"], "convertedManaCost": 7.0, "edhrecRank": 20774, "finishes": ["nonfoil", "foil"], "foreignData": [], "frameEffects": ["legendary"], "frameVersion": "2015", "hasFoil": true, "hasNonFoil": true, "identifiers": {"mtgjsonV4Id": "00f6aae7-bf42-5003-acbd-1d92ad1a4b9b", "scryfallId": "17380375-bdc9-41a5-a30b-482044434b8f", "scryfallOracleId": "523cca7d-7d21-45de-b82d-58e777bf7f72"}, "isPromo": true, "isReprint": true, "isStarter": true, "language": "English", "layout": "normal", "leadershipSkills": {"brawl": false, "commander": true, "oathbreaker": false}, "legalities": {"commander": "Legal", "duel": "Legal", "legacy": "Legal", "pauper": "Legal", "paupercommander": "Legal", "vintage": "Legal"}, "manaCost": "{4}{W}{W}{U}", "manaValue": 7.0, "name": "Jedit Ojanen", "number": "2", "power": "5", "printings": ["LEG", "ME3", "PL22"], "purchaseUrls": {}, "rarity": "rare", "rulings": [], "securityStamp": "oval", "setCode": "PL22", "subtypes": ["Cat", "Warrior"], "supertypes": ["Legendary"], "toughness": "5", "type": "Legendary Creature — Cat Warrior", "types": ["Creature"], "uuid": "fb05238a-d782-5e79-9372-b8dc0e76d9f4"}, {"availability": ["paper"], "borderColor": "black", "colorIdentity": ["B", "R", "W"], "colors": ["B", "R", "W"], "convertedManaCost": 4.0, "edhrecRank": 6351, "finishes": ["nonfoil", "foil"], "foreignData": [], "frameEffects": ["legendary"], "frameVersion": "2015", "hasFoil": true, "hasNonFoil": true, "identifiers": {"mtgjsonV4Id": "cdc58051-6b81-5ad6-a658-e3ab246b16a7", "scryfallId": "d8544b91-fe93-4bcb-98b0-57c830e101fe", "scryfallOracleId": "b2b78623-5a10-4ef7-b983-3d82478269c3"}, "isPromo": true, "isReprint": true, "isStarter": true, "keywords": ["Double strike", "Mutate"], "language": "English", "layout": "normal", "leadershipSkills": {"brawl": false, "commander": true, "oathbreaker": false}, "legalities": {"commander": "Legal", "duel": "Legal", "explorer": "Legal", "gladiator": "Legal", "historic": "Legal", "historicbrawl": "Legal", "legacy": "Legal", "modern": "Legal", "pioneer": "Legal", "vintage": "Legal"}, "manaCost": "{1}{R}{W}{B}", "manaValue": 4.0, "name": "Snapdax, Apex of the Hunt", "number": "3", "power": "3", "printings": ["IKO", "PIKO", "PL22", "PRM"], "purchaseUrls": {}, "rarity": "rare", "rulings": [{"date": "2020-04-17", "text": "If there is no legal target for Snapdax’s triggered ability when it triggers, it won’t be put onto the stack at all and you won’t gain 4 life. Similarly, if the target creature or planeswalker is an illegal target by the time the ability tries to resolve, the ability won’t resolve and you won’t gain 4 life."}], "securityStamp": "oval", "setCode": "PL22", "subtypes": ["Dinosaur", "Cat", "Nightmare"], "supertypes": ["Legendary"], "text": "Mutate {2}{B/R}{W}{W} (If you cast this spell for its mutate cost, put it over or under target non-Human creature you own. They mutate into the creature on top plus all abilities from under it.)\nDouble strike\nWhenever this creature mutates, it deals 4 damage to target creature or planeswalker an opponent controls and you gain 4 life.", "toughness": "5", "type": "Legendary Creature — Dinosaur Cat Nightmare", "types": ["Creature"], "uuid": "43997324-b6b1-5c29-b83b-f30b028bbca9"}, {"availability": ["paper"], "borderColor": "black", "colorIdentity": ["B", "U"], "colors": ["B", "U"], "convertedManaCost": 3.0, "edhrecRank": 1692, "finishes": ["foil"], "foreignData": [], "frameEffects": ["legendary"], "frameVersion": "2015", "hasFoil": true, "hasNonFoil": false, "identifiers": {"mtgjsonV4Id": "ad5357a3-34db-59b3-8018-ff097103ed58", "scryfallId": "b08bd0ff-663d-4a1c-bf48-0042720c2485", "scryfallOracleId": "a7043fbd-1dfd-42cf-be4b-cc343d0949e5"}, "isPromo": true, "isReprint": true, "isStarter": true, "keywords": ["Commander ninjutsu"], "language": "English", "layout": "normal", "leadershipSkills": {"brawl": false, "commander": true, "oathbreaker": false}, "legalities": {"commander": "Legal", "duel": "Restricted", "legacy": "Legal", "vintage": "Legal"}, "manaCost": "{1}{U}{B}", "manaValue": 3.0, "name": "Yuriko, the Tiger's Shadow", "number": "4", "power": "1", "printings": ["C18", "CMR", "J19", "MB1", "PL22", "PLG21", "PRM", "PZ2"], "purchaseUrls": {}, "rarity": "rare", "rulings": [{"date": "2020-11-10", "text": "Commander ninjutsu is a variant of ninjutsu that can be activated from the command zone as well as from your hand. Just as with regular ninjutsu, the Ninja enters attacking the player or planeswalker that the returned creature was attacking."}, {"date": "2020-11-10", "text": "Although the ninjutsu ability has the creature enter the battlefield attacking, it was never declared as an attacking creature (for the purposes of abilities that trigger whenever a creature attacks, for example)."}, {"date": "2020-11-10", "text": "Activating Yuriko’s commander ninjutsu ability isn’t the same as casting Yuriko as a spell. You won’t have to pay the commander tax to activate that ability, and activating that ability won’t increase the commander tax to pay later."}, {"date": "2020-11-10", "text": "If a card in a player’s library has {X} in its mana cost, X is considered to be 0."}], "securityStamp": "oval", "setCode": "PL22", "subtypes": ["Human", "Ninja"], "supertypes": ["Legendary"], "text": "Commander ninjutsu {U}{B} ({U}{B}, Return an unblocked attacker you control to hand: Put this card onto the battlefield from your hand or the command zone tapped and attacking.)\nWhenever a Ninja you control deals combat damage to a player, reveal the top card of your library and put that card into your hand. Each opponent loses life equal to that card's mana value.", "toughness": "3", "type": "Legendary Creature — Human Ninja", "types": ["Creature"], "uuid": "4b8bed8b-6661-5200-8aca-11694c7cbcc1"}, {"artist": "TSWCK", "availability": ["paper"], "borderColor": "black", "colorIdentity": [], "colors": [], "convertedManaCost": 3.0, "edhrecRank": 304, "finishes": ["nonfoil", "foil"], "foreignData": [], "frameVersion": "2015", "hasFoil": true, "hasNonFoil": true, "identifiers": {"mtgjsonV4Id": "82094f5b-e85b-567e-89a8-c666f02d1d7e", "scryfallId": "f1817508-e2bd-440e-98e2-f4282b40d713", "scryfallIllustrationId": "d2dbc84c-25af-4ad6-977d-9f3d54616a26", "scryfallOracleId": "c02c5547-b9c9-4b2d-9d12-e87bfba8f2d2"}, "isPromo": true, "isReprint": true, "isStarter": true, "language": "English", "layout": "normal", "legalities": {"commander": "Legal", "duel": "Legal", "gladiator": "Legal", "historic": "Legal", "historicbrawl": "Legal", "legacy": "Legal", "vintage": "Legal"}, "manaCost": "{3}", "manaValue": 3.0, "name": "Herald's Horn", "number": "5", "printings": ["C17", "JMP", "MB1", "PL22", "PLIST", "PZ2"], "purchaseUrls": {}, "rarity": "rare", "rulings": [{"date": "2017-08-25", "text": "The effect of Herald’s Horn reduces only generic mana in a spell’s cost. If that cost has no generic mana, the cost isn’t reduced."}, {"date": "2017-08-25", "text": "To determine the total cost of a spell, start with the mana cost or alternative cost you’re paying, add any cost increases, then apply any cost reductions. The converted mana cost of the spell remains unchanged, no matter what the total cost to cast it was."}, {"date": "2017-08-25", "text": "If you don’t put the top card of your library into your hand, you put it back on top of your library without revealing it. You’ll draw it in that turn’s draw step."}, {"date": "2017-08-25", "text": "If you somehow control a Herald’s Horn with no chosen creature type, no spells will cost less to cast, not even creature spells with no creature type. You’ll be able to look at the top card of your library at the beginning of each of your upkeeps, but you can never put it into your hand this way, even if it’s a creature card with no creature type."}, {"date": "2017-08-25", "text": "You must choose an existing creature type, such as Vampire or Cat. Card types such as “artifact” can’t be chosen."}, {"date": "2017-08-25", "text": "You can’t choose multiple creature types, such as “Cat Warrior.” A Cat Warrior is both a Cat and a Warrior. It’s affected by anything that affects either type and unaffected by things that affect non-Cat or non-Warrior creatures."}], "securityStamp": "oval", "setCode": "PL22", "subtypes": [], "supertypes": [], "text": "As Herald's Horn enters the battlefield, choose a creature type.\nCreature spells you cast of the chosen type cost {1} less to cast.\nAt the beginning of your upkeep, look at the top card of your library. If it's a creature card of the chosen type, you may reveal it and put it into your hand.", "type": "Artifact", "types": ["Artifact"], "uuid": "03164798-f911-5e6b-b0e2-9555ca882a49"}], "code": "PL22", "isFoilOnly": false, "isOnlineOnly": false, "keyruneCode": "PMEI", "name": "Year of the Tiger 2022", "releaseDate": "2022-02-25", "tokens": [], "totalSetSize": 5, "translations": {}, "type": "promo"}}