{"meta": {"date": "2022-05-26", "version": "5.2.0+20220526"}, "data": {"baseSetSize": 1, "cards": [{"artist": "Mike Bierek", "availability": ["paper"], "borderColor": "black", "colorIdentity": [], "colors": [], "convertedManaCost": 1.0, "edhrecRank": 1, "finishes": ["foil"], "foreignData": [], "frameVersion": "1997", "hasFoil": true, "hasNonFoil": false, "identifiers": {"mtgjsonV4Id": "0d588d10-f9f3-55fe-9a6b-2291938271ea", "scryfallId": "a0dd17da-9773-4a17-9aa7-4cd8958e1ef8", "scryfallIllustrationId": "146aaae4-93f4-409a-be32-010e86d137da", "scryfallOracleId": "6ad8011d-3471-4369-9d68-b264cc027487"}, "isPromo": true, "isReprint": true, "isStarter": true, "language": "English", "layout": "normal", "legalities": {"commander": "Legal", "duel": "Banned", "legacy": "Banned", "vintage": "Restricted"}, "manaCost": "{1}", "manaValue": 1.0, "name": "Sol Ring", "number": "1", "printings": ["2ED", "3ED", "AFC", "C13", "C14", "C15", "C16", "C17", "C18", "C19", "C20", "C21", "CC1", "CC2", "CED", "CEI", "CM2", "CMA", "CMD", "CMR", "FBB", "G05", "KHC", "LEA", "LEB", "MB1", "ME4", "MIC", "MPS", "NCC", "NEC", "PF19", "PHED", "PLG22", "PRM", "PZ1", "SLD", "SUM", "V10", "VMA", "VOC", "ZNC"], "purchaseUrls": {}, "rarity": "rare", "rulings": [], "setCode": "PLG22", "subtypes": [], "supertypes": [], "text": "{T}: Add {C}{C}.", "type": "Artifact", "types": ["Artifact"], "uuid": "b2f61ece-6476-5586-aa8b-1636e45d606f", "watermark": "wotc"}], "code": "PLG22", "isFoilOnly": true, "isOnlineOnly": false, "isPartialPreview": true, "keyruneCode": "PMEI", "name": "Love Your LGS 2022", "releaseDate": "2022-07-01", "tokens": [], "totalSetSize": 1, "translations": {}, "type": "promo"}}