{"meta": {"date": "2022-05-26", "version": "5.2.0+20220526"}, "data": {"baseSetSize": 1, "cards": [{"artist": "Daniel Ljunggren", "availability": ["paper"], "borderColor": "black", "colorIdentity": [], "colors": [], "convertedManaCost": 0.0, "edhrecRank": 11, "finishes": ["foil"], "flavorText": "\"The tower isn't the structure itself. It is all of us, and the wisdom we share. It grows ever upward, a stone for every new arrival.\"\n—Archmage Vintra", "foreignData": [], "frameVersion": "2015", "hasFoil": true, "hasNonFoil": false, "identifiers": {"cardKingdomFoilId": "233800", "cardsphereId": "69880", "mcmId": "464729", "mtgjsonV4Id": "d857d923-4acc-55d6-aceb-01fc68032df2", "scryfallId": "d27b6a46-f9be-437a-a13c-ad8077ac0127", "scryfallIllustrationId": "189da6cc-5b89-469d-9d48-16b8053c1225", "scryfallOracleId": "c23e5b80-08d2-4e24-9908-fe2aa4f30f6f", "tcgplayerProductId": "215334"}, "isPromo": true, "isReprint": true, "isStarter": true, "language": "English", "layout": "normal", "legalities": {"commander": "Legal", "duel": "Legal", "explorer": "Legal", "gladiator": "Legal", "historic": "Legal", "historicbrawl": "Legal", "legacy": "Legal", "modern": "Legal", "penny": "Legal", "pioneer": "Legal", "vintage": "Legal"}, "manaValue": 0.0, "name": "Reliquary Tower", "number": "1", "printings": ["C14", "C15", "C16", "C19", "C20", "C21", "CM2", "CMR", "CON", "F13", "M13", "M19", "MB1", "PHED", "PLG20", "PM19", "PRM"], "purchaseUrls": {"cardKingdomFoil": "https://mtgjson.com/links/9e983ad6bc4ce3d0", "tcgplayer": "https://mtgjson.com/links/311eb649e91abcec"}, "rarity": "rare", "rulings": [{"date": "2009-02-01", "text": "If multiple effects modify your hand size, apply them in timestamp order. For example, if you put Null Profusion (an enchantment that says your maximum hand size is two) onto the battlefield and then put Reliquary Tower onto the battlefield, you’ll have no maximum hand size. However, if those permanents enter the battlefield in the opposite order, your maximum hand size would be two."}], "securityStamp": "oval", "setCode": "PLG20", "subtypes": [], "supertypes": [], "text": "You have no maximum hand size.\n{T}: Add {C}.", "type": "Land", "types": ["Land"], "uuid": "38a257a9-a1db-5204-9e43-85cc6a51c056"}, {"artist": "Nicholas Gregory", "availability": ["paper"], "borderColor": "borderless", "colorIdentity": [], "colors": [], "convertedManaCost": 0.0, "edhrecRank": 1306, "finishes": ["foil"], "flavorName": "Mechagodzilla, Battle Fortress", "foreignData": [], "frameVersion": "2015", "hasFoil": true, "hasNonFoil": false, "identifiers": {"cardKingdomFoilId": "233801", "cardsphereId": "69881", "mcmId": "464734", "mtgjsonV4Id": "136077b9-1742-56a3-8d98-3b38cb7a3e94", "scryfallId": "773916fd-060e-4abc-a060-e18768807571", "scryfallIllustrationId": "25ef9467-544c-4fd5-95e0-621bef7eeb97", "scryfallOracleId": "dde55256-5259-44e7-a267-fca45a7f0d04", "tcgplayerProductId": "215335"}, "isPromo": true, "isReprint": true, "isStarter": true, "language": "English", "layout": "normal", "legalities": {"commander": "Legal", "duel": "Legal", "legacy": "Legal", "modern": "Legal", "pioneer": "Legal", "vintage": "Legal"}, "manaCost": "{X}{X}", "manaValue": 0.0, "name": "Hangarback Walker", "number": "2", "power": "0", "printings": ["MPS", "ORI", "PLG20"], "promoTypes": ["godzillaseries"], "purchaseUrls": {"cardKingdomFoil": "https://mtgjson.com/links/e56ae4b3355ce227", "tcgplayer": "https://mtgjson.com/links/8c43ff30e0ac0e56"}, "rarity": "rare", "rulings": [{"date": "2015-06-22", "text": "The value of each X in Hangarback Walker’s mana cost must be equal. For example, if X is 2, you’ll pay {4} to cast Hangarback Walker and it will enter the battlefield with two +1/+1 counters on it."}, {"date": "2015-06-22", "text": "If enough -1/-1 counters are put on Hangarback Walker at the same time to make its toughness 0 or less, the number of +1/+1 counters on it before it got any -1/-1 counters will be used to determine how many Thopter tokens you get. For example, if there are three +1/+1 counters on Hangarback Walker and it gets four -1/-1 counters, you’ll get three Thopter tokens. That’s because Hangarback Walker’s triggered ability checks the creature’s existence just before it leaves the battlefield, and it still has all those counters on it at that point."}], "securityStamp": "oval", "setCode": "PLG20", "subtypes": ["Construct"], "supertypes": [], "text": "Hangarback Walker enters the battlefield with X +1/+1 counters on it.\nWhen Hangarback Walker dies, create a 1/1 colorless Thopter artifact creature token with flying for each +1/+1 counter on Hangarback Walker.\n{1}, {T}: Put a +1/+1 counter on Hangarback Walker.", "toughness": "0", "type": "Artifact Creature — Construct", "types": ["Artifact", "Creature"], "uuid": "eaf748e5-ed61-504f-8799-bd52eb3ea9cd"}], "code": "PLG20", "isFoilOnly": true, "isOnlineOnly": false, "keyruneCode": "PMEI", "name": "Love Your LGS 2020", "releaseDate": "2020-05-18", "tokens": [], "totalSetSize": 2, "translations": {}, "type": "promo"}}