{"meta": {"date": "2022-05-26", "version": "5.2.0+20220526"}, "data": {"baseSetSize": 5, "cards": [{"artist": "Rebecca Guay", "availability": ["paper"], "borderColor": "black", "colorIdentity": ["W"], "colors": ["W"], "convertedManaCost": 3.0, "edhrecRank": 340, "finishes": ["foil"], "foreignData": [], "frameVersion": "1997", "hasFoil": true, "hasNonFoil": false, "identifiers": {"cardKingdomFoilId": "249049", "cardsphereId": "79745", "mcmId": "573238", "mtgjsonV4Id": "455e5e89-4fe3-57c1-8c0d-f1d0ec3e3bff", "scryfallId": "508c8a22-a11a-42e3-9968-b0ced52ed3f5", "scryfallIllustrationId": "09d591dc-56f1-4093-8f45-991a6e124c79", "scryfallOracleId": "d9517c5d-66d0-4178-96fb-a8c04f311ad8", "tcgplayerProductId": "245171"}, "isPromo": true, "isReprint": true, "isStarter": true, "keywords": ["Flash", "Flying"], "language": "English", "layout": "normal", "legalities": {"commander": "Legal", "duel": "Legal", "explorer": "Legal", "gladiator": "Legal", "historic": "Legal", "historicbrawl": "Legal", "legacy": "Legal", "modern": "Legal", "paupercommander": "Restricted", "penny": "Legal", "pioneer": "Legal", "vintage": "Legal"}, "manaCost": "{2}{W}", "manaValue": 3.0, "name": "Aven Mindcensor", "number": "1", "power": "2", "printings": ["AKH", "AKR", "FUT", "MP2", "PAKH", "PLG21", "TSR"], "purchaseUrls": {"cardKingdomFoil": "https://mtgjson.com/links/63cdbc1f5060d652", "tcgplayer": "https://mtgjson.com/links/181c36a6ff713df5"}, "rarity": "rare", "rulings": [{"date": "2021-03-19", "text": "Each search works exactly the same as normal except that the opponent doing the searching sees only the top four cards of that library. They can’t look at the other cards in that library at all. Cards not in the top four cards of the library can’t be found in the search, even if they’re identifiable in some manner."}, {"date": "2021-03-19", "text": "For effects that check whether a player searched a library or may search a library, searching the top four cards of that library counts as searching that library."}, {"date": "2021-03-19", "text": "If an effect uses the word “search” once but allows an opponent to search for multiple cards, the top four cards remain the same throughout the entire search. Finding one card won’t cause the fifth card to become included in the search."}, {"date": "2021-03-19", "text": "After the search is complete, the entire library is shuffled."}], "setCode": "PLG21", "subtypes": ["Bird", "Wizard"], "supertypes": [], "text": "Flash\nFlying\nIf an opponent would search a library, that player searches the top four cards of that library instead.", "toughness": "1", "type": "Creature — Bird Wizard", "types": ["Creature"], "uuid": "009eb248-a740-506a-b7e6-31d97b185394"}, {"artist": "Kawasumi", "availability": ["paper"], "borderColor": "black", "colorIdentity": ["R"], "colors": ["R"], "convertedManaCost": 2.0, "edhrecRank": 3898, "finishes": ["foil"], "foreignData": [{"language": "Japanese", "name": "オーブ・オヴ・ドラゴンカインド", "text": "{1}, {T}：望む色の組み合わせのマナ２点を加える。このマナは、ドラゴン・呪文を唱えるためか、ドラゴンの能力を起動するためにのみ使用できる。\n{R}, {T}, オーブ・オヴ・ドラゴンカインドを生け贄に捧げる：あなたのライブラリーの一番上にあるカード７枚を見る。あなたは「その中からドラゴン・カード１枚を公開し、あなたの手札に加える。」を選んでもよい。残りをあなたのライブラリーの一番下に無作為の順番で置く。", "type": "アーティファクト"}], "frameVersion": "2015", "hasFoil": true, "hasNonFoil": false, "identifiers": {"mtgjsonV4Id": "1e33ab6a-b546-5242-b2f9-6bd9ce7ddaeb", "scryfallId": "2c0edd02-181e-4077-9829-1c1ed5035eeb", "scryfallIllustrationId": "0a963889-165c-4ad8-b012-3b494f95237c", "scryfallOracleId": "d9c36ed5-629c-4709-bff5-2f10fcde608a", "tcgplayerProductId": "249929"}, "isPromo": true, "isReprint": true, "isStarter": true, "language": "Japanese", "layout": "normal", "legalities": {"alchemy": "Legal", "brawl": "Legal", "commander": "Legal", "duel": "Legal", "explorer": "Legal", "future": "Legal", "gladiator": "Legal", "historic": "Legal", "historicbrawl": "Legal", "legacy": "Legal", "modern": "Legal", "penny": "Legal", "pioneer": "Legal", "standard": "Legal", "vintage": "Legal"}, "manaCost": "{1}{R}", "manaValue": 2.0, "name": "Orb of Dragonkind", "number": "J1", "originalReleaseDate": "2021-07-12", "printings": ["AFR", "PAFR", "PLG21"], "purchaseUrls": {"tcgplayer": "https://mtgjson.com/links/e8a16a2be16353b0"}, "rarity": "rare", "rulings": [{"date": "2021-07-23", "text": "A Dragon card is a card with the creature type Dragon in its type line. Similarly, a creature on the battlefield is a Dragon if it has the Dragon creature type. A card that has “Dragon” in the name (such as Orb of Dragonkind) isn't a Dragon card unless it also has the Dragon creature type."}], "securityStamp": "oval", "setCode": "PLG21", "subtypes": [], "supertypes": [], "text": "{1}, {T}: Add two mana in any combination of colors. Spend this mana only to cast Dragon spells or activate abilities of Dragons.\n{R}, {T}, Sacrifice Orb of Dragonkind: Look at the top seven cards of your library. You may reveal a Dragon card from among them and put it into your hand. Put the rest on the bottom of your library in a random order.", "type": "Artifact", "types": ["Artifact"], "uuid": "18441809-3027-5c19-b373-a85a5629aba1", "variations": ["2b1f73ca-a54d-5735-9404-16b397ca88a3", "12c30aa1-9fcd-542b-a0e8-6d0897c50b76"]}, {"artist": "Mark Winters", "availability": ["paper"], "borderColor": "black", "colorIdentity": ["B", "R"], "colors": ["B", "R"], "convertedManaCost": 3.0, "edhrecRank": 2235, "finishes": ["foil"], "foreignData": [], "frameEffects": ["legendary"], "frameVersion": "2015", "hasFoil": true, "hasNonFoil": false, "identifiers": {"mtgjsonV4Id": "fced844a-9fe3-5d3d-b6e8-b178ec797f12", "scryfallId": "fa49f3a9-9b64-4fe0-8ecf-df5f9d73defe", "scryfallIllustrationId": "09d4be50-a2a3-4039-a8ba-d2696d383e35", "scryfallOracleId": "0f0f3712-8d13-41a5-b332-2ab34e48d79d"}, "isPromo": true, "isReprint": true, "isStarter": true, "language": "Chinese Traditional", "layout": "normal", "leadershipSkills": {"brawl": false, "commander": true, "oathbreaker": false}, "legalities": {"commander": "Legal", "duel": "Legal", "legacy": "Legal", "vintage": "Legal"}, "manaCost": "{1}{B}{R}", "manaValue": 3.0, "name": "Xantcha, Sleeper Agent", "number": "C1", "power": "5", "printings": ["C18", "PLG21", "PZ2"], "purchaseUrls": {}, "rarity": "rare", "rulings": [{"date": "2018-07-13", "text": "Xantcha’s controller may activate its last ability. In this case, the same player loses 2 life and draws a card."}, {"date": "2018-07-13", "text": "Xantcha’s first ability is a replacement effect that modifies how it enters the battlefield, not a triggered ability. Players can’t take actions (such as activating its last ability) while Xantcha’s on the battlefield before it’s controlled by another player."}, {"date": "2018-07-13", "text": "If Xantcha can’t attack for any reason (such as being tapped or having come under that player’s control that turn), then it doesn’t attack. If there’s a cost associated with having it attack, the player isn’t forced to pay that cost, so it doesn’t have to attack in that case either."}, {"date": "2018-07-13", "text": "The player who draws a card when Xantcha’s last ability resolves is the player who activated the ability."}, {"date": "2018-07-13", "text": "If a player creates a token that’s a copy of Xantcha, the player who creates the token is its owner, not the player under whose control it enters the battlefield. This is a change from previous rules."}, {"date": "2019-08-23", "text": "In a multiplayer game, if Xantcha’s owner leaves the game, Xantcha leaves the game with them. If Xantcha’s controller leaves the game, Xantcha is exiled. This is a change from previous rulings due to Xantcha’s updated wording."}], "securityStamp": "oval", "setCode": "PLG21", "subtypes": ["Phyrexian", "Minion"], "supertypes": ["Legendary"], "text": "Xantcha, Sleeper Agent enters the battlefield under the control of an opponent of your choice.\nXantcha attacks each combat if able and can't attack its owner or planeswalkers its owner controls.\n{3}: Xantcha's controller loses 2 life and you draw a card. Any player may activate this ability.", "toughness": "5", "type": "Legendary Creature — Phyrexian Minion", "types": ["Creature"], "uuid": "f200eaaf-38fc-524c-ae5b-c326a1bf413b"}, {"artist": "Ryan Yee", "availability": ["paper"], "borderColor": "black", "colorIdentity": ["U"], "colors": ["U"], "convertedManaCost": 8.0, "edhrecRank": 343, "finishes": ["foil"], "foreignData": [], "frameVersion": "1997", "hasFoil": true, "hasNonFoil": false, "identifiers": {"cardKingdomFoilId": "249050", "cardsphereId": "79742", "mcmId": "573239", "mtgjsonV4Id": "b273a2d6-a97e-5c3b-a977-1cdad47e33dd", "scryfallId": "9914fb69-ebe8-469a-953a-763d89deb810", "scryfallIllustrationId": "4324b35c-f758-4bfb-95f0-f464edc7513f", "scryfallOracleId": "f8b17b89-26ce-4208-874a-9e1d66514640", "tcgplayerProductId": "245172"}, "isPromo": true, "isReprint": true, "isStarter": true, "keywords": ["Delve"], "language": "English", "layout": "normal", "legalities": {"commander": "Legal", "duel": "Banned", "legacy": "Banned", "modern": "Banned", "pioneer": "Legal", "vintage": "Restricted"}, "manaCost": "{6}{U}{U}", "manaValue": 8.0, "name": "Dig Through Time", "number": "2", "printings": ["C21", "KTK", "NCC", "PKTK", "PLG21", "SLD", "UMA"], "purchaseUrls": {"cardKingdomFoil": "https://mtgjson.com/links/67e48a3e475224af", "tcgplayer": "https://mtgjson.com/links/8831802959e6a31d"}, "rarity": "rare", "rulings": [{"date": "2021-03-19", "text": "You can exile cards to pay only for generic mana, and you can't exile more cards than the generic mana requirement of a spell with delve. For example, you can't exile more than seven cards from your graveyard to cast Dig Through Time unless an effect has increased its cost."}, {"date": "2021-03-19", "text": "Delve doesn't change a spell's mana cost or mana value. For example, Dig Through Time's mana value is 8 even if you exiled three cards to cast it."}, {"date": "2021-03-19", "text": "Because delve isn't an alternative cost, it can be used in conjunction with alternative costs, such as flashback. It can also be used to pay for additional costs that include generic mana."}], "setCode": "PLG21", "subtypes": [], "supertypes": [], "text": "Delve (Each card you exile from your graveyard while casting this spell pays for {1}.)\nLook at the top seven cards of your library. Put two of them into your hand and the rest on the bottom of your library in any order.", "type": "Instant", "types": ["Instant"], "uuid": "175b989c-99c2-5d07-a7c3-1fcf50f6c11a"}, {"artist": "Kawasumi", "availability": ["paper"], "borderColor": "black", "colorIdentity": ["R"], "colors": ["R"], "convertedManaCost": 2.0, "edhrecRank": 3898, "finishes": ["foil"], "foreignData": [{"language": "Japanese", "name": "オーブ・オヴ・ドラゴンカインド", "text": "{1}, {T}：望む色の組み合わせのマナ２点を加える。このマナは、ドラゴン・呪文を唱えるためか、ドラゴンの能力を起動するためにのみ使用できる。\n{R}, {T}, オーブ・オヴ・ドラゴンカインドを生け贄に捧げる：あなたのライブラリーの一番上にあるカード７枚を見る。あなたは「その中からドラゴン・カード１枚を公開し、あなたの手札に加える。」を選んでもよい。残りをあなたのライブラリーの一番下に無作為の順番で置く。", "type": "アーティファクト"}], "frameVersion": "2015", "hasFoil": true, "hasNonFoil": false, "identifiers": {"mtgjsonV4Id": "9a0f2a06-e48c-5d9f-b1f6-174f944f3912", "scryfallId": "bc9c39d1-1e10-4cd3-a4b1-b6eb7c1a0b65", "scryfallIllustrationId": "9fc6deee-b1ec-4230-96ed-bc566bea1b0d", "scryfallOracleId": "d9c36ed5-629c-4709-bff5-2f10fcde608a", "tcgplayerProductId": "249930"}, "isPromo": true, "isReprint": true, "isStarter": true, "language": "Japanese", "layout": "normal", "legalities": {"alchemy": "Legal", "brawl": "Legal", "commander": "Legal", "duel": "Legal", "explorer": "Legal", "future": "Legal", "gladiator": "Legal", "historic": "Legal", "historicbrawl": "Legal", "legacy": "Legal", "modern": "Legal", "penny": "Legal", "pioneer": "Legal", "standard": "Legal", "vintage": "Legal"}, "manaCost": "{1}{R}", "manaValue": 2.0, "name": "Orb of Dragonkind", "number": "J2", "originalReleaseDate": "2021-07-12", "printings": ["AFR", "PAFR", "PLG21"], "purchaseUrls": {"tcgplayer": "https://mtgjson.com/links/bd86a3cd56985abb"}, "rarity": "rare", "rulings": [{"date": "2021-07-23", "text": "A Dragon card is a card with the creature type Dragon in its type line. Similarly, a creature on the battlefield is a Dragon if it has the Dragon creature type. A card that has “Dragon” in the name (such as Orb of Dragonkind) isn't a Dragon card unless it also has the Dragon creature type."}], "securityStamp": "oval", "setCode": "PLG21", "subtypes": [], "supertypes": [], "text": "{1}, {T}: Add two mana in any combination of colors. Spend this mana only to cast Dragon spells or activate abilities of Dragons.\n{R}, {T}, Sacrifice Orb of Dragonkind: Look at the top seven cards of your library. You may reveal a Dragon card from among them and put it into your hand. Put the rest on the bottom of your library in a random order.", "type": "Artifact", "types": ["Artifact"], "uuid": "2b1f73ca-a54d-5735-9404-16b397ca88a3", "variations": ["18441809-3027-5c19-b373-a85a5629aba1", "12c30aa1-9fcd-542b-a0e8-6d0897c50b76"]}, {"artist": "Yongjae Choi", "availability": ["paper"], "borderColor": "black", "colorIdentity": ["B", "U"], "colors": ["B", "U"], "convertedManaCost": 3.0, "edhrecRank": 1692, "finishes": ["foil"], "foreignData": [], "frameEffects": ["legendary"], "frameVersion": "2015", "hasFoil": true, "hasNonFoil": false, "identifiers": {"mtgjsonV4Id": "adc0ff66-578e-5ec6-9eba-6b809ce092fd", "scryfallId": "de2f26fc-1c69-490d-83a9-4031bcff6895", "scryfallIllustrationId": "bdf6bde5-f94a-49c1-b689-43d25ceae5ba", "scryfallOracleId": "a7043fbd-1dfd-42cf-be4b-cc343d0949e5"}, "isPromo": true, "isReprint": true, "isStarter": true, "keywords": ["Commander ninjutsu"], "language": "Chinese Simplified", "layout": "normal", "leadershipSkills": {"brawl": false, "commander": true, "oathbreaker": false}, "legalities": {"commander": "Legal", "duel": "Restricted", "legacy": "Legal", "vintage": "Legal"}, "manaCost": "{1}{U}{B}", "manaValue": 3.0, "name": "Yuriko, the Tiger's Shadow", "number": "C2", "originalReleaseDate": "2021-01-01", "power": "1", "printings": ["C18", "CMR", "J19", "MB1", "PL22", "PLG21", "PRM", "PZ2"], "purchaseUrls": {}, "rarity": "rare", "rulings": [{"date": "2020-11-10", "text": "Commander ninjutsu is a variant of ninjutsu that can be activated from the command zone as well as from your hand. Just as with regular ninjutsu, the Ninja enters attacking the player or planeswalker that the returned creature was attacking."}, {"date": "2020-11-10", "text": "Although the ninjutsu ability has the creature enter the battlefield attacking, it was never declared as an attacking creature (for the purposes of abilities that trigger whenever a creature attacks, for example)."}, {"date": "2020-11-10", "text": "Activating Yuriko’s commander ninjutsu ability isn’t the same as casting Yuriko as a spell. You won’t have to pay the commander tax to activate that ability, and activating that ability won’t increase the commander tax to pay later."}, {"date": "2020-11-10", "text": "If a card in a player’s library has {X} in its mana cost, X is considered to be 0."}], "securityStamp": "oval", "setCode": "PLG21", "subtypes": ["Human", "Ninja"], "supertypes": ["Legendary"], "text": "Commander ninjutsu {U}{B} ({U}{B}, Return an unblocked attacker you control to hand: Put this card onto the battlefield from your hand or the command zone tapped and attacking.)\nWhenever a Ninja you control deals combat damage to a player, reveal the top card of your library and put that card into your hand. Each opponent loses life equal to that card's mana value.", "toughness": "3", "type": "Legendary Creature — Human Ninja", "types": ["Creature"], "uuid": "ffdd604b-2d16-5929-9eda-5522581409dc"}, {"artist": "Jonas De Ro", "availability": ["paper"], "borderColor": "black", "colorIdentity": ["B"], "colors": ["B"], "convertedManaCost": 6.0, "edhrecRank": 157, "finishes": ["foil"], "foreignData": [], "frameVersion": "1997", "hasFoil": true, "hasNonFoil": false, "identifiers": {"cardKingdomFoilId": "249051", "cardsphereId": "79744", "mcmId": "573240", "mtgjsonV4Id": "7ba9bcd4-50c7-5fc5-b833-3ed73bd88c44", "scryfallId": "1e6e80ec-68a4-4cfb-a712-2ea0d26dc6a1", "scryfallIllustrationId": "19488800-96af-4290-921d-635fab98a891", "scryfallOracleId": "2bd111bb-ce02-414c-b5b7-e0e037d8d96b", "tcgplayerProductId": "245173"}, "isPromo": true, "isReprint": true, "isStarter": true, "language": "English", "layout": "normal", "legalities": {"commander": "Legal", "duel": "Legal", "explorer": "Legal", "gladiator": "Legal", "historic": "Legal", "historicbrawl": "Legal", "legacy": "Legal", "modern": "Legal", "pioneer": "Legal", "vintage": "Legal"}, "manaCost": "{3}{B}{B}{B}", "manaValue": 6.0, "name": "Bolas's Citadel", "number": "3", "printings": ["PLG21", "PRM", "PWAR", "WAR"], "purchaseUrls": {"cardKingdomFoil": "https://mtgjson.com/links/efada310f111e183", "tcgplayer": "https://mtgjson.com/links/bd67008a2704fd06"}, "rarity": "rare", "rulings": [{"date": "2019-05-03", "text": "Bolas’s Citadel lets you look at the top card of your library whenever you want (with one restriction—see below), even if you don’t have priority. This action doesn’t use the stack. Knowing what that card is becomes part of the information you have access to, just like you can look at the cards in your hand."}, {"date": "2019-05-03", "text": "If the top card of your library changes while you’re casting a spell, playing a land, or activating an ability, you can’t look at the new top card until you finish doing so. This means that if you cast the top card of your library, you can’t look at the next one until you’re done paying for that spell."}, {"date": "2019-05-03", "text": "You must follow the normal timing permissions and restrictions of the cards you play from your library."}, {"date": "2019-05-03", "text": "You can play a land card from the top of your library only if you have available land plays remaining."}, {"date": "2019-05-03", "text": "If a spell has {X} in its mana cost, you must choose 0 as the value of X when casting it without paying its mana cost."}, {"date": "2019-05-03", "text": "If you cast a spell for another cost “rather than pay its mana cost,” you can’t choose to cast it for any alternative costs. You can, however, pay additional costs. If the card has any mandatory additional costs, such as that of Spark Harvest, those must be paid to cast the card."}, {"date": "2019-05-03", "text": "Bolas’s Citadel may be one of the permanents you sacrifice to activate its last ability."}, {"date": "2019-05-03", "text": "In a Two-Headed Giant game, the last ability of Bolas’s Citadel causes the opposing team to lose 20 life."}], "setCode": "PLG21", "subtypes": [], "supertypes": ["Legendary"], "text": "You may look at the top card of your library any time.\nYou may play lands and cast spells from the top of your library. If you cast a spell this way, pay life equal to its mana value rather than pay its mana cost.\n{T}, Sacrifice ten nonland permanents: Each opponent loses 10 life.", "type": "Legendary Artifact", "types": ["Artifact"], "uuid": "42de6e82-c9d4-5e8a-9459-72db056e407a"}, {"artist": "Kawasumi", "availability": ["paper"], "borderColor": "black", "colorIdentity": ["R"], "colors": ["R"], "convertedManaCost": 2.0, "edhrecRank": 3898, "finishes": ["foil"], "foreignData": [{"language": "Japanese", "name": "オーブ・オヴ・ドラゴンカインド", "text": "{1}, {T}：望む色の組み合わせのマナ２点を加える。このマナは、ドラゴン・呪文を唱えるためか、ドラゴンの能力を起動するためにのみ使用できる。\n{R}, {T}, オーブ・オヴ・ドラゴンカインドを生け贄に捧げる：あなたのライブラリーの一番上にあるカード７枚を見る。あなたは「その中からドラゴン・カード１枚を公開し、あなたの手札に加える。」を選んでもよい。残りをあなたのライブラリーの一番下に無作為の順番で置く。", "type": "アーティファクト"}], "frameVersion": "2015", "hasFoil": true, "hasNonFoil": false, "identifiers": {"mtgjsonV4Id": "2d2b7603-8b56-56d2-9d3d-b6889bff19d4", "scryfallId": "4a5ae275-5983-45c2-85fc-e87747b2198b", "scryfallIllustrationId": "558d00cc-94d4-462c-a770-714042753b03", "scryfallOracleId": "d9c36ed5-629c-4709-bff5-2f10fcde608a", "tcgplayerProductId": "249931"}, "isPromo": true, "isReprint": true, "isStarter": true, "language": "Japanese", "layout": "normal", "legalities": {"alchemy": "Legal", "brawl": "Legal", "commander": "Legal", "duel": "Legal", "explorer": "Legal", "future": "Legal", "gladiator": "Legal", "historic": "Legal", "historicbrawl": "Legal", "legacy": "Legal", "modern": "Legal", "penny": "Legal", "pioneer": "Legal", "standard": "Legal", "vintage": "Legal"}, "manaCost": "{1}{R}", "manaValue": 2.0, "name": "Orb of Dragonkind", "number": "J3", "originalReleaseDate": "2021-07-12", "printings": ["AFR", "PAFR", "PLG21"], "purchaseUrls": {"tcgplayer": "https://mtgjson.com/links/91d2d7c537988a60"}, "rarity": "rare", "rulings": [{"date": "2021-07-23", "text": "A Dragon card is a card with the creature type Dragon in its type line. Similarly, a creature on the battlefield is a Dragon if it has the Dragon creature type. A card that has “Dragon” in the name (such as Orb of Dragonkind) isn't a Dragon card unless it also has the Dragon creature type."}], "securityStamp": "oval", "setCode": "PLG21", "subtypes": [], "supertypes": [], "text": "{1}, {T}: Add two mana in any combination of colors. Spend this mana only to cast Dragon spells or activate abilities of Dragons.\n{R}, {T}, Sacrifice Orb of Dragonkind: Look at the top seven cards of your library. You may reveal a Dragon card from among them and put it into your hand. Put the rest on the bottom of your library in a random order.", "type": "Artifact", "types": ["Artifact"], "uuid": "12c30aa1-9fcd-542b-a0e8-6d0897c50b76", "variations": ["18441809-3027-5c19-b373-a85a5629aba1", "2b1f73ca-a54d-5735-9404-16b397ca88a3"]}, {"artist": "Warren Mahy", "availability": ["paper"], "borderColor": "black", "colorIdentity": ["R"], "colors": ["R"], "convertedManaCost": 1.0, "edhrecRank": 8520, "finishes": ["foil"], "flavorText": "\"I've been all over this world. I even remember some of those places.\"", "foreignData": [], "frameVersion": "1997", "hasFoil": true, "hasNonFoil": false, "identifiers": {"cardKingdomFoilId": "249052", "cardsphereId": "79743", "mcmId": "573241", "mtgjsonV4Id": "7b0b89e8-68df-5eba-a4e0-1be1c9e02574", "scryfallId": "636603a2-98d7-4d1e-a270-68756024b448", "scryfallIllustrationId": "e9672c1a-fdd7-49c9-866e-e249698a082b", "scryfallOracleId": "51d9564b-44fc-4de1-9119-09d7b4089378", "tcgplayerProductId": "245174"}, "isPromo": true, "isReprint": true, "isStarter": true, "keywords": ["Haste"], "language": "English", "layout": "normal", "legalities": {"commander": "Legal", "duel": "Legal", "legacy": "Legal", "modern": "Legal", "vintage": "Legal"}, "manaCost": "{R}", "manaValue": 1.0, "name": "Goblin Guide", "number": "4", "power": "2", "printings": ["2XM", "MM3", "PGPX", "PLG21", "PRM", "TD0", "ZEN"], "purchaseUrls": {"cardKingdomFoil": "https://mtgjson.com/links/106010eafeba976a", "tcgplayer": "https://mtgjson.com/links/7f19b5062a8af630"}, "rarity": "rare", "rulings": [{"date": "2020-08-07", "text": "If the defending player reveals a nonland card, it remains on top of their library."}, {"date": "2020-08-07", "text": "If Goblin Guide is attacking a planeswalker, that planeswalker's controller is the defending player."}], "setCode": "PLG21", "subtypes": ["Goblin", "Scout"], "supertypes": [], "text": "Haste\nWhenever Goblin Guide attacks, defending player reveals the top card of their library. If it's a land card, that player puts it into their hand.", "toughness": "2", "type": "Creature — Goblin Scout", "types": ["Creature"], "uuid": "2078ae83-ef18-5f60-aa61-88988a8ff344"}, {"artist": "Austin Hsu", "availability": ["paper"], "borderColor": "black", "colorIdentity": ["G"], "colors": ["G"], "convertedManaCost": 2.0, "edhrecRank": 498, "finishes": ["foil"], "flavorText": "In nature, not a single bone or scrap of flesh goes to waste.", "foreignData": [], "frameVersion": "1997", "hasFoil": true, "hasNonFoil": false, "identifiers": {"cardKingdomFoilId": "249053", "cardsphereId": "79741", "mcmId": "573242", "mtgjsonV4Id": "73005193-2a63-5a1b-a2f1-8604a1532b8c", "scryfallId": "5b2198b7-ba8f-4097-89c9-d6644feb70bd", "scryfallIllustrationId": "41b9c15f-47c8-49f6-9c93-7092da0ab89b", "scryfallOracleId": "1ff25f67-36a7-4cfa-a2b1-2135b5b6fb67", "tcgplayerProductId": "245175"}, "isPromo": true, "isReprint": true, "isStarter": true, "language": "English", "layout": "normal", "legalities": {"commander": "Legal", "duel": "Legal", "explorer": "Legal", "gladiator": "Legal", "historic": "Legal", "historicbrawl": "Legal", "legacy": "Legal", "modern": "Legal", "pioneer": "Legal", "vintage": "Legal"}, "manaCost": "{1}{G}", "manaValue": 2.0, "name": "Scavenging Ooze", "number": "5", "power": "2", "printings": ["C16", "CM2", "CMD", "M14", "M21", "MM3", "NCC", "PDP14", "PLG21", "PM21", "PRM", "SLD"], "purchaseUrls": {"cardKingdomFoil": "https://mtgjson.com/links/10b36e3d004f64eb", "tcgplayer": "https://mtgjson.com/links/7b0b78c4dca11838"}, "rarity": "rare", "rulings": [{"date": "2020-06-23", "text": "If the target card is an illegal target when the ability tries to resolve, it won't resolve and none of its effects will happen. No +1/+1 counter will be put on Scavenging Ooze and you won't gain life. Notably, this means that if you activate Scavenging Ooze's ability multiple times targeting the same creature card, only the first instance of the ability to resolve will have any effect."}], "setCode": "PLG21", "subtypes": ["Ooze"], "supertypes": [], "text": "{G}: Exile target card from a graveyard. If it was a creature card, put a +1/+1 counter on Scavenging Ooze and you gain 1 life.", "toughness": "2", "type": "Creature — Ooze", "types": ["Creature"], "uuid": "86231f86-e693-5505-a7b3-babb1b8bcfe0"}], "code": "PLG21", "isFoilOnly": true, "isOnlineOnly": false, "keyruneCode": "PMEI", "name": "Love Your LGS 2021", "releaseDate": "2021-06-22", "tokens": [], "totalSetSize": 10, "translations": {}, "type": "promo"}}