{"meta": {"date": "2022-05-26", "version": "5.2.0+20220526"}, "data": {"baseSetSize": 2, "cards": [{"artist": "Dom!", "availability": ["paper"], "borderColor": "black", "colorIdentity": ["U"], "colors": ["U"], "convertedManaCost": 2.0, "edhrecRank": 17, "finishes": ["nonfoil"], "foreignData": [], "frameVersion": "1993", "hasFoil": false, "hasNonFoil": true, "identifiers": {"cardKingdomId": "125663", "cardsphereId": "12169", "mcmId": "18989", "mtgjsonV4Id": "776bd6bb-1327-547a-b782-844dfd38c4e5", "scryfallId": "7065deea-6117-47d4-9d72-fc67af5bb483", "scryfallIllustrationId": "a36cbed8-c500-4814-bf4d-80c065d985c7", "scryfallOracleId": "cc187110-1148-4090-bbb8-e205694a39f5", "tcgplayerProductId": "48138"}, "isPromo": true, "isReprint": true, "isStarter": true, "language": "English", "layout": "normal", "legalities": {"commander": "Legal", "duel": "Legal", "gladiator": "Legal", "historic": "Banned", "historicbrawl": "Legal", "legacy": "Legal", "modern": "Legal", "pauper": "Legal", "paupercommander": "Legal", "premodern": "Legal", "vintage": "Legal"}, "manaCost": "{U}{U}", "manaValue": 2.0, "name": "Counterspell", "number": "1", "printings": ["2ED", "3ED", "4BB", "4ED", "5ED", "6ED", "7ED", "A25", "BRB", "BTD", "CED", "CEI", "CMR", "DD2", "EMA", "F05", "FBB", "G00", "ICE", "JVC", "LEA", "LEB", "MB1", "ME2", "ME4", "MH2", "MMQ", "MP2", "PHED", "PLGM", "PMEI", "PRM", "PTC", "S99", "SLD", "SS1", "STA", "SUM", "TMP", "TPR", "VMA", "WC00", "WC01", "WC02", "WC97", "WC98"], "promoTypes": ["instore"], "purchaseUrls": {"cardKingdom": "https://mtgjson.com/links/c4d25b6b92d5be26", "tcgplayer": "https://mtgjson.com/links/bd811806b8a6df81"}, "rarity": "rare", "rulings": [], "setCode": "PLGM", "subtypes": [], "supertypes": [], "text": "Counter target spell.", "type": "Instant", "types": ["Instant"], "uuid": "c789d679-f9d7-5f57-ada8-d2540e63124b"}, {"artist": "Jock", "availability": ["paper"], "borderColor": "black", "colorIdentity": ["R"], "colors": ["R"], "convertedManaCost": 2.0, "edhrecRank": 8280, "finishes": ["nonfoil"], "flavorText": "\"Yes, I think 'toast' is an appropriate description.\"\n—Jaya Ballard, Task Mage", "foreignData": [], "frameVersion": "1993", "hasFoil": false, "hasNonFoil": true, "identifiers": {"cardKingdomId": "117248", "cardsphereId": "12170", "mcmId": "18988", "mtgjsonV4Id": "2570e30c-80a4-5d50-a97e-29dd6ea7aa90", "scryfallId": "28b0495d-0c3f-4491-8331-4cbabbd6eac5", "scryfallIllustrationId": "ba4c04c6-d44b-4ed1-af76-6f6d7b08e327", "scryfallOracleId": "d8fd7a34-8418-4e98-b79b-119c4348c667", "tcgplayerProductId": "21704"}, "isPromo": true, "isReprint": true, "isStarter": true, "language": "English", "layout": "normal", "legalities": {"commander": "Legal", "duel": "Legal", "legacy": "Legal", "modern": "Legal", "pauper": "Legal", "paupercommander": "Legal", "penny": "Legal", "premodern": "Legal", "vintage": "Legal"}, "manaCost": "{1}{R}", "manaValue": 2.0, "name": "Incinerate", "number": "2", "printings": ["10E", "5ED", "CST", "DD2", "DKM", "DPA", "ICE", "JVC", "M12", "ME2", "MIR", "P08", "PLGM", "PRM", "PS11", "PTC", "WC97", "WC98"], "promoTypes": ["instore"], "purchaseUrls": {"cardKingdom": "https://mtgjson.com/links/35e8a50b0ea083db", "tcgplayer": "https://mtgjson.com/links/301123eac9a45b6b"}, "rarity": "rare", "rulings": [{"date": "2007-07-15", "text": "Regeneration abilities that would affect that creature can still be activated; they just won’t do anything. The creature can’t be regenerated for any reason, even if an effect other than Incinerate would deal lethal damage to it or otherwise destroy it."}], "setCode": "PLGM", "subtypes": [], "supertypes": [], "text": "Incinerate deals 3 damage to any target. A creature dealt damage this way can't be regenerated this turn.", "type": "Instant", "types": ["Instant"], "uuid": "4fbbe7b3-ed31-5b60-985e-5e3ce3dac5b6"}], "cardsphereSetId": 798, "code": "PLGM", "isFoilOnly": false, "isNonFoilOnly": true, "isOnlineOnly": false, "keyruneCode": "DEFAULT", "name": "DCI Legend Membership", "releaseDate": "1995-01-01", "tokens": [], "totalSetSize": 2, "translations": {}, "type": "promo"}}