{"meta": {"date": "2022-05-26", "version": "5.2.0+20220526"}, "data": {"baseSetSize": 1, "cards": [], "code": "PLNY", "isFoilOnly": true, "isOnlineOnly": false, "keyruneCode": "PMEI", "name": "Lunar New Year 2018", "releaseDate": "2018-02-16", "tokens": [{"artist": "YW Tang", "availability": ["paper"], "borderColor": "black", "colorIdentity": [], "colors": [], "finishes": ["foil"], "frameVersion": "2015", "hasFoil": true, "hasNonFoil": false, "identifiers": {"mtgjsonV4Id": "5c46c1f2-095e-54ee-8fde-bbc105d8731c", "scryfallId": "fa8bbe0c-3813-4e3f-9bcf-cffe4fed6341", "scryfallIllustrationId": "94982a19-7c1d-4c90-a57d-51ae0cc3804a", "scryfallOracleId": "3c549374-6c37-42e0-8d88-a8555d46732d", "tcgplayerProductId": "165632"}, "isPromo": true, "isReprint": true, "language": "English", "layout": "token", "name": "Treasure", "number": "1", "reverseRelated": ["Academy Manufactor", "An Offer You Can't Refuse", "Atsushi, the Blazing Sky", "Big Score", "Black Market Tycoon", "Bootleggers' Stash", "Boxing Ring", "Brass's Bounty", "Brazen Freebooter", "Bucknard's Everfull Purse", "Burdened Aerialist", "Buy Your Silence", "Captain Lannery Storm", "Contract Killing", "Corsair Captain", "Crack Open", "Creative Outburst", "Culmination of Studies", "Deadeye Plunderers", "Deadly Dispute", "Depths of Desire", "Dire Fleet Hoarder", "Dockside Extortionist", "Dungeon of the Mad Mage", "Elemental Masterpiece", "Excavation Technique", "Exhibition Magician", "Fable of the Mirror-Breaker // Reflection of Kiki-Jiki", "Fae Offering", "Fake Your Own Death", "Forging the Tyrite Sword", "Forsworn Paladin", "Gadrak, the Crown-Scourge", "Gala Greeters", "Galazeth Prismari", "Gilded Pinions", "Gleaming Barrier", "Glittermonger", "Goldspan Dragon", "Goldvein Pick", "Grim Bounty", "Grim Hireling", "Halo Scarab", "Heartless Pillage", "Herald of Hadar", "Hoard Hauler", "Hoarding Ogre", "Hoard Robber", "Hornswoggle", "Hullbreacher", "Improvised Weaponry", "Impulsive Pilferer", "Indulge // Excess", "Ingenious Mastery", "Instrument of the Bards", "Involuntary Employment", "Jewel-Eyed Cobra", "Jewel Thief", "Jolene, the Plunder Queen", "Kalain, Reclusive Painter", "Life Insurance", "Lost Mine of Phandelver", "Magda, Brazen Outlaw", "Magma Opus", "Malcolm, Keen-Eyed Navigator", "Mari, the Killing Quill", "Master of Ceremonies", "Monologue Tax", "Most Wanted", "Negan, the Cold-Blooded", "Ognis, the Dragon's Lash", "Old Gnawbone", "Old Rutstein", "Pirate's Pillage", "Pirate's Prize", "Pitiless Plunderer", "Plundering Barbarian", "Prismari Command", "Prizefight", "Professional Face-Breaker", "Prosperous Innkeeper", "Prosperous Partnership", "Prosperous Pirates", "Prosperous Thief", "Prosper, Tome-Bound", "Prying Blade", "Ragavan, Nimble Pilferer", "Rain of Riches", "Rapacious Dragon", "Reckless Endeavor", "Reckoner Bankbuster", "Revel in Riches", "Riveteers Requisitioner", "Rose Room Treasurer", "Ruthless Knave", "Ruthless Technomancer", "Sailor of Means", "Scion of Opulence", "Seize the Spoils", "Seize the Spotlight", "Shambling Ghast", "Shiny Impetus", "Skullport Merchant", "Smashing Success", "Smothering Tithe", "Smuggler's Share", "Spell Swindle", "Spiked Pit Trap", "Spiteful Repossession", "Sticky Fingers", "Stimulus Package", "Storm-Kiln Artist", "Storm the Vault // Vault of Catlacan", "Strike It Rich", "Sudden Breakthrough", "Surly Badgersaur", "Tavern Scoundrel", "Tempting Contract", "Thieves' Tools", "Tireless Provisioner", "Tivit, Seller of Secrets", "Treasure Chest", "Treasure Map // Treasure Cove", "Treasure Vault", "Trove of Temptation", "Undercity Scrounger", "Unexpected Windfall", "Vault Robber", "Vazi, Keen Negotiator", "Visions of Ruin", "Wanted Scoundrels", "Widespread Thieving", "Wily Goblin", "Xorn", "You Find a Cursed Idol", "Ziatora, the Incinerator", "Goblin Shaman"], "securityStamp": "oval", "setCode": "PLNY", "subtypes": ["Treasure"], "supertypes": [], "text": "{T}, Sacrifice this artifact: Add one mana of any color.", "type": "Token Artifact — Treasure", "types": ["Token", "Artifact"], "uuid": "237a0941-3118-512d-a40d-a42c0c518c5a"}], "totalSetSize": 0, "translations": {}, "type": "promo"}}