{"meta": {"date": "2022-05-26", "version": "5.2.0+20220526"}, "data": {"baseSetSize": 2, "block": "Lorwyn", "cards": [{"artist": "Steve Prescott", "availability": ["paper"], "borderColor": "black", "colorIdentity": ["B"], "colors": ["B"], "convertedManaCost": 5.0, "edhrecRank": 622, "finishes": ["foil"], "foreignData": [], "frameVersion": "2003", "hasFoil": true, "hasNonFoil": false, "identifiers": {"cardKingdomFoilId": "124160", "cardsphereId": "23906", "mcmId": "18123", "mtgjsonV4Id": "006358ad-4e4e-5fcd-8ad5-3e79ea72c5cf", "scryfallId": "6c61bd2c-1c73-42f6-aa8b-449aee7e5ddd", "scryfallIllustrationId": "55760b86-1a05-4ea8-811e-cf98ba9bd96b", "scryfallOracleId": "717bbb9d-0a5b-4979-a24b-9d54aac7657a", "tcgplayerProductId": "38423"}, "isPromo": true, "isReprint": true, "isStarter": true, "keywords": ["Evoke", "Fear"], "language": "English", "layout": "normal", "legalities": {"commander": "Legal", "duel": "Legal", "legacy": "Legal", "modern": "Legal", "paupercommander": "Restricted", "penny": "Legal", "vintage": "Legal"}, "manaCost": "{4}{B}", "manaValue": 5.0, "name": "Shriekmaw", "number": "139★", "power": "3", "printings": ["AFC", "ARC", "C14", "C15", "C20", "CMA", "CMD", "DDH", "LRW", "MB1", "PLRW", "PRM", "TD0", "TSR", "UMA"], "promoTypes": ["release"], "purchaseUrls": {"cardKingdomFoil": "https://mtgjson.com/links/4b6869deb76c4b4a", "tcgplayer": "https://mtgjson.com/links/f459a8bdc72cda0d"}, "rarity": "rare", "rulings": [{"date": "2021-03-19", "text": "To determine the total cost of a spell, start with the mana cost or alternative cost you're paying (such as an evoke cost), add any cost increases, then apply any cost reductions. The mana value of the spell is determined by only its mana cost, no matter what the total cost to cast that spell was."}, {"date": "2021-03-19", "text": "If you pay the evoke cost, you can have Shriekmaw's own triggered ability resolve before the evoke triggered ability. You can cast spells after that ability resolves but before you have to sacrifice Shriekmaw."}], "setCode": "PLRW", "subtypes": ["Elemental"], "supertypes": [], "text": "Fear (This creature can't be blocked except by artifact creatures and/or black creatures.)\nWhen Shriekmaw enters the battlefield, destroy target nonartifact, nonblack creature.\nEvoke {1}{B} (You may cast this spell for its evoke cost. If you do, it's sacrificed when it enters the battlefield.)", "toughness": "2", "type": "Creature — Elemental", "types": ["Creature"], "uuid": "dbfdf3b7-4eb9-5a78-b1fb-6db73491d59f", "watermark": "set"}, {"artist": "Steve Prescott", "availability": ["paper"], "borderColor": "black", "colorIdentity": ["G"], "colors": ["G"], "convertedManaCost": 4.0, "edhrecRank": 8524, "finishes": ["foil"], "foreignData": [], "frameVersion": "2003", "hasFoil": true, "hasNonFoil": false, "identifiers": {"cardKingdomFoilId": "124073", "cardsphereId": "37560", "mcmId": "18043", "mtgjsonV4Id": "ba406dc8-479c-52af-bd09-a6b9dd9e519e", "scryfallId": "dacea068-102c-44d7-93dc-93fcda9b8d43", "scryfallIllustrationId": "998522cf-4414-488f-b0d1-25a0501c1c9f", "scryfallOracleId": "d4d27fef-e86b-4dd3-a15e-a0db8d0725ee", "tcgplayerProductId": "38404"}, "isPromo": true, "isReprint": true, "isStarter": true, "keywords": ["Champion"], "language": "English", "layout": "normal", "legalities": {"commander": "Legal", "duel": "Legal", "legacy": "Legal", "modern": "Legal", "penny": "Legal", "vintage": "Legal"}, "manaCost": "{3}{G}", "manaValue": 4.0, "name": "Wren's Run Packmaster", "number": "244★", "originalReleaseDate": "2007-09-27", "power": "5", "printings": ["C14", "CMA", "LRW", "PLRW", "PRM"], "promoTypes": ["datestamped", "prerelease"], "purchaseUrls": {"cardKingdomFoil": "https://mtgjson.com/links/9b8bb5a4f744b83f", "tcgplayer": "https://mtgjson.com/links/1a5e2903da20bc41"}, "rarity": "rare", "rulings": [], "setCode": "PLRW", "subtypes": ["Elf", "Warrior"], "supertypes": [], "text": "Champion an Elf (When this creature enters the battlefield, sacrifice it unless you exile another Elf you control. When this creature leaves the battlefield, that card returns to the battlefield.)\n{2}{G}: Create a 2/2 green Wolf creature token.\nWolves you control have deathtouch.", "toughness": "5", "type": "Creature — Elf Warrior", "types": ["Creature"], "uuid": "79d17836-1e3e-569c-afe9-279ff4191b53", "watermark": "set"}], "code": "PLRW", "isFoilOnly": true, "isOnlineOnly": false, "keyruneCode": "LRW", "name": "Lorwyn Promos", "parentCode": "LRW", "releaseDate": "2007-10-12", "tokens": [], "totalSetSize": 2, "translations": {}, "type": "promo"}}