{"meta": {"date": "2022-05-26", "version": "5.2.0+20220526"}, "data": {"baseSetSize": 5, "cards": [{"artist": "Chris Rahn", "availability": ["paper"], "borderColor": "black", "colorIdentity": ["W"], "colors": ["W"], "convertedManaCost": 6.0, "edhrecRank": 100, "finishes": ["foil"], "flavorText": "A blazing sun that never sets.", "foreignData": [], "frameVersion": "2003", "hasFoil": true, "hasNonFoil": false, "identifiers": {"cardKingdomFoilId": "131952", "cardsphereId": "37495", "mcmId": "241947", "mtgjsonV4Id": "792c4e97-92be-5bb7-ba08-89b2bf625028", "scryfallId": "bb07690e-d816-46de-84e7-617149a51b18", "scryfallIllustrationId": "754758ef-7ddf-429c-ad00-20e25399c572", "scryfallOracleId": "b2e950fb-cb7e-40a0-a311-5bbdd0477b29", "tcgplayerProductId": "38401"}, "isPromo": true, "isReprint": true, "isStarter": true, "keywords": ["Vigilance"], "language": "English", "layout": "normal", "legalities": {"commander": "Legal", "duel": "Legal", "legacy": "Legal", "modern": "Legal", "vintage": "Legal"}, "manaCost": "{4}{W}{W}", "manaValue": 6.0, "name": "Sun Titan", "number": "35★", "power": "6", "printings": ["AFC", "C14", "C15", "C19", "C20", "C21", "CM2", "DDL", "E01", "KHC", "M11", "M12", "NCC", "PLIST", "PM11", "PRM", "ZNC"], "promoTypes": ["setpromo", "datestamped", "prerelease"], "purchaseUrls": {"cardKingdomFoil": "https://mtgjson.com/links/bfa3fba0a2b12856", "tcgplayer": "https://mtgjson.com/links/9f25524d809bec73"}, "rarity": "mythic", "rulings": [{"date": "2010-08-15", "text": "A permanent card is an artifact, creature, enchantment, land, or planeswalker card."}, {"date": "2010-08-15", "text": "The mana value of a card in your graveyard is determined solely by the mana symbols printed in its upper right corner. The mana value is the total amount of mana in that cost, regardless of color. For example, a card with mana cost {3}{U}{U} has mana value 5."}, {"date": "2010-08-15", "text": "If the mana cost of a card in your graveyard includes {X}, X is considered to be 0."}, {"date": "2010-08-15", "text": "If a card in your graveyard has no mana symbols in its upper right corner (because it's a land card, for example), its mana value is 0."}], "setCode": "PM11", "subtypes": ["Giant"], "supertypes": [], "text": "Vigilance\nWhenever Sun Titan enters the battlefield or attacks, you may return target permanent card with mana value 3 or less from your graveyard to the battlefield.", "toughness": "6", "type": "Creature — Giant", "types": ["Creature"], "uuid": "27cbfed6-2a5a-5b28-b167-8aabc27f8bb0", "watermark": "set (M11)"}, {"artist": "Ron Spencer", "availability": ["paper"], "borderColor": "black", "colorIdentity": ["G"], "colors": ["G"], "convertedManaCost": 5.0, "edhrecRank": 4454, "finishes": ["foil"], "foreignData": [], "frameVersion": "2003", "hasFoil": true, "hasNonFoil": false, "identifiers": {"cardKingdomFoilId": "132562", "cardsphereId": "18938", "mcmId": "242501", "mtgjsonV4Id": "a58de1a9-2ee0-5387-a646-68183ccc14f8", "scryfallId": "3f8060a3-ba74-404c-9050-0e9f7128209f", "scryfallIllustrationId": "aa4df2b2-9321-46d5-9198-8df2a1aa31dc", "scryfallOracleId": "1162c7ff-c0cb-469a-ad3c-322b0981ae1d", "tcgplayerProductId": "38183"}, "isFullArt": true, "isPromo": true, "isReprint": true, "isStarter": true, "language": "English", "layout": "normal", "legalities": {"commander": "Legal", "duel": "Legal", "legacy": "Legal", "modern": "Legal", "penny": "Legal", "vintage": "Legal"}, "manaCost": "{4}{G}", "manaValue": 5.0, "name": "Mitotic Slime", "number": "53", "power": "4", "printings": ["M11", "NCC", "PC2", "PCA", "PM11", "PRM", "TD2"], "promoTypes": ["setpromo", "gameday"], "purchaseUrls": {"cardKingdomFoil": "https://mtgjson.com/links/c72b253de38d9d92", "tcgplayer": "https://mtgjson.com/links/1b2937e0312fe655"}, "rarity": "rare", "rulings": [], "setCode": "PM11", "subtypes": ["Ooze"], "supertypes": [], "text": "When Mitotic Slime dies, create two 2/2 green Ooze creature tokens. They have \"When this creature dies, create two 1/1 green Ooze creature tokens.\"", "toughness": "4", "type": "Creature — Ooze", "types": ["Creature"], "uuid": "e4f6f6a2-4b86-5123-acb3-01d4bde6c874"}, {"artist": "Jaime Jones", "availability": ["paper"], "borderColor": "black", "colorIdentity": ["B"], "colors": ["B"], "convertedManaCost": 3.0, "edhrecRank": 5546, "finishes": ["nonfoil"], "foreignData": [], "frameVersion": "2003", "hasFoil": false, "hasNonFoil": true, "identifiers": {"cardKingdomId": "184981", "cardsphereId": "18933", "mcmId": "242500", "mtgjsonV4Id": "492a0965-8bb0-53fc-976e-77c7c3cb11a0", "scryfallId": "0e348e20-f0bd-482f-b7de-475fa05753a4", "scryfallIllustrationId": "f625794c-45ba-40aa-97bd-06822a53ae8d", "scryfallOracleId": "1a7e0e55-41c3-4fd8-b718-55b59b5cab90", "tcgplayerProductId": "38182"}, "isFullArt": true, "isPromo": true, "isReprint": true, "isStarter": true, "keywords": ["Flying"], "language": "English", "layout": "normal", "legalities": {"commander": "Legal", "duel": "Legal", "legacy": "Legal", "modern": "Legal", "pauper": "Legal", "paupercommander": "Legal", "penny": "Legal", "vintage": "Legal"}, "manaCost": "{1}{B}{B}", "manaValue": 3.0, "name": "Liliana's Specter", "number": "104", "power": "2", "printings": ["CNS", "M11", "PC2", "PCA", "PM11", "PRM"], "promoTypes": ["setpromo", "gameday"], "purchaseUrls": {"cardKingdom": "https://mtgjson.com/links/a3c8523766a102c1", "tcgplayer": "https://mtgjson.com/links/127fa66799a461c6"}, "rarity": "common", "rulings": [], "setCode": "PM11", "subtypes": ["Specter"], "supertypes": [], "text": "Flying\nWhen Liliana's Specter enters the battlefield, each opponent discards a card.", "toughness": "1", "type": "Creature — Specter", "types": ["Creature"], "uuid": "a1109d2a-7736-590f-be23-4f7c15a5f2c7"}, {"artist": "Wayne Reynolds", "availability": ["paper"], "borderColor": "black", "colorIdentity": ["R"], "colors": ["R"], "convertedManaCost": 7.0, "edhrecRank": 12520, "finishes": ["foil"], "flavorText": "When a dragon attacks, there are no bystanders.", "foreignData": [], "frameVersion": "2003", "hasFoil": true, "hasNonFoil": false, "identifiers": {"cardKingdomFoilId": "131954", "cardsphereId": "23868", "mcmId": "241948", "mtgjsonV4Id": "3173cc76-93a2-545b-937f-b99e38ccb46c", "scryfallId": "918f0760-6a98-4099-8460-e003f3d0d655", "scryfallIllustrationId": "4417a8cd-5236-46fd-9769-bf98430b430e", "scryfallOracleId": "de672a4b-07eb-4be8-a03f-23dfbb7ac0fa", "tcgplayerProductId": "38284"}, "isPromo": true, "isReprint": true, "isStarter": true, "keywords": ["Flying"], "language": "English", "layout": "normal", "legalities": {"commander": "Legal", "duel": "Legal", "legacy": "Legal", "modern": "Legal", "penny": "Legal", "vintage": "Legal"}, "manaCost": "{4}{R}{R}{R}", "manaValue": 7.0, "name": "Ancient Hellkite", "number": "122★", "power": "6", "printings": ["M11", "PM11", "PRM"], "promoTypes": ["setpromo", "datestamped", "release"], "purchaseUrls": {"cardKingdomFoil": "https://mtgjson.com/links/946e610cd0f313ca", "tcgplayer": "https://mtgjson.com/links/b7e131d432442a45"}, "rarity": "rare", "rulings": [{"date": "2010-08-15", "text": "After Ancient Hellkite is declared as an attacker, or is put onto the battlefield attacking, its second ability may be activated. Unless Ancient Hellkite leaves combat, it continues to be attacking (so its ability may still be activated) through the end of combat step."}], "setCode": "PM11", "subtypes": ["Dragon"], "supertypes": [], "text": "Flying\n{R}: Ancient Hellkite deals 1 damage to target creature defending player controls. Activate only if Ancient Hellkite is attacking.", "toughness": "6", "type": "Creature — Dragon", "types": ["Creature"], "uuid": "f8fe2d95-646c-5240-aa90-a61d7dabca06", "watermark": "set (M11)"}, {"artist": "Terese Nielsen", "availability": ["paper"], "borderColor": "black", "colorIdentity": ["G"], "colors": ["G"], "convertedManaCost": 1.0, "edhrecRank": 60, "finishes": ["foil"], "flavorText": "\"The gods used their feathers to paint all the colors of the world.\"\n—Yare-Tiva, warden of Gramur forest", "foreignData": [], "frameVersion": "2003", "hasFoil": true, "hasNonFoil": false, "identifiers": {"cardKingdomFoilId": "131953", "cardsphereId": "7722", "mcmId": "241974", "mtgjsonV4Id": "de0dc9b3-8729-5034-84b7-29d76e9f84d9", "scryfallId": "df87b2e4-033c-447f-9b52-b67de3e6fe41", "scryfallIllustrationId": "494aff68-e13e-4414-984d-ef6e133aed33", "scryfallOracleId": "d3a0b660-358c-41bd-9cd2-41fbf3491b1a", "tcgplayerProductId": "38347"}, "isPromo": true, "isReprint": true, "isStarter": true, "keywords": ["Flying"], "language": "English", "layout": "normal", "legalities": {"commander": "Legal", "duel": "Legal", "legacy": "Legal", "modern": "Legal", "penny": "Legal", "premodern": "Legal", "vintage": "Legal"}, "manaCost": "{G}", "manaValue": 1.0, "name": "Birds of Paradise", "number": "165★", "power": "0", "printings": ["10E", "2ED", "3ED", "4BB", "4ED", "5ED", "6ED", "7ED", "8ED", "CED", "CEI", "CN2", "FBB", "GK2", "LEA", "LEB", "M10", "M11", "M12", "MB1", "PM11", "PRM", "PTC", "RAV", "SLD", "SUM", "WC00", "WC01", "WC02", "WC98"], "promoTypes": ["setpromo", "buyabox"], "purchaseUrls": {"cardKingdomFoil": "https://mtgjson.com/links/2e082827fad6af88", "tcgplayer": "https://mtgjson.com/links/5fc81ec31ca10ef5"}, "rarity": "rare", "rulings": [], "setCode": "PM11", "subtypes": ["Bird"], "supertypes": [], "text": "Flying\n{T}: Add one mana of any color.", "toughness": "1", "type": "Creature — Bird", "types": ["Creature"], "uuid": "0d52d4c3-c3ab-5912-a805-31e4c57b975e", "watermark": "colorpie"}], "code": "PM11", "isFoilOnly": false, "isOnlineOnly": false, "keyruneCode": "M11", "name": "Magic 2011 Promos", "parentCode": "M11", "releaseDate": "2010-07-15", "tokens": [], "totalSetSize": 5, "translations": {}, "type": "promo"}}