{"meta": {"date": "2022-05-26", "version": "5.2.0+20220526"}, "data": {"baseSetSize": 41, "cards": [{"artist": "Mark Tedin", "availability": ["paper"], "borderColor": "white", "colorIdentity": ["R"], "colors": ["R"], "convertedManaCost": 1.0, "edhrecRank": 3316, "finishes": ["nonfoil"], "foreignData": [], "frameVersion": "1993", "hasFoil": false, "hasNonFoil": true, "identifiers": {"cardKingdomId": "125669", "cardsphereId": "5725", "mcmId": "22092", "mtgjsonV4Id": "82182d09-1a28-5c01-ad1d-3cdd19e1a629", "scryfallId": "5a450153-45b5-4aea-aa27-8ffe6301e8b6", "scryfallIllustrationId": "0e6684f8-c8d0-4928-b147-f4640a86bf3a", "scryfallOracleId": "aa7714b0-2bfb-458a-8ebf-37ec2c53383e", "tcgplayerProductId": "21703"}, "isPromo": true, "isReprint": true, "isStarter": true, "language": "English", "layout": "normal", "legalities": {"commander": "Legal", "duel": "Legal", "legacy": "Legal", "modern": "Legal", "oldschool": "Legal", "pauper": "Legal", "paupercommander": "Legal", "penny": "Legal", "premodern": "Legal", "vintage": "Legal"}, "manaCost": "{X}{R}", "manaValue": 1.0, "name": "Fireball", "number": "4", "originalReleaseDate": "1995-08-01", "printings": ["2ED", "3ED", "4BB", "4ED", "5ED", "ARC", "ATH", "BTD", "C13", "CED", "CEI", "CLB", "DD2", "DST", "FBB", "IMA", "ITP", "JVC", "LEA", "LEB", "M10", "M11", "M12", "MB1", "ME4", "P05", "PARL", "PD2", "PLIST", "PMEI", "PRM", "PTC", "RQS", "SUM", "WC04"], "promoTypes": ["mediainsert"], "purchaseUrls": {"cardKingdom": "https://mtgjson.com/links/5ab53dda78e23ecd", "tcgplayer": "https://mtgjson.com/links/26de752563614c86"}, "rarity": "common", "rulings": [{"date": "2017-11-17", "text": "For example, if X is 5 and you choose three target creatures, Fireball has a total cost of {7}{R} (even though its mana cost is just {5}{R} and its converted mana cost is 6). If those creatures are all still legal targets as Fireball resolves, it deals 1 damage to each of them."}, {"date": "2017-11-17", "text": "You may cast Fireball with zero targets, regardless of the value chosen for X. If you do so, it will not be a targeted spell, and no damage will actually be dealt when it resolves."}, {"date": "2017-11-17", "text": "Fireball’s damage is divided as Fireball resolves, not as it’s cast, because there are no choices involved. The division involves only targets that are still legal as Fireball resolves."}, {"date": "2017-11-17", "text": "You can target more than X creatures. However, if the number of legal targets at the time Fireball resolves is greater than X, none of them will be dealt any damage."}], "setCode": "PMEI", "subtypes": [], "supertypes": [], "text": "This spell costs {1} more to cast for each target beyond the first.\nFireball deals X damage divided evenly, rounded down, among any number of targets.", "type": "Sorcery", "types": ["Sorcery"], "uuid": "d7e2bb1b-235b-5369-8596-d6eeee6399e8"}, {"artist": "Richard Thomas", "availability": ["paper"], "borderColor": "white", "colorIdentity": ["U"], "colors": ["U"], "convertedManaCost": 1.0, "edhrecRank": 7124, "finishes": ["nonfoil"], "foreignData": [], "frameVersion": "1993", "hasFoil": false, "hasNonFoil": true, "identifiers": {"cardKingdomId": "125660", "cardsphereId": "5724", "mcmId": "22093", "mtgjsonV4Id": "68c9d97e-a3c2-5e73-b9ca-9b2181832aef", "scryfallId": "27f7db50-05b9-48f6-9086-f5b0788f9972", "scryfallIllustrationId": "08aa3f14-7a01-4b5a-9f2b-9aad526ca273", "scryfallOracleId": "65e1558c-6b09-4ddc-b520-f19f4fb972af", "tcgplayerProductId": "21701"}, "isPromo": true, "isReprint": true, "isStarter": true, "language": "English", "layout": "normal", "legalities": {"commander": "Legal", "duel": "Legal", "legacy": "Legal", "oldschool": "Legal", "pauper": "Legal", "paupercommander": "Legal", "premodern": "Legal", "vintage": "Legal"}, "manaCost": "{U}", "manaValue": 1.0, "name": "Blue Elemental Blast", "number": "5", "originalReleaseDate": "1995-07-01", "printings": ["2ED", "3ED", "4BB", "4ED", "A25", "CED", "CEI", "FBB", "LEA", "LEB", "MB1", "ME4", "PMEI", "PRM", "SS1", "SUM"], "promoTypes": ["mediainsert"], "purchaseUrls": {"cardKingdom": "https://mtgjson.com/links/4d0618a64c0700c7", "tcgplayer": "https://mtgjson.com/links/4ec505a53dfcb733"}, "rarity": "common", "rulings": [{"date": "2004-10-04", "text": "The decision to counter a spell or destroy a permanent is a decision made on announcement before the target is selected. If the spell is redirected, this mode can’t be changed, so only targets of the selected type are valid."}], "setCode": "PMEI", "subtypes": [], "supertypes": [], "text": "Choose one —\n• Counter target red spell.\n• Destroy target red permanent.", "type": "Instant", "types": ["Instant"], "uuid": "cca8fda0-0293-5a32-9616-930a48c5796b"}, {"artist": "Carl Critchlow", "availability": ["paper"], "borderColor": "black", "colorIdentity": ["R"], "colors": ["R"], "convertedManaCost": 2.0, "edhrecRank": 19953, "finishes": ["nonfoil"], "foreignData": [], "frameVersion": "1997", "hasFoil": false, "hasNonFoil": true, "identifiers": {"cardKingdomId": "117204", "cardsphereId": "7371", "mcmId": "18991", "mtgjsonV4Id": "ac2b1230-2d37-52dc-85b4-d14d76f73da7", "scryfallId": "d083fcdc-1e1f-4ad3-82d1-11f0b84dd74d", "scryfallIllustrationId": "255e53c0-3610-4c1d-affa-7c4084745a50", "scryfallOracleId": "ff50d002-834e-4b5e-8db0-b0c8b4efb21f", "tcgplayerProductId": "21706"}, "isPromo": true, "isReprint": true, "isStarter": true, "language": "English", "layout": "normal", "legalities": {"commander": "Legal", "duel": "Legal", "legacy": "Legal", "pauper": "Legal", "paupercommander": "Legal", "penny": "Legal", "premodern": "Legal", "vintage": "Legal"}, "manaCost": "{1}{R}", "manaValue": 2.0, "name": "Scent of Cinder", "number": "9", "originalReleaseDate": "1999-08-01", "printings": ["PMEI", "PRM", "UDS"], "promoTypes": ["mediainsert"], "purchaseUrls": {"cardKingdom": "https://mtgjson.com/links/7c3671514be5e84e", "tcgplayer": "https://mtgjson.com/links/4a76dcb0760d1f2f"}, "rarity": "common", "rulings": [{"date": "2004-10-04", "text": "You reveal cards, and thereby set the value of X, on resolution."}], "setCode": "PMEI", "subtypes": [], "supertypes": [], "text": "Reveal any number of red cards in your hand. Scent of Cinder deals X damage to any target, where X is the number of cards revealed this way.", "type": "Sorcery", "types": ["Sorcery"], "uuid": "6b5c0824-a915-554d-9f49-174a1a38df95"}, {"artist": "Andrew Robinson", "availability": ["paper"], "borderColor": "black", "colorIdentity": ["R"], "colors": ["R"], "convertedManaCost": 4.0, "edhrecRank": 20519, "finishes": ["foil"], "flavorText": "Quick enough to avoid jhovalls when alone and fierce enough to attack them in packs, the hounds were as at home in the mountains as the Mercadians were atop theirs.", "foreignData": [], "frameVersion": "1997", "hasFoil": true, "hasNonFoil": false, "identifiers": {"cardKingdomFoilId": "117199", "cardsphereId": "44914", "mcmId": "22933", "mtgjsonV4Id": "c0a15845-cc2c-586c-8335-116e7a3f2d5f", "scryfallId": "b9565a78-c6c4-4a32-8e0e-b1fda6bf879d", "scryfallIllustrationId": "e43344bb-b58c-40a3-860b-46c0b95cc5f7", "scryfallOracleId": "b50c2f63-750c-4cfc-8a74-5a7a3d9b46c4", "tcgplayerProductId": "38357"}, "isPromo": true, "isReprint": true, "isStarter": true, "keywords": ["First strike"], "language": "English", "layout": "normal", "legalities": {"commander": "Legal", "duel": "Legal", "legacy": "Legal", "pauper": "Legal", "paupercommander": "Legal", "penny": "Legal", "premodern": "Legal", "vintage": "Legal"}, "manaCost": "{2}{R}{R}", "manaValue": 4.0, "name": "Lightning Hounds", "number": "10", "originalReleaseDate": "2000-01-01", "power": "3", "printings": ["MMQ", "PMEI", "PRM"], "promoTypes": ["mediainsert"], "purchaseUrls": {"cardKingdomFoil": "https://mtgjson.com/links/f03eae3c1aff12ea", "tcgplayer": "https://mtgjson.com/links/d8cf66123acbd097"}, "rarity": "common", "rulings": [], "setCode": "PMEI", "subtypes": ["Dog"], "supertypes": [], "text": "First strike", "toughness": "2", "type": "Creature — Dog", "types": ["Creature"], "uuid": "98bb96d0-80a8-5d61-a957-3da9452278bd"}, {"artist": "Stuart Griffin", "availability": ["paper"], "borderColor": "black", "colorIdentity": ["W"], "colors": ["W"], "convertedManaCost": 3.0, "edhrecRank": 18663, "finishes": ["nonfoil"], "flavorText": "Der Löwe zwinkerte\n—Ausdruck der Femeref für \"noch einmal davongekommen", "foreignData": [], "frameVersion": "1997", "hasFoil": false, "hasNonFoil": true, "identifiers": {"mcmId": "259596", "mtgjsonV4Id": "5ccd025d-fa40-525c-b36d-96f15dae461b", "scryfallId": "a30df3d3-17b3-4bd0-b566-ed4d32a921f2", "scryfallIllustrationId": "3f4efefb-d034-4e52-a662-4f03490ca023", "scryfallOracleId": "b558541f-ae57-41f7-a5bd-e23fa35e68b4"}, "isPromo": true, "isReprint": true, "isStarter": true, "language": "German", "layout": "normal", "legalities": {"commander": "Legal", "duel": "Legal", "legacy": "Legal", "pauper": "Legal", "paupercommander": "Legal", "penny": "Legal", "premodern": "Legal", "vintage": "Legal"}, "manaCost": "{2}{W}", "manaValue": 3.0, "name": "Jamuraan Lion", "number": "10*", "originalReleaseDate": "1996-12-01", "power": "3", "printings": ["PMEI", "VIS"], "promoTypes": ["mediainsert"], "purchaseUrls": {}, "rarity": "common", "rulings": [], "setCode": "PMEI", "subtypes": ["Cat"], "supertypes": [], "text": "{W}, {T}: Target creature can't block this turn.", "toughness": "1", "type": "Creature — Cat", "types": ["Creature"], "uuid": "b8d241bc-5ea8-566d-b959-8d6680428e6f"}, {"artist": "Keith Parkinson", "availability": ["paper"], "borderColor": "white", "colorIdentity": ["G"], "colors": ["G"], "convertedManaCost": 5.0, "edhrecRank": 18255, "finishes": ["nonfoil"], "flavorText": "\"As it moved, the wurm's spines gathered up bits of flowstone, which took the shapes of dead villagers' heads. Each head spoke a single sound, but if taken together, they said, 'Alas for the living.'\"\n—Dal myth of the wurm", "foreignData": [], "frameVersion": "1997", "hasFoil": false, "hasNonFoil": true, "identifiers": {"cardKingdomId": "249656", "cardsphereId": "75454", "mcmId": "22935", "mtgjsonV4Id": "6bfe4fc7-6047-5179-8ed0-9d7a8d88a743", "multiverseId": "25496", "scryfallId": "e0c70431-d1d1-494c-a75e-54734e489c02", "scryfallIllustrationId": "57d71c32-a590-4564-92c1-a9465bef7519", "scryfallOracleId": "05425f2f-7228-4bf5-8fe1-6fe99107e8e0", "tcgplayerProductId": "38362"}, "isPromo": true, "isReprint": true, "isStarter": true, "language": "English", "layout": "normal", "legalities": {"commander": "Legal", "duel": "Legal", "legacy": "Legal", "modern": "Legal", "pauper": "Legal", "paupercommander": "Legal", "penny": "Legal", "premodern": "Legal", "vintage": "Legal"}, "manaCost": "{4}{G}", "manaValue": 5.0, "name": "Spined Wurm", "number": "11", "originalReleaseDate": "2001-01-01", "power": "5", "printings": ["10E", "7ED", "8ED", "9ED", "DPA", "M11", "PMEI", "POR", "PS11", "STH", "TPR"], "promoTypes": ["mediainsert"], "purchaseUrls": {"cardKingdom": "https://mtgjson.com/links/e6f7077020556676", "tcgplayer": "https://mtgjson.com/links/3d132e1de078c91a"}, "rarity": "common", "rulings": [], "setCode": "PMEI", "subtypes": ["Wurm"], "supertypes": [], "toughness": "4", "type": "Creature — Wurm", "types": ["Creature"], "uuid": "8c68e2cf-6cc3-5818-a219-fee3dc0093d7"}, {"artist": "Heather Hudson", "availability": ["paper"], "borderColor": "black", "colorIdentity": ["R"], "colors": ["R"], "convertedManaCost": 4.0, "edhrecRank": 14235, "finishes": ["foil"], "flavorText": "Funny how money and war travel so well together.", "foreignData": [], "frameVersion": "1997", "hasFoil": true, "hasNonFoil": false, "identifiers": {"cardKingdomFoilId": "117200", "cardsphereId": "7378", "mcmId": "22934", "mtgjsonV4Id": "ee3ad619-ae57-56f0-8d53-6ea6eb9de8f6", "scryfallId": "2c4077d6-d98c-4fdd-ba57-0781aa21f68b", "scryfallIllustrationId": "bc1ba4c1-d91a-4d65-81b2-964e5be63480", "scryfallOracleId": "bae92332-1a0b-476b-8719-190e8d8cc03a", "tcgplayerProductId": "38364"}, "isPromo": true, "isReprint": true, "isStarter": true, "language": "English", "layout": "normal", "legalities": {"commander": "Legal", "duel": "Legal", "legacy": "Legal", "paupercommander": "Restricted", "premodern": "Legal", "vintage": "Legal"}, "manaCost": "{3}{R}", "manaValue": 4.0, "name": "Warmonger", "number": "12", "originalReleaseDate": "1999-10-01", "power": "3", "printings": ["MMQ", "PMEI", "PRM"], "promoTypes": ["mediainsert"], "purchaseUrls": {"cardKingdomFoil": "https://mtgjson.com/links/226fd807ac8386d5", "tcgplayer": "https://mtgjson.com/links/4d5f167053c0a4d9"}, "rarity": "uncommon", "rulings": [], "setCode": "PMEI", "subtypes": ["Minotaur", "Monger"], "supertypes": [], "text": "{2}: Warmonger deals 1 damage to each creature without flying and each player. Any player may activate this ability.", "toughness": "3", "type": "Creature — Minotaur Monger", "types": ["Creature"], "uuid": "1725251e-616c-5af6-b040-a81211fd9b1c"}, {"artist": "Alan Pollack", "availability": ["paper"], "borderColor": "black", "colorIdentity": ["U", "W"], "colors": ["U", "W"], "convertedManaCost": 3.0, "edhrecRank": 18340, "finishes": ["nonfoil"], "foreignData": [], "frameVersion": "1997", "hasFoil": false, "hasNonFoil": true, "identifiers": {"mcmId": "252109", "mtgjsonV4Id": "52f55853-2775-56a5-a22e-c4ae5c8a56f9", "scryfallId": "726aa407-dadd-4575-aee2-b7888e67a722", "scryfallIllustrationId": "b1a6acbf-bad0-436c-9f76-92f0ca51edf6", "scryfallOracleId": "ec7eb7d8-92b2-4442-856e-a9790301c3b3", "tcgplayerProductId": "38361"}, "isPromo": true, "isReprint": true, "isStarter": true, "keywords": ["Flying"], "language": "English", "layout": "normal", "legalities": {"commander": "Legal", "duel": "Legal", "legacy": "Legal", "pauper": "Legal", "paupercommander": "Legal", "penny": "Legal", "premodern": "Legal", "vintage": "Legal"}, "manaCost": "{1}{W}{U}", "manaValue": 3.0, "name": "Silver Drake", "number": "13", "originalReleaseDate": "2000-01-01", "power": "3", "printings": ["PLS", "PMEI"], "promoTypes": ["mediainsert"], "purchaseUrls": {"tcgplayer": "https://mtgjson.com/links/4e032edbe221c4cf"}, "rarity": "common", "rulings": [{"date": "2004-10-04", "text": "You choose the creature to return on resolution of the triggered ability. This is not targeted."}], "setCode": "PMEI", "subtypes": ["Drake"], "supertypes": [], "text": "Flying\nWhen Silver Drake enters the battlefield, return a white or blue creature you control to its owner's hand.", "toughness": "3", "type": "Creature — Drake", "types": ["Creature"], "uuid": "3875f711-d521-5d74-80bc-c2f9e251927a"}, {"artist": "Mark Tedin", "availability": ["paper"], "borderColor": "black", "colorIdentity": ["B"], "colors": ["B"], "convertedManaCost": 3.0, "edhrecRank": 5284, "finishes": ["nonfoil"], "flavorText": "It takes no prisoners, but it keeps the choicest bits for Phyrexia.", "foreignData": [], "frameVersion": "1997", "hasFoil": false, "hasNonFoil": true, "identifiers": {"mcmId": "252110", "mtgjsonV4Id": "fb8d5400-8605-5095-a717-e715f586710f", "scryfallId": "c0a29ba4-fe8b-442f-a8b5-8cce7c765011", "scryfallIllustrationId": "e8b757e1-835b-4cb8-879e-8f4448edf7c2", "scryfallOracleId": "e409c9be-0c9a-43c3-adb4-8c47afc1d551", "tcgplayerProductId": "38358"}, "isPromo": true, "isReprint": true, "isStarter": true, "language": "English", "layout": "normal", "legalities": {"commander": "Legal", "duel": "Legal", "gladiator": "Legal", "historic": "Legal", "historicbrawl": "Legal", "legacy": "Legal", "modern": "Legal", "pauper": "Legal", "paupercommander": "Legal", "penny": "Legal", "premodern": "Legal", "vintage": "Legal"}, "manaCost": "{2}{B}", "manaValue": 3.0, "name": "Phyrexian Rager", "number": "14", "originalReleaseDate": "2000-05-01", "power": "2", "printings": ["10E", "APC", "C15", "CMA", "CMR", "DDD", "EMA", "GVL", "IMA", "JMP", "MB1", "MBS", "PMEI"], "promoTypes": ["mediainsert"], "purchaseUrls": {"tcgplayer": "https://mtgjson.com/links/dc9458536e70a65b"}, "rarity": "common", "rulings": [], "setCode": "PMEI", "subtypes": ["Phyrexian", "Horror"], "supertypes": [], "text": "When Phyrexian Rager enters the battlefield, you draw a card and you lose 1 life.", "toughness": "2", "type": "Creature — Phyrexian Horror", "types": ["Creature"], "uuid": "8ceebdd0-eb32-5a14-849a-e5cafcef99ec"}, {"artist": "Donato Giancola", "availability": ["paper"], "borderColor": "white", "colorIdentity": ["R"], "colors": ["R"], "convertedManaCost": 6.0, "edhrecRank": 7777, "finishes": ["nonfoil"], "flavorText": "The undisputed master of the mountains of Shiv.", "foreignData": [], "frameVersion": "1997", "hasFoil": false, "hasNonFoil": true, "identifiers": {"cardsphereId": "12168", "mcmId": "261754", "mtgjsonV4Id": "efc5a359-1290-532b-8b20-14af00eaa19b", "scryfallId": "e70868a4-3971-431d-a614-604aca110fe4", "scryfallIllustrationId": "2f2cebbc-9458-47b8-b3d4-b2ddb06ad6a6", "scryfallOracleId": "711eea87-0fa3-46e0-a42b-fa5a86455f04"}, "isPromo": true, "isReprint": true, "isStarter": true, "keywords": ["Flying"], "language": "Japanese", "layout": "normal", "legalities": {"commander": "Legal", "duel": "Legal", "explorer": "Legal", "gladiator": "Legal", "historic": "Legal", "historicbrawl": "Legal", "legacy": "Legal", "modern": "Legal", "penny": "Legal", "pioneer": "Legal", "premodern": "Legal", "vintage": "Legal"}, "manaCost": "{4}{R}{R}", "manaValue": 6.0, "name": "Shivan Dragon", "number": "15", "originalReleaseDate": "2001-09-15", "power": "5", "printings": ["10E", "2ED", "3ED", "4BB", "4ED", "5ED", "7ED", "8ED", "9ED", "BTD", "CED", "CEI", "DPA", "DRB", "FBB", "J21", "LEA", "LEB", "M10", "M14", "M15", "M19", "M20", "ME4", "ORI", "P9ED", "PMEI", "PRM", "PS11", "SUM", "W16", "W17"], "promoTypes": ["mediainsert"], "purchaseUrls": {}, "rarity": "rare", "rulings": [], "setCode": "PMEI", "subtypes": ["Dragon"], "supertypes": [], "text": "Flying (This creature can't be blocked except by creatures with flying or reach.)\n{R}: Shivan Dragon gets +1/+0 until end of turn.", "toughness": "5", "type": "Creature — Dragon", "types": ["Creature"], "uuid": "2a0a421a-418d-519c-b316-04e8071c36d7"}, {"artist": "Randis Albion", "availability": ["paper"], "borderColor": "black", "colorIdentity": [], "colors": [], "convertedManaCost": 5.0, "edhrecRank": 3662, "finishes": ["foil"], "flavorText": "One part unstoppable force, one part immovable object.", "foreignData": [], "frameVersion": "2003", "hasFoil": true, "hasNonFoil": false, "identifiers": {"mcmId": "252111", "mtgjsonV4Id": "6c7e5f15-17dd-5140-8ac8-b9d3fd68aed0", "scryfallId": "95ea30b2-654b-4892-ba58-e52334efb953", "scryfallIllustrationId": "3c610dab-8f17-4b8c-8d44-c17004eb24c5", "scryfallOracleId": "4893a301-29a8-4a0e-845c-8ddb5cb8db25", "tcgplayerProductId": "210880"}, "isPromo": true, "isReprint": true, "isStarter": true, "keywords": ["Indestructible"], "language": "Japanese", "layout": "normal", "legalities": {"commander": "Legal", "duel": "Legal", "legacy": "Legal", "modern": "Legal", "penny": "Legal", "vintage": "Legal"}, "manaCost": "{5}", "manaValue": 5.0, "name": "Darksteel Juggernaut", "number": "16", "originalReleaseDate": "2010-12-01", "power": "*", "printings": ["C18", "PMEI", "SOM"], "promoTypes": ["mediainsert"], "purchaseUrls": {"tcgplayer": "https://mtgjson.com/links/b1c2249cbe8c8f21"}, "rarity": "rare", "rulings": [{"date": "2011-01-01", "text": "Since Darksteel Juggernaut is itself an artifact, its power and toughness will always be at least 1 while it’s on the battlefield (unless a spell or ability somehow changes its card type)."}, {"date": "2011-01-01", "text": "Lethal damage and effects that say “destroy” won’t cause Darksteel Juggernaut to be put into the graveyard. However, it can be put into the graveyard for a number of other reasons. The most likely reasons are if its toughness is 0 or less or it’s sacrificed."}, {"date": "2011-01-01", "text": "If, during your declare attackers step, Darksteel Juggernaut is tapped, is affected by a spell or ability that says it can’t attack, or is affected by “summoning sickness,” then it doesn’t attack. If there’s a cost associated with having Darksteel Juggernaut attack, you aren’t forced to pay that cost, so it doesn’t have to attack in that case either."}, {"date": "2011-01-01", "text": "The first ability works in all zones."}], "setCode": "PMEI", "subtypes": ["Juggernaut"], "supertypes": [], "text": "Indestructible\nDarksteel Juggernaut's power and toughness are each equal to the number of artifacts you control.\nDarksteel Juggernaut attacks each combat if able.", "toughness": "*", "type": "Artifact Creature — Juggernaut", "types": ["Artifact", "Creature"], "uuid": "4a363974-7158-52e2-8a7b-6aa94ea3eabc", "watermark": "mirran"}, {"artist": "Wayne Reynolds", "availability": ["paper"], "borderColor": "black", "colorIdentity": ["R"], "colors": ["R"], "convertedManaCost": 3.0, "edhrecRank": 7068, "finishes": ["foil"], "flavorText": "\"I see the weaknesses you hide even from yourself.\"", "foreignData": [], "frameVersion": "2003", "hasFoil": true, "hasNonFoil": false, "identifiers": {"mcmId": "245060", "mtgjsonV4Id": "647ab4f2-6bba-5a5c-a199-20091343eea9", "scryfallId": "9bdf3665-beb0-461b-9ce3-b678e625ead2", "scryfallIllustrationId": "0b369c44-9517-4003-a909-58ab1345c81f", "scryfallOracleId": "ab4a25d8-e1d0-454e-9d06-f7960a0352bc", "tcgplayerProductId": "218312"}, "isPromo": true, "isReprint": true, "isStarter": true, "keywords": ["Haste"], "language": "Japanese", "layout": "normal", "legalities": {"commander": "Legal", "duel": "Legal", "legacy": "Legal", "modern": "Legal", "paupercommander": "Restricted", "penny": "Legal", "vintage": "Legal"}, "manaCost": "{2}{R}", "manaValue": 3.0, "name": "Cunning Sparkmage", "number": "17", "originalReleaseDate": "2010-02-27", "power": "0", "printings": ["PMEI", "WWK"], "promoTypes": ["mediainsert"], "purchaseUrls": {"tcgplayer": "https://mtgjson.com/links/2e9ad6bf632eb258"}, "rarity": "uncommon", "rulings": [], "setCode": "PMEI", "subtypes": ["Human", "Shaman"], "supertypes": [], "text": "Haste\n{T}: Cunning Sparkmage deals 1 damage to any target.", "toughness": "1", "type": "Creature — Human Shaman", "types": ["Creature"], "uuid": "fed64d41-13e7-520c-86fa-8a10b6d5c095", "watermark": "dengekimaoh"}, {"artist": "Christopher Moeller", "availability": ["paper"], "borderColor": "black", "colorIdentity": ["R"], "colors": ["R"], "convertedManaCost": 4.0, "edhrecRank": 10480, "finishes": ["foil"], "flavorText": "\"Her mind is an incredible mix of emotion and power. Even if I could grasp it, I couldn't hold it for long.\"\n—Jace Beleren, on Chandra Nalaar", "foreignData": [], "frameVersion": "2003", "hasFoil": true, "hasNonFoil": false, "identifiers": {"mcmId": "245061", "mtgjsonV4Id": "71e116ff-13e2-599c-8926-48aff5082678", "scryfallId": "b00553c7-d3f9-4d77-8433-2f425361516f", "scryfallIllustrationId": "7fd1f857-5bda-4bf4-8a9e-a4fe538fbb06", "scryfallOracleId": "47437865-0032-4f47-b0ab-034cc841bb84", "tcgplayerProductId": "218310"}, "isPromo": true, "isReprint": true, "isStarter": true, "language": "Japanese", "layout": "normal", "legalities": {"commander": "Legal", "duel": "Legal", "explorer": "Legal", "gladiator": "Legal", "historic": "Legal", "historicbrawl": "Legal", "legacy": "Legal", "modern": "Legal", "pauper": "Legal", "paupercommander": "Legal", "penny": "Legal", "pioneer": "Legal", "vintage": "Legal"}, "manaCost": "{2}{R}{R}", "manaValue": 4.0, "name": "Chandra's Outrage", "number": "18", "originalReleaseDate": "2010-06-27", "printings": ["A25", "ARC", "E01", "M11", "M12", "M14", "M20", "MM3", "PMEI"], "promoTypes": ["mediainsert"], "purchaseUrls": {"tcgplayer": "https://mtgjson.com/links/d638bbfdd4b00e65"}, "rarity": "common", "rulings": [{"date": "2019-07-12", "text": "If the target creature is an illegal target by the time Chandra’s Outrage tries to resolve, the spell doesn’t resolve. No player is dealt damage."}], "setCode": "PMEI", "subtypes": [], "supertypes": [], "text": "Chandra's Outrage deals 4 damage to target creature and 2 damage to that creature's controller.", "type": "Instant", "types": ["Instant"], "uuid": "24377707-26de-5178-9703-a115bca7daaf", "watermark": "dengekimaoh"}, {"artist": "Justin Sweet", "availability": ["paper"], "borderColor": "black", "colorIdentity": ["R"], "colors": ["R"], "convertedManaCost": 3.0, "edhrecRank": 8079, "finishes": ["foil"], "flavorText": "\"I've lit most everything on fire—trees, rocks, even the water. Now it's time to burn the clouds.\"", "foreignData": [], "frameVersion": "2003", "hasFoil": true, "hasNonFoil": false, "identifiers": {"mcmId": "245059", "mtgjsonV4Id": "ab113149-a152-5283-a9a5-270aacaabab9", "scryfallId": "af1d86fc-385c-498b-9aa6-c97cd7f884f0", "scryfallIllustrationId": "4deb2214-66d0-4524-a876-c57451750fc3", "scryfallOracleId": "5a0eb270-b142-45da-87a2-2f1c4e25db17", "tcgplayerProductId": "218311"}, "isPromo": true, "isReprint": true, "isStarter": true, "keywords": ["Flying"], "language": "Japanese", "layout": "normal", "legalities": {"commander": "Legal", "duel": "Legal", "explorer": "Legal", "gladiator": "Legal", "historic": "Legal", "historicbrawl": "Legal", "legacy": "Legal", "modern": "Legal", "paupercommander": "Restricted", "penny": "Legal", "pioneer": "Legal", "vintage": "Legal"}, "manaCost": "{2}{R}", "manaValue": 3.0, "name": "Chandra's Spitfire", "number": "19", "originalReleaseDate": "2010-09-27", "power": "1", "printings": ["M11", "M20", "PMEI"], "promoTypes": ["mediainsert"], "purchaseUrls": {"tcgplayer": "https://mtgjson.com/links/4b78643e38d0ce44"}, "rarity": "uncommon", "rulings": [{"date": "2019-07-12", "text": "Combat damage is the damage that’s dealt automatically by attacking and blocking creatures. Any other damage is noncombat damage, even if it’s dealt during a combat phase by an attacking or blocking creature."}, {"date": "2019-07-12", "text": "The last ability of Chandra’s Spitfire triggers just once for each event in which an opponent is dealt noncombat damage, regardless of how much damage that player is dealt."}, {"date": "2019-07-12", "text": "In a multiplayer game, if a source deals damage to multiple opponents at the same time, the last ability of Chandra’s Spitfire will trigger as many times as there are opponents who were dealt damage."}], "setCode": "PMEI", "subtypes": ["Elemental"], "supertypes": [], "text": "Flying\nWhenever an opponent is dealt noncombat damage, Chandra's Spitfire gets +3/+0 until end of turn.", "toughness": "3", "type": "Creature — Elemental", "types": ["Creature"], "uuid": "3b482963-0206-5a23-bdda-d5dce2fadcf3", "watermark": "dengekimaoh"}, {"artist": "Mike Bierek", "availability": ["paper"], "borderColor": "black", "colorIdentity": ["R"], "colors": ["R"], "convertedManaCost": 5.0, "edhrecRank": 11330, "finishes": ["foil"], "foreignData": [], "frameVersion": "2003", "hasFoil": true, "hasNonFoil": false, "identifiers": {"mcmId": "245063", "mtgjsonV4Id": "a1787812-fd18-5426-8c96-63b438455730", "scryfallId": "0610102f-bfc0-45f9-9b9c-cdade744e470", "scryfallIllustrationId": "3e95cc67-3603-49ab-bd1e-31427af604ea", "scryfallOracleId": "884260cf-b3f3-43a4-82b6-4f6a0b19cc75"}, "isPromo": true, "isReprint": true, "isStarter": true, "keywords": ["Flying", "Haste", "Metalcraft"], "language": "Japanese", "layout": "normal", "legalities": {"commander": "Legal", "duel": "Legal", "legacy": "Legal", "modern": "Legal", "penny": "Legal", "vintage": "Legal"}, "manaCost": "{2}{R}{R}{R}", "manaValue": 5.0, "name": "Kuldotha Phoenix", "number": "20", "originalReleaseDate": "2010-11-27", "power": "4", "printings": ["PMEI", "SOM"], "promoTypes": ["mediainsert"], "purchaseUrls": {}, "rarity": "rare", "rulings": [{"date": "2011-01-01", "text": "You can activate Kuldotha Phoenix’s ability only if it’s in your graveyard."}], "setCode": "PMEI", "subtypes": ["Phoenix"], "supertypes": [], "text": "Flying, haste\nMetalcraft — {4}: Return Kuldotha Phoenix from your graveyard to the battlefield. Activate only during your upkeep and only if you control three or more artifacts.", "toughness": "4", "type": "Creature — Phoenix", "types": ["Creature"], "uuid": "08178d78-4648-5645-a122-e612de2e128e", "watermark": "mirran"}, {"artist": "Wayne Reynolds", "availability": ["paper"], "borderColor": "black", "colorIdentity": ["U"], "colors": ["U"], "convertedManaCost": 4.0, "edhrecRank": 9569, "finishes": ["foil"], "flavorText": "嘘と霧から生み出されたものにも関わらず、その飢えと怒りは力を持つ。", "foreignData": [{"flavorText": "嘘と霧から生み出されたものにも関わらず、その飢えと怒りは力を持つ。", "language": "Japanese", "name": "幻影のドラゴン", "text": "飛行\n幻影のドラゴンが呪文や能力の対象になったとき、それを生け贄に捧げる。", "type": "クリーチャー — ドラゴン・イリュージョン"}], "frameVersion": "2003", "hasFoil": true, "hasNonFoil": false, "identifiers": {"mcmId": "252112", "mtgjsonV4Id": "f21ec7d1-4ab5-558e-a4c6-d3912540288a", "scryfallId": "652c09cb-9af2-4173-9db5-b1179cff838c", "scryfallIllustrationId": "914cb58c-6741-4791-881b-a7160224cff4", "scryfallOracleId": "7f32c581-4d4a-4873-8e4b-b95e13790481"}, "isPromo": true, "isReprint": true, "isStarter": true, "keywords": ["Flying"], "language": "Japanese", "layout": "normal", "legalities": {"commander": "Legal", "duel": "Legal", "legacy": "Legal", "modern": "Legal", "paupercommander": "Restricted", "penny": "Legal", "vintage": "Legal"}, "manaCost": "{2}{U}{U}", "manaValue": 4.0, "name": "Phantasmal Dragon", "number": "21", "originalReleaseDate": "2011-06-27", "power": "5", "printings": ["DDM", "M12", "MB1", "PMEI"], "promoTypes": ["mediainsert"], "purchaseUrls": {}, "rarity": "uncommon", "rulings": [], "setCode": "PMEI", "subtypes": ["Dragon", "Illusion"], "supertypes": [], "text": "Flying\nWhen Phantasmal Dragon becomes the target of a spell or ability, sacrifice it.", "toughness": "5", "type": "Creature — Dragon Illusion", "types": ["Creature"], "uuid": "b068d2a5-8e1e-5ec2-8741-66a35a608ed2"}, {"artist": "Una Fricker", "availability": ["paper"], "borderColor": "black", "colorIdentity": ["U"], "colors": ["U"], "convertedManaCost": 5.0, "edhrecRank": 21147, "finishes": ["nonfoil"], "flavorText": "\"We've run aground sandbars before, but today, a sandbar ran aground us.\"\n—Kipkemboi, Kukemssa pirate", "foreignData": [], "frameVersion": "1997", "hasFoil": false, "hasNonFoil": true, "identifiers": {"mtgjsonV4Id": "bbd05015-5974-55e2-9c38-d26306c2313e", "scryfallId": "53d668ab-8cfd-422a-9497-0158c836c2e8", "scryfallIllustrationId": "2e43d3a5-1842-4cb0-9320-c9ee384d3eb8", "scryfallOracleId": "e11926bf-ca14-4e1e-aca5-9ffedb91868c"}, "isPromo": true, "isReprint": true, "isStarter": true, "keywords": ["Phasing"], "language": "Japanese", "layout": "normal", "legalities": {"commander": "Legal", "duel": "Legal", "legacy": "Legal", "pauper": "Legal", "paupercommander": "Legal", "penny": "Legal", "premodern": "Legal", "vintage": "Legal"}, "manaCost": "{4}{U}", "manaValue": 5.0, "name": "Sandbar Crocodile", "number": "22", "originalReleaseDate": "1996-11-01", "power": "6", "printings": ["MIR", "PMEI"], "promoTypes": ["mediainsert"], "purchaseUrls": {}, "rarity": "common", "rulings": [], "setCode": "PMEI", "subtypes": ["Crocodile"], "supertypes": [], "text": "Phasing (This phases in or out before you untap during each of your untap steps. While it's phased out, it's treated as though it doesn't exist.)", "toughness": "5", "type": "Creature — Crocodile", "types": ["Creature"], "uuid": "0fef3347-39c3-5ab6-bafc-2c847bba315f"}, {"artist": "John Bolton", "availability": ["paper"], "borderColor": "black", "colorIdentity": ["W"], "colors": ["W"], "convertedManaCost": 3.0, "edhrecRank": 21252, "finishes": ["nonfoil"], "flavorText": "\"You returned a warrior. . . . Your hair was cut, your eye tattooed with the red triangle of war.\"\n—\"Love Song of Night and Day\"", "foreignData": [], "frameVersion": "1997", "hasFoil": false, "hasNonFoil": true, "identifiers": {"mtgjsonV4Id": "2d80a911-3568-5e78-9b3f-c5684498ecbc", "scryfallId": "bb5b0fcb-c170-4d12-8761-de833e944e2f", "scryfallIllustrationId": "4e8c8ef7-a731-44f3-95e7-9cc6bf7e06c3", "scryfallOracleId": "a534f06e-dae4-4d1a-96e9-7693bbb21e12"}, "isPromo": true, "isReprint": true, "isStarter": true, "keywords": ["Flanking"], "language": "Japanese", "layout": "normal", "legalities": {"commander": "Legal", "duel": "Legal", "legacy": "Legal", "pauper": "Legal", "paupercommander": "Legal", "penny": "Legal", "premodern": "Legal", "vintage": "Legal"}, "manaCost": "{2}{W}", "manaValue": 3.0, "name": "Zhalfirin Knight", "number": "23", "originalReleaseDate": "1996-11-01", "power": "2", "printings": ["MIR", "PMEI"], "promoTypes": ["mediainsert"], "purchaseUrls": {}, "rarity": "common", "rulings": [], "setCode": "PMEI", "subtypes": ["Human", "Knight"], "supertypes": [], "text": "Flanking (Whenever a creature without flanking blocks this creature, the blocking creature gets -1/-1 until end of turn.)\n{W}{W}: Zhalfirin Knight gains first strike until end of turn.", "toughness": "2", "type": "Creature — Human Knight", "types": ["Creature"], "uuid": "05bf5057-9f7c-5419-acb3-c171ed5c99d8"}, {"artist": "Ian Miller", "availability": ["paper"], "borderColor": "black", "colorIdentity": ["U"], "colors": ["U"], "convertedManaCost": 1.0, "edhrecRank": 2999, "finishes": ["nonfoil"], "flavorText": "\"Kaervek believes the drakes' cries herald his victory; in truth, they mourn aloud for his impending demise.\"\n—Teferi", "foreignData": [], "frameVersion": "1997", "hasFoil": false, "hasNonFoil": true, "identifiers": {"mtgjsonV4Id": "d5b21975-9a96-557a-890b-9c15f2b803af", "scryfallId": "dae31023-2649-4f37-b1ec-d9f650d53f09", "scryfallIllustrationId": "1dbfd148-9f75-475b-9d1a-bab43ac69d13", "scryfallOracleId": "2a8e14be-6f93-428d-a204-e2399dc93797"}, "isPromo": true, "isReprint": true, "isStarter": true, "keywords": ["Flying"], "language": "Japanese", "layout": "normal", "legalities": {"commander": "Legal", "duel": "Legal", "legacy": "Legal", "pauper": "Legal", "paupercommander": "Legal", "premodern": "Legal", "vintage": "Legal"}, "manaCost": "{U}", "manaValue": 1.0, "name": "Shrieking Drake", "number": "24", "originalReleaseDate": "1997-02-01", "power": "1", "printings": ["PMEI", "VIS"], "promoTypes": ["mediainsert"], "purchaseUrls": {}, "rarity": "common", "rulings": [{"date": "2004-10-04", "text": "You choose the creature to return on resolution of the triggered ability. This is not targeted."}], "setCode": "PMEI", "subtypes": ["Drake"], "supertypes": [], "text": "Flying\nWhen Shrieking Drake enters the battlefield, return a creature you control to its owner's hand.", "toughness": "1", "type": "Creature — Drake", "types": ["Creature"], "uuid": "61fd7139-bd05-5088-a3fe-c6973d801105"}, {"artist": "Terese Nielsen", "availability": ["paper"], "borderColor": "white", "colorIdentity": ["G"], "colors": ["G"], "convertedManaCost": 1.0, "edhrecRank": 12290, "finishes": ["nonfoil"], "foreignData": [], "frameVersion": "1997", "hasFoil": false, "hasNonFoil": true, "identifiers": {"mtgjsonV4Id": "616bba19-740c-5ad1-bcb6-0f70bd7cbb78", "scryfallId": "e1ead259-73fa-4556-8149-ea80a379f59f", "scryfallIllustrationId": "ea75ceb2-121b-4cbf-9089-7f67400410b5", "scryfallOracleId": "9eb2912d-2130-49f2-9529-b58fa5a97a15"}, "isPromo": true, "isReprint": true, "isStarter": true, "language": "Japanese", "layout": "normal", "legalities": {"commander": "Legal", "duel": "Legal", "legacy": "Legal", "modern": "Legal", "pauper": "Legal", "paupercommander": "Legal", "penny": "Legal", "premodern": "Legal", "vintage": "Legal"}, "manaCost": "{X}{G}", "manaValue": 1.0, "name": "Stream of Life", "number": "25", "originalReleaseDate": "1997-05-01", "printings": ["2ED", "3ED", "4BB", "4ED", "5ED", "6ED", "7ED", "8ED", "9ED", "CED", "CEI", "FBB", "LEA", "LEB", "PMEI", "SUM"], "promoTypes": ["mediainsert"], "purchaseUrls": {}, "rarity": "common", "rulings": [], "setCode": "PMEI", "subtypes": [], "supertypes": [], "text": "Target player gains X life.", "type": "Sorcery", "types": ["Sorcery"], "uuid": "baee4de6-889b-593c-9763-c6c17bddfbde"}, {"artist": "rk post", "availability": ["paper"], "borderColor": "black", "colorIdentity": ["G"], "colors": ["G"], "convertedManaCost": 7.0, "edhrecRank": 10771, "finishes": ["nonfoil"], "flavorText": "Rain from this storm leaves you pinned to the ground like an insect.", "foreignData": [], "frameVersion": "1997", "hasFoil": false, "hasNonFoil": true, "identifiers": {"cardsphereId": "19479", "mcmId": "267967", "mtgjsonV4Id": "4fbf1257-8a5f-5bd5-87f1-e39b59dd3292", "scryfallId": "12711a8f-91e5-4bb7-bbc5-3f8f644988ee", "scryfallIllustrationId": "65699916-1e83-48ed-89c4-fa9044ae2fe6", "scryfallOracleId": "9cdf840d-314e-46ef-9c04-74f145d9e65b"}, "isPromo": true, "isReprint": true, "isStarter": true, "language": "Japanese", "layout": "normal", "legalities": {"commander": "Legal", "duel": "Legal", "explorer": "Legal", "gladiator": "Legal", "historic": "Legal", "historicbrawl": "Legal", "legacy": "Legal", "modern": "Legal", "paupercommander": "Restricted", "penny": "Legal", "pioneer": "Legal", "premodern": "Legal", "vintage": "Legal"}, "manaCost": "{5}{G}{G}", "manaValue": 7.0, "name": "Thorn Elemental", "number": "26", "originalReleaseDate": "2000-02-01", "power": "7", "printings": ["7ED", "8ED", "DOM", "PMEI", "S99", "UDS"], "promoTypes": ["mediainsert"], "purchaseUrls": {}, "rarity": "rare", "rulings": [{"date": "2018-04-27", "text": "You can decide to assign damage to the defending player or planeswalker even if the blocking creature has protection from green or damage preventing effects on it."}, {"date": "2018-04-27", "text": "When assigning combat damage, you choose whether you want to assign all damage to blocking creatures, or if you want to assign all of it to the player or planeswalker this creature is attacking. You can’t split the damage assignment between them."}, {"date": "2018-04-27", "text": "If blocked by a creature with banding, the defending player decides whether or not the damage is assigned “as though it weren’t blocked”."}], "setCode": "PMEI", "subtypes": ["Elemental"], "supertypes": [], "text": "You may have Thorn Elemental assign its combat damage as though it weren't blocked.", "toughness": "7", "type": "Creature — Elemental", "types": ["Creature"], "uuid": "5a1da9ad-4bb9-56e7-ac8c-d57429d9248a"}, {"artist": "Eric Peterson", "availability": ["paper"], "borderColor": "black", "colorIdentity": ["B"], "colors": ["B"], "convertedManaCost": 2.0, "edhrecRank": 20337, "finishes": ["nonfoil"], "foreignData": [], "frameVersion": "1997", "hasFoil": false, "hasNonFoil": true, "identifiers": {"mtgjsonV4Id": "9652da2a-6a60-50a2-9027-fb01f7b5c20d", "scryfallId": "5eed50e7-c07b-415e-a847-535d08fcd8ca", "scryfallIllustrationId": "60a51458-c0ce-4a42-9767-c250ab0d42ec", "scryfallOracleId": "6ec7a7fb-0bf9-47fa-af2b-5b13b3af3947"}, "isPromo": true, "isReprint": true, "isStarter": true, "keywords": ["Enchant", "Fading"], "language": "Japanese", "layout": "normal", "legalities": {"commander": "Legal", "duel": "Legal", "legacy": "Legal", "pauper": "Legal", "paupercommander": "Legal", "premodern": "Legal", "vintage": "Legal"}, "manaCost": "{1}{B}", "manaValue": 2.0, "name": "Parallax Dementia", "number": "27", "originalReleaseDate": "2000-06-01", "printings": ["NEM", "PMEI"], "promoTypes": ["mediainsert"], "purchaseUrls": {}, "rarity": "common", "rulings": [], "setCode": "PMEI", "subtypes": ["Aura"], "supertypes": [], "text": "Enchant creature\nFading 1 (This enchantment enters the battlefield with one fade counter on it. At the beginning of your upkeep, remove a fade counter from it. If you can't, sacrifice it.)\nEnchanted creature gets +3/+2.\nWhen Parallax Dementia leaves the battlefield, destroy enchanted creature. That creature can't be regenerated.", "type": "Enchantment — Aura", "types": ["Enchantment"], "uuid": "ea251237-84e5-53d6-8b16-bbc22cf9dcba"}, {"artist": "Mark Zug", "availability": ["paper"], "borderColor": "black", "colorIdentity": ["B"], "colors": ["B"], "convertedManaCost": 6.0, "edhrecRank": 9044, "finishes": ["nonfoil"], "flavorText": "\"Things are going to change around here.\"\n—Crovax", "foreignData": [], "frameVersion": "1997", "hasFoil": false, "hasNonFoil": true, "identifiers": {"cardsphereId": "19478", "mcmId": "284459", "mtgjsonV4Id": "07e4d6e7-443e-5b95-983e-60e989c7af9b", "scryfallId": "5e1cf470-f2af-469d-914b-e250652c861d", "scryfallIllustrationId": "4f85fc04-7734-49eb-99da-ecb604b2f14b", "scryfallOracleId": "e32c0de7-132d-4a39-85fb-da0ed1132878"}, "isPromo": true, "isReprint": true, "isStarter": true, "keywords": ["Flying"], "language": "Japanese", "layout": "normal", "leadershipSkills": {"brawl": false, "commander": true, "oathbreaker": false}, "legalities": {"commander": "Legal", "duel": "Legal", "legacy": "Legal", "modern": "Legal", "penny": "Legal", "premodern": "Legal", "vintage": "Legal"}, "manaCost": "{4}{B}{B}", "manaValue": 6.0, "name": "Ascendant Evincar", "number": "28", "originalReleaseDate": "2000-06-01", "power": "3", "printings": ["10E", "DPA", "HOP", "NEM", "PMEI", "PS11"], "promoTypes": ["mediainsert"], "purchaseUrls": {}, "rarity": "rare", "rulings": [{"date": "2007-07-15", "text": "If Ascendant Evincar stops being black, it gives itself -1/-1."}], "setCode": "PMEI", "subtypes": ["Phyrexian", "Vampire", "Noble"], "supertypes": ["Legendary"], "text": "Flying (This creature can't be blocked except by creatures with flying or reach.)\nOther black creatures get +1/+1.\nNonblack creatures get -1/-1.", "toughness": "3", "type": "Legendary Creature — Phyrexian Vampire Noble", "types": ["Creature"], "uuid": "9df5f601-ad43-5b31-bf42-c6153cc685e3"}, {"artist": "Donato Giancola", "availability": ["paper"], "borderColor": "black", "colorIdentity": ["W"], "colors": ["W"], "convertedManaCost": 7.0, "edhrecRank": 15619, "finishes": ["nonfoil"], "foreignData": [], "frameVersion": "1997", "hasFoil": false, "hasNonFoil": true, "identifiers": {"cardsphereId": "19477", "mcmId": "261130", "mtgjsonV4Id": "dec823d2-2cc2-570b-aeeb-cec15737ca4f", "scryfallId": "e40d5c20-c599-4aa0-b214-48df40236b12", "scryfallIllustrationId": "7a8e18c3-0674-4c86-8c84-e290de0a1a6c", "scryfallOracleId": "9971697b-2acc-4bc2-a44e-074d03a51df7"}, "isPromo": true, "isReprint": true, "isStarter": true, "keywords": ["Flying", "Vigilance"], "language": "Japanese", "layout": "normal", "legalities": {"commander": "Legal", "duel": "Legal", "legacy": "Legal", "modern": "Legal", "paupercommander": "Restricted", "penny": "Legal", "premodern": "Legal", "vintage": "Legal"}, "manaCost": "{5}{W}{W}", "manaValue": 7.0, "name": "Archangel", "number": "29", "originalReleaseDate": "2000-02-01", "power": "5", "printings": ["6ED", "AVR", "C13", "MB1", "P02", "PMEI", "POR", "S99", "VIS"], "promoTypes": ["mediainsert"], "purchaseUrls": {}, "rarity": "rare", "rulings": [], "setCode": "PMEI", "subtypes": ["Angel"], "supertypes": [], "text": "Flying, vigilance", "toughness": "5", "type": "Creature — Angel", "types": ["Creature"], "uuid": "04f52f07-9f95-5ece-9bd7-8c821f2a15c7"}, {"artist": "Ittoku", "availability": ["paper"], "borderColor": "black", "colorIdentity": ["B"], "colors": ["B"], "convertedManaCost": 2.0, "edhrecRank": 2944, "finishes": ["foil"], "flavorText": "「誰でも死後に思い出してもらえるかは心配なもの。でも心配ないわ、死は名も無き者のものよ。あなたに名前がある限リ、それを堂々と掲げなさい。」\n――リリアナ", "foreignData": [{"flavorText": "「誰でも死後に思い出してもらえるかは心配なもの。でも心配ないわ、死は名も無き者のものよ。あなたに名前がある限リ、それを堂々と掲げなさい。」\n――リリアナ", "language": "Japanese", "name": "喪心", "text": "伝説でないクリーチャー１体を対象とし、それを破壊する。", "type": "インスタント"}], "frameVersion": "2015", "hasFoil": true, "hasNonFoil": false, "identifiers": {"mcmId": "373121", "mtgjsonV4Id": "59fa6a2b-a342-582b-9194-87de7ce180b3", "scryfallId": "9731641c-f0c3-46eb-9fc2-155f9bc041a2", "scryfallIllustrationId": "0859f3a2-ef7c-417b-a327-c4eab8acbc1c", "scryfallOracleId": "cdaab6b0-1a2d-4809-8e6b-56013acd8f78", "tcgplayerProductId": "193854"}, "isPromo": true, "isReprint": true, "isStarter": true, "language": "Japanese", "layout": "normal", "legalities": {"commander": "Legal", "duel": "Legal", "explorer": "Legal", "gladiator": "Legal", "historic": "Legal", "historicbrawl": "Legal", "legacy": "Legal", "modern": "Legal", "pauper": "Legal", "paupercommander": "Legal", "pioneer": "Legal", "vintage": "Legal"}, "manaCost": "{1}{B}", "manaValue": 2.0, "name": "Cast Down", "number": "30", "originalReleaseDate": "2019-04-01", "printings": ["2XM", "CLB", "CMR", "DOM", "PDOM", "PMEI", "PRM"], "promoTypes": ["mediainsert"], "purchaseUrls": {"tcgplayer": "https://mtgjson.com/links/26698ef459f663e6"}, "rarity": "uncommon", "rulings": [], "setCode": "PMEI", "subtypes": [], "supertypes": [], "text": "Destroy target nonlegendary creature.", "type": "Instant", "types": ["Instant"], "uuid": "f602ad91-b5c6-5bbb-a055-55cb60cc055c"}, {"artist": "Ron Spencer", "availability": ["paper"], "borderColor": "black", "colorIdentity": ["B"], "colors": ["B"], "convertedManaCost": 2.0, "edhrecRank": 6310, "finishes": ["foil"], "foreignData": [], "frameVersion": "2015", "hasFoil": true, "hasNonFoil": false, "identifiers": {"mcmId": "373109", "mtgjsonV4Id": "894705d5-484e-5311-942c-98c89503b897", "scryfallId": "a2cda4b2-50c2-4442-9ca2-1c668cc07b0e", "scryfallIllustrationId": "080c6f23-5a4d-4a8d-99f3-4ee0ce252f86", "scryfallOracleId": "058917c1-21ab-488a-9f9c-591c55f3c596", "tcgplayerProductId": "194003"}, "isPromo": true, "isReprint": true, "isStarter": true, "language": "Japanese", "layout": "normal", "legalities": {"commander": "Legal", "duel": "Legal", "legacy": "Legal", "modern": "Legal", "pauper": "Legal", "paupercommander": "Legal", "penny": "Legal", "premodern": "Legal", "vintage": "Legal"}, "manaCost": "{1}{B}", "manaValue": 2.0, "name": "Diabolic Edict", "number": "31", "originalReleaseDate": "2019-05-26", "printings": ["A25", "BTD", "MB1", "MH1", "MP2", "PAL01", "PMEI", "PRM", "TMP", "TPR", "WC99"], "promoTypes": ["mediainsert"], "purchaseUrls": {"tcgplayer": "https://mtgjson.com/links/91b6db226ccd25dd"}, "rarity": "rare", "rulings": [], "securityStamp": "oval", "setCode": "PMEI", "subtypes": [], "supertypes": [], "text": "Target player sacrifices a creature.", "type": "Instant", "types": ["Instant"], "uuid": "a01756b1-7243-5a54-ab7d-ea34c5b377b2"}, {"artist": "Randy Gallegos", "availability": ["paper"], "borderColor": "black", "colorIdentity": ["R"], "colors": ["R"], "convertedManaCost": 1.0, "edhrecRank": 2902, "finishes": ["foil"], "foreignData": [{"language": "Japanese", "name": "ショック", "text": "クリーチャー１体かプレインズウォーカー１体かプレイヤー１人を対象とする。ショックはそれに２点のダメージを与える。", "type": "インスタント"}], "frameVersion": "2015", "hasFoil": true, "hasNonFoil": false, "identifiers": {"mcmId": "382566", "mtgjsonV4Id": "4ebc3772-e13a-5bee-9cb2-e9a011a9352b", "scryfallId": "843f290b-8c1d-4124-99c7-e11b8b4481cf", "scryfallIllustrationId": "50db0b2e-d125-4b77-82f6-03944f9b515b", "scryfallOracleId": "a9d288b8-cdc1-4e55-a0c9-d6edfc95e65d", "tcgplayerProductId": "197860"}, "isPromo": true, "isReprint": true, "isStarter": true, "language": "Japanese", "layout": "normal", "legalities": {"alchemy": "Legal", "commander": "Legal", "duel": "Legal", "explorer": "Legal", "gladiator": "Legal", "historic": "Legal", "historicbrawl": "Legal", "legacy": "Legal", "modern": "Legal", "pauper": "Legal", "paupercommander": "Legal", "penny": "Legal", "pioneer": "Legal", "premodern": "Legal", "vintage": "Legal"}, "manaCost": "{R}", "manaValue": 1.0, "name": "Shock", "number": "32", "originalReleaseDate": "2019-07-05", "printings": ["10E", "6ED", "7ED", "8ED", "9ED", "AER", "ANB", "BBD", "BTD", "DDN", "DPA", "FNM", "M12", "M14", "M19", "M20", "M21", "MB1", "ONS", "PMEI", "PRM", "PS11", "PSAL", "STA", "STH", "WC98", "WC99"], "promoTypes": ["mediainsert"], "purchaseUrls": {"tcgplayer": "https://mtgjson.com/links/8e531f76c185f417"}, "rarity": "rare", "rulings": [], "securityStamp": "oval", "setCode": "PMEI", "subtypes": [], "supertypes": [], "text": "Shock deals 2 damage to any target.", "type": "Instant", "types": ["Instant"], "uuid": "8db9eed1-d153-57ad-89f7-95b370680a59"}, {"artist": "Wesley Burt & コーヘー", "availability": ["paper"], "borderColor": "black", "colorIdentity": ["R"], "colors": ["R"], "convertedManaCost": 2.0, "edhrecRank": 9052, "finishes": ["foil"], "flavorText": "「司令官、ディミーアのスパイを捕らえ、その遺灰を監禁しました。」\n――ウォジェクの警備兵、クラム", "foreignData": [{"flavorText": "「司令官、ディミーアのスパイを捕らえ、その遺灰を監禁しました。」\n――ウォジェクの警備兵、クラム", "language": "Japanese", "name": "溶岩コイル", "text": "クリーチャー１体を対象とする。溶岩コイルはそれに４点のダメージを与える。このターン、そのクリーチャーが死亡するなら、代わりにそれを追放する。", "type": "ソーサリー"}], "frameVersion": "2015", "hasFoil": true, "hasNonFoil": false, "identifiers": {"mcmId": "412229", "mtgjsonV4Id": "1eae419e-c788-5e2b-b6d7-99a4376117f7", "scryfallId": "e165d16a-06c7-4373-9c36-89e127e669dd", "scryfallIllustrationId": "8ccebed1-8cd9-4468-80ac-37a35cf24933", "scryfallOracleId": "fa71db44-5181-4c51-8b24-7fbedf36e3ca", "tcgplayerProductId": "205945"}, "isPromo": true, "isReprint": true, "isStarter": true, "language": "Japanese", "layout": "normal", "legalities": {"commander": "Legal", "duel": "Legal", "explorer": "Legal", "gladiator": "Legal", "historic": "Legal", "historicbrawl": "Legal", "legacy": "Legal", "modern": "Legal", "penny": "Legal", "pioneer": "Legal", "vintage": "Legal"}, "manaCost": "{1}{R}", "manaValue": 2.0, "name": "Lava Coil", "number": "33", "originalReleaseDate": "2019-07-13", "printings": ["GRN", "PMEI"], "promoTypes": ["mediainsert"], "purchaseUrls": {"tcgplayer": "https://mtgjson.com/links/13a045aa7ca3ed74"}, "rarity": "uncommon", "rulings": [{"date": "2018-10-05", "text": "Lava Coil’s replacement effect will exile the target creature if it would die this turn for any reason, not just due to lethal damage. It applies to the target creature even if Lava Coil deals no damage to it (due to a prevention effect)."}], "setCode": "PMEI", "subtypes": [], "supertypes": [], "text": "Lava Coil deals 4 damage to target creature. If that creature would die this turn, exile it instead.", "type": "Sorcery", "types": ["Sorcery"], "uuid": "7d5ea62e-47af-5802-a24f-8090ba028f18"}, {"artist": "Lawrence Snelly", "availability": ["paper"], "borderColor": "black", "colorIdentity": ["B"], "colors": ["B"], "convertedManaCost": 1.0, "edhrecRank": 2430, "finishes": ["foil"], "foreignData": [{"language": "Japanese", "name": "強迫", "text": "対戦相手１人を対象とする。そのプレイヤーは自分の手札を公開する。あなたはその中からクリーチャーでも土地でもないカード１枚を選ぶ。そのプレイヤーはそのカードを捨てる。", "type": "ソーサリー"}], "frameVersion": "2015", "hasFoil": true, "hasNonFoil": false, "identifiers": {"mcmId": "412234", "mtgjsonV4Id": "010057a9-b30e-590a-908e-2c41983e7ef1", "scryfallId": "e77dfac9-2de7-460e-9561-20db16baa4c5", "scryfallIllustrationId": "92797dd7-06e3-4c95-b27a-de17dc3524c2", "scryfallOracleId": "33d405ea-7a9a-4970-b70f-9c05d90dd6f0", "tcgplayerProductId": "205926"}, "isPromo": true, "isReprint": true, "isStarter": true, "language": "Japanese", "layout": "normal", "legalities": {"alchemy": "Legal", "brawl": "Legal", "commander": "Legal", "duel": "Legal", "explorer": "Legal", "future": "Legal", "gladiator": "Legal", "historic": "Legal", "historicbrawl": "Legal", "legacy": "Legal", "modern": "Legal", "pauper": "Legal", "paupercommander": "Legal", "penny": "Legal", "pioneer": "Legal", "premodern": "Legal", "standard": "Legal", "vintage": "Legal"}, "manaCost": "{B}", "manaValue": 1.0, "name": "Duress", "number": "34", "originalReleaseDate": "2019-11-26", "printings": ["7ED", "DBL", "DDC", "DTK", "DVD", "EMA", "F05", "IMA", "J21", "M10", "M11", "M13", "M14", "M19", "M20", "M21", "MB1", "MD1", "MID", "PAL00", "PANA", "PD3", "PI14", "PMEI", "PRM", "SLD", "STA", "USG", "WC01", "WC02", "WC99", "XLN"], "promoTypes": ["mediainsert"], "purchaseUrls": {"tcgplayer": "https://mtgjson.com/links/d536155c25c2a1de"}, "rarity": "rare", "rulings": [], "securityStamp": "oval", "setCode": "PMEI", "subtypes": [], "supertypes": [], "text": "Target opponent reveals their hand. You choose a noncreature, nonland card from it. That player discards that card.", "type": "Sorcery", "types": ["Sorcery"], "uuid": "c964334d-1153-55da-87d2-b986282af243"}, {"artist": "Henry G. Higginbotham", "availability": ["paper"], "borderColor": "black", "colorIdentity": [], "colors": [], "convertedManaCost": 1.0, "edhrecRank": 1641, "finishes": ["foil"], "foreignData": [{"language": "Japanese", "name": "通電式キー", "text": "{1}, {T}: ：アーティファクト１つを対象とし、それをアンタップする。", "type": "アーティファクト"}], "frameVersion": "2015", "hasFoil": true, "hasNonFoil": false, "identifiers": {"mcmId": "448968", "mtgjsonV4Id": "4518b1de-b569-5cbb-bcf1-33121e23d237", "scryfallId": "02efd6cf-1ed0-44b3-b3b9-94a45696e1f3", "scryfallIllustrationId": "58b35629-5d87-4f54-b768-b4694ce13137", "scryfallOracleId": "09aeea91-b1dc-443f-a509-4758f052c0a7", "tcgplayerProductId": "218632"}, "isPromo": true, "isReprint": true, "isStarter": true, "language": "Japanese", "layout": "normal", "legalities": {"commander": "Legal", "duel": "Legal", "legacy": "Legal", "modern": "Legal", "penny": "Legal", "premodern": "Legal", "vintage": "Legal"}, "manaCost": "{1}", "manaValue": 1.0, "name": "Voltaic Key", "number": "35", "originalReleaseDate": "2020-03-26", "printings": ["DDE", "M11", "PMEI", "USG", "WC00", "WC99"], "promoTypes": ["mediainsert"], "purchaseUrls": {"tcgplayer": "https://mtgjson.com/links/283ce1574396d573"}, "rarity": "rare", "rulings": [], "securityStamp": "oval", "setCode": "PMEI", "subtypes": [], "supertypes": [], "text": "{1}, {T}: Untap target artifact.", "type": "Artifact", "types": ["Artifact"], "uuid": "1b145170-afde-5b1c-895e-20bdf8dd3ae6"}, {"artist": "Lius Lasahido", "availability": ["paper"], "borderColor": "black", "colorIdentity": ["W"], "colors": ["W"], "convertedManaCost": 2.0, "edhrecRank": 1381, "finishes": ["foil"], "foreignData": [{"language": "Japanese", "name": "太陽に祝福されしダクソス", "text": "太陽に祝福されしダクソスのタフネスは、あなたの白への信心に等しい。（あなたの白への信心とは、あなたがコントロールしているパーマネントのマナ・コストに含まれる{W}の総数である。）\n他の、あなたがコントロールしているクリーチャーが１体、戦場に出るか死亡するたび、あなたは１点のライフを得る。", "type": "伝説のクリーチャー・エンチャント — 亜神"}], "frameEffects": ["nyxtouched", "legendary"], "frameVersion": "2015", "hasFoil": true, "hasNonFoil": false, "identifiers": {"mcmId": "444413", "mtgjsonV4Id": "d640d03a-9804-59de-8f66-4d84f0a05a9c", "scryfallId": "94355044-e67a-4605-a37b-e879784fc9e5", "scryfallIllustrationId": "08942e0a-1a8b-41d1-a039-47fbbf026c6e", "scryfallOracleId": "9d3c7c96-056f-408e-a834-fa45a430d3d4", "tcgplayerProductId": "218633"}, "isPromo": true, "isReprint": true, "isStarter": true, "language": "Japanese", "layout": "normal", "leadershipSkills": {"brawl": false, "commander": true, "oathbreaker": false}, "legalities": {"commander": "Legal", "duel": "Legal", "explorer": "Legal", "gladiator": "Legal", "historic": "Legal", "historicbrawl": "Legal", "legacy": "Legal", "modern": "Legal", "paupercommander": "Restricted", "pioneer": "Legal", "vintage": "Legal"}, "manaCost": "{W}{W}", "manaValue": 2.0, "name": "Daxos, Blessed by the Sun", "number": "36", "originalReleaseDate": "2020-03-01", "power": "2", "printings": ["PLIST", "PMEI", "PRM", "THB"], "promoTypes": ["mediainsert"], "purchaseUrls": {"tcgplayer": "https://mtgjson.com/links/6b32d7a3831e0d4b"}, "rarity": "uncommon", "rulings": [{"date": "2020-01-24", "text": "The ability that defines Daxos’s toughness works in all zones, not just the battlefield."}, {"date": "2020-01-24", "text": "Because damage remains marked on a creature until the damage is removed as the turn ends, nonlethal damage dealt to Daxos may become lethal if your devotion to white decreases during that turn."}, {"date": "2020-01-24", "text": "If another creature you control enters the battlefield at the same time as Daxos, you gain 1 life for that creature. Similarly, if another creature you control dies at the same time as Daxos, you gain 1 life for that creature. However, in the unusual case that Daxos dies at the same time that another creature enters the battlefield or vice versa, you won’t gain 1 life for that creature."}, {"date": "2020-01-24", "text": "Colorless and generic mana symbols ({C}, {0}, {1}, {2}, {X}, and so on) in mana costs of permanents you control don’t count toward your devotion to any color."}, {"date": "2020-01-24", "text": "Mana symbols in the text boxes of permanents you control don’t count toward your devotion to any color."}, {"date": "2020-01-24", "text": "Hybrid mana symbols, monocolored hybrid mana symbols, and Phyrexian mana symbols do count toward your devotion to their color(s)."}, {"date": "2020-01-24", "text": "If an activated ability or triggered ability has an effect that depends on your devotion to a color, you count the number of mana symbols of that color among the mana costs of permanents you control as the ability resolves. The permanent with that ability will be counted if it’s still on the battlefield at that time."}, {"date": "2020-01-24", "text": "If you put an Aura on an opponent’s permanent, you still control the Aura, and mana symbols in its mana cost count towards your devotion."}], "setCode": "PMEI", "subtypes": ["Demigod"], "supertypes": ["Legendary"], "text": "Daxos's toughness is equal to your devotion to white. (Each {W} in the mana costs of permanents you control counts toward your devotion to white.)\nWhenever another creature you control enters the battlefield or dies, you gain 1 life.", "toughness": "*", "type": "Legendary Enchantment Creature — Demigod", "types": ["Enchantment", "Creature"], "uuid": "14292de6-9cea-522b-a301-9e421bed0dfd"}, {"artist": "Dmitry Burmak", "availability": ["paper"], "borderColor": "black", "colorIdentity": ["U", "W"], "colors": ["U", "W"], "convertedManaCost": 2.0, "edhrecRank": 3277, "finishes": ["foil"], "flavorText": "「真実から逃げ出すのは臆病者だけ。」\n――哲人ペリソフィア", "foreignData": [{"flavorText": "「真実から逃げ出すのは臆病者だけ。」\n――哲人ペリソフィア", "language": "Japanese", "name": "圧倒的洞察", "text": "エンチャント（クリーチャー）\nエンチャントしているクリーチャーは＋１/＋１の修整を受け、絆魂と「このクリーチャーがプレイヤー１人に戦闘ダメージを与えるたび、カードを１枚引く。」を持つ。", "type": "エンチャント — オーラ"}], "frameVersion": "2015", "hasFoil": true, "hasNonFoil": false, "identifiers": {"mcmId": "530792", "mtgjsonV4Id": "e714b288-f757-5b61-b748-757518539aa4", "scryfallId": "3a96f2a9-3f53-457d-ad1b-691babb1539f", "scryfallIllustrationId": "3f114940-9c73-4990-b7e1-72de70349ada", "scryfallOracleId": "09071f5f-c9cb-43a9-b41d-faf6caf3beff", "tcgplayerProductId": "210883"}, "isPromo": true, "isReprint": true, "isStarter": true, "keywords": ["Enchant"], "language": "Japanese", "layout": "normal", "legalities": {"commander": "Legal", "duel": "Legal", "explorer": "Legal", "gladiator": "Legal", "historic": "Legal", "historicbrawl": "Legal", "legacy": "Legal", "modern": "Legal", "penny": "Legal", "pioneer": "Legal", "vintage": "Legal"}, "manaCost": "{W}{U}", "manaValue": 2.0, "name": "Staggering Insight", "number": "37", "originalReleaseDate": "2020-03-12", "printings": ["PMEI", "THB"], "promoTypes": ["mediainsert"], "purchaseUrls": {"tcgplayer": "https://mtgjson.com/links/f285a3905b38d38d"}, "rarity": "rare", "rulings": [{"date": "2020-01-24", "text": "Multiple instances of lifelink on the same creature are redundant. On the other hand, multiple instances of the triggered ability trigger separately if a creature is enchanted by more than one Staggering Insight."}], "securityStamp": "oval", "setCode": "PMEI", "subtypes": ["Aura"], "supertypes": [], "text": "Enchant creature\nEnchanted creature gets +1/+1 and has lifelink and \"Whenever this creature deals combat damage to a player, draw a card.\"", "type": "Enchantment — Aura", "types": ["Enchantment"], "uuid": "a6d580e4-c321-5507-99df-cce3e0942c09", "watermark": "trumpkatsumai"}, {"artist": "Tom Fleming", "availability": ["paper"], "borderColor": "black", "colorIdentity": ["B"], "colors": ["B"], "convertedManaCost": 1.0, "edhrecRank": 90, "finishes": ["foil"], "flavorText": "「ファイレクシアは虚空から生まれた。 機械の父、偉大なるヨーグモスはその完成された形を予見なされた。 かくして『偉大なる進化』が始まった。」\n———ファイレクシア経典", "foreignData": [{"flavorText": "「ファイレクシアは虚空から生まれた。 機械の父、偉大なるヨーグモスはその完成された形を予見なされた。 かくして『偉大なる進化』が始まった。」\n———ファイレクシア経典", "language": "Japanese", "name": "暗黒の儀式", "text": "{B}{B}{B}を加える。", "type": "インスタント"}], "frameVersion": "2015", "hasFoil": true, "hasNonFoil": false, "identifiers": {"mcmId": "530787", "mtgjsonV4Id": "4cf95e32-9542-51eb-b265-05aacc44c7fb", "scryfallId": "b464bf34-d651-496c-9a92-bee839af1fa6", "scryfallIllustrationId": "d4e12cc8-d06a-4978-aa20-ff4e6b77b7b3", "scryfallOracleId": "53f7c868-b03e-4fc2-8dcf-a75bbfa3272b", "tcgplayerProductId": "218630"}, "isPromo": true, "isReprint": true, "isStarter": true, "language": "Japanese", "layout": "normal", "legalities": {"commander": "Legal", "duel": "Legal", "gladiator": "Legal", "historic": "Banned", "historicbrawl": "Legal", "legacy": "Legal", "pauper": "Legal", "paupercommander": "Legal", "penny": "Legal", "premodern": "Legal", "vintage": "Legal"}, "manaCost": "{B}", "manaValue": 1.0, "name": "Dark Ritual", "number": "38", "originalReleaseDate": "2020-07-22", "printings": ["2ED", "3ED", "4BB", "4ED", "5ED", "A25", "BRB", "BTD", "CED", "CEI", "CST", "DDC", "DDE", "DKM", "DVD", "FBB", "G09", "HOP", "ICE", "ITP", "J21", "LEA", "LEB", "MB1", "ME4", "MIR", "MMQ", "MP2", "PMEI", "PRM", "PTC", "RQS", "STA", "SUM", "TMP", "TPR", "USG", "V13", "VMA", "WC01", "WC99"], "promoTypes": ["mediainsert"], "purchaseUrls": {"tcgplayer": "https://mtgjson.com/links/6333424d842582e4"}, "rarity": "rare", "rulings": [], "securityStamp": "oval", "setCode": "PMEI", "subtypes": [], "supertypes": [], "text": "Add {B}{B}{B}.", "type": "Instant", "types": ["Instant"], "uuid": "0c48369a-ae92-50d6-bf94-2538873c16f5"}, {"artist": "Gabor Szikszai", "availability": ["paper"], "borderColor": "black", "colorIdentity": ["R", "U"], "colors": ["R", "U"], "convertedManaCost": 2.0, "edhrecRank": 4991, "finishes": ["foil"], "flavorText": "ピクシー並みの体、ヘルカイト並みの怒り。", "foreignData": [{"flavorText": "ピクシー並みの体、ヘルカイト並みの怒り。", "language": "Japanese", "name": "スプライトのドラゴン", "text": "飛行、速攻\nあなたがクリーチャーでない呪文を唱えるたび、スプライトのドラゴンの上に＋１/＋１カウンターを１個置く。", "type": "クリーチャー — フェアリー・ドラゴン"}], "frameVersion": "2015", "hasFoil": true, "hasNonFoil": false, "identifiers": {"mcmId": "496345", "mtgjsonV4Id": "665ebdf5-dc83-5574-8ec8-e8b3236962f3", "scryfallId": "29ce8e10-1db2-4cfd-ace3-c6b418e00007", "scryfallIllustrationId": "a7c8a668-a49f-4564-889d-372802353174", "scryfallOracleId": "a9d8ab76-70a4-475e-b87e-4737c090553a", "tcgplayerProductId": "218631"}, "isPromo": true, "isReprint": true, "isStarter": true, "keywords": ["Flying", "Haste"], "language": "Japanese", "layout": "normal", "legalities": {"commander": "Legal", "duel": "Legal", "explorer": "Legal", "gladiator": "Legal", "historic": "Legal", "historicbrawl": "Legal", "legacy": "Legal", "modern": "Legal", "paupercommander": "Restricted", "penny": "Legal", "pioneer": "Legal", "vintage": "Legal"}, "manaCost": "{U}{R}", "manaValue": 2.0, "name": "Sprite Dragon", "number": "39", "originalReleaseDate": "2020-07-13", "power": "1", "printings": ["IKO", "PMEI", "PRM"], "promoTypes": ["mediainsert"], "purchaseUrls": {"tcgplayer": "https://mtgjson.com/links/e96d5e11ec3d73bd"}, "rarity": "rare", "rulings": [{"date": "2020-04-17", "text": "An ability that triggers when a player casts a spell resolves before the spell that caused it to trigger. It resolves even if that spell is countered."}], "securityStamp": "oval", "setCode": "PMEI", "subtypes": ["Faerie", "Dragon"], "supertypes": [], "text": "Flying, haste\nWhenever you cast a noncreature spell, put a +1/+1 counter on Sprite Dragon.", "toughness": "1", "type": "Creature — Faerie Dragon", "types": ["Creature"], "uuid": "fddb6775-38e2-5cb1-9237-d089214962d6", "watermark": "corocoro"}, {"artist": "Irina Nordsol", "availability": ["paper"], "borderColor": "black", "colorIdentity": ["U"], "colors": ["U"], "convertedManaCost": 2.0, "edhrecRank": 6452, "faceConvertedManaCost": 2.0, "faceManaValue": 2.0, "faceName": "Hypnotic Sprite", "finishes": ["foil"], "foreignData": [{"faceName": "惑乱スプライト", "language": "Japanese", "name": "惑乱スプライト // 催眠の輝き", "text": "飛行", "type": "クリーチャー — フェアリー"}], "frameVersion": "2015", "hasFoil": true, "hasNonFoil": false, "identifiers": {"mcmId": "530777", "mtgjsonV4Id": "3eb7feac-cbab-50a3-8eee-a5eb15032408", "scryfallId": "74417059-a6d0-4810-8b4d-6b0f26d73783", "scryfallIllustrationId": "e6316eeb-83cc-4cac-a94c-3dee4aa48ae5", "scryfallOracleId": "1f9efad1-9f51-47aa-a5a7-9c8103435a01"}, "isPromo": true, "isReprint": true, "isStarter": true, "keywords": ["Flying"], "language": "Japanese", "layout": "adventure", "legalities": {"commander": "Legal", "duel": "Legal", "explorer": "Legal", "gladiator": "Legal", "historic": "Legal", "historicbrawl": "Legal", "legacy": "Legal", "modern": "Legal", "paupercommander": "Restricted", "penny": "Legal", "pioneer": "Legal", "vintage": "Legal"}, "manaCost": "{U}{U}", "manaValue": 2.0, "name": "Hypnotic Sprite // Mesmeric Glare", "number": "40", "originalReleaseDate": "2019-11-15", "otherFaceIds": ["bfc83447-5c6a-56d6-af75-3959e910a721"], "power": "2", "printings": ["ELD", "PMEI", "PRM"], "promoTypes": ["mediainsert"], "purchaseUrls": {}, "rarity": "rare", "rulings": [{"date": "2019-10-04", "text": "An adventurer card is a creature card in every zone except the stack, as well as while on the stack if not cast as an Adventure. Ignore its alternative characteristics in those cases. For example, while it’s in your graveyard, Giant Killer is a white creature card whose mana value is 1. It can’t be the target of the triggered ability of Mystic Sanctuary."}, {"date": "2019-10-04", "text": "When casting a spell as an Adventure, use the alternative characteristics and ignore all of the card’s normal characteristics. The spell’s color, mana cost, mana value, and so on are determined by only those alternative characteristics. If the spell leaves the stack, it immediately resumes using its normal characteristics."}, {"date": "2019-10-04", "text": "If you cast an adventurer card as an Adventure, use only its alternative characteristics to determine whether it’s legal to cast that spell. For example, if Giant Killer is exiled with the last ability of Vivien, Champion of the Wilds, you can’t cast it as Chop Down."}, {"date": "2019-10-04", "text": "If a spell is cast as an Adventure, its controller exiles it instead of putting it into its owner’s graveyard as it resolves. For as long as it remains exiled, that player may cast it as a creature spell. If an Adventure spell leaves the stack in any way other than resolving (most likely by being countered or by failing to resolve because its targets have all become illegal), that card won’t be exiled and the spell’s controller won’t be able to cast it as a creature later."}, {"date": "2019-10-04", "text": "If an adventurer card ends up in exile for any other reason than by exiling itself while resolving, it won’t give you permission to cast it as a creature spell."}, {"date": "2019-10-04", "text": "You must still follow any timing restrictions and permissions for the creature spell you cast from exile. Normally, you’ll be able to cast it only during your main phase while the stack is empty."}, {"date": "2019-10-04", "text": "If an effect copies an Adventure spell, that copy is exiled as it resolves. It ceases to exist as a state-based action; it’s not possible to cast the copy as a creature."}, {"date": "2019-10-04", "text": "If an object becomes a copy of an object that has an Adventure, the copy also has an Adventure. If it changes zones, it will either cease to exist (if it’s a token) or cease to be a copy (if it’s a nontoken permanent), and so you won’t be able to cast it as an Adventure."}, {"date": "2019-10-04", "text": "If an effect instructs you to choose a card name, you may choose the alternative Adventure name. Consider only the alternative characteristics to determine whether that is an appropriate name to choose."}, {"date": "2019-10-04", "text": "Casting a card as an Adventure isn’t casting it for an alternative cost. Effects that allow you to cast a spell for an alternative cost or without paying its mana cost may allow you to apply those to the Adventure."}, {"date": "2019-10-04", "text": "For spells with {X} in their mana costs, use the value chosen for X to determine the spell’s mana value."}, {"date": "2019-10-04", "text": "A spell that can’t be countered is a legal target for Mesmeric Glare. The spell won’t be countered when Mesmeric Glare resolves, but you’ll still exile Mesmeric Glare."}], "securityStamp": "oval", "setCode": "PMEI", "side": "a", "subtypes": ["Faerie"], "supertypes": [], "text": "Flying", "toughness": "1", "type": "Creature — Faerie", "types": ["Creature"], "uuid": "f7cbda58-5836-53eb-b044-959969f63023", "watermark": "corocoro"}, {"artist": "Irina Nordsol", "availability": ["paper"], "borderColor": "black", "colorIdentity": ["U"], "colors": ["U"], "convertedManaCost": 2.0, "edhrecRank": 6452, "faceConvertedManaCost": 3.0, "faceManaValue": 3.0, "faceName": "Mesmeric Glare", "finishes": ["foil"], "foreignData": [{"faceName": "催眠の輝き", "language": "Japanese", "name": "惑乱スプライト // 催眠の輝き", "text": "点数で見たマナ・コストが３以下の呪文１つを対象とし、それを打ち消す。（その後、このカードを追放する。あなたは後で追放領域からこのクリーチャーを唱えてもよい。）", "type": "インスタント ― 出来事"}], "frameVersion": "2015", "hasFoil": true, "hasNonFoil": false, "identifiers": {"mcmId": "530777", "mtgjsonV4Id": "8d87b558-d73f-5f11-92ca-0d813c3af60b", "scryfallId": "74417059-a6d0-4810-8b4d-6b0f26d73783", "scryfallIllustrationId": "e6316eeb-83cc-4cac-a94c-3dee4aa48ae5", "scryfallOracleId": "1f9efad1-9f51-47aa-a5a7-9c8103435a01"}, "isPromo": true, "isReprint": true, "isStarter": true, "language": "Japanese", "layout": "adventure", "legalities": {"commander": "Legal", "duel": "Legal", "explorer": "Legal", "gladiator": "Legal", "historic": "Legal", "historicbrawl": "Legal", "legacy": "Legal", "modern": "Legal", "paupercommander": "Restricted", "penny": "Legal", "pioneer": "Legal", "vintage": "Legal"}, "manaCost": "{2}{U}", "manaValue": 2.0, "name": "Hypnotic Sprite // Mesmeric Glare", "number": "40", "originalReleaseDate": "2019-11-15", "otherFaceIds": ["f7cbda58-5836-53eb-b044-959969f63023"], "printings": ["ELD", "PMEI", "PRM"], "promoTypes": ["mediainsert"], "purchaseUrls": {}, "rarity": "rare", "rulings": [{"date": "2019-10-04", "text": "An adventurer card is a creature card in every zone except the stack, as well as while on the stack if not cast as an Adventure. Ignore its alternative characteristics in those cases. For example, while it’s in your graveyard, Giant Killer is a white creature card whose mana value is 1. It can’t be the target of the triggered ability of Mystic Sanctuary."}, {"date": "2019-10-04", "text": "When casting a spell as an Adventure, use the alternative characteristics and ignore all of the card’s normal characteristics. The spell’s color, mana cost, mana value, and so on are determined by only those alternative characteristics. If the spell leaves the stack, it immediately resumes using its normal characteristics."}, {"date": "2019-10-04", "text": "If you cast an adventurer card as an Adventure, use only its alternative characteristics to determine whether it’s legal to cast that spell. For example, if Giant Killer is exiled with the last ability of Vivien, Champion of the Wilds, you can’t cast it as Chop Down."}, {"date": "2019-10-04", "text": "If a spell is cast as an Adventure, its controller exiles it instead of putting it into its owner’s graveyard as it resolves. For as long as it remains exiled, that player may cast it as a creature spell. If an Adventure spell leaves the stack in any way other than resolving (most likely by being countered or by failing to resolve because its targets have all become illegal), that card won’t be exiled and the spell’s controller won’t be able to cast it as a creature later."}, {"date": "2019-10-04", "text": "If an adventurer card ends up in exile for any other reason than by exiling itself while resolving, it won’t give you permission to cast it as a creature spell."}, {"date": "2019-10-04", "text": "You must still follow any timing restrictions and permissions for the creature spell you cast from exile. Normally, you’ll be able to cast it only during your main phase while the stack is empty."}, {"date": "2019-10-04", "text": "If an effect copies an Adventure spell, that copy is exiled as it resolves. It ceases to exist as a state-based action; it’s not possible to cast the copy as a creature."}, {"date": "2019-10-04", "text": "If an object becomes a copy of an object that has an Adventure, the copy also has an Adventure. If it changes zones, it will either cease to exist (if it’s a token) or cease to be a copy (if it’s a nontoken permanent), and so you won’t be able to cast it as an Adventure."}, {"date": "2019-10-04", "text": "If an effect instructs you to choose a card name, you may choose the alternative Adventure name. Consider only the alternative characteristics to determine whether that is an appropriate name to choose."}, {"date": "2019-10-04", "text": "Casting a card as an Adventure isn’t casting it for an alternative cost. Effects that allow you to cast a spell for an alternative cost or without paying its mana cost may allow you to apply those to the Adventure."}, {"date": "2019-10-04", "text": "For spells with {X} in their mana costs, use the value chosen for X to determine the spell’s mana value."}, {"date": "2019-10-04", "text": "A spell that can’t be countered is a legal target for Mesmeric Glare. The spell won’t be countered when Mesmeric Glare resolves, but you’ll still exile Mesmeric Glare."}], "securityStamp": "oval", "setCode": "PMEI", "side": "b", "subtypes": ["Adventure"], "supertypes": [], "text": "Counter target spell with mana value 3 or less. (Then exile this card. You may cast the creature later from exile.)", "type": "Instant — Adventure", "types": ["Instant"], "uuid": "bfc83447-5c6a-56d6-af75-3959e910a721", "watermark": "corocoro"}, {"artist": "Micah Epstein", "availability": ["paper"], "borderColor": "black", "colorIdentity": ["W"], "colors": ["W"], "convertedManaCost": 3.0, "edhrecRank": 1770, "finishes": ["foil"], "foreignData": [{"language": "Japanese", "name": "ヘリオッドの巡礼者", "text": "ヘリオッドの巡礼者が戦場に出たとき、あなたは「あなたのライブラリーからオーラ・カード１枚を探し、公開し、あなたの手札に加え、その後あなたのライブラリーを切り直す。」を選んでもよい。", "type": "クリーチャー — 人間・クレリック"}], "frameVersion": "2015", "hasFoil": true, "hasNonFoil": false, "identifiers": {"mcmId": "530782", "mtgjsonV4Id": "0d0089c4-b865-57cb-9143-9bbf00c5fefc", "scryfallId": "1a1e5ad3-00fa-4b6b-a0a3-d52fcbe897ac", "scryfallIllustrationId": "fbd3b734-f303-4618-a55e-95f2c86d1673", "scryfallOracleId": "0fe01c7d-f435-44c1-82f1-0ec2c47d4704"}, "isPromo": true, "isReprint": true, "isStarter": true, "language": "Japanese", "layout": "normal", "legalities": {"commander": "Legal", "duel": "Legal", "explorer": "Legal", "gladiator": "Legal", "historic": "Legal", "historicbrawl": "Legal", "legacy": "Legal", "modern": "Legal", "pauper": "Legal", "paupercommander": "Legal", "penny": "Legal", "pioneer": "Legal", "vintage": "Legal"}, "manaCost": "{2}{W}", "manaValue": 3.0, "name": "Heliod's Pilgrim", "number": "41", "originalReleaseDate": "2020-03-14", "power": "1", "printings": ["M15", "PMEI", "THB", "UMA"], "promoTypes": ["mediainsert"], "purchaseUrls": {}, "rarity": "rare", "rulings": [{"date": "2014-07-18", "text": "Enchantment creatures with bestow from the Theros block aren’t Aura cards in your library. You can’t find one with Heliod’s Pilgrim."}], "securityStamp": "oval", "setCode": "PMEI", "subtypes": ["Human", "Cleric"], "supertypes": [], "text": "When Heliod's Pilgrim enters the battlefield, you may search your library for an Aura card, reveal it, put it into your hand, then shuffle.", "toughness": "2", "type": "Creature — Human Cleric", "types": ["Creature"], "uuid": "ebbbb368-bebe-533d-92a8-59fb0bb2fd9d", "watermark": "corocoro"}, {"artist": "DiTerlizzi", "availability": ["paper"], "borderColor": "black", "colorIdentity": ["G"], "colors": ["G"], "convertedManaCost": 1.0, "edhrecRank": 166, "finishes": ["foil"], "foreignData": [{"language": "Japanese", "name": "輪作", "text": "この呪文を唱えるための追加コストとして、土地１つを生け贄に捧げる。\nあなたのライブラリーから土地・カード１枚を探し、戦場に出す。その後、あなたのライブラリーを切り直す。", "type": "インスタント"}], "frameVersion": "2015", "hasFoil": true, "hasNonFoil": false, "identifiers": {"mcmId": "530797", "mtgjsonV4Id": "7dcad287-1f3b-5e0c-b6e7-7eccc85ed112", "scryfallId": "0f8b6160-84cc-4052-8c19-6184a72c16a6", "scryfallIllustrationId": "e7bb8ee3-282b-4bab-95fe-4f8ad7bd1cae", "scryfallOracleId": "28b46183-c62f-47b1-9fee-3ba148202cab", "tcgplayerProductId": "226913"}, "isPromo": true, "isReprint": true, "isStarter": true, "language": "Japanese", "layout": "normal", "legalities": {"commander": "Legal", "duel": "Legal", "legacy": "Legal", "pauper": "Legal", "paupercommander": "Legal", "premodern": "Legal", "vintage": "Legal"}, "manaCost": "{G}", "manaValue": 1.0, "name": "Crop Rotation", "number": "42", "originalReleaseDate": "2020-11-25", "printings": ["2XM", "C20", "DDR", "MB1", "PMEI", "PRM", "ULG"], "promoTypes": ["mediainsert"], "purchaseUrls": {"tcgplayer": "https://mtgjson.com/links/f6179595af7e64be"}, "rarity": "rare", "rulings": [{"date": "2020-08-07", "text": "You can't cast Crop Rotation without sacrificing a land, and you can't sacrifice additional lands."}], "securityStamp": "oval", "setCode": "PMEI", "subtypes": [], "supertypes": [], "text": "As an additional cost to cast this spell, sacrifice a land.\nSearch your library for a land card, put that card onto the battlefield, then shuffle.", "type": "Instant", "types": ["Instant"], "uuid": "74b9d685-421d-58a7-b398-25e53b27823a"}, {"artist": "Randy Vargas", "availability": ["paper"], "borderColor": "black", "colorIdentity": ["G"], "colors": ["G"], "convertedManaCost": 2.0, "edhrecRank": 22934, "faceName": "Tangled Florahedron", "finishes": ["foil"], "flavorText": "「バーラ・ゲドが再び成長し始めると、自由奔放な驚くべき形の新たな命が花開いた。」\n――バーラ・ゲドの案内人、ドーラル", "foreignData": [{"faceName": "絡みつく花面晶体", "flavorText": "「バーラ・ゲドが再び成長し始めると、自由奔放な驚くべき形の新たな命が花開いた。」\n――バーラ・ゲドの案内人、ドーラル", "language": "Japanese", "name": "絡みつく花面晶体 // 絡み谷", "text": "{T}：{G}を加える。", "type": "クリーチャー — エレメンタル"}], "frameVersion": "2015", "hasFoil": true, "hasNonFoil": false, "identifiers": {"mcmId": "530772", "mtgjsonV4Id": "9d639ef0-8b84-5d2a-8320-5db7f448802b", "scryfallId": "61daf058-37ec-4a20-89e1-4fcfa6bd5b3e", "scryfallIllustrationId": "54ab23c2-34a0-4ab8-9910-75464c93b3fe", "scryfallOracleId": "53542c79-a62a-4d6a-97db-5296e9c68302"}, "isPromo": true, "isReprint": true, "isStarter": true, "language": "Japanese", "layout": "modal_dfc", "legalities": {"alchemy": "Legal", "brawl": "Legal", "commander": "Legal", "duel": "Legal", "explorer": "Legal", "future": "Legal", "gladiator": "Legal", "historic": "Legal", "historicbrawl": "Legal", "legacy": "Legal", "modern": "Legal", "paupercommander": "Restricted", "penny": "Legal", "pioneer": "Legal", "standard": "Legal", "vintage": "Legal"}, "manaCost": "{1}{G}", "manaValue": 2.0, "name": "Tangled Florahedron // Tangled Vale", "number": "43", "originalReleaseDate": "2020-12-01", "otherFaceIds": ["810cd423-ec21-52ef-87f0-b92c214734e5"], "power": "1", "printings": ["PMEI", "ZNR"], "promoTypes": ["mediainsert"], "purchaseUrls": {}, "rarity": "uncommon", "rulings": [{"date": "2020-09-25", "text": "In the Commander variant, a double-faced card’s color identity is determined by the mana costs and mana symbols in the rules text of both faces combined. If either face has a color indicator or basic land type, those are also considered."}, {"date": "2020-09-25", "text": "There is a single triangle icon in the top left corner of the front face. There is a double triangle icon in the top left corner of the back face."}, {"date": "2020-09-25", "text": "To determine whether it is legal to play a modal double-faced card, consider only the characteristics of the face you’re playing and ignore the other face’s characteristics."}, {"date": "2020-09-25", "text": "If an effect allows you to play a specific modal double-faced card, you may cast it as a spell or play it as a land, as determined by which face you choose to play. If an effect allows you to cast (rather than “play”) a specific modal double-faced card, you can’t play it as a land."}, {"date": "2020-09-25", "text": "If an effect allows you to play a land or cast a spell from among a group of cards, you may play or cast a modal double-faced card with any face that fits the criteria of that effect."}, {"date": "2020-09-25", "text": "The converted mana cost of a modal double-faced card is based on the characteristics of the face that’s being considered. On the stack and battlefield, consider whichever face is up. In all other zones, consider only the front face. This is different than how the converted mana cost of a transforming double-faced card is determined."}, {"date": "2020-09-25", "text": "A modal double-faced card can’t be transformed or be put onto the battlefield transformed. Ignore any instruction to transform a modal double-faced card or to put one onto the battlefield transformed."}, {"date": "2020-09-25", "text": "If an effect puts a double-faced card onto the battlefield, it enters with its front face up. If that front face can’t be put onto the battlefield, it doesn’t enter the battlefield."}, {"date": "2020-09-25", "text": "If an effect instructs a player to choose a card name, the name of either face may be chosen. If that effect or a linked ability refers to a spell with the chosen name being cast and/or a land with the chosen name being played, it considers only the chosen name, not the other face’s name."}], "setCode": "PMEI", "side": "a", "subtypes": ["Elemental"], "supertypes": [], "text": "{T}: Add {G}.", "toughness": "1", "type": "Creature — Elemental", "types": ["Creature"], "uuid": "95ea46ee-a2cd-5eee-a7ed-d4af37483d71", "watermark": "corocoro"}, {"artist": "Randy Vargas", "availability": ["paper"], "borderColor": "black", "colorIdentity": ["G"], "colors": [], "convertedManaCost": 0.0, "edhrecRank": 22934, "faceName": "Tangled Vale", "finishes": ["foil"], "foreignData": [{"faceName": "絡み谷", "language": "Japanese", "name": "絡みつく花面晶体 // 絡み谷", "text": "絡み谷はタップ状態で戦場に出る。\n{T}：{G}を加える。", "type": "土地"}], "frameVersion": "2015", "hasFoil": true, "hasNonFoil": false, "identifiers": {"mcmId": "530772", "mtgjsonV4Id": "c1598b6d-7144-5528-8470-36852e3226d4", "scryfallId": "61daf058-37ec-4a20-89e1-4fcfa6bd5b3e", "scryfallIllustrationId": "9a70a043-88df-4fbb-a320-fa96a17fddab", "scryfallOracleId": "53542c79-a62a-4d6a-97db-5296e9c68302"}, "isPromo": true, "isReprint": true, "isStarter": true, "language": "Japanese", "layout": "modal_dfc", "legalities": {"alchemy": "Legal", "brawl": "Legal", "commander": "Legal", "duel": "Legal", "explorer": "Legal", "future": "Legal", "gladiator": "Legal", "historic": "Legal", "historicbrawl": "Legal", "legacy": "Legal", "modern": "Legal", "paupercommander": "Restricted", "penny": "Legal", "pioneer": "Legal", "standard": "Legal", "vintage": "Legal"}, "manaValue": 0.0, "name": "Tangled Florahedron // Tangled Vale", "number": "43", "originalReleaseDate": "2020-12-01", "otherFaceIds": ["95ea46ee-a2cd-5eee-a7ed-d4af37483d71"], "printings": ["PMEI", "ZNR"], "promoTypes": ["mediainsert"], "purchaseUrls": {}, "rarity": "uncommon", "rulings": [{"date": "2020-09-25", "text": "In the Commander variant, a double-faced card’s color identity is determined by the mana costs and mana symbols in the rules text of both faces combined. If either face has a color indicator or basic land type, those are also considered."}, {"date": "2020-09-25", "text": "There is a single triangle icon in the top left corner of the front face. There is a double triangle icon in the top left corner of the back face."}, {"date": "2020-09-25", "text": "To determine whether it is legal to play a modal double-faced card, consider only the characteristics of the face you’re playing and ignore the other face’s characteristics."}, {"date": "2020-09-25", "text": "If an effect allows you to play a specific modal double-faced card, you may cast it as a spell or play it as a land, as determined by which face you choose to play. If an effect allows you to cast (rather than “play”) a specific modal double-faced card, you can’t play it as a land."}, {"date": "2020-09-25", "text": "If an effect allows you to play a land or cast a spell from among a group of cards, you may play or cast a modal double-faced card with any face that fits the criteria of that effect."}, {"date": "2020-09-25", "text": "The converted mana cost of a modal double-faced card is based on the characteristics of the face that’s being considered. On the stack and battlefield, consider whichever face is up. In all other zones, consider only the front face. This is different than how the converted mana cost of a transforming double-faced card is determined."}, {"date": "2020-09-25", "text": "A modal double-faced card can’t be transformed or be put onto the battlefield transformed. Ignore any instruction to transform a modal double-faced card or to put one onto the battlefield transformed."}, {"date": "2020-09-25", "text": "If an effect puts a double-faced card onto the battlefield, it enters with its front face up. If that front face can’t be put onto the battlefield, it doesn’t enter the battlefield."}, {"date": "2020-09-25", "text": "If an effect instructs a player to choose a card name, the name of either face may be chosen. If that effect or a linked ability refers to a spell with the chosen name being cast and/or a land with the chosen name being played, it considers only the chosen name, not the other face’s name."}], "setCode": "PMEI", "side": "b", "subtypes": [], "supertypes": [], "text": "Tangled Vale enters the battlefield tapped.\n{T}: Add {G}.", "type": "Land", "types": ["Land"], "uuid": "810cd423-ec21-52ef-87f0-b92c214734e5", "watermark": "corocoro"}, {"artist": "Hannibal King", "availability": ["paper"], "borderColor": "black", "colorIdentity": ["U"], "colors": ["U"], "convertedManaCost": 2.0, "edhrecRank": 17, "finishes": ["foil"], "foreignData": [{"language": "Japanese", "name": "対抗呪文", "text": "呪文１つを対象とする。それを打ち消す。", "type": "インスタント"}], "frameVersion": "2015", "hasFoil": true, "hasNonFoil": false, "identifiers": {"mtgjsonV4Id": "06576fc4-eaf3-5ccd-b217-52eb7d20bf30", "scryfallId": "791cc2f2-2ec6-4df0-8c59-a31dee319729", "scryfallIllustrationId": "717edff6-c8e9-4dfd-9cc1-1128aee55915", "scryfallOracleId": "cc187110-1148-4090-bbb8-e205694a39f5", "tcgplayerProductId": "238037"}, "isPromo": true, "isReprint": true, "isStarter": true, "language": "Japanese", "layout": "normal", "legalities": {"commander": "Legal", "duel": "Legal", "gladiator": "Legal", "historic": "Banned", "historicbrawl": "Legal", "legacy": "Legal", "modern": "Legal", "pauper": "Legal", "paupercommander": "Legal", "premodern": "Legal", "vintage": "Legal"}, "manaCost": "{U}{U}", "manaValue": 2.0, "name": "Counterspell", "number": "44", "originalReleaseDate": "2021-04-26", "printings": ["2ED", "3ED", "4BB", "4ED", "5ED", "6ED", "7ED", "A25", "BRB", "BTD", "CED", "CEI", "CMR", "DD2", "EMA", "F05", "FBB", "G00", "ICE", "JVC", "LEA", "LEB", "MB1", "ME2", "ME4", "MH2", "MMQ", "MP2", "PHED", "PLGM", "PMEI", "PRM", "PTC", "S99", "SLD", "SS1", "STA", "SUM", "TMP", "TPR", "VMA", "WC00", "WC01", "WC02", "WC97", "WC98"], "promoTypes": ["mediainsert"], "purchaseUrls": {"tcgplayer": "https://mtgjson.com/links/436793e191936452"}, "rarity": "rare", "rulings": [], "securityStamp": "oval", "setCode": "PMEI", "subtypes": [], "supertypes": [], "text": "Counter target spell.", "type": "Instant", "types": ["Instant"], "uuid": "a9aec861-8e43-5240-b720-2f48fc4d0731"}, {"artist": "Ron Spencer", "availability": ["paper"], "borderColor": "black", "colorIdentity": ["B"], "colors": ["B"], "convertedManaCost": 3.0, "edhrecRank": 5447, "finishes": ["nonfoil", "foil"], "foreignData": [{"language": "Japanese", "name": "骨砕き", "text": "飛行\nエコー{2}{B}（あなたのアップキープの開始時に、これが直前のあなたのアップキープの開始時よりも後にあなたのコントロール下になっていた場合、あなたがエコー・コストを支払わないかぎり、これを生け贄に捧げる。）\n骨砕きが戦場に出たとき、アーティファクトでも黒でもないクリーチャー１体を対象とする。それを破壊する。", "type": "クリーチャー — ファイレクシアン・ミニオン"}], "frameVersion": "2015", "hasFoil": true, "hasNonFoil": true, "identifiers": {"mtgjsonV4Id": "9bc5034e-a19c-5d76-8a3f-fda18768025a", "scryfallId": "76a525da-aa38-4359-8eaf-90c70d98024e", "scryfallIllustrationId": "53905922-f6a4-414f-85d7-3a1164079f22", "scryfallOracleId": "69aa1ac7-17da-4fc9-a3dc-df8a52841f4a", "tcgplayerProductId": "256133"}, "isPromo": true, "isReprint": true, "isStarter": true, "keywords": ["Echo", "Flying"], "language": "Japanese", "layout": "normal", "legalities": {"commander": "Legal", "duel": "Legal", "legacy": "Legal", "modern": "Legal", "paupercommander": "Restricted", "penny": "Legal", "premodern": "Legal", "vintage": "Legal"}, "manaCost": "{2}{B}", "manaValue": 3.0, "name": "Bone Shredder", "number": "45", "originalReleaseDate": "2021-08-26", "power": "1", "printings": ["DDE", "MH2", "PMEI", "ULG"], "promoTypes": ["mediainsert"], "purchaseUrls": {"tcgplayer": "https://mtgjson.com/links/df0fd02abe5d1737"}, "rarity": "rare", "rulings": [{"date": "2021-06-18", "text": "Paying for echo is always optional. When the echo triggered ability resolves, if you can't pay the echo cost or choose not to, you sacrifice that permanent."}, {"date": "2021-06-18", "text": "Your permanent's echo ability will trigger at the beginning of your upkeep if it entered the battlefield since the beginning of your last upkeep, or if you gained control of it since the beginning of your last upkeep."}], "securityStamp": "oval", "setCode": "PMEI", "subtypes": ["Phyrexian", "Minion"], "supertypes": [], "text": "Flying\nEcho {2}{B} (At the beginning of your upkeep, if this came under your control since the beginning of your last upkeep, sacrifice it unless you pay its echo cost.)\nWhen Bone Shredder enters the battlefield, destroy target nonartifact, nonblack creature.", "toughness": "1", "type": "Creature — Phyrexian Minion", "types": ["Creature"], "uuid": "01594c11-49ab-5938-b988-b539c946d7f4"}, {"artist": "Allen Williams", "availability": ["paper"], "borderColor": "black", "colorIdentity": ["W"], "colors": ["W"], "convertedManaCost": 2.0, "edhrecRank": 770, "finishes": ["foil"], "foreignData": [], "frameVersion": "2015", "hasFoil": true, "hasNonFoil": false, "identifiers": {"mtgjsonV4Id": "e731cd20-165b-52a7-8dd0-7ad77be8209a", "scryfallId": "de20e1a3-2073-4ef5-821c-b35fb6bbbba7", "scryfallIllustrationId": "fa244bcf-1077-4ef2-a9d8-5827fee34178", "scryfallOracleId": "a7e97fa9-4b72-4548-b854-5be5f18a6f1a", "tcgplayerProductId": "261820"}, "isPromo": true, "isReprint": true, "isStarter": true, "language": "Japanese", "layout": "normal", "legalities": {"alchemy": "Legal", "brawl": "Legal", "commander": "Legal", "duel": "Legal", "explorer": "Legal", "future": "Legal", "gladiator": "Legal", "historic": "Legal", "historicbrawl": "Legal", "legacy": "Legal", "modern": "Legal", "pauper": "Legal", "paupercommander": "Legal", "penny": "Legal", "pioneer": "Legal", "premodern": "Legal", "standard": "Legal", "vintage": "Legal"}, "manaCost": "{1}{W}", "manaValue": 2.0, "name": "Disenchant", "number": "46", "originalReleaseDate": "2022-01-26", "printings": ["2ED", "3ED", "4BB", "4ED", "5ED", "6ED", "7ED", "A25", "ATH", "BRB", "CED", "CEI", "CMR", "CN2", "CST", "F03", "FBB", "ICE", "IMA", "LEA", "LEB", "M20", "MB1", "ME2", "ME3", "MIR", "MMQ", "P07", "PARL", "PLIST", "PMEI", "PRM", "PTC", "SUM", "TMP", "TPR", "TSB", "USG", "WC97", "WC98", "ZNR"], "promoTypes": ["mediainsert"], "purchaseUrls": {"tcgplayer": "https://mtgjson.com/links/6a078469a981143c"}, "rarity": "rare", "rulings": [{"date": "2004-10-04", "text": "This is not modal. If the target changes from an artifact to an enchantment or vice versa, this still destroys it."}], "securityStamp": "oval", "setCode": "PMEI", "subtypes": [], "supertypes": [], "text": "Destroy target artifact or enchantment.", "type": "Instant", "types": ["Instant"], "uuid": "6c9def7c-77ec-5bd1-b73b-4085edf87620"}], "cardsphereSetId": 932, "code": "PMEI", "isFoilOnly": false, "isOnlineOnly": false, "keyruneCode": "PMEI", "name": "Media Inserts", "releaseDate": "1995-01-01", "sealedProduct": [{"identifiers": {"tcgplayerProductId": "70795"}, "name": "SDCC 2013 EXCLUSIVE M14 Black Planeswalkers Set", "purchaseUrls": {"tcgplayer": "https://mtgjson.com/links/57b9a8319454eb5e"}, "releaseDate": null, "uuid": "cac0d5ed-f8ae-50dd-b299-5e4496783808"}, {"identifiers": {"tcgplayerProductId": "91628"}, "name": "SDCC 2014 Exclusive M15 Black Planeswalkers Set", "purchaseUrls": {"tcgplayer": "https://mtgjson.com/links/c06f446686d85197"}, "releaseDate": null, "uuid": "b3d764cc-6073-5636-9c9a-c538d375a602"}, {"identifiers": {"tcgplayerProductId": "91629"}, "name": "SDCC 2014 Exclusive M15 Black Planeswalkers w Axe", "purchaseUrls": {"tcgplayer": "https://mtgjson.com/links/1f2c3748f080df42"}, "releaseDate": null, "uuid": "a9fa4ee2-6959-5bd9-97b1-ca6a491544c8"}, {"identifiers": {"tcgplayerProductId": "101352"}, "name": "SDCC 2015 EXCLUSIVE Magic Origins Black Planeswalkers Set", "purchaseUrls": {"tcgplayer": "https://mtgjson.com/links/9fb9c8e59efcec18"}, "releaseDate": null, "uuid": "36804c43-56da-54e2-9e4d-6db49c41f05b"}, {"identifiers": {"tcgplayerProductId": "121360"}, "name": "SDCC 2016 EXCLUSIVE Zombie Planeswalker Set", "purchaseUrls": {"tcgplayer": "https://mtgjson.com/links/03dbb32f00c9bf5f"}, "releaseDate": null, "uuid": "0f9327be-6aa4-5591-b402-84fb74311fa8"}, {"identifiers": {"tcgplayerProductId": "139426"}, "name": "SDCC 2017 EXCLUSIVE Planeswalker Set", "purchaseUrls": {"tcgplayer": "https://mtgjson.com/links/fe1309c677246ce4"}, "releaseDate": null, "uuid": "e97f0fb0-37bc-560a-ba05-a64879be6358"}, {"identifiers": {"tcgplayerProductId": "145878"}, "name": "2017 Magic The Gathering Hascon Collection", "purchaseUrls": {"tcgplayer": "https://mtgjson.com/links/cc6c2cc7414f7767"}, "releaseDate": null, "uuid": "60e154f0-91f2-5145-ae10-67d7c1c051f1"}, {"identifiers": {"tcgplayerProductId": "170787"}, "name": "SDCC 2018 EXCLUSIVE Planeswalker Set", "purchaseUrls": {"tcgplayer": "https://mtgjson.com/links/f65cafd2755588c9"}, "releaseDate": null, "uuid": "b22605e6-bb94-5fc3-b231-338f92776aa7"}, {"identifiers": {"tcgplayerProductId": "193826"}, "name": "SDCC 2019 EXCLUSIVE Dragons Endgame Set", "purchaseUrls": {"tcgplayer": "https://mtgjson.com/links/437635681dbb228b"}, "releaseDate": "2019-07-19", "uuid": "67ac0039-82db-58f0-9f8b-a7a6bcc979fb"}], "tcgplayerGroupId": 72, "tokens": [], "totalSetSize": 43, "translations": {}, "type": "promo"}}