{"meta": {"date": "2022-05-26", "version": "5.2.0+20220526"}, "data": {"baseSetSize": 2, "cards": [{"artist": "Victor Adame Minguez", "availability": ["mtgo", "paper"], "borderColor": "black", "colorIdentity": ["B", "G", "R", "U", "W"], "colors": [], "convertedManaCost": 7.0, "edhrecRank": 1510, "finishes": ["nonfoil", "foil"], "foreignData": [], "frameEffects": ["legendary"], "frameVersion": "2015", "hasFoil": true, "hasNonFoil": true, "identifiers": {"cardKingdomFoilId": "251876", "cardKingdomId": "251875", "cardsphereId": "81511", "mcmId": "577363", "mtgjsonV4Id": "7f8afa88-3030-5e3f-847d-1d18555efe3f", "scryfallId": "5a089eb9-2034-423a-862c-d96e2d280972", "scryfallIllustrationId": "a2f7c0f0-d2ce-4c93-928a-825e5edb3cf2", "scryfallOracleId": "bf418a2f-e639-4e52-9cad-5a0713a1829b", "tcgplayerProductId": "249899"}, "isPromo": true, "isReprint": true, "isStarter": true, "keywords": ["Changeling"], "language": "English", "layout": "normal", "leadershipSkills": {"brawl": false, "commander": true, "oathbreaker": false}, "legalities": {"commander": "Legal", "duel": "Legal", "legacy": "Legal", "modern": "Legal", "vintage": "Legal"}, "manaCost": "{7}", "manaValue": 7.0, "name": "Morophon, the Boundless", "number": "1p", "originalReleaseDate": "2021-08-25", "power": "6", "printings": ["MH1", "PJ21", "PLIST", "PMH1"], "promoTypes": ["promopack", "stamped", "planeswalkerstamped"], "purchaseUrls": {"cardKingdom": "https://mtgjson.com/links/ccbe6982b26207ac", "cardKingdomFoil": "https://mtgjson.com/links/04c0ec7ff4216948", "tcgplayer": "https://mtgjson.com/links/51815ac3e17634eb"}, "rarity": "mythic", "rulings": [{"date": "2019-06-14", "text": "You must choose an existing creature type, such as Sliver or Warrior. Card types such as artifact, and supertypes such as legendary or snow, can’t be chosen."}, {"date": "2019-06-14", "text": "Morophon’s effect reduces the total cost by up to one mana of each color. For example, if a spell of the chosen type costs {4}{R}{W}{W}, it will cost {4}{W} after applying Morophon’s effect."}, {"date": "2019-06-14", "text": "If a spell has hybrid mana symbols in its mana cost, you choose which half you will be paying before determining the total cost. For example, if a spell of the chosen type costs {2}{W/U}{W/U}, you may choose for the cost to be {2}{W}{U} and then reduce it to {2}."}, {"date": "2019-06-14", "text": "Cost reduction effects are applied after other cost modifiers, so Morophon can reduce additional costs or alternative costs of spells of the chosen type."}, {"date": "2019-06-14", "text": "Because damage remains marked on a creature until the damage is removed as the turn ends, nonlethal damage dealt to other creatures you control of the chosen type may become lethal if Morophon leaves the battlefield during that turn."}], "securityStamp": "oval", "setCode": "PMH1", "subtypes": ["Shapeshifter"], "supertypes": ["Legendary"], "text": "Changeling (This card is every creature type.)\nAs Morophon, the Boundless enters the battlefield, choose a creature type.\nSpells of the chosen type you cast cost {W}{U}{B}{R}{G} less to cast. This effect reduces only the amount of colored mana you pay.\nOther creatures you control of the chosen type get +1/+1.", "toughness": "6", "type": "Legendary Creature — Shapeshifter", "types": ["Creature"], "uuid": "cdaad5bd-2680-54ca-abfc-7f466d98e93f"}, {"artist": "Svetlin Velinov", "availability": ["mtgo", "paper"], "borderColor": "black", "colorIdentity": ["W"], "colors": ["W"], "convertedManaCost": 3.0, "edhrecRank": 3845, "finishes": ["foil"], "foreignData": [], "frameVersion": "2015", "hasFoil": true, "hasNonFoil": false, "identifiers": {"cardKingdomFoilId": "225051", "cardsphereId": "60966", "mcmId": "376779", "mtgjsonV4Id": "543216f8-53b7-521f-acb0-3876a2690bde", "scryfallId": "f3acc9b9-b89c-4a45-b49e-c414cfa9db48", "scryfallIllustrationId": "aafa5d7e-401c-4bed-9430-b5ccd536cdea", "scryfallOracleId": "7aa5db50-5057-45fd-bce9-fb4a5e874263", "tcgplayerProductId": "192229"}, "isPromo": true, "isReprint": true, "isStarter": true, "keywords": ["Cycling"], "language": "English", "layout": "normal", "legalities": {"commander": "Legal", "duel": "Legal", "legacy": "Legal", "modern": "Legal", "penny": "Legal", "vintage": "Legal"}, "manaCost": "{2}{W}", "manaValue": 3.0, "name": "Astral Drift", "number": "3", "printings": ["C20", "MH1", "PMH1", "PRM"], "promoTypes": ["prerelease", "datestamped"], "purchaseUrls": {"cardKingdomFoil": "https://mtgjson.com/links/dafabb6ac1bf08ac", "tcgplayer": "https://mtgjson.com/links/5b6e5e08aa12a38a"}, "rarity": "rare", "rulings": [{"date": "2019-06-14", "text": "Astral Drift’s triggered ability resolves before the cycling ability does. You won’t draw until after you choose the target and choose whether to exile the creature."}, {"date": "2019-06-14", "text": "If you cycle a card during a player’s end step, the exiled creature will remain exiled until the next turn’s end step."}, {"date": "2019-06-14", "text": "Auras attached to the exiled creature will be put into their owners’ graveyards. Equipment attached to the exiled creature will become unattached and remain on the battlefield. Any counters on the exiled creature will cease to exist. Once the exiled creature returns, it’s considered a new object with no relation to the object that it was."}, {"date": "2019-06-14", "text": "If a token is exiled this way, it will cease to exist and won’t return to the battlefield."}], "securityStamp": "oval", "setCode": "PMH1", "subtypes": [], "supertypes": [], "text": "Whenever you cycle Astral Drift or cycle another card while Astral Drift is on the battlefield, you may exile target creature. If you do, return that card to the battlefield under its owner's control at the beginning of the next end step.\nCycling {2}{W} ({2}{W}, Discard this card: Draw a card.)", "type": "Enchantment", "types": ["Enchantment"], "uuid": "5849e009-a208-59e0-b2dc-230b053bf015"}], "code": "PMH1", "isFoilOnly": false, "isOnlineOnly": false, "keyruneCode": "MH1", "mtgoCode": "PMH1", "name": "Modern Horizons Promos", "parentCode": "MH1", "releaseDate": "2019-06-14", "tokens": [], "totalSetSize": 2, "translations": {}, "type": "promo"}}