{"meta": {"date": "2022-05-26", "version": "5.2.0+20220526"}, "data": {"baseSetSize": 85, "cards": [{"artist": "UDON", "availability": ["mtgo"], "borderColor": "black", "colorIdentity": [], "colors": [], "convertedManaCost": 0.0, "finishes": ["nonfoil", "foil"], "foreignData": [], "frameVersion": "2015", "hand": "+0", "hasFoil": true, "hasNonFoil": true, "identifiers": {"mtgjsonV4Id": "ef69e6cf-7c8e-5bf1-b685-1ed3f6c5c50c", "mtgoId": "32524", "multiverseId": "182282", "scryfallId": "a8983ba0-cf6f-4ea1-9fb2-00e9089d5fc3", "scryfallIllustrationId": "6f728306-99cc-4a6d-9085-0085c5268b42", "scryfallOracleId": "4d9defdb-0a88-4dbb-ba3b-f5e05966ac62"}, "isOnlineOnly": true, "isStarter": true, "language": "English", "layout": "vanguard", "legalities": {}, "life": "-1", "manaValue": 0.0, "name": "Serra Angel Avatar", "number": "1", "printings": ["PMOA"], "purchaseUrls": {}, "rarity": "rare", "rulings": [], "securityStamp": "oval", "setCode": "PMOA", "subtypes": [], "supertypes": [], "text": "Whenever you cast a spell, you gain 2 life.", "type": "Vanguard", "types": ["Vanguard"], "uuid": "5bc441d3-cd15-5b1a-b41e-20b5cdd3935a", "variations": ["3c080463-7480-571d-9e89-818c61cc61dd"]}, {"artist": "UDON", "availability": ["mtgo"], "borderColor": "black", "colorIdentity": [], "colors": [], "convertedManaCost": 0.0, "finishes": ["nonfoil", "foil"], "foreignData": [], "frameVersion": "2015", "hand": "+0", "hasFoil": true, "hasNonFoil": true, "identifiers": {"mtgjsonV4Id": "685d36eb-bde1-5ec5-b7b2-9d8ad40f27ad", "mtgoId": "9", "multiverseId": "205492", "scryfallId": "5ab1f026-f906-4dd5-8ee6-72fb9b934882", "scryfallIllustrationId": "5e498aee-dd7c-4e0b-8b4b-55cd286f3f6b", "scryfallOracleId": "4d9defdb-0a88-4dbb-ba3b-f5e05966ac62"}, "isOnlineOnly": true, "isStarter": true, "language": "English", "layout": "vanguard", "legalities": {}, "life": "-1", "manaValue": 0.0, "name": "Serra Angel Avatar", "number": "2", "printings": ["PMOA"], "purchaseUrls": {}, "rarity": "rare", "rulings": [], "securityStamp": "oval", "setCode": "PMOA", "subtypes": [], "supertypes": [], "text": "Whenever you cast a spell, you gain 2 life.", "type": "Vanguard", "types": ["Vanguard"], "uuid": "3c080463-7480-571d-9e89-818c61cc61dd", "variations": ["5bc441d3-cd15-5b1a-b41e-20b5cdd3935a"]}, {"artist": "UDON", "availability": ["mtgo"], "borderColor": "black", "colorIdentity": [], "colors": [], "convertedManaCost": 0.0, "finishes": ["nonfoil", "foil"], "foreignData": [], "frameVersion": "2015", "hand": "+1", "hasFoil": true, "hasNonFoil": true, "identifiers": {"mtgjsonV4Id": "6e90b44c-8361-5f57-b7e5-e8a56682ddf8", "mtgoId": "33434", "multiverseId": "182251", "scryfallId": "722154bb-6508-4d6f-8cfb-23b69b29a653", "scryfallIllustrationId": "750921dc-f39a-4050-a061-0dff5f2863e1", "scryfallOracleId": "94701ec4-4cd3-46cc-a2fc-7ab3642ed247"}, "isOnlineOnly": true, "isStarter": true, "language": "English", "layout": "vanguard", "legalities": {}, "life": "+2", "manaValue": 0.0, "name": "Goblin Warchief Avatar", "number": "5", "printings": ["PMOA"], "purchaseUrls": {}, "rarity": "rare", "rulings": [], "securityStamp": "oval", "setCode": "PMOA", "subtypes": [], "supertypes": [], "text": "Attacking creatures you control get +1/+0.", "type": "Vanguard", "types": ["Vanguard"], "uuid": "7c59968d-ee38-5ce2-b8db-d72feed41d75", "variations": ["9036a033-e552-54e8-b3dc-218333146791"]}, {"artist": "UDON", "availability": ["mtgo"], "borderColor": "black", "colorIdentity": [], "colors": [], "convertedManaCost": 0.0, "finishes": ["nonfoil", "foil"], "foreignData": [], "frameVersion": "2015", "hand": "+1", "hasFoil": true, "hasNonFoil": true, "identifiers": {"mtgjsonV4Id": "92d2b6d0-89cd-52d8-bf4e-77b3c8b93857", "mtgoId": "10", "multiverseId": "210149", "scryfallId": "96501e4f-9431-4f26-af4f-b7cbc52dcda9", "scryfallIllustrationId": "4e78a572-ac11-4fc1-a811-ac84079a753f", "scryfallOracleId": "94701ec4-4cd3-46cc-a2fc-7ab3642ed247"}, "isOnlineOnly": true, "isStarter": true, "language": "English", "layout": "vanguard", "legalities": {}, "life": "+2", "manaValue": 0.0, "name": "Goblin Warchief Avatar", "number": "6", "printings": ["PMOA"], "purchaseUrls": {}, "rarity": "rare", "rulings": [], "securityStamp": "oval", "setCode": "PMOA", "subtypes": [], "supertypes": [], "text": "Attacking creatures you control get +1/+0.", "type": "Vanguard", "types": ["Vanguard"], "uuid": "9036a033-e552-54e8-b3dc-218333146791", "variations": ["7c59968d-ee38-5ce2-b8db-d72feed41d75"]}, {"artist": "UDON", "availability": ["mtgo"], "borderColor": "black", "colorIdentity": [], "colors": [], "convertedManaCost": 0.0, "finishes": ["nonfoil", "foil"], "foreignData": [], "frameVersion": "2015", "hand": "+0", "hasFoil": true, "hasNonFoil": true, "identifiers": {"mtgjsonV4Id": "e6132c23-985c-5507-b118-948ee12e00fa", "mtgoId": "11", "multiverseId": "182256", "scryfallId": "d03bc6df-ca00-4e5d-bd17-a9fa7424171f", "scryfallIllustrationId": "1be00b8c-c257-47a2-882d-644c78ecb206", "scryfallOracleId": "a22d88eb-4d2f-4515-91d4-6195723c57a2"}, "isOnlineOnly": true, "isStarter": true, "language": "English", "layout": "vanguard", "legalities": {}, "life": "+2", "manaValue": 0.0, "name": "Stalking Tiger Avatar", "number": "7", "printings": ["PMOA"], "purchaseUrls": {}, "rarity": "rare", "rulings": [], "securityStamp": "oval", "setCode": "PMOA", "subtypes": [], "supertypes": [], "text": "Whenever you cast a creature spell, you may pay {1}. If you do, draw a card.", "type": "Vanguard", "types": ["Vanguard"], "uuid": "f182e364-0439-5594-a6e6-75f7889ccf45"}, {"artist": "UDON", "availability": ["mtgo"], "borderColor": "black", "colorIdentity": [], "colors": [], "convertedManaCost": 0.0, "finishes": ["nonfoil", "foil"], "foreignData": [], "frameVersion": "2015", "hand": "+0", "hasFoil": true, "hasNonFoil": true, "identifiers": {"mtgjsonV4Id": "6f57f5e0-9a27-54c7-af68-f9ac364f9314", "mtgoId": "12", "multiverseId": "182291", "scryfallId": "95dd2b9c-414a-411d-8bdc-44d4c780ebdb", "scryfallIllustrationId": "ab8fbb67-5e0b-41f3-b346-b1e7b607fc63", "scryfallOracleId": "3a51a1e3-bb9f-4464-8878-22c1698b8db3"}, "isOnlineOnly": true, "isStarter": true, "language": "English", "layout": "vanguard", "legalities": {}, "life": "-3", "manaValue": 0.0, "name": "Birds of Paradise Avatar", "number": "8", "printings": ["PMOA"], "purchaseUrls": {}, "rarity": "rare", "rulings": [], "securityStamp": "oval", "setCode": "PMOA", "subtypes": [], "supertypes": [], "text": "Lands you control have \"{T}: Add one mana of any color.\"", "type": "Vanguard", "types": ["Vanguard"], "uuid": "588c290e-aba6-53ba-a8a0-bc2920c63f68", "variations": ["c2e41288-9c54-5685-83a1-091fd83f51a2"]}, {"artist": "UDON", "availability": ["mtgo"], "borderColor": "black", "colorIdentity": [], "colors": [], "convertedManaCost": 0.0, "finishes": ["nonfoil", "foil"], "foreignData": [], "frameVersion": "2015", "hand": "+0", "hasFoil": true, "hasNonFoil": true, "identifiers": {"mtgjsonV4Id": "42d49517-974a-51d2-a385-8b483a934a08", "mtgoId": "13", "multiverseId": "182303", "scryfallId": "0579e0b6-ef44-423c-b3da-7c1fbb503a04", "scryfallIllustrationId": "9f3534f7-3837-48ea-8dc7-c3a0c8e46d9c", "scryfallOracleId": "3c06f0f8-c069-4354-bf7e-031c9e50b224"}, "isOnlineOnly": true, "isStarter": true, "language": "English", "layout": "vanguard", "legalities": {}, "life": "-5", "manaValue": 0.0, "name": "Fallen Angel Avatar", "number": "9", "printings": ["PMOA"], "purchaseUrls": {}, "rarity": "rare", "rulings": [], "securityStamp": "oval", "setCode": "PMOA", "subtypes": [], "supertypes": [], "text": "Whenever a creature you control dies, target opponent loses 1 life and you gain 1 life.", "type": "Vanguard", "types": ["Vanguard"], "uuid": "330deaa3-dd7a-52a8-bfbc-b323cd16a409"}, {"artist": "UDON", "availability": ["mtgo"], "borderColor": "black", "colorIdentity": [], "colors": [], "convertedManaCost": 0.0, "finishes": ["nonfoil", "foil"], "foreignData": [], "frameVersion": "2015", "hand": "+0", "hasFoil": true, "hasNonFoil": true, "identifiers": {"mtgjsonV4Id": "c5ed0b60-2d4d-5203-ace8-37a59c188a49", "mtgoId": "14", "multiverseId": "182280", "scryfallId": "caedaf39-8a0c-47a6-af69-e69769f77fb8", "scryfallIllustrationId": "bd992256-5613-4a31-a559-76b2d911fbfa", "scryfallOracleId": "c69c410e-dabc-422c-9b3e-8efeec6daa7a"}, "isOnlineOnly": true, "isStarter": true, "language": "English", "layout": "vanguard", "legalities": {}, "life": "-6", "manaValue": 0.0, "name": "Flametongue Kavu Avatar", "number": "14", "printings": ["PMOA"], "purchaseUrls": {}, "rarity": "rare", "rulings": [], "securityStamp": "oval", "setCode": "PMOA", "subtypes": [], "supertypes": [], "text": "Whenever a nontoken creature enters the battlefield under your control, that creature deals X damage to target creature, where X is a number chosen at random from 0 to 4.", "type": "Vanguard", "types": ["Vanguard"], "uuid": "79e36956-b91f-580f-8309-7d9585a67560"}, {"artist": "UDON", "availability": ["mtgo"], "borderColor": "black", "colorIdentity": [], "colors": [], "convertedManaCost": 0.0, "finishes": ["nonfoil", "foil"], "foreignData": [], "frameVersion": "2015", "hand": "+0", "hasFoil": true, "hasNonFoil": true, "identifiers": {"mtgjsonV4Id": "b8071554-832c-5fa3-ade5-5663be4f1dc9", "mtgoId": "15", "multiverseId": "182276", "scryfallId": "1c1f4b38-afb4-475d-af2b-ffcc53f627f0", "scryfallIllustrationId": "e83c530b-54a4-40a2-b1a8-8ca7ec031d13", "scryfallOracleId": "0923e9cb-eb00-493f-8d96-3e8cbfcb92b0"}, "isOnlineOnly": true, "isStarter": true, "language": "English", "layout": "vanguard", "legalities": {}, "life": "+5", "manaValue": 0.0, "name": "Prodigal Sorcerer Avatar", "number": "17", "printings": ["PMOA"], "purchaseUrls": {}, "rarity": "rare", "rulings": [], "securityStamp": "oval", "setCode": "PMOA", "subtypes": [], "supertypes": [], "text": "At the beginning of your upkeep, look at the top card of your library. You may put that card into your graveyard.", "type": "Vanguard", "types": ["Vanguard"], "uuid": "bf3c78a2-0761-5d9a-847d-ffbc7c5905cb", "variations": ["48fa7fc5-bf28-5f9f-bc33-ad2333e932de"]}, {"artist": "UDON", "availability": ["mtgo"], "borderColor": "black", "colorIdentity": [], "colors": [], "convertedManaCost": 0.0, "finishes": ["nonfoil", "foil"], "foreignData": [], "frameVersion": "2015", "hand": "+0", "hasFoil": true, "hasNonFoil": true, "identifiers": {"mtgjsonV4Id": "7c62323b-65b1-57c0-97a4-530362e8575d", "mtgoId": "33435", "multiverseId": "210151", "scryfallId": "90429a2e-c842-4a22-9fc8-033273822e53", "scryfallIllustrationId": "99701e4a-306f-4947-bc0e-55880f2f3365", "scryfallOracleId": "0923e9cb-eb00-493f-8d96-3e8cbfcb92b0"}, "isOnlineOnly": true, "isStarter": true, "language": "English", "layout": "vanguard", "legalities": {}, "life": "+5", "manaValue": 0.0, "name": "Prodigal Sorcerer Avatar", "number": "18", "printings": ["PMOA"], "purchaseUrls": {}, "rarity": "rare", "rulings": [], "securityStamp": "oval", "setCode": "PMOA", "subtypes": [], "supertypes": [], "text": "At the beginning of your upkeep, look at the top card of your library. You may put that card into your graveyard.", "type": "Vanguard", "types": ["Vanguard"], "uuid": "48fa7fc5-bf28-5f9f-bc33-ad2333e932de", "variations": ["bf3c78a2-0761-5d9a-847d-ffbc7c5905cb"]}, {"artist": "UDON", "availability": ["mtgo"], "borderColor": "black", "colorIdentity": [], "colors": [], "convertedManaCost": 0.0, "finishes": ["nonfoil", "foil"], "foreignData": [], "frameVersion": "2015", "hand": "+0", "hasFoil": true, "hasNonFoil": true, "identifiers": {"mtgjsonV4Id": "af87d1ea-e442-54e2-ad63-d78a4c9a574b", "mtgoId": "33436", "multiverseId": "182259", "scryfallId": "a8baad11-ea40-49b4-ab25-6563e5621aab", "scryfallIllustrationId": "449ccc45-86da-4461-b18a-e36340b31988", "scryfallOracleId": "5bb2e22d-4d7f-40d7-acc4-8b7e6326549a"}, "isOnlineOnly": true, "isStarter": true, "language": "English", "layout": "vanguard", "legalities": {}, "life": "+3", "manaValue": 0.0, "name": "Erhnam Djinn Avatar", "number": "27", "printings": ["PMOA"], "purchaseUrls": {}, "rarity": "rare", "rulings": [], "securityStamp": "oval", "setCode": "PMOA", "subtypes": [], "supertypes": [], "text": "Whenever you cast a creature spell, create a 1/1 green Saproling creature token.", "type": "Vanguard", "types": ["Vanguard"], "uuid": "592524a1-78b7-51de-bc20-e6d719ca5462", "variations": ["eb8b0e57-7f91-5f62-bbb3-7476fe8d2351"]}, {"artist": "UDON", "availability": ["mtgo"], "borderColor": "black", "colorIdentity": [], "colors": [], "convertedManaCost": 0.0, "finishes": ["nonfoil", "foil"], "foreignData": [], "frameVersion": "2015", "hand": "+0", "hasFoil": true, "hasNonFoil": true, "identifiers": {"mtgjsonV4Id": "a4a828f8-5181-5450-be40-7341bba777b6", "mtgoId": "16", "multiverseId": "210148", "scryfallId": "e1f90570-f001-4612-8780-838a6ef9ab49", "scryfallIllustrationId": "d358ddbb-a29a-458f-976f-e45e0cab0fbc", "scryfallOracleId": "5bb2e22d-4d7f-40d7-acc4-8b7e6326549a"}, "isOnlineOnly": true, "isStarter": true, "language": "English", "layout": "vanguard", "legalities": {}, "life": "+3", "manaValue": 0.0, "name": "Erhnam Djinn Avatar", "number": "28", "printings": ["PMOA"], "purchaseUrls": {}, "rarity": "rare", "rulings": [], "securityStamp": "oval", "setCode": "PMOA", "subtypes": [], "supertypes": [], "text": "Whenever you cast a creature spell, create a 1/1 green Saproling creature token.", "type": "Vanguard", "types": ["Vanguard"], "uuid": "eb8b0e57-7f91-5f62-bbb3-7476fe8d2351", "variations": ["592524a1-78b7-51de-bc20-e6d719ca5462"]}, {"artist": "UDON", "availability": ["mtgo"], "borderColor": "black", "colorIdentity": [], "colors": [], "convertedManaCost": 0.0, "finishes": ["nonfoil", "foil"], "foreignData": [], "frameVersion": "2015", "hand": "-1", "hasFoil": true, "hasNonFoil": true, "identifiers": {"mtgjsonV4Id": "3e0c49e3-41f8-55ac-aa6d-9520dc72d6b1", "mtgoId": "17", "multiverseId": "182304", "scryfallId": "ef796e41-acbf-414f-9a19-187d4b7eb3ff", "scryfallIllustrationId": "0d399533-24f1-44e3-a7b2-5118c65c6f07", "scryfallOracleId": "bf896f7e-2708-4276-a845-c61d84bc5f1e"}, "isOnlineOnly": true, "isStarter": true, "language": "English", "layout": "vanguard", "legalities": {}, "life": "-2", "manaValue": 0.0, "name": "Grinning Demon Avatar", "number": "29", "printings": ["PMOA"], "purchaseUrls": {}, "rarity": "rare", "rulings": [], "securityStamp": "oval", "setCode": "PMOA", "subtypes": [], "supertypes": [], "text": "Whenever a nontoken creature you control dies, target opponent discards a card.", "type": "Vanguard", "types": ["Vanguard"], "uuid": "c56f3257-36e3-5d71-8265-4e9527c35778", "variations": ["e983f64f-02de-54b0-abcc-49c90b7fe7ff"]}, {"artist": "UDON", "availability": ["mtgo"], "borderColor": "black", "colorIdentity": [], "colors": [], "convertedManaCost": 0.0, "finishes": ["nonfoil", "foil"], "foreignData": [], "frameVersion": "2015", "hand": "-1", "hasFoil": true, "hasNonFoil": true, "identifiers": {"mtgjsonV4Id": "ef1ca69a-9ec2-5ec5-b982-6c23094053ea", "mtgoId": "33437", "multiverseId": "210150", "scryfallId": "73f534a7-09df-4400-96c2-cb38d9dc99fe", "scryfallIllustrationId": "9bbca659-9c77-46ae-9c9e-fb344d471d84", "scryfallOracleId": "bf896f7e-2708-4276-a845-c61d84bc5f1e"}, "isOnlineOnly": true, "isStarter": true, "language": "English", "layout": "vanguard", "legalities": {}, "life": "-2", "manaValue": 0.0, "name": "Grinning Demon Avatar", "number": "30", "printings": ["PMOA"], "purchaseUrls": {}, "rarity": "rare", "rulings": [], "securityStamp": "oval", "setCode": "PMOA", "subtypes": [], "supertypes": [], "text": "Whenever a nontoken creature you control dies, target opponent discards a card.", "type": "Vanguard", "types": ["Vanguard"], "uuid": "e983f64f-02de-54b0-abcc-49c90b7fe7ff", "variations": ["c56f3257-36e3-5d71-8265-4e9527c35778"]}, {"artist": "UDON", "availability": ["mtgo"], "borderColor": "black", "colorIdentity": [], "colors": [], "convertedManaCost": 0.0, "finishes": ["nonfoil", "foil"], "foreignData": [], "frameVersion": "2015", "hand": "+0", "hasFoil": true, "hasNonFoil": true, "identifiers": {"mtgjsonV4Id": "b5c7aec8-5a43-5d55-94d6-132af9dd2a56", "mtgoId": "18", "multiverseId": "182305", "scryfallId": "50dfaedc-7097-4c26-90cd-c1d1cf9c6b24", "scryfallIllustrationId": "08441c27-bec4-48b9-b613-3f3e2a062b2e", "scryfallOracleId": "6569e4d8-067b-4639-8388-cd9dc11be857"}, "isOnlineOnly": true, "isStarter": true, "language": "English", "layout": "vanguard", "legalities": {}, "life": "-5", "manaValue": 0.0, "name": "Phage the Untouchable Avatar", "number": "31", "printings": ["PMOA"], "purchaseUrls": {}, "rarity": "rare", "rulings": [], "securityStamp": "oval", "setCode": "PMOA", "subtypes": [], "supertypes": [], "text": "Pay 1 life: Until end of turn, whenever a creature deals combat damage to you, destroy that creature.\nPay 1 life: Until end of turn, whenever target creature you control deals combat damage to a creature, destroy the damaged creature.", "type": "Vanguard", "types": ["Vanguard"], "uuid": "6afb2b4c-530a-57d5-8e7f-871239f6fa05"}, {"artist": "UDON", "availability": ["mtgo"], "borderColor": "black", "colorIdentity": [], "colors": [], "convertedManaCost": 0.0, "finishes": ["nonfoil", "foil"], "foreignData": [], "frameVersion": "2015", "hand": "+1", "hasFoil": true, "hasNonFoil": true, "identifiers": {"mtgjsonV4Id": "5f117976-7564-5b95-86b5-4e68e6b18b19", "mtgoId": "19", "multiverseId": "182290", "scryfallId": "61b07ae0-44f5-4ffe-a33b-96885d4fc26b", "scryfallIllustrationId": "b919c0c7-a294-4044-8af0-ce5175b5cf27", "scryfallOracleId": "eaa10dee-89da-43eb-b339-1cf59e488344"}, "isOnlineOnly": true, "isStarter": true, "keywords": ["First strike", "Haste", "Protection", "Trample"], "language": "English", "layout": "vanguard", "legalities": {}, "life": "+7", "manaValue": 0.0, "name": "Akroma, Angel of Wrath Avatar", "number": "33", "printings": ["PMOA"], "purchaseUrls": {}, "rarity": "rare", "rulings": [], "securityStamp": "oval", "setCode": "PMOA", "subtypes": [], "supertypes": [], "text": "Whenever a creature enters the battlefield under your control, it gains two abilities chosen at random from flying, first strike, trample, haste, protection from black, protection from red, and vigilance.", "type": "Vanguard", "types": ["Vanguard"], "uuid": "b1fc2762-92aa-5a14-8509-a59cb611e376"}, {"artist": "UDON", "availability": ["mtgo"], "borderColor": "black", "colorIdentity": [], "colors": [], "convertedManaCost": 0.0, "finishes": ["nonfoil", "foil"], "foreignData": [], "frameVersion": "2015", "hand": "-1", "hasFoil": true, "hasNonFoil": true, "identifiers": {"mtgjsonV4Id": "b9ee966a-6afd-5915-a190-ed0ed0655dc5", "mtgoId": "20", "multiverseId": "182265", "scryfallId": "e221e92b-98bb-40bc-a14d-005d9ee99d38", "scryfallIllustrationId": "7eb5604c-54f8-47f1-a8a0-95ed1a0c31cb", "scryfallOracleId": "83f800e5-c168-4fb5-b03d-5bef5d0d0ee6"}, "isOnlineOnly": true, "isStarter": true, "language": "English", "layout": "vanguard", "legalities": {}, "life": "+8", "manaValue": 0.0, "name": "Karona, False God Avatar", "number": "34", "printings": ["PMOA"], "purchaseUrls": {}, "rarity": "rare", "rulings": [], "securityStamp": "oval", "setCode": "PMOA", "subtypes": [], "supertypes": [], "text": "At the beginning of your upkeep, exchange control of a permanent you control chosen at random and a permanent target opponent controls chosen at random.", "type": "Vanguard", "types": ["Vanguard"], "uuid": "1752875e-efd2-55fb-a43b-0ddfa14fdb38"}, {"artist": "UDON", "availability": ["mtgo"], "borderColor": "black", "colorIdentity": [], "colors": [], "convertedManaCost": 0.0, "finishes": ["nonfoil", "foil"], "foreignData": [], "frameVersion": "2015", "hand": "+1", "hasFoil": true, "hasNonFoil": true, "identifiers": {"mtgjsonV4Id": "59047f00-5353-5793-96c0-86f497614f8f", "mtgoId": "21", "multiverseId": "182301", "scryfallId": "3b6f066d-02ab-4e18-99db-e5319e8527b1", "scryfallIllustrationId": "b1b3183b-ec12-499a-9ffa-b65e8e37e0be", "scryfallOracleId": "6b4e6e53-d998-480e-bd2b-e0b89a6a5711"}, "isOnlineOnly": true, "isStarter": true, "language": "English", "layout": "vanguard", "legalities": {}, "life": "-4", "manaValue": 0.0, "name": "Two-Headed Giant of Foriys Avatar", "number": "36", "printings": ["PMOA"], "purchaseUrls": {}, "rarity": "rare", "rulings": [], "securityStamp": "oval", "setCode": "PMOA", "subtypes": [], "supertypes": [], "text": "Creatures you control have menace. (They can't be blocked except by two or more creatures.)\nEach creature you control can block an additional creature each combat.", "type": "Vanguard", "types": ["Vanguard"], "uuid": "67693fce-61a9-5bc6-87f5-3dfd8ed5028a"}, {"artist": "UDON", "availability": ["mtgo"], "borderColor": "black", "colorIdentity": [], "colors": [], "convertedManaCost": 0.0, "finishes": ["nonfoil", "foil"], "foreignData": [], "frameVersion": "2015", "hand": "+0", "hasFoil": true, "hasNonFoil": true, "identifiers": {"mtgjsonV4Id": "adef3437-4229-5082-9d9e-b32daf4a243c", "mtgoId": "22", "multiverseId": "182299", "scryfallId": "9c26e6bd-855c-43a4-a195-492b3acce5c3", "scryfallIllustrationId": "913e2c6a-59c1-4610-86cf-a85702cb24c1", "scryfallOracleId": "1560bee0-7e44-47c2-85f3-4b5457cfc668"}, "isOnlineOnly": true, "isStarter": true, "language": "English", "layout": "vanguard", "legalities": {}, "life": "-5", "manaValue": 0.0, "name": "Elvish Champion Avatar", "number": "37", "printings": ["PMOA"], "purchaseUrls": {}, "rarity": "rare", "rulings": [], "securityStamp": "oval", "setCode": "PMOA", "subtypes": [], "supertypes": [], "text": "You begin the game with a 1/1 green Elf creature token on the battlefield. It has \"{T}: Add {G}.\"", "type": "Vanguard", "types": ["Vanguard"], "uuid": "4d3c8445-272a-53f4-adf5-c4e14d54d820"}, {"artist": "UDON", "availability": ["mtgo"], "borderColor": "black", "colorIdentity": [], "colors": [], "convertedManaCost": 0.0, "finishes": ["nonfoil", "foil"], "foreignData": [], "frameVersion": "2015", "hand": "-2", "hasFoil": true, "hasNonFoil": true, "identifiers": {"mtgjsonV4Id": "df661b2a-1cf5-5cac-9abd-889ab6ee7990", "mtgoId": "23", "multiverseId": "182260", "scryfallId": "e0b018ff-3a1f-4fbe-b427-5645200e20c0", "scryfallIllustrationId": "bf4a8932-f340-4986-8eff-4218f4006c3a", "scryfallOracleId": "4696b1ff-b094-4d6a-8eda-ce8406c7e7df"}, "isOnlineOnly": true, "isStarter": true, "language": "English", "layout": "vanguard", "legalities": {}, "life": "+0", "manaValue": 0.0, "name": "Royal Assassin Avatar", "number": "38", "printings": ["PMOA"], "purchaseUrls": {}, "rarity": "rare", "rulings": [], "securityStamp": "oval", "setCode": "PMOA", "subtypes": [], "supertypes": [], "text": "At the beginning of your upkeep, you draw a card and you lose 1 life.", "type": "Vanguard", "types": ["Vanguard"], "uuid": "6a90b49f-5899-502d-8c43-3ae782078d94", "variations": ["26db36b3-a6b9-555e-a4d1-2c652e24e2b4"]}, {"artist": "UDON", "availability": ["mtgo"], "borderColor": "black", "colorIdentity": [], "colors": [], "convertedManaCost": 0.0, "finishes": ["nonfoil", "foil"], "foreignData": [], "frameVersion": "2015", "hand": "+0", "hasFoil": true, "hasNonFoil": true, "identifiers": {"mtgjsonV4Id": "831748e6-fda5-5d1a-a93a-3dd27fafbd69", "mtgoId": "24", "multiverseId": "182269", "scryfallId": "204c9029-eb45-448b-b938-2b0ef46d2323", "scryfallIllustrationId": "dd78c01b-ac54-4b85-9643-d167d5955d56", "scryfallOracleId": "311ed4d8-1713-4a77-a9a7-b9dad7c10b1f"}, "isOnlineOnly": true, "isStarter": true, "language": "English", "layout": "vanguard", "legalities": {}, "life": "-2", "manaValue": 0.0, "name": "Bosh, Iron Golem Avatar", "number": "39", "printings": ["PMOA"], "purchaseUrls": {}, "rarity": "rare", "rulings": [], "securityStamp": "oval", "setCode": "PMOA", "subtypes": [], "supertypes": [], "text": "{X}, Sacrifice an artifact with mana value X: Bosh, Iron Golem Avatar deals X damage to any target.", "type": "Vanguard", "types": ["Vanguard"], "uuid": "588d3c30-ed5b-5d1b-b69a-d26f236f1eb5"}, {"artist": "UDON", "availability": ["mtgo"], "borderColor": "black", "colorIdentity": [], "colors": [], "convertedManaCost": 0.0, "finishes": ["nonfoil", "foil"], "foreignData": [], "frameVersion": "2015", "hand": "-1", "hasFoil": true, "hasNonFoil": true, "identifiers": {"mtgjsonV4Id": "61ac1f2c-2888-555e-9b1b-f0e21e06cc71", "mtgoId": "25", "multiverseId": "182292", "scryfallId": "c566f7aa-5f3a-41e7-8a61-e9ffb2ab6c73", "scryfallIllustrationId": "72401ac1-ef4c-40e3-97e7-b4a9a0862495", "scryfallOracleId": "a7e888e1-24d8-45bf-8ceb-4a3c3f989376"}, "isOnlineOnly": true, "isStarter": true, "language": "English", "layout": "vanguard", "legalities": {}, "life": "-2", "manaValue": 0.0, "name": "Platinum Angel Avatar", "number": "40", "printings": ["PMOA"], "purchaseUrls": {}, "rarity": "rare", "rulings": [], "securityStamp": "oval", "setCode": "PMOA", "subtypes": [], "supertypes": [], "text": "If you control an artifact, a creature, an enchantment, and a land, you can't lose the game and your opponents can't win the game.", "type": "Vanguard", "types": ["Vanguard"], "uuid": "f92e0d63-3ce0-5a98-af39-db091ce06a36", "variations": ["d36f886f-fba7-5f54-9b73-67de87ebe2c2"]}, {"artist": "UDON", "availability": ["mtgo"], "borderColor": "black", "colorIdentity": [], "colors": [], "convertedManaCost": 0.0, "finishes": ["nonfoil", "foil"], "foreignData": [], "frameVersion": "2015", "hand": "+0", "hasFoil": true, "hasNonFoil": true, "identifiers": {"mtgjsonV4Id": "2796582f-90f9-59a5-9aab-91acc47b99e7", "mtgoId": "26", "multiverseId": "182285", "scryfallId": "e4c18151-8d58-49aa-9034-a7e9071c3678", "scryfallIllustrationId": "4449418f-2f12-4f60-835f-dcf5c9904917", "scryfallOracleId": "37cfa6a7-a695-42d0-b2b0-27c6d6790460"}, "isOnlineOnly": true, "isStarter": true, "language": "English", "layout": "vanguard", "legalities": {}, "life": "+2", "manaValue": 0.0, "name": "Viridian Zealot Avatar", "number": "41", "printings": ["PMOA"], "purchaseUrls": {}, "rarity": "rare", "rulings": [], "securityStamp": "oval", "setCode": "PMOA", "subtypes": [], "supertypes": [], "text": "{2}, Sacrifice a creature: Destroy target artifact or enchantment. Search your library for a card with the same name as the sacrificed creature, reveal that card, put it into your hand, then shuffle.", "type": "Vanguard", "types": ["Vanguard"], "uuid": "7521ee13-3b18-51cf-9373-36b587a93d6d"}, {"artist": "UDON", "availability": ["mtgo"], "borderColor": "black", "colorIdentity": [], "colors": [], "convertedManaCost": 0.0, "finishes": ["nonfoil", "foil"], "foreignData": [], "frameVersion": "2015", "hand": "+0", "hasFoil": true, "hasNonFoil": true, "identifiers": {"mtgjsonV4Id": "ef79819c-08ee-5810-8b22-c88e2fab126f", "mtgoId": "27", "multiverseId": "182296", "scryfallId": "34407cd0-8708-4276-bcb0-8fe4fffff195", "scryfallIllustrationId": "0f5dcd03-12ac-4861-aab0-578b57e0d6f0", "scryfallOracleId": "362b3052-8893-41ff-9c5f-d6602177691a"}, "isOnlineOnly": true, "isStarter": true, "language": "English", "layout": "vanguard", "legalities": {}, "life": "+3", "manaValue": 0.0, "name": "Arcbound Overseer Avatar", "number": "42", "printings": ["PMOA"], "purchaseUrls": {}, "rarity": "rare", "rulings": [], "securityStamp": "oval", "setCode": "PMOA", "subtypes": [], "supertypes": [], "text": "At the beginning of your upkeep, you may put a +1/+1 counter on target creature you control.\nAt the beginning of your upkeep, you may put a charge counter on target permanent you control.", "type": "Vanguard", "types": ["Vanguard"], "uuid": "ded2f422-23da-5ec1-8b1d-06090afbeeac"}, {"artist": "UDON", "availability": ["mtgo"], "borderColor": "black", "colorIdentity": [], "colors": [], "convertedManaCost": 0.0, "finishes": ["nonfoil", "foil"], "foreignData": [], "frameVersion": "2015", "hand": "+1", "hasFoil": true, "hasNonFoil": true, "identifiers": {"mtgjsonV4Id": "35ad4166-a6d1-549f-9321-1320eab21fa3", "mtgoId": "28", "multiverseId": "182258", "scryfallId": "e0fd559f-0269-4db9-804f-487eeece130d", "scryfallIllustrationId": "575581d7-a9e4-4366-94dc-78a57c69633d", "scryfallOracleId": "245aed94-d7d3-4de6-967e-0deab7afc3a4"}, "isOnlineOnly": true, "isStarter": true, "language": "English", "layout": "vanguard", "legalities": {}, "life": "+9", "manaValue": 0.0, "name": "Raksha Golden Cub Avatar", "number": "43", "printings": ["PMOA"], "purchaseUrls": {}, "rarity": "rare", "rulings": [], "securityStamp": "oval", "setCode": "PMOA", "subtypes": [], "supertypes": [], "text": "Creatures you control get +0/+1.\nEquipped creatures you control get +1/+0 and have first strike.", "type": "Vanguard", "types": ["Vanguard"], "uuid": "32d915da-e88f-5d36-947c-ba6369af6284"}, {"artist": "UDON", "availability": ["mtgo"], "borderColor": "black", "colorIdentity": [], "colors": [], "convertedManaCost": 0.0, "finishes": ["nonfoil", "foil"], "foreignData": [], "frameVersion": "2015", "hand": "+1", "hasFoil": true, "hasNonFoil": true, "identifiers": {"mtgjsonV4Id": "8a53db35-2ae5-5617-9100-70552d9a1acc", "mtgoId": "29", "multiverseId": "182298", "scryfallId": "8fb54be2-b9c5-4433-a198-4b935979718a", "scryfallIllustrationId": "7af072b2-cbed-4cbd-941a-681148979939", "scryfallOracleId": "731113a2-1366-41a4-9a34-61400ab3aa92"}, "isOnlineOnly": true, "isStarter": true, "language": "English", "layout": "vanguard", "legalities": {}, "life": "-4", "manaValue": 0.0, "name": "Etched Oracle Avatar", "number": "44", "printings": ["PMOA"], "purchaseUrls": {}, "rarity": "rare", "rulings": [], "securityStamp": "oval", "setCode": "PMOA", "subtypes": [], "supertypes": [], "text": "You may pay {W}{U}{B}{R}{G} rather than pay the mana cost for spells that you cast.", "type": "Vanguard", "types": ["Vanguard"], "uuid": "c974ceb2-aa35-5bcc-b086-2f5f976de060"}, {"artist": "UDON", "availability": ["mtgo"], "borderColor": "black", "colorIdentity": [], "colors": [], "convertedManaCost": 0.0, "finishes": ["nonfoil", "foil"], "foreignData": [], "frameVersion": "2015", "hand": "+2", "hasFoil": true, "hasNonFoil": true, "identifiers": {"mtgjsonV4Id": "91b81f1e-2b0b-5389-ba9d-e5d042edba13", "mtgoId": "30", "multiverseId": "182294", "scryfallId": "b9111c4f-2026-488a-955b-0f021c1deef1", "scryfallIllustrationId": "34c8e87a-aebf-44e7-8ab4-47598a5beab9", "scryfallOracleId": "108669ed-bc2e-4147-9d74-f4ae52e35091"}, "isOnlineOnly": true, "isStarter": true, "language": "English", "layout": "vanguard", "legalities": {}, "life": "-3", "manaValue": 0.0, "name": "Eight-and-a-Half-Tails Avatar", "number": "45", "printings": ["PMOA"], "purchaseUrls": {}, "rarity": "rare", "rulings": [], "securityStamp": "oval", "setCode": "PMOA", "subtypes": [], "supertypes": [], "text": "{1}: Until end of turn, target permanent you control gains protection from a color chosen at random from colors it doesn't have protection from.", "type": "Vanguard", "types": ["Vanguard"], "uuid": "fee51f71-b18f-544c-a0fc-f923efd7a0b2"}, {"artist": "UDON", "availability": ["mtgo"], "borderColor": "black", "colorIdentity": [], "colors": [], "convertedManaCost": 0.0, "finishes": ["nonfoil", "foil"], "foreignData": [], "frameVersion": "2015", "hand": "+0", "hasFoil": true, "hasNonFoil": true, "identifiers": {"mtgjsonV4Id": "912982a7-4c98-5b6a-a05c-0e3483a73627", "mtgoId": "31", "multiverseId": "182288", "scryfallId": "2f1855cf-9f33-41d6-b237-f238658e747b", "scryfallIllustrationId": "3473e26e-04fb-457c-8201-58aa62acc828", "scryfallOracleId": "f516b9cc-3e9f-4ddf-a139-f9fdf4eef722"}, "isOnlineOnly": true, "isStarter": true, "language": "English", "layout": "vanguard", "legalities": {}, "life": "-1", "manaValue": 0.0, "name": "Seshiro the Anointed Avatar", "number": "46", "printings": ["PMOA"], "purchaseUrls": {}, "rarity": "rare", "rulings": [], "securityStamp": "oval", "setCode": "PMOA", "subtypes": [], "supertypes": [], "text": "At the beginning of the game, choose a creature type. Creatures you control, creature spells you control, and creature cards you own in any zone other than the battlefield or the stack have the chosen type in addition to their other types.", "type": "Vanguard", "types": ["Vanguard"], "uuid": "9b72bb8f-4884-502b-94db-be853eca0108"}, {"artist": "UDON", "availability": ["mtgo"], "borderColor": "black", "colorIdentity": [], "colors": [], "convertedManaCost": 0.0, "finishes": ["nonfoil", "foil"], "foreignData": [], "frameVersion": "2015", "hand": "-1", "hasFoil": true, "hasNonFoil": true, "identifiers": {"mtgjsonV4Id": "df78590f-6572-5159-8699-491511f71847", "mtgoId": "32", "multiverseId": "182270", "scryfallId": "c0d7faf6-b288-4d5a-94e6-6a4f8ba75f9c", "scryfallIllustrationId": "3dee8639-ac06-4b7f-8c2d-0c619a532846", "scryfallOracleId": "9e3e8fdf-7c88-4080-861a-0e87cbc7d068"}, "isOnlineOnly": true, "isStarter": true, "language": "English", "layout": "vanguard", "legalities": {}, "life": "+3", "manaValue": 0.0, "name": "Higure, the Still Wind Avatar", "number": "47", "printings": ["PMOA"], "purchaseUrls": {}, "rarity": "rare", "rulings": [], "securityStamp": "oval", "setCode": "PMOA", "subtypes": [], "supertypes": [], "text": "Whenever a nontoken creature you control deals combat damage to an opponent, choose a creature card at random from your library, reveal that card, put it into your hand, then shuffle.", "type": "Vanguard", "types": ["Vanguard"], "uuid": "0b9d173a-9408-5061-877c-d3af2a673d26"}, {"artist": "UDON", "availability": ["mtgo"], "borderColor": "black", "colorIdentity": [], "colors": [], "convertedManaCost": 0.0, "finishes": ["nonfoil", "foil"], "foreignData": [], "frameVersion": "2015", "hand": "+0", "hasFoil": true, "hasNonFoil": true, "identifiers": {"mtgjsonV4Id": "48234bdf-63fc-591d-abee-d4d2f19be1af", "mtgoId": "33", "multiverseId": "182268", "scryfallId": "15713496-c400-4503-8ec2-972f49fce3ec", "scryfallIllustrationId": "65fe9d58-e717-4716-acfb-ec349ab8368b", "scryfallOracleId": "ea8a4fe4-d595-4d82-acb9-17f8734f3fe2"}, "isOnlineOnly": true, "isStarter": true, "language": "English", "layout": "vanguard", "legalities": {}, "life": "-3", "manaValue": 0.0, "name": "Ink-Eyes, Servant of Oni Avatar", "number": "48", "printings": ["PMOA"], "purchaseUrls": {}, "rarity": "rare", "rulings": [], "securityStamp": "oval", "setCode": "PMOA", "subtypes": [], "supertypes": [], "text": "At the beginning of the game, look at target opponent's hand and choose a nonland card from it. That player discards that card.\n{X}, Pay X life: Put target creature card with mana value X from an opponent's graveyard onto the battlefield under your control.", "type": "Vanguard", "types": ["Vanguard"], "uuid": "fd2dc695-89d5-5dd1-b0ab-ed5564a91c93"}, {"artist": "UDON", "availability": ["mtgo"], "borderColor": "black", "colorIdentity": [], "colors": [], "convertedManaCost": 0.0, "finishes": ["nonfoil", "foil"], "foreignData": [], "frameVersion": "2015", "hand": "+0", "hasFoil": true, "hasNonFoil": true, "identifiers": {"mtgjsonV4Id": "18a41aef-9d77-5ac2-b00e-8e08035702c8", "mtgoId": "34", "multiverseId": "182289", "scryfallId": "10f66142-88a8-4a04-b087-66a47eb80ab9", "scryfallIllustrationId": "dbc12ad5-37fb-4ca9-aea5-26d5e5888fcf", "scryfallOracleId": "513a27a0-1fcf-4c39-b2a9-587afd2e6cba"}, "isOnlineOnly": true, "isStarter": true, "language": "English", "layout": "vanguard", "legalities": {}, "life": "+1", "manaValue": 0.0, "name": "Sakashima the Impostor Avatar", "number": "49", "printings": ["PMOA"], "purchaseUrls": {}, "rarity": "rare", "rulings": [], "securityStamp": "oval", "setCode": "PMOA", "subtypes": [], "supertypes": [], "text": "{2}: Choose a creature you control. It becomes a copy of target creature except for its name.", "type": "Vanguard", "types": ["Vanguard"], "uuid": "e7876a4a-f02b-5dbd-9258-22dbe905f2b0"}, {"artist": "UDON", "availability": ["mtgo"], "borderColor": "black", "colorIdentity": [], "colors": [], "convertedManaCost": 0.0, "finishes": ["nonfoil", "foil"], "foreignData": [], "frameVersion": "2015", "hand": "+0", "hasFoil": true, "hasNonFoil": true, "identifiers": {"mtgjsonV4Id": "64e3b3c1-eed4-5992-8f84-59cc8148411e", "mtgoId": "35", "multiverseId": "182253", "scryfallId": "0af5e80d-5de9-4351-95b0-35365da8ea4e", "scryfallIllustrationId": "23ffce59-2fdc-4c70-a1bd-f048bbbba4ba", "scryfallOracleId": "e5d807cd-25a0-4ee9-8016-d0e1e2cfb011"}, "isOnlineOnly": true, "isStarter": true, "language": "English", "layout": "vanguard", "legalities": {}, "life": "-2", "manaValue": 0.0, "name": "Oni of Wild Places Avatar", "number": "50", "printings": ["PMOA"], "purchaseUrls": {}, "rarity": "rare", "rulings": [], "securityStamp": "oval", "setCode": "PMOA", "subtypes": [], "supertypes": [], "text": "Creatures you control have haste.\nAt the beginning of your upkeep, return a creature you control to its owner's hand.", "type": "Vanguard", "types": ["Vanguard"], "uuid": "15bfbd93-5555-5208-8de8-e9af52186309"}, {"artist": "UDON", "availability": ["mtgo"], "borderColor": "black", "colorIdentity": [], "colors": [], "convertedManaCost": 0.0, "finishes": ["nonfoil", "foil"], "foreignData": [], "frameVersion": "2015", "hand": "-1", "hasFoil": true, "hasNonFoil": true, "identifiers": {"mtgjsonV4Id": "82b53406-1bdf-5b3d-b0d5-0d09db52cdd6", "mtgoId": "36", "multiverseId": "182264", "scryfallId": "80cab161-0ea9-434c-8eef-3edb620020bc", "scryfallIllustrationId": "881268e0-ade9-4481-a1e8-96dab1eaa331", "scryfallOracleId": "1b035589-31eb-49a8-9677-692547091ba7"}, "isOnlineOnly": true, "isStarter": true, "language": "English", "layout": "vanguard", "legalities": {}, "life": "-4", "manaValue": 0.0, "name": "Hell's Caretaker Avatar", "number": "51", "printings": ["PMOA"], "purchaseUrls": {}, "rarity": "rare", "rulings": [], "securityStamp": "oval", "setCode": "PMOA", "subtypes": [], "supertypes": [], "text": "{3}, Sacrifice a creature: Return target creature card from your graveyard to the battlefield.", "type": "Vanguard", "types": ["Vanguard"], "uuid": "55f78448-d4d5-53fd-ae65-2d9452835823"}, {"artist": "UDON", "availability": ["mtgo"], "borderColor": "black", "colorIdentity": [], "colors": [], "convertedManaCost": 0.0, "finishes": ["nonfoil", "foil"], "foreignData": [], "frameVersion": "2015", "hand": "+2", "hasFoil": true, "hasNonFoil": true, "identifiers": {"mtgjsonV4Id": "5f39e174-d788-553e-9f1b-37444fc2392c", "mtgoId": "37", "multiverseId": "182297", "scryfallId": "285e0c0d-993d-4280-8805-c99e08becfe3", "scryfallIllustrationId": "ddc0ed1c-a206-4661-9a6f-07f73fbefe22", "scryfallOracleId": "116ef292-7d5e-4b67-b8a2-fcec92d3d4e3"}, "isOnlineOnly": true, "isStarter": true, "language": "English", "layout": "vanguard", "legalities": {}, "life": "-7", "manaValue": 0.0, "name": "Maro Avatar", "number": "52", "printings": ["PMOA"], "purchaseUrls": {}, "rarity": "rare", "rulings": [], "securityStamp": "oval", "setCode": "PMOA", "subtypes": [], "supertypes": [], "text": "Tap an untapped creature you control, Discard a card: Target creature you control gets +X/+X until end of turn, where X is the number of cards in your hand.", "type": "Vanguard", "types": ["Vanguard"], "uuid": "b22228a3-ecc1-54d7-9322-d3fdce199a9e"}, {"artist": "UDON", "availability": ["mtgo"], "borderColor": "black", "colorIdentity": [], "colors": [], "convertedManaCost": 0.0, "finishes": ["nonfoil", "foil"], "foreignData": [], "frameVersion": "2015", "hand": "-1", "hasFoil": true, "hasNonFoil": true, "identifiers": {"mtgjsonV4Id": "57710562-f561-56c2-889f-813355e9752a", "mtgoId": "38", "multiverseId": "182275", "scryfallId": "3b81d1a1-487d-40b7-88f5-691d2a01dad5", "scryfallIllustrationId": "ca12d67d-86fc-4023-990b-a73e18ceb210", "scryfallOracleId": "df33f381-ff74-4ef2-8396-443019590006"}, "isOnlineOnly": true, "isStarter": true, "language": "English", "layout": "vanguard", "legalities": {}, "life": "-3", "manaValue": 0.0, "name": "Frenetic Efreet Avatar", "number": "53", "printings": ["PMOA"], "purchaseUrls": {}, "rarity": "rare", "rulings": [], "securityStamp": "oval", "setCode": "PMOA", "subtypes": [], "supertypes": [], "text": "Each permanent you control has phasing. (It phases in or out before you untap during each of your untap steps. While it's phased out, it's treated as though it doesn't exist.)\nAt the beginning of your end step, flip a coin. If you win the flip, take an extra turn after this one.", "type": "Vanguard", "types": ["Vanguard"], "uuid": "e40cc550-3bce-56f3-9864-b5c257015228"}, {"artist": "UDON", "availability": ["mtgo"], "borderColor": "black", "colorIdentity": [], "colors": [], "convertedManaCost": 0.0, "finishes": ["nonfoil", "foil"], "foreignData": [], "frameVersion": "2015", "hand": "+0", "hasFoil": true, "hasNonFoil": true, "identifiers": {"mtgjsonV4Id": "5ce53c5b-326d-5637-ad09-c2ec4ebbe134", "mtgoId": "39", "multiverseId": "182266", "scryfallId": "4669fc77-6ecc-4688-84c2-30fe96ce8971", "scryfallIllustrationId": "afaceb46-54e8-4814-adb1-c96ad546682e", "scryfallOracleId": "53d302d0-92b4-408f-a22a-6a17116e441b"}, "isOnlineOnly": true, "isStarter": true, "language": "English", "layout": "vanguard", "legalities": {}, "life": "+12", "manaValue": 0.0, "name": "Loxodon Hierarch Avatar", "number": "54", "printings": ["PMOA"], "purchaseUrls": {}, "rarity": "rare", "rulings": [], "securityStamp": "oval", "setCode": "PMOA", "subtypes": [], "supertypes": [], "text": "Sacrifice a permanent: Regenerate target creature you control.", "type": "Vanguard", "types": ["Vanguard"], "uuid": "1af28cfa-4ec3-50cf-b5a9-cafb05934937"}, {"artist": "UDON", "availability": ["mtgo"], "borderColor": "black", "colorIdentity": [], "colors": [], "convertedManaCost": 0.0, "finishes": ["nonfoil", "foil"], "foreignData": [], "frameVersion": "2015", "hand": "+1", "hasFoil": true, "hasNonFoil": true, "identifiers": {"mtgjsonV4Id": "f445e66f-c0e4-5884-b597-f0e491a81efb", "mtgoId": "40", "multiverseId": "182261", "scryfallId": "02e51227-01c5-4609-9273-f8bf7ac47b4c", "scryfallIllustrationId": "eecf6742-8c6f-4034-bf79-9e2f90193baa", "scryfallOracleId": "0415bb62-819c-4c42-bc76-b9cfa9f5bb51"}, "isOnlineOnly": true, "isStarter": true, "language": "English", "layout": "vanguard", "legalities": {}, "life": "-5", "manaValue": 0.0, "name": "Sisters of Stone Death Avatar", "number": "55", "printings": ["PMOA"], "purchaseUrls": {}, "rarity": "rare", "rulings": [], "securityStamp": "oval", "setCode": "PMOA", "subtypes": [], "supertypes": [], "text": "Each creature you control must be blocked if able.\n{4}: Exile target creature that's blocking a creature you control.", "type": "Vanguard", "types": ["Vanguard"], "uuid": "c24c40bc-f7ba-5bbf-bed7-e4e9ee6edb1d"}, {"artist": "UDON", "availability": ["mtgo"], "borderColor": "black", "colorIdentity": [], "colors": [], "convertedManaCost": 0.0, "finishes": ["nonfoil", "foil"], "foreignData": [], "frameVersion": "2015", "hand": "+1", "hasFoil": true, "hasNonFoil": true, "identifiers": {"mtgjsonV4Id": "535de6f7-3ecf-5ae0-9599-4ce851fe6872", "mtgoId": "41", "multiverseId": "182277", "scryfallId": "ff664da6-b9a0-4966-bdc1-c946ee1b631b", "scryfallIllustrationId": "14dcff51-19fb-49a2-b828-a4907fc9335a", "scryfallOracleId": "7a56659d-51ad-4f01-a4f9-1bd5f76f364c"}, "isOnlineOnly": true, "isStarter": true, "language": "English", "layout": "vanguard", "legalities": {}, "life": "+1", "manaValue": 0.0, "name": "Rumbling Slum Avatar", "number": "56", "printings": ["PMOA"], "purchaseUrls": {}, "rarity": "rare", "rulings": [], "securityStamp": "oval", "setCode": "PMOA", "subtypes": [], "supertypes": [], "text": "At the beginning of your upkeep, Rumbling Slum Avatar deals 1 damage to each opponent.", "type": "Vanguard", "types": ["Vanguard"], "uuid": "fb7d72fc-25b7-5f3f-a5fd-d1bae1a8fd05"}, {"artist": "UDON", "availability": ["mtgo"], "borderColor": "black", "colorIdentity": [], "colors": [], "convertedManaCost": 0.0, "finishes": ["nonfoil", "foil"], "foreignData": [], "frameVersion": "2015", "hand": "+0", "hasFoil": true, "hasNonFoil": true, "identifiers": {"mtgjsonV4Id": "fb6ab11e-7184-5fef-80db-01fce28fc57d", "mtgoId": "42", "multiverseId": "182295", "scryfallId": "6777e955-acf7-477c-966a-3b48c4317a37", "scryfallIllustrationId": "d0510a11-933e-4df1-98cc-9bf1bcfd32e6", "scryfallOracleId": "0c1892ca-ca9c-4c5a-9db1-c100a7b67ea4"}, "isOnlineOnly": true, "isStarter": true, "language": "English", "layout": "vanguard", "legalities": {}, "life": "-2", "manaValue": 0.0, "name": "Teysa, Orzhov Scion Avatar", "number": "57", "printings": ["PMOA"], "purchaseUrls": {}, "rarity": "rare", "rulings": [], "securityStamp": "oval", "setCode": "PMOA", "subtypes": [], "supertypes": [], "text": "Whenever a nontoken creature dies, create a 1/1 white Spirit creature token with flying.", "type": "Vanguard", "types": ["Vanguard"], "uuid": "d670234b-f692-5c27-a87b-1775e30017a3"}, {"artist": "UDON", "availability": ["mtgo"], "borderColor": "black", "colorIdentity": [], "colors": [], "convertedManaCost": 0.0, "finishes": ["nonfoil", "foil"], "foreignData": [], "frameVersion": "2015", "hand": "-1", "hasFoil": true, "hasNonFoil": true, "identifiers": {"mtgjsonV4Id": "c6115e41-99ab-5de3-9bf3-964fa09babc7", "mtgoId": "23962", "multiverseId": "182267", "scryfallId": "b7aa465e-d4b3-45ff-8444-6607c1734996", "scryfallIllustrationId": "7fb4abf8-8935-4e35-9e61-c4002638e979", "scryfallOracleId": "61ec9b93-8c0c-4d8b-9fc1-f5205965a3b7"}, "isOnlineOnly": true, "isStarter": true, "language": "English", "layout": "vanguard", "legalities": {}, "life": "-4", "manaValue": 0.0, "name": "Nekrataal Avatar", "number": "58", "printings": ["PMOA"], "purchaseUrls": {}, "rarity": "rare", "rulings": [], "securityStamp": "oval", "setCode": "PMOA", "subtypes": [], "supertypes": [], "text": "Creature spells you cast cost {B} less to cast. This effect reduces only the amount of colored mana you pay.", "type": "Vanguard", "types": ["Vanguard"], "uuid": "ef4fd0cb-b18b-5b4b-be16-9a818dd81880"}, {"artist": "UDON", "availability": ["mtgo"], "borderColor": "black", "colorIdentity": [], "colors": [], "convertedManaCost": 0.0, "finishes": ["nonfoil", "foil"], "foreignData": [], "frameVersion": "2015", "hand": "-1", "hasFoil": true, "hasNonFoil": true, "identifiers": {"mtgjsonV4Id": "5bfffd43-0923-5967-9e48-f7bbe80039c4", "mtgoId": "23963", "multiverseId": "182286", "scryfallId": "c1006c45-1335-4f3b-a86c-d9317e3f73e7", "scryfallIllustrationId": "aa785f93-f1f2-40f9-9d0c-b8a360c58690", "scryfallOracleId": "e106a9f6-8df7-429e-a1ae-e3f3ae1520a3"}, "isOnlineOnly": true, "isStarter": true, "language": "English", "layout": "vanguard", "legalities": {}, "life": "+1", "manaValue": 0.0, "name": "Chronatog Avatar", "number": "59", "printings": ["PMOA"], "purchaseUrls": {}, "rarity": "rare", "rulings": [], "securityStamp": "oval", "setCode": "PMOA", "subtypes": [], "supertypes": [], "text": "You have no maximum hand size.\n{0}: Draw three cards. You skip your next turn. Activate only once each turn.", "type": "Vanguard", "types": ["Vanguard"], "uuid": "81561c74-a71d-50c7-8e36-dc2ff70a5d65"}, {"artist": "UDON", "availability": ["mtgo"], "borderColor": "black", "colorIdentity": [], "colors": [], "convertedManaCost": 0.0, "finishes": ["nonfoil", "foil"], "foreignData": [], "frameVersion": "2015", "hand": "-1", "hasFoil": true, "hasNonFoil": true, "identifiers": {"mtgjsonV4Id": "deab50e8-b824-510f-868c-f63c7a2e6099", "mtgoId": "23964", "multiverseId": "182302", "scryfallId": "d6c61a32-9981-4737-81aa-dee30a6b3287", "scryfallIllustrationId": "6fc8a6b9-9923-4e07-ac65-dc15f6e0d63e", "scryfallOracleId": "c5f82905-ffdf-4eb3-85b4-e54789364dd7"}, "isOnlineOnly": true, "isStarter": true, "keywords": ["Hellbent"], "language": "English", "layout": "vanguard", "legalities": {}, "life": "-1", "manaValue": 0.0, "name": "Lyzolda, the Blood Witch Avatar", "number": "60", "printings": ["PMOA"], "purchaseUrls": {}, "rarity": "rare", "rulings": [], "securityStamp": "oval", "setCode": "PMOA", "subtypes": [], "supertypes": [], "text": "Hellbent — As long as you have no cards in hand, if a source you control would deal damage to a permanent or player, it deals double that damage to that permanent or player instead.\nHellbent — At the beginning of your end step, if you have no cards in hand, each of your opponents discards a card.", "type": "Vanguard", "types": ["Vanguard"], "uuid": "eec45d9e-42bc-57bf-a276-27ecd2eeb051"}, {"artist": "UDON", "availability": ["mtgo"], "borderColor": "black", "colorIdentity": [], "colors": [], "convertedManaCost": 0.0, "finishes": ["nonfoil", "foil"], "foreignData": [], "frameVersion": "2015", "hand": "+0", "hasFoil": true, "hasNonFoil": true, "identifiers": {"mtgjsonV4Id": "c1f4f014-2843-5743-a7d2-bcffc3f49c9a", "mtgoId": "23965", "multiverseId": "182271", "scryfallId": "f5ed5ad3-b970-4720-b23b-308a25f42887", "scryfallIllustrationId": "0264c9b4-a610-426d-8ec2-f266e7e2e8f1", "scryfallOracleId": "2057571e-3ee0-4100-8fd9-00dedb8a0b2f"}, "isOnlineOnly": true, "isStarter": true, "language": "English", "layout": "vanguard", "legalities": {}, "life": "+4", "manaValue": 0.0, "name": "Momir Vig, Simic Visionary Avatar", "number": "61", "printings": ["PMOA"], "purchaseUrls": {}, "rarity": "rare", "rulings": [], "securityStamp": "oval", "setCode": "PMOA", "subtypes": [], "supertypes": [], "text": "{X}, Discard a card: Create a token that's a copy of a creature card with mana value X chosen at random. Activate only as a sorcery and only once each turn.", "type": "Vanguard", "types": ["Vanguard"], "uuid": "f3a34c40-da16-5425-b4b1-1a787d52cc0a", "variations": ["d0c1643f-3f26-551a-9440-b485c7a77cc8"]}, {"artist": "UDON", "availability": ["mtgo"], "borderColor": "black", "colorIdentity": [], "colors": [], "convertedManaCost": 0.0, "finishes": ["nonfoil", "foil"], "foreignData": [], "frameVersion": "2015", "hand": "+0", "hasFoil": true, "hasNonFoil": true, "identifiers": {"mtgjsonV4Id": "7f3aa14a-c7ab-552d-b5e9-d33c29661e8b", "mtgoId": "37826", "scryfallId": "3831df29-83d4-48d6-a3d6-a5fbd5ddf30d", "scryfallIllustrationId": "de6dd37c-126f-47b6-b475-25945254a8ef", "scryfallOracleId": "2057571e-3ee0-4100-8fd9-00dedb8a0b2f"}, "isOnlineOnly": true, "isStarter": true, "language": "English", "layout": "vanguard", "legalities": {}, "life": "+4", "manaValue": 0.0, "name": "Momir Vig, Simic Visionary Avatar", "number": "61a", "printings": ["PMOA"], "purchaseUrls": {}, "rarity": "rare", "rulings": [], "securityStamp": "oval", "setCode": "PMOA", "subtypes": [], "supertypes": [], "text": "{X}, Discard a card: Create a token that's a copy of a creature card with mana value X chosen at random. Activate only as a sorcery and only once each turn.", "type": "Vanguard", "types": ["Vanguard"], "uuid": "d0c1643f-3f26-551a-9440-b485c7a77cc8", "variations": ["f3a34c40-da16-5425-b4b1-1a787d52cc0a"]}, {"artist": "UDON", "availability": ["mtgo"], "borderColor": "black", "colorIdentity": [], "colors": [], "convertedManaCost": 0.0, "finishes": ["nonfoil", "foil"], "foreignData": [], "frameVersion": "2015", "hand": "+0", "hasFoil": true, "hasNonFoil": true, "identifiers": {"mtgjsonV4Id": "8b291fa9-e2a1-5036-9de7-37598dff5fc6", "mtgoId": "24832", "multiverseId": "182287", "scryfallId": "66905887-18f4-4aaa-8668-802462a4c32b", "scryfallIllustrationId": "58db1bab-e1b0-415f-86a7-66f578d56b27", "scryfallOracleId": "3f8db031-27c8-4051-a221-3c7d20695ce6"}, "isOnlineOnly": true, "isStarter": true, "language": "English", "layout": "vanguard", "legalities": {}, "life": "-3", "manaValue": 0.0, "name": "Haakon, Stromgald Scourge Avatar", "number": "62", "printings": ["PMOA"], "purchaseUrls": {}, "rarity": "rare", "rulings": [], "securityStamp": "oval", "setCode": "PMOA", "subtypes": [], "supertypes": [], "text": "Pay 1 life: You may cast target creature card in your graveyard this turn.\nWhenever you cast a creature spell from your graveyard, it becomes a black Zombie Knight.\nIf a Zombie Knight would be put into your graveyard from the battlefield, exile it instead.", "type": "Vanguard", "types": ["Vanguard"], "uuid": "c7b2c884-8dc9-598d-a100-28b1f2c93988"}, {"artist": "UDON", "availability": ["mtgo"], "borderColor": "black", "colorIdentity": [], "colors": [], "convertedManaCost": 0.0, "finishes": ["nonfoil", "foil"], "foreignData": [], "frameVersion": "2015", "hand": "+0", "hasFoil": true, "hasNonFoil": true, "identifiers": {"mtgjsonV4Id": "02233d06-d042-5add-9425-42038db3020a", "mtgoId": "24833", "multiverseId": "182274", "scryfallId": "37fe288a-7892-440b-bd01-2420e3997406", "scryfallIllustrationId": "cab23545-dc42-4c4b-ad97-2fec308a1799", "scryfallOracleId": "ccec9306-f1c0-4c24-89c0-40163ba22e66"}, "isOnlineOnly": true, "isStarter": true, "language": "English", "layout": "vanguard", "legalities": {}, "life": "+5", "manaValue": 0.0, "name": "Diamond Faerie Avatar", "number": "63", "printings": ["PMOA"], "purchaseUrls": {}, "rarity": "rare", "rulings": [], "securityStamp": "oval", "setCode": "PMOA", "subtypes": [], "supertypes": [], "text": "{S}: Target creature you control gets +1/+1 until end of turn.", "type": "Vanguard", "types": ["Vanguard"], "uuid": "9cf96d62-e25e-5838-9237-caddce2ae451"}, {"artist": "UDON", "availability": ["mtgo"], "borderColor": "black", "colorIdentity": [], "colors": [], "convertedManaCost": 0.0, "finishes": ["nonfoil", "foil"], "foreignData": [], "frameVersion": "2015", "hand": "+0", "hasFoil": true, "hasNonFoil": true, "identifiers": {"mtgjsonV4Id": "e0568040-ffe3-5a0a-a4c8-67356d67ea58", "mtgoId": "24846", "multiverseId": "182255", "scryfallId": "6c510dd9-9eca-4742-9d60-781b08f30c11", "scryfallIllustrationId": "cbaf322c-bd44-4ee6-a135-d4362f9ad8ab", "scryfallOracleId": "cda2022b-900e-4273-8aed-0951ec2155fb"}, "isOnlineOnly": true, "isStarter": true, "language": "English", "layout": "vanguard", "legalities": {}, "life": "+1", "manaValue": 0.0, "name": "Jaya Ballard Avatar", "number": "64", "printings": ["PMOA"], "purchaseUrls": {}, "rarity": "rare", "rulings": [], "securityStamp": "oval", "setCode": "PMOA", "subtypes": [], "supertypes": [], "text": "{X}: Jaya Ballard Avatar deals an amount of damage chosen at random from 0 to X to any target. Activate only once each turn.", "type": "Vanguard", "types": ["Vanguard"], "uuid": "c7b664de-efb4-5194-b0c5-a7911ac0ffe2"}, {"artist": "UDON", "availability": ["mtgo"], "borderColor": "black", "colorIdentity": [], "colors": [], "convertedManaCost": 0.0, "finishes": ["nonfoil", "foil"], "foreignData": [], "frameVersion": "2015", "hand": "+0", "hasFoil": true, "hasNonFoil": true, "identifiers": {"mtgjsonV4Id": "453cddac-20cd-5b1b-80e8-2875711e0d40", "mtgoId": "24847", "multiverseId": "182278", "scryfallId": "80dd6e87-385f-4de4-b23f-d4b791238804", "scryfallIllustrationId": "63887274-2676-4555-b470-4a6107eed67f", "scryfallOracleId": "0560653f-b78e-48b3-b166-9106a0b8e57d"}, "isOnlineOnly": true, "isStarter": true, "language": "English", "layout": "vanguard", "legalities": {}, "life": "-6", "manaValue": 0.0, "name": "Stuffy Doll Avatar", "number": "65", "printings": ["PMOA"], "purchaseUrls": {}, "rarity": "rare", "rulings": [], "securityStamp": "oval", "setCode": "PMOA", "subtypes": [], "supertypes": [], "text": "{0}: If damage would be dealt to you this turn by a source of your choice, prevent that damage. Stuffy Doll Avatar deals damage to you and target opponent or planeswalker equal to half the damage prevented this way, rounded up. Activate only once each turn.", "type": "Vanguard", "types": ["Vanguard"], "uuid": "90615240-04e0-5ec2-888c-1068cd3c5410"}, {"artist": "UDON", "availability": ["mtgo"], "borderColor": "black", "colorIdentity": [], "colors": [], "convertedManaCost": 0.0, "finishes": ["nonfoil", "foil"], "foreignData": [], "frameVersion": "2015", "hand": "+0", "hasFoil": true, "hasNonFoil": true, "identifiers": {"mtgjsonV4Id": "d3394388-9e89-58fc-a18c-bd72cc86a60b", "mtgoId": "24848", "multiverseId": "182272", "scryfallId": "8379e292-3fe4-4f14-ad1b-c98d6d0c03c1", "scryfallIllustrationId": "2001d954-4f03-48bd-9cdf-ad31f4a52b1e", "scryfallOracleId": "f8a02f35-7846-40bc-960e-11198b314fb8"}, "isOnlineOnly": true, "isStarter": true, "language": "English", "layout": "vanguard", "legalities": {}, "life": "+3", "manaValue": 0.0, "name": "Braids, Conjurer Adept Avatar", "number": "66", "printings": ["PMOA"], "purchaseUrls": {}, "rarity": "rare", "rulings": [], "securityStamp": "oval", "setCode": "PMOA", "subtypes": [], "supertypes": [], "text": "{2}: Each player may put a land card from their hand onto the battlefield tapped.\n{3}: Each player may put a noncreature artifact card from their hand onto the battlefield.\n{4}: Each player may put a creature card from their hand onto the battlefield. Activate only as a sorcery.", "type": "Vanguard", "types": ["Vanguard"], "uuid": "d0d3a40e-884d-53f5-8582-c49149aa38e8"}, {"artist": "UDON", "availability": ["mtgo"], "borderColor": "black", "colorIdentity": [], "colors": [], "convertedManaCost": 0.0, "finishes": ["nonfoil", "foil"], "foreignData": [], "frameVersion": "2015", "hand": "-2", "hasFoil": true, "hasNonFoil": true, "identifiers": {"mtgjsonV4Id": "4a2ad802-de7a-5810-9b3d-7444b360f17d", "mtgoId": "24849", "multiverseId": "182279", "scryfallId": "aca4b27a-5715-4ed5-adae-047620cf4552", "scryfallIllustrationId": "dd1a33d5-c31c-46cb-9f49-e18408d5ccfa", "scryfallOracleId": "85c35371-a607-47fb-be61-446fb497dc88"}, "isOnlineOnly": true, "isStarter": true, "language": "English", "layout": "vanguard", "legalities": {}, "life": "-3", "manaValue": 0.0, "name": "Mirri the Cursed Avatar", "number": "67", "printings": ["PMOA"], "purchaseUrls": {}, "rarity": "rare", "rulings": [], "securityStamp": "oval", "setCode": "PMOA", "subtypes": [], "supertypes": [], "text": "Creatures you control have \"{T}: Another target creature gets -1/-1 until end of turn. Put a +1/+1 counter on this creature.\"", "type": "Vanguard", "types": ["Vanguard"], "uuid": "bd28e5b3-24a0-5815-b333-e7cd98404cda"}, {"artist": "UDON", "availability": ["mtgo"], "borderColor": "black", "colorIdentity": [], "colors": [], "convertedManaCost": 0.0, "finishes": ["nonfoil", "foil"], "foreignData": [], "frameVersion": "2015", "hand": "-1", "hasFoil": true, "hasNonFoil": true, "identifiers": {"mtgjsonV4Id": "6f26a69b-d49a-5854-ace1-d41a057eedb9", "mtgoId": "26560", "multiverseId": "182257", "scryfallId": "b45e4509-907a-4219-bcfd-f06bedae43ff", "scryfallIllustrationId": "4162b9c8-3f7e-48dc-83ad-ecf23e8014b2", "scryfallOracleId": "96a78b38-114e-4048-943a-a8173d5cb214"}, "isOnlineOnly": true, "isStarter": true, "language": "English", "layout": "vanguard", "legalities": {}, "life": "+4", "manaValue": 0.0, "name": "Heartwood Storyteller Avatar", "number": "68", "printings": ["PMOA"], "purchaseUrls": {}, "rarity": "rare", "rulings": [], "securityStamp": "oval", "setCode": "PMOA", "subtypes": [], "supertypes": [], "text": "The first creature spell you cast each turn costs {1} less to cast.\nThe first noncreature spell each opponent casts each turn costs {1} more to cast.", "type": "Vanguard", "types": ["Vanguard"], "uuid": "825f57b1-8046-5532-8e45-dc93eeffef83"}, {"artist": "UDON", "availability": ["mtgo"], "borderColor": "black", "colorIdentity": [], "colors": [], "convertedManaCost": 0.0, "finishes": ["nonfoil", "foil"], "foreignData": [], "frameVersion": "2015", "hand": "+1", "hasFoil": true, "hasNonFoil": true, "identifiers": {"mtgjsonV4Id": "e8420dd1-1c77-56e9-a3aa-e0250a6b2455", "mtgoId": "26561", "multiverseId": "182252", "scryfallId": "cd1c87eb-4974-4160-91bd-681e0a75a98e", "scryfallIllustrationId": "63d6daaa-5b66-4eae-8508-bf1f47ed8c17", "scryfallOracleId": "5dba9290-d617-4b93-b5b5-f45d801a5b7b"}, "isOnlineOnly": true, "isStarter": true, "language": "English", "layout": "vanguard", "legalities": {}, "life": "+0", "manaValue": 0.0, "name": "Jhoira of the Ghitu Avatar", "number": "69", "printings": ["PMOA"], "purchaseUrls": {}, "rarity": "rare", "rulings": [], "securityStamp": "oval", "setCode": "PMOA", "subtypes": [], "supertypes": [], "text": "{3}, Discard a card: Copy three instant cards chosen at random. You may cast one of the copies without paying its mana cost.\n{3}, Discard a card: Copy three sorcery cards chosen at random. You may cast one of the copies without paying its mana cost. Activate only as a sorcery.", "type": "Vanguard", "types": ["Vanguard"], "uuid": "d55e597a-efba-57f5-8dca-2ff99871809f"}, {"artist": "UDON", "availability": ["mtgo"], "borderColor": "black", "colorIdentity": [], "colors": [], "convertedManaCost": 0.0, "finishes": ["nonfoil", "foil"], "foreignData": [], "frameVersion": "2015", "hand": "+1", "hasFoil": true, "hasNonFoil": true, "identifiers": {"mtgjsonV4Id": "1589ba33-5881-5dc9-af4f-770bbe602a41", "mtgoId": "26957", "multiverseId": "182263", "scryfallId": "f45a2a86-2453-4d04-be49-235f1c728a82", "scryfallIllustrationId": "f1f81390-7c3b-4592-8a51-68a120da3356", "scryfallOracleId": "bdbe0932-3152-414d-b378-a10e766788d1"}, "isOnlineOnly": true, "isStarter": true, "language": "English", "layout": "vanguard", "legalities": {}, "life": "-3", "manaValue": 0.0, "name": "Arcanis, the Omnipotent Avatar", "number": "70", "printings": ["PMOA"], "purchaseUrls": {}, "rarity": "rare", "rulings": [], "securityStamp": "oval", "setCode": "PMOA", "subtypes": [], "supertypes": [], "text": "{X}, Return a creature you control with mana value X to its owner's hand: Draw a number of cards chosen at random between 0 and X. X can't be 0.", "type": "Vanguard", "types": ["Vanguard"], "uuid": "78e2dea6-9f56-5cb0-a212-e9a035600ca9"}, {"artist": "UDON", "availability": ["mtgo"], "borderColor": "black", "colorIdentity": [], "colors": [], "convertedManaCost": 0.0, "finishes": ["nonfoil", "foil"], "foreignData": [], "frameVersion": "2015", "hand": "+3", "hasFoil": true, "hasNonFoil": true, "identifiers": {"mtgjsonV4Id": "bcc49320-7fa8-57b0-af79-ae62bc28dab2", "mtgoId": "26958", "multiverseId": "182293", "scryfallId": "9856093a-f5bc-4d94-a7b9-5a95d66107aa", "scryfallIllustrationId": "e316e7f2-e777-46a3-a7f7-c621d52f4627", "scryfallOracleId": "78225f7c-c56b-464a-9e91-e1d798e3e678"}, "isOnlineOnly": true, "isStarter": true, "language": "English", "layout": "vanguard", "legalities": {}, "life": "-4", "manaValue": 0.0, "name": "Squee, Goblin Nabob Avatar", "number": "71", "printings": ["PMOA"], "purchaseUrls": {}, "rarity": "rare", "rulings": [], "securityStamp": "oval", "setCode": "PMOA", "subtypes": [], "supertypes": [], "text": "{1}: Prevent the next 1 damage that would be dealt to target creature you control this turn.", "type": "Vanguard", "types": ["Vanguard"], "uuid": "2cb56748-4dba-5276-be3e-03a5eec324a4"}, {"artist": "UDON", "availability": ["mtgo"], "borderColor": "black", "colorIdentity": [], "colors": [], "convertedManaCost": 0.0, "finishes": ["nonfoil", "foil"], "foreignData": [], "frameVersion": "2015", "hand": "+1", "hasFoil": true, "hasNonFoil": true, "identifiers": {"mtgjsonV4Id": "4132c491-cd06-5b39-84cf-06efdc4157ca", "mtgoId": "26959", "multiverseId": "182273", "scryfallId": "0c8f1dae-d892-4c93-94be-ea1f7ff5e6d4", "scryfallIllustrationId": "6603f867-48e5-4e35-a8df-897e73df431e", "scryfallOracleId": "43e77b55-b1bf-414e-aee9-bbff7377c13e"}, "isOnlineOnly": true, "isStarter": true, "language": "English", "layout": "vanguard", "legalities": {}, "life": "+0", "manaValue": 0.0, "name": "Dakkon Blackblade Avatar", "number": "72", "printings": ["PMOA"], "purchaseUrls": {}, "rarity": "rare", "rulings": [], "securityStamp": "oval", "setCode": "PMOA", "subtypes": [], "supertypes": [], "text": "You may play any colored card from your hand as a copy of a basic land card chosen at random that can produce mana of one of the card's colors.", "type": "Vanguard", "types": ["Vanguard"], "uuid": "cb52a986-55b3-5e43-b238-55606be49039"}, {"artist": "UDON", "availability": ["mtgo"], "borderColor": "black", "colorIdentity": [], "colors": [], "convertedManaCost": 0.0, "finishes": ["nonfoil", "foil"], "foreignData": [], "frameVersion": "2015", "hand": "-1", "hasFoil": true, "hasNonFoil": true, "identifiers": {"mtgjsonV4Id": "82af0f46-6c45-5fed-9268-4c0442aec5c5", "mtgoId": "28161", "multiverseId": "182283", "scryfallId": "aa4ca825-7e52-4f26-9ab8-b68a7e294182", "scryfallIllustrationId": "cf8df888-0cf4-4b74-81af-8bd9d4ca05d3", "scryfallOracleId": "f6c3facb-84ac-4dd9-bce9-6d2779c7f14e"}, "isOnlineOnly": true, "isStarter": true, "language": "English", "layout": "vanguard", "legalities": {}, "life": "+6", "manaValue": 0.0, "name": "Ashling the Pilgrim Avatar", "number": "73", "printings": ["PMOA"], "purchaseUrls": {}, "rarity": "rare", "rulings": [], "securityStamp": "oval", "setCode": "PMOA", "subtypes": [], "supertypes": [], "text": "{2}: Ashling the Pilgrim Avatar deals 1 damage to each creature and each player.", "type": "Vanguard", "types": ["Vanguard"], "uuid": "79d15c60-24bb-552b-9398-d8884d262690"}, {"artist": "UDON", "availability": ["mtgo"], "borderColor": "black", "colorIdentity": [], "colors": [], "convertedManaCost": 0.0, "finishes": ["nonfoil", "foil"], "foreignData": [], "frameVersion": "2015", "hand": "+1", "hasFoil": true, "hasNonFoil": true, "identifiers": {"mtgjsonV4Id": "2cc5d24f-fa24-5af8-b0cd-713496acb846", "mtgoId": "28162", "multiverseId": "182284", "scryfallId": "60584278-1659-454b-a851-cbb682f1436c", "scryfallIllustrationId": "ab8136e3-5a2b-48a8-b3ed-ef01bbbe8d23", "scryfallOracleId": "a3b19bb9-57a4-4e5f-84b6-0d4d4707871e"}, "isOnlineOnly": true, "isStarter": true, "language": "English", "layout": "vanguard", "legalities": {}, "life": "-2", "manaValue": 0.0, "name": "Mirror Entity Avatar", "number": "74", "printings": ["PMOA"], "purchaseUrls": {}, "rarity": "rare", "rulings": [], "securityStamp": "oval", "setCode": "PMOA", "subtypes": [], "supertypes": [], "text": "{X}: Choose a creature type. Until end of turn, creatures you control of the chosen type have base power and toughness X/X and gain all creature types.", "type": "Vanguard", "types": ["Vanguard"], "uuid": "5fd6fa79-9429-5a78-98aa-4c557b74f2c8"}, {"artist": "UDON", "availability": ["mtgo"], "borderColor": "black", "colorIdentity": [], "colors": [], "convertedManaCost": 0.0, "finishes": ["nonfoil", "foil"], "foreignData": [], "frameVersion": "2015", "hand": "+0", "hasFoil": true, "hasNonFoil": true, "identifiers": {"mtgjsonV4Id": "792e07b2-0521-5952-b883-09a883185f40", "mtgoId": "28798", "multiverseId": "182281", "scryfallId": "fb135aee-5b1d-4fdb-951e-0f984e113312", "scryfallIllustrationId": "46f672d6-ac25-4535-9973-4262ca722cc0", "scryfallOracleId": "3253876a-58e9-413a-83fb-4fd6b9185b8b"}, "isOnlineOnly": true, "isStarter": true, "language": "English", "layout": "vanguard", "legalities": {}, "life": "+9", "manaValue": 0.0, "name": "Peacekeeper Avatar", "number": "75", "printings": ["PMOA"], "purchaseUrls": {}, "rarity": "rare", "rulings": [], "securityStamp": "oval", "setCode": "PMOA", "subtypes": [], "supertypes": [], "text": "{3}: For each opponent who controls a creature, create a token that's a copy of a card named Arrest and attach it to a creature that player controls chosen at random.", "type": "Vanguard", "types": ["Vanguard"], "uuid": "83faa279-6671-5e5a-9c81-d0112fd40cdb"}, {"artist": "UDON", "availability": ["mtgo"], "borderColor": "black", "colorIdentity": [], "colors": [], "convertedManaCost": 0.0, "finishes": ["nonfoil", "foil"], "foreignData": [], "frameVersion": "2015", "hand": "+0", "hasFoil": true, "hasNonFoil": true, "identifiers": {"mtgjsonV4Id": "a850eeab-d26c-5f4a-b626-89a630ceb14b", "mtgoId": "28799", "multiverseId": "182300", "scryfallId": "729f36b0-d389-4b54-a36f-f97b3b5f8034", "scryfallIllustrationId": "53a67428-ebad-4ceb-a041-9a1e244bfb5a", "scryfallOracleId": "a3406efc-9926-44df-ac29-e91f1ff42e90"}, "isOnlineOnly": true, "isStarter": true, "language": "English", "layout": "vanguard", "legalities": {}, "life": "+30", "manaValue": 0.0, "name": "Morinfen Avatar", "number": "76", "printings": ["PMOA"], "purchaseUrls": {}, "rarity": "rare", "rulings": [], "securityStamp": "oval", "setCode": "PMOA", "subtypes": [], "supertypes": [], "text": "At the beginning of your upkeep, you lose 1 life for each permanent you control.", "type": "Vanguard", "types": ["Vanguard"], "uuid": "bb055b55-53ff-599e-a1ec-18941e0569de"}, {"artist": "UDON", "availability": ["mtgo"], "borderColor": "black", "colorIdentity": [], "colors": [], "convertedManaCost": 0.0, "finishes": ["nonfoil", "foil"], "foreignData": [], "frameVersion": "2015", "hand": "+1", "hasFoil": true, "hasNonFoil": true, "identifiers": {"mtgjsonV4Id": "6aa23ed3-02a5-51f6-9c0a-17218c484426", "mtgoId": "28941", "multiverseId": "182254", "scryfallId": "d5cdf535-56fb-4f92-abf0-237aa6e081b0", "scryfallIllustrationId": "e8a83d5a-46c7-469b-843e-973bd726917d", "scryfallOracleId": "c11d27dc-ce50-450d-8632-6c3665be2577"}, "isOnlineOnly": true, "isStarter": true, "language": "English", "layout": "vanguard", "legalities": {}, "life": "-5", "manaValue": 0.0, "name": "Stonehewer Giant Avatar", "number": "77", "printings": ["PMOA"], "purchaseUrls": {}, "rarity": "rare", "rulings": [], "securityStamp": "oval", "setCode": "PMOA", "subtypes": [], "supertypes": [], "text": "Whenever a creature enters the battlefield under your control, create a token that's a copy of a random Equipment card with mana value less than that creature's mana value. Attach that Equipment to that creature.", "type": "Vanguard", "types": ["Vanguard"], "uuid": "da5c012a-b865-5509-9a9b-8dc4c2eca4ee"}, {"artist": "UDON", "availability": ["mtgo"], "borderColor": "black", "colorIdentity": [], "colors": [], "convertedManaCost": 0.0, "finishes": ["nonfoil", "foil"], "foreignData": [], "frameVersion": "2015", "hand": "+0", "hasFoil": true, "hasNonFoil": true, "identifiers": {"mtgjsonV4Id": "58a8ebe9-e773-576a-bdd4-b4d8d0e2c7d2", "mtgoId": "28942", "multiverseId": "182262", "scryfallId": "7fba4bed-bd48-4329-bd4c-e56900f23729", "scryfallIllustrationId": "c39d47a4-2efa-4646-bb08-b342ae1719bb", "scryfallOracleId": "c1b6a621-acce-4789-87eb-d3ec932d3608"}, "isOnlineOnly": true, "isStarter": true, "language": "English", "layout": "vanguard", "legalities": {}, "life": "-3", "manaValue": 0.0, "name": "Maralen of the Mornsong Avatar", "number": "78", "printings": ["PMOA"], "purchaseUrls": {}, "rarity": "rare", "rulings": [], "securityStamp": "oval", "setCode": "PMOA", "subtypes": [], "supertypes": [], "text": "At the beginning of the game, you may pay any amount of life.\nYou can't draw cards.\nAt the beginning of your draw step, look at the top X cards of your library, where X is the amount of life paid with Maralen of the Mornsong Avatar. Put one of them into your hand, then shuffle.", "type": "Vanguard", "types": ["Vanguard"], "uuid": "f09d319f-200e-5c82-992c-311a85f9d719"}, {"artist": "UDON", "availability": ["mtgo"], "borderColor": "black", "colorIdentity": [], "colors": [], "convertedManaCost": 0.0, "finishes": ["nonfoil", "foil"], "foreignData": [], "frameVersion": "2015", "hand": "-2", "hasFoil": true, "hasNonFoil": true, "identifiers": {"mtgjsonV4Id": "9142200f-7587-5a44-b296-8f33df6d4c81", "mtgoId": "29261", "multiverseId": "191135", "scryfallId": "669a5db0-bcc0-4ab3-a610-3fae69538511", "scryfallIllustrationId": "403f4dea-35fb-4658-9080-e4a304994955", "scryfallOracleId": "7642a5d4-3889-42bc-87cc-0240ee9b3df6"}, "isOnlineOnly": true, "isStarter": true, "language": "English", "layout": "vanguard", "legalities": {}, "life": "-5", "manaValue": 0.0, "name": "Reaper King Avatar", "number": "79", "printings": ["PMOA"], "purchaseUrls": {}, "rarity": "rare", "rulings": [], "securityStamp": "oval", "setCode": "PMOA", "subtypes": [], "supertypes": [], "text": "Each creature you control gets +1/+1 for each of its colors.", "type": "Vanguard", "types": ["Vanguard"], "uuid": "7a73c914-0c9d-51bf-a8ce-f729764e0784"}, {"artist": "UDON", "availability": ["mtgo"], "borderColor": "black", "colorIdentity": [], "colors": [], "convertedManaCost": 0.0, "finishes": ["nonfoil", "foil"], "foreignData": [], "frameVersion": "2015", "hand": "+0", "hasFoil": true, "hasNonFoil": true, "identifiers": {"mtgjsonV4Id": "cd37d2b0-3dac-5adb-8455-0bed7960ea6b", "mtgoId": "29262", "multiverseId": "191137", "scryfallId": "64ba88e7-8e3c-46ae-babf-6aaa4f4ce43e", "scryfallIllustrationId": "131c4226-d31d-43f5-b66e-927bb81e38b5", "scryfallOracleId": "7e93a3f3-ee5e-4ff0-bd52-90639d8e2811"}, "isOnlineOnly": true, "isStarter": true, "language": "English", "layout": "vanguard", "legalities": {}, "life": "-2", "manaValue": 0.0, "name": "Murderous Redcap Avatar", "number": "80", "printings": ["PMOA"], "purchaseUrls": {}, "rarity": "rare", "rulings": [], "securityStamp": "oval", "setCode": "PMOA", "subtypes": [], "supertypes": [], "text": "Whenever a creature enters the battlefield under your control with a counter on it, you may have it deal damage equal to its power to any target.", "type": "Vanguard", "types": ["Vanguard"], "uuid": "8ac8bbfe-a08b-52ba-a2a4-60eb8ccc00b5"}, {"artist": "UDON", "availability": ["mtgo"], "borderColor": "black", "colorIdentity": [], "colors": [], "convertedManaCost": 0.0, "finishes": ["nonfoil", "foil"], "foreignData": [], "frameVersion": "2015", "hand": "+1", "hasFoil": true, "hasNonFoil": true, "identifiers": {"mtgjsonV4Id": "dd269c69-b83a-52be-aeb2-b6d190dc4236", "mtgoId": "29906", "multiverseId": "191134", "scryfallId": "278be8fa-4547-45ea-8ce0-2ddfdfc0b904", "scryfallIllustrationId": "ba053c8c-6305-4e78-807f-e90f191a17f7", "scryfallOracleId": "c9c4dc2a-6696-4349-837f-8d17f2d5cf84"}, "isOnlineOnly": true, "isStarter": true, "language": "English", "layout": "vanguard", "legalities": {}, "life": "-3", "manaValue": 0.0, "name": "Ashling, the Extinguisher Avatar", "number": "81", "printings": ["PMOA"], "purchaseUrls": {}, "rarity": "rare", "rulings": [], "securityStamp": "oval", "setCode": "PMOA", "subtypes": [], "supertypes": [], "text": "{5}: Destroy all nonland permanents. Activate only once and only during your turn.", "type": "Vanguard", "types": ["Vanguard"], "uuid": "ea089249-cef9-5af7-a5e7-4560b13c1d3f"}, {"artist": "UDON", "availability": ["mtgo"], "borderColor": "black", "colorIdentity": [], "colors": [], "convertedManaCost": 0.0, "finishes": ["nonfoil", "foil"], "foreignData": [], "frameVersion": "2015", "hand": "+0", "hasFoil": true, "hasNonFoil": true, "identifiers": {"mtgjsonV4Id": "3752b6f7-efff-56c2-8260-a72110e181b5", "mtgoId": "29907", "multiverseId": "191136", "scryfallId": "883796ed-e00a-4d09-84d4-4bde230982da", "scryfallIllustrationId": "b053e41f-bdc9-4801-b6e3-82d012c3d150", "scryfallOracleId": "4920fd37-35d5-4e31-a6b8-3fb7492aaa38"}, "isOnlineOnly": true, "isStarter": true, "language": "English", "layout": "vanguard", "legalities": {}, "life": "+3", "manaValue": 0.0, "name": "Figure of Destiny Avatar", "number": "82", "printings": ["PMOA"], "purchaseUrls": {}, "rarity": "rare", "rulings": [], "securityStamp": "oval", "setCode": "PMOA", "subtypes": [], "supertypes": [], "text": "{X}: Put a +1/+1 counter on target creature with fewer than X +1/+1 counters on it.", "type": "Vanguard", "types": ["Vanguard"], "uuid": "0cef0fef-1437-5420-ae23-18d3714af1a9"}, {"artist": "UDON", "availability": ["mtgo"], "borderColor": "black", "colorIdentity": [], "colors": [], "convertedManaCost": 0.0, "finishes": ["nonfoil", "foil"], "foreignData": [], "frameVersion": "2015", "hand": "+0", "hasFoil": true, "hasNonFoil": true, "identifiers": {"mtgjsonV4Id": "ecdbb52d-1d0b-54a8-ac7c-7ae0e5912e1b", "mtgoId": "30295", "multiverseId": "191306", "scryfallId": "f88cbdea-1e95-4835-ab6a-82fb6114ee03", "scryfallIllustrationId": "c32526e3-01e8-44df-bf2d-a0bf38bf4569", "scryfallOracleId": "635a872f-50ca-4e9b-841d-21d844058270"}, "isOnlineOnly": true, "isStarter": true, "language": "English", "layout": "vanguard", "legalities": {}, "life": "+4", "manaValue": 0.0, "name": "Necropotence Avatar", "number": "83", "printings": ["PMOA"], "purchaseUrls": {}, "rarity": "rare", "rulings": [], "securityStamp": "oval", "setCode": "PMOA", "subtypes": [], "supertypes": [], "text": "Skip your draw step.\nAt the beginning of your end step, if it's not the first turn of the game, put a death counter on Necropotence Avatar. You draw X cards and you lose X life, where X is the number of death counters on Necropotence Avatar.", "type": "Vanguard", "types": ["Vanguard"], "uuid": "de020af8-852a-515d-829b-55feec8d353e"}, {"artist": "UDON", "availability": ["mtgo"], "borderColor": "black", "colorIdentity": [], "colors": [], "convertedManaCost": 0.0, "finishes": ["nonfoil", "foil"], "foreignData": [], "frameVersion": "2015", "hand": "-1", "hasFoil": true, "hasNonFoil": true, "identifiers": {"mtgjsonV4Id": "9b9c5c36-104b-5a24-8d1b-9305ec75c233", "mtgoId": "30296", "multiverseId": "191307", "scryfallId": "ce62c999-7f5a-4f3a-bc6f-540658027305", "scryfallIllustrationId": "2c021808-d7b2-4b9d-a548-9c9109b6c7d3", "scryfallOracleId": "092c3426-57dd-4c65-8579-89d9de76b5a2"}, "isOnlineOnly": true, "isStarter": true, "language": "English", "layout": "vanguard", "legalities": {}, "life": "-1", "manaValue": 0.0, "name": "Orcish Squatters Avatar", "number": "84", "printings": ["PMOA"], "purchaseUrls": {}, "rarity": "rare", "rulings": [], "securityStamp": "oval", "setCode": "PMOA", "subtypes": [], "supertypes": [], "text": "At the beginning of your precombat main phase, add {C} for each land target opponent controls.", "type": "Vanguard", "types": ["Vanguard"], "uuid": "09b85e1d-5978-5661-b255-2716c9f5068e"}, {"artist": "UDON", "availability": ["mtgo"], "borderColor": "black", "colorIdentity": [], "colors": [], "convertedManaCost": 0.0, "finishes": ["nonfoil", "foil"], "foreignData": [], "frameVersion": "2015", "hand": "+0", "hasFoil": true, "hasNonFoil": true, "identifiers": {"mtgjsonV4Id": "a2218d78-feda-58c8-a633-afecbf14906c", "mtgoId": "30297", "multiverseId": "192073", "scryfallId": "2469e296-a7da-417b-a631-9c60ac36d423", "scryfallIllustrationId": "37ca5abb-8347-43f5-833c-2cf9a23ec333", "scryfallOracleId": "151190db-f481-419f-92ed-f8820c6e63a4"}, "isOnlineOnly": true, "isStarter": true, "language": "English", "layout": "vanguard", "legalities": {}, "life": "+6", "manaValue": 0.0, "name": "Rith, the Awakener Avatar", "number": "85", "printings": ["PMOA"], "purchaseUrls": {}, "rarity": "rare", "rulings": [], "securityStamp": "oval", "setCode": "PMOA", "subtypes": [], "supertypes": [], "text": "Whenever a creature you control deals combat damage to a player, you may pay {5}. If you do, create a 5/5 red Dragon creature token with flying.", "type": "Vanguard", "types": ["Vanguard"], "uuid": "be9c59f8-ac85-5776-949b-f1ef6d14d592", "variations": ["8ca21551-5bf3-553b-817d-b49b0d8705bd"]}, {"artist": "UDON", "availability": ["mtgo"], "borderColor": "black", "colorIdentity": [], "colors": [], "convertedManaCost": 0.0, "finishes": ["nonfoil", "foil"], "foreignData": [], "frameVersion": "2015", "hand": "+1", "hasFoil": true, "hasNonFoil": true, "identifiers": {"mtgjsonV4Id": "9c3e7e7c-bd6d-573b-abac-b9765e1e0c2e", "mtgoId": "30841", "multiverseId": "193853", "scryfallId": "2e0c0f09-c821-49f9-b93d-2fecbdc4c005", "scryfallIllustrationId": "af00e1da-dc4d-4c97-8ab9-98da946b8ca4", "scryfallOracleId": "9d16007e-c119-43f9-bdb8-4ea3adf7b135"}, "isOnlineOnly": true, "isStarter": true, "language": "English", "layout": "vanguard", "legalities": {}, "life": "+5", "manaValue": 0.0, "name": "Mayael the Anima Avatar", "number": "86", "printings": ["PMOA"], "purchaseUrls": {}, "rarity": "rare", "rulings": [], "securityStamp": "oval", "setCode": "PMOA", "subtypes": [], "supertypes": [], "text": "At the beginning of your upkeep, reveal the top card of your library. If it's a creature card with power 5 or greater, put it into your hand. Otherwise, you may put it on the bottom of your library.", "type": "Vanguard", "types": ["Vanguard"], "uuid": "7019b8a9-554b-5c2c-8ad7-86abc1be062c"}, {"artist": "UDON", "availability": ["mtgo"], "borderColor": "black", "colorIdentity": [], "colors": [], "convertedManaCost": 0.0, "finishes": ["nonfoil", "foil"], "foreignData": [], "frameVersion": "2015", "hand": "+1", "hasFoil": true, "hasNonFoil": true, "identifiers": {"mtgjsonV4Id": "b5973111-e5af-50b7-ad12-146e8b93cce2", "mtgoId": "30842", "multiverseId": "193854", "scryfallId": "7d5b4648-5072-4e9e-902a-792706bff156", "scryfallIllustrationId": "756e9ff0-1401-4f43-b0b6-25b0daf36ce4", "scryfallOracleId": "545661d2-e2bd-4823-9cd3-90a8821cde51"}, "isOnlineOnly": true, "isStarter": true, "language": "English", "layout": "vanguard", "legalities": {}, "life": "-3", "manaValue": 0.0, "name": "Kresh the Bloodbraided Avatar", "number": "87", "printings": ["PMOA"], "purchaseUrls": {}, "rarity": "rare", "rulings": [], "securityStamp": "oval", "setCode": "PMOA", "subtypes": [], "supertypes": [], "text": "Whenever a creature you control is devoured, create an X/X green Ooze creature token, where X is the devoured creature's power.", "type": "Vanguard", "types": ["Vanguard"], "uuid": "57430b1e-d4a2-5e9d-b963-caf1d5207ac1"}, {"artist": "UDON", "availability": ["mtgo"], "borderColor": "black", "colorIdentity": [], "colors": [], "convertedManaCost": 0.0, "finishes": ["nonfoil", "foil"], "foreignData": [], "frameVersion": "2015", "hand": "-1", "hasFoil": true, "hasNonFoil": true, "identifiers": {"mtgjsonV4Id": "0dab360b-1370-5b64-a70e-ce8c736d14f6", "mtgoId": "31499", "multiverseId": "195137", "scryfallId": "451024c1-0ab4-473a-90c5-fd853423a487", "scryfallIllustrationId": "c033213b-c5d5-4929-a59f-2be584cc9e1c", "scryfallOracleId": "dcd8b9d4-c76a-4cad-8d43-13e42fb65bd6"}, "isOnlineOnly": true, "isStarter": true, "language": "English", "layout": "vanguard", "legalities": {}, "life": "+2", "manaValue": 0.0, "name": "Eladamri, Lord of Leaves Avatar", "number": "88", "printings": ["PMOA"], "purchaseUrls": {}, "rarity": "rare", "rulings": [], "securityStamp": "oval", "setCode": "PMOA", "subtypes": [], "supertypes": [], "text": "At the beginning of each player's precombat main phase, that player adds {G}{G}.", "type": "Vanguard", "types": ["Vanguard"], "uuid": "8932a905-5140-57d8-ae98-d5cd946e1432"}, {"artist": "UDON", "availability": ["mtgo"], "borderColor": "black", "colorIdentity": [], "colors": [], "convertedManaCost": 0.0, "finishes": ["nonfoil", "foil"], "foreignData": [], "frameVersion": "2015", "hand": "+1", "hasFoil": true, "hasNonFoil": true, "identifiers": {"mtgjsonV4Id": "fb78d0c1-86ec-547e-a707-a0095ca5faea", "mtgoId": "31500", "multiverseId": "195138", "scryfallId": "9b185d29-6f7c-45cf-905b-d68e056365f8", "scryfallIllustrationId": "1ed04ffb-1d37-4048-9419-ad6b760f9c15", "scryfallOracleId": "25973db8-2056-4fe8-9aba-e35c942786f1"}, "isOnlineOnly": true, "isStarter": true, "language": "English", "layout": "vanguard", "legalities": {}, "life": "+4", "manaValue": 0.0, "name": "Tradewind Rider Avatar", "number": "89", "printings": ["PMOA"], "purchaseUrls": {}, "rarity": "rare", "rulings": [], "securityStamp": "oval", "setCode": "PMOA", "subtypes": [], "supertypes": [], "text": "{3}: Each player returns a permanent they control to its owner's hand unless they pay 2 life.", "type": "Vanguard", "types": ["Vanguard"], "uuid": "65692654-f3a8-5dd1-a028-ac662b9175db", "variations": ["2d229366-87ab-540f-aae3-6849aed80da8"]}, {"artist": "UDON", "availability": ["mtgo"], "borderColor": "black", "colorIdentity": [], "colors": [], "convertedManaCost": 0.0, "finishes": ["nonfoil", "foil"], "foreignData": [], "frameVersion": "2015", "hand": "+2", "hasFoil": true, "hasNonFoil": true, "identifiers": {"mtgjsonV4Id": "b79fef08-d963-5f50-9d77-87de8ef549cb", "mtgoId": "31948", "multiverseId": "198627", "scryfallId": "f4bfa0c9-b5bf-4dde-bc76-a62db32150f6", "scryfallIllustrationId": "3eaef5a1-95d6-4a0a-8c3e-6bfa694ef8a0", "scryfallOracleId": "a7c26c12-ea89-4938-ad15-9f7b817ac518"}, "isOnlineOnly": true, "isStarter": true, "language": "English", "layout": "vanguard", "legalities": {}, "life": "-2", "manaValue": 0.0, "name": "Malfegor Avatar", "number": "90", "printings": ["PMOA"], "purchaseUrls": {}, "rarity": "rare", "rulings": [], "securityStamp": "oval", "setCode": "PMOA", "subtypes": [], "supertypes": [], "text": "Whenever a creature enters the battlefield under your control, if it was unearthed, it gets +3/+0.\nWhenever a creature you control is exiled, if it was unearthed, shuffle that card into its owner's library.", "type": "Vanguard", "types": ["Vanguard"], "uuid": "a88b88f2-1335-5cfb-8c30-5a80bd70a056"}, {"artist": "UDON", "availability": ["mtgo"], "borderColor": "black", "colorIdentity": [], "colors": [], "convertedManaCost": 0.0, "finishes": ["nonfoil", "foil"], "foreignData": [], "frameVersion": "2015", "hand": "+0", "hasFoil": true, "hasNonFoil": true, "identifiers": {"mtgjsonV4Id": "4160dbbd-288d-5b59-8d78-58e01b7890f6", "mtgoId": "31949", "multiverseId": "198628", "scryfallId": "2dcdbd4f-81dc-4959-8b11-be765b1b3267", "scryfallIllustrationId": "2876c385-83f3-4ab5-990f-9e32b6a6f551", "scryfallOracleId": "92350bb2-0ea2-43cf-bb74-08f2f8e28c13"}, "isOnlineOnly": true, "isStarter": true, "language": "English", "layout": "vanguard", "legalities": {}, "life": "+5", "manaValue": 0.0, "name": "Maelstrom Archangel Avatar", "number": "91", "printings": ["PMOA"], "purchaseUrls": {}, "rarity": "rare", "rulings": [], "securityStamp": "oval", "setCode": "PMOA", "subtypes": [], "supertypes": [], "text": "At end of combat, for each creature you controlled at the time it dealt combat damage to a player this turn, copy a random card with the same mana cost as that creature. You may pay {3}. If you do, choose one of those copies. If a copy of a permanent card is chosen, you may create a token that's a copy of that card. If a copy of an instant or sorcery card is chosen, you may cast the copy without paying its mana cost.", "type": "Vanguard", "types": ["Vanguard"], "uuid": "045387f6-1865-5b75-92b4-af899fb089cf"}, {"artist": "UDON", "availability": ["mtgo"], "borderColor": "black", "colorIdentity": [], "colors": [], "convertedManaCost": 0.0, "finishes": ["nonfoil", "foil"], "foreignData": [], "frameVersion": "2015", "hand": "+0", "hasFoil": true, "hasNonFoil": true, "identifiers": {"mtgjsonV4Id": "df1a2838-945a-52f5-8fa9-e4b26b1a7631", "mtgoId": "32101", "multiverseId": "201075", "scryfallId": "871eb8eb-2aba-4458-852b-7ce9ea241c3e", "scryfallIllustrationId": "c3c73ed2-e5ec-40a2-8dce-83ee7975eb9d", "scryfallOracleId": "fa019b10-ccbd-45d5-9dcf-b2cf5cdee928"}, "isOnlineOnly": true, "isStarter": true, "language": "English", "layout": "vanguard", "legalities": {}, "life": "+7", "manaValue": 0.0, "name": "Sliver Queen Avatar", "number": "92", "printings": ["PMOA"], "purchaseUrls": {}, "rarity": "rare", "rulings": [], "securityStamp": "oval", "setCode": "PMOA", "subtypes": [], "supertypes": [], "text": "Whenever you cast a non-Sliver creature spell, exile that spell. If you do, create a token that's a copy of a random non-Shapeshifter Sliver creature card with the same mana value as that spell.", "type": "Vanguard", "types": ["Vanguard"], "uuid": "fdc83018-da53-5aa8-a8fd-cb2e729ca26b"}, {"artist": "UDON", "availability": ["mtgo"], "borderColor": "black", "colorIdentity": [], "colors": [], "convertedManaCost": 0.0, "finishes": ["nonfoil", "foil"], "foreignData": [], "frameVersion": "2015", "hand": "-2", "hasFoil": true, "hasNonFoil": true, "identifiers": {"mtgjsonV4Id": "748c9021-80f1-516b-937b-bc66bfd95690", "mtgoId": "32102", "multiverseId": "201076", "scryfallId": "8a07b3b2-0354-4026-9c7d-24ce06048271", "scryfallIllustrationId": "1cd43607-0cce-4873-a5d8-a9381981704b", "scryfallOracleId": "e09485a8-fbdc-4acf-a0c8-43963bd2819f"}, "isOnlineOnly": true, "isStarter": true, "language": "English", "layout": "vanguard", "legalities": {}, "life": "-2", "manaValue": 0.0, "name": "Hermit Druid Avatar", "number": "93", "printings": ["PMOA"], "purchaseUrls": {}, "rarity": "rare", "rulings": [], "securityStamp": "oval", "setCode": "PMOA", "subtypes": [], "supertypes": [], "text": "At the beginning of your upkeep, put a land card from your library chosen at random onto the battlefield.", "type": "Vanguard", "types": ["Vanguard"], "uuid": "6156e2c6-9b88-5aec-aaf6-6f9463803e14"}, {"artist": "UDON", "availability": ["mtgo"], "borderColor": "black", "colorIdentity": [], "colors": [], "convertedManaCost": 0.0, "finishes": ["nonfoil", "foil"], "foreignData": [], "frameVersion": "2015", "hand": "+1", "hasFoil": true, "hasNonFoil": true, "identifiers": {"mtgjsonV4Id": "03e9bbc6-e55c-5c3f-9864-d2fae7d1480b", "mtgoId": "32208", "multiverseId": "201898", "scryfallId": "58d2fc1a-e3d7-4e4b-a4e3-e3f645deb9d5", "scryfallIllustrationId": "0d4547a7-2bb4-422e-ba4f-40fc9f236b61", "scryfallOracleId": "6df0021c-4ba3-47fd-bf5f-c0c9c393e49f"}, "isOnlineOnly": true, "isStarter": true, "language": "English", "layout": "vanguard", "legalities": {}, "life": "+1", "manaValue": 0.0, "name": "Dauntless Escort Avatar", "number": "94", "printings": ["PMOA"], "purchaseUrls": {}, "rarity": "rare", "rulings": [], "securityStamp": "oval", "setCode": "PMOA", "subtypes": [], "supertypes": [], "text": "Creatures you control have exalted. (Whenever a creature you control attacks alone, it gets +1/+1 until end of turn for each instance of exalted among permanents you control.)", "type": "Vanguard", "types": ["Vanguard"], "uuid": "1df53d2f-d958-5336-afe3-75785ee036a9"}, {"artist": "UDON", "availability": ["mtgo"], "borderColor": "black", "colorIdentity": [], "colors": [], "convertedManaCost": 0.0, "finishes": ["nonfoil", "foil"], "foreignData": [], "frameVersion": "2015", "hand": "-1", "hasFoil": true, "hasNonFoil": true, "identifiers": {"mtgjsonV4Id": "29d6a3cc-46b9-5180-bebd-2d2d6d81ebb5", "mtgoId": "32209", "multiverseId": "201901", "scryfallId": "c00ba350-2495-4246-8fdc-ed57b0c9884e", "scryfallIllustrationId": "8fb75004-1690-4b16-8720-2808712204f6", "scryfallOracleId": "139efb5c-55a1-4890-9212-ac2e8ea4ee7d"}, "isOnlineOnly": true, "isStarter": true, "language": "English", "layout": "vanguard", "legalities": {}, "life": "+5", "manaValue": 0.0, "name": "Enigma Sphinx Avatar", "number": "95", "printings": ["PMOA"], "purchaseUrls": {}, "rarity": "rare", "rulings": [], "securityStamp": "oval", "setCode": "PMOA", "subtypes": [], "supertypes": [], "text": "Whenever you cast a colored artifact spell for the first time each turn, search your library for a colored artifact card chosen at random whose mana value is less than that spell's mana value. You may play that card without paying its mana cost. If you don't, put that card on the bottom of your library.", "type": "Vanguard", "types": ["Vanguard"], "uuid": "99b1a4ad-ade9-5795-9090-9e499efef14c"}, {"artist": "UDON", "availability": ["mtgo"], "borderColor": "black", "colorIdentity": [], "colors": [], "convertedManaCost": 0.0, "finishes": ["nonfoil", "foil"], "foreignData": [], "frameVersion": "2015", "hand": "+1", "hasFoil": true, "hasNonFoil": true, "identifiers": {"mtgjsonV4Id": "198cbef2-6071-5b39-be03-794b99020d17", "multiverseId": "205956", "scryfallId": "3cbf3e72-1ad4-4ce6-93f8-64edc8a67810", "scryfallIllustrationId": "da445ed5-0e65-4538-8df2-2b8468efb93e", "scryfallOracleId": "f6e87b33-499a-4396-9935-6a9fc94dcb45"}, "isOnlineOnly": true, "isStarter": true, "language": "English", "layout": "vanguard", "legalities": {}, "life": "+3", "manaValue": 0.0, "name": "Master of the Wild Hunt Avatar", "number": "96", "printings": ["PMOA"], "purchaseUrls": {}, "rarity": "rare", "rulings": [], "securityStamp": "oval", "setCode": "PMOA", "subtypes": [], "supertypes": [], "text": "{2}{G}: Create a green creature token that's a 2/2 Wolf, a 2/3 Antelope with forestwalk, a 3/2 Cat with shroud, or a 4/4 Rhino with trample, chosen at random.", "type": "Vanguard", "types": ["Vanguard"], "uuid": "e2417b75-f1a9-5cd1-b424-1ea3b9daba07"}, {"artist": "UDON", "availability": ["mtgo"], "borderColor": "black", "colorIdentity": [], "colors": [], "convertedManaCost": 0.0, "finishes": ["nonfoil", "foil"], "foreignData": [], "frameVersion": "2015", "hand": "-1", "hasFoil": true, "hasNonFoil": true, "identifiers": {"mtgjsonV4Id": "8bc50413-9bf8-523e-a7e2-92cf1bc9bcd6", "mtgoId": "33092", "multiverseId": "206028", "scryfallId": "702d3477-b612-46be-9762-952692e264fa", "scryfallIllustrationId": "e4036e72-22c8-4e5c-bec5-885fd1c757a2", "scryfallOracleId": "9427c8eb-0312-49f3-b351-5396b4e0dc0c"}, "isOnlineOnly": true, "isStarter": true, "language": "English", "layout": "vanguard", "legalities": {}, "life": "-2", "manaValue": 0.0, "name": "Vampire Nocturnus Avatar", "number": "97", "printings": ["PMOA"], "purchaseUrls": {}, "rarity": "rare", "rulings": [], "securityStamp": "oval", "setCode": "PMOA", "subtypes": [], "supertypes": [], "text": "Play with the top card of your library revealed.\nAs long as the top card of your library is black, black creatures you control get +2/+1.", "type": "Vanguard", "types": ["Vanguard"], "uuid": "526e3777-33cc-5e67-bd29-255031b0a907"}, {"artist": "UDON", "availability": ["mtgo"], "borderColor": "black", "colorIdentity": [], "colors": [], "convertedManaCost": 0.0, "finishes": ["nonfoil", "foil"], "foreignData": [], "frameVersion": "2015", "hand": "+1", "hasFoil": true, "hasNonFoil": true, "identifiers": {"mtgjsonV4Id": "f24ac82c-9b3c-5a11-92e6-fb2e544eaade", "mtgoId": "35799", "multiverseId": "214828", "scryfallId": "73586dec-e263-41f5-b736-34a186b3c7db", "scryfallIllustrationId": "bee37935-1415-4dbf-9099-361921891da2", "scryfallOracleId": "25973db8-2056-4fe8-9aba-e35c942786f1"}, "isOnlineOnly": true, "isStarter": true, "language": "English", "layout": "vanguard", "legalities": {}, "life": "+4", "manaValue": 0.0, "name": "Tradewind Rider Avatar", "number": "104", "printings": ["PMOA"], "purchaseUrls": {}, "rarity": "rare", "rulings": [], "securityStamp": "oval", "setCode": "PMOA", "subtypes": [], "supertypes": [], "text": "{3}: Each player returns a permanent they control to its owner's hand unless they pay 2 life.", "type": "Vanguard", "types": ["Vanguard"], "uuid": "2d229366-87ab-540f-aae3-6849aed80da8", "variations": ["65692654-f3a8-5dd1-a028-ac662b9175db"]}, {"artist": "UDON", "availability": ["mtgo"], "borderColor": "black", "colorIdentity": [], "colors": [], "convertedManaCost": 0.0, "finishes": ["nonfoil", "foil"], "foreignData": [], "frameVersion": "2015", "hand": "-2", "hasFoil": true, "hasNonFoil": true, "identifiers": {"mtgjsonV4Id": "39afb008-7cda-5fa5-993d-e3947d531cf1", "mtgoId": "35800", "multiverseId": "214827", "scryfallId": "989fd482-170d-4991-8348-e912384e9b31", "scryfallIllustrationId": "4bedc24d-9b16-4427-b9a5-c3a512d35c1b", "scryfallOracleId": "4696b1ff-b094-4d6a-8eda-ce8406c7e7df"}, "isOnlineOnly": true, "isStarter": true, "language": "English", "layout": "vanguard", "legalities": {}, "life": "+0", "manaValue": 0.0, "name": "Royal Assassin Avatar", "number": "105", "printings": ["PMOA"], "purchaseUrls": {}, "rarity": "rare", "rulings": [], "securityStamp": "oval", "setCode": "PMOA", "subtypes": [], "supertypes": [], "text": "At the beginning of your upkeep, you draw a card and you lose 1 life.", "type": "Vanguard", "types": ["Vanguard"], "uuid": "26db36b3-a6b9-555e-a4d1-2c652e24e2b4", "variations": ["6a90b49f-5899-502d-8c43-3ae782078d94"]}, {"artist": "UDON", "availability": ["mtgo"], "borderColor": "black", "colorIdentity": [], "colors": [], "convertedManaCost": 0.0, "finishes": ["nonfoil", "foil"], "foreignData": [], "frameVersion": "2015", "hand": "+0", "hasFoil": true, "hasNonFoil": true, "identifiers": {"mtgjsonV4Id": "cfbfbd7a-87d4-5cd6-a836-da020646e662", "mtgoId": "35801", "multiverseId": "214826", "scryfallId": "23071416-f9df-4be4-8d3f-ca553282db87", "scryfallIllustrationId": "7c8de650-a44d-4ee2-afa1-fbc51b3f005a", "scryfallOracleId": "151190db-f481-419f-92ed-f8820c6e63a4"}, "isOnlineOnly": true, "isStarter": true, "language": "English", "layout": "vanguard", "legalities": {}, "life": "+6", "manaValue": 0.0, "name": "Rith, the Awakener Avatar", "number": "106", "printings": ["PMOA"], "purchaseUrls": {}, "rarity": "rare", "rulings": [], "securityStamp": "oval", "setCode": "PMOA", "subtypes": [], "supertypes": [], "text": "Whenever a creature you control deals combat damage to a player, you may pay {5}. If you do, create a 5/5 red Dragon creature token with flying.", "type": "Vanguard", "types": ["Vanguard"], "uuid": "8ca21551-5bf3-553b-817d-b49b0d8705bd", "variations": ["be9c59f8-ac85-5776-949b-f1ef6d14d592"]}, {"artist": "UDON", "availability": ["mtgo"], "borderColor": "black", "colorIdentity": [], "colors": [], "convertedManaCost": 0.0, "finishes": ["nonfoil", "foil"], "foreignData": [], "frameVersion": "2015", "hand": "+0", "hasFoil": true, "hasNonFoil": true, "identifiers": {"mtgjsonV4Id": "4663476f-5acf-50c1-9391-45333e04c642", "mtgoId": "35802", "multiverseId": "214824", "scryfallId": "4c89ccd6-b75d-413b-88a5-76566e699889", "scryfallIllustrationId": "6c1937ab-f71a-412e-b9ad-4ae5d154dda9", "scryfallOracleId": "3a51a1e3-bb9f-4464-8878-22c1698b8db3"}, "isOnlineOnly": true, "isStarter": true, "language": "English", "layout": "vanguard", "legalities": {}, "life": "-3", "manaValue": 0.0, "name": "Birds of Paradise Avatar", "number": "107", "printings": ["PMOA"], "purchaseUrls": {}, "rarity": "rare", "rulings": [], "securityStamp": "oval", "setCode": "PMOA", "subtypes": [], "supertypes": [], "text": "Lands you control have \"{T}: Add one mana of any color.\"", "type": "Vanguard", "types": ["Vanguard"], "uuid": "c2e41288-9c54-5685-83a1-091fd83f51a2", "variations": ["588c290e-aba6-53ba-a8a0-bc2920c63f68"]}, {"artist": "UDON", "availability": ["mtgo"], "borderColor": "black", "colorIdentity": [], "colors": [], "convertedManaCost": 0.0, "finishes": ["nonfoil", "foil"], "foreignData": [], "frameVersion": "2015", "hand": "-1", "hasFoil": true, "hasNonFoil": true, "identifiers": {"mtgjsonV4Id": "bc6b4056-9f4c-5887-876f-5026d6fb35d3", "mtgoId": "35803", "multiverseId": "214825", "scryfallId": "840a5b38-1cce-4714-994b-c957b0e5c836", "scryfallIllustrationId": "fa60b4aa-91d3-486c-b4cb-de139ac873df", "scryfallOracleId": "a7e888e1-24d8-45bf-8ceb-4a3c3f989376"}, "isOnlineOnly": true, "isStarter": true, "language": "English", "layout": "vanguard", "legalities": {}, "life": "-2", "manaValue": 0.0, "name": "Platinum Angel Avatar", "number": "108", "printings": ["PMOA"], "purchaseUrls": {}, "rarity": "rare", "rulings": [], "securityStamp": "oval", "setCode": "PMOA", "subtypes": [], "supertypes": [], "text": "If you control an artifact, a creature, an enchantment, and a land, you can't lose the game and your opponents can't win the game.", "type": "Vanguard", "types": ["Vanguard"], "uuid": "d36f886f-fba7-5f54-9b73-67de87ebe2c2", "variations": ["f92e0d63-3ce0-5a98-af39-db091ce06a36"]}], "code": "PMOA", "isFoilOnly": false, "isOnlineOnly": true, "keyruneCode": "MTGO", "mtgoCode": "PMOA", "name": "Magic Online Avatars", "releaseDate": "2003-01-01", "tokens": [], "totalSetSize": 85, "translations": {}, "type": "vanguard"}}