{"meta": {"date": "2022-05-26", "version": "5.2.0+20220526"}, "data": {"baseSetSize": 2, "block": "Lorwyn", "cards": [{"artist": "Warren Mahy", "availability": ["paper"], "borderColor": "black", "colorIdentity": ["B"], "colors": ["B"], "convertedManaCost": 5.0, "edhrecRank": 8357, "finishes": ["foil"], "foreignData": [], "frameVersion": "2003", "hasFoil": true, "hasNonFoil": false, "identifiers": {"cardKingdomFoilId": "124471", "cardsphereId": "23882", "mcmId": "18994", "mtgjsonV4Id": "89d4cc0d-2d54-5395-8d27-ac8a1e4f208c", "scryfallId": "3da973ea-3529-4f15-80cf-ec5024b677dd", "scryfallIllustrationId": "b1040d0d-c612-4a17-86e5-4ebf8d1b2779", "scryfallOracleId": "f8526509-2e14-4ac0-b1de-cf4ee7d4f875", "tcgplayerProductId": "38286"}, "isPromo": true, "isReprint": true, "isStarter": true, "keywords": ["Prowl"], "language": "English", "layout": "normal", "legalities": {"commander": "Legal", "duel": "Legal", "legacy": "Legal", "modern": "Legal", "penny": "Legal", "vintage": "Legal"}, "manaCost": "{3}{B}{B}", "manaValue": 5.0, "name": "Earwig Squad", "number": "60★", "power": "5", "printings": ["MMA", "MOR", "PMOR", "PRM"], "promoTypes": ["release"], "purchaseUrls": {"cardKingdomFoil": "https://mtgjson.com/links/cdd18bce85628193", "tcgplayer": "https://mtgjson.com/links/3afd56ada257f002"}, "rarity": "rare", "rulings": [{"date": "2013-06-07", "text": "The cards are exiled face up. All players will know what they are."}], "setCode": "PMOR", "subtypes": ["Goblin", "Rogue"], "supertypes": [], "text": "Prowl {2}{B} (You may cast this for its prowl cost if you dealt combat damage to a player this turn with a Goblin or Rogue.)\nWhen Earwig Squad enters the battlefield, if its prowl cost was paid, search target opponent's library for three cards and exile them. Then that player shuffles.", "toughness": "3", "type": "Creature — Goblin Rogue", "types": ["Creature"], "uuid": "a79ed162-471b-5d39-98cd-2acd688d5517", "watermark": "set"}, {"artist": "Rob Alexander", "availability": ["paper"], "borderColor": "black", "colorIdentity": [], "colors": [], "convertedManaCost": 4.0, "edhrecRank": 838, "finishes": ["foil"], "foreignData": [], "frameVersion": "2003", "hasFoil": true, "hasNonFoil": false, "identifiers": {"cardKingdomFoilId": "124470", "cardsphereId": "37141", "mcmId": "18993", "mtgjsonV4Id": "f2e7806e-ab1f-5f6f-8610-04a06379b9ea", "scryfallId": "d4ab817e-11d4-4444-b9e1-322624501619", "scryfallIllustrationId": "092be150-3de6-477e-9947-8e652f09af59", "scryfallOracleId": "9b6d3dcf-aa5a-4516-bd48-a0723e86bfd1", "tcgplayerProductId": "38373"}, "isPromo": true, "isReprint": true, "isStarter": true, "language": "English", "layout": "normal", "legalities": {"commander": "Legal", "duel": "Legal", "legacy": "Legal", "modern": "Legal", "penny": "Legal", "pioneer": "Legal", "vintage": "Legal"}, "manaCost": "{4}", "manaValue": 4.0, "name": "Door of Destinies", "number": "143★", "originalReleaseDate": "2008-01-19", "printings": ["C17", "M14", "MOR", "PMOR", "PRM"], "promoTypes": ["datestamped", "prerelease"], "purchaseUrls": {"cardKingdomFoil": "https://mtgjson.com/links/b6c0f6ce271fc9b9", "tcgplayer": "https://mtgjson.com/links/71c6bcf469b46d02"}, "rarity": "rare", "rulings": [{"date": "2008-04-01", "text": "If you cast a creature spell of the chosen type, Door of Destinies will get a charge counter before the creature enters the battlefield. The creature will enter the battlefield with the additional boost to its power and toughness."}, {"date": "2013-07-01", "text": "Creature types, such as Human or Sliver, appear after the dash on the type line of creatures. Notably, artifact is not a creature type. A creature may have more than one creature type, such as Goblin Warrior. Such a creature would benefit from Door of Destinies if the chosen creature type was Goblin or Warrior."}], "setCode": "PMOR", "subtypes": [], "supertypes": [], "text": "As Door of Destinies enters the battlefield, choose a creature type.\nWhenever you cast a spell of the chosen type, put a charge counter on Door of Destinies.\nCreatures you control of the chosen type get +1/+1 for each charge counter on Door of Destinies.", "type": "Artifact", "types": ["Artifact"], "uuid": "278c5b6a-a634-5131-a8fe-b25932d0d720", "watermark": "set"}], "code": "PMOR", "isFoilOnly": true, "isOnlineOnly": false, "keyruneCode": "MOR", "name": "Morningtide Promos", "parentCode": "MOR", "releaseDate": "2008-02-01", "tokens": [], "totalSetSize": 2, "translations": {}, "type": "promo"}}