{"meta": {"date": "2022-05-26", "version": "5.2.0+20220526"}, "data": {"baseSetSize": 1, "block": "Mirrodin", "cards": [{"artist": "Donato Giancola", "availability": ["paper"], "borderColor": "black", "colorIdentity": [], "colors": [], "convertedManaCost": 4.0, "edhrecRank": 5512, "finishes": ["foil"], "foreignData": [], "frameVersion": "2003", "hasFoil": true, "hasNonFoil": false, "identifiers": {"cardKingdomFoilId": "119929", "cardsphereId": "37501", "mcmId": "17716", "mtgjsonV4Id": "b3100010-c51f-580a-985a-2eb2818353d6", "multiverseId": "97056", "scryfallId": "c29907d2-ecd4-4143-8f33-35f9663927da", "scryfallIllustrationId": "b52e0c94-a322-43c3-817d-00be7142ce1d", "scryfallOracleId": "35f63c60-b0a1-459d-bf51-a8549fb06930", "tcgplayerProductId": "38402"}, "isPromo": true, "isReprint": true, "isStarter": true, "keywords": ["Equip"], "language": "English", "layout": "normal", "legalities": {"commander": "Legal", "duel": "Legal", "legacy": "Legal", "modern": "Legal", "penny": "Legal", "vintage": "Legal"}, "manaCost": "{4}", "manaValue": 4.0, "name": "Sword of Kaldra", "number": "251★", "originalReleaseDate": "2003-09-20", "printings": ["MRD", "PMRD", "PRM"], "promoTypes": ["datestamped", "prerelease"], "purchaseUrls": {"cardKingdomFoil": "https://mtgjson.com/links/8b0a11f924038196", "tcgplayer": "https://mtgjson.com/links/c1c0a922b7e40123"}, "rarity": "rare", "rulings": [{"date": "2004-10-04", "text": "You exile the creature that gets damaged."}], "setCode": "PMRD", "subtypes": ["Equipment"], "supertypes": ["Legendary"], "text": "Equipped creature gets +5/+5.\nWhenever equipped creature deals damage to a creature, exile that creature. (Exile it only if it's still on the battlefield.)\nEquip {4} ({4}: Attach to target creature you control. Equip only as a sorcery. This card enters the battlefield unattached and stays on the battlefield if the creature leaves.)", "type": "Legendary Artifact — Equipment", "types": ["Artifact"], "uuid": "2a44c39a-6fbe-5246-b2b7-8ae1481e63db", "watermark": "set"}], "code": "PMRD", "isFoilOnly": true, "isOnlineOnly": false, "keyruneCode": "MRD", "name": "Mirrodin Promos", "parentCode": "MRD", "releaseDate": "2004-06-04", "tokens": [], "totalSetSize": 1, "translations": {}, "type": "promo"}}