{"meta": {"date": "2022-05-26", "version": "5.2.0+20220526"}, "data": {"baseSetSize": 1, "cards": [{"artist": "Zack Stella", "availability": ["paper"], "borderColor": "black", "colorIdentity": [], "colors": [], "convertedManaCost": 0.0, "edhrecRank": 47, "finishes": ["foil"], "foreignData": [], "frameVersion": "2015", "hasFoil": true, "hasNonFoil": false, "identifiers": {"cardKingdomFoilId": "220768", "cardsphereId": "56439", "mcmId": "316108", "mtgjsonV4Id": "272d9c8a-3073-52dd-ae4d-c842311cc7c8", "scryfallId": "1843079f-4710-4e77-8259-6b0c67bdd09d", "scryfallIllustrationId": "f2ad3367-f37f-4abc-b6b5-9636bb02fe58", "scryfallOracleId": "f3c7af78-a77d-4134-82a2-a5ce84285a84", "tcgplayerProductId": "169796"}, "isPromo": true, "isReprint": true, "isStarter": true, "language": "English", "layout": "normal", "legalities": {"commander": "Legal", "duel": "Legal", "legacy": "Legal", "modern": "Legal", "pioneer": "Banned", "premodern": "Legal", "vintage": "Legal"}, "manaValue": 0.0, "name": "Flooded Strand", "number": "2018", "printings": ["EXP", "G09", "KTK", "ONS", "PNAT", "PRM", "WC03", "WC04", "ZNE"], "purchaseUrls": {"cardKingdomFoil": "https://mtgjson.com/links/a22cea570bd3732f", "tcgplayer": "https://mtgjson.com/links/168fd773f378cc98"}, "rarity": "rare", "rulings": [], "securityStamp": "oval", "setCode": "PNAT", "subtypes": [], "supertypes": [], "text": "{T}, Pay 1 life, Sacrifice Flooded Strand: Search your library for a Plains or Island card, put it onto the battlefield, then shuffle.", "type": "Land", "types": ["Land"], "uuid": "807d08b4-8634-5b08-935d-5c27fd7c9672", "watermark": "wotc"}], "code": "PNAT", "isFoilOnly": true, "isOnlineOnly": false, "keyruneCode": "PMEI", "name": "Nationals Promos", "releaseDate": "2018-01-25", "tokens": [], "totalSetSize": 1, "translations": {}, "type": "promo"}}