{"meta": {"date": "2022-05-26", "version": "5.2.0+20220526"}, "data": {"baseSetSize": 6, "block": "Scars of Mirrodin", "cards": [{"artist": "Jung Park", "availability": ["paper"], "borderColor": "black", "colorIdentity": ["U"], "colors": ["U"], "convertedManaCost": 4.0, "edhrecRank": 373, "finishes": ["foil"], "foreignData": [], "frameVersion": "2003", "hasFoil": true, "hasNonFoil": false, "identifiers": {"cardKingdomFoilId": "185508", "cardsphereId": "23901", "mcmId": "245990", "mtgjsonV4Id": "73f83b33-401b-5c1b-a15f-92a98374ba64", "scryfallId": "8903546d-4f9a-4e90-8dd8-5ab068d40907", "scryfallIllustrationId": "ccf7ae60-31b3-43ff-ad63-893cdc9d4776", "scryfallOracleId": "340bbe8b-e987-4c3e-ab4e-9dee63e57d4f", "tcgplayerProductId": "39455"}, "isPromo": true, "isReprint": true, "isStarter": true, "language": "English", "layout": "normal", "legalities": {"commander": "Legal", "duel": "Legal", "legacy": "Legal", "modern": "Legal", "vintage": "Legal"}, "manaCost": "{3}{U/P}", "manaValue": 4.0, "name": "Phyrexian Metamorph", "number": "42★", "power": "0", "printings": ["2XM", "MB1", "NPH", "PNPH", "PRM"], "promoTypes": ["setpromo", "datestamped", "release"], "purchaseUrls": {"cardKingdomFoil": "https://mtgjson.com/links/4fe6f84ca45adb4c", "tcgplayer": "https://mtgjson.com/links/eec7c5488c8e0741"}, "rarity": "rare", "rulings": [{"date": "2011-06-01", "text": "A card with Phyrexian mana symbols in its mana cost is each color that appears in that mana cost, regardless of how that cost may have been paid."}, {"date": "2011-06-01", "text": "To calculate the mana value of a card with Phyrexian mana symbols in its cost, count each Phyrexian mana symbol as 1."}, {"date": "2011-06-01", "text": "As you cast a spell or activate an activated ability with one or more Phyrexian mana symbols in its cost, you choose how to pay for each Phyrexian mana symbol at the same time you would choose modes or choose a value for X."}, {"date": "2011-06-01", "text": "If you're at 1 life or less, you can't pay 2 life."}, {"date": "2011-06-01", "text": "Phyrexian mana is not a new color. Players can't add Phyrexian mana to their mana pools."}, {"date": "2011-06-01", "text": "Except for also being an artifact, Phyrexian Metamorph copies exactly what was printed on the original permanent and nothing more (unless that creature is itself copying something or is a token; see below). It doesn't copy whether that permanent is tapped or untapped, whether it has any counters on it or Auras attached to it, or any noncopy effects that have changed its power, toughness, types, color, and so on."}, {"date": "2011-06-01", "text": "If Phyrexian Metamorph copies a noncreature artifact, it is no longer a creature."}, {"date": "2011-06-01", "text": "If the chosen permanent has {X} in its mana cost (such as Protean Hydra), X is considered to be zero."}, {"date": "2011-06-01", "text": "If the chosen creature is copying something else (for example, if the chosen creature is a Clone), then your Phyrexian Metamorph enters the battlefield as whatever the chosen creature copied, except it's also an artifact."}, {"date": "2011-06-01", "text": "If the chosen permanent is a token, Phyrexian Metamorph copies the original characteristics of that token as stated by the effect that put the token onto the battlefield, except it's also an artifact. Phyrexian Metamorph is not a token."}, {"date": "2011-06-01", "text": "Any enters-the-battlefield abilities of the copied permanent will trigger when Phyrexian Metamorph enters the battlefield. Any “as [this] enters the battlefield” or “[this] enters the battlefield with” abilities of the chosen permanent will also work."}, {"date": "2011-06-01", "text": "If Phyrexian Metamorph somehow enters the battlefield at the same time as another permanent (due to Mass Polymorph or Liliana Vess's third ability, for example), Phyrexian Metamorph can't become a copy of that permanent. You may choose only a permanent that's already on the battlefield."}, {"date": "2011-06-01", "text": "You can choose not to copy anything. In that case, Phyrexian Metamorph simply enters the battlefield as a 0/0 artifact creature and is put into its owner's graveyard as a state-based action (unless something else is raising its toughness)."}], "setCode": "PNPH", "subtypes": ["Phyrexian", "Shapeshifter"], "supertypes": [], "text": "({U/P} can be paid with either {U} or 2 life.)\nYou may have Phyrexian Metamorph enter the battlefield as a copy of any artifact or creature on the battlefield, except it's an artifact in addition to its other types.", "toughness": "0", "type": "Artifact Creature — Phyrexian Shapeshifter", "types": ["Artifact", "Creature"], "uuid": "a12d341f-e270-56ba-b26e-2c5892f78610", "watermark": "phyrexian"}, {"artist": "Jason Felix", "availability": ["paper"], "borderColor": "black", "colorIdentity": ["B"], "colors": ["B"], "convertedManaCost": 7.0, "edhrecRank": 473, "finishes": ["foil"], "foreignData": [], "frameVersion": "2003", "hasFoil": true, "hasNonFoil": false, "identifiers": {"cardKingdomFoilId": "184643", "cardsphereId": "37446", "mcmId": "245989", "mtgjsonV4Id": "2a50fad7-f1e9-509b-ae67-1a64b9fb3b82", "scryfallId": "72ddbbac-9914-44ff-b4d4-60989031744e", "scryfallIllustrationId": "3d8c6841-e7c1-45cd-b62f-7a08a2f1d5e9", "scryfallOracleId": "9218b56d-aaec-482f-99e9-d95d227bfe25", "tcgplayerProductId": "39453"}, "isPromo": true, "isReprint": true, "isStarter": true, "keywords": ["Swampwalk"], "language": "English", "layout": "normal", "leadershipSkills": {"brawl": false, "commander": true, "oathbreaker": false}, "legalities": {"commander": "Legal", "duel": "Legal", "gladiator": "Legal", "historic": "Legal", "historicbrawl": "Legal", "legacy": "Legal", "modern": "Legal", "vintage": "Legal"}, "manaCost": "{5}{B}{B}", "manaValue": 7.0, "name": "Sheoldred, Whispering One", "number": "73★", "power": "6", "printings": ["HA5", "IMA", "JMP", "NPH", "PNPH", "PRM", "SLD"], "promoTypes": ["setpromo", "datestamped", "prerelease"], "purchaseUrls": {"cardKingdomFoil": "https://mtgjson.com/links/0a4b0a856488e25c", "tcgplayer": "https://mtgjson.com/links/99c5a0b3bc91e48b"}, "rarity": "mythic", "rulings": [{"date": "2017-11-17", "text": "Swampwalk is a keyword ability that means “This creature can’t be blocked if defending player controls a Swamp.” Most nonbasic lands don’t have basic land types, even if they produce colored mana. For example, Graven Cairns is neither a Swamp nor a Mountain, while Blood Crypt is both."}, {"date": "2017-11-17", "text": "If another triggered ability during your upkeep causes you to sacrifice a creature, such as that of Lord of the Pit, you won’t be able to target it with Sheoldred’s triggered ability as that ability is put on the stack."}, {"date": "2017-11-17", "text": "The opponent whose upkeep it is chooses a creature to sacrifice when Sheoldred’s second triggered ability resolves."}, {"date": "2017-11-17", "text": "In a Two-Headed Giant game, the last ability will trigger twice at the beginning of the opposing team’s upkeep, once for each player on that team. Each player sacrifices only a creature they control."}], "setCode": "PNPH", "subtypes": ["Phyrexian", "Praetor"], "supertypes": ["Legendary"], "text": "Swampwalk (This creature can't be blocked as long as defending player controls a Swamp.)\nAt the beginning of your upkeep, return target creature card from your graveyard to the battlefield.\nAt the beginning of each opponent's upkeep, that player sacrifices a creature.", "toughness": "6", "type": "Legendary Creature — Phyrexian Praetor", "types": ["Creature"], "uuid": "9915877f-143e-507a-b189-40b8982b989c", "watermark": "phyrexian"}, {"artist": "Greg Staples", "availability": ["paper"], "borderColor": "black", "colorIdentity": ["B"], "colors": ["B"], "convertedManaCost": 1.0, "edhrecRank": 15173, "finishes": ["foil"], "foreignData": [], "frameVersion": "2003", "hasFoil": true, "hasNonFoil": false, "identifiers": {"cardKingdomFoilId": "192938", "cardsphereId": "7749", "mcmId": "246649", "mtgjsonV4Id": "bc9aeef4-0901-5030-a7ed-cc1763de436f", "scryfallId": "114834d8-4da5-48b9-9ac7-5e3e4b7ddf2d", "scryfallIllustrationId": "a1f63295-ed0c-4384-9dc3-2ab56197fcb5", "scryfallOracleId": "3bfa088c-9a47-4123-aee5-4de44e355bef", "tcgplayerProductId": "39441"}, "isPromo": true, "isReprint": true, "isStarter": true, "language": "English", "layout": "normal", "legalities": {"commander": "Legal", "duel": "Legal", "legacy": "Legal", "modern": "Legal", "vintage": "Legal"}, "manaCost": "{B/P}", "manaValue": 1.0, "name": "Surgical Extraction", "number": "*74", "printings": ["MM2", "NPH", "PNPH", "PRM"], "promoTypes": ["setpromo", "buyabox"], "purchaseUrls": {"cardKingdomFoil": "https://mtgjson.com/links/31d64dbd172dc7bf", "tcgplayer": "https://mtgjson.com/links/43d0af7cae71366e"}, "rarity": "rare", "rulings": [{"date": "2011-06-01", "text": "A card with Phyrexian mana symbols in its mana cost is each color that appears in that mana cost, regardless of how that cost may have been paid."}, {"date": "2011-06-01", "text": "To calculate the converted mana cost of a card with Phyrexian mana symbols in its cost, count each Phyrexian mana symbol as 1."}, {"date": "2011-06-01", "text": "As you cast a spell or activate an activated ability with one or more Phyrexian mana symbols in its cost, you choose how to pay for each Phyrexian mana symbol at the same time you would choose modes or choose a value for X."}, {"date": "2011-06-01", "text": "If you’re at 1 life or less, you can’t pay 2 life."}, {"date": "2011-06-01", "text": "Phyrexian mana is not a new color. Players can’t add Phyrexian mana to their mana pools."}, {"date": "2011-06-01", "text": "“Any number of cards” means just that. If you wish, you can choose to leave some or all of the cards with the same name as the targeted card, including that card, in the zone they’re in."}], "setCode": "PNPH", "subtypes": [], "supertypes": [], "text": "({B/P} can be paid with either {B} or 2 life.)\nChoose target card in a graveyard other than a basic land card. Search its owner's graveyard, hand, and library for any number of cards with the same name as that card and exile them. Then that player shuffles.", "type": "Instant", "types": ["Instant"], "uuid": "e548ac74-e9a5-5a0e-9401-32cc5a74dc6b", "watermark": "phyrexian"}, {"artist": "Clint Cearley", "availability": ["paper"], "borderColor": "black", "colorIdentity": ["R"], "colors": ["R"], "convertedManaCost": 3.0, "edhrecRank": 5937, "finishes": ["nonfoil"], "foreignData": [], "frameVersion": "2003", "hasFoil": false, "hasNonFoil": true, "identifiers": {"cardKingdomId": "186628", "cardsphereId": "18947", "mcmId": "246647", "mtgjsonV4Id": "8e6e52a4-31aa-5cae-af21-170102b1d2e8", "scryfallId": "e05862a2-dd14-4607-a0db-ae0533551cb9", "scryfallIllustrationId": "f3ed0d45-7cab-4d70-9577-9c5d8a125df8", "scryfallOracleId": "e4bd8910-770b-4220-8a26-2673491f4a3e", "tcgplayerProductId": "48131"}, "isFullArt": true, "isPromo": true, "isReprint": true, "isStarter": true, "language": "English", "layout": "normal", "legalities": {"commander": "Legal", "duel": "Legal", "legacy": "Legal", "modern": "Legal", "paupercommander": "Restricted", "penny": "Legal", "vintage": "Legal"}, "manaCost": "{2}{R}", "manaValue": 3.0, "name": "Priest of Urabrask", "number": "90", "power": "2", "printings": ["NPH", "PNPH", "PRM"], "promoTypes": ["setpromo", "gameday"], "purchaseUrls": {"cardKingdom": "https://mtgjson.com/links/697659a198b47719", "tcgplayer": "https://mtgjson.com/links/912960e6bdd50a44"}, "rarity": "uncommon", "rulings": [{"date": "2011-01-25", "text": "You get the mana whether you want it or not. If you don’t spend it, it will disappear at the end of the current step (or phase)."}], "setCode": "PNPH", "subtypes": ["Phyrexian", "Human", "Cleric"], "supertypes": [], "text": "When Priest of Urabrask enters the battlefield, add {R}{R}{R}.", "toughness": "1", "type": "Creature — Phyrexian Human Cleric", "types": ["Creature"], "uuid": "01c74d33-ba03-56eb-8c1d-268fe3c9b913"}, {"artist": "Greg Staples", "availability": ["paper"], "borderColor": "black", "colorIdentity": [], "colors": [], "convertedManaCost": 2.0, "edhrecRank": 10034, "finishes": ["foil"], "foreignData": [], "frameVersion": "2003", "hasFoil": true, "hasNonFoil": false, "identifiers": {"cardKingdomFoilId": "196611", "cardsphereId": "18941", "mcmId": "246648", "mtgjsonV4Id": "a00ab177-b817-591e-aa19-f7131daf0224", "scryfallId": "ea58b15c-8648-42f9-a7ec-25b17697bb8c", "scryfallIllustrationId": "74e76a46-18e1-40b1-8e20-1e6e8bb012bd", "scryfallOracleId": "43dac6fa-4cdf-49ec-9e11-2e5e8f9f928b", "tcgplayerProductId": "48130"}, "isFullArt": true, "isPromo": true, "isReprint": true, "isStarter": true, "language": "English", "layout": "normal", "legalities": {"commander": "Legal", "duel": "Legal", "legacy": "Legal", "modern": "Legal", "penny": "Legal", "vintage": "Legal"}, "manaCost": "{2}", "manaValue": 2.0, "name": "Myr Superion", "number": "146", "power": "5", "printings": ["NPH", "PNPH", "PRM"], "promoTypes": ["setpromo", "gameday"], "purchaseUrls": {"cardKingdomFoil": "https://mtgjson.com/links/23b625c79fed1992", "tcgplayer": "https://mtgjson.com/links/e5de94a93435ed89"}, "rarity": "rare", "rulings": [{"date": "2011-06-01", "text": "Myr Superion can be cast only with mana produced by the abilities of one or more creatures on the battlefield (such as Alloy Myr or Priest of Urabrask in this set)."}, {"date": "2011-06-01", "text": "Mana produced by abilities of creature cards not on the battlefield, such as Chancellor of the Tangle or Elvish Spirit Guide, can’t be used to cast Myr Superion."}], "setCode": "PNPH", "subtypes": ["Myr"], "supertypes": [], "text": "Spend only mana produced by creatures to cast this spell.", "toughness": "6", "type": "Artifact Creature — Myr", "types": ["Artifact", "Creature"], "uuid": "3332309a-599a-5526-b244-b6999d596594"}, {"artist": "Matt Cavotta", "availability": ["paper"], "borderColor": "black", "colorIdentity": [], "colors": [], "convertedManaCost": 3.0, "edhrecRank": 1106, "finishes": ["nonfoil"], "flavorText": "\"Tools and artisans can be destroyed, but the act of creation is inviolate.\"\n—Elspeth Tirel", "foreignData": [], "frameVersion": "2003", "hasFoil": false, "hasNonFoil": true, "identifiers": {"cardKingdomId": "195833", "cardsphereId": "31391", "mcmId": "246646", "mtgjsonV4Id": "97f1d661-57fe-5482-9408-0a97cea1c134", "scryfallId": "e30e622d-1e82-4954-8f7d-ee256d5606bf", "scryfallIllustrationId": "5929c878-1b0b-485b-bd54-0c13e6b00896", "scryfallOracleId": "1b3d7fce-e9fe-4176-9d9a-472415826cdd", "tcgplayerProductId": "71896"}, "isPromo": true, "isReprint": true, "isStarter": true, "language": "English", "layout": "normal", "legalities": {"commander": "Legal", "duel": "Legal", "legacy": "Legal", "modern": "Legal", "pauper": "Legal", "paupercommander": "Legal", "penny": "Legal", "vintage": "Legal"}, "manaCost": "{3}", "manaValue": 3.0, "name": "Pristine Talisman", "number": "151", "printings": ["C13", "C14", "C21", "CM2", "IMA", "NPH", "PNPH", "PRM"], "promoTypes": ["setpromo", "gameday"], "purchaseUrls": {"cardKingdom": "https://mtgjson.com/links/f65a9485f93cdcde", "tcgplayer": "https://mtgjson.com/links/103065acfbdf30a3"}, "rarity": "common", "rulings": [{"date": "2011-06-01", "text": "Pristine Talisman has a mana ability. Its ability doesn’t use the stack and can’t be responded to."}], "setCode": "PNPH", "subtypes": [], "supertypes": [], "text": "{T}: Add {C}. You gain 1 life.", "type": "Artifact", "types": ["Artifact"], "uuid": "82c26043-f471-537b-a0ac-6c15d46b3eae", "watermark": "mirran"}], "cardsphereSetId": 883, "code": "PNPH", "isFoilOnly": false, "isOnlineOnly": false, "keyruneCode": "NPH", "name": "New Phyrexia Promos", "parentCode": "NPH", "releaseDate": "2011-05-12", "tokens": [], "totalSetSize": 6, "translations": {}, "type": "promo"}}