{"meta": {"date": "2022-05-26", "version": "5.2.0+20220526"}, "data": {"baseSetSize": 1, "block": "Masques", "cards": [{"artist": "rk post", "availability": ["paper"], "borderColor": "black", "colorIdentity": ["W"], "colors": ["W"], "convertedManaCost": 8.0, "edhrecRank": 17309, "finishes": ["foil"], "foreignData": [], "frameVersion": "1997", "hasFoil": true, "hasNonFoil": false, "identifiers": {"cardKingdomFoilId": "122325", "cardsphereId": "37046", "mcmId": "17706", "mtgjsonV4Id": "dff5a2a4-34ed-5007-a9a6-1dea5f9e27cf", "multiverseId": "97060", "scryfallId": "f7246341-5a22-4857-b7ab-331843db0915", "scryfallIllustrationId": "bf84a69b-de4d-467c-a672-c2e6f5c2ed11", "scryfallOracleId": "e2f22cef-9494-4356-aa5c-619aecd7e74d", "tcgplayerProductId": "38368"}, "isPromo": true, "isReprint": true, "isStarter": true, "keywords": ["Flying"], "language": "English", "layout": "normal", "legalities": {"commander": "Legal", "duel": "Legal", "legacy": "Legal", "modern": "Legal", "penny": "Legal", "premodern": "Legal", "vintage": "Legal"}, "manaCost": "{6}{W}{W}", "manaValue": 8.0, "name": "Avatar of Hope", "number": "3", "originalReleaseDate": "2000-05-27", "power": "4", "printings": ["8ED", "PCY", "PPCY", "PRM"], "promoTypes": ["datestamped", "prerelease"], "purchaseUrls": {"cardKingdomFoil": "https://mtgjson.com/links/83cbb45d4a2f0476", "tcgplayer": "https://mtgjson.com/links/92117a280a67ae1a"}, "rarity": "rare", "rulings": [{"date": "2004-10-04", "text": "The mana value of this card is still 8, even if you only pay {W}{W} to cast it."}], "setCode": "PPCY", "subtypes": ["Avatar"], "supertypes": [], "text": "If you have 3 or less life, this spell costs {6} less to cast.\nFlying\nAvatar of Hope can block any number of creatures.", "toughness": "9", "type": "Creature — Avatar", "types": ["Creature"], "uuid": "3f63cc65-2a72-51a1-8282-c5f2605d7a55"}], "code": "PPCY", "isFoilOnly": true, "isOnlineOnly": false, "keyruneCode": "PCY", "name": "Prophecy Promos", "parentCode": "PCY", "releaseDate": "2000-06-05", "tokens": [], "totalSetSize": 1, "translations": {}, "type": "promo"}}