{"meta": {"date": "2022-05-26", "version": "5.2.0+20220526"}, "data": {"baseSetSize": 1, "block": "Invasion", "cards": [{"artist": "Matt Cavotta", "availability": ["paper"], "borderColor": "black", "colorIdentity": ["G", "U", "W"], "colors": ["G", "U", "W"], "convertedManaCost": 4.0, "edhrecRank": 9365, "finishes": ["foil"], "foreignData": [{"language": "Ancient Greek", "multiverseId": 97052, "name": "Ὁ πλανώμενος Φελδδαγρίφος", "text": "{G}: Ὁ πλανώμενος Φελδδαγρίφος δέχεται +1/+1 μέχρι τὸ μέρος ἐτελέσθη. Ὁ ἐναντίος παίζω τήν 1/1 γνώμην χλωροῦ θηριοῦ ἱπποποτάμου.\n{W}: Ὁ πλανώμενος Φελδδαγρίφος δέχεται τὴν φυλάκα ἀπὸ μέλανος καὶ πυρροῦ μέχρι τὸ μέρος ἐτελέσθη. Ὁ ἐναντίος δέχεται τοῦς 2 βίους.\n{U}: Ὁ πλανώμενος Φελδδαγρίφος κερδαίνει τὴν πτῆσιν μέχρι τὸ μέρος ἐτελέσθη. Ὁ ἐναντίος ἔαι ἀναλέγειν τὸν βιβλίον.", "type": "Θηρίον — Φελδδαγρίφος"}], "frameVersion": "1997", "hasFoil": true, "hasNonFoil": false, "identifiers": {"cardKingdomFoilId": "117222", "cardsphereId": "37404", "mcmId": "17708", "mtgjsonV4Id": "1ad02052-d4d3-5359-aeeb-733193e302d6", "multiverseId": "97052", "scryfallId": "a4953790-5723-4f28-ba2d-8a0b328ee5ab", "scryfallIllustrationId": "a67e6125-10be-4dfb-9017-4cbd06c0d1a3", "scryfallOracleId": "97f3afdb-dcee-44da-b210-c8d20030baff", "tcgplayerProductId": "38393"}, "isPromo": true, "isReprint": true, "isStarter": true, "language": "Ancient Greek", "layout": "normal", "legalities": {"commander": "Legal", "duel": "Legal", "legacy": "Legal", "penny": "Legal", "premodern": "Legal", "vintage": "Legal"}, "manaCost": "{1}{G}{W}{U}", "manaValue": 4.0, "name": "Questing Phelddagrif", "number": "119", "originalReleaseDate": "2001-01-27", "power": "4", "printings": ["MB1", "PLS", "PPLS", "PRM", "SLD", "TD0"], "promoTypes": ["datestamped", "prerelease"], "purchaseUrls": {"cardKingdomFoil": "https://mtgjson.com/links/f561ec8158f5100d", "tcgplayer": "https://mtgjson.com/links/781efee05039f01c"}, "rarity": "rare", "rulings": [], "setCode": "PPLS", "subtypes": ["Phelddagrif"], "supertypes": [], "text": "{G}: Questing Phelddagrif gets +1/+1 until end of turn. Target opponent creates a 1/1 green Hippo creature token.\n{W}: Questing Phelddagrif gains protection from black and from red until end of turn. Target opponent gains 2 life.\n{U}: Questing Phelddagrif gains flying until end of turn. Target opponent may draw a card.", "toughness": "4", "type": "Creature — Phelddagrif", "types": ["Creature"], "uuid": "c28e1276-53af-520a-ac0f-bdbf0231d029"}], "code": "PPLS", "isFoilOnly": true, "isOnlineOnly": false, "keyruneCode": "PLS", "name": "Planeshift Promos", "parentCode": "PLS", "releaseDate": "2001-02-05", "tokens": [], "totalSetSize": 1, "translations": {}, "type": "promo"}}