{"meta": {"date": "2022-05-26", "version": "5.2.0+20220526"}, "data": {"baseSetSize": 34, "cards": [{"artist": "Matt Cavotta", "availability": ["paper"], "borderColor": "black", "colorIdentity": ["R"], "colors": ["R"], "convertedManaCost": 3.0, "edhrecRank": 8207, "finishes": ["foil"], "foreignData": [], "frameVersion": "2003", "hasFoil": true, "hasNonFoil": false, "identifiers": {"cardKingdomFoilId": "125160", "cardsphereId": "38481", "mcmId": "19459", "mcmMetaId": "8422", "mtgjsonV4Id": "08a21b0c-c9f5-55df-a8f5-44a778027474", "scryfallId": "84b8222a-eed5-4ded-a7c6-be03fcb11212", "scryfallIllustrationId": "3ac84852-69dd-41a7-8229-d4ce97987e16", "scryfallOracleId": "cbbad3da-695e-4527-9678-0942f3751287", "tcgplayerProductId": "38355"}, "isPromo": true, "isReprint": true, "isStarter": true, "language": "English", "layout": "normal", "leadershipSkills": {"brawl": false, "commander": true, "oathbreaker": false}, "legalities": {"commander": "Legal", "duel": "Legal", "legacy": "Legal", "modern": "Legal", "penny": "Legal", "vintage": "Legal"}, "manaCost": "{1}{R}{R}", "manaValue": 3.0, "name": "Jaya Ballard, Task Mage", "number": "A1", "originalReleaseDate": "2007-08-01", "power": "2", "printings": ["PD2", "PMPS08", "PRES", "PRM", "TSP", "TSR"], "promoTypes": ["instore"], "purchaseUrls": {"cardKingdomFoil": "https://mtgjson.com/links/a4960ffe77e736b4", "cardmarket": "https://mtgjson.com/links/89b150e4d070ab9b", "tcgplayer": "https://mtgjson.com/links/d4c2ce0194b17a75"}, "rarity": "rare", "rulings": [], "setCode": "PRES", "subtypes": ["Human", "Spellshaper"], "supertypes": ["Legendary"], "text": "{R}, {T}, Discard a card: Destroy target blue permanent.\n{1}{R}, {T}, Discard a card: Jaya Ballard, Task Mage deals 3 damage to any target. A creature dealt damage this way can't be regenerated this turn.\n{5}{R}{R}, {T}, Discard a card: Jaya Ballard deals 6 damage to each creature and each player.", "toughness": "2", "type": "Legendary Creature — Human Spellshaper", "types": ["Creature"], "uuid": "afe79146-42a2-53ee-8cb4-f4accb1a5794", "watermark": "colorpie"}, {"artist": "Zoltan Boros & Gabor Szikszai", "availability": ["paper"], "borderColor": "black", "colorIdentity": ["R", "W"], "colors": ["R", "W"], "convertedManaCost": 4.0, "edhrecRank": 5603, "finishes": ["foil"], "foreignData": [], "frameVersion": "2003", "hasFoil": true, "hasNonFoil": false, "identifiers": {"cardKingdomFoilId": "127090", "cardsphereId": "38476", "mcmId": "20042", "mcmMetaId": "9357", "mtgjsonV4Id": "af084640-6d13-50a6-af50-f95f7e302366", "scryfallId": "79d68ed0-1397-4381-afb5-c594fd40ee00", "scryfallIllustrationId": "740cf9fc-085b-4e31-8734-f54304d73ae3", "scryfallOracleId": "b816b3cc-ae4b-4fb7-8b1a-e01ab83459a3", "tcgplayerProductId": "38349"}, "isPromo": true, "isReprint": true, "isStarter": true, "keywords": ["Lifelink"], "language": "English", "layout": "normal", "leadershipSkills": {"brawl": false, "commander": true, "oathbreaker": false}, "legalities": {"commander": "Legal", "duel": "Legal", "legacy": "Legal", "modern": "Legal", "penny": "Legal", "vintage": "Legal"}, "manaCost": "{2}{R}{W}", "manaValue": 4.0, "name": "Brion Stoutarm", "number": "A2", "originalReleaseDate": "2008-08-01", "power": "4", "printings": ["A25", "CMD", "LRW", "OCM1", "PRES", "PRM", "PS11"], "promoTypes": ["instore"], "purchaseUrls": {"cardKingdomFoil": "https://mtgjson.com/links/b50a2a18f81eefbf", "cardmarket": "https://mtgjson.com/links/b9f224e2105d412e", "tcgplayer": "https://mtgjson.com/links/824fb1d9930cb5f4"}, "rarity": "rare", "rulings": [{"date": "2018-03-16", "text": "If Brion Stoutarm leaves the battlefield after its ability has been activated but before it resolves, the game uses its last known information to determine that it had lifelink and you’ll gain life for the damage it deals."}], "setCode": "PRES", "subtypes": ["Giant", "Warrior"], "supertypes": ["Legendary"], "text": "Lifelink\n{R}, {T}, Sacrifice another creature: Brion Stoutarm deals damage equal to the sacrificed creature's power to target player or planeswalker.", "toughness": "4", "type": "Legendary Creature — Giant Warrior", "types": ["Creature"], "uuid": "d43d252d-3283-570c-84e5-0589e62a5c3b", "watermark": "colorpie"}, {"artist": "Vance Kovacs", "availability": ["paper"], "borderColor": "black", "colorIdentity": ["B", "G", "R"], "colors": ["B", "G", "R"], "convertedManaCost": 6.0, "edhrecRank": 6120, "finishes": ["foil"], "flavorText": "Frozen in fear, the goblins stared upward at the circling hunter—and were promptly eaten by its diving mate.", "foreignData": [], "frameVersion": "2003", "hasFoil": true, "hasNonFoil": false, "identifiers": {"cardKingdomFoilId": "186998", "cardsphereId": "38477", "mcmId": "22091", "mcmMetaId": "10225", "mtgjsonV4Id": "a1dcf0e1-dc1d-5d61-b8aa-996a1e935112", "scryfallId": "ff4cc8ab-1e44-4d88-b3e3-e00cc52cac25", "scryfallIllustrationId": "66da2e50-f77a-453a-a336-43205b553ee6", "scryfallOracleId": "86529f12-6f0f-4b0d-96f1-785474f6763a", "tcgplayerProductId": "38350"}, "isPromo": true, "isReprint": true, "isStarter": true, "keywords": ["Flying"], "language": "English", "layout": "normal", "legalities": {"commander": "Legal", "duel": "Legal", "legacy": "Legal", "modern": "Legal", "penny": "Legal", "vintage": "Legal"}, "manaCost": "{3}{B}{R}{G}", "manaValue": 6.0, "name": "Broodmate Dragon", "number": "A3", "originalReleaseDate": "2009-08-01", "power": "4", "printings": ["ALA", "C17", "MM3", "PRES", "PRM"], "promoTypes": ["instore"], "purchaseUrls": {"cardKingdomFoil": "https://mtgjson.com/links/97b1a8bbd512c380", "cardmarket": "https://mtgjson.com/links/fb5250ede79ed28b", "tcgplayer": "https://mtgjson.com/links/5e830f52ed4d57b3"}, "rarity": "rare", "rulings": [], "setCode": "PRES", "subtypes": ["Dragon"], "supertypes": [], "text": "Flying\nWhen Broodmate Dragon enters the battlefield, create a 4/4 red Dragon creature token with flying.", "toughness": "4", "type": "Creature — Dragon", "types": ["Creature"], "uuid": "794bff04-ef11-5d80-bec7-013c4f76d9a7", "watermark": "colorpie"}, {"artist": "Jesper Ejsing", "availability": ["paper"], "borderColor": "black", "colorIdentity": ["G", "R", "W"], "colors": ["G", "R", "W"], "convertedManaCost": 4.0, "edhrecRank": 14849, "finishes": ["foil"], "flavorText": "For every eye, an eye. For every tooth, a tooth. Griffins are nothing if not fair.", "foreignData": [], "frameVersion": "2003", "hasFoil": true, "hasNonFoil": false, "identifiers": {"cardKingdomFoilId": "131964", "cardsphereId": "38483", "mcmId": "22335", "mcmMetaId": "10536", "mtgjsonV4Id": "74b92e82-a7a9-54b1-858a-8b75742a8846", "scryfallId": "73d0be30-3c40-4428-844e-efe314d0b4de", "scryfallIllustrationId": "c28c0265-fe1a-498e-bca1-8346c699966a", "scryfallOracleId": "dd4b9e5a-b3ab-4b70-b200-228c8add9f52", "tcgplayerProductId": "38359"}, "isPromo": true, "isReprint": true, "isStarter": true, "keywords": ["Flying"], "language": "English", "layout": "normal", "legalities": {"commander": "Legal", "duel": "Legal", "legacy": "Legal", "modern": "Legal", "penny": "Legal", "vintage": "Legal"}, "manaCost": "{1}{R}{G}{W}", "manaValue": 4.0, "name": "Retaliator Griffin", "number": "A4", "originalReleaseDate": "2010-08-01", "power": "2", "printings": ["ARB", "PRES", "PRM"], "promoTypes": ["instore"], "purchaseUrls": {"cardKingdomFoil": "https://mtgjson.com/links/dbae2e4d210415c8", "cardmarket": "https://mtgjson.com/links/0bb547983b54e7c3", "tcgplayer": "https://mtgjson.com/links/774f8b2c08ac6692"}, "rarity": "rare", "rulings": [{"date": "2009-05-01", "text": "The source of combat damage is the creature that dealt it."}, {"date": "2009-05-01", "text": "If a spell causes damage to be dealt, that spell will always identify the source of the damage. In most cases, the source is the spell itself. For example, Breath of Malfegor says “Breath of Malfegor deals 5 damage to each opponent.”"}, {"date": "2009-05-01", "text": "If an ability causes damage to be dealt, that ability will always identify the source of the damage. The ability itself is never the source. However, the source of the ability is often the source of the damage. For example, Deathbringer Thoctar’s ability says “Deathbringer Thoctar deals 1 damage to any target.”"}, {"date": "2009-05-01", "text": "If the source of the damage is a permanent, Retaliator Griffin checks whether an opponent controls that permanent at the time that damage is dealt. If the permanent has left the battlefield by then, its last known information is used. If the source of the damage is a spell, whether it’s controlled by an opponent is obvious. If the source of the damage is a card in some other zone (such as a cycled Jund Sojourners), Retaliator Griffin checks whether the card’s owner, rather than its controller, is an opponent."}, {"date": "2009-05-01", "text": "If Retaliator Griffin is dealt lethal damage at the same time that you’re dealt damage by a source an opponent controls, Retaliator Griffin will be put into a graveyard before it would receive any counters. Its ability will still trigger, but it will do nothing when it resolves."}], "setCode": "PRES", "subtypes": ["Griffin"], "supertypes": [], "text": "Flying\nWhenever a source an opponent controls deals damage to you, you may put that many +1/+1 counters on Retaliator Griffin.", "toughness": "2", "type": "Creature — Griffin", "types": ["Creature"], "uuid": "765f819a-3ab1-5892-be4d-c9378c65d7bd", "watermark": "colorpie"}, {"artist": "Goran Josic", "availability": ["paper"], "borderColor": "black", "colorIdentity": ["G"], "colors": ["G"], "convertedManaCost": 6.0, "edhrecRank": 9179, "finishes": ["foil"], "flavorText": "Sometimes violent earthquakes, hurtling boulders, and unseasonable dust storms are wrongly attributed to the Roil.", "foreignData": [], "frameVersion": "2003", "hasFoil": true, "hasNonFoil": false, "identifiers": {"cardKingdomFoilId": "230605", "mtgjsonV4Id": "5d7ea6f1-e4bc-5d07-872f-300da0e4de3f", "scryfallId": "e093b461-49c4-4fff-bc1b-cab3f05d9615", "scryfallIllustrationId": "adbded49-9191-4238-9078-8445fa890e57", "scryfallOracleId": "d688baac-0574-4d88-b7eb-a7384c298ef5", "tcgplayerProductId": "228892"}, "isPromo": true, "isReprint": true, "isStarter": true, "keywords": ["Trample"], "language": "English", "layout": "normal", "legalities": {"commander": "Legal", "duel": "Legal", "legacy": "Legal", "modern": "Legal", "penny": "Legal", "pioneer": "Legal", "vintage": "Legal"}, "manaCost": "{3}{G}{G}{G}", "manaValue": 6.0, "name": "Terra Stomper", "number": "A5", "originalReleaseDate": "2010-06-01", "power": "8", "printings": ["M15", "ORI", "PRES", "PRM", "ZEN"], "promoTypes": ["instore"], "purchaseUrls": {"cardKingdomFoil": "https://mtgjson.com/links/4ef0686778367f31", "tcgplayer": "https://mtgjson.com/links/a530468792b04873"}, "rarity": "rare", "rulings": [{"date": "2009-10-01", "text": "Terra Stomper can be targeted by spells that try to counter it (such as Cancel). Those spells will resolve, but the part of their effect that would counter Terra Stomper won’t do anything. Any other effects those spells have will work as normal."}], "setCode": "PRES", "subtypes": ["Beast"], "supertypes": [], "text": "This spell can't be countered.\nTrample (This creature can deal excess combat damage to the player or planeswalker it's attacking.)", "toughness": "8", "type": "Creature — Beast", "types": ["Creature"], "uuid": "38ef67d1-6e3d-5351-b9c9-c37eae2efc46", "watermark": "colorpie"}, {"artist": "Lars Grant-West", "availability": ["paper"], "borderColor": "black", "colorIdentity": ["G"], "colors": ["G"], "convertedManaCost": 8.0, "edhrecRank": 614, "finishes": ["foil"], "foreignData": [], "frameVersion": "2003", "hasFoil": true, "hasNonFoil": false, "identifiers": {"cardKingdomFoilId": "188749", "cardsphereId": "38485", "mcmId": "258179", "mcmMetaId": "11023", "mtgjsonV4Id": "f59b490a-3a3d-5340-be25-aca672a1a1b9", "scryfallId": "8fd62681-18f2-4841-a92a-d0d55e5cfe31", "scryfallIllustrationId": "204a9954-ce36-4824-b7d8-cb5d5d47e685", "scryfallOracleId": "17975a20-2c13-4325-be1e-0bcda5063a2d", "tcgplayerProductId": "71285"}, "isPromo": true, "isReprint": true, "isStarter": true, "language": "English", "layout": "normal", "legalities": {"commander": "Legal", "duel": "Legal", "legacy": "Legal", "modern": "Legal", "penny": "Legal", "vintage": "Legal"}, "manaCost": "{6}{G}{G}", "manaValue": 8.0, "name": "Terastodon", "number": "A6", "originalReleaseDate": "2012-08-01", "power": "9", "printings": ["2XM", "C14", "C15", "C21", "CMA", "CMR", "CNS", "PD3", "PRES", "WWK"], "promoTypes": ["instore"], "purchaseUrls": {"cardKingdomFoil": "https://mtgjson.com/links/ab9470ecaf1827c2", "cardmarket": "https://mtgjson.com/links/411e2c7ff44c58b1", "tcgplayer": "https://mtgjson.com/links/0fcdca5f6f89f141"}, "rarity": "rare", "rulings": [{"date": "2010-03-01", "text": "The targeted permanents may be controlled by different players."}, {"date": "2013-07-01", "text": "If a targeted permanent has indestructible or regenerates, its controller won't get an Elephant token for it. Similarly, if the targeted permanent is destroyed but a replacement effect moves it to a different zone instead of its owner's graveyard, its controller won't get an Elephant token for it."}], "setCode": "PRES", "subtypes": ["Elephant"], "supertypes": [], "text": "When Terastodon enters the battlefield, you may destroy up to three target noncreature permanents. For each permanent put into a graveyard this way, its controller creates a 3/3 green Elephant creature token.", "toughness": "9", "type": "Creature — Elephant", "types": ["Creature"], "uuid": "bad8a600-ad7e-5fed-8a98-ec369f0f0f9c", "watermark": "colorpie"}, {"artist": "Jason Chan", "availability": ["paper"], "borderColor": "black", "colorIdentity": ["W"], "colors": ["W"], "convertedManaCost": 3.0, "edhrecRank": 4094, "finishes": ["foil"], "flavorText": "\"If you think you are brave enough to walk the path of honor, follow me into the dragon's den.\"", "foreignData": [], "frameVersion": "2003", "hasFoil": true, "hasNonFoil": false, "identifiers": {"cardKingdomFoilId": "187501", "cardsphereId": "38482", "mcmId": "256755", "mcmMetaId": "200425", "mtgjsonV4Id": "d13ab0b4-6e2b-54a6-ac87-0ac0afa6f67d", "scryfallId": "d8c05f52-d800-4648-9a7e-f664faab192c", "scryfallIllustrationId": "1ea50dc0-e548-497a-9f07-48a8788df3eb", "scryfallOracleId": "ecb198fc-5663-4380-b2da-ad54421e966d", "tcgplayerProductId": "71289"}, "isPromo": true, "isReprint": true, "isStarter": true, "keywords": ["First strike"], "language": "English", "layout": "normal", "legalities": {"commander": "Legal", "duel": "Legal", "legacy": "Legal", "modern": "Legal", "penny": "Legal", "vintage": "Legal"}, "manaCost": "{1}{W}{W}", "manaValue": 3.0, "name": "Knight Exemplar", "number": "A7", "originalReleaseDate": "2011-08-01", "power": "2", "printings": ["DDG", "M11", "PRES"], "promoTypes": ["instore"], "purchaseUrls": {"cardKingdomFoil": "https://mtgjson.com/links/7e2f7f7108d9dc66", "cardmarket": "https://mtgjson.com/links/15967a1e5dbdd12b", "tcgplayer": "https://mtgjson.com/links/de965fcb50a2605b"}, "rarity": "rare", "rulings": [{"date": "2010-08-15", "text": "If an effect would simultaneously destroy Knight Exemplar and another Knight creature you control, only Knight Exemplar is destroyed."}, {"date": "2013-07-01", "text": "If another Knight creature you control is dealt lethal damage, the creature isn’t destroyed, but the damage remains marked on it. If, at some point later in that turn, you no longer control Knight Exemplar or it loses its abilities, the other Knight creature will lose indestructible and will be destroyed."}, {"date": "2013-07-01", "text": "If you control two Knight Exemplars, each one causes the other to get +1/+1 and have indestructible."}, {"date": "2013-07-01", "text": "Lethal damage, damage from a source with deathtouch, and effects that say “destroy” won’t cause a creature with indestructible to be put into the graveyard. However, a creature with indestructible can be put into the graveyard for a number of reasons. The most likely reasons are if it’s sacrificed, if it’s legendary and another legendary creature with the same name is controlled by the same player, or if its toughness is 0 or less."}], "setCode": "PRES", "subtypes": ["Human", "Knight"], "supertypes": [], "text": "First strike (This creature deals combat damage before creatures without first strike.)\nOther Knight creatures you control get +1/+1 and have indestructible. (Damage and effects that say \"destroy\" don't destroy them.)", "toughness": "2", "type": "Creature — Human Knight", "types": ["Creature"], "uuid": "061f0064-7f5d-5492-9f9f-0ab4b4400a20", "watermark": "colorpie"}, {"artist": "Jason Chan", "availability": ["paper"], "borderColor": "black", "colorIdentity": ["W"], "colors": ["W"], "convertedManaCost": 6.0, "edhrecRank": 2603, "finishes": ["foil"], "flavorText": "There may exist powers even greater than Phyrexia.", "foreignData": [], "frameVersion": "2003", "hasFoil": true, "hasNonFoil": false, "identifiers": {"cardKingdomFoilId": "196098", "cardsphereId": "38484", "mcmId": "256756", "mcmMetaId": "200728", "mtgjsonV4Id": "a5d686a5-8d86-57f8-b65e-a67c1dacbf6a", "scryfallId": "f08829de-c93e-4f2f-b008-28c7cd7bb29e", "scryfallIllustrationId": "0bc41af7-5ba3-4337-933d-25e289de36a7", "scryfallOracleId": "8b34d1df-4024-497d-bd28-a7caa8c3fa24", "tcgplayerProductId": "72053"}, "isPromo": true, "isReprint": true, "isStarter": true, "keywords": ["Flying"], "language": "English", "layout": "normal", "legalities": {"commander": "Legal", "duel": "Legal", "legacy": "Legal", "modern": "Legal", "penny": "Legal", "vintage": "Legal"}, "manaCost": "{4}{W}{W}", "manaValue": 6.0, "name": "Sunblast Angel", "number": "A8", "originalReleaseDate": "2012-02-01", "power": "4", "printings": ["AFC", "C14", "C20", "DDI", "PRES", "SOM"], "promoTypes": ["instore"], "purchaseUrls": {"cardKingdomFoil": "https://mtgjson.com/links/31efccc42c6d7537", "cardmarket": "https://mtgjson.com/links/c7beb433bfe7d248", "tcgplayer": "https://mtgjson.com/links/7a2fc232d86a74ed"}, "rarity": "rare", "rulings": [{"date": "2011-01-01", "text": "The second ability destroys each creature that's tapped at the time it resolves, including creatures you control. If Sunblast Angel has become tapped by the time its ability resolves, it will be destroyed too."}], "setCode": "PRES", "subtypes": ["Angel"], "supertypes": [], "text": "Flying\nWhen Sunblast Angel enters the battlefield, destroy all tapped creatures.", "toughness": "5", "type": "Creature — Angel", "types": ["Creature"], "uuid": "ca5c2855-c89a-5621-b954-2a1560b66d5f", "watermark": "colorpie"}, {"artist": "James Ryman", "availability": ["paper"], "borderColor": "black", "colorIdentity": ["W"], "colors": ["W"], "convertedManaCost": 7.0, "edhrecRank": 2533, "finishes": ["foil"], "flavorText": "\"Justice isn't done until undeath is undone.\"", "foreignData": [], "frameVersion": "2003", "hasFoil": true, "hasNonFoil": false, "identifiers": {"cardKingdomFoilId": "193732", "cardsphereId": "38473", "mcmId": "259778", "mcmMetaId": "205346", "mtgjsonV4Id": "2d372cf3-d706-5a04-9e82-e6785c5258a2", "scryfallId": "00e27348-54c7-4b48-bd04-884938c84728", "scryfallIllustrationId": "a8d09374-5a00-423d-a0b9-7b02cf6de0b1", "scryfallOracleId": "c6a606af-ea08-4cd9-bfd9-60d76e232e85", "tcgplayerProductId": "71899"}, "isPromo": true, "isReprint": true, "isStarter": true, "keywords": ["Flying"], "language": "English", "layout": "normal", "legalities": {"commander": "Legal", "duel": "Legal", "legacy": "Legal", "modern": "Legal", "penny": "Legal", "vintage": "Legal"}, "manaCost": "{5}{W}{W}", "manaValue": 7.0, "name": "Angel of Glory's Rise", "number": "A9", "originalReleaseDate": "2013-02-01", "power": "4", "printings": ["AVR", "MIC", "PRES"], "promoTypes": ["instore"], "purchaseUrls": {"cardKingdomFoil": "https://mtgjson.com/links/81124552ce3472cc", "cardmarket": "https://mtgjson.com/links/6c4a1080493f3b88", "tcgplayer": "https://mtgjson.com/links/d97efbc7252ad3a3"}, "rarity": "rare", "rulings": [{"date": "2012-05-01", "text": "Only Zombie permanents on the battlefield are exiled. Zombie cards in other zones are not."}], "setCode": "PRES", "subtypes": ["Angel"], "supertypes": [], "text": "Flying\nWhen Angel of Glory's Rise enters the battlefield, exile all Zombies, then return all Human creature cards from your graveyard to the battlefield.", "toughness": "6", "type": "Creature — Angel", "types": ["Creature"], "uuid": "34c74823-ae9a-5f2d-acd4-51de25da10e1", "watermark": "colorpie"}, {"artist": "Paolo Parente & Brian Snõddy", "availability": ["paper"], "borderColor": "black", "colorIdentity": ["R"], "colors": ["R"], "convertedManaCost": 7.0, "edhrecRank": 4976, "finishes": ["foil"], "flavorText": "\"If you live on a giant's back, there's only one individual you'll ever need to fear.\"\n—Gaddock Teeg", "foreignData": [], "frameVersion": "2003", "hasFoil": true, "hasNonFoil": false, "identifiers": {"cardKingdomFoilId": "199435", "cardsphereId": "38480", "mcmId": "264009", "mcmMetaId": "9285", "mtgjsonV4Id": "3e4cccee-e348-587a-aaae-70c608d23038", "scryfallId": "13517c52-76fd-469e-a2c5-d2779e9dc298", "scryfallIllustrationId": "560f832d-2d5d-44a9-ba34-1526944575d0", "scryfallOracleId": "ae45b04e-c52d-45e1-a752-0b76f64d7c8d", "tcgplayerProductId": "77980"}, "isPromo": true, "isReprint": true, "isStarter": true, "language": "English", "layout": "normal", "legalities": {"commander": "Legal", "duel": "Legal", "gladiator": "Legal", "historic": "Legal", "historicbrawl": "Legal", "legacy": "Legal", "modern": "Legal", "penny": "Legal", "vintage": "Legal"}, "manaCost": "{6}{R}", "manaValue": 7.0, "name": "Hamletback Goliath", "number": "A10", "originalReleaseDate": "2013-08-01", "power": "6", "printings": ["C15", "CM2", "CN2", "JMP", "LRW", "M13", "PRES", "PS11"], "promoTypes": ["instore"], "purchaseUrls": {"cardKingdomFoil": "https://mtgjson.com/links/7019ad0448d980e8", "cardmarket": "https://mtgjson.com/links/ba71cc996a9c884f", "tcgplayer": "https://mtgjson.com/links/940dea30a38e017e"}, "rarity": "rare", "rulings": [{"date": "2012-07-01", "text": "The value of X is determined as the ability begins resolving. If the other creature is no longer on the battlefield, its last known existence on the battlefield is checked to determine its power."}], "setCode": "PRES", "subtypes": ["Giant", "Warrior"], "supertypes": [], "text": "Whenever another creature enters the battlefield, you may put X +1/+1 counters on Hamletback Goliath, where X is that creature's power.", "toughness": "6", "type": "Creature — Giant Warrior", "types": ["Creature"], "uuid": "f3ac3a15-f43e-5d4a-bbeb-32930921d18c", "watermark": "colorpie"}, {"artist": "David Rapoza", "availability": ["paper"], "borderColor": "black", "colorIdentity": ["W"], "colors": ["W"], "convertedManaCost": 6.0, "edhrecRank": 3110, "finishes": ["foil"], "flavorText": "\"A keen mind wields an army as a deft hand wields a sword.\"", "foreignData": [], "frameVersion": "2003", "hasFoil": true, "hasNonFoil": false, "identifiers": {"cardKingdomFoilId": "202398", "cardsphereId": "38474", "mcmId": "269130", "mcmMetaId": "207110", "mtgjsonV4Id": "e68a54e0-0ea8-5a25-8fc1-bf3f402eb8c1", "scryfallId": "50a38cb7-d663-4fca-a462-a0199694aee3", "scryfallIllustrationId": "48d28cca-a921-402b-9d66-04fd9c083b96", "scryfallOracleId": "29e07d57-0f05-441c-844f-cf1d71102b2d", "tcgplayerProductId": "93515"}, "isPromo": true, "isReprint": true, "isStarter": true, "keywords": ["Flying", "Vigilance"], "language": "English", "layout": "normal", "legalities": {"commander": "Legal", "duel": "Legal", "legacy": "Legal", "modern": "Legal", "penny": "Legal", "pioneer": "Legal", "vintage": "Legal"}, "manaCost": "{4}{W}{W}", "manaValue": 6.0, "name": "Angelic Skirmisher", "number": "A11", "originalReleaseDate": "2014-02-01", "power": "4", "printings": ["GTC", "PRES"], "promoTypes": ["instore"], "purchaseUrls": {"cardKingdomFoil": "https://mtgjson.com/links/1e36febca26ceb3b", "cardmarket": "https://mtgjson.com/links/aa0b91307200e1ff", "tcgplayer": "https://mtgjson.com/links/ea4f742fe0497559"}, "rarity": "rare", "rulings": [{"date": "2013-01-24", "text": "You choose which ability creatures you control will gain when Angelic Skirmisher’s ability resolves. This happens before attacking creatures are declared."}, {"date": "2013-01-24", "text": "Only creatures you control when the ability resolves will gain the chosen ability. Creatures that come under your control later in the turn will not gain the ability."}], "setCode": "PRES", "subtypes": ["Angel"], "supertypes": [], "text": "Flying\nAt the beginning of each combat, choose first strike, vigilance, or lifelink. Creatures you control gain that ability until end of turn.", "toughness": "4", "type": "Creature — Angel", "types": ["Creature"], "uuid": "67b03554-1ba2-5e30-828c-7cfe48b29d40", "watermark": "colorpie"}, {"artist": "Maciej Kuciara", "availability": ["paper"], "borderColor": "black", "colorIdentity": ["B"], "colors": ["B"], "convertedManaCost": 3.0, "edhrecRank": 3205, "finishes": ["foil"], "flavorText": "\"My commands shall echo forever in their dusty skulls.\"", "foreignData": [], "frameVersion": "2003", "hasFoil": true, "hasNonFoil": false, "identifiers": {"cardKingdomFoilId": "199196", "cardsphereId": "38486", "mcmId": "269131", "mcmMetaId": "208194", "mtgjsonV4Id": "f96aa54f-2ca6-5ecf-9f2d-d22d604ffba2", "scryfallId": "c4703ce4-5c40-4436-bff2-8e3458f55b47", "scryfallIllustrationId": "43e9e080-6f1c-482a-aaf4-be20c2288374", "scryfallOracleId": "a6b38874-c8be-47f7-a656-ba49ec9e967f", "tcgplayerProductId": "92978"}, "isPromo": true, "isReprint": true, "isStarter": true, "language": "English", "layout": "normal", "legalities": {"commander": "Legal", "duel": "Legal", "legacy": "Legal", "modern": "Legal", "penny": "Legal", "pioneer": "Legal", "vintage": "Legal"}, "manaCost": "{2}{B}", "manaValue": 3.0, "name": "Xathrid Necromancer", "number": "A12", "originalReleaseDate": "2014-08-01", "power": "2", "printings": ["C20", "M14", "PRES", "PRM"], "promoTypes": ["instore"], "purchaseUrls": {"cardKingdomFoil": "https://mtgjson.com/links/f481f161e688a068", "cardmarket": "https://mtgjson.com/links/58633bb1ec8957dc", "tcgplayer": "https://mtgjson.com/links/75ebb4ed97eaf608"}, "rarity": "rare", "rulings": [{"date": "2013-07-01", "text": "If Xathrid Necromancer dies at the same time as another Human creature you control, its ability will trigger twice."}], "setCode": "PRES", "subtypes": ["Human", "Wizard"], "supertypes": [], "text": "Whenever Xathrid Necromancer or another Human creature you control dies, create a tapped 2/2 black Zombie creature token.", "toughness": "2", "type": "Creature — Human Wizard", "types": ["Creature"], "uuid": "153a7731-2c15-5524-a7a2-292731263600", "watermark": "colorpie"}, {"artist": "Daniel Ljunggren", "availability": ["paper"], "borderColor": "black", "colorIdentity": ["W"], "colors": ["W"], "convertedManaCost": 1.0, "edhrecRank": 8353, "finishes": ["foil"], "flavorText": "ゼンディカーでは、今日の草原は明日の密林であり、狩場も天気と同じぐらいにすぐ変わってしまう。", "foreignData": [{"flavorText": "ゼンディカーでは、今日の草原は明日の密林であり、狩場も天気と同じぐらいにすぐ変わってしまう。", "language": "Japanese", "name": "壌土のライオン", "text": "壌土のライオンは、あなたが森をコントロールしているかぎり＋１/＋２の修整を受ける。", "type": "クリーチャー — 猫"}], "frameVersion": "2003", "hasFoil": true, "hasNonFoil": false, "identifiers": {"mcmId": "245062", "mtgjsonV4Id": "5e869641-5627-5231-bdb7-832f9330d28b", "scryfallId": "a70c4952-9daf-4824-88ed-fad50753a30f", "scryfallIllustrationId": "1152dfa2-2153-4930-b27c-5eb187ce5361", "scryfallOracleId": "18961e25-3feb-4dba-a77f-240a4d664ecb", "tcgplayerProductId": "206664"}, "isPromo": true, "isReprint": true, "isStarter": true, "language": "Japanese", "layout": "normal", "legalities": {"commander": "Legal", "duel": "Legal", "legacy": "Legal", "modern": "Legal", "paupercommander": "Restricted", "penny": "Legal", "vintage": "Legal"}, "manaCost": "{W}", "manaValue": 1.0, "name": "Loam Lion", "number": "13★", "originalReleaseDate": "2010-02-10", "power": "1", "printings": ["DDH", "PRES", "WWK"], "promoTypes": ["instore"], "purchaseUrls": {"tcgplayer": "https://mtgjson.com/links/6e910e317ff02e3f"}, "rarity": "uncommon", "rulings": [{"date": "2010-03-01", "text": "Loam Lion either gets +1/+2 or it doesn’t. It doesn’t get the bonus for each Forest you control."}], "setCode": "PRES", "subtypes": ["Cat"], "supertypes": [], "text": "Loam Lion gets +1/+2 as long as you control a Forest.", "toughness": "1", "type": "Creature — Cat", "types": ["Creature"], "uuid": "94c1b805-e238-5175-a3ca-865a8048c8ae", "watermark": "colorpie"}, {"artist": "Zoltan Boros & Gabor Szikszai", "availability": ["paper"], "borderColor": "black", "colorIdentity": ["W"], "colors": ["W"], "convertedManaCost": 6.0, "edhrecRank": 1158, "finishes": ["foil"], "foreignData": [], "frameVersion": "2015", "hasFoil": true, "hasNonFoil": false, "identifiers": {"cardKingdomFoilId": "206543", "cardsphereId": "38478", "mcmId": "294001", "mcmMetaId": "10768", "mtgjsonV4Id": "ae5ed6cf-7a5e-56c9-a71d-098aa0ecfdd1", "scryfallId": "78769295-e1e3-4bd7-9ece-b60e124efbba", "scryfallIllustrationId": "9dd86f23-8fa6-4f59-a651-515790e77cef", "scryfallOracleId": "5ae3cbb9-9f0c-4077-ae7c-fba660d7fb4b", "tcgplayerProductId": "122169"}, "isPromo": true, "isReprint": true, "isStarter": true, "keywords": ["Lifelink", "Vigilance"], "language": "English", "layout": "normal", "legalities": {"commander": "Legal", "duel": "Legal", "legacy": "Legal", "modern": "Legal", "penny": "Legal", "pioneer": "Legal", "vintage": "Legal"}, "manaCost": "{4}{W}{W}", "manaValue": 6.0, "name": "Felidar Sovereign", "number": "26", "originalReleaseDate": "2016-08-01", "power": "4", "printings": ["BFZ", "MB1", "PBFZ", "PRES", "ZEN"], "promoTypes": ["instore"], "purchaseUrls": {"cardKingdomFoil": "https://mtgjson.com/links/cfea4e3b56b91cc4", "cardmarket": "https://mtgjson.com/links/8465ef11fac253f7", "tcgplayer": "https://mtgjson.com/links/4f4cbc23db481ef3"}, "rarity": "rare", "rulings": [{"date": "2015-08-25", "text": "Felidar Sovereign’s triggered ability checks to see if you have 40 or more life as your upkeep begins. If you don’t, the ability won’t trigger at all. If you do, the ability will check again as it tries to resolve. If you don’t have 40 or more life at that time, the ability won’t do anything."}, {"date": "2015-08-25", "text": "In a Two-Headed Giant game, your life total is the same as your team’s life total. As such, the ability triggers if your team has 40 or more life."}], "securityStamp": "oval", "setCode": "PRES", "subtypes": ["Cat", "Beast"], "supertypes": [], "text": "Vigilance, lifelink\nAt the beginning of your upkeep, if you have 40 or more life, you win the game.", "toughness": "6", "type": "Creature — Cat Beast", "types": ["Creature"], "uuid": "2511672e-2e21-5894-94ee-6c7d8ad434b0", "watermark": "colorpie"}, {"artist": "David Palumbo", "availability": ["paper"], "borderColor": "black", "colorIdentity": ["W"], "colors": ["W"], "convertedManaCost": 5.0, "edhrecRank": 2547, "finishes": ["foil"], "flavorText": "\"Let the points of our lances lead the way.\"", "foreignData": [], "frameVersion": "2015", "hasFoil": true, "hasNonFoil": false, "identifiers": {"cardKingdomFoilId": "213387", "cardsphereId": "51009", "mcmId": "313949", "mcmMetaId": "222992", "mtgjsonV4Id": "59410c8a-bc37-5259-ac7c-7e8dd273c580", "scryfallId": "fe8cce2d-621a-4d43-9b2a-849d92053624", "scryfallIllustrationId": "dcfaacd7-01bb-4833-989e-348df6ca3240", "scryfallOracleId": "58b349ec-9987-4832-a8f3-8e92027ea75b", "tcgplayerProductId": "129536"}, "isPromo": true, "isReprint": true, "isStarter": true, "keywords": ["First strike"], "language": "English", "layout": "normal", "legalities": {"commander": "Legal", "duel": "Legal", "legacy": "Legal", "modern": "Legal", "penny": "Legal", "pioneer": "Legal", "vintage": "Legal"}, "manaCost": "{3}{W}{W}", "manaValue": 5.0, "name": "Thalia's Lancers", "number": "47", "originalReleaseDate": "2017-02-01", "power": "4", "printings": ["EMN", "MB1", "PEMN", "PRES"], "promoTypes": ["instore"], "purchaseUrls": {"cardKingdomFoil": "https://mtgjson.com/links/3277acbacff5cc22", "cardmarket": "https://mtgjson.com/links/daa3a3f95c1e389e", "tcgplayer": "https://mtgjson.com/links/c9ebcf63dceb89b7"}, "rarity": "rare", "rulings": [], "securityStamp": "oval", "setCode": "PRES", "subtypes": ["Human", "Knight"], "supertypes": [], "text": "First strike\nWhen Thalia's Lancers enters the battlefield, you may search your library for a legendary card, reveal it, put it into your hand, then shuffle.", "toughness": "4", "type": "Creature — Human Knight", "types": ["Creature"], "uuid": "ec0a98e9-1460-50dd-9d80-e25901142c59", "watermark": "colorpie"}, {"artist": "Christine Choi", "availability": ["paper"], "borderColor": "black", "colorIdentity": ["U"], "colors": ["U"], "convertedManaCost": 4.0, "edhrecRank": 2970, "finishes": ["foil"], "flavorText": "To consult a sphinx is a test in patience. Perhaps that's the point.", "foreignData": [], "frameVersion": "2015", "hasFoil": true, "hasNonFoil": false, "identifiers": {"cardKingdomFoilId": "222380", "cardsphereId": "59686", "mcmId": "370213", "mcmMetaId": "225339", "mtgjsonV4Id": "52611ae2-94e7-5a30-9c53-2e0a52465845", "scryfallId": "875a775c-2c90-4944-9b1c-643b1dc38b65", "scryfallIllustrationId": "7b599d11-8462-4df9-bc88-94c09a4766cc", "scryfallOracleId": "04858b93-0a2a-44d0-942d-7fadf589cbb7", "tcgplayerProductId": "179080"}, "isPromo": true, "isReprint": true, "isStarter": true, "keywords": ["Cycling", "Flying", "Scry"], "language": "English", "layout": "normal", "legalities": {"commander": "Legal", "duel": "Legal", "explorer": "Legal", "gladiator": "Legal", "historic": "Legal", "historicbrawl": "Legal", "legacy": "Legal", "modern": "Legal", "pioneer": "Legal", "vintage": "Legal"}, "manaCost": "{2}{U}{U}", "manaValue": 4.0, "name": "Curator of Mysteries", "number": "49", "originalReleaseDate": "2017-07-01", "power": "4", "printings": ["AFC", "AKH", "AKR", "C20", "PAKH", "PRES"], "promoTypes": ["instore"], "purchaseUrls": {"cardKingdomFoil": "https://mtgjson.com/links/6b5f7697737ae005", "cardmarket": "https://mtgjson.com/links/4d5c61bc2dce766e", "tcgplayer": "https://mtgjson.com/links/42c55607e019aa49"}, "rarity": "rare", "rulings": [{"date": "2017-04-18", "text": "Some cards have an ability that triggers whenever you cycle any card. These triggered abilities resolve before you draw from the cycling ability."}, {"date": "2017-04-18", "text": "An ability that triggers whenever you discard a card doesn't give you permission to discard cards. You'll need another effect that instructs or allows you to discard them."}, {"date": "2017-04-18", "text": "An ability that triggers whenever you “cycle or discard” a card triggers only once if you cycle a card. The ability “Whenever you discard a card” is functionally identical to this ability; cycling is mentioned for clarity."}, {"date": "2017-04-18", "text": "If a player discards a card during their cleanup step due to having too many cards in hand, any appropriate abilities that trigger on discarding that card trigger. If this happens, those triggered abilities are put onto the stack and players receive priority in that cleanup step to cast spells or activate abilities (normally, no players may take actions during a cleanup step). Another cleanup step is created following that one."}], "securityStamp": "oval", "setCode": "PRES", "subtypes": ["Sphinx"], "supertypes": [], "text": "Flying\nWhenever you cycle or discard another card, scry 1.\nCycling {U} ({U}, Discard this card: Draw a card.)", "toughness": "4", "type": "Creature — Sphinx", "types": ["Creature"], "uuid": "1116277c-64c8-5957-bc90-3eb22f211f65", "watermark": "colorpie"}, {"artist": "Raymond Swanland", "availability": ["paper"], "borderColor": "black", "colorIdentity": ["R"], "colors": ["R"], "convertedManaCost": 6.0, "edhrecRank": 234, "finishes": ["foil"], "flavorText": "The storm rages and the earth breaks.", "foreignData": [], "frameVersion": "2015", "hasFoil": true, "hasNonFoil": false, "identifiers": {"cardKingdomFoilId": "221379", "cardsphereId": "57677", "mcmId": "369721", "mcmMetaId": "236112", "mtgjsonV4Id": "f858d2d2-094b-5058-a467-f72c17efff81", "scryfallId": "73060667-df78-4db7-a75e-9d3036010d39", "scryfallIllustrationId": "a32e3b92-e0b6-47c9-a5a1-ed9c8e568e96", "scryfallOracleId": "078def07-ae5d-4591-8db6-d156834aab97", "tcgplayerProductId": "173945"}, "isPromo": true, "isReprint": true, "isStarter": true, "language": "English", "layout": "normal", "leadershipSkills": {"brawl": false, "commander": true, "oathbreaker": false}, "legalities": {"commander": "Legal", "duel": "Legal", "explorer": "Legal", "gladiator": "Legal", "historic": "Legal", "historicbrawl": "Legal", "legacy": "Legal", "modern": "Legal", "penny": "Legal", "pioneer": "Legal", "vintage": "Legal"}, "manaCost": "{4}{R}{R}", "manaValue": 6.0, "name": "Etali, Primal Storm", "number": "100", "originalReleaseDate": "2018-03-01", "power": "6", "printings": ["AFC", "C20", "C21", "JMP", "NCC", "PRES", "PRIX", "RIX", "TSR"], "promoTypes": ["instore"], "purchaseUrls": {"cardKingdomFoil": "https://mtgjson.com/links/a0ccb0a8d0233d41", "cardmarket": "https://mtgjson.com/links/16a5d2a139b83c3f", "tcgplayer": "https://mtgjson.com/links/6de7ab7a94c74f52"}, "rarity": "rare", "rulings": [{"date": "2021-03-19", "text": "If you cast any of the exiled cards, you do so as part of the resolution of the triggered ability. You can't wait to cast them later in the turn. Timing permissions based on a card's type are ignored, and the spells resolve before blockers are declared."}, {"date": "2021-03-19", "text": "If you cast a card “without paying its mana cost,” you can't pay any alternative costs. You can, however, pay additional costs. If the card has any mandatory additional costs, those must be paid to cast the card."}, {"date": "2021-03-19", "text": "If an exiled card has {X} in its mana cost, you must choose 0 as the value of X when casting it without paying its mana cost."}, {"date": "2021-03-19", "text": "If you cast more than one of the exiled cards, you choose the order in which to cast them. A spell you cast this way can be the target of a later spell you cast this way. However, permanent spells cast this way won't resolve until you're done casting spells, so the permanents they become can't be the target of spells cast this way. For example, if you exile Twincast and Lightning Strike, you can cast Lightning Strike and then cast Twincast targeting it; but if you exile a creature card and an Aura card, you can't cast that Aura targeting that creature."}, {"date": "2021-03-19", "text": "Any cards not cast, including land cards, remain in exile. They can't be cast on later turns, even if Etali attacks again."}, {"date": "2021-03-19", "text": "Because all attacking creatures are chosen at once, a creature cast this way can't attack during the same combat as Etali, even if it has haste."}, {"date": "2021-03-19", "text": "In a multiplayer game, if a player leaves the game, all cards that player owns leave as well. If you leave the game, any spells or permanents you control from Etali's ability are exiled."}], "securityStamp": "oval", "setCode": "PRES", "subtypes": ["Elder", "Dinosaur"], "supertypes": ["Legendary"], "text": "Whenever Etali, Primal Storm attacks, exile the top card of each player's library, then you may cast any number of spells from among those cards without paying their mana costs.", "toughness": "6", "type": "Legendary Creature — Elder Dinosaur", "types": ["Creature"], "uuid": "37596eb0-4df3-509b-9fd6-ec7b6aec1fe7", "watermark": "colorpie"}, {"artist": "Matt Stewart", "availability": ["paper"], "borderColor": "black", "colorIdentity": ["G"], "colors": ["G"], "convertedManaCost": 4.0, "edhrecRank": 118, "finishes": ["foil"], "flavorText": "\"The tiniest mouse speaks louder to me than all the festival crowds on Tin Street.\"", "foreignData": [], "frameVersion": "2015", "hasFoil": true, "hasNonFoil": false, "identifiers": {"cardKingdomFoilId": "226719", "cardsphereId": "62120", "mcmId": "396367", "mcmMetaId": "265292", "mtgjsonV4Id": "7c31ff05-f7af-5db2-89b5-07affcb6edcf", "scryfallId": "6c01d2a9-5ac5-439a-9596-29ffd611aecd", "scryfallIllustrationId": "2c03d938-71fe-45ea-b2d7-e149ddd1bb52", "scryfallOracleId": "5da7eea8-bb9e-47ce-a554-8a1ee058bd7a", "tcgplayerProductId": "195017"}, "isPromo": true, "isReprint": true, "isStarter": true, "language": "English", "layout": "normal", "legalities": {"commander": "Legal", "duel": "Legal", "explorer": "Legal", "gladiator": "Legal", "historic": "Legal", "historicbrawl": "Legal", "legacy": "Legal", "modern": "Legal", "penny": "Legal", "pioneer": "Legal", "vintage": "Legal"}, "manaCost": "{2}{G}{G}", "manaValue": 4.0, "name": "Beast Whisperer", "number": "123", "originalReleaseDate": "2019-07-01", "power": "2", "printings": ["C20", "GRN", "KHC", "PGRN", "PRES", "TSR"], "promoTypes": ["instore"], "purchaseUrls": {"cardKingdomFoil": "https://mtgjson.com/links/05f16937fe503cb1", "cardmarket": "https://mtgjson.com/links/523179624ec48adc", "tcgplayer": "https://mtgjson.com/links/eeab3e45e35230f2"}, "rarity": "rare", "rulings": [{"date": "2021-03-19", "text": "An ability that triggers when a player casts a spell resolves before the spell that caused it to trigger. It resolves even if that spell is countered."}], "securityStamp": "oval", "setCode": "PRES", "subtypes": ["Elf", "Druid"], "supertypes": [], "text": "Whenever you cast a creature spell, draw a card.", "toughness": "3", "type": "Creature — Elf Druid", "types": ["Creature"], "uuid": "857618a8-7f5f-5a1f-8435-b210a8e8250c", "watermark": "colorpie"}, {"artist": "Mathias Kollros", "availability": ["paper"], "borderColor": "black", "colorIdentity": ["G"], "colors": ["G"], "convertedManaCost": 8.0, "edhrecRank": 812, "finishes": ["foil"], "flavorText": "\"Smash this city to pieces.\"\n—Domri Rade", "foreignData": [], "frameVersion": "2015", "hasFoil": true, "hasNonFoil": false, "identifiers": {"cardKingdomFoilId": "243832", "cardsphereId": "76100", "mcmId": "577429", "mcmMetaId": "267557", "mtgjsonV4Id": "0d1f7ff1-2888-5171-9de5-7dc1f8a0d26c", "scryfallId": "26dda691-4f9b-414c-8220-d6bf1af04d97", "scryfallIllustrationId": "20b8c878-b2d0-4b16-b078-a2dac51b32f4", "scryfallOracleId": "69b52907-8aff-4f2a-a391-7d1ab2669b5c", "tcgplayerProductId": "255921"}, "isPromo": true, "isReprint": true, "isStarter": true, "keywords": ["Haste", "Trample", "Vigilance"], "language": "English", "layout": "normal", "legalities": {"commander": "Legal", "duel": "Legal", "explorer": "Legal", "gladiator": "Legal", "historic": "Legal", "historicbrawl": "Legal", "legacy": "Legal", "modern": "Legal", "penny": "Legal", "pioneer": "Legal", "vintage": "Legal"}, "manaCost": "{5}{G}{G}{G}", "manaValue": 8.0, "name": "End-Raze Forerunners", "number": "124", "originalReleaseDate": "2021-12-08", "power": "7", "printings": ["KHC", "PRES", "PRNA", "RNA"], "promoTypes": ["instore"], "purchaseUrls": {"cardKingdomFoil": "https://mtgjson.com/links/c8f0a4b7f7216d54", "cardmarket": "https://mtgjson.com/links/ea2a11516a25d2ae", "tcgplayer": "https://mtgjson.com/links/686bdf9a4532a087"}, "rarity": "rare", "rulings": [{"date": "2019-01-25", "text": "The triggered ability of End-Raze Forerunners affects only creatures you control at the time it resolves. Creatures you begin to control later in the turn won’t get +2/+2 or gain vigilance or trample."}], "securityStamp": "oval", "setCode": "PRES", "subtypes": ["Boar"], "supertypes": [], "text": "Vigilance, trample, haste\nWhen End-Raze Forerunners enters the battlefield, other creatures you control get +2/+2 and gain vigilance and trample until end of turn.", "toughness": "7", "type": "Creature — Boar", "types": ["Creature"], "uuid": "c5265047-f0fb-5619-8be7-20a1e7a7e0e4", "watermark": "colorpie"}, {"artist": "Lie Setiawan", "availability": ["paper"], "borderColor": "black", "colorIdentity": ["B"], "colors": ["B"], "convertedManaCost": 3.0, "edhrecRank": 450, "finishes": ["foil"], "flavorText": "\"Through the blood of the wicked, we shall be redeemed. Let us pray.\"", "foreignData": [], "frameEffects": ["legendary"], "frameVersion": "2015", "hasFoil": true, "hasNonFoil": false, "identifiers": {"cardKingdomFoilId": "252306", "cardsphereId": "82869", "mcmId": "656599", "mcmMetaId": "306899", "mtgjsonV4Id": "b59e3d05-e55f-5862-a545-aff21c02d280", "scryfallId": "2415707c-2b0a-4d4c-a9a0-2a6dca69589b", "scryfallIllustrationId": "db7fd6da-2e7e-4bd8-9b4c-d48e53c903a6", "scryfallOracleId": "7336a541-3ae9-4ab2-acb8-f574c0a5b3a9", "tcgplayerProductId": "251182"}, "isPromo": true, "isReprint": true, "isStarter": true, "language": "English", "layout": "normal", "leadershipSkills": {"brawl": false, "commander": true, "oathbreaker": false}, "legalities": {"commander": "Legal", "duel": "Legal", "explorer": "Legal", "gladiator": "Legal", "historic": "Legal", "historicbrawl": "Legal", "legacy": "Legal", "modern": "Legal", "pioneer": "Legal", "vintage": "Legal"}, "manaCost": "{2}{B}", "manaValue": 3.0, "name": "Vito, Thorn of the Dusk Rose", "number": "127", "originalReleaseDate": "2021-10-01", "power": "1", "printings": ["M21", "PM21", "PPRO", "PRES", "PRM"], "promoTypes": ["instore"], "purchaseUrls": {"cardKingdomFoil": "https://mtgjson.com/links/fc9879d9d7bca687", "cardmarket": "https://mtgjson.com/links/c804a61639543632", "tcgplayer": "https://mtgjson.com/links/d6e21d332b96ef30"}, "rarity": "rare", "rulings": [{"date": "2020-06-23", "text": "Because Vito’s first ability doesn’t deal damage, you won’t gain life when it resolves if Vito has lifelink."}, {"date": "2020-06-23", "text": "If an ability triggers whenever an opponent loses life and causes you to gain life, such as the ability of Exquisite Blood, this will loop until either you win the game or a player takes an action to break the loop."}, {"date": "2020-06-23", "text": "Each creature with lifelink dealing combat damage causes a separate life-gaining event. For example, if two creatures you control with lifelink deal combat damage at the same time, Vito’s first ability will trigger twice and you may choose a different opponent for each trigger. However, if a single creature you control with lifelink deals combat damage to multiple creatures, players, and/or planeswalkers at the same time (perhaps because it has trample or was blocked by more than one creature), the ability will trigger only once."}, {"date": "2020-06-23", "text": "If you gain an amount of life “for each” of something, that life is gained as one event and Vito’s first ability triggers only once."}, {"date": "2020-06-23", "text": "In a Two-Headed Giant game, life gained by your teammate won’t cause the ability to trigger, even though it caused your team’s life total to increase."}], "securityStamp": "oval", "setCode": "PRES", "subtypes": ["Vampire", "Cleric"], "supertypes": ["Legendary"], "text": "Whenever you gain life, target opponent loses that much life.\n{3}{B}{B}: Creatures you control gain lifelink until end of turn.", "toughness": "3", "type": "Legendary Creature — Vampire Cleric", "types": ["Creature"], "uuid": "a2b9c221-d541-5da1-aee4-7e234b3b4627", "watermark": "colorpie"}, {"artist": "Chris Rahn", "availability": ["paper"], "borderColor": "black", "colorIdentity": ["R"], "colors": ["R"], "convertedManaCost": 4.0, "edhrecRank": 5154, "finishes": ["foil"], "foreignData": [], "frameVersion": "2015", "hasFoil": true, "hasNonFoil": false, "identifiers": {"cardKingdomFoilId": "246063", "cardsphereId": "77419", "mcmId": "577430", "mcmMetaId": "281739", "mtgjsonV4Id": "ef1a8737-af52-537f-847c-1a641d6398f1", "scryfallId": "178de277-b8d0-48b1-b663-bce1ff23d060", "scryfallIllustrationId": "3aa4a647-117c-4abf-b1e8-39e17354ba27", "scryfallOracleId": "46f46bdd-52b8-436f-9a39-f5360a84b2cd", "tcgplayerProductId": "237629"}, "isPromo": true, "isReprint": true, "isStarter": true, "keywords": ["Flying"], "language": "English", "layout": "normal", "legalities": {"commander": "Legal", "duel": "Legal", "explorer": "Legal", "gladiator": "Legal", "historic": "Legal", "historicbrawl": "Legal", "legacy": "Legal", "modern": "Legal", "penny": "Legal", "pioneer": "Legal", "vintage": "Legal"}, "manaCost": "{2}{R}{R}", "manaValue": 4.0, "name": "Opportunistic Dragon", "number": "133", "originalReleaseDate": "2020-05-15", "power": "4", "printings": ["AFC", "ELD", "PELD", "PRES"], "promoTypes": ["instore"], "purchaseUrls": {"cardKingdomFoil": "https://mtgjson.com/links/f593612c912a371e", "cardmarket": "https://mtgjson.com/links/ece3d80bc6ce1eb4", "tcgplayer": "https://mtgjson.com/links/bf3e700d6ddecf7f"}, "rarity": "rare", "rulings": [{"date": "2019-10-04", "text": "If Opportunistic Dragon leaves the battlefield before its triggered ability resolves, your opponent keeps control of their Human or artifact, it doesn't lose any abilities, and it can still attack or block as normal. You don't gain control of it at all."}, {"date": "2019-10-04", "text": "Opportunistic Dragon's effect doesn't expire if another player gains control of it or if it loses all abilities. The effect only expires once it's no longer on the battlefield."}, {"date": "2019-10-04", "text": "If another player gains control of the permanent Opportunistic Dragon has kidnapped, that permanent doesn't regain its abilities and still can't attack or block."}, {"date": "2019-10-04", "text": "If the stolen permanent normally has any abilities that would trigger when Opportunistic Dragon dies, those abilities won't trigger."}], "securityStamp": "oval", "setCode": "PRES", "subtypes": ["Dragon"], "supertypes": [], "text": "Flying\nWhen Opportunistic Dragon enters the battlefield, choose target Human or artifact an opponent controls. For as long as Opportunistic Dragon remains on the battlefield, gain control of that permanent, it loses all abilities, and it can't attack or block.", "toughness": "3", "type": "Creature — Dragon", "types": ["Creature"], "uuid": "c9e83610-5ca6-5bd7-9a78-6a99eac45942", "watermark": "colorpie"}, {"artist": "Igor Kieryluk", "availability": ["paper"], "borderColor": "black", "colorIdentity": ["R"], "colors": ["R"], "convertedManaCost": 4.0, "edhrecRank": 1818, "finishes": ["foil"], "foreignData": [], "frameEffects": ["legendary"], "frameVersion": "2015", "hasFoil": true, "hasNonFoil": false, "identifiers": {"cardKingdomFoilId": "243616", "cardsphereId": "75424", "mcmId": "577432", "mcmMetaId": "269312", "mtgjsonV4Id": "192f06a3-65c0-5f8f-b21a-583475ded3c9", "scryfallId": "838425d1-7486-46af-926f-d8ef7f753db4", "scryfallIllustrationId": "88192763-a751-4e51-9a14-46bc8eaf3e89", "scryfallOracleId": "ed8e9a2e-5fb8-4f39-b954-dbcbc96d909f", "tcgplayerProductId": "233822"}, "isPromo": true, "isReprint": true, "isStarter": true, "keywords": ["Trample"], "language": "English", "layout": "normal", "leadershipSkills": {"brawl": false, "commander": true, "oathbreaker": false}, "legalities": {"commander": "Legal", "duel": "Legal", "explorer": "Legal", "gladiator": "Legal", "historic": "Legal", "historicbrawl": "Legal", "legacy": "Legal", "modern": "Legal", "penny": "Legal", "pioneer": "Legal", "vintage": "Legal"}, "manaCost": "{2}{R}{R}", "manaValue": 4.0, "name": "Neheb, Dreadhorde Champion", "number": "140", "originalReleaseDate": "2021-04-01", "power": "5", "printings": ["PRES", "PWAR", "WAR"], "promoTypes": ["instore"], "purchaseUrls": {"cardKingdomFoil": "https://mtgjson.com/links/beec2060b06bf906", "cardmarket": "https://mtgjson.com/links/2b34a6cda698f688", "tcgplayer": "https://mtgjson.com/links/2deb75787b3c1eee"}, "rarity": "rare", "rulings": [{"date": "2019-05-03", "text": "Other effects may cause you to draw more or fewer cards than the number of cards you discarded. In these cases, the amount of mana you add is equal to the number of cards you discarded, not the number of cards you drew."}], "securityStamp": "oval", "setCode": "PRES", "subtypes": ["Zombie", "Minotaur", "Warrior"], "supertypes": ["Legendary"], "text": "Trample\nWhenever Neheb, Dreadhorde Champion deals combat damage to a player or planeswalker, you may discard any number of cards. If you do, draw that many cards and add that much {R}. Until end of turn, you don't lose this mana as steps and phases end.", "toughness": "4", "type": "Legendary Creature — Zombie Minotaur Warrior", "types": ["Creature"], "uuid": "a33617a1-043a-5ba0-9ccd-0f40765fd33e", "watermark": "colorpie"}, {"artist": "Sam Wood", "availability": ["paper"], "borderColor": "black", "colorIdentity": ["R"], "colors": ["R"], "convertedManaCost": 3.0, "edhrecRank": 2173, "finishes": ["foil"], "flavorText": "\"We are goblinkind, heirs to the mountain empires of chieftains past. Rest is death to us, and arson is our call to war.\"", "foreignData": [], "frameVersion": "2003", "hasFoil": true, "hasNonFoil": false, "identifiers": {"mcmId": "260409", "mtgjsonV4Id": "103b1a2e-822e-5eca-864a-f87b8ba97995", "scryfallId": "42673eb6-f4d0-4c80-b8cf-8322f5382bd8", "scryfallIllustrationId": "afc0b63c-b912-4ca6-b9c8-0f2c659bd7c8", "scryfallOracleId": "368b4052-174e-4458-a6e6-eaf8093aa0fe", "tcgplayerProductId": "206662"}, "isPromo": true, "isReprint": true, "isStarter": true, "keywords": ["Haste"], "language": "Japanese", "layout": "normal", "legalities": {"commander": "Legal", "duel": "Legal", "gladiator": "Legal", "historic": "Legal", "historicbrawl": "Legal", "legacy": "Legal", "modern": "Legal", "penny": "Legal", "vintage": "Legal"}, "manaCost": "{1}{R}{R}", "manaValue": 3.0, "name": "Goblin Chieftain", "number": "141★", "originalReleaseDate": "2010-07-16", "power": "2", "printings": ["DDT", "JMP", "M10", "M11", "M12", "PLIST", "PRES"], "promoTypes": ["instore"], "purchaseUrls": {"tcgplayer": "https://mtgjson.com/links/004671ce05887b0f"}, "rarity": "rare", "rulings": [], "setCode": "PRES", "subtypes": ["Goblin"], "supertypes": [], "text": "Haste (This creature can attack and {T} as soon as it comes under your control.)\nOther Goblin creatures you control get +1/+1 and have haste.", "toughness": "2", "type": "Creature — Goblin", "types": ["Creature"], "uuid": "4fbdeab7-48b7-564e-9863-2d3c91ed27ae", "watermark": "colorpie"}, {"artist": "Chris Rahn", "availability": ["paper"], "borderColor": "black", "colorIdentity": ["G"], "colors": ["G"], "convertedManaCost": 4.0, "edhrecRank": 10257, "finishes": ["foil"], "foreignData": [], "frameVersion": "2015", "hasFoil": true, "hasNonFoil": false, "identifiers": {"cardKingdomFoilId": "215244", "cardsphereId": "51743", "mcmId": "313950", "mcmMetaId": "223688", "mtgjsonV4Id": "44d968ed-df20-5637-8e05-612e8a83820f", "scryfallId": "0d5c00e5-dcde-4650-8cce-9f6d9aa8fb95", "scryfallIllustrationId": "1706c503-8a79-4846-90c9-5ae1fe36fd42", "scryfallOracleId": "b3b23c58-0b7a-4fe4-a8e8-5320a7605724", "tcgplayerProductId": "145811"}, "isPromo": true, "isReprint": true, "isStarter": true, "language": "English", "layout": "normal", "legalities": {"commander": "Legal", "duel": "Legal", "explorer": "Legal", "gladiator": "Legal", "historic": "Legal", "historicbrawl": "Legal", "legacy": "Legal", "modern": "Legal", "penny": "Legal", "pioneer": "Legal", "vintage": "Legal"}, "manaCost": "{2}{G}{G}", "manaValue": 4.0, "name": "Bristling Hydra", "number": "147", "originalReleaseDate": "2017-08-01", "power": "4", "printings": ["KLD", "KLR", "PKLD", "PRES"], "promoTypes": ["instore"], "purchaseUrls": {"cardKingdomFoil": "https://mtgjson.com/links/1484f99dd0e12071", "cardmarket": "https://mtgjson.com/links/2b0b3eb38dbf58a4", "tcgplayer": "https://mtgjson.com/links/e42023d2da82f0f3"}, "rarity": "rare", "rulings": [{"date": "2017-02-09", "text": "{E} is the energy symbol. It represents one energy counter."}, {"date": "2017-02-09", "text": "Energy counters are a kind of counter that a player may have. They're not associated with specific permanents. (Other kinds of counters that players may have include poison and experience.)"}, {"date": "2017-02-09", "text": "Keep careful track of how many energy counters each player has. You may do so by keeping a running count on paper, by using a die, or by any other clear and mutually agreeable method."}, {"date": "2017-02-09", "text": "If an effect says you get one or more {E}, you get that many energy counters. To pay one or more {E}, you lose that many energy counters. Any effects that interact with counters a player gets, has, or loses can interact with energy counters."}, {"date": "2017-02-09", "text": "Energy counters aren't mana. They don't go away as steps, phases, and turns end, and effects that add mana “of any type” to your mana pool can't give you energy counters."}, {"date": "2017-02-09", "text": "You can't pay more energy counters than you have."}], "securityStamp": "oval", "setCode": "PRES", "subtypes": ["Hydra"], "supertypes": [], "text": "When Bristling Hydra enters the battlefield, you get {E}{E}{E} (three energy counters).\nPay {E}{E}{E}: Put a +1/+1 counter on Bristling Hydra. It gains hexproof until end of turn.", "toughness": "3", "type": "Creature — Hydra", "types": ["Creature"], "uuid": "a7d82a08-b08f-5212-8584-794915960a31", "watermark": "colorpie"}, {"artist": "Karl Kopinski", "availability": ["paper"], "borderColor": "black", "colorIdentity": ["G", "R"], "colors": ["G", "R"], "convertedManaCost": 7.0, "edhrecRank": 1286, "finishes": ["foil"], "flavorText": "\"Her hunger knows no limit. Left unchecked, she would feast on all of Tarkir.\"\n—Yasova Dragonclaw", "foreignData": [], "frameVersion": "2015", "hasFoil": true, "hasNonFoil": false, "identifiers": {"cardKingdomFoilId": "204857", "cardsphereId": "38475", "mcmId": "293999", "mcmMetaId": "210757", "mtgjsonV4Id": "d358bd88-14b9-510a-9d97-f3691efb8ec0", "scryfallId": "27598560-0279-439b-94f5-f42d6422fb5e", "scryfallIllustrationId": "a304e69d-64fb-43a7-9467-807de7f5da7c", "scryfallOracleId": "c0b3bbce-977c-42a9-afcb-dabdfc717c97", "tcgplayerProductId": "110259"}, "isPromo": true, "isReprint": true, "isStarter": true, "keywords": ["Flying", "Trample"], "language": "English", "layout": "normal", "leadershipSkills": {"brawl": false, "commander": true, "oathbreaker": false}, "legalities": {"commander": "Legal", "duel": "Legal", "legacy": "Legal", "modern": "Legal", "pioneer": "Legal", "vintage": "Legal"}, "manaCost": "{5}{R}{G}", "manaValue": 7.0, "name": "Atarka, World Render", "number": "149", "originalReleaseDate": "2015-08-01", "power": "6", "printings": ["AFC", "C17", "FRF", "PFRF", "PRES"], "promoTypes": ["instore"], "purchaseUrls": {"cardKingdomFoil": "https://mtgjson.com/links/93dd475dab456d49", "cardmarket": "https://mtgjson.com/links/142c0c4a8580bf4d", "tcgplayer": "https://mtgjson.com/links/8519fd87d5d5277f"}, "rarity": "rare", "rulings": [], "securityStamp": "oval", "setCode": "PRES", "subtypes": ["Dragon"], "supertypes": ["Legendary"], "text": "Flying, trample\nWhenever a Dragon you control attacks, it gains double strike until end of turn.", "toughness": "4", "type": "Legendary Creature — Dragon", "types": ["Creature"], "uuid": "492067c4-f389-59e2-8df1-234b3072d1f2", "watermark": "colorpie"}, {"artist": "Alex Konstad", "availability": ["paper"], "borderColor": "black", "colorIdentity": ["R"], "colors": ["R"], "convertedManaCost": 6.0, "edhrecRank": 1308, "finishes": ["foil"], "foreignData": [], "frameEffects": ["legendary"], "frameVersion": "2015", "hasFoil": true, "hasNonFoil": false, "identifiers": {"cardKingdomFoilId": "223973", "cardsphereId": "62119", "mcmId": "371942", "mcmMetaId": "263247", "mtgjsonV4Id": "2fae6acb-a9c6-5ed1-8398-7666e130452b", "scryfallId": "d3bbaa00-71c3-4470-9576-cf724ae9d0fb", "scryfallIllustrationId": "81d46a79-6cc8-4ba5-8a11-cca6dc0179fd", "scryfallOracleId": "15fef45d-f1a9-49b2-abaa-fe77bb9d1afd", "tcgplayerProductId": "186431"}, "isPromo": true, "isReprint": true, "isStarter": true, "keywords": ["Flying"], "language": "English", "layout": "normal", "leadershipSkills": {"brawl": false, "commander": true, "oathbreaker": false}, "legalities": {"commander": "Legal", "duel": "Legal", "explorer": "Legal", "gladiator": "Legal", "historic": "Legal", "historicbrawl": "Legal", "legacy": "Legal", "modern": "Legal", "penny": "Legal", "pioneer": "Legal", "vintage": "Legal"}, "manaCost": "{4}{R}{R}", "manaValue": 6.0, "name": "Lathliss, Dragon Queen", "number": "149*", "originalReleaseDate": "2018-07-01", "power": "6", "printings": ["GN2", "JMP", "M19", "PM19", "PRES"], "promoTypes": ["instore"], "purchaseUrls": {"cardKingdomFoil": "https://mtgjson.com/links/110c5443d5a1851c", "cardmarket": "https://mtgjson.com/links/fac1d4f378a6c8f3", "tcgplayer": "https://mtgjson.com/links/eee3b1d28244bf56"}, "rarity": "rare", "rulings": [], "securityStamp": "oval", "setCode": "PRES", "subtypes": ["Dragon"], "supertypes": ["Legendary"], "text": "Flying\nWhenever another nontoken Dragon enters the battlefield under your control, create a 5/5 red Dragon creature token with flying.\n{1}{R}: Dragons you control get +1/+0 until end of turn.", "toughness": "6", "type": "Legendary Creature — Dragon", "types": ["Creature"], "uuid": "a53a05c9-d3e1-58a4-b845-596f816e3688", "watermark": "colorpie"}, {"artist": "Chris Rahn", "availability": ["paper"], "borderColor": "black", "colorIdentity": ["G"], "colors": ["G"], "convertedManaCost": 6.0, "edhrecRank": 824, "finishes": ["foil"], "foreignData": [], "frameEffects": ["legendary"], "frameVersion": "2015", "hasFoil": true, "hasNonFoil": false, "identifiers": {"cardKingdomFoilId": "252181", "mcmId": "656600", "mcmMetaId": "300483", "mtgjsonV4Id": "e341779a-ee7d-516e-84a4-617d2515438d", "scryfallId": "6b2f1465-7092-44c0-8141-7e1e175454c7", "scryfallIllustrationId": "02a67af4-a735-4175-b950-8e81ee097acd", "scryfallOracleId": "8b21062e-97b0-4967-96df-30e8309f4fba", "tcgplayerProductId": "251803"}, "isPromo": true, "isReprint": true, "isStarter": true, "keywords": ["Fight"], "language": "English", "layout": "normal", "leadershipSkills": {"brawl": false, "commander": true, "oathbreaker": false}, "legalities": {"commander": "Legal", "duel": "Legal", "explorer": "Legal", "gladiator": "Legal", "historic": "Legal", "historicbrawl": "Legal", "legacy": "Legal", "modern": "Legal", "pioneer": "Legal", "vintage": "Legal"}, "manaCost": "{3}{G}{G}{G}", "manaValue": 6.0, "name": "Kogla, the Titan Ape", "number": "162", "originalReleaseDate": "2021-10-01", "power": "7", "printings": ["IKO", "PIKO", "PRES", "PRM"], "promoTypes": ["instore"], "purchaseUrls": {"cardKingdomFoil": "https://mtgjson.com/links/dba9edafbca02541", "cardmarket": "https://mtgjson.com/links/a47168b671ea79f7", "tcgplayer": "https://mtgjson.com/links/110a4da89be2c7b6"}, "rarity": "rare", "rulings": [{"date": "2020-04-17", "text": "If the target creature is an illegal target when Kogla’s first ability tries to resolve, the ability doesn’t resolve. If it’s a legal target but Kogla is no longer on the battlefield when the ability resolves, the target creature won’t deal or be dealt damage."}, {"date": "2020-04-17", "text": "If the target Human is an illegal target by the time Kogla’s last ability tries to resolve, the ability won’t resolve. Kogla won’t gain indestructible."}], "securityStamp": "oval", "setCode": "PRES", "subtypes": ["Ape"], "supertypes": ["Legendary"], "text": "When Kogla, the Titan Ape enters the battlefield, it fights up to one target creature you don't control.\nWhenever Kogla attacks, destroy target artifact or enchantment defending player controls.\n{1}{G}: Return target Human you control to its owner's hand. Kogla gains indestructible until end of turn.", "toughness": "6", "type": "Legendary Creature — Ape", "types": ["Creature"], "uuid": "31b38ddb-4dd4-54fc-8cd8-bcf6b6f09bd1", "watermark": "colorpie"}, {"artist": "Mathias Kollros", "availability": ["paper"], "borderColor": "black", "colorIdentity": ["G"], "colors": ["G"], "convertedManaCost": 6.0, "edhrecRank": 2534, "finishes": ["foil"], "foreignData": [], "frameEffects": ["legendary"], "frameVersion": "2015", "hasFoil": true, "hasNonFoil": false, "identifiers": {"cardKingdomFoilId": "240070", "cardsphereId": "73084", "mcmId": "548486", "mcmMetaId": "273627", "mtgjsonV4Id": "bc32e8e5-b3d5-5ec9-8c2a-9c7af4ecc105", "scryfallId": "5b5419b4-cdf4-4666-9c72-16c0ef28da13", "scryfallIllustrationId": "b20fcdc1-6a6a-4b03-8bcb-dec1c31cfd62", "scryfallOracleId": "378fcd0f-1096-4769-9149-55b4a889ff56", "tcgplayerProductId": "228891"}, "isPromo": true, "isReprint": true, "isStarter": true, "keywords": ["Fight", "Vigilance"], "language": "English", "layout": "normal", "leadershipSkills": {"brawl": false, "commander": true, "oathbreaker": false}, "legalities": {"commander": "Legal", "duel": "Legal", "explorer": "Legal", "gladiator": "Legal", "historic": "Legal", "historicbrawl": "Legal", "legacy": "Legal", "modern": "Legal", "penny": "Legal", "pioneer": "Legal", "vintage": "Legal"}, "manaCost": "{3}{G}{G}{G}", "manaValue": 6.0, "name": "Gargos, Vicious Watcher", "number": "172", "originalReleaseDate": "2020-12-01", "power": "8", "printings": ["M20", "PM20", "PRES"], "promoTypes": ["instore"], "purchaseUrls": {"cardKingdomFoil": "https://mtgjson.com/links/34d554bd07fe2b5c", "cardmarket": "https://mtgjson.com/links/3ea3179b5aeba781", "tcgplayer": "https://mtgjson.com/links/5e463c21a7908af2"}, "rarity": "rare", "rulings": [{"date": "2019-07-12", "text": "To determine the total cost of a spell, start with the mana cost or alternative cost you’re paying, add any cost increases, then apply any cost reductions (such as that of Gargos). The converted mana cost of the spell remains unchanged, no matter what the total cost to cast it was."}, {"date": "2019-07-12", "text": "Gargos’s cost-reduction ability affects only generic mana in a Hydra’s cost. For example, if you cast a Hydra spell with mana cost {2}{G}{G}{G}, it will cost {G}{G}{G} to cast, not {G}."}, {"date": "2019-07-12", "text": "If a spell has {X} in its mana cost, you choose the value for X before applying cost reductions. For example, if you cast a Hydra spell with mana cost {X}{G}{G} and choose for X to be 6, you pay {2}{G}{G}. Any of that Hydra’s abilities that refer to X still uses 6 as the value for X regardless of what you actually paid."}, {"date": "2019-07-12", "text": "Gargos’s cost-reduction ability applies only while it’s on the battlefield. Gargos doesn’t reduce its own cost."}, {"date": "2019-07-12", "text": "Gargos’s controller chooses which creature (if any) Gargos will fight, not the controller of the spell."}, {"date": "2019-07-12", "text": "If a spell targets one creature you control multiple times, Gargos’s ability triggers once. If that spell targets multiple creatures you control, Gargos’s ability triggers once for each of those creatures."}, {"date": "2019-07-12", "text": "Gargos’s triggered ability resolves before the spell that caused it to trigger. It resolves even if that spell is countered."}, {"date": "2019-07-12", "text": "If the target creature is an illegal target when Gargos’s last ability tries to resolve, the ability doesn’t resolve. If Gargos is no longer on the battlefield, the target creature won’t deal or be dealt damage."}], "securityStamp": "oval", "setCode": "PRES", "subtypes": ["Hydra"], "supertypes": ["Legendary"], "text": "Vigilance\nHydra spells you cast cost {4} less to cast.\nWhenever a creature you control becomes the target of a spell, Gargos, Vicious Watcher fights up to one target creature you don't control.", "toughness": "7", "type": "Legendary Creature — Hydra", "types": ["Creature"], "uuid": "954c7aaa-b4b2-54d7-a537-5aa863678b87", "watermark": "colorpie"}, {"artist": "Peter Mohrbacher", "availability": ["paper"], "borderColor": "black", "colorIdentity": ["G"], "colors": ["G"], "convertedManaCost": 2.0, "edhrecRank": 1436, "finishes": ["foil"], "foreignData": [], "frameVersion": "2015", "hasFoil": true, "hasNonFoil": false, "identifiers": {"cardKingdomFoilId": "203142", "cardsphereId": "38479", "mcmId": "284010", "mcmMetaId": "209874", "mtgjsonV4Id": "93401bcd-e761-554f-bb8c-7211e175ca95", "scryfallId": "46f57176-a0ee-4772-9231-7ea0a016de73", "scryfallIllustrationId": "0109e5a3-f7a1-4d34-9ebe-d9ed9912e6f3", "scryfallOracleId": "4345c359-b9d6-43c8-997f-e00746e6e318", "tcgplayerProductId": "99080"}, "isPromo": true, "isReprint": true, "isStarter": true, "language": "English", "layout": "normal", "legalities": {"commander": "Legal", "duel": "Legal", "legacy": "Legal", "modern": "Legal", "penny": "Legal", "pioneer": "Legal", "vintage": "Legal"}, "manaCost": "{X}{G}{G}", "manaValue": 2.0, "name": "Genesis Hydra", "number": "176", "originalReleaseDate": "2015-02-01", "power": "0", "printings": ["C20", "IMA", "M15", "NEC", "PLIST", "PRES", "PRM"], "promoTypes": ["instore"], "purchaseUrls": {"cardKingdomFoil": "https://mtgjson.com/links/870df8992a15109d", "cardmarket": "https://mtgjson.com/links/eae331d8b9f6c92a", "tcgplayer": "https://mtgjson.com/links/76a511766c30bdd4"}, "rarity": "rare", "rulings": [{"date": "2017-11-17", "text": "Genesis Hydra's first ability will resolve before Genesis Hydra does. Notably, if you put an Aura card onto the battlefield this way, it can't enchant Genesis Hydra."}, {"date": "2017-11-17", "text": "If you have fewer than X cards in your library, you reveal all of them."}, {"date": "2017-11-17", "text": "If a card in a player's library has {X} in its mana cost, X is considered to be 0."}, {"date": "2017-11-17", "text": "A nonland permanent card is an artifact, creature, enchantment, or planeswalker card."}, {"date": "2017-11-17", "text": "If you put an Aura onto the battlefield this way, you choose what it enchants as it enters the battlefield. This doesn't target any permanent or player, but it must be able to enchant that permanent or player. For example, you could put a green Aura onto the battlefield enchanting a creature with hexproof controlled by an opponent, but not one with protection from green."}, {"date": "2017-11-17", "text": "If “the rest” is zero cards, either because X was 0 or because X was 1 and that card was put onto the battlefield, the library is still shuffled."}], "securityStamp": "oval", "setCode": "PRES", "subtypes": ["Plant", "Hydra"], "supertypes": [], "text": "When you cast this spell, reveal the top X cards of your library. You may put a nonland permanent card with mana value X or less from among them onto the battlefield. Then shuffle the rest into your library.\nGenesis Hydra enters the battlefield with X +1/+1 counters on it.", "toughness": "0", "type": "Creature — Plant Hydra", "types": ["Creature"], "uuid": "320fe344-dc60-5f1b-bf1d-fff6d5435035", "watermark": "colorpie"}, {"artist": "Ryan Pancoast", "availability": ["paper"], "borderColor": "black", "colorIdentity": ["G"], "colors": ["G"], "convertedManaCost": 5.0, "edhrecRank": 11286, "finishes": ["foil"], "foreignData": [], "frameVersion": "2015", "hasFoil": true, "hasNonFoil": false, "identifiers": {"cardKingdomFoilId": "208136", "cardsphereId": "48267", "mcmId": "294000", "mcmMetaId": "220278", "mtgjsonV4Id": "64861af1-3d74-5831-b218-b49effa05db8", "scryfallId": "7f04d62a-cad2-4981-bdb8-a7ef3d2dabfd", "scryfallIllustrationId": "88f7bfed-98e5-4375-a54f-9d4d7a3ae7dd", "scryfallOracleId": "5b034e04-70e5-4783-8ac8-04d8e5a9f961", "tcgplayerProductId": "122168"}, "isPromo": true, "isReprint": true, "isStarter": true, "keywords": ["Renown"], "language": "English", "layout": "normal", "legalities": {"commander": "Legal", "duel": "Legal", "legacy": "Legal", "modern": "Legal", "penny": "Legal", "pioneer": "Legal", "vintage": "Legal"}, "manaCost": "{3}{G}{G}", "manaValue": 5.0, "name": "Outland Colossus", "number": "193", "originalReleaseDate": "2016-02-01", "power": "6", "printings": ["ORI", "PORI", "PRES"], "promoTypes": ["instore"], "purchaseUrls": {"cardKingdomFoil": "https://mtgjson.com/links/2f620cd61a1fccad", "cardmarket": "https://mtgjson.com/links/06bf62287ba5638b", "tcgplayer": "https://mtgjson.com/links/628d0f3749733e86"}, "rarity": "rare", "rulings": [{"date": "2015-06-22", "text": "Renown won’t trigger when a creature deals combat damage to a planeswalker or another creature. It also won’t trigger when a creature deals noncombat damage to a player."}, {"date": "2015-06-22", "text": "If a creature with renown deals combat damage to its controller because that damage was redirected, renown will trigger."}, {"date": "2015-06-22", "text": "If a renown ability triggers, but the creature leaves the battlefield before that ability resolves, the creature doesn’t become renowned. Any ability that triggers “whenever a creature becomes renowned” won’t trigger."}], "securityStamp": "oval", "setCode": "PRES", "subtypes": ["Giant"], "supertypes": [], "text": "Renown 6 (When this creature deals combat damage to a player, if it isn't renowned, put six +1/+1 counters on it and it becomes renowned.)\nOutland Colossus can't be blocked by more than one creature.", "toughness": "6", "type": "Creature — Giant", "types": ["Creature"], "uuid": "c80e5be5-cf33-5a0b-8200-d3e3870e0610", "watermark": "colorpie"}, {"artist": "Alex Konstad", "availability": ["paper"], "borderColor": "black", "colorIdentity": ["G"], "colors": ["G"], "convertedManaCost": 3.0, "edhrecRank": 264, "finishes": ["nonfoil", "foil"], "flavorText": "\"Survival rule 782: There are *always* more scute bugs.\"\n—Zurdi, goblin shortcutter", "foreignData": [], "frameVersion": "2015", "hasFoil": true, "hasNonFoil": true, "identifiers": {"cardKingdomFoilId": "252307", "cardsphereId": "82868", "mcmId": "656601", "mcmMetaId": "317055", "mtgjsonV4Id": "3d5f376f-fde0-57f4-a10a-21080a87916f", "scryfallId": "efb56f91-cb6c-4ce1-89d2-35036ed0c3f1", "scryfallIllustrationId": "0102c697-88c8-417b-b734-463458284119", "scryfallOracleId": "aa854d50-444c-49d9-bfb1-5476b33c1c0b", "tcgplayerProductId": "251181"}, "isPromo": true, "isReprint": true, "isStarter": true, "keywords": ["Landfall"], "language": "English", "layout": "normal", "legalities": {"alchemy": "Legal", "brawl": "Legal", "commander": "Legal", "duel": "Legal", "explorer": "Legal", "future": "Legal", "gladiator": "Legal", "historic": "Legal", "historicbrawl": "Legal", "legacy": "Legal", "modern": "Legal", "pioneer": "Legal", "standard": "Legal", "vintage": "Legal"}, "manaCost": "{2}{G}", "manaValue": 3.0, "name": "Scute Swarm", "number": "203", "originalReleaseDate": "2021-10-01", "power": "1", "printings": ["NCC", "PRES", "PRM", "PZNR", "ZNR"], "promoTypes": ["instore"], "purchaseUrls": {"cardKingdomFoil": "https://mtgjson.com/links/0c85091207c1ccc5", "cardmarket": "https://mtgjson.com/links/92cd7e7df7436df9", "tcgplayer": "https://mtgjson.com/links/5e1876bdc6248d73"}, "rarity": "rare", "rulings": [{"date": "2020-09-25", "text": "The token copy will have Scute Swarm's ability. It will also be able to create copies of itself."}, {"date": "2020-09-25", "text": "The token copy won't copy counters or damage marked on Scute Swarm, nor will it copy other effects that have changed Scute Swarm's power, toughness, types, color, and so on. Normally, this means the token will simply be a Scute Swarm, but if any copy effects have affected the original Scute Swarm, the token will take those into account."}, {"date": "2020-09-25", "text": "If Scute Swarm leaves the battlefield before its triggered ability resolves, the token will still enter the battlefield as a copy of Scute Swarm, using Scute Swarm's copiable values from when it was last on the battlefield."}, {"date": "2020-09-25", "text": "A landfall ability triggers whenever a land enters the battlefield under your control for any reason. It triggers whenever you play a land, as well as whenever a spell or ability puts a land onto the battlefield under your control."}, {"date": "2020-09-25", "text": "A landfall ability doesn't trigger if a permanent already on the battlefield becomes a land."}, {"date": "2020-09-25", "text": "Whenever a land enters the battlefield under your control, each landfall ability of the permanents you control will trigger. You can put them on the stack in any order. The last ability you put on the stack will be the first one to resolve."}], "securityStamp": "oval", "setCode": "PRES", "subtypes": ["Insect"], "supertypes": [], "text": "Landfall — Whenever a land enters the battlefield under your control, create a 1/1 green Insect creature token. If you control six or more lands, create a token that's a copy of Scute Swarm instead.", "toughness": "1", "type": "Creature — Insect", "types": ["Creature"], "uuid": "69731b0b-1acd-578a-9e47-7f8b726d5f25", "watermark": "colorpie"}, {"artist": "Mike Bierek", "availability": ["paper"], "borderColor": "black", "colorIdentity": ["G"], "colors": [], "convertedManaCost": 0.0, "edhrecRank": 472, "finishes": ["foil"], "foreignData": [{"language": "Japanese", "name": "巨森、オラン＝リーフ", "text": "巨森、オラン＝リーフはタップ状態で戦場に出る。\n{T}：あなたのマナ・プールに{G}を加える。\n{T}：このターンに戦場に出た緑の各クリーチャーの上に、それぞれ＋１/＋１カウンターを１個置く。", "type": "土地"}], "frameVersion": "2003", "hasFoil": true, "hasNonFoil": false, "identifiers": {"mcmId": "245064", "mtgjsonV4Id": "4df163ad-a639-5329-a407-e9baa411cc75", "scryfallId": "e3312a53-871b-4e0c-994c-21a247c5fe7b", "scryfallIllustrationId": "76a20bdd-443e-4a77-bfe4-8149db1a3625", "scryfallOracleId": "e88027a6-24cc-4a8b-86db-734f26149ea8", "tcgplayerProductId": "206663"}, "isPromo": true, "isReprint": true, "isStarter": true, "language": "Japanese", "layout": "normal", "legalities": {"commander": "Legal", "duel": "Legal", "legacy": "Legal", "modern": "Legal", "penny": "Legal", "vintage": "Legal"}, "manaValue": 0.0, "name": "Oran-Rief, the Vastwood", "number": "221★", "originalReleaseDate": "2010-01-01", "printings": ["C14", "C15", "C20", "C21", "CMA", "DDU", "NEC", "PRES", "ZEN"], "promoTypes": ["instore"], "purchaseUrls": {"tcgplayer": "https://mtgjson.com/links/7c0893a2aba93067"}, "rarity": "rare", "rulings": [{"date": "2009-10-01", "text": "Oran-Rief's third ability cares about permanents' characteristics at the time the ability resolves, not their characteristics at the time they entered the battlefield. For example, if a blue creature enters the battlefield, then is turned green by a spell or ability, then Oran-Rief's second ability resolves, you'll put a +1/+1 counter on that creature."}, {"date": "2009-10-01", "text": "Oran-Rief's second ability affects all permanents that are green creatures that entered the battlefield this turn, not just the ones you control."}], "setCode": "PRES", "subtypes": [], "supertypes": [], "text": "Oran-Rief, the Vastwood enters the battlefield tapped.\n{T}: Add {G}.\n{T}: Put a +1/+1 counter on each green creature that entered the battlefield this turn.", "type": "Land", "types": ["Land"], "uuid": "1cbd3f90-31d5-5ef9-a1ff-46bd991bf3e9", "watermark": "colorpie"}, {"artist": "Mark Poole", "availability": ["paper"], "borderColor": "black", "colorIdentity": [], "colors": [], "convertedManaCost": 0.0, "edhrecRank": 1307, "finishes": ["foil"], "flavorText": "Cast out of Garenbrig for his crimes, Ennor turned to fae magic to fashion the perfect weapon for his revenge.", "foreignData": [], "frameVersion": "2015", "hasFoil": true, "hasNonFoil": false, "identifiers": {"cardKingdomFoilId": "246462", "cardsphereId": "77439", "mcmId": "577431", "mcmMetaId": "281884", "mtgjsonV4Id": "92e95573-a51f-56cd-a1eb-e9d521e9757c", "scryfallId": "3a2bbd0f-0ad2-4cf3-8e11-6d398aebeabc", "scryfallIllustrationId": "9e519675-735f-4c10-8c5d-d088c121a92c", "scryfallOracleId": "78124cd1-2658-43f3-a339-0755d84154d2", "tcgplayerProductId": "233823"}, "isPromo": true, "isReprint": true, "isStarter": true, "keywords": ["Protection", "Reach", "Trample"], "language": "English", "layout": "normal", "legalities": {"commander": "Legal", "duel": "Legal", "explorer": "Legal", "gladiator": "Legal", "historic": "Legal", "historicbrawl": "Legal", "legacy": "Legal", "modern": "Legal", "pioneer": "Legal", "vintage": "Legal"}, "manaCost": "{X}", "manaValue": 0.0, "name": "Stonecoil Serpent", "number": "235", "originalReleaseDate": "2021-02-01", "power": "0", "printings": ["ELD", "PELD", "PRES"], "promoTypes": ["instore"], "purchaseUrls": {"cardKingdomFoil": "https://mtgjson.com/links/7b3a4953eae4ae42", "cardmarket": "https://mtgjson.com/links/4b32d82e3447b6f6", "tcgplayer": "https://mtgjson.com/links/694800e76263a626"}, "rarity": "rare", "rulings": [], "securityStamp": "oval", "setCode": "PRES", "subtypes": ["Snake"], "supertypes": [], "text": "Reach, trample, protection from multicolored\nStonecoil Serpent enters the battlefield with X +1/+1 counters on it.", "toughness": "0", "type": "Artifact Creature — Snake", "types": ["Artifact", "Creature"], "uuid": "416b5b48-bc33-5dea-acdd-91991d94ab05", "watermark": "colorpie"}, {"artist": "Raoul Vitale", "availability": ["paper"], "borderColor": "black", "colorIdentity": [], "colors": [], "convertedManaCost": 4.0, "edhrecRank": 645, "finishes": ["foil"], "foreignData": [], "frameEffects": ["legendary"], "frameVersion": "2015", "hasFoil": true, "hasNonFoil": false, "identifiers": {"cardKingdomFoilId": "253553", "cardsphereId": "85122", "mcmId": "656602", "mcmMetaId": "290869", "mtgjsonV4Id": "c3097daf-f8d3-595f-8ceb-026daaaebadf", "scryfallId": "2c4f04fa-3b33-4c1c-9f48-84fe2ba7a710", "scryfallIllustrationId": "1f1ddcb3-6e8e-4165-9c32-f31362ea90d9", "scryfallOracleId": "cfb8cdde-11f6-441a-942b-32d8c191fc90", "tcgplayerProductId": "251180"}, "isPromo": true, "isReprint": true, "isStarter": true, "language": "English", "layout": "normal", "legalities": {"commander": "Legal", "duel": "Legal", "explorer": "Legal", "gladiator": "Legal", "historic": "Legal", "historicbrawl": "Legal", "legacy": "Legal", "modern": "Legal", "penny": "Legal", "pioneer": "Legal", "vintage": "Legal"}, "manaCost": "{4}", "manaValue": 4.0, "name": "Nyx Lotus", "number": "235*", "originalReleaseDate": "2021-10-01", "printings": ["PRES", "PRM", "PTHB", "THB"], "promoTypes": ["instore"], "purchaseUrls": {"cardKingdomFoil": "https://mtgjson.com/links/fc5a0761cc2db6e0", "cardmarket": "https://mtgjson.com/links/e1b9cfde1eccc4fb", "tcgplayer": "https://mtgjson.com/links/129c947b19031df4"}, "rarity": "rare", "rulings": [{"date": "2020-01-24", "text": "Nyx Lotus’s second ability is a mana ability. It doesn’t use the stack and can’t be responded to."}, {"date": "2020-01-24", "text": "Colorless and generic mana symbols ({C}, {0}, {1}, {2}, {X}, and so on) in mana costs of permanents you control don’t count toward your devotion to any color."}, {"date": "2020-01-24", "text": "Mana symbols in the text boxes of permanents you control don’t count toward your devotion to any color."}, {"date": "2020-01-24", "text": "Hybrid mana symbols, monocolored hybrid mana symbols, and Phyrexian mana symbols do count toward your devotion to their color(s)."}, {"date": "2020-01-24", "text": "If an activated ability or triggered ability has an effect that depends on your devotion to a color, you count the number of mana symbols of that color among the mana costs of permanents you control as the ability resolves. The permanent with that ability will be counted if it’s still on the battlefield at that time."}, {"date": "2020-01-24", "text": "If you put an Aura on an opponent’s permanent, you still control the Aura, and mana symbols in its mana cost count towards your devotion."}], "securityStamp": "oval", "setCode": "PRES", "subtypes": [], "supertypes": ["Legendary"], "text": "Nyx Lotus enters the battlefield tapped.\n{T}: Choose a color. Add an amount of mana of that color equal to your devotion to that color. (Your devotion to a color is the number of mana symbols of that color in the mana costs of permanents you control.)", "type": "Legendary Artifact", "types": ["Artifact"], "uuid": "210ed3c6-eff6-57cc-9e50-b7c0428c881e", "watermark": "colorpie"}], "cardsphereSetId": 911, "code": "PRES", "isFoilOnly": false, "isOnlineOnly": false, "keyruneCode": "PMEI", "mcmId": 98, "mcmName": "Resale Promos", "name": "Resale Promos", "releaseDate": "2007-01-01", "tokens": [], "totalSetSize": 34, "translations": {}, "type": "promo"}}