{"meta": {"date": "2022-05-26", "version": "5.2.0+20220526"}, "data": {"baseSetSize": 6, "block": "Zendikar", "cards": [{"artist": "Justin Sweet", "availability": ["paper"], "borderColor": "black", "colorIdentity": [], "colors": [], "convertedManaCost": 15.0, "finishes": ["foil"], "foreignData": [], "frameVersion": "2003", "hasFoil": true, "hasNonFoil": false, "identifiers": {"cardKingdomFoilId": "131134", "cardsphereId": "37179", "mcmId": "22412", "mtgjsonV4Id": "795a694a-4d4b-58d0-b023-29aa4b56ef8a", "scryfallId": "cbfc29b0-a72d-4f91-bc6c-86c79c626be8", "scryfallIllustrationId": "83be7bf0-f798-4797-b4d5-4040236d5199", "scryfallOracleId": "900ca697-ad38-4b2b-bc74-2ff7eb6ea951", "tcgplayerProductId": "38377"}, "isPromo": true, "isReprint": true, "isStarter": true, "keywords": ["Annihilator", "Flying", "Protection"], "language": "English", "layout": "normal", "leadershipSkills": {"brawl": false, "commander": true, "oathbreaker": false}, "legalities": {"commander": "Banned", "duel": "Banned", "legacy": "Legal", "modern": "Legal", "vintage": "Legal"}, "manaCost": "{15}", "manaValue": 15.0, "name": "Emrakul, the Aeons Torn", "number": "4★", "power": "15", "printings": ["MM2", "PLIST", "PPRO", "PRM", "PROE", "PUMA", "ROE", "UMA"], "promoTypes": ["setpromo", "datestamped", "prerelease"], "purchaseUrls": {"cardKingdomFoil": "https://mtgjson.com/links/749b0f5f1e58f99b", "tcgplayer": "https://mtgjson.com/links/c0e8ad3941ce6243"}, "rarity": "mythic", "rulings": [{"date": "2010-06-15", "text": "Annihilator abilities trigger and resolve during the declare attackers step. The defending player chooses and sacrifices the required number of permanents before they declare blockers. Any creatures sacrificed this way won’t be able to block."}, {"date": "2010-06-15", "text": "If a creature with annihilator is attacking a planeswalker, and the defending player chooses to sacrifice that planeswalker, the attacking creature continues to attack. It may be blocked. If it isn’t blocked, it simply won’t deal combat damage to anything."}, {"date": "2018-12-07", "text": "Emrakul’s second ability triggers as you cast it, and that ability resolves before the spell itself. It resolves even if that spell is somehow removed from the stack."}, {"date": "2018-12-07", "text": "Emrakul can be targeted by spells that try to counter it (such as Countersquall). Those spells will resolve, but the part of their effect that would counter Emrakul won’t do anything. Any other effects those spells have will work as normal."}, {"date": "2018-12-07", "text": "“Colored spells” is not synonymous with “colored cards.” For example, even though creatures are spells when they’re cast, they’re not spells when they’re on the battlefield and can block Emrakul; and triggered abilities of permanents entering the battlefield (such as that of Banishing Light) can target it."}, {"date": "2018-12-07", "text": "Emrakul can’t be the target of colored Aura spells, but colored Auras can be put onto the battlefield enchanting it."}], "setCode": "PROE", "subtypes": ["Eldrazi"], "supertypes": ["Legendary"], "text": "This spell can't be countered.\nWhen you cast this spell, take an extra turn after this one.\nFlying, protection from spells that are one or more colors, annihilator 6\nWhen Emrakul, the Aeons Torn is put into a graveyard from anywhere, its owner shuffles their graveyard into their library.", "toughness": "15", "type": "Legendary Creature — Eldrazi", "types": ["Creature"], "uuid": "589178b1-4454-5f29-8adb-4b0e4af70916", "watermark": "set (ROE)"}, {"artist": "Raymond Swanland", "availability": ["paper"], "borderColor": "black", "colorIdentity": ["R"], "colors": ["R"], "convertedManaCost": 3.0, "edhrecRank": 14350, "finishes": ["nonfoil"], "foreignData": [], "frameVersion": "2003", "hasFoil": false, "hasNonFoil": true, "identifiers": {"cardKingdomId": "131557", "cardsphereId": "18952", "mcmId": "240417", "mtgjsonV4Id": "30517700-8b9d-57be-ae3c-7ce7330040ad", "scryfallId": "7c7eeca0-a4cf-455f-888c-57571cf3555d", "scryfallIllustrationId": "ced8874c-6e39-420d-91eb-755a59db63e1", "scryfallOracleId": "056c3b7d-b603-40b8-8404-18c2eb7e7129", "tcgplayerProductId": "38439"}, "isFullArt": true, "isPromo": true, "isReprint": true, "isStarter": true, "keywords": ["Rebound"], "language": "English", "layout": "normal", "legalities": {"commander": "Legal", "duel": "Legal", "legacy": "Legal", "modern": "Legal", "pauper": "Legal", "paupercommander": "Legal", "penny": "Legal", "vintage": "Legal"}, "manaCost": "{2}{R}", "manaValue": 3.0, "name": "Staggershock", "number": "48", "printings": ["IMA", "MB1", "PRM", "PROE", "ROE"], "promoTypes": ["setpromo", "gameday"], "purchaseUrls": {"cardKingdom": "https://mtgjson.com/links/255cd720e78968b1", "tcgplayer": "https://mtgjson.com/links/c09bdbd914675e3e"}, "rarity": "rare", "rulings": [{"date": "2010-06-15", "text": "If a spell with rebound that you cast from your hand doesn’t resolve for any reason (due being countered by a spell like Cancel, or because all of its targets are illegal), rebound has no effect. The spell is simply put into your graveyard. You won’t get to cast it again next turn."}, {"date": "2010-06-15", "text": "If you cast a spell with rebound from anywhere other than your hand (such as from your graveyard due to Sins of the Past, from your library due to cascade, or from your opponent’s hand due to Sen Triplets), rebound won’t have any effect. If you do cast it from your hand, rebound will work regardless of whether you paid its mana cost (for example, if you cast it from your hand due to Maelstrom Archangel)."}, {"date": "2010-06-15", "text": "If a replacement effect would cause a spell with rebound that you cast from your hand to be put somewhere else instead of your graveyard (such as Leyline of the Void might), you choose whether to apply the rebound effect or the other effect as the spell resolves."}, {"date": "2010-06-15", "text": "Rebound will have no effect on copies of spells because you don’t cast them from your hand."}, {"date": "2010-06-15", "text": "If you cast a spell with rebound from your hand and it resolves, it isn’t put into your graveyard. Rather, it’s exiled directly from the stack. Effects that care about cards being put into your graveyard won’t do anything."}, {"date": "2010-06-15", "text": "At the beginning of your upkeep, all delayed triggered abilities created by rebound effects trigger. You may handle them in any order. If you want to cast a card this way, you do so as part of the resolution of its delayed triggered ability. Timing restrictions based on the card’s type (if it’s a sorcery) are ignored. Other restrictions are not (such as the one from Rule of Law)."}, {"date": "2010-06-15", "text": "If you are unable to cast a card from exile this way, or you choose not to, nothing happens when the delayed triggered ability resolves. The card remains exiled for the rest of the game, and you won’t get another chance to cast the card. The same is true if the ability is countered (due to Stifle, perhaps)."}, {"date": "2010-06-15", "text": "If you cast a card from exile this way, it will go to your graveyard when it resolves, fails to resolve, or is countered. It won’t go back to exile."}], "setCode": "PROE", "subtypes": [], "supertypes": [], "text": "Staggershock deals 2 damage to any target.\nRebound (If you cast this spell from your hand, exile it as it resolves. At the beginning of your next upkeep, you may cast this card from exile without paying its mana cost.)", "type": "Instant", "types": ["Instant"], "uuid": "60c7e643-cd1c-5382-aa97-f97c7f658979"}, {"artist": "Johann Bodin", "availability": ["paper"], "borderColor": "black", "colorIdentity": ["W"], "colors": ["W"], "convertedManaCost": 6.0, "edhrecRank": 9875, "finishes": ["foil"], "foreignData": [], "frameVersion": "2003", "hasFoil": true, "hasNonFoil": false, "identifiers": {"cardKingdomFoilId": "131559", "cardsphereId": "18910", "mcmId": "240416", "mtgjsonV4Id": "e64795a7-f4a2-5f2b-9631-8387c0b6ea29", "scryfallId": "8b5e6882-4c37-4c47-92c4-4083c66e9019", "scryfallIllustrationId": "687fdbd3-c0d2-418e-a9b2-87f1aed4f631", "scryfallOracleId": "6098ba4b-ebfe-48da-a33d-b94c021ac559", "tcgplayerProductId": "38428"}, "isFullArt": true, "isPromo": true, "isReprint": true, "isStarter": true, "keywords": ["Flying"], "language": "English", "layout": "normal", "legalities": {"commander": "Legal", "duel": "Legal", "legacy": "Legal", "modern": "Legal", "penny": "Legal", "vintage": "Legal"}, "manaCost": "{4}{W}{W}", "manaValue": 6.0, "name": "Deathless Angel", "number": "49", "power": "5", "printings": ["PRM", "PROE", "ROE"], "promoTypes": ["setpromo", "gameday"], "purchaseUrls": {"cardKingdomFoil": "https://mtgjson.com/links/7e498c054b14c834", "tcgplayer": "https://mtgjson.com/links/df2c0d42b9110ec6"}, "rarity": "rare", "rulings": [{"date": "2013-07-01", "text": "Lethal damage and effects that say “destroy” won’t cause a creature with indestructible to be put into the graveyard. However, a creature with indestructible can be put into the graveyard for a number of reasons. The most likely reasons are if it’s sacrificed, if it’s legendary and another legendary creature with the same name is controlled by the same player, or if its toughness is 0 or less."}], "setCode": "PROE", "subtypes": ["Angel"], "supertypes": [], "text": "Flying\n{W}{W}: Target creature gains indestructible until end of turn.", "toughness": "7", "type": "Creature — Angel", "types": ["Creature"], "uuid": "295ea8b8-4667-55f0-9e36-37a8f3db4426"}, {"artist": "Jason A. Engle", "availability": ["paper"], "borderColor": "black", "colorIdentity": ["B"], "colors": ["B"], "convertedManaCost": 1.0, "edhrecRank": 7238, "finishes": ["foil"], "foreignData": [], "frameVersion": "2003", "hasFoil": true, "hasNonFoil": false, "identifiers": {"cardKingdomFoilId": "131144", "cardsphereId": "7734", "mcmId": "22937", "mtgjsonV4Id": "e42320eb-d73a-584b-9baa-4570bd049e23", "scryfallId": "ddcd7db0-11fc-4a92-b705-8cb70d7734df", "scryfallIllustrationId": "ca38bca4-524f-45f2-bd5f-d8d316eec5d9", "scryfallOracleId": "c6fb6971-112b-4c82-a0a3-4acdde970b30", "tcgplayerProductId": "38354"}, "isPromo": true, "isReprint": true, "isStarter": true, "keywords": ["Level Up"], "language": "English", "layout": "leveler", "legalities": {"commander": "Legal", "duel": "Legal", "legacy": "Legal", "modern": "Legal", "penny": "Legal", "vintage": "Legal"}, "manaCost": "{B}", "manaValue": 1.0, "name": "Guul Draz Assassin", "number": "*112", "power": "1", "printings": ["PLIST", "PRM", "PROE", "ROE"], "promoTypes": ["setpromo", "buyabox"], "purchaseUrls": {"cardKingdomFoil": "https://mtgjson.com/links/d71e016c0f64e2f7", "tcgplayer": "https://mtgjson.com/links/6b0e42b5c28bc425"}, "rarity": "rare", "rulings": [{"date": "2010-06-15", "text": "The abilities a leveler grants to itself don’t overwrite any other abilities it may have. In particular, they don’t overwrite the creature’s level up ability; it always has that."}, {"date": "2010-06-15", "text": "Effects that set a leveler’s power or toughness to a specific value, including the effects from a level symbol’s ability, apply in timestamp order. The timestamp of each level symbol’s ability is the same as the timestamp of the leveler itself, regardless of when the most recent level counter was put on it."}, {"date": "2010-06-15", "text": "Effects that modify a leveler’s power or toughness, such as the effects of Giant Growth or Glorious Anthem, will apply to it no matter when they started to take effect. The same is true for counters that change the creature’s power or toughness (such as +1/+1 counters) and effects that switch its power and toughness."}, {"date": "2010-06-15", "text": "If another creature becomes a copy of a leveler, all of the leveler’s printed abilities — including those represented by level symbols — are copied. The current characteristics of the leveler, and the number of level counters on it, are not. The abilities, power, and toughness of the copy will be determined based on how many level counters are on the copy."}, {"date": "2010-06-15", "text": "A creature’s level is based on how many level counters it has on it, not how many times its level up ability has been activated or has resolved. If a leveler gets level counters due to some other effect (such as Clockspinning) or loses level counters for some reason (such as Vampire Hexmage), its level is changed accordingly."}], "setCode": "PROE", "subtypes": ["Vampire", "Assassin"], "supertypes": [], "text": "Level up {1}{B} ({1}{B}: Put a level counter on this. Level up only as a sorcery.)\nLEVEL 2-3\n2/2\n{B}, {T}: Target creature gets -2/-2 until end of turn.\nLEVEL 4+\n4/4\n{B}, {T}: Target creature gets -4/-4 until end of turn.", "toughness": "1", "type": "Creature — Vampire Assassin", "types": ["Creature"], "uuid": "bc83b5ff-1248-5723-b40b-02a22d077db0", "watermark": "colorpie"}, {"artist": "Justin Sweet", "availability": ["paper"], "borderColor": "black", "colorIdentity": ["B"], "colors": ["B"], "convertedManaCost": 8.0, "edhrecRank": 4715, "finishes": ["foil"], "flavorText": "\"I have schemed too long to be supplanted by dead gods. If I cannot have this world, no one can.\"", "foreignData": [], "frameVersion": "2003", "hasFoil": true, "hasNonFoil": false, "identifiers": {"mcmId": "245065", "mtgjsonV4Id": "afe0494b-55a9-59af-8b86-6de441556358", "scryfallId": "e50864d0-4940-4d7b-9562-0a2bedb33842", "scryfallIllustrationId": "499526df-88c1-4b22-9e95-8df8a8aeed64", "scryfallOracleId": "2572add6-c0b1-44bd-8713-1e94e3fe69d6"}, "isPromo": true, "isReprint": true, "isStarter": true, "keywords": ["Flying"], "language": "Japanese", "layout": "normal", "legalities": {"commander": "Legal", "duel": "Legal", "legacy": "Legal", "modern": "Legal", "penny": "Legal", "vintage": "Legal"}, "manaCost": "{5}{B}{B}{B}", "manaValue": 8.0, "name": "Pestilence Demon", "number": "*124", "originalReleaseDate": "2010-07-30", "power": "7", "printings": ["C14", "DDR", "PROE", "ROE"], "promoTypes": ["setpromo", "buyabox"], "purchaseUrls": {}, "rarity": "rare", "rulings": [{"date": "2010-06-15", "text": "Pestilence Demon deals 1 damage to itself, as well as to each other creature and each player."}], "setCode": "PROE", "subtypes": ["Demon"], "supertypes": [], "text": "Flying\n{B}: Pestilence Demon deals 1 damage to each creature and each player.", "toughness": "6", "type": "Creature — Demon", "types": ["Creature"], "uuid": "c23efca6-8097-562a-9aba-d07422c585f2", "watermark": "colorpie"}, {"artist": "Igor Kieryluk", "availability": ["paper"], "borderColor": "black", "colorIdentity": ["R"], "colors": ["R"], "convertedManaCost": 4.0, "edhrecRank": 8875, "finishes": ["foil"], "foreignData": [], "frameVersion": "2003", "hasFoil": true, "hasNonFoil": false, "identifiers": {"cardKingdomFoilId": "131141", "cardsphereId": "23894", "mcmId": "22931", "mtgjsonV4Id": "4da26fdb-41e2-5af0-a0fe-dde838e984bc", "scryfallId": "72c0427d-4666-407d-b5f6-03836dff52ae", "scryfallIllustrationId": "88cfd706-630f-4981-8d91-0fb9d52611dd", "scryfallOracleId": "d369a02b-c282-454a-9f89-480f4f5d838c", "tcgplayerProductId": "38289"}, "isPromo": true, "isReprint": true, "isStarter": true, "keywords": ["Level Up"], "language": "English", "layout": "leveler", "legalities": {"commander": "Legal", "duel": "Legal", "legacy": "Legal", "modern": "Legal", "penny": "Legal", "vintage": "Legal"}, "manaCost": "{3}{R}", "manaValue": 4.0, "name": "Lord of Shatterskull Pass", "number": "156★", "power": "3", "printings": ["PRM", "PROE", "ROE"], "promoTypes": ["setpromo", "datestamped", "release"], "purchaseUrls": {"cardKingdomFoil": "https://mtgjson.com/links/bb8fcad12ccf32c3", "tcgplayer": "https://mtgjson.com/links/8a8c95f0c9635f07"}, "rarity": "rare", "rulings": [{"date": "2010-06-15", "text": "The abilities a leveler grants to itself don’t overwrite any other abilities it may have. In particular, they don’t overwrite the creature’s level up ability; it always has that."}, {"date": "2010-06-15", "text": "Effects that set a leveler’s power or toughness to a specific value, including the effects from a level symbol’s ability, apply in timestamp order. The timestamp of each level symbol’s ability is the same as the timestamp of the leveler itself, regardless of when the most recent level counter was put on it."}, {"date": "2010-06-15", "text": "Effects that modify a leveler’s power or toughness, such as the effects of Giant Growth or Glorious Anthem, will apply to it no matter when they started to take effect. The same is true for counters that change the creature’s power or toughness (such as +1/+1 counters) and effects that switch its power and toughness."}, {"date": "2010-06-15", "text": "If another creature becomes a copy of a leveler, all of the leveler’s printed abilities — including those represented by level symbols — are copied. The current characteristics of the leveler, and the number of level counters on it, are not. The abilities, power, and toughness of the copy will be determined based on how many level counters are on the copy."}, {"date": "2010-06-15", "text": "A creature’s level is based on how many level counters it has on it, not how many times its level up ability has been activated or has resolved. If a leveler gets level counters due to some other effect (such as Clockspinning) or loses level counters for some reason (such as Vampire Hexmage), its level is changed accordingly."}, {"date": "2010-06-15", "text": "The last ability triggers and resolves during the declare attackers step, before blockers are declared."}, {"date": "2010-06-15", "text": "In a multiplayer game, the only player affected by the last ability is the one Lord of Shatterskull Pass is attacking (or the one who controls the planeswalker Lord of Shatterskull Pass is attacking)."}], "setCode": "PROE", "subtypes": ["Minotaur", "Shaman"], "supertypes": [], "text": "Level up {1}{R} ({1}{R}: Put a level counter on this. Level up only as a sorcery.)\nLEVEL 1-5\n6/6\nLEVEL 6+\n6/6\nWhenever Lord of Shatterskull Pass attacks, it deals 6 damage to each creature defending player controls.", "toughness": "3", "type": "Creature — Minotaur Shaman", "types": ["Creature"], "uuid": "6fd16ac6-ad1c-5afa-9161-271eed83c711", "watermark": "set (ROE)"}], "code": "PROE", "isFoilOnly": false, "isOnlineOnly": false, "keyruneCode": "ROE", "name": "Rise of the Eldrazi Promos", "parentCode": "ROE", "releaseDate": "2010-04-23", "tokens": [], "totalSetSize": 6, "translations": {}, "type": "promo"}}