{"meta": {"date": "2022-05-26", "version": "5.2.0+20220526"}, "data": {"baseSetSize": 5, "cards": [{"artist": "Eric Deschamps", "availability": ["paper"], "borderColor": "black", "colorIdentity": ["W"], "colors": ["W"], "convertedManaCost": 4.0, "edhrecRank": 4509, "finishes": ["foil"], "foreignData": [], "frameVersion": "2015", "hasFoil": true, "hasNonFoil": false, "identifiers": {"cardKingdomFoilId": "207937", "cardsphereId": "39866", "mcmId": "291360", "mtgjsonV4Id": "81a3edaf-6b69-57bb-abc0-c3c0bb3280a3", "scryfallId": "b5d66fdf-a5a6-48f2-a097-c389e37dc092", "scryfallIllustrationId": "0a60792f-5b3e-457a-abba-2695aca08b6e", "scryfallOracleId": "51eae7ff-fed9-4afe-8053-7690379449dd", "tcgplayerProductId": "120963"}, "isPromo": true, "isReprint": true, "isStarter": true, "language": "English", "layout": "normal", "leadershipSkills": {"brawl": false, "commander": false, "oathbreaker": true}, "legalities": {"commander": "Legal", "duel": "Legal", "legacy": "Legal", "modern": "Legal", "pioneer": "Legal", "vintage": "Legal"}, "loyalty": "4", "manaCost": "{2}{W}{W}", "manaValue": 4.0, "name": "Gideon, Ally of Zendikar", "number": "29", "printings": ["BFZ", "PBFZ", "PLIST", "PS16"], "promoTypes": ["convention"], "purchaseUrls": {"cardKingdomFoil": "https://mtgjson.com/links/06c8b1f2d92818a1", "tcgplayer": "https://mtgjson.com/links/36cd5d7c2f222c97"}, "rarity": "mythic", "rulings": [{"date": "2015-08-25", "text": "Gideon’s first ability doesn’t count as a creature entering the battlefield. Gideon was already on the battlefield; he only changed his types. Specifically, your rally abilities won’t trigger. (Of course, Gideon’s second ability will cause rally abilities to trigger.)"}, {"date": "2015-08-25", "text": "If Gideon becomes a creature the same turn he enters the battlefield, you can’t attack with him or use any of his {T} abilities (if he gains any)."}, {"date": "2015-08-25", "text": "Gideon’s first ability causes him to become a creature with the creature types Human, Soldier, and Ally. He remains a planeswalker with the planeswalker type Gideon. (He also retains any other card types or subtypes he may have had.) Each subtype is correlated to the proper card type: planeswalker is only a type (not a creature type), and Human, Soldier, and Ally are just creature types (not planeswalker types)."}, {"date": "2015-08-25", "text": "If damage that can’t be prevented is dealt to Gideon after his first ability has resolved, that damage will have all applicable results: specifically, the damage is marked on Gideon (since he’s a creature) and that damage causes that many loyalty counters to be removed from him (since he’s a planeswalker). Even though he has indestructible, if Gideon has no loyalty counters on him, he’s put into his owner’s graveyard."}], "securityStamp": "oval", "setCode": "PS16", "subtypes": ["Gideon"], "supertypes": ["Legendary"], "text": "[+1]: Until end of turn, Gideon, Ally of Zendikar becomes a 5/5 Human Soldier Ally creature with indestructible that's still a planeswalker. Prevent all damage that would be dealt to him this turn.\n[0]: Create a 2/2 white Knight Ally creature token.\n[−4]: You get an emblem with \"Creatures you control get +1/+1.\"", "type": "Legendary Planeswalker — Gideon", "types": ["Planeswalker"], "uuid": "0209a30b-f73a-5dcc-a6a2-7cd315235a33"}, {"artist": "Eric Deschamps", "availability": ["paper"], "borderColor": "black", "colorIdentity": ["U"], "colors": ["U"], "convertedManaCost": 5.0, "edhrecRank": 3075, "finishes": ["foil"], "foreignData": [], "frameVersion": "2015", "hasFoil": true, "hasNonFoil": false, "identifiers": {"cardKingdomFoilId": "207938", "cardsphereId": "39868", "mcmId": "291361", "mtgjsonV4Id": "12548fcf-b6db-5c20-9451-684042aad87a", "scryfallId": "40902291-96ad-410f-9ff9-bdd3d4cdea65", "scryfallIllustrationId": "c88f3159-8f34-4b07-89ea-a8e12116365b", "scryfallOracleId": "ac29873e-28c3-4933-b427-61d34ff0afcd", "tcgplayerProductId": "120961"}, "isPromo": true, "isReprint": true, "isStarter": true, "keywords": ["Scry"], "language": "English", "layout": "normal", "leadershipSkills": {"brawl": false, "commander": false, "oathbreaker": true}, "legalities": {"commander": "Legal", "duel": "Legal", "explorer": "Legal", "gladiator": "Legal", "historic": "Legal", "historicbrawl": "Legal", "legacy": "Legal", "modern": "Legal", "pioneer": "Legal", "vintage": "Legal"}, "loyalty": "5", "manaCost": "{3}{U}{U}", "manaValue": 5.0, "name": "Jace, Unraveler of Secrets", "number": "69", "printings": ["AKR", "PS16", "PS17", "PSOI", "SOI"], "promoTypes": ["convention"], "purchaseUrls": {"cardKingdomFoil": "https://mtgjson.com/links/962d069e62fb431b", "tcgplayer": "https://mtgjson.com/links/1cb3127220ca7a0a"}, "rarity": "mythic", "rulings": [{"date": "2016-04-08", "text": "The emblem’s triggered ability counters the first spell an opponent casts on each turn, not just that opponent’s turn."}, {"date": "2016-04-08", "text": "If Jace’s emblem’s triggered ability doesn’t counter the first spell an opponent casts (perhaps because that spell can’t be countered), it won’t trigger again in the same turn to try to counter that player’s second spell."}, {"date": "2016-04-08", "text": "If you have multiple opponents, Jace’s emblem can trigger once each turn for each opponent."}], "securityStamp": "oval", "setCode": "PS16", "subtypes": ["Jace"], "supertypes": ["Legendary"], "text": "[+1]: Scry 1, then draw a card.\n[−2]: Return target creature to its owner's hand.\n[−8]: You get an emblem with \"Whenever an opponent casts their first spell each turn, counter that spell.\"", "type": "Legendary Planeswalker — Jace", "types": ["Planeswalker"], "uuid": "ee1f91d3-f1b2-5273-9a1c-729cd0365b73"}, {"artist": "Eric Deschamps", "availability": ["paper"], "borderColor": "black", "colorIdentity": ["B"], "colors": ["B"], "convertedManaCost": 3.0, "edhrecRank": 4682, "finishes": ["foil"], "foreignData": [], "frameVersion": "2015", "hasFoil": true, "hasNonFoil": false, "identifiers": {"cardKingdomFoilId": "207939", "cardsphereId": "39875", "mcmId": "291358", "mtgjsonV4Id": "3c742b30-65e0-5d90-9c81-ddf0dffa4d69", "scryfallId": "fb6f35ba-d746-46bc-b68b-be5054c41042", "scryfallIllustrationId": "01e2e2d5-2e3c-4bfb-bc0f-3523e4f338a0", "scryfallOracleId": "64a9a6b4-26b5-4d23-be86-85c54e9c4727", "tcgplayerProductId": "120960"}, "isPromo": true, "isReprint": true, "isStarter": true, "keywords": ["Mill"], "language": "English", "layout": "normal", "leadershipSkills": {"brawl": false, "commander": false, "oathbreaker": true}, "legalities": {"commander": "Legal", "duel": "Legal", "legacy": "Legal", "modern": "Legal", "pioneer": "Legal", "vintage": "Legal"}, "loyalty": "3", "manaCost": "{1}{B}{B}", "manaValue": 3.0, "name": "Liliana, the Last Hope", "number": "93", "printings": ["2X2", "EMN", "MED", "PEMN", "PLIST", "PS16"], "promoTypes": ["convention"], "purchaseUrls": {"cardKingdomFoil": "https://mtgjson.com/links/672368403274147b", "tcgplayer": "https://mtgjson.com/links/8e602d0658db2752"}, "rarity": "mythic", "rulings": [{"date": "2016-07-13", "text": "You can activate Liliana’s first ability without any targets just to add a loyalty counter to her."}, {"date": "2016-07-13", "text": "Liliana’s second ability doesn’t target the card to return to your hand. After putting the top two cards of your library into your graveyard, you may choose from among any creature cards there."}, {"date": "2016-07-13", "text": "While resolving the triggered ability of Liliana’s emblem, if you control zero Zombies, you’ll get two Zombie tokens."}], "securityStamp": "oval", "setCode": "PS16", "subtypes": ["Liliana"], "supertypes": ["Legendary"], "text": "[+1]: Up to one target creature gets -2/-1 until your next turn.\n[−2]: Mill two cards, then you may return a creature card from your graveyard to your hand.\n[−7]: You get an emblem with \"At the beginning of your end step, create X 2/2 black Zombie creature tokens, where X is two plus the number of Zombies you control.\"", "type": "Legendary Planeswalker — Liliana", "types": ["Planeswalker"], "uuid": "2949e3cb-bd94-54b7-9f7e-395bd32e7147"}, {"artist": "Eric Deschamps", "availability": ["paper"], "borderColor": "black", "colorIdentity": ["R"], "colors": ["R"], "convertedManaCost": 6.0, "edhrecRank": 2752, "finishes": ["foil"], "foreignData": [], "frameVersion": "2015", "hasFoil": true, "hasNonFoil": false, "identifiers": {"cardKingdomFoilId": "207940", "cardsphereId": "39861", "mcmId": "291359", "mtgjsonV4Id": "ccb1cc37-b7d6-5c9f-8378-00e6670ac7d8", "scryfallId": "e8df73e7-c8a8-46bc-8448-f4d8179aeb4f", "scryfallIllustrationId": "72ec0be7-9016-46ab-a922-e3c6db927028", "scryfallOracleId": "0c2a9131-f3d7-4f71-8bcc-3c169574b2e3", "tcgplayerProductId": "120964"}, "isPromo": true, "isReprint": true, "isStarter": true, "language": "English", "layout": "normal", "leadershipSkills": {"brawl": false, "commander": false, "oathbreaker": true}, "legalities": {"commander": "Legal", "duel": "Legal", "legacy": "Legal", "modern": "Legal", "pioneer": "Legal", "vintage": "Legal"}, "loyalty": "4", "manaCost": "{4}{R}{R}", "manaValue": 6.0, "name": "Chandra, Flamecaller", "number": "104", "printings": ["C20", "OGW", "POGW", "PS16"], "promoTypes": ["convention"], "purchaseUrls": {"cardKingdomFoil": "https://mtgjson.com/links/c1669f499434e0c2", "tcgplayer": "https://mtgjson.com/links/c189ba4f9712957a"}, "rarity": "mythic", "rulings": [{"date": "2016-01-22", "text": "You can activate Chandra’s second ability while you have an empty hand. If you do, you’ll draw one card."}, {"date": "2016-04-08", "text": "For Chandra’s second ability, it doesn’t matter if the cards don’t go to your graveyard because of a replacement effect. For example, cards with madness discarded this way will still count toward the number of cards you discarded."}], "securityStamp": "oval", "setCode": "PS16", "subtypes": ["Chandra"], "supertypes": ["Legendary"], "text": "[+1]: Create two 3/1 red Elemental creature tokens with haste. Exile them at the beginning of the next end step.\n[0]: Discard all the cards in your hand, then draw that many cards plus one.\n[−X]: Chandra, Flamecaller deals X damage to each creature.", "type": "Legendary Planeswalker — Chandra", "types": ["Planeswalker"], "uuid": "cded0b6a-b5cf-59e7-9e13-aaa721a7bd39"}, {"artist": "Eric Deschamps", "availability": ["paper"], "borderColor": "black", "colorIdentity": ["G"], "colors": ["G"], "convertedManaCost": 3.0, "edhrecRank": 1699, "finishes": ["foil"], "foreignData": [], "frameVersion": "2015", "hasFoil": true, "hasNonFoil": false, "identifiers": {"cardKingdomFoilId": "207936", "cardsphereId": "39877", "mcmId": "291362", "mtgjsonV4Id": "8a40a92e-f8ae-5ec2-ab5a-0c5eedabd606", "scryfallId": "539fcda3-158e-425d-9f00-b9f3420dba18", "scryfallIllustrationId": "e6239e6a-f6cc-4720-b211-627c702e363c", "scryfallOracleId": "b0f36bf7-bdde-4576-9eca-ec02d41326ab", "tcgplayerProductId": "120962"}, "isPromo": true, "isReprint": true, "isStarter": true, "language": "English", "layout": "normal", "leadershipSkills": {"brawl": false, "commander": false, "oathbreaker": true}, "legalities": {"commander": "Legal", "duel": "Legal", "legacy": "Legal", "modern": "Legal", "pioneer": "Legal", "vintage": "Legal"}, "loyalty": "3", "manaCost": "{1}{G}{G}", "manaValue": 3.0, "name": "Nissa, Voice of Zendikar", "number": "138", "printings": ["DDR", "MB1", "OGW", "POGW", "PRM", "PS16"], "promoTypes": ["convention"], "purchaseUrls": {"cardKingdomFoil": "https://mtgjson.com/links/3147379f5b463515", "tcgplayer": "https://mtgjson.com/links/05361cf7c4033323"}, "rarity": "mythic", "rulings": [], "securityStamp": "oval", "setCode": "PS16", "subtypes": ["Nissa"], "supertypes": ["Legendary"], "text": "[+1]: Create a 0/1 green Plant creature token.\n[−2]: Put a +1/+1 counter on each creature you control.\n[−7]: You gain X life and draw X cards, where X is the number of lands you control.", "type": "Legendary Planeswalker — Nissa", "types": ["Planeswalker"], "uuid": "ef7fcbc1-1636-5841-b001-2b3d9ea716f3"}], "code": "PS16", "isFoilOnly": true, "isOnlineOnly": false, "keyruneCode": "DEFAULT", "name": "San Diego Comic-Con 2016", "releaseDate": "2016-10-01", "tokens": [], "totalSetSize": 5, "translations": {}, "type": "promo"}}