{"meta": {"date": "2022-05-26", "version": "5.2.0+20220526"}, "data": {"baseSetSize": 2, "block": "Shadowmoor", "cards": [{"artist": "Izzy", "availability": ["paper"], "borderColor": "black", "colorIdentity": ["B", "R"], "colors": ["B", "R"], "convertedManaCost": 5.0, "edhrecRank": 18699, "finishes": ["foil"], "flavorText": "\"His laugh, a bellowing, deathly din, slices through the heavens, making them bleed.\"\n—*The Seer's Parables*", "foreignData": [], "frameVersion": "2003", "hasFoil": true, "hasNonFoil": false, "identifiers": {"cardKingdomFoilId": "125151", "cardsphereId": "37124", "mcmId": "19316", "mtgjsonV4Id": "2a29c9e6-ee6c-5159-a0ff-79ca7e1cd543", "scryfallId": "b3b51743-6c7d-4ae9-9200-a87374d6d11b", "scryfallIllustrationId": "be6715b2-41a5-445c-adbf-e94d0aa5e074", "scryfallOracleId": "602ce676-380d-4c3c-b97a-9234ccdc2904", "tcgplayerProductId": "38371"}, "isPromo": true, "isReprint": true, "isStarter": true, "keywords": ["Flying", "Haste"], "language": "English", "layout": "normal", "legalities": {"commander": "Legal", "duel": "Legal", "legacy": "Legal", "modern": "Legal", "penny": "Legal", "vintage": "Legal"}, "manaCost": "{B/R}{B/R}{B/R}{B/R}{B/R}", "manaValue": 5.0, "name": "Demigod of Revenge", "number": "183★", "originalReleaseDate": "2008-04-19", "power": "5", "printings": ["MMA", "PRM", "PSHM", "SHM"], "promoTypes": ["datestamped", "prerelease"], "purchaseUrls": {"cardKingdomFoil": "https://mtgjson.com/links/06baca189f6e8b5d", "tcgplayer": "https://mtgjson.com/links/711fcd6a6019cd59"}, "rarity": "rare", "rulings": [{"date": "2008-05-01", "text": "This ability triggers when you cast Demigod of Revenge as a spell. It won’t trigger if Demigod of Revenge is put directly onto the battlefield."}, {"date": "2008-05-01", "text": "The triggered ability will resolve before Demigod of Revenge will."}, {"date": "2008-05-01", "text": "If Demigod of Revenge is countered *before* its triggered ability resolves, the ability will still resolve. It will return that Demigod of Revenge from your graveyard to the battlefield, as well as any others. If you’re casting a spell to counter Demigod of Revenge, it’s important to clarify you’re casting it *after* the triggered ability resolves if you don’t want that Demigod of Revenge to be put onto the battlefield."}], "setCode": "PSHM", "subtypes": ["Spirit", "Avatar"], "supertypes": [], "text": "When you cast this spell, return all cards named Demigod of Revenge from your graveyard to the battlefield.\nFlying, haste", "toughness": "4", "type": "Creature — Spirit Avatar", "types": ["Creature"], "uuid": "aced19e9-3dca-5db8-86cd-06e60b8d00f3", "watermark": "set"}, {"artist": "Cyril Van Der Haegen", "availability": ["paper"], "borderColor": "black", "colorIdentity": ["G", "R"], "colors": ["G", "R"], "convertedManaCost": 2.0, "edhrecRank": 1491, "finishes": ["foil"], "flavorText": "The stench of bloodcap mushrooms on the breath is enough to ward off even the most potent magics, especially when combined with a special chant: \"Hushhh.\"", "foreignData": [], "frameVersion": "2003", "hasFoil": true, "hasNonFoil": false, "identifiers": {"cardKingdomFoilId": "125157", "cardsphereId": "23915", "mcmId": "19330", "mtgjsonV4Id": "a206787f-e354-5141-a9d5-a504269a666a", "scryfallId": "fbecaab0-e5d7-4bec-9fb5-c24b587eaa42", "scryfallIllustrationId": "671d4cfd-de9e-48ee-98b1-4dc88a96f8e5", "scryfallOracleId": "a20a7cf8-2075-47ad-9229-36264b112e61", "tcgplayerProductId": "38293"}, "isPromo": true, "isReprint": true, "isStarter": true, "language": "English", "layout": "normal", "legalities": {"commander": "Legal", "duel": "Legal", "legacy": "Legal", "modern": "Legal", "penny": "Legal", "vintage": "Legal"}, "manaCost": "{R/G}{R/G}", "manaValue": 2.0, "name": "Vexing Shusher", "number": "222★", "power": "2", "printings": ["2XM", "PRM", "PSHM", "SHM"], "promoTypes": ["release"], "purchaseUrls": {"cardKingdomFoil": "https://mtgjson.com/links/4d05cccb400ed069", "tcgplayer": "https://mtgjson.com/links/1b730f956d34996d"}, "rarity": "rare", "rulings": [{"date": "2020-08-07", "text": "A spell or ability that counters spells can still target spells that can't be countered. When that spell or ability resolves, the uncounterable spell won't be countered, but any additional effects of the countering spell or ability will still happen."}], "setCode": "PSHM", "subtypes": ["Goblin", "Shaman"], "supertypes": [], "text": "This spell can't be countered.\n{R/G}: Target spell can't be countered.", "toughness": "2", "type": "Creature — Goblin Shaman", "types": ["Creature"], "uuid": "674e74e5-e5ad-56b4-acc7-ffd550d9b36d", "watermark": "set"}], "code": "PSHM", "isFoilOnly": true, "isOnlineOnly": false, "keyruneCode": "SHM", "name": "Shadowmoor Promos", "parentCode": "SHM", "releaseDate": "2008-05-02", "tokens": [], "totalSetSize": 2, "translations": {}, "type": "promo"}}