{"meta": {"date": "2022-05-26", "version": "5.2.0+20220526"}, "data": {"baseSetSize": 2, "block": "Kamigawa", "cards": [{"artist": "Ittoku", "availability": ["paper"], "borderColor": "black", "colorIdentity": ["W"], "colors": ["W"], "convertedManaCost": 5.0, "edhrecRank": 14573, "finishes": ["foil"], "foreignData": [], "frameVersion": "2003", "hasFoil": true, "hasNonFoil": false, "identifiers": {"cardKingdomFoilId": "125164", "cardsphereId": "37290", "mcmId": "17721", "mtgjsonV4Id": "9c353b5a-d513-5b03-80c1-d6c085e58f55", "scryfallId": "a08bec1b-6aba-489d-be77-b534a86beb96", "scryfallIllustrationId": "87f4ab8d-be26-4173-8a84-0dcb02ce17b1", "scryfallOracleId": "340ec369-1761-4134-a96d-5537b4e08703", "tcgplayerProductId": "38385"}, "isPromo": true, "isReprint": true, "isStarter": true, "language": "English", "layout": "normal", "leadershipSkills": {"brawl": false, "commander": true, "oathbreaker": false}, "legalities": {"commander": "Legal", "duel": "Legal", "legacy": "Legal", "modern": "Legal", "penny": "Legal", "vintage": "Legal"}, "manaCost": "{3}{W}{W}", "manaValue": 5.0, "name": "Kiyomaro, First to Stand", "number": "18★", "originalReleaseDate": "2005-05-21", "power": "*", "printings": ["PRM", "PSOK", "SOK"], "promoTypes": ["datestamped", "prerelease"], "purchaseUrls": {"cardKingdomFoil": "https://mtgjson.com/links/fcacb2e00a0e66a7", "tcgplayer": "https://mtgjson.com/links/f2c6c778321b9083"}, "rarity": "rare", "rulings": [{"date": "2005-06-01", "text": "Kiyomaro’s power and toughness don’t affect whether it has vigilance or the life-gain ability."}, {"date": "2005-06-01", "text": "Losing vigilance after attackers are declared doesn’t cause Kiyomaro to tap."}, {"date": "2005-06-01", "text": "If you have seven or more cards in hand when Kiyomaro’s triggered ability goes on the stack but less than seven when the ability resolves, the ability does nothing."}], "setCode": "PSOK", "subtypes": ["Spirit"], "supertypes": ["Legendary"], "text": "Kiyomaro, First to Stand's power and toughness are each equal to the number of cards in your hand.\nAs long as you have four or more cards in hand, Kiyomaro has vigilance.\nWhenever Kiyomaro deals damage, if you have seven or more cards in hand, you gain 7 life.", "toughness": "*", "type": "Legendary Creature — Spirit", "types": ["Creature"], "uuid": "c8f21e6d-f7c2-5900-bd6c-1a3f2fff231b", "watermark": "set"}, {"artist": "Ittoku", "availability": ["paper"], "borderColor": "black", "colorIdentity": ["R"], "colors": ["R"], "convertedManaCost": 3.0, "edhrecRank": 18874, "finishes": ["foil"], "foreignData": [], "frameVersion": "2003", "hasFoil": true, "hasNonFoil": false, "identifiers": {"cardKingdomFoilId": "122335", "cardsphereId": "23887", "mcmId": "17731", "mtgjsonV4Id": "4fdad8f1-4800-5aad-a620-05b95b71cca8", "scryfallId": "244bdd06-bb74-4030-b343-9a764f0f2462", "scryfallIllustrationId": "716b64de-0faf-48e3-ad89-c8e36814616b", "scryfallOracleId": "3d772c44-a756-406d-a83f-f671a81513b0", "tcgplayerProductId": "38421"}, "isPromo": true, "isReprint": true, "isStarter": true, "keywords": ["Channel"], "language": "English", "layout": "normal", "legalities": {"commander": "Legal", "duel": "Legal", "legacy": "Legal", "modern": "Legal", "paupercommander": "Restricted", "penny": "Legal", "vintage": "Legal"}, "manaCost": "{2}{R}", "manaValue": 3.0, "name": "Ghost-Lit Raider", "number": "99★", "power": "2", "printings": ["PRM", "PSOK", "SOK"], "promoTypes": ["release"], "purchaseUrls": {"cardKingdomFoil": "https://mtgjson.com/links/4d73bcfffbb4b921", "tcgplayer": "https://mtgjson.com/links/6cf45ff13b40650e"}, "rarity": "uncommon", "rulings": [], "setCode": "PSOK", "subtypes": ["Spirit"], "supertypes": [], "text": "{2}{R}, {T}: Ghost-Lit Raider deals 2 damage to target creature.\nChannel — {3}{R}, Discard Ghost-Lit Raider: It deals 4 damage to target creature.", "toughness": "1", "type": "Creature — Spirit", "types": ["Creature"], "uuid": "4c8bfb43-cf46-5f91-87ea-9c55dda56ef4", "watermark": "set"}], "code": "PSOK", "isFoilOnly": true, "isOnlineOnly": false, "keyruneCode": "SOK", "name": "Saviors of Kamigawa Promos", "parentCode": "SOK", "releaseDate": "2005-06-03", "tokens": [], "totalSetSize": 2, "translations": {}, "type": "promo"}}