{"meta": {"date": "2022-05-26", "version": "5.2.0+20220526"}, "data": {"baseSetSize": 1, "block": "Urza", "cards": [{"artist": "Eric Peterson", "availability": ["paper"], "borderColor": "black", "colorIdentity": ["W"], "colors": ["W"], "convertedManaCost": 4.0, "edhrecRank": 10466, "finishes": ["foil"], "flavorText": "\"You lived for Serra's love. Will you not die for it?\"", "foreignData": [], "frameVersion": "1997", "hasFoil": true, "hasNonFoil": false, "identifiers": {"cardKingdomFoilId": "122332", "cardsphereId": "37192", "mcmId": "17703", "mtgjsonV4Id": "11237258-415f-5598-adc1-a08bbeaececc", "multiverseId": "97044", "scryfallId": "3853fde8-a7cf-402d-abe1-526d0f92dc32", "scryfallIllustrationId": "6397dc0e-e2e7-4243-97be-174f3fe468d2", "scryfallOracleId": "87c44c23-f209-494a-ab66-c9f5cf7bb4ea", "tcgplayerProductId": "21695"}, "isPromo": true, "isReprint": true, "isStarter": true, "language": "English", "layout": "normal", "legalities": {"commander": "Legal", "duel": "Legal", "legacy": "Legal", "penny": "Legal", "premodern": "Legal", "vintage": "Legal"}, "manaCost": "{2}{W}{W}", "manaValue": 4.0, "name": "False Prophet", "number": "6", "originalReleaseDate": "1999-05-29", "power": "2", "printings": ["CMD", "PRM", "PUDS", "UDS"], "promoTypes": ["datestamped", "prerelease"], "purchaseUrls": {"cardKingdomFoil": "https://mtgjson.com/links/2175e2346a5ed191", "tcgplayer": "https://mtgjson.com/links/87529abefd015172"}, "rarity": "rare", "rulings": [{"date": "2004-10-04", "text": "False Prophet only exiles creatures, which means only creature permanents which are on the battlefield. It won’t exile itself since it is already in the graveyard."}], "setCode": "PUDS", "subtypes": ["Human", "Cleric"], "supertypes": [], "text": "When False Prophet dies, exile all creatures.", "toughness": "2", "type": "Creature — Human Cleric", "types": ["Creature"], "uuid": "d5376cab-d82c-552b-bbf9-d9d5db2a1b48"}], "code": "PUDS", "isFoilOnly": true, "isOnlineOnly": false, "keyruneCode": "UDS", "name": "Urza's Destiny Promos", "parentCode": "UDS", "releaseDate": "1999-06-07", "tokens": [], "totalSetSize": 1, "translations": {}, "type": "promo"}}