{"meta": {"date": "2022-05-26", "version": "5.2.0+20220526"}, "data": {"baseSetSize": 1, "cards": [{"artist": "Don Hazeltine", "availability": ["paper"], "borderColor": "silver", "colorIdentity": ["B", "W"], "colors": ["B", "W"], "convertedManaCost": 3.0, "finishes": ["foil"], "flavorText": "Asses to ashes, Donkeys to dust.", "foreignData": [], "frameVersion": "2003", "hasFoil": true, "hasNonFoil": false, "identifiers": {"cardKingdomFoilId": "125566", "cardsphereId": "37037", "mcmId": "17729", "mtgjsonV4Id": "fb81174b-2995-5d6c-9d62-1dbed95e9d02", "scryfallId": "09ceffd6-2fe3-4d8b-93f2-291b31f83668", "scryfallIllustrationId": "5e0ba306-b8ee-4f37-b362-c34ae12570bd", "scryfallOracleId": "630fd1ec-0d1a-45b7-84ae-0b00a6112685", "tcgplayerProductId": "38416"}, "isPromo": true, "isReprint": true, "isStarter": true, "language": "English", "layout": "normal", "legalities": {}, "manaCost": "{1}{W}{B}", "manaValue": 3.0, "name": "Ass Whuppin'", "number": "117★", "originalReleaseDate": "2004-11-20", "printings": ["PUNH", "UNH"], "promoTypes": ["datestamped", "release"], "purchaseUrls": {"cardKingdomFoil": "https://mtgjson.com/links/5474cf760d75a6b8", "tcgplayer": "https://mtgjson.com/links/7ac4c6d8ffbd13b4"}, "rarity": "rare", "rulings": [], "setCode": "PUNH", "subtypes": [], "supertypes": [], "text": "Destroy target silver-bordered permanent in any game you can see from your seat.", "type": "Sorcery", "types": ["Sorcery"], "uuid": "d9e63e68-ce49-5586-a812-9328111afd95", "watermark": "set"}], "code": "PUNH", "isFoilOnly": true, "isOnlineOnly": false, "keyruneCode": "UNH", "name": "Unhinged Promos", "parentCode": "UNH", "releaseDate": "2004-11-19", "tokens": [], "totalSetSize": 1, "translations": {}, "type": "promo"}}