{"meta": {"date": "2022-05-26", "version": "5.2.0+20220526"}, "data": {"baseSetSize": 9, "cards": [{"artist": "Greg Staples", "availability": ["paper"], "borderColor": "black", "colorIdentity": ["G", "W"], "colors": ["G", "W"], "convertedManaCost": 2.0, "edhrecRank": 9626, "finishes": ["foil"], "flavorText": "www.MagicTheGathering.com", "foreignData": [], "frameVersion": "2003", "hasFoil": true, "hasNonFoil": false, "identifiers": {"cardKingdomFoilId": "127038", "cardsphereId": "12167", "mcmId": "21471", "mtgjsonV4Id": "684a6ef5-73d1-5e54-a800-fb85a063944b", "scryfallId": "47a88207-e15c-4d34-bd70-218e6afd15c6", "scryfallIllustrationId": "99f2c448-1780-46a8-a656-c538018dc850", "scryfallOracleId": "ca5d0a56-69c1-4bdb-95f0-af0dec3604a5", "tcgplayerProductId": "38363"}, "isPromo": true, "isReprint": true, "isStarter": true, "keywords": ["Vigilance"], "language": "English", "layout": "normal", "legalities": {"commander": "Legal", "duel": "Legal", "legacy": "Legal", "modern": "Legal", "pauper": "Legal", "paupercommander": "Legal", "penny": "Legal", "vintage": "Legal"}, "manaCost": "{G}{W}", "manaValue": 2.0, "name": "Steward of Valeron", "number": "1", "originalReleaseDate": "2009-01-01", "power": "2", "printings": ["ALA", "DDG", "PURL"], "promoTypes": ["convention"], "purchaseUrls": {"cardKingdomFoil": "https://mtgjson.com/links/992a3a9cd65b4389", "tcgplayer": "https://mtgjson.com/links/93b645bc9c5d3d30"}, "rarity": "rare", "rulings": [], "setCode": "PURL", "subtypes": ["Human", "Druid", "Knight"], "supertypes": [], "text": "Vigilance\n{T}: Add {G}.", "toughness": "2", "type": "Creature — Human Druid Knight", "types": ["Creature"], "uuid": "cda57dba-4772-5073-b150-8f28ba1f2de9"}, {"artist": "Dan Scott", "availability": ["paper"], "borderColor": "black", "colorIdentity": ["W"], "colors": ["W"], "convertedManaCost": 2.0, "edhrecRank": 5679, "finishes": ["foil"], "flavorText": "www.MagicTheGathering.com", "foreignData": [], "frameVersion": "2003", "hasFoil": true, "hasNonFoil": false, "identifiers": {"cardKingdomFoilId": "208371", "cardsphereId": "12163", "mcmId": "246723", "mtgjsonV4Id": "d3f1071c-b9c7-5ac8-8cf2-01d8e175baa9", "scryfallId": "cffc6114-aa99-4c56-80fc-92fb32639d13", "scryfallIllustrationId": "4ae55950-e5b3-464a-b9b6-84b9f86ceff1", "scryfallOracleId": "054a0193-861e-4644-ab0a-8aa33407abc8", "tcgplayerProductId": "38356"}, "isPromo": true, "isReprint": true, "isStarter": true, "keywords": ["Flying"], "language": "English", "layout": "normal", "legalities": {"commander": "Legal", "duel": "Legal", "gladiator": "Legal", "historic": "Legal", "historicbrawl": "Legal", "legacy": "Legal", "modern": "Legal", "pauper": "Legal", "paupercommander": "Legal", "penny": "Legal", "vintage": "Legal"}, "manaCost": "{1}{W}", "manaValue": 2.0, "name": "Kor Skyfisher", "number": "2", "originalReleaseDate": "2010-03-26", "power": "2", "printings": ["DDF", "DDO", "J21", "MB1", "MM3", "PRM", "PURL", "ZEN"], "promoTypes": ["convention"], "purchaseUrls": {"cardKingdomFoil": "https://mtgjson.com/links/0461b51700b2344f", "tcgplayer": "https://mtgjson.com/links/2ae24c277b9f3cc1"}, "rarity": "rare", "rulings": [{"date": "2017-03-14", "text": "Kor Skyfisher’s triggered ability doesn’t target a permanent. You choose which one to return to its owner’s hand as the ability resolves. No one can respond to the choice."}, {"date": "2017-03-14", "text": "If Kor Skyfisher is still on the battlefield as its triggered ability resolves, you may return Kor Skyfisher itself."}], "setCode": "PURL", "subtypes": ["Kor", "Soldier"], "supertypes": [], "text": "Flying\nWhen Kor Skyfisher enters the battlefield, return a permanent you control to its owner's hand.", "toughness": "3", "type": "Creature — Kor Soldier", "types": ["Creature"], "uuid": "d8f64207-7c1d-5f40-8cd6-78f1ef515882", "watermark": "mtg"}, {"artist": "Steve Argyle", "availability": ["paper"], "borderColor": "black", "colorIdentity": ["B"], "colors": ["B"], "convertedManaCost": 2.0, "edhrecRank": 4709, "finishes": ["foil"], "flavorText": "www.MagicTheGathering.com", "foreignData": [], "frameVersion": "2003", "hasFoil": true, "hasNonFoil": false, "identifiers": {"cardKingdomFoilId": "194460", "cardsphereId": "12161", "mcmId": "245319", "mtgjsonV4Id": "be2db4b8-d5a1-536b-a17e-da0c71ea068e", "scryfallId": "abe7768f-5686-44d0-8698-694fb9a400f7", "scryfallIllustrationId": "5eb02737-6c13-41d2-9967-e9f21b403a60", "scryfallOracleId": "aa76cc50-5be0-4844-b3a4-fb33fca3cdd3", "tcgplayerProductId": "48144"}, "isPromo": true, "isReprint": true, "isStarter": true, "language": "English", "layout": "normal", "legalities": {"commander": "Legal", "duel": "Legal", "legacy": "Legal", "modern": "Legal", "pauper": "Legal", "paupercommander": "Legal", "penny": "Legal", "vintage": "Legal"}, "manaCost": "{1}{B}", "manaValue": 2.0, "name": "Bloodthrone Vampire", "number": "3", "originalReleaseDate": "2011-03-11", "power": "1", "printings": ["DDP", "M11", "M13", "MM2", "PURL", "ROE"], "promoTypes": ["convention"], "purchaseUrls": {"cardKingdomFoil": "https://mtgjson.com/links/d306600a46669032", "tcgplayer": "https://mtgjson.com/links/f52ba2e1caff22e4"}, "rarity": "rare", "rulings": [{"date": "2010-06-15", "text": "You can sacrifice Bloodthrone Vampire to activate its own ability, but it won’t be on the battlefield to get the bonus."}, {"date": "2010-06-15", "text": "If you sacrifice an attacking or blocking creature during the declare blockers step, it won’t deal combat damage. If you wait until the combat damage step, but the creature you wish to sacrifice is dealt lethal damage, it’ll be destroyed before you get a chance to sacrifice it."}], "setCode": "PURL", "subtypes": ["Vampire"], "supertypes": [], "text": "Sacrifice a creature: Bloodthrone Vampire gets +2/+2 until end of turn.", "toughness": "1", "type": "Creature — Vampire", "types": ["Creature"], "uuid": "9ed03437-04b2-5bab-ad34-b4f3ab5ab423"}, {"artist": "Jana Schirmer & Johannes Voss", "availability": ["paper"], "borderColor": "black", "colorIdentity": ["U"], "colors": ["U"], "convertedManaCost": 2.0, "edhrecRank": 16433, "finishes": ["foil"], "flavorText": "www.MagicTheGathering.com", "foreignData": [], "frameVersion": "2003", "hasFoil": true, "hasNonFoil": false, "identifiers": {"cardKingdomFoilId": "194462", "cardsphereId": "12164", "mcmId": "257584", "mtgjsonV4Id": "c8f73203-b61b-55b5-89ac-b1613456f390", "scryfallId": "a2052095-99a5-4db1-b7ef-d13875f4da5d", "scryfallIllustrationId": "a6b86e0a-d4d1-4b79-8378-5212f970cfc7", "scryfallOracleId": "590d524f-278d-4cf4-ae3f-efcced4517b1", "tcgplayerProductId": "77453"}, "isPromo": true, "isReprint": true, "isStarter": true, "keywords": ["Mill"], "language": "English", "layout": "normal", "legalities": {"commander": "Legal", "duel": "Legal", "legacy": "Legal", "modern": "Legal", "pauper": "Legal", "paupercommander": "Legal", "penny": "Legal", "vintage": "Legal"}, "manaCost": "{1}{U}", "manaValue": 2.0, "name": "Merfolk Mesmerist", "number": "4", "originalReleaseDate": "2012-04-06", "power": "1", "printings": ["M12", "PURL"], "promoTypes": ["convention"], "purchaseUrls": {"cardKingdomFoil": "https://mtgjson.com/links/a7cb5454ff2b01b8", "tcgplayer": "https://mtgjson.com/links/53bd3fa91c1dd448"}, "rarity": "rare", "rulings": [], "setCode": "PURL", "subtypes": ["Merfolk", "Wizard"], "supertypes": [], "text": "{U}, {T}: Target player mills two cards.", "toughness": "2", "type": "Creature — Merfolk Wizard", "types": ["Creature"], "uuid": "ad0dda21-877c-5c03-9870-f76aff5abc03", "watermark": "mtg"}, {"artist": "Volkan Baǵa", "availability": ["paper"], "borderColor": "black", "colorIdentity": ["R"], "colors": ["R"], "convertedManaCost": 5.0, "edhrecRank": 11949, "finishes": ["foil"], "flavorText": "www.MagicTheGathering.com", "foreignData": [], "frameVersion": "2003", "hasFoil": true, "hasNonFoil": false, "identifiers": {"cardKingdomFoilId": "227283", "cardsphereId": "12162", "mcmId": "263000", "mtgjsonV4Id": "7ab8cca0-5a5c-5b77-a5c0-3af6647240b7", "scryfallId": "e761acf6-6618-44cc-8f65-1d7ad7e520fe", "scryfallIllustrationId": "158eab18-f4cf-4946-b5ab-8d6400848aba", "scryfallOracleId": "eb16f188-fe12-4a13-9947-d43cd6ce270c", "tcgplayerProductId": "79346"}, "isPromo": true, "isReprint": true, "isStarter": true, "language": "English", "layout": "normal", "legalities": {"commander": "Legal", "duel": "Legal", "legacy": "Legal", "modern": "Legal", "pauper": "Legal", "paupercommander": "Legal", "penny": "Legal", "pioneer": "Legal", "vintage": "Legal"}, "manaCost": "{4}{R}", "manaValue": 5.0, "name": "Chandra's Fury", "number": "5", "originalReleaseDate": "2013-03-22", "printings": ["M13", "ORI", "PURL"], "promoTypes": ["convention"], "purchaseUrls": {"cardKingdomFoil": "https://mtgjson.com/links/52b164a9c43beb58", "tcgplayer": "https://mtgjson.com/links/deaad1c3e87762dd"}, "rarity": "rare", "rulings": [{"date": "2012-07-01", "text": "Chandra’s Fury targets only the player, not any creature. Chandra’s Fury will deal 1 damage to a creature with hexproof, for example."}], "setCode": "PURL", "subtypes": [], "supertypes": [], "text": "Chandra's Fury deals 4 damage to target player or planeswalker and 1 damage to each creature that player or that planeswalker's controller controls.", "type": "Instant", "types": ["Instant"], "uuid": "f0148b1f-ceba-5fdf-9833-e3cfaca3e5ab", "watermark": "wotc"}, {"artist": "Michael C. Hayes", "availability": ["paper"], "borderColor": "black", "colorIdentity": ["U"], "colors": ["U"], "convertedManaCost": 3.0, "edhrecRank": 12473, "finishes": ["foil"], "flavorText": "www.MagicTheGathering.com", "foreignData": [], "frameVersion": "2003", "hasFoil": true, "hasNonFoil": false, "identifiers": {"cardKingdomFoilId": "218504", "cardsphereId": "12166", "mcmId": "269610", "mtgjsonV4Id": "79cbfb7d-0b7a-538e-8818-a5f3a825a13d", "scryfallId": "8785bf1f-c459-4332-9915-2c0e046ab3f4", "scryfallIllustrationId": "e203d959-9d36-4437-94cd-812b57310a50", "scryfallOracleId": "8f9535f2-f00c-40d3-9997-d1c0ece15f9f", "tcgplayerProductId": "183116"}, "isPromo": true, "isReprint": true, "isStarter": true, "language": "English", "layout": "normal", "legalities": {"commander": "Legal", "duel": "Legal", "legacy": "Legal", "modern": "Legal", "pauper": "Legal", "paupercommander": "Legal", "penny": "Legal", "pioneer": "Legal", "vintage": "Legal"}, "manaCost": "{2}{U}", "manaValue": 3.0, "name": "Stealer of Secrets", "number": "7", "originalReleaseDate": "2014-04-11", "power": "2", "printings": ["DDM", "PRM", "PURL", "RTR", "W17"], "promoTypes": ["convention"], "purchaseUrls": {"cardKingdomFoil": "https://mtgjson.com/links/83eee0718c5f5710", "tcgplayer": "https://mtgjson.com/links/3640136eb4ef86d3"}, "rarity": "rare", "rulings": [], "setCode": "PURL", "subtypes": ["Human", "Rogue"], "supertypes": [], "text": "Whenever Stealer of Secrets deals combat damage to a player, draw a card.", "toughness": "2", "type": "Creature — Human Rogue", "types": ["Creature"], "uuid": "816ce5f0-4d3d-56c1-9d10-da0ca7f5c4b6", "watermark": "mtg"}, {"artist": "Willian Murai", "availability": ["paper"], "borderColor": "black", "colorIdentity": ["U"], "colors": ["U"], "convertedManaCost": 3.0, "edhrecRank": 20160, "finishes": ["foil"], "flavorText": "Magic.Wizards.com", "foreignData": [], "frameVersion": "2015", "hasFoil": true, "hasNonFoil": false, "identifiers": {"cardKingdomFoilId": "228574", "cardsphereId": "12160", "mcmId": "282226", "mtgjsonV4Id": "a8c5805e-2195-5b97-a3c8-342a086c7bc0", "scryfallId": "21c3a636-962f-46e0-9c9e-48523547acd0", "scryfallIllustrationId": "ca750f77-24a4-4d14-9b4e-c66618c6ea9c", "scryfallOracleId": "a15bb807-ea31-4bff-b573-c249c4c78dd6", "tcgplayerProductId": "131908"}, "isPromo": true, "isReprint": true, "isStarter": true, "language": "English", "layout": "normal", "legalities": {"commander": "Legal", "duel": "Legal", "legacy": "Legal", "modern": "Legal", "pauper": "Legal", "paupercommander": "Legal", "penny": "Legal", "pioneer": "Legal", "vintage": "Legal"}, "manaCost": "{2}{U}", "manaValue": 3.0, "name": "Aeronaut Tinkerer", "number": "8", "originalReleaseDate": "2015-01-23", "power": "2", "printings": ["M15", "PURL"], "promoTypes": ["convention"], "purchaseUrls": {"cardKingdomFoil": "https://mtgjson.com/links/910069f52a24e756", "tcgplayer": "https://mtgjson.com/links/340ae11a08bcbf4c"}, "rarity": "common", "rulings": [], "setCode": "PURL", "subtypes": ["Human", "Artificer"], "supertypes": [], "text": "Aeronaut Tinkerer has flying as long as you control an artifact. (It can't be blocked except by creatures with flying or reach.)", "toughness": "3", "type": "Creature — Human Artificer", "types": ["Creature"], "uuid": "5458a6d5-4318-5103-bdc5-859c400786c9", "watermark": "mtg"}, {"artist": "Thomas M. Baxa", "availability": ["paper"], "borderColor": "black", "colorIdentity": ["B"], "colors": ["B"], "convertedManaCost": 3.0, "edhrecRank": 8370, "finishes": ["foil"], "foreignData": [], "frameVersion": "2003", "hasAlternativeDeckLimit": true, "hasFoil": true, "hasNonFoil": false, "identifiers": {"mcmId": "245555", "mtgjsonV4Id": "6ef3f915-bd0a-5cc3-8886-48ba69bbfe28", "scryfallId": "7a3d472f-6454-427e-8434-ae70af43dcaf", "scryfallIllustrationId": "76fc4aad-fff6-4814-8567-fe796b04d013", "scryfallOracleId": "104ea189-14cd-420f-afdc-57b0f827ab8e"}, "isPromo": true, "isReprint": true, "isStarter": true, "language": "Italian", "layout": "normal", "legalities": {"commander": "Legal", "duel": "Legal", "legacy": "Legal", "modern": "Legal", "pauper": "Legal", "paupercommander": "Legal", "penny": "Legal", "vintage": "Legal"}, "manaCost": "{1}{B}{B}", "manaValue": 3.0, "name": "Relentless Rats", "number": "9", "originalReleaseDate": "2010-01-01", "power": "2", "printings": ["10E", "5DN", "A25", "M10", "M11", "PLIST", "PURL", "TSR"], "promoTypes": ["convention"], "purchaseUrls": {}, "rarity": "rare", "rulings": [{"date": "2021-03-19", "text": "Because damage remains marked on a creature until the damage is removed as the turn ends, nonlethal damage dealt to one Relentless Rats may become lethal if another Relentless Rats leaves the battlefield during that turn."}, {"date": "2021-03-19", "text": "The last ability of Relentless Rats lets you ignore the “four-of” rule. It doesn’t let you ignore format legality. For example, during a Time Spiral Remastered Limited event, you can’t add Relentless Rats from your personal collection."}], "setCode": "PURL", "subtypes": ["Rat"], "supertypes": [], "text": "Relentless Rats gets +1/+1 for each other creature on the battlefield named Relentless Rats.\nA deck can have any number of cards named Relentless Rats.", "toughness": "2", "type": "Creature — Rat", "types": ["Creature"], "uuid": "458af2cf-f8a9-589b-be60-e33fccb9d2d3", "watermark": "colorpie"}, {"artist": "Kekai Kotaki", "availability": ["paper"], "borderColor": "black", "colorIdentity": ["W"], "colors": ["W"], "convertedManaCost": 5.0, "edhrecRank": 16826, "finishes": ["foil"], "flavorText": "www.MagicTheGathering.com\nwww.mtg-jp.com", "foreignData": [], "frameVersion": "2003", "hasFoil": true, "hasNonFoil": false, "identifiers": {"mcmId": "245058", "mtgjsonV4Id": "aa569aff-a437-519c-afc2-504ae485e42c", "scryfallId": "d7e4b490-e435-41bd-9877-6bfed57874f0", "scryfallIllustrationId": "ccfd66f8-8cde-491f-8453-f90a27c0e440", "scryfallOracleId": "d8c70f2f-985c-4982-97eb-99da3810e048", "tcgplayerProductId": "218313"}, "isPromo": true, "isReprint": true, "isStarter": true, "keywords": ["First strike", "Flying", "Vigilance"], "language": "Japanese", "layout": "normal", "legalities": {"commander": "Legal", "duel": "Legal", "legacy": "Legal", "modern": "Legal", "paupercommander": "Restricted", "penny": "Legal", "vintage": "Legal"}, "manaCost": "{4}{W}", "manaValue": 5.0, "name": "Shepherd of the Lost", "number": "34★", "originalReleaseDate": "2009-10-03", "power": "3", "printings": ["PRM", "PURL", "ZEN"], "promoTypes": ["convention"], "purchaseUrls": {"tcgplayer": "https://mtgjson.com/links/a76e2183f5445563"}, "rarity": "uncommon", "rulings": [], "setCode": "PURL", "subtypes": ["Angel"], "supertypes": [], "text": "Flying, first strike, vigilance", "toughness": "3", "type": "Creature — Angel", "types": ["Creature"], "uuid": "3b7e5657-c07c-58c2-97e1-0d66bdc27796", "watermark": "dengekimaoh"}], "code": "PURL", "isFoilOnly": true, "isOnlineOnly": false, "keyruneCode": "PMEI", "name": "URL/Convention Promos", "releaseDate": "2009-02-08", "tokens": [], "totalSetSize": 9, "translations": {}, "type": "promo"}}