{"meta": {"date": "2022-05-26", "version": "5.2.0+20220526"}, "data": {"baseSetSize": 10, "cards": [{"artist": "Alex Horley-Orlandelli", "availability": ["paper"], "borderColor": "black", "colorIdentity": ["W"], "colors": ["W"], "convertedManaCost": 2.0, "edhrecRank": 15513, "finishes": ["foil"], "flavorText": "\"A river of lava is just another river to cross.\"", "foreignData": [], "frameVersion": "2003", "hasFoil": true, "hasNonFoil": false, "identifiers": {"cardKingdomFoilId": "131959", "cardsphereId": "47020", "mcmId": "22334", "mtgjsonV4Id": "a7bdc289-a4bd-502f-8cc2-20ab7d32a239", "scryfallId": "8d1e1127-a8f3-4a07-bba5-a44166cb7abc", "scryfallIllustrationId": "40a079c5-6260-4f4e-b19d-fda497a8f752", "scryfallOracleId": "fb37ff1c-7461-4a16-b27f-6eef0db937fe", "tcgplayerProductId": "38198"}, "isPromo": true, "isReprint": true, "isStarter": true, "keywords": ["Protection"], "language": "English", "layout": "normal", "legalities": {"commander": "Legal", "duel": "Legal", "legacy": "Legal", "modern": "Legal", "paupercommander": "Restricted", "vintage": "Legal"}, "manaCost": "{W}{W}", "manaValue": 2.0, "name": "Kor Firewalker", "number": "36", "power": "2", "printings": ["A25", "MB1", "PRM", "PW10", "TD0", "WWK"], "promoTypes": ["wizardsplaynetwork"], "purchaseUrls": {"cardKingdomFoil": "https://mtgjson.com/links/3f24ec23c26444e9", "tcgplayer": "https://mtgjson.com/links/18e51fea3eabbd56"}, "rarity": "rare", "rulings": [{"date": "2018-03-16", "text": "Kor Firewalker’s triggered ability resolves before the red spell that caused it to trigger."}], "setCode": "PW10", "subtypes": ["Kor", "Soldier"], "supertypes": [], "text": "Protection from red\nWhenever a player casts a red spell, you may gain 1 life.", "toughness": "2", "type": "Creature — Kor Soldier", "types": ["Creature"], "uuid": "6ee40a79-4679-5b8d-84b1-c0c2b0448231", "watermark": "dci"}, {"artist": "Chris Rahn", "availability": ["paper"], "borderColor": "black", "colorIdentity": ["G"], "colors": ["G"], "convertedManaCost": 3.0, "edhrecRank": 8695, "finishes": ["foil"], "flavorText": "Heavy enough to withstand the Roil, leatherback skeletons are havens for travelers in storms and landshifts.", "foreignData": [], "frameVersion": "2003", "hasFoil": true, "hasNonFoil": false, "identifiers": {"cardKingdomFoilId": "131961", "cardsphereId": "47022", "mcmId": "22107", "mtgjsonV4Id": "c5cd9c33-9885-5707-be47-246839bbd5c3", "scryfallId": "e2c621ad-7109-4e07-b0cf-49fc243bc175", "scryfallIllustrationId": "bc02687b-b37a-44e6-8fa8-b8ba5f18cc30", "scryfallOracleId": "0ee14128-3bec-4b65-8ee4-619337d4ed45", "tcgplayerProductId": "38200"}, "isPromo": true, "isReprint": true, "isStarter": true, "language": "English", "layout": "normal", "legalities": {"commander": "Legal", "duel": "Legal", "legacy": "Legal", "modern": "Legal", "paupercommander": "Restricted", "penny": "Legal", "vintage": "Legal"}, "manaCost": "{G}{G}{G}", "manaValue": 3.0, "name": "Leatherback Baloth", "number": "37", "power": "4", "printings": ["PRM", "PW10", "WWK"], "promoTypes": ["wizardsplaynetwork"], "purchaseUrls": {"cardKingdomFoil": "https://mtgjson.com/links/1b852de9915cea82", "tcgplayer": "https://mtgjson.com/links/d03ad59d3a146aaf"}, "rarity": "rare", "rulings": [], "setCode": "PW10", "subtypes": ["Beast"], "supertypes": [], "toughness": "5", "type": "Creature — Beast", "types": ["Creature"], "uuid": "9d31d70e-8788-5a98-a4fc-1ed30425cdd5", "watermark": "dci"}, {"artist": "Jeff Easley", "availability": ["paper"], "borderColor": "black", "colorIdentity": ["B"], "colors": ["B"], "convertedManaCost": 4.0, "edhrecRank": 846, "finishes": ["foil"], "flavorText": "When tempers run high, it's easy to lose your head.", "foreignData": [], "frameVersion": "2003", "hasFoil": true, "hasNonFoil": false, "identifiers": {"cardKingdomFoilId": "131963", "cardsphereId": "47046", "mcmId": "242100", "mtgjsonV4Id": "2bc06454-651e-5d6c-9019-4baad17899e9", "scryfallId": "e0a72c31-6df0-4b88-b04c-324b03872aff", "scryfallIllustrationId": "191eb8c3-4480-4e73-999b-03cb438dc6da", "scryfallOracleId": "abc37d6c-6300-47b5-a679-9db5b83eb54f", "tcgplayerProductId": "38440"}, "isPromo": true, "isReprint": true, "isStarter": true, "language": "English", "layout": "normal", "legalities": {"commander": "Legal", "duel": "Legal", "legacy": "Legal", "pauper": "Legal", "paupercommander": "Legal", "premodern": "Legal", "vintage": "Legal"}, "manaCost": "{3}{B}", "manaValue": 4.0, "name": "Syphon Mind", "number": "40", "printings": ["C14", "C17", "CM2", "CMA", "CMD", "HOP", "ONS", "PW10"], "promoTypes": ["wizardsplaynetwork"], "purchaseUrls": {"cardKingdomFoil": "https://mtgjson.com/links/2f0d74614772e49c", "tcgplayer": "https://mtgjson.com/links/542e52bfda937a5c"}, "rarity": "rare", "rulings": [], "setCode": "PW10", "subtypes": [], "supertypes": [], "text": "Each other player discards a card. You draw a card for each card discarded this way.", "type": "Sorcery", "types": ["Sorcery"], "uuid": "6534c00c-e0c8-5188-9308-4ba304c6d2b5", "watermark": "wpn"}, {"artist": "Goran Josic", "availability": ["paper"], "borderColor": "black", "colorIdentity": [], "colors": [], "convertedManaCost": 11.0, "edhrecRank": 1719, "finishes": ["foil"], "flavorText": "No thought but hunger. No strategy but destruction.", "foreignData": [], "frameVersion": "2003", "hasFoil": true, "hasNonFoil": false, "identifiers": {"cardKingdomFoilId": "131960", "cardsphereId": "47033", "mcmId": "240414", "mtgjsonV4Id": "4d0772e6-7eed-5291-a9eb-432cd68feccf", "scryfallId": "ef1e41e0-d78c-40b2-97f6-767318329711", "scryfallIllustrationId": "63e36f62-8e20-4e1e-b27b-939afdf3e519", "scryfallOracleId": "4bf95747-4572-49b8-b892-87fe7f910252", "tcgplayerProductId": "38205"}, "isPromo": true, "isReprint": true, "isStarter": true, "keywords": ["Annihilator"], "language": "English", "layout": "normal", "legalities": {"commander": "Legal", "duel": "Legal", "legacy": "Legal", "modern": "Legal", "paupercommander": "Restricted", "penny": "Legal", "vintage": "Legal"}, "manaCost": "{11}", "manaValue": 11.0, "name": "Pathrazer of Ulamog", "number": "46", "power": "9", "printings": ["MB1", "PRM", "PW10", "ROE"], "promoTypes": ["wizardsplaynetwork"], "purchaseUrls": {"cardKingdomFoil": "https://mtgjson.com/links/28cbb76bb814fc77", "tcgplayer": "https://mtgjson.com/links/3ef1e87be1f85063"}, "rarity": "rare", "rulings": [{"date": "2010-06-15", "text": "Annihilator abilities trigger and resolve during the declare attackers step. The defending player chooses and sacrifices the required number of permanents before they declare blockers. Any creatures sacrificed this way won’t be able to block."}, {"date": "2010-06-15", "text": "If a creature with annihilator is attacking a planeswalker, and the defending player chooses to sacrifice that planeswalker, the attacking creature continues to attack. It may be blocked. If it isn’t blocked, it simply won’t deal combat damage to anything."}], "setCode": "PW10", "subtypes": ["Eldrazi"], "supertypes": [], "text": "Annihilator 3 (Whenever this creature attacks, defending player sacrifices three permanents.)\nPathrazer of Ulamog can't be blocked except by three or more creatures.", "toughness": "9", "type": "Creature — Eldrazi", "types": ["Creature"], "uuid": "2b0239bf-9611-5cd4-a709-2a55310006d5", "watermark": "dci"}, {"artist": "Karl Kopinski", "availability": ["paper"], "borderColor": "black", "colorIdentity": ["B"], "colors": ["B"], "convertedManaCost": 4.0, "edhrecRank": 10910, "finishes": ["foil"], "flavorText": "\"We must all push through the pain to heal our world.\"\n—Ayli, Kamsa cleric", "foreignData": [], "frameVersion": "2003", "hasFoil": true, "hasNonFoil": false, "identifiers": {"cardKingdomFoilId": "131958", "cardsphereId": "47007", "mcmId": "240415", "mtgjsonV4Id": "ed7e4b5f-4901-5606-b3bd-2ee42bed4ada", "scryfallId": "d0f1c170-03d1-42a7-91e4-0ac537af1328", "scryfallIllustrationId": "8f478574-a153-45e5-b2b4-ae56ad617e79", "scryfallOracleId": "e0d78210-ba85-439f-bf1f-92ef80b6030d", "tcgplayerProductId": "38426"}, "isPromo": true, "isReprint": true, "isStarter": true, "language": "English", "layout": "normal", "legalities": {"commander": "Legal", "duel": "Legal", "legacy": "Legal", "modern": "Legal", "penny": "Legal", "vintage": "Legal"}, "manaCost": "{2}{B}{B}", "manaValue": 4.0, "name": "Curse of Wizardry", "number": "47", "printings": ["PRM", "PW10", "ROE"], "promoTypes": ["wizardsplaynetwork"], "purchaseUrls": {"cardKingdomFoil": "https://mtgjson.com/links/f3d86d736c304aa4", "tcgplayer": "https://mtgjson.com/links/c6ce642918ef0672"}, "rarity": "rare", "rulings": [{"date": "2010-06-15", "text": "Curse of Wizardry affects all players, including you."}, {"date": "2010-06-15", "text": "If a player casts a spell of the chosen color, Curse of Wizardry’s second ability triggers and goes on the stack on top of it. The ability will resolve before the spell does."}], "setCode": "PW10", "subtypes": [], "supertypes": [], "text": "As Curse of Wizardry enters the battlefield, choose a color.\nWhenever a player casts a spell of the chosen color, that player loses 1 life.", "type": "Enchantment", "types": ["Enchantment"], "uuid": "31cde735-ad28-50bd-928d-1f9b2cd07c6f", "watermark": "dci"}, {"artist": "Daren Bader", "availability": ["paper"], "borderColor": "black", "colorIdentity": ["R"], "colors": ["R"], "convertedManaCost": 2.0, "edhrecRank": 1740, "finishes": ["foil"], "flavorText": "Sometimes the cannoneer must become the cannonball.", "foreignData": [], "frameVersion": "2003", "hasFoil": true, "hasNonFoil": false, "identifiers": {"cardKingdomFoilId": "132555", "cardsphereId": "47012", "mcmId": "242498", "mtgjsonV4Id": "a619f188-7246-5179-9f2d-7db742be405d", "scryfallId": "303195f3-07ac-4eed-ab27-bf7c4b5378a3", "scryfallIllustrationId": "bf086b83-238b-4650-ba0f-ebc3896b3ee7", "scryfallOracleId": "24227761-b50e-4b9e-93a2-e82d053b3e3d", "tcgplayerProductId": "38194"}, "isPromo": true, "isReprint": true, "isStarter": true, "language": "English", "layout": "normal", "legalities": {"commander": "Legal", "duel": "Legal", "explorer": "Legal", "gladiator": "Legal", "historic": "Legal", "historicbrawl": "Legal", "legacy": "Legal", "modern": "Legal", "pauper": "Legal", "paupercommander": "Legal", "penny": "Legal", "pioneer": "Legal", "premodern": "Legal", "vintage": "Legal"}, "manaCost": "{1}{R}", "manaValue": 2.0, "name": "Fling", "number": "50", "printings": ["AKH", "DKA", "ELD", "JMP", "M11", "M12", "MB1", "PAL01", "PC2", "PCA", "PRM", "PW10", "PW11", "STH"], "promoTypes": ["wizardsplaynetwork"], "purchaseUrls": {"cardKingdomFoil": "https://mtgjson.com/links/4a3f952a0546e5dc", "tcgplayer": "https://mtgjson.com/links/6d50b6d1d487c9c9"}, "rarity": "rare", "rulings": [{"date": "2019-10-04", "text": "The sacrificed creature’s last known existence on the battlefield is checked to determine its power."}, {"date": "2019-10-04", "text": "You must sacrifice exactly one creature to cast this spell; you can’t cast it without sacrificing a creature, and you can’t sacrifice additional creatures."}, {"date": "2019-10-04", "text": "Players can only respond once this spell has been cast and all its costs have been paid. No one can try to interfere with the creature you sacrificed to prevent you from casting this spell."}], "setCode": "PW10", "subtypes": [], "supertypes": [], "text": "As an additional cost to cast this spell, sacrifice a creature.\nFling deals damage equal to the sacrificed creature's power to any target.", "type": "Instant", "types": ["Instant"], "uuid": "d5a40925-30d8-53f7-8ea5-c0ebc6f45a81", "watermark": "dci"}, {"artist": "Ciruelo", "availability": ["paper"], "borderColor": "black", "colorIdentity": ["G"], "colors": ["G"], "convertedManaCost": 2.0, "edhrecRank": 4713, "finishes": ["foil"], "flavorText": "\"Not all paths are found on the forest floor.\"", "foreignData": [], "frameVersion": "2003", "hasFoil": true, "hasNonFoil": false, "identifiers": {"cardKingdomFoilId": "132561", "cardsphereId": "47044", "mcmId": "242499", "mtgjsonV4Id": "6a7d9acb-ce6e-5af8-874a-4d894ad96976", "scryfallId": "e63c5f75-e975-4355-bdac-4124a132ae13", "scryfallIllustrationId": "a59e46c4-0b6f-4d63-898a-89a7951cbbf6", "scryfallOracleId": "29a90fda-541e-4923-b3ed-e2b35d02c74b", "tcgplayerProductId": "38209"}, "isPromo": true, "isReprint": true, "isStarter": true, "language": "English", "layout": "normal", "legalities": {"commander": "Legal", "duel": "Legal", "gladiator": "Legal", "historic": "Legal", "historicbrawl": "Legal", "legacy": "Legal", "modern": "Legal", "pauper": "Legal", "paupercommander": "Legal", "penny": "Legal", "vintage": "Legal"}, "manaCost": "{1}{G}", "manaValue": 2.0, "name": "Sylvan Ranger", "number": "51", "power": "1", "printings": ["C14", "CMA", "DDH", "JMP", "M11", "MM3", "PRM", "PW10", "PW11"], "promoTypes": ["wizardsplaynetwork"], "purchaseUrls": {"cardKingdomFoil": "https://mtgjson.com/links/0147d34a94f5cf01", "tcgplayer": "https://mtgjson.com/links/22c84e9c34210429"}, "rarity": "rare", "rulings": [], "setCode": "PW10", "subtypes": ["Elf", "Scout", "Ranger"], "supertypes": [], "text": "When Sylvan Ranger enters the battlefield, you may search your library for a basic land card, reveal it, put it into your hand, then shuffle.", "toughness": "1", "type": "Creature — Elf Scout Ranger", "types": ["Creature"], "uuid": "d79d09f3-e204-5d97-9011-a5080bf5d0d3", "watermark": "dci"}, {"artist": "Tomasz Jedruszek", "availability": ["paper"], "borderColor": "black", "colorIdentity": ["B"], "colors": ["B"], "convertedManaCost": 2.0, "edhrecRank": 3532, "finishes": ["foil"], "flavorText": "It leaves its victims one sting closer to phyresis.", "foreignData": [], "frameVersion": "2003", "hasFoil": true, "hasNonFoil": false, "identifiers": {"cardKingdomFoilId": "184982", "cardsphereId": "47035", "mcmId": "244157", "mtgjsonV4Id": "143381db-06c7-51a5-9d1b-4520febc016d", "scryfallId": "568d7e97-ae65-47e8-b53d-1bc367738c78", "scryfallIllustrationId": "d71fe053-7a79-4f5b-b873-68c7bec87bfc", "scryfallOracleId": "047e761e-7bbe-403b-86d7-cb9fb0b20b21", "tcgplayerProductId": "57656"}, "isPromo": true, "isReprint": true, "isStarter": true, "keywords": ["Flying", "Infect"], "language": "English", "layout": "normal", "legalities": {"commander": "Legal", "duel": "Legal", "legacy": "Legal", "modern": "Legal", "pauper": "Legal", "paupercommander": "Legal", "penny": "Legal", "vintage": "Legal"}, "manaCost": "{1}{B}", "manaValue": 2.0, "name": "Plague Stinger", "number": "59", "power": "1", "printings": ["PRM", "PW10", "SOM"], "promoTypes": ["wizardsplaynetwork"], "purchaseUrls": {"cardKingdomFoil": "https://mtgjson.com/links/82b694ed8f01b4ad", "tcgplayer": "https://mtgjson.com/links/f4d8ab0cdb2f3f52"}, "rarity": "rare", "rulings": [{"date": "2011-01-01", "text": "Damage from a source with infect affects planeswalkers normally."}, {"date": "2011-01-01", "text": "A player who has ten or more poison counters loses the game. This is a state-based action."}, {"date": "2011-01-01", "text": "Infect’s effect applies to any damage, not just combat damage."}, {"date": "2011-01-01", "text": "The -1/-1 counters remain on the creature indefinitely. They’re not removed if the creature regenerates or the turn ends."}, {"date": "2011-01-01", "text": "Damage from a source with infect is damage in all respects. If the source with infect also has lifelink, damage dealt by that source also causes its controller to gain that much life. Damage from a source with infect can be prevented or redirected. Abilities that trigger on damage being dealt will trigger if a source with infect deals damage, if appropriate."}, {"date": "2011-01-01", "text": "If damage from a source with infect that would be dealt to a player is prevented, that player doesn’t get poison counters. If damage from a source with infect that would be dealt to a creature is prevented, that creature doesn’t get -1/-1 counters."}], "setCode": "PW10", "subtypes": ["Phyrexian", "Insect", "Horror"], "supertypes": [], "text": "Flying\nInfect (This creature deals damage to creatures in the form of -1/-1 counters and to players in the form of poison counters.)", "toughness": "1", "type": "Creature — Phyrexian Insect Horror", "types": ["Creature"], "uuid": "c4f9d059-e05b-5a02-8481-ccf22204c461", "watermark": "phyrexian"}, {"artist": "Alan Pollack", "availability": ["paper"], "borderColor": "black", "colorIdentity": [], "colors": [], "convertedManaCost": 2.0, "edhrecRank": 8804, "finishes": ["foil"], "flavorText": "The heart of a golem gives life to more than just the iron husk around it.", "foreignData": [], "frameVersion": "2003", "hasFoil": true, "hasNonFoil": false, "identifiers": {"cardKingdomFoilId": "185507", "cardsphereId": "47015", "mcmId": "244158", "mtgjsonV4Id": "e2e4eaf2-7575-508d-93fe-7a21c591452e", "scryfallId": "1630b54b-b580-4d64-8926-72df69065a9b", "scryfallIllustrationId": "004425c6-83fc-4365-82a0-b92ecb4e6130", "scryfallOracleId": "650890bc-aba6-45fb-8096-3a36b0a015b3", "tcgplayerProductId": "71284"}, "isPromo": true, "isReprint": true, "isStarter": true, "language": "English", "layout": "normal", "legalities": {"commander": "Legal", "duel": "Legal", "legacy": "Legal", "modern": "Legal", "penny": "Legal", "vintage": "Legal"}, "manaCost": "{2}", "manaValue": 2.0, "name": "Golem's Heart", "number": "60", "printings": ["PLIST", "PRM", "PW10", "SOM"], "promoTypes": ["wizardsplaynetwork"], "purchaseUrls": {"cardKingdomFoil": "https://mtgjson.com/links/b064f87a7b485de2", "tcgplayer": "https://mtgjson.com/links/0bb2eff9894c712a"}, "rarity": "rare", "rulings": [{"date": "2011-01-01", "text": "Unlike Golem Foundry and the Smith cycle, Golem’s Heart’s ability triggers whenever any player casts an artifact spell, not just when you do."}, {"date": "2011-01-01", "text": "Whenever a player casts an artifact spell, Golem’s Heart’s ability triggers and goes on the stack on top of it. It will resolve before the artifact spell does."}], "setCode": "PW10", "subtypes": [], "supertypes": [], "text": "Whenever a player casts an artifact spell, you may gain 1 life.", "type": "Artifact", "types": ["Artifact"], "uuid": "05f74090-c9a2-5b98-a77f-23bcfea387b5", "watermark": "mirran"}, {"artist": "Adrian Smith", "availability": ["paper"], "borderColor": "black", "colorIdentity": ["B"], "colors": ["B"], "convertedManaCost": 4.0, "edhrecRank": 5519, "finishes": ["foil"], "flavorText": "\"Your creations are effective, Sheoldred, but we must unite the flesh, not merely flay it.\"\n—Elesh Norn, Grand Cenobite", "foreignData": [], "frameVersion": "2003", "hasFoil": true, "hasNonFoil": false, "identifiers": {"cardKingdomFoilId": "186645", "cardsphereId": "47041", "mcmId": "245056", "mtgjsonV4Id": "1be591f0-c848-550d-b8d7-7787e412aecf", "scryfallId": "56cb6d16-506e-4902-b0d8-883651a624f5", "scryfallIllustrationId": "24062aa0-3c99-4f2c-b53d-5c1a3e0fdb25", "scryfallOracleId": "c5c225a6-6a5e-4905-9412-dad15ba645b4", "tcgplayerProductId": "57657"}, "isPromo": true, "isReprint": true, "isStarter": true, "language": "English", "layout": "normal", "legalities": {"commander": "Legal", "duel": "Legal", "legacy": "Legal", "modern": "Legal", "paupercommander": "Restricted", "penny": "Legal", "vintage": "Legal"}, "manaCost": "{2}{B}{B}", "manaValue": 4.0, "name": "Skinrender", "number": "63", "power": "3", "printings": ["PW10", "SOM"], "promoTypes": ["wizardsplaynetwork"], "purchaseUrls": {"cardKingdomFoil": "https://mtgjson.com/links/574603f60103fa13", "tcgplayer": "https://mtgjson.com/links/1cf5bac0f04d965d"}, "rarity": "rare", "rulings": [{"date": "2011-01-01", "text": "This ability is mandatory. If there are no other creatures on the battlefield, you must target Skinrender itself."}], "setCode": "PW10", "subtypes": ["Phyrexian", "Zombie"], "supertypes": [], "text": "When Skinrender enters the battlefield, put three -1/-1 counters on target creature.", "toughness": "3", "type": "Creature — Phyrexian Zombie", "types": ["Creature"], "uuid": "0dfa067f-8e40-50a0-8911-f2bd6c8405cf", "watermark": "phyrexian"}], "code": "PW10", "isFoilOnly": true, "isOnlineOnly": false, "keyruneCode": "PARL", "name": "Wizards Play Network 2010", "releaseDate": "2010-01-01", "tokens": [], "totalSetSize": 10, "translations": {}, "type": "promo"}}