{"meta": {"date": "2022-05-26", "version": "5.2.0+20220526"}, "data": {"baseSetSize": 5, "cards": [{"artist": "Trevor Claxton", "availability": ["paper"], "borderColor": "black", "colorIdentity": ["G"], "colors": ["G"], "convertedManaCost": 4.0, "edhrecRank": 9903, "finishes": ["foil"], "flavorText": "Leave but a shred of root and it will return, bursting with vigor.", "foreignData": [], "frameVersion": "2003", "hasFoil": true, "hasNonFoil": false, "identifiers": {"cardKingdomFoilId": "193845", "cardsphereId": "46997", "mcmId": "260985", "mtgjsonV4Id": "14112f23-c28c-57a6-a32d-e56f06995e04", "scryfallId": "956238ab-52ff-4787-aebc-efd13b6a2468", "scryfallIllustrationId": "586c2ecf-6e2d-4eae-b6b8-7e630231b0eb", "scryfallOracleId": "7ed52301-81ea-4e7f-b985-cfab0593cae4", "tcgplayerProductId": "77355"}, "isPromo": true, "isReprint": true, "isStarter": true, "keywords": ["Haste"], "language": "English", "layout": "normal", "legalities": {"commander": "Legal", "duel": "Legal", "legacy": "Legal", "modern": "Legal", "vintage": "Legal"}, "manaCost": "{2}{G}{G}", "manaValue": 4.0, "name": "Vengevine", "number": "2013", "power": "4", "printings": ["2XM", "PRM", "PUMA", "PWCQ", "ROE", "SLD", "UMA"], "promoTypes": ["tourney"], "purchaseUrls": {"cardKingdomFoil": "https://mtgjson.com/links/b97ec5db907d5ced", "tcgplayer": "https://mtgjson.com/links/83dd50d00c9b38e8"}, "rarity": "mythic", "rulings": [{"date": "2020-08-07", "text": "An ability that triggers when a player casts a spell resolves before the spell that caused it to trigger. It resolves even if that spell is countered."}, {"date": "2020-08-07", "text": "Vengevine's triggered ability works only if Vengevine is already in your graveyard as you finish casting your second creature spell in a turn and if it remains there until the triggered ability resolves."}, {"date": "2020-08-07", "text": "Vengevine's triggered ability checks the spells you cast over the course of the entire turn, not just the ones you cast while Vengevine is in your graveyard. For example, if you cast a creature spell, then Vengevine is put into your graveyard, then you cast another creature spell, Vengevine's ability triggers."}, {"date": "2020-08-07", "text": "Vengevine's ability triggers only for the second creature spell you cast in a turn. It won't trigger for the third, fourth, or so on. It also doesn't matter how many noncreature spells you cast in a turn; the ability counts only the creature spells."}], "setCode": "PWCQ", "subtypes": ["Elemental"], "supertypes": [], "text": "Haste\nWhenever you cast a spell, if it's the second creature spell you cast this turn, you may return Vengevine from your graveyard to the battlefield.", "toughness": "3", "type": "Creature — Elemental", "types": ["Creature"], "uuid": "41da73a9-fbaa-5607-8788-31cf458a74ba", "watermark": "wotc"}, {"artist": "Izzy", "availability": ["paper"], "borderColor": "black", "colorIdentity": ["U", "W"], "colors": ["U", "W"], "convertedManaCost": 3.0, "edhrecRank": 4622, "finishes": ["foil"], "foreignData": [], "frameVersion": "2003", "hasFoil": true, "hasNonFoil": false, "identifiers": {"cardKingdomFoilId": "199447", "cardsphereId": "46995", "mcmId": "268779", "mtgjsonV4Id": "bd7c3919-4d0d-51b7-8ef6-63013d33c751", "scryfallId": "27153f2f-998d-42ce-a718-ee08412ba0f6", "scryfallIllustrationId": "eb588fd7-af5e-437f-8a8c-26dc8ddbf5e7", "scryfallOracleId": "4304035c-c3e4-4a19-aa1f-92a83d8aed1f", "tcgplayerProductId": "90868"}, "isPromo": true, "isReprint": true, "isStarter": true, "keywords": ["Hexproof"], "language": "English", "layout": "normal", "leadershipSkills": {"brawl": false, "commander": true, "oathbreaker": false}, "legalities": {"commander": "Legal", "duel": "Restricted", "legacy": "Legal", "modern": "Legal", "vintage": "Legal"}, "manaCost": "{1}{W}{U}", "manaValue": 3.0, "name": "Geist of Saint Traft", "number": "2014", "originalReleaseDate": "2014-08-16", "power": "2", "printings": ["2XM", "DDQ", "ISD", "PRM", "PWCQ", "VOC"], "promoTypes": ["tourney"], "purchaseUrls": {"cardKingdomFoil": "https://mtgjson.com/links/6585853c9874f98e", "tcgplayer": "https://mtgjson.com/links/9101d953192da83b"}, "rarity": "mythic", "rulings": [{"date": "2017-07-17", "text": "Geist of Saint Traft is banned as a commander in Duel Commander format, but it may be part of your deck."}, {"date": "2020-08-07", "text": "You choose which player or planeswalker the Angel token is attacking. It doesn't have to be attacking the same player or planeswalker that Geist of Saint Traft is attacking."}, {"date": "2020-08-07", "text": "Although the Angel is an attacking creature, it was never declared as an attacking creature. This means that abilities that trigger whenever a creature attacks won't trigger when it enters the battlefield attacking."}, {"date": "2020-08-07", "text": "Any effects that say that the Angel can't attack (such as that of Propaganda) affect only the declaration of attackers. They won't stop the Angel token from entering the battlefield attacking."}, {"date": "2020-08-07", "text": "If you create more than one Angel token (most likely due to Doubling Season), both are exiled at end of combat. On the other hand, if something else becomes a copy of the Angel token, the copy isn't exiled."}], "setCode": "PWCQ", "subtypes": ["Spirit", "Cleric"], "supertypes": ["Legendary"], "text": "Hexproof (This creature can't be the target of spells or abilities your opponents control.)\nWhenever Geist of Saint Traft attacks, create a 4/4 white Angel creature token with flying that's tapped and attacking. Exile that token at end of combat.", "toughness": "2", "type": "Legendary Creature — Spirit Cleric", "types": ["Creature"], "uuid": "cdd97783-8eca-52b7-a4cd-4398747969ba", "watermark": "wotc"}, {"artist": "Steve Argyle", "availability": ["paper"], "borderColor": "black", "colorIdentity": ["W"], "colors": ["W"], "convertedManaCost": 2.0, "edhrecRank": 997, "finishes": ["foil"], "flavorText": "\"Thraben is our home and I will not see it fall to this unhallowed horde.\"", "foreignData": [], "frameVersion": "2015", "hasFoil": true, "hasNonFoil": false, "identifiers": {"cardKingdomFoilId": "203152", "cardsphereId": "46996", "mcmId": "282070", "mtgjsonV4Id": "8b67ba06-2cee-5923-83f2-2f99adf4e892", "scryfallId": "e6f9792f-7435-49dd-98b4-cc2e9f556338", "scryfallIllustrationId": "afe429cb-0c64-4b84-920d-104d9fa1553f", "scryfallOracleId": "9b7f1d05-707c-4ed3-9f0e-8ced1232c2ee", "tcgplayerProductId": "97698"}, "isPromo": true, "isReprint": true, "isStarter": true, "keywords": ["First strike"], "language": "English", "layout": "normal", "leadershipSkills": {"brawl": false, "commander": true, "oathbreaker": false}, "legalities": {"alchemy": "Legal", "brawl": "Legal", "commander": "Legal", "duel": "Legal", "explorer": "Legal", "future": "Legal", "gladiator": "Legal", "historic": "Legal", "historicbrawl": "Legal", "legacy": "Legal", "modern": "Legal", "pioneer": "Legal", "standard": "Legal", "vintage": "Legal"}, "manaCost": "{1}{W}", "manaValue": 2.0, "name": "Thalia, Guardian of Thraben", "number": "2015", "originalReleaseDate": "2015-08-22", "power": "2", "printings": ["A25", "DBL", "DKA", "HA2", "PRM", "PVOW", "PWCQ", "SLD", "VOW"], "promoTypes": ["tourney"], "purchaseUrls": {"cardKingdomFoil": "https://mtgjson.com/links/ce54ce79e537d7f6", "tcgplayer": "https://mtgjson.com/links/e43644b3e2283102"}, "rarity": "rare", "rulings": [{"date": "2018-03-16", "text": "Thalia's ability affects each spell that's not a creature spell, including your own."}, {"date": "2018-03-16", "text": "To determine the total cost of a spell, start with the mana cost or alternative cost you're paying, add any cost increases, then apply any cost reductions. The mana value of the spell remains unchanged, no matter what the total cost to cast it was."}], "securityStamp": "oval", "setCode": "PWCQ", "subtypes": ["Human", "Soldier"], "supertypes": ["Legendary"], "text": "First strike\nNoncreature spells cost {1} more to cast.", "toughness": "1", "type": "Legendary Creature — Human Soldier", "types": ["Creature"], "uuid": "0f489216-9afb-5d8c-9f0a-d5f63641acf4", "watermark": "wotc"}, {"artist": "Seb McKinnon", "availability": ["paper"], "borderColor": "black", "colorIdentity": ["B", "G"], "colors": ["B", "G"], "convertedManaCost": 2.0, "edhrecRank": 389, "finishes": ["foil"], "flavorText": "The worst part isn't the pain, or the smell, or even the fear of death. It's hearing the clatter of bone on stone and knowing the bones are yours.", "foreignData": [], "frameVersion": "2015", "hasFoil": true, "hasNonFoil": false, "identifiers": {"cardKingdomFoilId": "207312", "cardsphereId": "46994", "mcmId": "289535", "mtgjsonV4Id": "73ebe0b7-ff4e-5da3-8898-718e909e9bf1", "scryfallId": "0b10ef54-368c-4841-ab5d-f2e8e1265c83", "scryfallIllustrationId": "d7bc54ca-db6a-4f06-8b56-908f7eff0daf", "scryfallOracleId": "1c747fe2-289e-492a-a846-aa77707e2dc3", "tcgplayerProductId": "121730"}, "isPromo": true, "isReprint": true, "isStarter": true, "language": "English", "layout": "normal", "legalities": {"commander": "Legal", "duel": "Legal", "legacy": "Legal", "modern": "Legal", "pioneer": "Legal", "vintage": "Legal"}, "manaCost": "{B}{G}", "manaValue": 2.0, "name": "Abrupt Decay", "number": "2016", "originalReleaseDate": "2016-06-18", "printings": ["GK1", "MM3", "PLIST", "PRM", "PWCQ", "RTR", "TSR"], "promoTypes": ["tourney"], "purchaseUrls": {"cardKingdomFoil": "https://mtgjson.com/links/1ec98d075dece816", "tcgplayer": "https://mtgjson.com/links/1097eeeb92eed7fd"}, "rarity": "rare", "rulings": [{"date": "2021-03-19", "text": "A spell or ability that counters spells can still target Abrupt Decay. When that spell or ability resolves, Abrupt Decay won’t be countered, but any additional effects of the countering spell or ability will still happen."}, {"date": "2021-03-19", "text": "The mana value of a token that isn’t a copy of another object is 0. A token that is a copy of another object has the same mana cost as that object."}, {"date": "2021-03-19", "text": "If a permanent has {X} in its mana cost, X is considered to be 0."}], "securityStamp": "oval", "setCode": "PWCQ", "subtypes": [], "supertypes": [], "text": "This spell can't be countered.\nDestroy target nonland permanent with mana value 3 or less.", "type": "Instant", "types": ["Instant"], "uuid": "22222ccd-58b5-5a64-94f0-200daf3caadb", "watermark": "wotc"}, {"artist": "Sung Choi", "availability": ["paper"], "borderColor": "black", "colorIdentity": [], "colors": [], "convertedManaCost": 0.0, "edhrecRank": 2005, "finishes": ["foil"], "foreignData": [], "frameVersion": "2015", "hasFoil": true, "hasNonFoil": false, "identifiers": {"cardKingdomFoilId": "216081", "cardsphereId": "51116", "mcmId": "297298", "mtgjsonV4Id": "4e83f77f-7838-5186-a380-42f14eaa3ca2", "scryfallId": "c2c931cd-f2de-4d65-8dee-8b0fdade6594", "scryfallIllustrationId": "b4662bb4-082a-4c64-89ec-913e0416ad45", "scryfallOracleId": "675281ff-b81f-4e5e-9f85-9f8cd202b50b", "tcgplayerProductId": "146662"}, "isPromo": true, "isReprint": true, "isStarter": true, "language": "English", "layout": "normal", "legalities": {"commander": "Legal", "duel": "Legal", "legacy": "Legal", "modern": "Legal", "vintage": "Legal"}, "manaValue": 0.0, "name": "Inkmoth Nexus", "number": "2017", "originalReleaseDate": "2017-09-09", "printings": ["MBS", "PRM", "PWCQ", "SLD"], "promoTypes": ["tourney"], "purchaseUrls": {"cardKingdomFoil": "https://mtgjson.com/links/5c09691db32611b1", "tcgplayer": "https://mtgjson.com/links/79939f9a5f048971"}, "rarity": "rare", "rulings": [{"date": "2011-06-01", "text": "If Inkmoth Nexus entered the battlefield this turn and it’s not a creature, it can be tapped for mana. If it becomes a creature that turn, it can’t attack or be tapped for mana."}, {"date": "2011-06-01", "text": "If you’ve controlled Inkmoth Nexus continuously since your most recent turn began and it becomes a creature, it can attack or be tapped for mana."}], "securityStamp": "oval", "setCode": "PWCQ", "subtypes": [], "supertypes": [], "text": "{T}: Add {C}.\n{1}: Inkmoth Nexus becomes a 1/1 Phyrexian Blinkmoth artifact creature with flying and infect until end of turn. It's still a land. (It deals damage to creatures in the form of -1/-1 counters and to players in the form of poison counters.)", "type": "Land", "types": ["Land"], "uuid": "e82c7fc8-7f4e-51b3-9fa0-4a0d010c9193", "watermark": "wotc"}], "code": "PWCQ", "isFoilOnly": true, "isOnlineOnly": false, "keyruneCode": "PMEI", "name": "World Magic Cup Qualifiers", "releaseDate": "2013-04-06", "tokens": [], "totalSetSize": 5, "translations": {}, "type": "promo"}}