{"meta": {"date": "2022-05-26", "version": "5.2.0+20220526"}, "data": {"baseSetSize": 6, "block": "Zendikar", "cards": [{"artist": "Cyril Van Der Haegen", "availability": ["paper"], "borderColor": "black", "colorIdentity": ["W"], "colors": ["W"], "convertedManaCost": 1.0, "edhrecRank": 11169, "finishes": ["nonfoil"], "foreignData": [], "frameVersion": "2003", "hasFoil": false, "hasNonFoil": true, "identifiers": {"cardKingdomId": "131136", "cardsphereId": "18920", "mcmId": "22331", "mtgjsonV4Id": "d2718ddd-d391-574f-8e74-7df4f762cd95", "scryfallId": "099718e6-9896-4d5e-8edb-3bc9a15c81ec", "scryfallIllustrationId": "588ec711-d119-4a70-a681-36490f08e51e", "scryfallOracleId": "e9ad9df4-2fd6-4a22-b861-0a8d28f2fe10", "tcgplayerProductId": "38430"}, "isFullArt": true, "isPromo": true, "isReprint": true, "isStarter": true, "language": "English", "layout": "normal", "legalities": {"commander": "Legal", "duel": "Legal", "legacy": "Legal", "modern": "Legal", "pauper": "Banned", "paupercommander": "Restricted", "penny": "Legal", "vintage": "Legal"}, "manaCost": "{W}", "manaValue": 1.0, "name": "Hada Freeblade", "number": "38", "power": "0", "printings": ["PRM", "PWWK", "WWK"], "promoTypes": ["setpromo", "gameday"], "purchaseUrls": {"cardKingdom": "https://mtgjson.com/links/13fe97bed85eb83e", "tcgplayer": "https://mtgjson.com/links/f59c5075c07e8d37"}, "rarity": "rare", "rulings": [{"date": "2021-02-01", "text": "Hada Freeblade is banned in Pauper (not just non-legal), due to a special case on MTGO: https://magic.wizards.com/en/articles/archive/news/january-21-2019-banned-and-restricted-announcement"}], "setCode": "PWWK", "subtypes": ["Human", "Soldier", "Ally"], "supertypes": [], "text": "Whenever Hada Freeblade or another Ally enters the battlefield under your control, you may put a +1/+1 counter on Hada Freeblade.", "toughness": "1", "type": "Creature — Human Soldier Ally", "types": ["Creature"], "uuid": "4675f97b-ee05-5fea-be15-2e16cafa2805"}, {"artist": "D. Alexander Gregory", "availability": ["paper"], "borderColor": "black", "colorIdentity": ["B"], "colors": ["B"], "convertedManaCost": 2.0, "edhrecRank": 6908, "finishes": ["foil"], "foreignData": [], "frameVersion": "2003", "hasFoil": true, "hasNonFoil": false, "identifiers": {"cardKingdomFoilId": "131137", "cardsphereId": "18928", "mcmId": "22332", "mtgjsonV4Id": "cf0bf698-45b2-5543-8261-1711f41c44fb", "scryfallId": "28f11e26-6904-4add-99ed-db306598bd3b", "scryfallIllustrationId": "5f56117c-e14d-4bff-ad75-4b0572ab0a5c", "scryfallOracleId": "77e319da-d782-4258-bf0e-626755e5adc9", "tcgplayerProductId": "38432"}, "isFullArt": true, "isPromo": true, "isReprint": true, "isStarter": true, "language": "English", "layout": "normal", "legalities": {"commander": "Legal", "duel": "Legal", "legacy": "Legal", "modern": "Legal", "penny": "Legal", "vintage": "Legal"}, "manaCost": "{B}{B}", "manaValue": 2.0, "name": "Kalastria Highborn", "number": "39", "power": "2", "printings": ["PLIST", "PRM", "PWWK", "WWK"], "promoTypes": ["setpromo", "gameday"], "purchaseUrls": {"cardKingdomFoil": "https://mtgjson.com/links/7dca66f0d6057706", "tcgplayer": "https://mtgjson.com/links/ffc9d7709bc610c3"}, "rarity": "rare", "rulings": [{"date": "2010-03-01", "text": "If multiple Vampires you control (possibly including Kalastria Highborn itself) are put into their owners’ graveyards at the same time, Kalastria Highborn’s ability triggers that many times."}, {"date": "2010-03-01", "text": "You target a player when the ability triggers. You choose whether to pay {B} as the ability resolves. You may pay {B} only once per resolution."}, {"date": "2010-03-01", "text": "If the targeted player is an illegal target by the time the ability resolves (for example, if that player has left a multiplayer game), the entire ability doesn’t resolve. You can’t pay {B} and you don’t gain life."}], "setCode": "PWWK", "subtypes": ["Vampire", "Shaman"], "supertypes": [], "text": "Whenever Kalastria Highborn or another Vampire you control dies, you may pay {B}. If you do, target player loses 2 life and you gain 2 life.", "toughness": "2", "type": "Creature — Vampire Shaman", "types": ["Creature"], "uuid": "a3270450-99a8-5b90-a5fd-1e465356fe1d"}, {"artist": "rk post", "availability": ["paper"], "borderColor": "black", "colorIdentity": ["B"], "colors": ["B"], "convertedManaCost": 2.0, "edhrecRank": 17227, "finishes": ["foil"], "flavorText": "She wields a blade as bloodthirsty and elegant as herself.", "foreignData": [], "frameVersion": "2003", "hasFoil": true, "hasNonFoil": false, "identifiers": {"mcmId": "260410", "mtgjsonV4Id": "03cb891d-36bd-528a-a753-c8e012b71b48", "scryfallId": "dae03745-cec0-4fb1-ab5b-2b0ce5bfdbac", "scryfallIllustrationId": "aa0d86b2-3a0a-4b36-b0a6-75d64ec708b7", "scryfallOracleId": "b7748ad6-a8cd-45e7-a4d6-4ee747722657"}, "isPromo": true, "isReprint": true, "isStarter": true, "language": "Japanese", "layout": "normal", "legalities": {"commander": "Legal", "duel": "Legal", "legacy": "Legal", "modern": "Legal", "pauper": "Legal", "paupercommander": "Legal", "penny": "Legal", "vintage": "Legal"}, "manaCost": "{1}{B}", "manaValue": 2.0, "name": "Ruthless Cullblade", "number": "65★", "originalReleaseDate": "2010-07-30", "power": "2", "printings": ["PWWK", "WWK"], "promoTypes": ["setpromo", "buyabox"], "purchaseUrls": {}, "rarity": "common", "rulings": [], "setCode": "PWWK", "subtypes": ["Vampire", "Warrior"], "supertypes": [], "text": "Ruthless Cullblade gets +2/+1 as long as an opponent has 10 or less life.", "toughness": "1", "type": "Creature — Vampire Warrior", "types": ["Creature"], "uuid": "836f03c3-53ef-5530-a28f-a4d8987df79a", "watermark": "colorpie"}, {"artist": "Tomasz Jedruszek", "availability": ["paper"], "borderColor": "black", "colorIdentity": ["R"], "colors": ["R"], "convertedManaCost": 2.0, "edhrecRank": 593, "finishes": ["foil"], "foreignData": [], "frameVersion": "2003", "hasFoil": true, "hasNonFoil": false, "identifiers": {"cardKingdomFoilId": "130364", "cardsphereId": "37093", "mcmId": "22124", "mtgjsonV4Id": "2ea4758e-b7d0-5194-bbea-effdb5721a7c", "scryfallId": "14b0011a-f0b4-40c1-85ff-a83f45601cb8", "scryfallIllustrationId": "4bd808a6-ac28-4e80-8cac-c024f0c02298", "scryfallOracleId": "9c2b262b-53c0-41a1-8f1a-0c336453d4bf", "tcgplayerProductId": "38370"}, "isPromo": true, "isReprint": true, "isStarter": true, "keywords": ["Multikicker"], "language": "English", "layout": "normal", "legalities": {"commander": "Legal", "duel": "Legal", "legacy": "Legal", "modern": "Legal", "vintage": "Legal"}, "manaCost": "{X}{R}{R}", "manaValue": 2.0, "name": "Comet Storm", "number": "76★", "printings": ["C15", "C17", "C20", "CMA", "CMD", "CMR", "MM2", "PRM", "PWWK", "WWK"], "promoTypes": ["setpromo", "datestamped", "prerelease"], "purchaseUrls": {"cardKingdomFoil": "https://mtgjson.com/links/3812b6ac905e48d4", "tcgplayer": "https://mtgjson.com/links/82addf01ec0ba5b0"}, "rarity": "mythic", "rulings": [{"date": "2010-03-01", "text": "The number of targets you choose for Comet Storm is one more than the number of times it’s kicked. First you declare how many times you’re going to kick the spell (at the same time you declare the value of X), then you choose the targets accordingly, then you pay the costs. No player can respond between the time you declare how many times you’ll kick the spell and the time you choose the targets."}, {"date": "2010-03-01", "text": "Each target you choose must be different."}, {"date": "2010-03-01", "text": "For example, if you want Comet Storm to deal 4 damage to each of three different targets, that means X is 4 and you’re kicking the spell twice. You’ll pay a mana cost of {4}{R}{R}, plus a kicker cost of {1}, plus another kicker cost of {1}, for a total of {6}{R}{R}."}, {"date": "2010-03-01", "text": "As long as any of its targets are legal at the time Comet Storm resolves, Comet Storm will deal X damage to each of those legal targets."}], "setCode": "PWWK", "subtypes": [], "supertypes": [], "text": "Multikicker {1} (You may pay an additional {1} any number of times as you cast this spell.)\nChoose any target, then choose another target for each time this spell was kicked. Comet Storm deals X damage to each of them.", "type": "Instant", "types": ["Instant"], "uuid": "f14d9de5-67fa-5b86-bb85-3a417609240f", "watermark": "set (WWK)"}, {"artist": "Kev Walker", "availability": ["paper"], "borderColor": "black", "colorIdentity": ["G"], "colors": ["G"], "convertedManaCost": 1.0, "edhrecRank": 2522, "finishes": ["foil"], "foreignData": [], "frameVersion": "2003", "hasFoil": true, "hasNonFoil": false, "identifiers": {"cardKingdomFoilId": "130363", "cardsphereId": "23892", "mcmId": "22193", "mtgjsonV4Id": "d7bb7135-f931-5bc3-a4d6-78ce940ca63c", "scryfallId": "ac802bda-6214-4631-a378-eb67765445c0", "scryfallIllustrationId": "c3b84eb0-13d6-4e22-bd07-f95f89f7e196", "scryfallOracleId": "8959a147-75b1-4f4a-a699-cb354ff55e59", "tcgplayerProductId": "38288"}, "isPromo": true, "isReprint": true, "isStarter": true, "keywords": ["Multikicker"], "language": "English", "layout": "normal", "legalities": {"commander": "Legal", "duel": "Legal", "legacy": "Legal", "modern": "Legal", "penny": "Legal", "vintage": "Legal"}, "manaCost": "{G}", "manaValue": 1.0, "name": "Joraga Warcaller", "number": "106★", "power": "1", "printings": ["C14", "CMA", "PRM", "PWWK", "WWK"], "promoTypes": ["setpromo", "datestamped", "release"], "purchaseUrls": {"cardKingdomFoil": "https://mtgjson.com/links/245fa558b8fbd4e8", "tcgplayer": "https://mtgjson.com/links/73fc552257a5c7bd"}, "rarity": "rare", "rulings": [{"date": "2010-03-01", "text": "The last ability counts the total number of +1/+1 counters on Joraga Warcaller, not just the ones placed on it as a result of its enters-the-battlefield ability."}], "setCode": "PWWK", "subtypes": ["Elf", "Warrior"], "supertypes": [], "text": "Multikicker {1}{G} (You may pay an additional {1}{G} any number of times as you cast this spell.)\nJoraga Warcaller enters the battlefield with a +1/+1 counter on it for each time it was kicked.\nOther Elf creatures you control get +1/+1 for each +1/+1 counter on Joraga Warcaller.", "toughness": "1", "type": "Creature — Elf Warrior", "types": ["Creature"], "uuid": "acdda0f1-0bd4-5dda-a338-74f216cf501c", "watermark": "set (WWK)"}, {"artist": "Kekai Kotaki", "availability": ["paper"], "borderColor": "black", "colorIdentity": ["U", "W"], "colors": [], "convertedManaCost": 0.0, "edhrecRank": 3450, "finishes": ["foil"], "foreignData": [], "frameVersion": "2003", "hasFoil": true, "hasNonFoil": false, "identifiers": {"cardKingdomFoilId": "130070", "cardsphereId": "7724", "mcmId": "22938", "mtgjsonV4Id": "0f346f68-d1ae-5de4-9ed7-0a8c28c980de", "scryfallId": "e2915763-2b63-4408-b014-49d52e3d65f6", "scryfallIllustrationId": "bf1bb2fd-97d0-4a72-b3a1-133c1a1603ef", "scryfallOracleId": "876ac6f6-74de-4666-84c6-83d81f054723", "tcgplayerProductId": "38351"}, "isPromo": true, "isReprint": true, "isStarter": true, "language": "English", "layout": "normal", "legalities": {"commander": "Legal", "duel": "Legal", "legacy": "Legal", "modern": "Legal", "vintage": "Legal"}, "manaValue": 0.0, "name": "Celestial Colonnade", "number": "133", "printings": ["PRM", "PUMA", "PWWK", "UMA", "WWK", "ZNE"], "promoTypes": ["setpromo", "buyabox"], "purchaseUrls": {"cardKingdomFoil": "https://mtgjson.com/links/ad52386a3627e508", "tcgplayer": "https://mtgjson.com/links/c7c7a3fae06f2c5c"}, "rarity": "rare", "rulings": [{"date": "2010-03-01", "text": "A land that becomes a creature may be affected by “summoning sickness.” You can’t attack with it or use any of its {T} abilities (including its mana abilities) unless it began your most recent turn on the battlefield under your control. Note that summoning sickness cares about when that permanent came under your control, not when it became a creature."}, {"date": "2010-03-01", "text": "When a land becomes a creature, that doesn’t count as having a creature enter the battlefield. The permanent was already on the battlefield; it only changed its types. Abilities that trigger whenever a creature enters the battlefield won’t trigger."}, {"date": "2018-12-07", "text": "Once Celestial Colonnade has attacked, tapping it for mana won’t remove it from combat."}, {"date": "2018-12-07", "text": "If Celestial Colonnade can’t attack unless you pay a cost that includes a mana payment, you may attack with it and tap it to pay for that cost. It will still attack in this case."}], "setCode": "PWWK", "subtypes": [], "supertypes": [], "text": "Celestial Colonnade enters the battlefield tapped.\n{T}: Add {W} or {U}.\n{3}{W}{U}: Until end of turn, Celestial Colonnade becomes a 4/4 white and blue Elemental creature with flying and vigilance. It's still a land.", "type": "Land", "types": ["Land"], "uuid": "e8773540-f2ad-533c-b79c-3668f0c0526a", "watermark": "colorpie"}], "code": "PWWK", "isFoilOnly": false, "isOnlineOnly": false, "keyruneCode": "WWK", "name": "Worldwake Promos", "parentCode": "WWK", "releaseDate": "2010-02-05", "tokens": [], "totalSetSize": 6, "translations": {}, "type": "promo"}}