{"meta": {"date": "2022-05-26", "version": "5.2.0+20220526"}, "data": {"baseSetSize": 10, "cards": [{"artist": "Kev Walker", "availability": ["paper"], "borderColor": "black", "colorIdentity": ["W"], "colors": ["W"], "convertedManaCost": 7.0, "edhrecRank": 679, "finishes": ["nonfoil"], "foreignData": [], "frameVersion": "2015", "hasFoil": false, "hasNonFoil": true, "identifiers": {"cardKingdomId": "252182", "cardsphereId": "81880", "mcmId": "578900", "mtgjsonV4Id": "c86818e7-a6f5-5718-9001-b8eb7815502b", "scryfallId": "c7167648-7ef3-4e2e-ad32-72e8bcfa4b9f", "scryfallIllustrationId": "33f478f1-39f7-4e7d-acc9-12a6fd18aa4b", "scryfallOracleId": "e4125377-34c0-4b54-bdf8-4e88f5d24565", "tcgplayerProductId": "251642"}, "isReprint": true, "isStarter": true, "language": "English", "layout": "normal", "legalities": {"commander": "Legal", "duel": "Legal", "explorer": "Legal", "gladiator": "Legal", "historic": "Legal", "historicbrawl": "Legal", "legacy": "Legal", "modern": "Legal", "penny": "Legal", "pioneer": "Legal", "vintage": "Legal"}, "manaCost": "{6}{W}", "manaValue": 7.0, "name": "Approach of the Second Sun", "number": "1", "printings": ["AKH", "AKR", "MB1", "PAKH", "PRM", "Q06", "STA"], "purchaseUrls": {"cardKingdom": "https://mtgjson.com/links/6b9af9e8a041c2bf", "tcgplayer": "https://mtgjson.com/links/2e1f906c6acf7d9d"}, "rarity": "rare", "rulings": [{"date": "2017-04-18", "text": "A card that changes zones is considered a new object, so casting the same Approach of the Second Sun card on a later turn is “another spell” named Approach of the Second Sun."}, {"date": "2017-04-18", "text": "If you have fewer than six cards in your library, you’ll put Approach of the Second Sun on the bottom of your library. Otherwise, you’ll lift up the top six cards without looking at them and place Approach of the Second Sun just under them."}, {"date": "2017-04-18", "text": "The second Approach of the Second Sun that you cast must be cast from your hand, but first may have been cast from anywhere."}, {"date": "2017-04-18", "text": "A copy of a spell isn’t cast, so it won’t count as the first nor as the second Approach of the Second Sun."}, {"date": "2017-04-18", "text": "As your second Approach of the Second Sun resolves, it checks only whether the first one was cast, not whether the first one resolved. If your first Approach of the Second Sun was countered, you’ll still win the game as your second one resolves."}, {"date": "2017-07-14", "text": "Approach of the Second Sun has no effect until it’s resolving. If the second one you cast is countered, you won’t win the game."}], "securityStamp": "oval", "setCode": "Q06", "subtypes": [], "supertypes": [], "text": "If this spell was cast from your hand and you've cast another spell named Approach of the Second Sun this game, you win the game. Otherwise, put Approach of the Second Sun into its owner's library seventh from the top and you gain 7 life.", "type": "Sorcery", "types": ["Sorcery"], "uuid": "c16532e9-78b7-54a1-8b98-5c5e9e970330"}, {"artist": "Daarken", "availability": ["paper"], "borderColor": "black", "colorIdentity": ["W"], "colors": ["W"], "convertedManaCost": 1.0, "edhrecRank": 1082, "finishes": ["nonfoil"], "flavorText": "Metal is scarce, smiths are pricey, and plate mail is heavy.", "foreignData": [], "frameVersion": "2015", "hasFoil": false, "hasNonFoil": true, "identifiers": {"cardKingdomId": "252183", "cardsphereId": "81884", "mcmId": "579226", "mtgjsonV4Id": "2b64adf4-9a16-506e-80af-ba87049d19df", "scryfallId": "1fdabad5-7362-4663-8f70-c1bc4a00f0a4", "scryfallIllustrationId": "c6c7678b-e428-4537-9b6f-59b35834d68e", "scryfallOracleId": "dbba75f5-2404-4bd5-982b-f6c4effa5316", "tcgplayerProductId": "251643"}, "isReprint": true, "isStarter": true, "keywords": ["Enchant"], "language": "English", "layout": "normal", "legalities": {"commander": "Legal", "duel": "Legal", "legacy": "Legal", "modern": "Legal", "pauper": "Legal", "paupercommander": "Legal", "penny": "Legal", "pioneer": "Legal", "vintage": "Legal"}, "manaCost": "{W}", "manaValue": 1.0, "name": "Ethereal Armor", "number": "2", "printings": ["Q06", "RTR", "TSR"], "purchaseUrls": {"cardKingdom": "https://mtgjson.com/links/0be1b83d76802bb8", "tcgplayer": "https://mtgjson.com/links/149a8f4c887719de"}, "rarity": "common", "rulings": [{"date": "2021-03-19", "text": "Ethereal Armor counts each enchantment you control, including itself and any Auras you control that are attached to an opponent or to permanents controlled by an opponent."}], "setCode": "Q06", "subtypes": ["Aura"], "supertypes": [], "text": "Enchant creature\nEnchanted creature gets +1/+1 for each enchantment you control and has first strike.", "type": "Enchantment — Aura", "types": ["Enchantment"], "uuid": "24411612-494a-5384-9663-7db22f20dc28"}, {"artist": "Victor Adame Minguez", "availability": ["paper"], "borderColor": "black", "colorIdentity": ["W"], "colors": ["W"], "convertedManaCost": 1.0, "edhrecRank": 17153, "finishes": ["nonfoil"], "flavorText": "Threefold were his crimes, doubled were his pleas, singular was his fate.", "foreignData": [], "frameVersion": "2015", "hasFoil": false, "hasNonFoil": true, "identifiers": {"cardKingdomId": "252184", "cardsphereId": "81881", "mcmId": "578901", "mtgjsonV4Id": "b02360b4-59d2-5280-8c50-a767db70ee20", "scryfallId": "a9136b0e-b003-43ae-a6bf-b01ec0a06ff6", "scryfallIllustrationId": "1c475f4d-a8b9-472f-a33d-920592faeb45", "scryfallOracleId": "f42d4556-5be2-4861-9f88-1b630b43eff2", "tcgplayerProductId": "251644"}, "isReprint": true, "isStarter": true, "language": "English", "layout": "normal", "legalities": {"commander": "Legal", "duel": "Legal", "explorer": "Legal", "gladiator": "Legal", "historic": "Legal", "historicbrawl": "Legal", "legacy": "Legal", "modern": "Legal", "penny": "Legal", "pioneer": "Legal", "vintage": "Legal"}, "manaCost": "{W}", "manaValue": 1.0, "name": "Isolate", "number": "3", "printings": ["M19", "PM19", "Q06"], "purchaseUrls": {"cardKingdom": "https://mtgjson.com/links/a2c67c64e945b4a1", "tcgplayer": "https://mtgjson.com/links/a217a813f19e201c"}, "rarity": "rare", "rulings": [{"date": "2018-07-13", "text": "If a permanent has {X} in its mana cost, X is considered to be 0."}], "securityStamp": "oval", "setCode": "Q06", "subtypes": [], "supertypes": [], "text": "Exile target permanent with mana value 1.", "type": "Instant", "types": ["Instant"], "uuid": "5d61e814-ac68-5629-864b-48d1306f4837"}, {"artist": "David Gaillet", "availability": ["paper"], "borderColor": "black", "colorIdentity": ["W"], "colors": ["W"], "convertedManaCost": 2.0, "edhrecRank": 17637, "finishes": ["nonfoil"], "flavorText": "Better scarves than scars.", "foreignData": [], "frameVersion": "2015", "hasFoil": false, "hasNonFoil": true, "identifiers": {"cardKingdomId": "252185", "cardsphereId": "81887", "mcmId": "578905", "mtgjsonV4Id": "1dcf0a05-0e3e-512f-a2ef-a515c38c3aca", "scryfallId": "1e10d03b-8070-446c-b282-c6972fe05b53", "scryfallIllustrationId": "b5f73038-831d-441f-8a21-d1493768086d", "scryfallOracleId": "909becbc-1d84-4e94-b589-e58438569403", "tcgplayerProductId": "251645"}, "isReprint": true, "isStarter": true, "language": "English", "layout": "normal", "legalities": {"commander": "Legal", "duel": "Legal", "legacy": "Legal", "modern": "Legal", "pioneer": "Legal", "vintage": "Legal"}, "manaCost": "{1}{W}", "manaValue": 2.0, "name": "Silkwrap", "number": "4", "printings": ["DTK", "PRM", "Q06"], "purchaseUrls": {"cardKingdom": "https://mtgjson.com/links/e37e9b6c7330736d", "tcgplayer": "https://mtgjson.com/links/f569a3783bdd336d"}, "rarity": "uncommon", "rulings": [{"date": "2015-02-25", "text": "Face-down creatures have a converted mana cost of 0. If one is exiled by Silkwrap, it will return to the battlefield face up."}, {"date": "2015-02-25", "text": "Silkwrap’s ability causes a zone change with a duration, a style of ability that’s somewhat reminiscent of older cards like Oblivion Ring. However, unlike Oblivion Ring, cards like Silkwrap have a single ability that creates two one-shot effects: one that exiles the creature when the ability resolves, and another that returns the exiled card to the battlefield immediately after Silkwrap leaves the battlefield."}, {"date": "2015-02-25", "text": "If Silkwrap leaves the battlefield before its triggered ability resolves, the target creature won’t be exiled."}, {"date": "2015-02-25", "text": "Auras attached to the exiled creature will be put into their owners’ graveyards. Equipment attached to the exiled creature will become unattached and remain on the battlefield. Any counters on the exiled creature will cease to exist."}, {"date": "2015-02-25", "text": "If a creature token is exiled, it ceases to exist. It won’t be returned to the battlefield."}, {"date": "2015-02-25", "text": "The exiled card returns to the battlefield immediately after Silkwrap leaves the battlefield. Nothing happens between the two events, including state-based actions."}, {"date": "2015-02-25", "text": "In a multiplayer game, if Silkwrap’s owner leaves the game, the exiled card will return to the battlefield. Because the one-shot effect that returns the card isn’t an ability that goes on the stack, it won’t cease to exist along with the leaving player’s spells and abilities on the stack."}], "setCode": "Q06", "subtypes": [], "supertypes": [], "text": "When Silkwrap enters the battlefield, exile target creature with mana value 3 or less an opponent controls until Silkwrap leaves the battlefield. (That creature returns under its owner's control.)", "type": "Enchantment", "types": ["Enchantment"], "uuid": "c38de6f5-95d9-56d1-be92-5a231675544b"}, {"artist": "Daarken", "availability": ["paper"], "borderColor": "black", "colorIdentity": ["U"], "colors": ["U"], "convertedManaCost": 2.0, "edhrecRank": 3799, "finishes": ["nonfoil"], "foreignData": [], "frameVersion": "2015", "hasFoil": false, "hasNonFoil": true, "identifiers": {"cardKingdomId": "252186", "cardsphereId": "81885", "mcmId": "578898", "mtgjsonV4Id": "779e2236-6210-55fa-a185-31bf2fcaeda7", "scryfallId": "b4672009-465c-4b85-88d4-a90a1762e026", "scryfallIllustrationId": "77d3442c-66d5-4c95-8c0d-2a2393ce9af1", "scryfallOracleId": "a50737d7-dd2d-40da-817c-f913f76b5011", "tcgplayerProductId": "251640"}, "isReprint": true, "isStarter": true, "keywords": ["Cipher"], "language": "English", "layout": "normal", "legalities": {"commander": "Legal", "duel": "Legal", "legacy": "Legal", "modern": "Legal", "pauper": "Legal", "paupercommander": "Legal", "penny": "Legal", "pioneer": "Legal", "vintage": "Legal"}, "manaCost": "{1}{U}", "manaValue": 2.0, "name": "Hidden Strings", "number": "5", "printings": ["DGM", "Q06"], "purchaseUrls": {"cardKingdom": "https://mtgjson.com/links/90f6288802e21f42", "tcgplayer": "https://mtgjson.com/links/adb5fb2b0c75d3a2"}, "rarity": "common", "rulings": [{"date": "2013-04-15", "text": "The spell with cipher is encoded on the creature as part of that spell’s resolution, just after the spell’s other effects. That card goes directly from the stack to exile. It never goes to the graveyard."}, {"date": "2013-04-15", "text": "You choose the creature as the spell resolves. The cipher ability doesn’t target that creature, although the spell with cipher may target that creature (or a different creature) because of its other abilities."}, {"date": "2013-04-15", "text": "If the spell with cipher doesn’t resolve, none of its effects will happen, including cipher. The card will go to its owner’s graveyard and won’t be encoded on a creature."}, {"date": "2013-04-15", "text": "If the creature leaves the battlefield, the exiled card will no longer be encoded on any creature. It will stay exiled."}, {"date": "2013-04-15", "text": "If you want to encode the card with cipher onto a noncreature permanent such as a Keyrune that can turn into a creature, that permanent has to be a creature before the spell with cipher starts resolving. You can choose only a creature to encode the card onto."}, {"date": "2013-04-15", "text": "The copy of the card with cipher is created in and cast from exile."}, {"date": "2013-04-15", "text": "You cast the copy of the card with cipher during the resolution of the triggered ability. Ignore timing restrictions based on the card’s type."}, {"date": "2013-04-15", "text": "If you choose not to cast the copy, or you can’t cast it (perhaps because there are no legal targets available), the copy will cease to exist the next time state-based actions are performed. You won’t get a chance to cast the copy at a later time."}, {"date": "2013-04-15", "text": "The exiled card with cipher grants a triggered ability to the creature it’s encoded on. If that creature loses that ability and subsequently deals combat damage to a player, the triggered ability won’t trigger. However, the exiled card will continue to be encoded on that creature."}, {"date": "2013-04-15", "text": "If another player gains control of the creature, that player will control the triggered ability. That player will create a copy of the encoded card and may cast it."}, {"date": "2013-04-15", "text": "If a creature with an encoded card deals combat damage to more than one player simultaneously (perhaps because some of the combat damage was redirected), the triggered ability will trigger once for each player it deals combat damage to. Each ability will create a copy of the exiled card and allow you to cast it."}], "setCode": "Q06", "subtypes": [], "supertypes": [], "text": "You may tap or untap target permanent, then you may tap or untap another target permanent.\nCipher (Then you may exile this spell card encoded on a creature you control. Whenever that creature deals combat damage to a player, its controller may cast a copy of the encoded card without paying its mana cost.)", "type": "Sorcery", "types": ["Sorcery"], "uuid": "87b52569-9c8c-5f51-a933-def166288b40"}, {"artist": "Magali Villeneuve", "availability": ["paper"], "borderColor": "black", "colorIdentity": ["R"], "colors": ["R"], "convertedManaCost": 4.0, "edhrecRank": 881, "finishes": ["nonfoil"], "foreignData": [], "frameVersion": "2015", "hasFoil": false, "hasNonFoil": true, "identifiers": {"cardKingdomId": "252187", "cardsphereId": "81889", "mcmId": "578899", "mtgjsonV4Id": "ebc61c8b-e22a-54fe-95d0-e3a207e65da5", "scryfallId": "e885fd51-dba3-4ee5-acdd-b97238b6c678", "scryfallIllustrationId": "a88e3dcf-20d9-40f7-8ad1-5186222114fa", "scryfallOracleId": "12cc800c-c7be-4811-8207-fd01a99cc892", "tcgplayerProductId": "251641"}, "isReprint": true, "isStarter": true, "language": "English", "layout": "normal", "leadershipSkills": {"brawl": false, "commander": false, "oathbreaker": true}, "legalities": {"commander": "Legal", "duel": "Legal", "explorer": "Legal", "gladiator": "Legal", "historic": "Legal", "historicbrawl": "Legal", "legacy": "Legal", "modern": "Legal", "pioneer": "Legal", "vintage": "Legal"}, "loyalty": "4", "manaCost": "{2}{R}{R}", "manaValue": 4.0, "name": "Chandra, Torch of Defiance", "number": "6", "printings": ["KLD", "KLR", "PKLD", "PRM", "PS17", "PS18", "Q06", "SS3"], "purchaseUrls": {"cardKingdom": "https://mtgjson.com/links/b9b3b80611f4ad31", "tcgplayer": "https://mtgjson.com/links/1769e2665fc855b0"}, "rarity": "mythic", "rulings": [{"date": "2016-09-20", "text": "An effect that instructs you to “cast” a card doesn't allow you to play lands. If the card exiled with Chandra's first ability is a land card, you can't play it and Chandra deals 2 damage to each opponent."}, {"date": "2016-09-20", "text": "If you cast the exiled card, you do so as part of the resolution of Chandra's ability. You can't wait to cast it later in the turn. Timing permissions based on the card's type are ignored, but other restrictions (such as “Cast [this card] only during combat”) are not."}, {"date": "2016-09-20", "text": "You pay the costs for the exiled card if you cast it. You may pay alternative costs such as emerge rather than the card's mana cost."}, {"date": "2016-09-20", "text": "Loyalty abilities can't be mana abilities. Chandra's second ability uses the stack and can be countered or otherwise responded to. Like all loyalty abilities, it can be activated only once per turn, during your main phase, when the stack is empty, and only if no other loyalty abilities of the planeswalker have been activated this turn."}, {"date": "2016-09-20", "text": "The emblem created by Chandra's last ability is colorless. The damage it deals is from a colorless source."}, {"date": "2016-09-20", "text": "Chandra's emblem's ability resolves before the spell that caused it to trigger."}, {"date": "2016-09-20", "text": "In a Two-Headed Giant game, Chandra's first ability causes 4 damage total to be dealt to the opposing team."}], "securityStamp": "oval", "setCode": "Q06", "subtypes": ["Chandra"], "supertypes": ["Legendary"], "text": "[+1]: Exile the top card of your library. You may cast that card. If you don't, Chandra, Torch of Defiance deals 2 damage to each opponent.\n[+1]: Add {R}{R}.\n[−3]: Chandra, Torch of Defiance deals 4 damage to target creature.\n[−7]: You get an emblem with \"Whenever you cast a spell, this emblem deals 5 damage to any target.\"", "type": "Legendary Planeswalker — Chandra", "types": ["Planeswalker"], "uuid": "f7bd93a8-58b7-58d0-849f-0c25dc2e56fb"}, {"artist": "Daniel Ljunggren", "availability": ["paper"], "borderColor": "black", "colorIdentity": ["R"], "colors": ["R"], "convertedManaCost": 2.0, "edhrecRank": 11866, "finishes": ["nonfoil"], "flavorText": "Purphoros's blessing: sometimes a boon, sometimes a bane. Always ablaze.", "foreignData": [], "frameVersion": "2015", "hasFoil": false, "hasNonFoil": true, "identifiers": {"cardKingdomId": "252188", "cardsphereId": "81886", "mcmId": "578904", "mtgjsonV4Id": "a0abe88d-86fd-54ae-b42e-b900c6f602d4", "scryfallId": "8da3eeb2-c3bb-44dc-bbfe-a8178b86d3e1", "scryfallIllustrationId": "48f0b07f-7503-4ba9-9b29-1f35ad0f27f3", "scryfallOracleId": "902b82fd-bb18-4833-b427-af8c9751f870", "tcgplayerProductId": "251638"}, "isReprint": true, "isStarter": true, "language": "English", "layout": "normal", "legalities": {"commander": "Legal", "duel": "Legal", "legacy": "Legal", "modern": "Legal", "pioneer": "Legal", "vintage": "Legal"}, "manaCost": "{R}{R}", "manaValue": 2.0, "name": "Searing Blood", "number": "7", "printings": ["BNG", "Q06"], "purchaseUrls": {"cardKingdom": "https://mtgjson.com/links/8e6cea61e56760e2", "tcgplayer": "https://mtgjson.com/links/1901cd49568359d3"}, "rarity": "uncommon", "rulings": [{"date": "2014-02-01", "text": "If the target creature dies that turn, Searing Blood will deal 3 damage to whoever controls the creature when it dies, who isn’t necessarily the player who controlled it when Searing Blood resolved. It doesn’t matter what causes the creature to die."}], "setCode": "Q06", "subtypes": [], "supertypes": [], "text": "Searing Blood deals 2 damage to target creature. When that creature dies this turn, Searing Blood deals 3 damage to the creature's controller.", "type": "Instant", "types": ["Instant"], "uuid": "218daf23-bb5b-5881-9c6c-91462fbda8cc"}, {"artist": "Raymond Swanland", "availability": ["paper"], "borderColor": "black", "colorIdentity": ["R"], "colors": ["R"], "convertedManaCost": 1.0, "edhrecRank": 12357, "finishes": ["nonfoil"], "flavorText": "Never mistake deception for cleverness.", "foreignData": [], "frameVersion": "2015", "hasFoil": false, "hasNonFoil": true, "identifiers": {"cardKingdomId": "252189", "cardsphereId": "81888", "mcmId": "578906", "mtgjsonV4Id": "e73959d6-05f4-5a12-94a7-4501b8704f75", "scryfallId": "ad60db28-d297-49c8-bb1a-dbce2736be55", "scryfallIllustrationId": "ac276f5d-3b2f-467b-8516-6b9d0f28a3d9", "scryfallOracleId": "f76a0e5b-74c1-4ee8-b502-e8b988086de4", "tcgplayerProductId": "251639"}, "isReprint": true, "isStarter": true, "keywords": ["Ferocious"], "language": "English", "layout": "normal", "legalities": {"commander": "Legal", "duel": "Legal", "legacy": "Legal", "modern": "Legal", "pioneer": "Legal", "vintage": "Legal"}, "manaCost": "{R}", "manaValue": 1.0, "name": "Wild Slash", "number": "8", "printings": ["FRF", "Q06"], "purchaseUrls": {"cardKingdom": "https://mtgjson.com/links/94e45b148a89b0b8", "tcgplayer": "https://mtgjson.com/links/b0e352482d814c63"}, "rarity": "uncommon", "rulings": [{"date": "2014-11-24", "text": "Wild Slash’s ferocious ability applies to all damage that would be dealt that turn, including the damage Wild Slash deals."}, {"date": "2014-11-24", "text": "If you control a creature with power 4 or greater as Wild Slash resolves, the ferocious ability will apply. Damage dealt that turn can’t be prevented, even if you no longer control a creature with power 4 or greater as that damage would be dealt."}, {"date": "2014-11-24", "text": "Ferocious abilities of instants and sorceries that don’t use the word “instead” provide an additional effect if you control a creature with power 4 or greater as they resolve."}], "setCode": "Q06", "subtypes": [], "supertypes": [], "text": "Ferocious — If you control a creature with power 4 or greater, damage can't be prevented this turn.\nWild Slash deals 2 damage to any target.", "type": "Instant", "types": ["Instant"], "uuid": "e47511e9-355c-5547-8fd3-b54bab84304d"}, {"artist": "Slawomir Maniak", "availability": ["paper"], "borderColor": "black", "colorIdentity": ["B", "W"], "colors": ["B", "W"], "convertedManaCost": 3.0, "edhrecRank": 2511, "finishes": ["nonfoil"], "foreignData": [], "frameEffects": ["legendary"], "frameVersion": "2015", "hasFoil": false, "hasNonFoil": true, "identifiers": {"cardKingdomId": "252190", "cardsphereId": "81882", "mcmId": "578902", "mtgjsonV4Id": "5f80833b-5156-5d19-ae2f-d758ce0b2836", "scryfallId": "7b76dafa-46ed-4b22-908a-8932505d4f4c", "scryfallIllustrationId": "f715763e-13f5-4f16-87b6-466bf5dbffba", "scryfallOracleId": "3bc757c1-3adb-4321-8832-8e1cc9e687f7", "tcgplayerProductId": "251637"}, "isReprint": true, "isStarter": true, "keywords": ["Companion", "Lifelink"], "language": "English", "layout": "normal", "leadershipSkills": {"brawl": false, "commander": true, "oathbreaker": false}, "legalities": {"commander": "Legal", "duel": "Legal", "explorer": "Banned", "gladiator": "Legal", "historic": "Legal", "historicbrawl": "Legal", "legacy": "Banned", "modern": "Banned", "pioneer": "Banned", "vintage": "Legal"}, "manaCost": "{1}{W/B}{W/B}", "manaValue": 3.0, "name": "Lurrus of the Dream-Den", "number": "9", "power": "3", "printings": ["IKO", "PIKO", "PRM", "Q06"], "purchaseUrls": {"cardKingdom": "https://mtgjson.com/links/2e38da8bbd3376db", "tcgplayer": "https://mtgjson.com/links/6a021bfe21de060e"}, "rarity": "rare", "rulings": [{"date": "2020-04-17", "text": "If a card in a player’s deck has {X} in its mana cost, X is considered to be 0."}, {"date": "2020-04-17", "text": "For spells with {X} in their mana costs, use the value chosen for X to determine the spell’s converted mana cost. For example, if a permanent spell costs {X}{W}, you could cast it with X as 1 but not as 2."}, {"date": "2020-04-17", "text": "You must pay the costs to cast that spell. If it has an alternative cost, such as a mutate cost, you may cast it for that cost instead."}, {"date": "2020-04-17", "text": "Once you begin to cast the spell, losing control of Lurrus won’t affect the spell. You can finish casting it as normal."}, {"date": "2020-04-17", "text": "If you cast a spell from your graveyard using another permission, Lurrus’s effect doesn’t apply. You can cast another permanent spell from your graveyard."}, {"date": "2020-04-17", "text": "If you cast one permanent spell from your graveyard and then have a new Lurrus come under your control in the same turn, you may cast another permanent spell from your graveyard that turn."}, {"date": "2020-04-17", "text": "If a permanent card is put into your graveyard during your main phase and the stack is empty, you have a chance to cast it before any player may attempt to remove that card from your graveyard."}, {"date": "2020-04-17", "text": "You must follow the normal timing permissions and restrictions of the spell you cast from your graveyard."}, {"date": "2020-04-17", "text": "Your companion begins the game outside the game. In tournament play, this means your sideboard. In casual play, it’s simply a card you own that’s not in your starting deck."}, {"date": "2020-04-17", "text": "Before shuffling your deck to become your library, you may reveal one card from outside the game to be your companion if your starting deck meets the requirements of the companion ability. You can’t reveal more than one. It remains revealed outside the game as the game begins."}, {"date": "2020-04-17", "text": "The requirements of the companion ability apply only to your starting deck. They do not apply to your sideboard."}, {"date": "2020-04-17", "text": "If more than one player wishes to reveal a companion, the starting player does so first, and players proceed in turn order. Once a player has chosen not to reveal a companion, that player can’t change their mind."}, {"date": "2020-04-17", "text": "The companion’s other abilities apply only if the creature is on the battlefield. They have no effect while the companion is outside the game."}, {"date": "2020-04-17", "text": "The companion ability has no effect if the card is in your starting deck and creates no restriction on putting a card with a companion ability into your starting deck. For example, Zirda may be in your starting deck even if your other permanent cards don’t all have activated abilities."}, {"date": "2020-04-17", "text": "You may have one companion in the Commander variant. Your deck, including your commander, must meet its companion requirement. Your companion is not one of your one hundred cards."}, {"date": "2020-04-17", "text": "Lurrus doesn’t let you play lands from your graveyard."}, {"date": "2020-04-17", "text": "Lurrus doesn’t care about instant and sorcery cards in your starting deck. They may have any converted mana cost."}, {"date": "2020-06-01", "text": "Once you put your companion into your hand, it behaves like any other card you’ve brought into the game. For example, if it’s countered or destroyed, it’s put into your graveyard, remaining in the game."}, {"date": "2020-06-01", "text": "Wizards of the Coast has issued functional errata for the Companion mechanic. Instead of casting companions from outside the game: Once per game, any time you could cast a sorcery (during your main phase when the stack is empty), you can pay {3} to put your companion from your sideboard into your hand. This is a special action, not an activated ability. It happens immediately and can’t be responded to. It can’t be countered or stopped by cards like Phyrexian Revoker. For more information please see https://magic.wizards.com/en/articles/archive/news/june-1-2020-banned-and-restricted-announcement"}], "securityStamp": "oval", "setCode": "Q06", "subtypes": ["Cat", "Nightmare"], "supertypes": ["Legendary"], "text": "Companion — Each permanent card in your starting deck has mana value 2 or less. (If this card is your chosen companion, you may put it into your hand from outside the game for {3} any time you could cast a sorcery.)\nLifelink\nDuring each of your turns, you may cast one permanent spell with mana value 2 or less from your graveyard.", "toughness": "2", "type": "Legendary Creature — Cat Nightmare", "types": ["Creature"], "uuid": "9f2f8507-5194-5b91-9c34-91fcdf04029f"}, {"artist": "Adam Paquette", "availability": ["paper"], "borderColor": "black", "colorIdentity": ["U", "W"], "colors": ["U", "W"], "convertedManaCost": 3.0, "edhrecRank": 5584, "finishes": ["nonfoil"], "foreignData": [], "frameVersion": "2015", "hasFoil": false, "hasNonFoil": true, "identifiers": {"cardKingdomId": "252191", "cardsphereId": "81883", "mcmId": "578903", "mtgjsonV4Id": "f3517a47-276d-5a3d-a99a-e9f96519c382", "scryfallId": "e12283da-3b85-4d9f-af11-5ebc2bc5e6c8", "scryfallIllustrationId": "1b110708-87cf-49bc-81f6-0fbaf36235ca", "scryfallOracleId": "135135f2-1643-40db-91f2-bb7b956d212c", "tcgplayerProductId": "251636"}, "isReprint": true, "isStarter": true, "keywords": ["Flash", "Flying"], "language": "English", "layout": "normal", "legalities": {"commander": "Legal", "duel": "Legal", "legacy": "Legal", "modern": "Legal", "pioneer": "Legal", "vintage": "Legal"}, "manaCost": "{1}{W}{U}", "manaValue": 3.0, "name": "Spell Queller", "number": "10", "power": "2", "printings": ["EMN", "PEMN", "Q06", "SLD"], "purchaseUrls": {"cardKingdom": "https://mtgjson.com/links/cf12cb1a0a781d30", "tcgplayer": "https://mtgjson.com/links/05bee32c759b0117"}, "rarity": "rare", "rulings": [{"date": "2016-07-13", "text": "For spells with {X} in their mana costs, use the value chosen for X to determine if the spell’s converted mana cost is 4 or less."}, {"date": "2016-07-13", "text": "Spells that can’t be countered can be exiled by Spell Queller’s ability. They won’t resolve."}, {"date": "2016-07-13", "text": "If the exiled card’s owner casts it, the spell has no relation to the spell that player originally cast. Any choices made for the original spell or effects affecting the original spell aren’t carried over to the new one."}, {"date": "2016-07-13", "text": "If the player casts the exiled card, they do so as part of the resolution of Spell Queller’s last ability. The player can’t wait to cast it later in the turn. Timing permissions based on the card’s type are ignored, but other restrictions (such as “Cast [this card] only during combat”) are not."}, {"date": "2016-07-13", "text": "If a player casts a card “without paying its mana cost,” they can’t choose to cast it for any alternative costs, such as emerge costs. The player can, however, pay additional costs, such as escalate costs. If the card has any mandatory additional costs, those must be paid to cast the card."}, {"date": "2016-07-13", "text": "If the card has {X} in its mana cost, the player must choose 0 as the value of X when casting it without paying its mana cost."}, {"date": "2016-07-13", "text": "If Spell Queller leaves the battlefield before its enters-the-battlefield triggered ability resolves, its leaves-the-battlefield triggered ability triggers, resolves, and does nothing. Then its first triggered ability resolves and exiles the spell forever."}], "securityStamp": "oval", "setCode": "Q06", "subtypes": ["Spirit"], "supertypes": [], "text": "Flash\nFlying\nWhen Spell Queller enters the battlefield, exile target spell with mana value 4 or less.\nWhen Spell Queller leaves the battlefield, the exiled card's owner may cast that card without paying its mana cost.", "toughness": "3", "type": "Creature — Spirit", "types": ["Creature"], "uuid": "48b3c811-3713-5697-bf3d-eabb39842ddf"}], "code": "Q06", "isFoilOnly": false, "isNonFoilOnly": true, "isOnlineOnly": false, "keyruneCode": "PMEI", "name": "Pioneer Challenger Decks 2021", "releaseDate": "2021-10-15", "tokens": [], "totalSetSize": 10, "translations": {}, "type": "box"}}