{"meta": {"date": "2022-05-26", "version": "5.2.0+20220526"}, "data": {"baseSetSize": 20, "cards": [{"artist": "Mark Zug", "availability": ["paper"], "borderColor": "white", "colorIdentity": ["W"], "colors": ["W"], "convertedManaCost": 3.0, "edhrecRank": 19459, "finishes": ["nonfoil"], "flavorText": "Only the warrior who can admit mortal weakness will be bolstered by immortal strength.", "foreignData": [{"language": "German", "name": "Himmlischer Segen", "text": "Eine Kreatur deiner Wahl erhält +3/+3 und Flugfähigkeit bis zum Ende des Zuges.", "type": "Hexerei"}, {"language": "Spanish", "name": "Bendición angélica"}, {"language": "French", "name": "Bénédiction angélique"}, {"language": "Italian", "name": "Benedizione Angelica"}, {"language": "Portuguese (Brazil)", "name": "Bêncão Angelical"}], "frameVersion": "1997", "hasFoil": false, "hasNonFoil": true, "identifiers": {"cardKingdomId": "125513", "cardsphereId": "75436", "mcmId": "14744", "mcmMetaId": "179", "mtgjsonV4Id": "09c8de20-bdb6-59b8-bee8-16769fb88f3c", "multiverseId": "25456", "scryfallId": "71319f0f-da30-4ffc-8892-3d0d98c0d515", "scryfallIllustrationId": "74f8c64f-dbd5-49de-ae60-c8194f47da04", "scryfallOracleId": "d3758fca-0522-4b5a-a1cc-3b2b3ab299ba", "tcgplayerProductId": "37765"}, "isReprint": true, "isStarter": true, "language": "English", "layout": "normal", "legalities": {"commander": "Legal", "duel": "Legal", "legacy": "Legal", "modern": "Legal", "pauper": "Legal", "paupercommander": "Legal", "penny": "Legal", "premodern": "Legal", "vintage": "Legal"}, "manaCost": "{2}{W}", "manaValue": 3.0, "name": "Angelic Blessing", "number": "1", "printings": ["10E", "9ED", "EXO", "P02", "POR", "PS11", "S00", "S99", "TPR"], "purchaseUrls": {"cardKingdom": "https://mtgjson.com/links/2848c715d3b9ebf2", "cardmarket": "https://mtgjson.com/links/55a29673bcf04246", "tcgplayer": "https://mtgjson.com/links/99d2d40b1874f210"}, "rarity": "common", "rulings": [], "setCode": "S00", "subtypes": [], "supertypes": [], "text": "Target creature gets +3/+3 and gains flying until end of turn. (It can't be blocked except by creatures with flying or reach.)", "type": "Sorcery", "types": ["Sorcery"], "uuid": "9872df2a-edb1-5625-99bd-e8c4357807ab"}, {"artist": "DiTerlizzi", "availability": ["paper"], "borderColor": "white", "colorIdentity": ["W"], "colors": ["W"], "convertedManaCost": 4.0, "edhrecRank": 7095, "finishes": ["nonfoil"], "foreignData": [{"language": "German", "name": "Lebenshauch", "text": "Bringe eine Kreaturenkarte Deiner Wahl aus Deinem Friedhof direkt ins Spiel.", "type": "Hexerei"}, {"language": "Spanish", "name": "Aliento vital"}, {"language": "French", "name": "Souffle de vie"}, {"language": "Italian", "name": "Alito di Vita"}, {"language": "Portuguese (Brazil)", "name": "Sopro de Vida"}], "frameVersion": "1997", "hasFoil": false, "hasNonFoil": true, "identifiers": {"cardKingdomId": "125515", "cardsphereId": "75437", "mcmId": "14745", "mcmMetaId": "699", "mtgjsonV4Id": "5b6fa47a-8a42-51d3-b144-735f9454db46", "multiverseId": "25447", "scryfallId": "d67530a4-2aa7-4907-9e89-a6a3d92134e6", "scryfallIllustrationId": "ff7d74c1-10aa-46fa-89c2-f8531f7fe151", "scryfallOracleId": "30d9e200-b944-43ff-89b8-a550a788ae03", "tcgplayerProductId": "37767"}, "isReprint": true, "isStarter": true, "language": "English", "layout": "normal", "legalities": {"commander": "Legal", "duel": "Legal", "legacy": "Legal", "pauper": "Legal", "paupercommander": "Legal", "penny": "Legal", "premodern": "Legal", "vintage": "Legal"}, "manaCost": "{3}{W}", "manaValue": 4.0, "name": "Breath of Life", "number": "3", "printings": ["7ED", "P02", "POR", "S00", "S99", "VMA"], "purchaseUrls": {"cardKingdom": "https://mtgjson.com/links/015fdb0f6ffe3873", "cardmarket": "https://mtgjson.com/links/5f7e17def3583bc4", "tcgplayer": "https://mtgjson.com/links/333a7368127f336e"}, "rarity": "uncommon", "rulings": [], "setCode": "S00", "subtypes": [], "supertypes": [], "text": "Return target creature card from your graveyard to the battlefield.", "type": "Sorcery", "types": ["Sorcery"], "uuid": "d596eec6-6f88-56a0-b355-7168103e88e2"}, {"artist": "Scott M. Fischer", "availability": ["paper"], "borderColor": "white", "colorIdentity": ["W"], "colors": ["W"], "convertedManaCost": 1.0, "edhrecRank": 20689, "finishes": ["nonfoil"], "flavorText": "The enthusiasm of the young, sharpened by the discipline of a soldier.", "foreignData": [{"language": "German", "name": "Eifriger Kadett", "type": "Kreatur — Soldat"}, {"language": "Spanish", "name": "Cadete ansioso"}, {"language": "French", "name": "Cadet impatient"}, {"language": "Italian", "name": "Cadetto Entusiasta"}, {"language": "Portuguese (Brazil)", "name": "Cadete Impetuoso"}], "frameVersion": "1997", "hasFoil": false, "hasNonFoil": true, "identifiers": {"cardKingdomId": "125521", "cardsphereId": "75438", "mcmId": "14747", "mcmMetaId": "1682", "mtgjsonV4Id": "e5cf372a-8efc-5fea-b516-c229fdfb273f", "multiverseId": "25455", "scryfallId": "3261b8bd-b802-408e-bac6-c860db18cf8b", "scryfallIllustrationId": "2d64202d-3495-424e-adf5-1f3c783cb1b3", "scryfallOracleId": "39780477-01ba-40c6-8fe6-2178efb10b92", "tcgplayerProductId": "37773"}, "isReprint": true, "isStarter": true, "language": "English", "layout": "normal", "legalities": {"commander": "Legal", "duel": "Legal", "legacy": "Legal", "modern": "Legal", "pauper": "Legal", "paupercommander": "Legal", "premodern": "Legal", "vintage": "Legal"}, "manaCost": "{W}", "manaValue": 1.0, "name": "Eager Cadet", "number": "5", "power": "1", "printings": ["7ED", "8ED", "9ED", "S00", "S99"], "purchaseUrls": {"cardKingdom": "https://mtgjson.com/links/386d2ccdf97f885b", "cardmarket": "https://mtgjson.com/links/ddf4b01b6e11e302", "tcgplayer": "https://mtgjson.com/links/1e9f41c5769c1c34"}, "rarity": "common", "rulings": [], "setCode": "S00", "subtypes": ["Human", "Soldier"], "supertypes": [], "toughness": "1", "type": "Creature — Human Soldier", "types": ["Creature"], "uuid": "ad960aa0-7f8c-5305-980e-e43b797f98c9"}, {"artist": "Dan Frazier", "availability": ["paper"], "borderColor": "white", "colorIdentity": ["W"], "colors": ["W"], "convertedManaCost": 2.0, "edhrecRank": 21129, "finishes": ["nonfoil"], "flavorText": "\". . . Before honor is humility.\"\n—*The Bible*, Proverbs 15:33", "foreignData": [{"language": "German", "name": "Fahrender Ritter", "type": "Kreatur — Ritter"}, {"language": "Spanish", "name": "Caballero andante"}, {"language": "French", "name": "Chevalier errant"}, {"language": "Italian", "name": "Cavaliere Ramingo"}, {"language": "Portuguese (Brazil)", "name": "Cavaleiro Errante"}], "frameVersion": "1997", "hasFoil": false, "hasNonFoil": true, "identifiers": {"cardKingdomId": "125530", "cardsphereId": "75439", "mcmId": "14750", "mcmMetaId": "3105", "mtgjsonV4Id": "4ac05402-c5d0-5a5f-ba5e-37078da3ef8e", "multiverseId": "25450", "scryfallId": "8f856279-48a2-45b5-97ac-89c3f481a3df", "scryfallIllustrationId": "43c1719d-1b86-42c9-8419-1d73283dee61", "scryfallOracleId": "920cc1a7-ac6b-44c0-ade7-347f05bba0f2", "tcgplayerProductId": "37784"}, "isReprint": true, "isStarter": true, "language": "English", "layout": "normal", "legalities": {"commander": "Legal", "duel": "Legal", "legacy": "Legal", "pauper": "Legal", "paupercommander": "Legal", "penny": "Legal", "premodern": "Legal", "vintage": "Legal"}, "manaCost": "{1}{W}", "manaValue": 2.0, "name": "Knight Errant", "number": "7", "power": "2", "printings": ["7ED", "POR", "S00", "S99"], "purchaseUrls": {"cardKingdom": "https://mtgjson.com/links/104109c36aac8410", "cardmarket": "https://mtgjson.com/links/ec0a0717c0449ca6", "tcgplayer": "https://mtgjson.com/links/17d919131e87a399"}, "rarity": "common", "rulings": [], "setCode": "S00", "subtypes": ["Human", "Knight"], "supertypes": [], "toughness": "2", "type": "Creature — Human Knight", "types": ["Creature"], "uuid": "9380b639-fb55-5e54-b5e7-0110483ae019"}, {"artist": "Carl Critchlow", "availability": ["paper"], "borderColor": "white", "colorIdentity": ["W"], "colors": ["W"], "convertedManaCost": 2.0, "edhrecRank": 21073, "finishes": ["nonfoil"], "flavorText": "Hunter by instinct, weapon by training.", "foreignData": [{"language": "German", "name": "Königsfalke", "text": "Fliegend", "type": "Kreatur — Vogel"}], "frameVersion": "1997", "hasFoil": false, "hasNonFoil": true, "identifiers": {"cardKingdomId": "125543", "cardsphereId": "75440", "mcmId": "14757", "mcmMetaId": "4811", "mtgjsonV4Id": "374c6264-20a3-5d11-9702-f236ad8e82f5", "multiverseId": "25459", "scryfallId": "10dfc217-ae94-4ff0-bf30-7131f97aa3c9", "scryfallIllustrationId": "307b5e09-2879-4b61-8c9b-cb4cce54dbbe", "scryfallOracleId": "a247a7e7-83bb-46f8-9a31-85b0d8ede919", "tcgplayerProductId": "37799"}, "isReprint": true, "isStarter": true, "keywords": ["Flying"], "language": "English", "layout": "normal", "legalities": {"commander": "Legal", "duel": "Legal", "legacy": "Legal", "pauper": "Legal", "paupercommander": "Legal", "vintage": "Legal"}, "manaCost": "{1}{W}", "manaValue": 2.0, "name": "Royal Falcon", "number": "8", "power": "1", "printings": ["S00", "S99"], "purchaseUrls": {"cardKingdom": "https://mtgjson.com/links/a0cdd9fa4feeb4ad", "cardmarket": "https://mtgjson.com/links/09df9a565a2d4d66", "tcgplayer": "https://mtgjson.com/links/c8666010b4c62f3a"}, "rarity": "common", "rulings": [], "setCode": "S00", "subtypes": ["Bird"], "supertypes": [], "text": "Flying", "toughness": "1", "type": "Creature — Bird", "types": ["Creature"], "uuid": "d232a349-b83b-563b-9388-c344ffb76862"}, {"artist": "Jeff Miracola", "availability": ["paper"], "borderColor": "white", "colorIdentity": ["W"], "colors": ["W"], "convertedManaCost": 3.0, "edhrecRank": 18406, "finishes": ["nonfoil"], "flavorText": "Two little goblins, out in the sun. Down came a griffin, and then there was one.", "foreignData": [{"language": "German", "name": "Wildgreif", "text": "Fliegend", "type": "Kreatur — Greif"}, {"language": "French", "name": "Griffon sauvage"}, {"language": "Italian", "name": "Grifone Selvaggio"}], "frameVersion": "1997", "hasFoil": false, "hasNonFoil": true, "identifiers": {"cardKingdomId": "125554", "cardsphereId": "75441", "mcmId": "14762", "mcmMetaId": "6621", "mtgjsonV4Id": "d6fef362-0d5b-5dd2-8134-9e64876bc3f5", "multiverseId": "25449", "scryfallId": "59e36202-2c96-4318-9d33-c04122e49bbc", "scryfallIllustrationId": "11fbcd8d-1e06-4899-9b71-0aa357717227", "scryfallOracleId": "c643cfe1-5844-4eb1-b1f5-028382411773", "tcgplayerProductId": "37813"}, "isReprint": true, "isStarter": true, "keywords": ["Flying"], "language": "English", "layout": "normal", "legalities": {"commander": "Legal", "duel": "Legal", "legacy": "Legal", "modern": "Legal", "pauper": "Legal", "paupercommander": "Legal", "penny": "Legal", "vintage": "Legal"}, "manaCost": "{2}{W}", "manaValue": 3.0, "name": "Wild Griffin", "number": "11", "power": "2", "printings": ["10E", "CN2", "M11", "MB1", "ME4", "P02", "S00", "S99"], "purchaseUrls": {"cardKingdom": "https://mtgjson.com/links/b4783b642357e2e6", "cardmarket": "https://mtgjson.com/links/a2cb3f74ecc48b0d", "tcgplayer": "https://mtgjson.com/links/f91122606fea896d"}, "rarity": "common", "rulings": [], "setCode": "S00", "subtypes": ["Griffin"], "supertypes": [], "text": "Flying", "toughness": "2", "type": "Creature — Griffin", "types": ["Creature"], "uuid": "987892f3-5b22-585d-a2b7-e352ece9799f"}, {"artist": "John Matson", "availability": ["paper"], "borderColor": "white", "colorIdentity": ["U"], "colors": ["U"], "convertedManaCost": 4.0, "edhrecRank": 17987, "finishes": ["nonfoil"], "flavorText": "At the sight of the thing the calamari vendor's eyes went wide, but from fear or avarice none could tell.", "foreignData": [{"language": "German", "name": "Riesenoktopus", "type": "Kreatur — Oktopus"}, {"language": "Spanish", "name": "Pulpo gigante"}, {"language": "French", "name": "Pieuvre géante"}, {"language": "Italian", "name": "Piovra Gigante"}, {"language": "Portuguese (Brazil)", "name": "Polvo Gigante"}], "frameVersion": "1997", "hasFoil": false, "hasNonFoil": true, "identifiers": {"cardKingdomId": "125525", "cardsphereId": "75442", "mcmId": "14748", "mcmMetaId": "2327", "mtgjsonV4Id": "c3a002b9-a50a-5333-8c7c-7a5174aa0251", "multiverseId": "25457", "scryfallId": "853b7e48-7903-4250-91b9-db4440b3a8e6", "scryfallIllustrationId": "0d8f9a2e-b70c-4d16-866f-143e2b2ce4c7", "scryfallOracleId": "c181d2a4-5959-4409-9bd3-ecedf8ec9516", "tcgplayerProductId": "37778"}, "isReprint": true, "isStarter": true, "language": "English", "layout": "normal", "legalities": {"commander": "Legal", "duel": "Legal", "legacy": "Legal", "modern": "Legal", "pauper": "Legal", "paupercommander": "Legal", "premodern": "Legal", "vintage": "Legal"}, "manaCost": "{3}{U}", "manaValue": 4.0, "name": "Giant Octopus", "number": "14", "power": "3", "printings": ["7ED", "8ED", "9ED", "POR", "S00", "S99"], "purchaseUrls": {"cardKingdom": "https://mtgjson.com/links/7e00758072009b32", "cardmarket": "https://mtgjson.com/links/92f22811cac5dd4e", "tcgplayer": "https://mtgjson.com/links/620891d4c7d5c14e"}, "rarity": "common", "rulings": [], "setCode": "S00", "subtypes": ["Octopus"], "supertypes": [], "toughness": "3", "type": "Creature — Octopus", "types": ["Creature"], "uuid": "fc6b1f5f-2a5a-58f5-a285-3b7f2caff6e0"}, {"artist": "Anthony S. Waters", "availability": ["paper"], "borderColor": "white", "colorIdentity": ["U"], "colors": ["U"], "convertedManaCost": 2.0, "edhrecRank": 21773, "finishes": ["nonfoil"], "flavorText": "Where air meets water, fish meets talon.", "foreignData": [{"language": "German", "name": "Seeadler", "text": "Fliegend", "type": "Kreatur — Vogel"}], "frameVersion": "1997", "hasFoil": false, "hasNonFoil": true, "identifiers": {"cardKingdomId": "125546", "cardsphereId": "75443", "mcmId": "14758", "mcmMetaId": "4993", "mtgjsonV4Id": "cf569a17-0c5b-5705-a1b4-8c796fda57d1", "multiverseId": "25460", "scryfallId": "9ca4a4e5-ca4f-4a4f-849c-019440d654b4", "scryfallIllustrationId": "8ab416ef-fb0d-4c83-8b5d-0fd6dfa03904", "scryfallOracleId": "acb57162-7093-4a3c-9818-d3b61ce757c6", "tcgplayerProductId": "37802"}, "isReprint": true, "isStarter": true, "keywords": ["Flying"], "language": "English", "layout": "normal", "legalities": {"commander": "Legal", "duel": "Legal", "legacy": "Legal", "modern": "Legal", "pauper": "Legal", "paupercommander": "Legal", "vintage": "Legal"}, "manaCost": "{1}{U}", "manaValue": 2.0, "name": "Sea Eagle", "number": "18", "power": "1", "printings": ["8ED", "S00", "S99"], "purchaseUrls": {"cardKingdom": "https://mtgjson.com/links/ca910cf3de3aa1e9", "cardmarket": "https://mtgjson.com/links/3040c9a652101f31", "tcgplayer": "https://mtgjson.com/links/759e133a4fd5da90"}, "rarity": "common", "rulings": [], "setCode": "S00", "subtypes": ["Bird"], "supertypes": [], "text": "Flying", "toughness": "1", "type": "Creature — Bird", "types": ["Creature"], "uuid": "fbf463fd-f78c-5839-b51a-ce38ff83d926"}, {"artist": "Alan Rabinowitz", "availability": ["paper"], "borderColor": "white", "colorIdentity": ["U"], "colors": ["U"], "convertedManaCost": 3.0, "edhrecRank": 16517, "finishes": ["nonfoil"], "flavorText": "Like the tide, time both ebbs and flows.", "foreignData": [{"language": "German", "name": "Zeitebbe", "text": "Lege eine Kreatur Deiner Wahl oben auf die Bibliothek ihres Besitzers zurück.", "type": "Hexerei"}, {"language": "Spanish", "name": "La compensación del tiempo"}, {"language": "French", "name": "Temps du jusant"}, {"language": "Italian", "name": "Riflusso Temporale"}, {"language": "Portuguese (Brazil)", "name": "Refluxo do Tempo"}], "frameVersion": "1997", "hasFoil": false, "hasNonFoil": true, "identifiers": {"cardKingdomId": "125550", "cardsphereId": "75444", "mcmId": "14759", "mcmMetaId": "6022", "mtgjsonV4Id": "c2dfb4ce-13d1-5040-b19f-efa65c92f978", "multiverseId": "25462", "scryfallId": "8904494d-ef95-40d7-a0e0-a49215a72652", "scryfallIllustrationId": "7546b9d2-8547-4aec-abd2-e7b60c34d010", "scryfallOracleId": "30cc8f7b-3c28-40f5-8f8f-157e8212280b", "tcgplayerProductId": "37809"}, "isReprint": true, "isStarter": true, "language": "English", "layout": "normal", "legalities": {"commander": "Legal", "duel": "Legal", "legacy": "Legal", "modern": "Legal", "pauper": "Legal", "paupercommander": "Legal", "penny": "Legal", "pioneer": "Legal", "premodern": "Legal", "vintage": "Legal"}, "manaCost": "{2}{U}", "manaValue": 3.0, "name": "Time Ebb", "number": "19", "printings": ["9ED", "M14", "P02", "POR", "S00", "S99", "TMP", "TPR"], "purchaseUrls": {"cardKingdom": "https://mtgjson.com/links/e661fb26cb822961", "cardmarket": "https://mtgjson.com/links/ecb8f0b7565856bb", "tcgplayer": "https://mtgjson.com/links/3173ccbc28719812"}, "rarity": "common", "rulings": [], "setCode": "S00", "subtypes": [], "supertypes": [], "text": "Put target creature on top of its owner's library.", "type": "Sorcery", "types": ["Sorcery"], "uuid": "233b578b-f3e0-5b9d-b011-5849c1c2fdbb"}, {"artist": "Eric Peterson", "availability": ["paper"], "borderColor": "white", "colorIdentity": ["U"], "colors": ["U"], "convertedManaCost": 7.0, "edhrecRank": 19647, "finishes": ["nonfoil"], "flavorText": "Its swamp cousin may be meaner, but the vizzerdrix is much bigger.", "foreignData": [{"language": "German", "name": "Vizzerdrix", "type": "Kreatur — Bestie"}, {"language": "Spanish", "name": "Vizzerdix"}, {"language": "French", "name": "Vizzerdrix"}, {"language": "Italian", "name": "Vizzerdrix"}, {"language": "Portuguese (Brazil)", "name": "Vizzerdrix"}], "frameVersion": "1997", "hasFoil": false, "hasNonFoil": true, "identifiers": {"cardKingdomId": "125553", "cardsphereId": "75445", "mcmId": "14761", "mcmMetaId": "6396", "mtgjsonV4Id": "f32736e6-8014-52d9-8ceb-1a51e6b1ad65", "multiverseId": "25463", "scryfallId": "4dfb5269-a5de-4b42-aa1c-a946bfd027a0", "scryfallIllustrationId": "faf78616-db44-4a8d-bf93-e7068bffb5d3", "scryfallOracleId": "a6649a99-c9cd-474e-91f2-cc8e75496864", "tcgplayerProductId": "37812"}, "isReprint": true, "isStarter": true, "language": "English", "layout": "normal", "legalities": {"commander": "Legal", "duel": "Legal", "legacy": "Legal", "modern": "Legal", "penny": "Legal", "premodern": "Legal", "vintage": "Legal"}, "manaCost": "{6}{U}", "manaValue": 7.0, "name": "Vizzerdrix", "number": "20", "power": "6", "printings": ["7ED", "8ED", "9ED", "S00", "S99"], "purchaseUrls": {"cardKingdom": "https://mtgjson.com/links/5a29d5ab05ad14d4", "cardmarket": "https://mtgjson.com/links/3dbe1629a700c788", "tcgplayer": "https://mtgjson.com/links/2feb8599faa016e3"}, "rarity": "rare", "rulings": [], "setCode": "S00", "subtypes": ["Rabbit", "Beast"], "supertypes": [], "toughness": "6", "type": "Creature — Rabbit Beast", "types": ["Creature"], "uuid": "939d4945-9058-5215-a375-5319d21d4593"}, {"artist": "Heather Hudson", "availability": ["paper"], "borderColor": "white", "colorIdentity": ["B"], "colors": ["B"], "convertedManaCost": 3.0, "edhrecRank": 18968, "finishes": ["nonfoil"], "flavorText": "The touch of death is never gentle.", "foreignData": [{"language": "German", "name": "Todbringende Hand", "text": "Zerstöre eine nichtschwarze Kreatur Deiner Wahl.", "type": "Hexerei"}, {"language": "French", "name": "Main de mort"}], "frameVersion": "1997", "hasFoil": false, "hasNonFoil": true, "identifiers": {"cardKingdomId": "125527", "cardsphereId": "75446", "mcmId": "14749", "mcmMetaId": "2587", "mtgjsonV4Id": "3f36f642-3de0-59a9-a02a-1cfcc99590ba", "multiverseId": "25490", "scryfallId": "d17d9a95-5586-4d16-9700-215b9af63f6f", "scryfallIllustrationId": "9c4b33e1-5dc0-4c7c-8b2a-e7241d5f3107", "scryfallOracleId": "dc45b2e3-272b-479b-8e3b-36eead606a3a", "tcgplayerProductId": "37780"}, "isReprint": true, "isStarter": true, "language": "English", "layout": "normal", "legalities": {"commander": "Legal", "duel": "Legal", "legacy": "Legal", "pauper": "Legal", "paupercommander": "Legal", "vintage": "Legal"}, "manaCost": "{2}{B}", "manaValue": 3.0, "name": "Hand of Death", "number": "25", "printings": ["P02", "POR", "S00", "S99"], "purchaseUrls": {"cardKingdom": "https://mtgjson.com/links/75cc3152c3b3ce91", "cardmarket": "https://mtgjson.com/links/ebbce3e13cc7209c", "tcgplayer": "https://mtgjson.com/links/107c3fa8a1afaa47"}, "rarity": "common", "rulings": [], "setCode": "S00", "subtypes": [], "supertypes": [], "text": "Destroy target nonblack creature.", "type": "Sorcery", "types": ["Sorcery"], "uuid": "3c4b8331-08f9-5699-9e0f-de68112cd34e"}, {"artist": "Brian Snõddy", "availability": ["paper"], "borderColor": "white", "colorIdentity": ["R"], "colors": ["R"], "convertedManaCost": 5.0, "edhrecRank": 13022, "finishes": ["nonfoil"], "flavorText": "Meant to cut through the body and burn straight to the soul.", "foreignData": [{"language": "German", "name": "Lavaaxt", "text": "Die Lavaaxt fügt einem Gegner Deiner Wahl 5 Schadenspunkte zu.", "type": "Hexerei"}, {"language": "Spanish", "name": "Hacha de lava"}, {"language": "French", "name": "Hache de lave"}, {"language": "Italian", "name": "Ascia di Lava"}, {"language": "Portuguese (Brazil)", "name": "Machado de Lava"}], "frameVersion": "1997", "hasFoil": false, "hasNonFoil": true, "identifiers": {"cardKingdomId": "125531", "cardsphereId": "75447", "mcmId": "14751", "mcmMetaId": "3211", "mtgjsonV4Id": "cc70130b-4ff1-5d9f-9363-adf3ba4f8940", "multiverseId": "25488", "scryfallId": "340b71f4-4245-4b22-a550-c0226e2710ee", "scryfallIllustrationId": "bcc54fa7-0acf-49ba-b1e7-56a5f03ab28c", "scryfallOracleId": "387b6b07-a283-412d-94c3-f7f1dc76e858", "tcgplayerProductId": "37785"}, "isReprint": true, "isStarter": true, "language": "English", "layout": "normal", "legalities": {"commander": "Legal", "duel": "Legal", "explorer": "Legal", "gladiator": "Legal", "historic": "Legal", "historicbrawl": "Legal", "legacy": "Legal", "modern": "Legal", "pauper": "Legal", "paupercommander": "Legal", "penny": "Legal", "pioneer": "Legal", "premodern": "Legal", "vintage": "Legal"}, "manaCost": "{4}{R}", "manaValue": 5.0, "name": "Lava Axe", "number": "31", "printings": ["10E", "7ED", "8ED", "9ED", "BTD", "M10", "M11", "M12", "M14", "M15", "M19", "P02", "PG08", "POR", "PRM", "PS11", "S00", "S99", "ULG"], "purchaseUrls": {"cardKingdom": "https://mtgjson.com/links/9c25b03c4492efb4", "cardmarket": "https://mtgjson.com/links/aa91f661bb376f96", "tcgplayer": "https://mtgjson.com/links/e18fddaae5316bc0"}, "rarity": "common", "rulings": [], "setCode": "S00", "subtypes": [], "supertypes": [], "text": "Lava Axe deals 5 damage to target player or planeswalker.", "type": "Sorcery", "types": ["Sorcery"], "uuid": "09d7e1f0-632d-57a4-a7b1-0776d3e0448a"}, {"artist": "Pete Venters", "availability": ["paper"], "borderColor": "white", "colorIdentity": ["R"], "colors": ["R"], "convertedManaCost": 1.0, "edhrecRank": 17711, "finishes": ["nonfoil"], "flavorText": "Just because they have a club doesn't mean they're organized.", "foreignData": [{"language": "German", "name": "Mons' plündernde Goblins", "type": "Kreatur — Goblin"}, {"language": "Spanish", "name": "Trasgos de Mons"}, {"language": "French", "name": "Pillards gobelins de Mons"}, {"language": "Italian", "name": "Goblin Predatori di Mons"}, {"language": "Portuguese (Brazil)", "name": "Goblins Salteadores do Mons"}], "frameVersion": "1997", "hasFoil": false, "hasNonFoil": true, "identifiers": {"cardKingdomId": "125534", "cardsphereId": "75448", "mcmId": "14752", "mcmMetaId": "3714", "mtgjsonV4Id": "a5326c8b-b239-5637-8a3f-f7d73f2fd513", "multiverseId": "25491", "scryfallId": "58b7a22b-f354-4f42-9354-d149bb9b3645", "scryfallIllustrationId": "7ef3b418-68e2-4302-9fb9-2d35d6866b73", "scryfallOracleId": "a37159df-f6d7-4db6-85de-0ea77f425993", "tcgplayerProductId": "37788"}, "isReprint": true, "isStarter": true, "language": "English", "layout": "normal", "legalities": {"commander": "Legal", "duel": "Legal", "legacy": "Legal", "pauper": "Legal", "paupercommander": "Legal", "premodern": "Legal", "vintage": "Legal"}, "manaCost": "{R}", "manaValue": 1.0, "name": "Mons's Goblin Raiders", "number": "32", "power": "1", "printings": ["2ED", "3ED", "4BB", "4ED", "5ED", "CED", "CEI", "FBB", "ITP", "LEA", "LEB", "RQS", "S00", "S99", "SUM"], "purchaseUrls": {"cardKingdom": "https://mtgjson.com/links/d02042280403e454", "cardmarket": "https://mtgjson.com/links/2935124c20112535", "tcgplayer": "https://mtgjson.com/links/3e8e1357387d70fd"}, "rarity": "common", "rulings": [], "setCode": "S00", "subtypes": ["Goblin"], "supertypes": [], "toughness": "1", "type": "Creature — Goblin", "types": ["Creature"], "uuid": "196d0ddd-c008-551a-93f0-15c0709e74f4"}, {"artist": "Jeff Miracola", "availability": ["paper"], "borderColor": "white", "colorIdentity": ["R"], "colors": ["R"], "convertedManaCost": 4.0, "edhrecRank": 22673, "finishes": ["nonfoil"], "flavorText": "Assault and battery included.", "foreignData": [{"language": "German", "name": "Ogerkrieger", "type": "Kreatur — Oger"}, {"language": "Spanish", "name": "Guerrero ogro"}, {"language": "French", "name": "Guerrier ogre"}], "frameVersion": "1997", "hasFoil": false, "hasNonFoil": true, "identifiers": {"cardKingdomId": "125538", "cardsphereId": "75449", "mcmId": "14755", "mcmMetaId": "3974", "mtgjsonV4Id": "d7808d69-b264-5ecd-8d8b-7de4e5d64b69", "multiverseId": "25476", "scryfallId": "c0a6848f-7cb3-4ab0-a14a-e7fb62562861", "scryfallIllustrationId": "c948e73b-7b3f-4c0f-96a2-781405f85416", "scryfallOracleId": "31426e08-bfd1-44f1-8473-5e982cb8e841", "tcgplayerProductId": "37793"}, "isReprint": true, "isStarter": true, "language": "English", "layout": "normal", "legalities": {"commander": "Legal", "duel": "Legal", "legacy": "Legal", "pauper": "Legal", "paupercommander": "Legal", "vintage": "Legal"}, "manaCost": "{3}{R}", "manaValue": 4.0, "name": "Ogre Warrior", "number": "33", "power": "3", "printings": ["P02", "S00", "S99"], "purchaseUrls": {"cardKingdom": "https://mtgjson.com/links/1249441640141c60", "cardmarket": "https://mtgjson.com/links/be42e876abcef395", "tcgplayer": "https://mtgjson.com/links/c203bff3b325cce0"}, "rarity": "common", "rulings": [], "setCode": "S00", "subtypes": ["Ogre", "Warrior"], "supertypes": [], "toughness": "3", "type": "Creature — Ogre Warrior", "types": ["Creature"], "uuid": "94bdce70-50e8-50f6-b5d7-cdd2ccabaddf"}, {"artist": "Eric Peterson", "availability": ["paper"], "borderColor": "white", "colorIdentity": ["R"], "colors": ["R"], "convertedManaCost": 7.0, "edhrecRank": 22361, "finishes": ["nonfoil"], "flavorText": "All orggs know how to kill; training teaches them *what* to kill.", "foreignData": [{"language": "German", "name": "Trainierter Orgg", "type": "Kreatur — Bestie"}, {"language": "Spanish", "name": "Orgg adiestrado"}, {"language": "French", "name": "Orgg dressé"}, {"language": "Italian", "name": "Orgg Addestrato"}, {"language": "Portuguese (Brazil)", "name": "Orgg Treinado"}], "frameVersion": "1997", "hasFoil": false, "hasNonFoil": true, "identifiers": {"cardKingdomId": "125551", "cardsphereId": "75450", "mcmId": "14760", "mcmMetaId": "6107", "mtgjsonV4Id": "05e230b6-b0a8-508f-a97e-edb6413ca6c0", "multiverseId": "25494", "scryfallId": "c8b2875c-cb64-43da-bbf6-1c31dc25ed2f", "scryfallIllustrationId": "aeeb9887-d1f4-4dc1-a28d-4067f8e2ec10", "scryfallOracleId": "da67de0f-6b0d-4100-9260-334f8c235c59", "tcgplayerProductId": "37810"}, "isReprint": true, "isStarter": true, "language": "English", "layout": "normal", "legalities": {"commander": "Legal", "duel": "Legal", "legacy": "Legal", "penny": "Legal", "premodern": "Legal", "vintage": "Legal"}, "manaCost": "{6}{R}", "manaValue": 7.0, "name": "Trained Orgg", "number": "37", "power": "6", "printings": ["7ED", "S00", "S99"], "purchaseUrls": {"cardKingdom": "https://mtgjson.com/links/419c1d3591e3a660", "cardmarket": "https://mtgjson.com/links/a8c86b22fdfa0b6a", "tcgplayer": "https://mtgjson.com/links/362413a7c737d87d"}, "rarity": "rare", "rulings": [], "setCode": "S00", "subtypes": ["Orgg"], "supertypes": [], "toughness": "6", "type": "Creature — Orgg", "types": ["Creature"], "uuid": "1ea7809d-6a9d-51e8-b449-e9f594988a6d"}, {"artist": "Mike Kimble", "availability": ["paper"], "borderColor": "white", "colorIdentity": ["G"], "colors": ["G"], "convertedManaCost": 5.0, "edhrecRank": 19264, "finishes": ["nonfoil"], "flavorText": "\"And the unclean spirits went out, and entered the swine: and the herd ran violently . . . .\"\n—*The Bible*, Mark 5:13", "foreignData": [{"language": "German", "name": "Düsterwaldkeiler", "type": "Kreatur — Wildschwein"}, {"language": "Spanish", "name": "Jabalíes del Bosque de Durk"}, {"language": "French", "name": "Sangliers de Boissambre"}, {"language": "Italian", "name": "Cinghiali di Durkwood"}, {"language": "Portuguese (Brazil)", "name": "Javalis de Durkwood"}], "frameVersion": "1997", "hasFoil": false, "hasNonFoil": true, "identifiers": {"cardKingdomId": "125520", "cardsphereId": "75451", "mcmId": "14746", "mcmMetaId": "1643", "mtgjsonV4Id": "818590f5-4896-505c-95b3-7ce0cfd7bf52", "multiverseId": "25493", "scryfallId": "3741510d-a210-432c-a95b-a147689df995", "scryfallIllustrationId": "5bd90ea8-6521-48e9-80d0-4f4b4b5a9489", "scryfallOracleId": "8bb2ac6c-20aa-46dd-883f-b629855cabb0", "tcgplayerProductId": "37772"}, "isReprint": true, "isStarter": true, "language": "English", "layout": "normal", "legalities": {"commander": "Legal", "duel": "Legal", "legacy": "Legal", "oldschool": "Legal", "pauper": "Legal", "paupercommander": "Legal", "premodern": "Legal", "vintage": "Legal"}, "manaCost": "{4}{G}", "manaValue": 5.0, "name": "Durkwood Boars", "number": "38", "power": "4", "printings": ["4BB", "4ED", "5ED", "ITP", "LEG", "REN", "RQS", "S00", "S99"], "purchaseUrls": {"cardKingdom": "https://mtgjson.com/links/cd46479d539f955f", "cardmarket": "https://mtgjson.com/links/b04b0fb1dccb82d7", "tcgplayer": "https://mtgjson.com/links/a5c96ae7b1eb107f"}, "rarity": "common", "rulings": [], "setCode": "S00", "subtypes": ["Boar"], "supertypes": [], "toughness": "4", "type": "Creature — Boar", "types": ["Creature"], "uuid": "d69e182a-f32e-5cc4-b8d6-e3a5cc87f744"}, {"artist": "Una Fricker", "availability": ["paper"], "borderColor": "white", "colorIdentity": ["G"], "colors": ["G"], "convertedManaCost": 2.0, "edhrecRank": 16340, "finishes": ["nonfoil"], "flavorText": "The nightstalkers' little game of tease-the-squirrel suddenly took an unexpected turn.", "foreignData": [{"language": "German", "name": "Unheimliches Wachstum", "text": "Eine Kreatur Deiner Wahl erhält +4/+4 bis zum Ende des Zuges.", "type": "Hexerei"}, {"language": "Spanish", "name": "Crecimiento monstruoso"}, {"language": "French", "name": "Croissance démesurée"}, {"language": "Italian", "name": "Crescita Mostruosa"}, {"language": "Portuguese (Brazil)", "name": "Crescimento Monstruoso"}], "frameVersion": "1997", "hasFoil": false, "hasNonFoil": true, "identifiers": {"cardKingdomId": "125535", "cardsphereId": "75452", "mcmId": "14753", "mcmMetaId": "3715", "mtgjsonV4Id": "30337c61-fdf1-548b-9fc2-4fd96e4687d2", "multiverseId": "25475", "scryfallId": "81e077e5-2600-4ab4-b1ca-5714cc834331", "scryfallIllustrationId": "c7b67793-e132-44cd-b4b2-7c01c246989b", "scryfallOracleId": "35a05836-38d7-45c7-ac9a-996a682c2129", "tcgplayerProductId": "37789"}, "isReprint": true, "isStarter": true, "language": "English", "layout": "normal", "legalities": {"commander": "Legal", "duel": "Legal", "legacy": "Legal", "modern": "Legal", "pauper": "Legal", "paupercommander": "Legal", "penny": "Legal", "premodern": "Legal", "vintage": "Legal"}, "manaCost": "{1}{G}", "manaValue": 2.0, "name": "Monstrous Growth", "number": "41", "printings": ["7ED", "8ED", "P02", "POR", "S00", "S99"], "purchaseUrls": {"cardKingdom": "https://mtgjson.com/links/1254239bb81a2985", "cardmarket": "https://mtgjson.com/links/9ab0a74be94f98e5", "tcgplayer": "https://mtgjson.com/links/180b2fcde3e57fd2"}, "rarity": "common", "rulings": [], "setCode": "S00", "subtypes": [], "supertypes": [], "text": "Target creature gets +4/+4 until end of turn.", "type": "Sorcery", "types": ["Sorcery"], "uuid": "165f9c71-499a-5131-ad8d-9a39a61baf02"}, {"artist": "Terese Nielsen", "availability": ["paper"], "borderColor": "white", "colorIdentity": ["G"], "colors": ["G"], "convertedManaCost": 2.0, "edhrecRank": 20522, "finishes": ["nonfoil"], "flavorText": "\"I am that merry wanderer of the night.\"\n—William Shakespeare,\n*A Midsummer Night's Dream*", "foreignData": [{"language": "German", "name": "Mondfee", "text": "Fliegend", "type": "Kreatur — Feenwesen"}, {"language": "French", "name": "Farfadet lunaire"}], "frameVersion": "1997", "hasFoil": false, "hasNonFoil": true, "identifiers": {"cardKingdomId": "125536", "cardsphereId": "75453", "mcmId": "14754", "mcmMetaId": "3717", "mtgjsonV4Id": "756cbef0-cffc-5445-ab2c-1e4e74639f15", "multiverseId": "25485", "scryfallId": "49d0acb1-bc07-42d5-a327-1617f0ed2c60", "scryfallIllustrationId": "157bd03a-dfdc-4b13-a768-1d6989300fe8", "scryfallOracleId": "1e41136b-afa7-45ee-8d04-d0c7514b5387", "tcgplayerProductId": "37790"}, "isReprint": true, "isStarter": true, "keywords": ["Flying"], "language": "English", "layout": "normal", "legalities": {"commander": "Legal", "duel": "Legal", "legacy": "Legal", "paupercommander": "Restricted", "vintage": "Legal"}, "manaCost": "{1}{G}", "manaValue": 2.0, "name": "Moon Sprite", "number": "42", "power": "1", "printings": ["POR", "S00", "S99"], "purchaseUrls": {"cardKingdom": "https://mtgjson.com/links/007ee6c0b1880559", "cardmarket": "https://mtgjson.com/links/0edcc29f1724030a", "tcgplayer": "https://mtgjson.com/links/f3742b1e202c6be3"}, "rarity": "uncommon", "rulings": [], "setCode": "S00", "subtypes": ["Faerie"], "supertypes": [], "text": "Flying", "toughness": "1", "type": "Creature — Faerie", "types": ["Creature"], "uuid": "777a1545-bf79-54de-afdf-3eb1989add36"}, {"artist": "Mark Zug", "availability": ["paper"], "borderColor": "black", "colorIdentity": ["G"], "colors": ["G"], "convertedManaCost": 6.0, "edhrecRank": 12997, "finishes": ["foil"], "foreignData": [{"language": "German", "name": "Rhox", "text": "Du kannst Rhox Kampfschaden dem verteidigenden Spieler zufügen lassen, als ob er nicht geblockt worden wäre.\n{2}{G}: Regeneriere Rhox.", "type": "Kreatur — Bestie"}, {"language": "Spanish", "name": "Rhox"}, {"language": "French", "name": "Rhox"}, {"language": "Italian", "name": "Rhox"}, {"language": "Portuguese (Brazil)", "name": "Rhox"}], "frameVersion": "1997", "hasFoil": true, "hasNonFoil": false, "identifiers": {"cardKingdomFoilId": "125541", "cardsphereId": "42924", "mcmId": "14756", "mcmMetaId": "4687", "mtgjsonV4Id": "e1a4034f-be5b-531f-bf0e-2dd18e0db58a", "scryfallId": "5d5f3f57-410f-4ee2-b93c-f5051a068828", "scryfallIllustrationId": "88652d14-abd8-414e-bea8-9705e7cd85ab", "scryfallOracleId": "f6f4c684-2915-4a58-9c4b-487387f7cf73", "tcgplayerProductId": "21705"}, "isReprint": true, "isStarter": true, "language": "English", "layout": "normal", "legalities": {"commander": "Legal", "duel": "Legal", "legacy": "Legal", "modern": "Legal", "penny": "Legal", "premodern": "Legal", "vintage": "Legal"}, "manaCost": "{4}{G}{G}", "manaValue": 6.0, "name": "Rhox", "number": "43", "power": "5", "printings": ["10E", "8ED", "FMB1", "NEM", "PRM", "PSAL", "S00"], "purchaseUrls": {"cardKingdomFoil": "https://mtgjson.com/links/184061e19887c429", "cardmarket": "https://mtgjson.com/links/751e42b4533428e7", "tcgplayer": "https://mtgjson.com/links/05796104b272d901"}, "rarity": "rare", "rulings": [{"date": "2018-04-27", "text": "You can decide to assign damage to the defending player or planeswalker even if the blocking creature has protection from green or damage preventing effects on it."}, {"date": "2018-04-27", "text": "When assigning combat damage, you choose whether you want to assign all damage to blocking creatures, or if you want to assign all of it to the player or planeswalker this creature is attacking. You can’t split the damage assignment between them."}, {"date": "2018-04-27", "text": "If blocked by a creature with banding, the defending player decides whether or not the damage is assigned “as though it weren’t blocked”."}], "setCode": "S00", "subtypes": ["Rhino", "Beast"], "supertypes": [], "text": "You may have Rhox assign its combat damage as though it weren't blocked.\n{2}{G}: Regenerate Rhox. (The next time this creature would be destroyed this turn, it isn't. Instead tap it, remove all damage from it, and remove it from combat.)", "toughness": "5", "type": "Creature — Rhino Beast", "types": ["Creature"], "uuid": "37118303-6548-5d4e-86b6-aab4941c3ccc"}, {"artist": "DiTerlizzi", "availability": ["paper"], "borderColor": "white", "colorIdentity": ["G"], "colors": ["G"], "convertedManaCost": 1.0, "edhrecRank": 18691, "finishes": ["nonfoil"], "flavorText": "The forest lives in the elf as the elf lives in the forest.", "foreignData": [{"language": "German", "name": "Weidenelf", "type": "Kreatur — Elf"}], "frameVersion": "1997", "hasFoil": false, "hasNonFoil": true, "identifiers": {"cardKingdomId": "125555", "cardsphereId": "75455", "mcmId": "14763", "mcmMetaId": "6635", "mtgjsonV4Id": "2db6e59e-501d-5555-b5c0-14c13c55136c", "multiverseId": "25484", "scryfallId": "c063a072-0cd4-45fb-ac68-96e359bf3ef5", "scryfallIllustrationId": "df21a9a5-bd25-4046-b424-06a2ab9be6ab", "scryfallOracleId": "f88db161-3d00-4f45-b2a4-cbdc4f8e5312", "tcgplayerProductId": "37814"}, "isReprint": true, "isStarter": true, "language": "English", "layout": "normal", "legalities": {"commander": "Legal", "duel": "Legal", "legacy": "Legal", "pauper": "Legal", "paupercommander": "Legal", "vintage": "Legal"}, "manaCost": "{G}", "manaValue": 1.0, "name": "Willow Elf", "number": "45", "power": "1", "printings": ["S00", "S99"], "purchaseUrls": {"cardKingdom": "https://mtgjson.com/links/f639b6452bc979e2", "cardmarket": "https://mtgjson.com/links/a536ea0d9908f3cf", "tcgplayer": "https://mtgjson.com/links/8da0fdb9535f3050"}, "rarity": "common", "rulings": [], "setCode": "S00", "subtypes": ["Elf"], "supertypes": [], "toughness": "1", "type": "Creature — Elf", "types": ["Creature"], "uuid": "0efb2019-75d8-5878-94e6-ca4ddbb22c3e"}], "cardsphereSetId": 924, "code": "S00", "isFoilOnly": false, "isOnlineOnly": false, "keyruneCode": "S00", "mcmId": 65, "mcmName": "Starter 2000", "name": "Starter 2000", "releaseDate": "2000-04-01", "sealedProduct": [{"identifiers": {"tcgplayerProductId": "257333"}, "name": "Starter 2000 Sampler Booster Pack", "purchaseUrls": {"tcgplayer": "https://mtgjson.com/links/3123f354b1bb66bb"}, "releaseDate": null, "uuid": "312b9d82-3a53-53d7-84cc-c05534547d86"}], "tcgplayerGroupId": 106, "tokens": [], "totalSetSize": 20, "translations": {}, "type": "starter"}}