{"meta": {"date": "2022-05-26", "version": "5.2.0+20220526"}, "data": {"baseSetSize": 3, "cards": [{"artist": "Antonio José Manzanedo", "availability": ["paper"], "borderColor": "black", "colorIdentity": ["R"], "colors": ["R"], "convertedManaCost": 1.0, "edhrecRank": 6868, "finishes": ["foil"], "foreignData": [], "frameEffects": ["inverted"], "frameVersion": "2015", "hasFoil": true, "hasNonFoil": false, "identifiers": {"mtgjsonV4Id": "60e66ca5-17e8-517b-85b7-6e237ae0b369", "scryfallId": "bcfe4a26-3ea8-404e-92bd-b453eee6c862", "scryfallIllustrationId": "7f51a44e-f40b-4f64-a9de-96f6d88bbdbc", "scryfallOracleId": "8d98d674-6811-4d45-b22a-63792e272a2b"}, "isPromo": true, "isReprint": true, "isStarter": true, "language": "English", "layout": "normal", "legalities": {"commander": "Legal", "duel": "Legal", "legacy": "Legal", "modern": "Legal", "pauper": "Legal", "paupercommander": "Legal", "penny": "Legal", "vintage": "Legal"}, "manaCost": "{R}", "manaValue": 1.0, "name": "Flame Slash", "number": "1", "printings": ["CN2", "DDK", "ROE", "SCH"], "purchaseUrls": {}, "rarity": "rare", "rulings": [], "securityStamp": "oval", "setCode": "SCH", "subtypes": [], "supertypes": [], "text": "Flame Slash deals 4 damage to target creature.", "type": "Sorcery", "types": ["Sorcery"], "uuid": "095d6e9c-364d-5a1b-a1dc-aa2729938fee"}, {"artist": "Hector Ortiz", "availability": ["paper"], "borderColor": "black", "colorIdentity": ["U"], "colors": ["U"], "convertedManaCost": 3.0, "edhrecRank": 2398, "finishes": ["foil"], "foreignData": [], "frameEffects": ["inverted"], "frameVersion": "2015", "hasFoil": true, "hasNonFoil": false, "identifiers": {"mtgjsonV4Id": "157f460c-0c4e-5f15-b0ad-4f36bc6c83ad", "scryfallId": "d378f4f8-ff9f-4389-86c8-23c5c4990b4c", "scryfallIllustrationId": "f95a3f9b-2b48-43bc-a6b2-9dc071cd8e8b", "scryfallOracleId": "85cbb035-25df-43bb-ae06-ab098f448b02"}, "isPromo": true, "isReprint": true, "isStarter": true, "language": "English", "layout": "normal", "legalities": {"commander": "Legal", "duel": "Legal", "gladiator": "Legal", "historic": "Legal", "historicbrawl": "Legal", "legacy": "Legal", "modern": "Legal", "vintage": "Legal"}, "manaCost": "{U}{U}{U}", "manaValue": 3.0, "name": "Archmage's Charm", "number": "2", "printings": ["H1R", "J21", "MH1", "SCH"], "purchaseUrls": {}, "rarity": "rare", "rulings": [{"date": "2019-06-14", "text": "If a creature on the battlefield has {X} in its mana cost, X is considered to be 0."}], "securityStamp": "oval", "setCode": "SCH", "subtypes": [], "supertypes": [], "text": "Choose one —\n• Counter target spell.\n• Target player draws two cards.\n• Gain control of target nonland permanent with mana value 1 or less.", "type": "Instant", "types": ["Instant"], "uuid": "085fec6f-2942-5eae-b725-32018b791a09"}, {"artist": "Livia Prima", "availability": ["paper"], "borderColor": "black", "colorIdentity": ["B"], "colors": ["B"], "convertedManaCost": 2.0, "edhrecRank": 621, "finishes": ["foil"], "foreignData": [], "frameEffects": ["textless", "extendedart", "inverted"], "frameVersion": "2015", "hasFoil": true, "hasNonFoil": false, "identifiers": {"mtgjsonV4Id": "61704a44-5856-5ebb-9a38-088d73dc5d07", "scryfallId": "dd3b4ad5-6687-400e-b5c1-a04f577a2415", "scryfallIllustrationId": "b0c8ccac-3b2c-446f-9575-c1c22580f37b", "scryfallOracleId": "2068185c-1b50-47d0-aa3f-bf505d199428"}, "isPromo": true, "isReprint": true, "isStarter": true, "isTextless": true, "language": "English", "layout": "normal", "legalities": {"commander": "Legal", "duel": "Legal", "legacy": "Legal", "modern": "Legal", "vintage": "Legal"}, "manaCost": "{1}{B}", "manaValue": 2.0, "name": "Dark Confidant", "number": "3", "power": "2", "printings": ["2XM", "G11", "MM2", "MMA", "PRM", "RAV", "SCH"], "purchaseUrls": {}, "rarity": "rare", "rulings": [{"date": "2020-08-07", "text": "If a card in a player's library has {X} in its mana cost, X is considered to be 0."}], "securityStamp": "oval", "setCode": "SCH", "subtypes": ["Human", "Wizard"], "supertypes": [], "text": "At the beginning of your upkeep, reveal the top card of your library and put that card into your hand. You lose life equal to its mana value.", "toughness": "1", "type": "Creature — Human Wizard", "types": ["Creature"], "uuid": "c69451e0-623f-55ba-941f-22f4cc9e5260"}], "code": "SCH", "isFoilOnly": true, "isOnlineOnly": false, "isPartialPreview": true, "keyruneCode": "PMEI", "name": "Store Championships 2022", "releaseDate": "2022-07-09", "tokens": [], "totalSetSize": 3, "translations": {}, "type": "promo"}}