{"meta": {"date": "2022-05-26", "version": "5.2.0+20220526"}, "data": {"baseSetSize": 0, "cards": [], "code": "SKHM", "isFoilOnly": false, "isOnlineOnly": false, "keyruneCode": "KHM", "name": "Kaldheim Substitute Cards", "parentCode": "KHM", "releaseDate": "2021-02-05", "tokens": [{"artist": "Daniel Ljunggren", "availability": ["paper"], "borderColor": "black", "colorIdentity": [], "colors": [], "finishes": ["nonfoil", "foil"], "frameVersion": "2015", "hasFoil": true, "hasNonFoil": true, "identifiers": {"mtgjsonV4Id": "32c15083-3c62-55d6-96ef-29b9df59f06b", "scryfallId": "310ccc45-4e15-456f-943d-892f6a0592f1", "scryfallIllustrationId": "b08b58f6-363a-4bf6-a0d5-e58060666937", "scryfallOracleId": "cb5ca670-a50e-4c73-879a-8dc0aa2cbd9f"}, "isReprint": true, "language": "English", "layout": "token", "name": "Double-Faced Substitute Card", "number": "1", "reverseRelated": [], "setCode": "SKHM", "subtypes": [], "supertypes": [], "text": "(You can use this card to represent a double-faced card.)", "type": "Card", "types": ["Card"], "uuid": "984438d1-dab4-5e49-8cc1-1bb1bd3c4ffd"}, {"artist": "Daniel Ljunggren", "availability": ["paper"], "borderColor": "black", "colorIdentity": [], "colors": [], "finishes": ["nonfoil", "foil"], "frameVersion": "2015", "hasFoil": true, "hasNonFoil": true, "identifiers": {"mtgjsonV4Id": "32d88426-3979-5e10-a966-c5d2c12242a5", "scryfallId": "90b0f34d-4242-4c6b-b2f2-67a2bd80b9d6", "scryfallIllustrationId": "e2cbde7b-8616-4eeb-bc4e-50609a6806f2", "scryfallOracleId": "cb5ca670-a50e-4c73-879a-8dc0aa2cbd9f"}, "isReprint": true, "language": "English", "layout": "token", "name": "Double-Faced Substitute Card", "number": "2", "reverseRelated": [], "setCode": "SKHM", "subtypes": [], "supertypes": [], "text": "(You can use this card to represent a double-faced card.)", "type": "Card", "types": ["Card"], "uuid": "8371dc08-7f87-5bc8-aa45-293be2325ce3"}, {"artist": "Daniel Ljunggren", "availability": ["paper"], "borderColor": "black", "colorIdentity": [], "colors": [], "finishes": ["nonfoil", "foil"], "frameVersion": "2015", "hasFoil": true, "hasNonFoil": true, "identifiers": {"mtgjsonV4Id": "09e7159c-6c3c-5baa-9b11-ea80aec8dd82", "scryfallId": "2dcaf0c3-4fd2-4a7f-9c8e-f7e926e2f06a", "scryfallIllustrationId": "01ad253e-90d0-4d1d-8745-dfb6686b2638", "scryfallOracleId": "cb5ca670-a50e-4c73-879a-8dc0aa2cbd9f"}, "isReprint": true, "language": "English", "layout": "token", "name": "Double-Faced Substitute Card", "number": "3", "reverseRelated": [], "setCode": "SKHM", "subtypes": [], "supertypes": [], "text": "(You can use this card to represent a double-faced card.)", "type": "Card", "types": ["Card"], "uuid": "ebe0dd99-306a-5a8e-86ed-aab0ea789ffc"}, {"artist": "Daniel Ljunggren", "availability": ["paper"], "borderColor": "black", "colorIdentity": [], "colors": [], "finishes": ["nonfoil", "foil"], "frameVersion": "2015", "hasFoil": true, "hasNonFoil": true, "identifiers": {"mtgjsonV4Id": "fd920321-437c-5cb4-9072-5b2dd8b2cde0", "scryfallId": "8188453a-4e7b-4d29-8236-feedf277310b", "scryfallIllustrationId": "d3a00f9c-681e-4a6b-b089-02549c4319e9", "scryfallOracleId": "cb5ca670-a50e-4c73-879a-8dc0aa2cbd9f"}, "isReprint": true, "language": "English", "layout": "token", "name": "Double-Faced Substitute Card", "number": "4", "reverseRelated": [], "setCode": "SKHM", "subtypes": [], "supertypes": [], "text": "(You can use this card to represent a double-faced card.)", "type": "Card", "types": ["Card"], "uuid": "8e6f6a10-689a-5328-b2a3-1ef3dafdc0d9"}, {"artist": "Daniel Ljunggren", "availability": ["paper"], "borderColor": "black", "colorIdentity": [], "colors": [], "finishes": ["nonfoil", "foil"], "frameVersion": "2015", "hasFoil": true, "hasNonFoil": true, "identifiers": {"mtgjsonV4Id": "97917351-2795-5d7a-ba14-044bc90ea5c5", "scryfallId": "8893c131-69db-4cc9-b7e7-e34638e6008a", "scryfallIllustrationId": "56e93819-47ca-4069-bbb8-124a1d5ee45f", "scryfallOracleId": "cb5ca670-a50e-4c73-879a-8dc0aa2cbd9f"}, "isReprint": true, "language": "English", "layout": "token", "name": "Double-Faced Substitute Card", "number": "5", "reverseRelated": [], "setCode": "SKHM", "subtypes": [], "supertypes": [], "text": "(You can use this card to represent a double-faced card.)", "type": "Card", "types": ["Card"], "uuid": "d5391441-c4c3-5ce9-b265-131c49f32b53"}, {"artist": "Daniel Ljunggren", "availability": ["paper"], "borderColor": "black", "colorIdentity": [], "colors": [], "finishes": ["nonfoil", "foil"], "frameVersion": "2015", "hasFoil": true, "hasNonFoil": true, "identifiers": {"mtgjsonV4Id": "f5f85000-7df4-59d2-ae2d-0da347294e7f", "scryfallId": "63608547-3bb6-4ada-b6c2-90015670a2f8", "scryfallIllustrationId": "49fbd9ba-cc4f-426d-b042-3e463facbfb1", "scryfallOracleId": "cb5ca670-a50e-4c73-879a-8dc0aa2cbd9f"}, "isReprint": true, "language": "English", "layout": "token", "name": "Double-Faced Substitute Card", "number": "6", "reverseRelated": [], "setCode": "SKHM", "subtypes": [], "supertypes": [], "text": "(You can use this card to represent a double-faced card.)", "type": "Card", "types": ["Card"], "uuid": "209163f6-4293-556f-bf05-6d6581e7ac77"}, {"artist": "Daniel Ljunggren", "availability": ["paper"], "borderColor": "black", "colorIdentity": [], "colors": [], "finishes": ["nonfoil", "foil"], "frameVersion": "2015", "hasFoil": true, "hasNonFoil": true, "identifiers": {"mtgjsonV4Id": "ee63a2ef-0f71-527b-9b23-b0dd49e418bd", "scryfallId": "4fc54929-2a13-4236-93d2-981add9d1dae", "scryfallIllustrationId": "e95bccfd-82c8-4bfe-9464-ea75e8cb7a8e", "scryfallOracleId": "cb5ca670-a50e-4c73-879a-8dc0aa2cbd9f"}, "isReprint": true, "language": "English", "layout": "token", "name": "Double-Faced Substitute Card", "number": "7", "reverseRelated": [], "setCode": "SKHM", "subtypes": [], "supertypes": [], "text": "(You can use this card to represent a double-faced card.)", "type": "Card", "types": ["Card"], "uuid": "2f6616f1-119c-572d-b084-f13626077a54"}, {"artist": "Daniel Ljunggren", "availability": ["paper"], "borderColor": "black", "colorIdentity": [], "colors": [], "finishes": ["nonfoil", "foil"], "frameVersion": "2015", "hasFoil": true, "hasNonFoil": true, "identifiers": {"mtgjsonV4Id": "2e27750b-c663-5baf-ab86-9294b4b33482", "scryfallId": "034bc3ca-404b-4ab0-91f0-8efec45e910f", "scryfallIllustrationId": "b08bd3ac-c42c-46be-8428-69028412aee2", "scryfallOracleId": "cb5ca670-a50e-4c73-879a-8dc0aa2cbd9f"}, "isReprint": true, "language": "English", "layout": "token", "name": "Double-Faced Substitute Card", "number": "8", "reverseRelated": [], "setCode": "SKHM", "subtypes": [], "supertypes": [], "text": "(You can use this card to represent a double-faced card.)", "type": "Card", "types": ["Card"], "uuid": "c037c62c-f611-5354-9608-57770f98af89"}, {"artist": "Daniel Ljunggren", "availability": ["paper"], "borderColor": "black", "colorIdentity": [], "colors": [], "finishes": ["nonfoil", "foil"], "frameVersion": "2015", "hasFoil": true, "hasNonFoil": true, "identifiers": {"mtgjsonV4Id": "969af78c-3cf8-5dcb-84d7-e1d9044d2daa", "scryfallId": "c65d3baa-c271-4ac1-8242-530060b87988", "scryfallIllustrationId": "a60a3484-5c5a-4f6a-b7df-74738e3984f1", "scryfallOracleId": "cb5ca670-a50e-4c73-879a-8dc0aa2cbd9f"}, "isReprint": true, "language": "English", "layout": "token", "name": "Double-Faced Substitute Card", "number": "9", "reverseRelated": [], "setCode": "SKHM", "subtypes": [], "supertypes": [], "text": "(You can use this card to represent a double-faced card.)", "type": "Card", "types": ["Card"], "uuid": "20635946-84f9-552e-899a-297ee256de4b"}], "totalSetSize": 0, "translations": {}, "type": "token"}}