{"meta": {"date": "2022-05-26", "version": "5.2.0+20220526"}, "data": {"baseSetSize": 1, "cards": [{"artist": "Alayna Danner", "availability": ["paper"], "borderColor": "black", "colorIdentity": [], "colors": [], "convertedManaCost": 0.0, "edhrecRank": 52, "finishes": ["nonfoil"], "foreignData": [], "frameVersion": "2015", "hasFoil": false, "hasNonFoil": true, "identifiers": {"cardKingdomId": "232108", "cardsphereId": "68295", "mcmId": "445368", "mcmMetaId": "10781", "mtgjsonV4Id": "09ed0acb-d5d1-5ced-bdd3-dea09f061b12", "scryfallId": "723a163e-97c1-4177-a067-873bebd9a87d", "scryfallIllustrationId": "f9631f4b-cb48-40d3-b9b2-df53a1309c06", "scryfallOracleId": "dab520d0-20b4-4273-ba6b-eb07f85ea433", "tcgplayerProductId": "210714"}, "isReprint": true, "isStarter": true, "language": "English", "layout": "normal", "legalities": {"commander": "Legal", "duel": "Legal", "legacy": "Legal", "modern": "Legal", "vintage": "Legal"}, "manaValue": 0.0, "name": "Marsh Flats", "number": "1", "originalReleaseDate": "2020-06-12", "printings": ["EXP", "MH2", "MM3", "PMH2", "SLU", "ZEN", "ZNE"], "purchaseUrls": {"cardKingdom": "https://mtgjson.com/links/bd9bbe4f6693d042", "cardmarket": "https://mtgjson.com/links/93dd4249371d9ad9", "tcgplayer": "https://mtgjson.com/links/8a8e525c80f08dc8"}, "rarity": "rare", "rulings": [], "securityStamp": "oval", "setCode": "SLU", "subtypes": [], "supertypes": [], "text": "{T}, Pay 1 life, Sacrifice Marsh Flats: Search your library for a Plains or Swamp card, put it onto the battlefield, then shuffle.", "type": "Land", "types": ["Land"], "uuid": "21bbd333-bb1a-5d88-93aa-657f3ca5c6a5"}, {"artist": "Adam Paquette", "availability": ["paper"], "borderColor": "black", "colorIdentity": [], "colors": [], "convertedManaCost": 0.0, "edhrecRank": 59, "finishes": ["nonfoil"], "foreignData": [], "frameVersion": "2015", "hasFoil": false, "hasNonFoil": true, "identifiers": {"cardKingdomId": "232109", "cardsphereId": "68293", "mcmId": "445373", "mcmMetaId": "10779", "mtgjsonV4Id": "6f984589-700f-5715-a220-db542369c448", "scryfallId": "9f10f026-eba0-4e33-b465-f3a852402718", "scryfallIllustrationId": "44dea293-671b-4d21-bc5a-e44e45424e8a", "scryfallOracleId": "cb027150-848c-4a66-88ad-e20222304dd8", "tcgplayerProductId": "210716"}, "isReprint": true, "isStarter": true, "language": "English", "layout": "normal", "legalities": {"commander": "Legal", "duel": "Legal", "legacy": "Legal", "modern": "Legal", "vintage": "Legal"}, "manaValue": 0.0, "name": "Scalding Tarn", "number": "2", "originalReleaseDate": "2020-06-12", "printings": ["EXP", "MH2", "MM3", "PMH2", "SLU", "ZEN", "ZNE"], "purchaseUrls": {"cardKingdom": "https://mtgjson.com/links/131ed08fe2b5723e", "cardmarket": "https://mtgjson.com/links/a9a53e1f29a09554", "tcgplayer": "https://mtgjson.com/links/4166875ca0ad2dc9"}, "rarity": "rare", "rulings": [], "securityStamp": "oval", "setCode": "SLU", "subtypes": [], "supertypes": [], "text": "{T}, Pay 1 life, Sacrifice Scalding Tarn: Search your library for an Island or Mountain card, put it onto the battlefield, then shuffle.", "type": "Land", "types": ["Land"], "uuid": "580098e8-7398-58f1-bce0-025245291e68"}, {"artist": "Sam Burley", "availability": ["paper"], "borderColor": "black", "colorIdentity": [], "colors": [], "convertedManaCost": 0.0, "edhrecRank": 50, "finishes": ["nonfoil"], "foreignData": [], "frameVersion": "2015", "hasFoil": false, "hasNonFoil": true, "identifiers": {"cardKingdomId": "232110", "cardsphereId": "68294", "mcmId": "445378", "mcmMetaId": "10796", "mtgjsonV4Id": "e9a6f647-ccfb-5672-a75c-9b1c9a61c306", "scryfallId": "397470c4-7f02-44ee-a18f-00bd950844d4", "scryfallIllustrationId": "079db4e0-2188-4497-9711-365c734b60b7", "scryfallOracleId": "67d60b24-d429-4ded-90d9-06e49f28c396", "tcgplayerProductId": "210711"}, "isReprint": true, "isStarter": true, "language": "English", "layout": "normal", "legalities": {"commander": "Legal", "duel": "Legal", "legacy": "Legal", "modern": "Legal", "vintage": "Legal"}, "manaValue": 0.0, "name": "Verdant Catacombs", "number": "3", "originalReleaseDate": "2020-06-12", "printings": ["EXP", "MH2", "MM3", "PMH2", "SLU", "ZEN", "ZNE"], "purchaseUrls": {"cardKingdom": "https://mtgjson.com/links/aa46281b74505160", "cardmarket": "https://mtgjson.com/links/2dcc13ef7ac96ade", "tcgplayer": "https://mtgjson.com/links/9f20b541359ca1b6"}, "rarity": "rare", "rulings": [], "securityStamp": "oval", "setCode": "SLU", "subtypes": [], "supertypes": [], "text": "{T}, Pay 1 life, Sacrifice Verdant Catacombs: Search your library for a Swamp or Forest card, put it onto the battlefield, then shuffle.", "type": "Land", "types": ["Land"], "uuid": "f236cb8f-0a36-5d68-82c8-859536f270d4"}, {"artist": "John Avon", "availability": ["paper"], "borderColor": "black", "colorIdentity": [], "colors": [], "convertedManaCost": 0.0, "edhrecRank": 61, "finishes": ["nonfoil"], "foreignData": [], "frameVersion": "2015", "hasFoil": false, "hasNonFoil": true, "identifiers": {"cardKingdomId": "232111", "cardsphereId": "68291", "mcmId": "445383", "mcmMetaId": "10741", "mtgjsonV4Id": "974f7c04-a3ab-59a9-aef0-3948a1298957", "scryfallId": "81ad48fa-9464-40bf-8bf5-af31a6a38fb3", "scryfallIllustrationId": "de2de587-ef8f-4d1d-8fcf-8dfbc194ec48", "scryfallOracleId": "c5acf2a5-40f4-433d-a74d-1cb56c521464", "tcgplayerProductId": "210710"}, "isReprint": true, "isStarter": true, "language": "English", "layout": "normal", "legalities": {"commander": "Legal", "duel": "Legal", "legacy": "Legal", "modern": "Legal", "vintage": "Legal"}, "manaValue": 0.0, "name": "Arid Mesa", "number": "4", "originalReleaseDate": "2020-06-12", "printings": ["EXP", "MH2", "MM3", "PMH2", "SLU", "ZEN", "ZNE"], "purchaseUrls": {"cardKingdom": "https://mtgjson.com/links/cb8075ac9e44f452", "cardmarket": "https://mtgjson.com/links/b874d396bd299c3f", "tcgplayer": "https://mtgjson.com/links/0adfcb191de4c4e2"}, "rarity": "rare", "rulings": [], "securityStamp": "oval", "setCode": "SLU", "subtypes": [], "supertypes": [], "text": "{T}, Pay 1 life, Sacrifice Arid Mesa: Search your library for a Mountain or Plains card, put it onto the battlefield, then shuffle.", "type": "Land", "types": ["Land"], "uuid": "0f9ce191-2205-551b-8ce5-0cc9916853f3"}, {"artist": "Seb McKinnon", "availability": ["paper"], "borderColor": "black", "colorIdentity": [], "colors": [], "convertedManaCost": 0.0, "edhrecRank": 44, "finishes": ["nonfoil"], "foreignData": [], "frameVersion": "2015", "hasFoil": false, "hasNonFoil": true, "identifiers": {"cardKingdomId": "232112", "cardsphereId": "68292", "mcmId": "445388", "mcmMetaId": "10723", "mtgjsonV4Id": "5526114b-f4ac-59d3-9439-e66e94696b15", "scryfallId": "8ed80db2-b30d-4306-8d9f-a43cd77d37e3", "scryfallIllustrationId": "8323002a-b9a9-4dad-a4aa-ed85582e9563", "scryfallOracleId": "09dd85aa-47bc-4713-a9b9-8b52ff2285ed", "tcgplayerProductId": "210712"}, "isReprint": true, "isStarter": true, "language": "English", "layout": "normal", "legalities": {"commander": "Legal", "duel": "Legal", "legacy": "Legal", "modern": "Legal", "vintage": "Legal"}, "manaValue": 0.0, "name": "Misty Rainforest", "number": "5", "originalReleaseDate": "2020-06-12", "printings": ["EXP", "MH2", "MM3", "PMH2", "SLU", "ZEN", "ZNE"], "purchaseUrls": {"cardKingdom": "https://mtgjson.com/links/bce5648f70e82860", "cardmarket": "https://mtgjson.com/links/6a23e525a9fe1ac5", "tcgplayer": "https://mtgjson.com/links/8a58042ede9206ee"}, "rarity": "rare", "rulings": [], "securityStamp": "oval", "setCode": "SLU", "subtypes": [], "supertypes": [], "text": "{T}, Pay 1 life, Sacrifice Misty Rainforest: Search your library for a Forest or Island card, put it onto the battlefield, then shuffle.", "type": "Land", "types": ["Land"], "uuid": "87f08663-7f88-51d9-a20a-23645f4efe80"}, {"artist": "Johannes Voss", "availability": ["paper"], "borderColor": "borderless", "colorIdentity": ["G", "U"], "colors": [], "convertedManaCost": 0.0, "edhrecRank": 22937, "faceName": "Barkchannel Pathway", "finishes": ["foil"], "foreignData": [], "frameVersion": "2015", "hasFoil": true, "hasNonFoil": false, "identifiers": {"cardKingdomFoilId": "241592", "cardsphereId": "77393", "mcmId": "562320", "mcmMetaId": "327205", "mtgjsonV4Id": "39268f02-e5f5-527d-87fb-fac828eae416", "scryfallId": "79631e0a-b962-48f1-98fa-d871b2862866", "scryfallIllustrationId": "a3c66626-1b90-456a-894f-570bb8015987", "scryfallOracleId": "59d22de5-e310-44d7-89cf-ef3529e40cef", "tcgplayerProductId": "231813"}, "isReprint": true, "isStarter": true, "language": "English", "layout": "modal_dfc", "legalities": {"alchemy": "Legal", "brawl": "Legal", "commander": "Legal", "duel": "Legal", "explorer": "Legal", "future": "Legal", "gladiator": "Legal", "historic": "Legal", "historicbrawl": "Legal", "legacy": "Legal", "modern": "Legal", "pioneer": "Legal", "standard": "Legal", "vintage": "Legal"}, "manaValue": 0.0, "name": "Barkchannel Pathway // Tidechannel Pathway", "number": "11", "originalReleaseDate": "2021-03-05", "otherFaceIds": ["e070dd95-a3fc-5e1d-a22d-2c2b472e38b5"], "printings": ["KHM", "PKHM", "PRM", "SLU"], "purchaseUrls": {"cardKingdomFoil": "https://mtgjson.com/links/22e9cf4e651dde27", "cardmarket": "https://mtgjson.com/links/942ff813f0c76a8e", "tcgplayer": "https://mtgjson.com/links/15220fd20f139f08"}, "rarity": "rare", "rulings": [{"date": "2021-02-05", "text": "There is a single triangle icon in the top left corner of the front face. There is a double triangle icon in the top left corner of the back face."}, {"date": "2021-02-05", "text": "To determine whether it is legal to play a modal double-faced card, consider only the characteristics of the face you’re playing and ignore the other face’s characteristics."}, {"date": "2021-02-05", "text": "If an effect allows you to play a specific modal double-faced card, you may cast it as a spell or play it as a land, as determined by which face you choose to play. If an effect allows you to cast (rather than “play”) a specific modal double-faced card, you can’t play it as a land."}, {"date": "2021-02-05", "text": "If an effect allows you to play a land or cast a spell from among a group of cards, you may play or cast a modal double-faced card with any face that fits the criteria of that effect."}, {"date": "2021-02-05", "text": "The mana value of a modal double-faced card is based on the characteristics of the face that’s being considered. On the stack and battlefield, consider whichever face is up. In all other zones, consider only the front face. This is different than how the mana value of a transforming double-faced card is determined."}, {"date": "2021-02-05", "text": "A modal double-faced card can’t be transformed or be put onto the battlefield transformed. Ignore any instruction to transform a modal double-faced card or to put one onto the battlefield transformed."}, {"date": "2021-02-05", "text": "If an effect puts a double-faced card onto the battlefield, it enters with its front face up. If that front face can’t be put onto the battlefield, it doesn’t enter the battlefield."}, {"date": "2021-02-05", "text": "If an effect instructs a player to choose a card name, the name of either face may be chosen. If that effect or a linked ability refers to a spell with the chosen name being cast and/or a land with the chosen name being played, it considers only the chosen name, not the other face’s name."}, {"date": "2021-02-05", "text": "In the Commander variant, a double-faced card’s color identity is determined by the mana costs and mana symbols in the rules text of both faces combined. If either face has a color indicator or basic land type, those are also considered."}], "securityStamp": "oval", "setCode": "SLU", "side": "a", "subtypes": [], "supertypes": [], "text": "{T}: Add {G}.", "type": "Land", "types": ["Land"], "uuid": "fa1267d7-8112-549a-af49-c6a5cc8a8563"}, {"artist": "Johannes Voss", "availability": ["paper"], "borderColor": "borderless", "colorIdentity": ["G", "U"], "colors": [], "convertedManaCost": 0.0, "edhrecRank": 22937, "faceName": "Tidechannel Pathway", "finishes": ["foil"], "foreignData": [], "frameVersion": "2015", "hasFoil": true, "hasNonFoil": false, "identifiers": {"cardsphereId": "77393", "mcmId": "562320", "mcmMetaId": "327205", "mtgjsonV4Id": "ca4ffc79-5937-514d-9f46-4fdebf7d061d", "scryfallId": "79631e0a-b962-48f1-98fa-d871b2862866", "scryfallIllustrationId": "e0818a1a-1260-4be1-9d79-6172c92f208f", "scryfallOracleId": "59d22de5-e310-44d7-89cf-ef3529e40cef", "tcgplayerProductId": "231813"}, "isReprint": true, "isStarter": true, "language": "English", "layout": "modal_dfc", "legalities": {"alchemy": "Legal", "brawl": "Legal", "commander": "Legal", "duel": "Legal", "explorer": "Legal", "future": "Legal", "gladiator": "Legal", "historic": "Legal", "historicbrawl": "Legal", "legacy": "Legal", "modern": "Legal", "pioneer": "Legal", "standard": "Legal", "vintage": "Legal"}, "manaValue": 0.0, "name": "Barkchannel Pathway // Tidechannel Pathway", "number": "11", "originalReleaseDate": "2021-03-05", "otherFaceIds": ["fa1267d7-8112-549a-af49-c6a5cc8a8563"], "printings": ["KHM", "PKHM", "PRM", "SLU"], "purchaseUrls": {"cardmarket": "https://mtgjson.com/links/234d0451c57d2ece", "tcgplayer": "https://mtgjson.com/links/14cb5d256c613df5"}, "rarity": "rare", "rulings": [{"date": "2021-02-05", "text": "There is a single triangle icon in the top left corner of the front face. There is a double triangle icon in the top left corner of the back face."}, {"date": "2021-02-05", "text": "To determine whether it is legal to play a modal double-faced card, consider only the characteristics of the face you’re playing and ignore the other face’s characteristics."}, {"date": "2021-02-05", "text": "If an effect allows you to play a specific modal double-faced card, you may cast it as a spell or play it as a land, as determined by which face you choose to play. If an effect allows you to cast (rather than “play”) a specific modal double-faced card, you can’t play it as a land."}, {"date": "2021-02-05", "text": "If an effect allows you to play a land or cast a spell from among a group of cards, you may play or cast a modal double-faced card with any face that fits the criteria of that effect."}, {"date": "2021-02-05", "text": "The mana value of a modal double-faced card is based on the characteristics of the face that’s being considered. On the stack and battlefield, consider whichever face is up. In all other zones, consider only the front face. This is different than how the mana value of a transforming double-faced card is determined."}, {"date": "2021-02-05", "text": "A modal double-faced card can’t be transformed or be put onto the battlefield transformed. Ignore any instruction to transform a modal double-faced card or to put one onto the battlefield transformed."}, {"date": "2021-02-05", "text": "If an effect puts a double-faced card onto the battlefield, it enters with its front face up. If that front face can’t be put onto the battlefield, it doesn’t enter the battlefield."}, {"date": "2021-02-05", "text": "If an effect instructs a player to choose a card name, the name of either face may be chosen. If that effect or a linked ability refers to a spell with the chosen name being cast and/or a land with the chosen name being played, it considers only the chosen name, not the other face’s name."}, {"date": "2021-02-05", "text": "In the Commander variant, a double-faced card’s color identity is determined by the mana costs and mana symbols in the rules text of both faces combined. If either face has a color indicator or basic land type, those are also considered."}], "securityStamp": "oval", "setCode": "SLU", "side": "b", "subtypes": [], "supertypes": [], "text": "{T}: Add {U}.", "type": "Land", "types": ["Land"], "uuid": "e070dd95-a3fc-5e1d-a22d-2c2b472e38b5"}, {"artist": "Grady Frederick", "availability": ["paper"], "borderColor": "borderless", "colorIdentity": ["B", "R"], "colors": [], "convertedManaCost": 0.0, "edhrecRank": 587, "faceName": "Blightstep Pathway", "finishes": ["foil"], "foreignData": [], "frameVersion": "2015", "hasFoil": true, "hasNonFoil": false, "identifiers": {"cardKingdomFoilId": "241593", "cardsphereId": "77394", "mcmId": "562322", "mcmMetaId": "327195", "mtgjsonV4Id": "f10df763-9804-5c83-bffd-0657f9f3d504", "scryfallId": "022c7fe3-45bb-4efe-9b0c-2e4807d607b8", "scryfallIllustrationId": "eb738f53-8eb0-4544-aed2-460af48662ee", "scryfallOracleId": "e580a229-e800-4746-9d37-c32fcef8de28", "tcgplayerProductId": "231814"}, "isReprint": true, "isStarter": true, "language": "English", "layout": "modal_dfc", "legalities": {"alchemy": "Legal", "brawl": "Legal", "commander": "Legal", "duel": "Legal", "explorer": "Legal", "future": "Legal", "gladiator": "Legal", "historic": "Legal", "historicbrawl": "Legal", "legacy": "Legal", "modern": "Legal", "pioneer": "Legal", "standard": "Legal", "vintage": "Legal"}, "manaValue": 0.0, "name": "Blightstep Pathway // Searstep Pathway", "number": "12", "originalReleaseDate": "2021-03-05", "otherFaceIds": ["b1a472c4-88d5-56ea-8256-d770ff31f4ec"], "printings": ["KHM", "PKHM", "PRM", "SLU"], "purchaseUrls": {"cardKingdomFoil": "https://mtgjson.com/links/612f158d19aa7b62", "cardmarket": "https://mtgjson.com/links/9fa324663d6e655a", "tcgplayer": "https://mtgjson.com/links/d08d42b7092400c9"}, "rarity": "rare", "rulings": [{"date": "2021-02-05", "text": "There is a single triangle icon in the top left corner of the front face. There is a double triangle icon in the top left corner of the back face."}, {"date": "2021-02-05", "text": "To determine whether it is legal to play a modal double-faced card, consider only the characteristics of the face you’re playing and ignore the other face’s characteristics."}, {"date": "2021-02-05", "text": "If an effect allows you to play a specific modal double-faced card, you may cast it as a spell or play it as a land, as determined by which face you choose to play. If an effect allows you to cast (rather than “play”) a specific modal double-faced card, you can’t play it as a land."}, {"date": "2021-02-05", "text": "If an effect allows you to play a land or cast a spell from among a group of cards, you may play or cast a modal double-faced card with any face that fits the criteria of that effect."}, {"date": "2021-02-05", "text": "The mana value of a modal double-faced card is based on the characteristics of the face that’s being considered. On the stack and battlefield, consider whichever face is up. In all other zones, consider only the front face. This is different than how the mana value of a transforming double-faced card is determined."}, {"date": "2021-02-05", "text": "A modal double-faced card can’t be transformed or be put onto the battlefield transformed. Ignore any instruction to transform a modal double-faced card or to put one onto the battlefield transformed."}, {"date": "2021-02-05", "text": "If an effect puts a double-faced card onto the battlefield, it enters with its front face up. If that front face can’t be put onto the battlefield, it doesn’t enter the battlefield."}, {"date": "2021-02-05", "text": "If an effect instructs a player to choose a card name, the name of either face may be chosen. If that effect or a linked ability refers to a spell with the chosen name being cast and/or a land with the chosen name being played, it considers only the chosen name, not the other face’s name."}, {"date": "2021-02-05", "text": "In the Commander variant, a double-faced card’s color identity is determined by the mana costs and mana symbols in the rules text of both faces combined. If either face has a color indicator or basic land type, those are also considered."}], "securityStamp": "oval", "setCode": "SLU", "side": "a", "subtypes": [], "supertypes": [], "text": "{T}: Add {B}.", "type": "Land", "types": ["Land"], "uuid": "c3e67d5c-21e9-57dd-8f98-a35dfd54db71"}, {"artist": "Grady Frederick", "availability": ["paper"], "borderColor": "borderless", "colorIdentity": ["B", "R"], "colors": [], "convertedManaCost": 0.0, "edhrecRank": 587, "faceName": "Searstep Pathway", "finishes": ["foil"], "foreignData": [], "frameVersion": "2015", "hasFoil": true, "hasNonFoil": false, "identifiers": {"cardsphereId": "77394", "mcmId": "562322", "mcmMetaId": "327195", "mtgjsonV4Id": "be77489c-7bcd-5544-9be1-d519d13de600", "scryfallId": "022c7fe3-45bb-4efe-9b0c-2e4807d607b8", "scryfallIllustrationId": "00e8aaef-b2ef-48e0-bdef-bfc5fb572f52", "scryfallOracleId": "e580a229-e800-4746-9d37-c32fcef8de28", "tcgplayerProductId": "231814"}, "isReprint": true, "isStarter": true, "language": "English", "layout": "modal_dfc", "legalities": {"alchemy": "Legal", "brawl": "Legal", "commander": "Legal", "duel": "Legal", "explorer": "Legal", "future": "Legal", "gladiator": "Legal", "historic": "Legal", "historicbrawl": "Legal", "legacy": "Legal", "modern": "Legal", "pioneer": "Legal", "standard": "Legal", "vintage": "Legal"}, "manaValue": 0.0, "name": "Blightstep Pathway // Searstep Pathway", "number": "12", "originalReleaseDate": "2021-03-05", "otherFaceIds": ["c3e67d5c-21e9-57dd-8f98-a35dfd54db71"], "printings": ["KHM", "PKHM", "PRM", "SLU"], "purchaseUrls": {"cardmarket": "https://mtgjson.com/links/55d793054eb29b3c", "tcgplayer": "https://mtgjson.com/links/061ec23b350dcb5e"}, "rarity": "rare", "rulings": [{"date": "2021-02-05", "text": "There is a single triangle icon in the top left corner of the front face. There is a double triangle icon in the top left corner of the back face."}, {"date": "2021-02-05", "text": "To determine whether it is legal to play a modal double-faced card, consider only the characteristics of the face you’re playing and ignore the other face’s characteristics."}, {"date": "2021-02-05", "text": "If an effect allows you to play a specific modal double-faced card, you may cast it as a spell or play it as a land, as determined by which face you choose to play. If an effect allows you to cast (rather than “play”) a specific modal double-faced card, you can’t play it as a land."}, {"date": "2021-02-05", "text": "If an effect allows you to play a land or cast a spell from among a group of cards, you may play or cast a modal double-faced card with any face that fits the criteria of that effect."}, {"date": "2021-02-05", "text": "The mana value of a modal double-faced card is based on the characteristics of the face that’s being considered. On the stack and battlefield, consider whichever face is up. In all other zones, consider only the front face. This is different than how the mana value of a transforming double-faced card is determined."}, {"date": "2021-02-05", "text": "A modal double-faced card can’t be transformed or be put onto the battlefield transformed. Ignore any instruction to transform a modal double-faced card or to put one onto the battlefield transformed."}, {"date": "2021-02-05", "text": "If an effect puts a double-faced card onto the battlefield, it enters with its front face up. If that front face can’t be put onto the battlefield, it doesn’t enter the battlefield."}, {"date": "2021-02-05", "text": "If an effect instructs a player to choose a card name, the name of either face may be chosen. If that effect or a linked ability refers to a spell with the chosen name being cast and/or a land with the chosen name being played, it considers only the chosen name, not the other face’s name."}, {"date": "2021-02-05", "text": "In the Commander variant, a double-faced card’s color identity is determined by the mana costs and mana symbols in the rules text of both faces combined. If either face has a color indicator or basic land type, those are also considered."}], "securityStamp": "oval", "setCode": "SLU", "side": "b", "subtypes": [], "supertypes": [], "text": "{T}: Add {R}.", "type": "Land", "types": ["Land"], "uuid": "b1a472c4-88d5-56ea-8256-d770ff31f4ec"}, {"artist": "Donato Giancola", "availability": ["paper"], "borderColor": "borderless", "colorIdentity": ["G", "W"], "colors": [], "convertedManaCost": 0.0, "edhrecRank": 615, "faceName": "Branchloft Pathway", "finishes": ["foil"], "foreignData": [], "frameVersion": "2015", "hasFoil": true, "hasNonFoil": false, "identifiers": {"cardKingdomFoilId": "240071", "cardsphereId": "77384", "mcmId": "562324", "mcmMetaId": "316054", "mtgjsonV4Id": "b4cc7e5e-6f61-5155-ac80-7657ccd947a4", "scryfallId": "5dfa0e82-da04-418b-9c60-038f3c2c31a5", "scryfallIllustrationId": "28d4bd66-b1ce-4f08-87b3-c10219d04fd9", "scryfallOracleId": "7c304547-a4b1-46c9-baed-16d2bfbe16eb", "tcgplayerProductId": "230405"}, "isReprint": true, "isStarter": true, "language": "English", "layout": "modal_dfc", "legalities": {"alchemy": "Legal", "brawl": "Legal", "commander": "Legal", "duel": "Legal", "explorer": "Legal", "future": "Legal", "gladiator": "Legal", "historic": "Legal", "historicbrawl": "Legal", "legacy": "Legal", "modern": "Legal", "pioneer": "Legal", "standard": "Legal", "vintage": "Legal"}, "manaValue": 0.0, "name": "Branchloft Pathway // Boulderloft Pathway", "number": "13", "originalReleaseDate": "2021-03-05", "otherFaceIds": ["007d2f21-f6a3-5f65-9600-c2a5fa35ae36"], "printings": ["PRM", "PZNR", "SLU", "ZNR"], "purchaseUrls": {"cardKingdomFoil": "https://mtgjson.com/links/5c1f6f229850f317", "cardmarket": "https://mtgjson.com/links/e3830f3915239623", "tcgplayer": "https://mtgjson.com/links/2f14687ebbf11767"}, "rarity": "rare", "rulings": [{"date": "2020-09-25", "text": "There is a single triangle icon in the top left corner of the front face. There is a double triangle icon in the top left corner of the back face."}, {"date": "2020-09-25", "text": "To determine whether it is legal to play a modal double-faced card, consider only the characteristics of the face you’re playing and ignore the other face’s characteristics."}, {"date": "2020-09-25", "text": "If an effect allows you to play a specific modal double-faced card, you may cast it as a spell or play it as a land, as determined by which face you choose to play. If an effect allows you to cast (rather than “play”) a specific modal double-faced card, you can’t play it as a land."}, {"date": "2020-09-25", "text": "If an effect allows you to play a land or cast a spell from among a group of cards, you may play or cast a modal double-faced card with any face that fits the criteria of that effect."}, {"date": "2020-09-25", "text": "The mana value of a modal double-faced card is based on the characteristics of the face that’s being considered. On the stack and battlefield, consider whichever face is up. In all other zones, consider only the front face. This is different than how the mana value of a transforming double-faced card is determined."}, {"date": "2020-09-25", "text": "A modal double-faced card can’t be transformed or be put onto the battlefield transformed. Ignore any instruction to transform a modal double-faced card or to put one onto the battlefield transformed."}, {"date": "2020-09-25", "text": "If an effect puts a double-faced card onto the battlefield, it enters with its front face up. If that front face can’t be put onto the battlefield, it doesn’t enter the battlefield."}, {"date": "2020-09-25", "text": "If an effect instructs a player to choose a card name, the name of either face may be chosen. If that effect or a linked ability refers to a spell with the chosen name being cast and/or a land with the chosen name being played, it considers only the chosen name, not the other face’s name."}, {"date": "2020-09-25", "text": "In the Commander variant, a double-faced card’s color identity is determined by the mana costs and mana symbols in the rules text of both faces combined. If either face has a color indicator or basic land type, those are also considered."}], "securityStamp": "oval", "setCode": "SLU", "side": "a", "subtypes": [], "supertypes": [], "text": "{T}: Add {G}.", "type": "Land", "types": ["Land"], "uuid": "f5d6c922-44eb-5c78-8ef4-107bc130ddd3"}, {"artist": "Donato Giancola", "availability": ["paper"], "borderColor": "borderless", "colorIdentity": ["G", "W"], "colors": [], "convertedManaCost": 0.0, "edhrecRank": 615, "faceName": "Boulderloft Pathway", "finishes": ["foil"], "foreignData": [], "frameVersion": "2015", "hasFoil": true, "hasNonFoil": false, "identifiers": {"cardsphereId": "77384", "mcmId": "562324", "mcmMetaId": "316054", "mtgjsonV4Id": "e6ea4cf0-ecc7-5064-a5c9-5a833fb49612", "scryfallId": "5dfa0e82-da04-418b-9c60-038f3c2c31a5", "scryfallIllustrationId": "a6f52d83-c020-4a8b-8b07-4c0aa75f3972", "scryfallOracleId": "7c304547-a4b1-46c9-baed-16d2bfbe16eb", "tcgplayerProductId": "230405"}, "isReprint": true, "isStarter": true, "language": "English", "layout": "modal_dfc", "legalities": {"alchemy": "Legal", "brawl": "Legal", "commander": "Legal", "duel": "Legal", "explorer": "Legal", "future": "Legal", "gladiator": "Legal", "historic": "Legal", "historicbrawl": "Legal", "legacy": "Legal", "modern": "Legal", "pioneer": "Legal", "standard": "Legal", "vintage": "Legal"}, "manaValue": 0.0, "name": "Branchloft Pathway // Boulderloft Pathway", "number": "13", "originalReleaseDate": "2021-03-05", "otherFaceIds": ["f5d6c922-44eb-5c78-8ef4-107bc130ddd3"], "printings": ["PRM", "PZNR", "SLU", "ZNR"], "purchaseUrls": {"cardmarket": "https://mtgjson.com/links/6a6d189b78286fe1", "tcgplayer": "https://mtgjson.com/links/5eb62980787b8747"}, "rarity": "rare", "rulings": [{"date": "2020-09-25", "text": "There is a single triangle icon in the top left corner of the front face. There is a double triangle icon in the top left corner of the back face."}, {"date": "2020-09-25", "text": "To determine whether it is legal to play a modal double-faced card, consider only the characteristics of the face you’re playing and ignore the other face’s characteristics."}, {"date": "2020-09-25", "text": "If an effect allows you to play a specific modal double-faced card, you may cast it as a spell or play it as a land, as determined by which face you choose to play. If an effect allows you to cast (rather than “play”) a specific modal double-faced card, you can’t play it as a land."}, {"date": "2020-09-25", "text": "If an effect allows you to play a land or cast a spell from among a group of cards, you may play or cast a modal double-faced card with any face that fits the criteria of that effect."}, {"date": "2020-09-25", "text": "The mana value of a modal double-faced card is based on the characteristics of the face that’s being considered. On the stack and battlefield, consider whichever face is up. In all other zones, consider only the front face. This is different than how the mana value of a transforming double-faced card is determined."}, {"date": "2020-09-25", "text": "A modal double-faced card can’t be transformed or be put onto the battlefield transformed. Ignore any instruction to transform a modal double-faced card or to put one onto the battlefield transformed."}, {"date": "2020-09-25", "text": "If an effect puts a double-faced card onto the battlefield, it enters with its front face up. If that front face can’t be put onto the battlefield, it doesn’t enter the battlefield."}, {"date": "2020-09-25", "text": "If an effect instructs a player to choose a card name, the name of either face may be chosen. If that effect or a linked ability refers to a spell with the chosen name being cast and/or a land with the chosen name being played, it considers only the chosen name, not the other face’s name."}, {"date": "2020-09-25", "text": "In the Commander variant, a double-faced card’s color identity is determined by the mana costs and mana symbols in the rules text of both faces combined. If either face has a color indicator or basic land type, those are also considered."}], "securityStamp": "oval", "setCode": "SLU", "side": "b", "subtypes": [], "supertypes": [], "text": "{T}: Add {W}.", "type": "Land", "types": ["Land"], "uuid": "007d2f21-f6a3-5f65-9600-c2a5fa35ae36"}, {"artist": "Paul Scott Canavan", "availability": ["paper"], "borderColor": "borderless", "colorIdentity": ["B", "W"], "colors": [], "convertedManaCost": 0.0, "edhrecRank": 21576, "faceName": "Brightclimb Pathway", "finishes": ["foil"], "foreignData": [], "frameVersion": "2015", "hasFoil": true, "hasNonFoil": false, "identifiers": {"cardKingdomFoilId": "240072", "cardsphereId": "77371", "mcmId": "562325", "mcmMetaId": "316074", "mtgjsonV4Id": "fd29450c-fb6a-5a5e-b904-b907486b6585", "scryfallId": "1dce4e5a-08ab-4f52-bdfb-6d2dafbb055f", "scryfallIllustrationId": "2f47711a-c7f7-4cf5-9255-74d769c111ad", "scryfallOracleId": "1c633e02-95ef-445e-b4e0-fbfbc5ed9cc9", "tcgplayerProductId": "230407"}, "isReprint": true, "isStarter": true, "language": "English", "layout": "modal_dfc", "legalities": {"alchemy": "Legal", "brawl": "Legal", "commander": "Legal", "duel": "Legal", "explorer": "Legal", "future": "Legal", "gladiator": "Legal", "historic": "Legal", "historicbrawl": "Legal", "legacy": "Legal", "modern": "Legal", "pioneer": "Legal", "standard": "Legal", "vintage": "Legal"}, "manaValue": 0.0, "name": "Brightclimb Pathway // Grimclimb Pathway", "number": "14", "originalReleaseDate": "2021-03-05", "otherFaceIds": ["1c9568fa-4b16-5594-b3d5-f94ee4761a92"], "printings": ["PRM", "PZNR", "SLU", "ZNR"], "purchaseUrls": {"cardKingdomFoil": "https://mtgjson.com/links/385c88341f798ea9", "cardmarket": "https://mtgjson.com/links/ee5b632ac857df99", "tcgplayer": "https://mtgjson.com/links/64df53dc39cfdf3a"}, "rarity": "rare", "rulings": [{"date": "2020-09-25", "text": "There is a single triangle icon in the top left corner of the front face. There is a double triangle icon in the top left corner of the back face."}, {"date": "2020-09-25", "text": "To determine whether it is legal to play a modal double-faced card, consider only the characteristics of the face you’re playing and ignore the other face’s characteristics."}, {"date": "2020-09-25", "text": "If an effect allows you to play a specific modal double-faced card, you may cast it as a spell or play it as a land, as determined by which face you choose to play. If an effect allows you to cast (rather than “play”) a specific modal double-faced card, you can’t play it as a land."}, {"date": "2020-09-25", "text": "If an effect allows you to play a land or cast a spell from among a group of cards, you may play or cast a modal double-faced card with any face that fits the criteria of that effect."}, {"date": "2020-09-25", "text": "The mana value of a modal double-faced card is based on the characteristics of the face that’s being considered. On the stack and battlefield, consider whichever face is up. In all other zones, consider only the front face. This is different than how the mana value of a transforming double-faced card is determined."}, {"date": "2020-09-25", "text": "A modal double-faced card can’t be transformed or be put onto the battlefield transformed. Ignore any instruction to transform a modal double-faced card or to put one onto the battlefield transformed."}, {"date": "2020-09-25", "text": "If an effect puts a double-faced card onto the battlefield, it enters with its front face up. If that front face can’t be put onto the battlefield, it doesn’t enter the battlefield."}, {"date": "2020-09-25", "text": "If an effect instructs a player to choose a card name, the name of either face may be chosen. If that effect or a linked ability refers to a spell with the chosen name being cast and/or a land with the chosen name being played, it considers only the chosen name, not the other face’s name."}, {"date": "2020-09-25", "text": "In the Commander variant, a double-faced card’s color identity is determined by the mana costs and mana symbols in the rules text of both faces combined. If either face has a color indicator or basic land type, those are also considered."}], "securityStamp": "oval", "setCode": "SLU", "side": "a", "subtypes": [], "supertypes": [], "text": "{T}: Add {W}.", "type": "Land", "types": ["Land"], "uuid": "09f20f82-b17a-5e75-b47e-4f0ef0816fca"}, {"artist": "Paul Scott Canavan", "availability": ["paper"], "borderColor": "borderless", "colorIdentity": ["B", "W"], "colors": [], "convertedManaCost": 0.0, "edhrecRank": 21576, "faceName": "Grimclimb Pathway", "finishes": ["foil"], "foreignData": [], "frameVersion": "2015", "hasFoil": true, "hasNonFoil": false, "identifiers": {"cardsphereId": "77371", "mcmId": "562325", "mcmMetaId": "316074", "mtgjsonV4Id": "4a9929dd-f35f-56ef-b877-b6fc79c6e422", "scryfallId": "1dce4e5a-08ab-4f52-bdfb-6d2dafbb055f", "scryfallIllustrationId": "67feef67-c8f3-4a21-aad9-6de000cfae1d", "scryfallOracleId": "1c633e02-95ef-445e-b4e0-fbfbc5ed9cc9", "tcgplayerProductId": "230407"}, "isReprint": true, "isStarter": true, "language": "English", "layout": "modal_dfc", "legalities": {"alchemy": "Legal", "brawl": "Legal", "commander": "Legal", "duel": "Legal", "explorer": "Legal", "future": "Legal", "gladiator": "Legal", "historic": "Legal", "historicbrawl": "Legal", "legacy": "Legal", "modern": "Legal", "pioneer": "Legal", "standard": "Legal", "vintage": "Legal"}, "manaValue": 0.0, "name": "Brightclimb Pathway // Grimclimb Pathway", "number": "14", "originalReleaseDate": "2021-03-05", "otherFaceIds": ["09f20f82-b17a-5e75-b47e-4f0ef0816fca"], "printings": ["PRM", "PZNR", "SLU", "ZNR"], "purchaseUrls": {"cardmarket": "https://mtgjson.com/links/0f0742f0e39d1e6e", "tcgplayer": "https://mtgjson.com/links/bc1fbb219b4cb005"}, "rarity": "rare", "rulings": [{"date": "2020-09-25", "text": "There is a single triangle icon in the top left corner of the front face. There is a double triangle icon in the top left corner of the back face."}, {"date": "2020-09-25", "text": "To determine whether it is legal to play a modal double-faced card, consider only the characteristics of the face you’re playing and ignore the other face’s characteristics."}, {"date": "2020-09-25", "text": "If an effect allows you to play a specific modal double-faced card, you may cast it as a spell or play it as a land, as determined by which face you choose to play. If an effect allows you to cast (rather than “play”) a specific modal double-faced card, you can’t play it as a land."}, {"date": "2020-09-25", "text": "If an effect allows you to play a land or cast a spell from among a group of cards, you may play or cast a modal double-faced card with any face that fits the criteria of that effect."}, {"date": "2020-09-25", "text": "The mana value of a modal double-faced card is based on the characteristics of the face that’s being considered. On the stack and battlefield, consider whichever face is up. In all other zones, consider only the front face. This is different than how the mana value of a transforming double-faced card is determined."}, {"date": "2020-09-25", "text": "A modal double-faced card can’t be transformed or be put onto the battlefield transformed. Ignore any instruction to transform a modal double-faced card or to put one onto the battlefield transformed."}, {"date": "2020-09-25", "text": "If an effect puts a double-faced card onto the battlefield, it enters with its front face up. If that front face can’t be put onto the battlefield, it doesn’t enter the battlefield."}, {"date": "2020-09-25", "text": "If an effect instructs a player to choose a card name, the name of either face may be chosen. If that effect or a linked ability refers to a spell with the chosen name being cast and/or a land with the chosen name being played, it considers only the chosen name, not the other face’s name."}, {"date": "2020-09-25", "text": "In the Commander variant, a double-faced card’s color identity is determined by the mana costs and mana symbols in the rules text of both faces combined. If either face has a color indicator or basic land type, those are also considered."}], "securityStamp": "oval", "setCode": "SLU", "side": "b", "subtypes": [], "supertypes": [], "text": "{T}: Add {B}.", "type": "Land", "types": ["Land"], "uuid": "1c9568fa-4b16-5594-b3d5-f94ee4761a92"}, {"artist": "Alayna Danner", "availability": ["paper"], "borderColor": "borderless", "colorIdentity": ["B", "U"], "colors": [], "convertedManaCost": 0.0, "edhrecRank": 21756, "faceName": "Clearwater Pathway", "finishes": ["foil"], "foreignData": [], "frameVersion": "2015", "hasFoil": true, "hasNonFoil": false, "identifiers": {"cardKingdomFoilId": "240073", "cardsphereId": "77395", "mcmId": "562327", "mcmMetaId": "316064", "mtgjsonV4Id": "258f47cc-b2e3-57aa-8372-514b56a15d4d", "scryfallId": "94598167-dec4-425a-86bc-5989e2c3ba7c", "scryfallIllustrationId": "bebd4aab-ce3a-44f0-9d02-e10d40681380", "scryfallOracleId": "144119bc-7fd1-45c5-9e29-f742e7c255ac", "tcgplayerProductId": "230408"}, "isReprint": true, "isStarter": true, "language": "English", "layout": "modal_dfc", "legalities": {"alchemy": "Legal", "brawl": "Legal", "commander": "Legal", "duel": "Legal", "explorer": "Legal", "future": "Legal", "gladiator": "Legal", "historic": "Legal", "historicbrawl": "Legal", "legacy": "Legal", "modern": "Legal", "pioneer": "Legal", "standard": "Legal", "vintage": "Legal"}, "manaValue": 0.0, "name": "Clearwater Pathway // Murkwater Pathway", "number": "15", "originalReleaseDate": "2021-03-05", "otherFaceIds": ["23327bb9-c988-5dd5-a1c3-b26aa3c22cc5"], "printings": ["PRM", "PZNR", "SLU", "ZNR"], "purchaseUrls": {"cardKingdomFoil": "https://mtgjson.com/links/c25c9b84c217e19f", "cardmarket": "https://mtgjson.com/links/94ccbdba7692b376", "tcgplayer": "https://mtgjson.com/links/407522fc50e7a2ba"}, "rarity": "rare", "rulings": [{"date": "2020-09-25", "text": "There is a single triangle icon in the top left corner of the front face. There is a double triangle icon in the top left corner of the back face."}, {"date": "2020-09-25", "text": "To determine whether it is legal to play a modal double-faced card, consider only the characteristics of the face you’re playing and ignore the other face’s characteristics."}, {"date": "2020-09-25", "text": "If an effect allows you to play a specific modal double-faced card, you may cast it as a spell or play it as a land, as determined by which face you choose to play. If an effect allows you to cast (rather than “play”) a specific modal double-faced card, you can’t play it as a land."}, {"date": "2020-09-25", "text": "If an effect allows you to play a land or cast a spell from among a group of cards, you may play or cast a modal double-faced card with any face that fits the criteria of that effect."}, {"date": "2020-09-25", "text": "The mana value of a modal double-faced card is based on the characteristics of the face that’s being considered. On the stack and battlefield, consider whichever face is up. In all other zones, consider only the front face. This is different than how the mana value of a transforming double-faced card is determined."}, {"date": "2020-09-25", "text": "A modal double-faced card can’t be transformed or be put onto the battlefield transformed. Ignore any instruction to transform a modal double-faced card or to put one onto the battlefield transformed."}, {"date": "2020-09-25", "text": "If an effect puts a double-faced card onto the battlefield, it enters with its front face up. If that front face can’t be put onto the battlefield, it doesn’t enter the battlefield."}, {"date": "2020-09-25", "text": "If an effect instructs a player to choose a card name, the name of either face may be chosen. If that effect or a linked ability refers to a spell with the chosen name being cast and/or a land with the chosen name being played, it considers only the chosen name, not the other face’s name."}, {"date": "2020-09-25", "text": "In the Commander variant, a double-faced card’s color identity is determined by the mana costs and mana symbols in the rules text of both faces combined. If either face has a color indicator or basic land type, those are also considered."}], "securityStamp": "oval", "setCode": "SLU", "side": "a", "subtypes": [], "supertypes": [], "text": "{T}: Add {U}.", "type": "Land", "types": ["Land"], "uuid": "e2701b79-7ba2-5f2e-b393-c003d615299b"}, {"artist": "Alayna Danner", "availability": ["paper"], "borderColor": "borderless", "colorIdentity": ["B", "U"], "colors": [], "convertedManaCost": 0.0, "edhrecRank": 21756, "faceName": "Murkwater Pathway", "finishes": ["foil"], "foreignData": [], "frameVersion": "2015", "hasFoil": true, "hasNonFoil": false, "identifiers": {"cardsphereId": "77395", "mcmId": "562327", "mcmMetaId": "316064", "mtgjsonV4Id": "24303a33-5a3b-5b9c-8a04-a15aa3180942", "scryfallId": "94598167-dec4-425a-86bc-5989e2c3ba7c", "scryfallIllustrationId": "ab7fbe19-2745-4297-af4e-51f78b85f2d3", "scryfallOracleId": "144119bc-7fd1-45c5-9e29-f742e7c255ac", "tcgplayerProductId": "230408"}, "isReprint": true, "isStarter": true, "language": "English", "layout": "modal_dfc", "legalities": {"alchemy": "Legal", "brawl": "Legal", "commander": "Legal", "duel": "Legal", "explorer": "Legal", "future": "Legal", "gladiator": "Legal", "historic": "Legal", "historicbrawl": "Legal", "legacy": "Legal", "modern": "Legal", "pioneer": "Legal", "standard": "Legal", "vintage": "Legal"}, "manaValue": 0.0, "name": "Clearwater Pathway // Murkwater Pathway", "number": "15", "originalReleaseDate": "2021-03-05", "otherFaceIds": ["e2701b79-7ba2-5f2e-b393-c003d615299b"], "printings": ["PRM", "PZNR", "SLU", "ZNR"], "purchaseUrls": {"cardmarket": "https://mtgjson.com/links/aa7223cd2f948c45", "tcgplayer": "https://mtgjson.com/links/fe9cc6315520d7f6"}, "rarity": "rare", "rulings": [{"date": "2020-09-25", "text": "There is a single triangle icon in the top left corner of the front face. There is a double triangle icon in the top left corner of the back face."}, {"date": "2020-09-25", "text": "To determine whether it is legal to play a modal double-faced card, consider only the characteristics of the face you’re playing and ignore the other face’s characteristics."}, {"date": "2020-09-25", "text": "If an effect allows you to play a specific modal double-faced card, you may cast it as a spell or play it as a land, as determined by which face you choose to play. If an effect allows you to cast (rather than “play”) a specific modal double-faced card, you can’t play it as a land."}, {"date": "2020-09-25", "text": "If an effect allows you to play a land or cast a spell from among a group of cards, you may play or cast a modal double-faced card with any face that fits the criteria of that effect."}, {"date": "2020-09-25", "text": "The mana value of a modal double-faced card is based on the characteristics of the face that’s being considered. On the stack and battlefield, consider whichever face is up. In all other zones, consider only the front face. This is different than how the mana value of a transforming double-faced card is determined."}, {"date": "2020-09-25", "text": "A modal double-faced card can’t be transformed or be put onto the battlefield transformed. Ignore any instruction to transform a modal double-faced card or to put one onto the battlefield transformed."}, {"date": "2020-09-25", "text": "If an effect puts a double-faced card onto the battlefield, it enters with its front face up. If that front face can’t be put onto the battlefield, it doesn’t enter the battlefield."}, {"date": "2020-09-25", "text": "If an effect instructs a player to choose a card name, the name of either face may be chosen. If that effect or a linked ability refers to a spell with the chosen name being cast and/or a land with the chosen name being played, it considers only the chosen name, not the other face’s name."}, {"date": "2020-09-25", "text": "In the Commander variant, a double-faced card’s color identity is determined by the mana costs and mana symbols in the rules text of both faces combined. If either face has a color indicator or basic land type, those are also considered."}], "securityStamp": "oval", "setCode": "SLU", "side": "b", "subtypes": [], "supertypes": [], "text": "{T}: Add {B}.", "type": "Land", "types": ["Land"], "uuid": "23327bb9-c988-5dd5-a1c3-b26aa3c22cc5"}, {"artist": "Piotr Dura", "availability": ["paper"], "borderColor": "borderless", "colorIdentity": ["G", "R"], "colors": [], "convertedManaCost": 0.0, "edhrecRank": 21242, "faceName": "Cragcrown Pathway", "finishes": ["foil"], "foreignData": [], "frameVersion": "2015", "hasFoil": true, "hasNonFoil": false, "identifiers": {"cardKingdomFoilId": "240074", "cardsphereId": "77373", "mcmId": "562328", "mcmMetaId": "316069", "mtgjsonV4Id": "20971dc7-8eea-5e24-9bf1-bc23d8b492df", "scryfallId": "5e5288f2-b27e-4009-b537-d19f61b34c4a", "scryfallIllustrationId": "ef42139c-973d-4142-bea0-d750b97a6c1b", "scryfallOracleId": "727ca426-f4cc-4218-8ae5-8c427af2e816", "tcgplayerProductId": "230409"}, "isReprint": true, "isStarter": true, "language": "English", "layout": "modal_dfc", "legalities": {"alchemy": "Legal", "brawl": "Legal", "commander": "Legal", "duel": "Legal", "explorer": "Legal", "future": "Legal", "gladiator": "Legal", "historic": "Legal", "historicbrawl": "Legal", "legacy": "Legal", "modern": "Legal", "pioneer": "Legal", "standard": "Legal", "vintage": "Legal"}, "manaValue": 0.0, "name": "Cragcrown Pathway // Timbercrown Pathway", "number": "16", "originalReleaseDate": "2021-03-05", "otherFaceIds": ["51173f82-3f66-5dcb-90bb-b2ad1d168eec"], "printings": ["PRM", "PZNR", "SLU", "ZNR"], "purchaseUrls": {"cardKingdomFoil": "https://mtgjson.com/links/0bff2d162519bb0b", "cardmarket": "https://mtgjson.com/links/9453d1341b59c01a", "tcgplayer": "https://mtgjson.com/links/6dcaa79a65b2f740"}, "rarity": "rare", "rulings": [{"date": "2020-09-25", "text": "There is a single triangle icon in the top left corner of the front face. There is a double triangle icon in the top left corner of the back face."}, {"date": "2020-09-25", "text": "To determine whether it is legal to play a modal double-faced card, consider only the characteristics of the face you’re playing and ignore the other face’s characteristics."}, {"date": "2020-09-25", "text": "If an effect allows you to play a specific modal double-faced card, you may cast it as a spell or play it as a land, as determined by which face you choose to play. If an effect allows you to cast (rather than “play”) a specific modal double-faced card, you can’t play it as a land."}, {"date": "2020-09-25", "text": "If an effect allows you to play a land or cast a spell from among a group of cards, you may play or cast a modal double-faced card with any face that fits the criteria of that effect."}, {"date": "2020-09-25", "text": "The converted mana cost of a modal double-faced card is based on the characteristics of the face that’s being considered. On the stack and battlefield, consider whichever face is up. In all other zones, consider only the front face. This is different than how the converted mana cost of a transforming double-faced card is determined."}, {"date": "2020-09-25", "text": "A modal double-faced card can’t be transformed or be put onto the battlefield transformed. Ignore any instruction to transform a modal double-faced card or to put one onto the battlefield transformed."}, {"date": "2020-09-25", "text": "If an effect puts a double-faced card onto the battlefield, it enters with its front face up. If that front face can’t be put onto the battlefield, it doesn’t enter the battlefield."}, {"date": "2020-09-25", "text": "If an effect instructs a player to choose a card name, the name of either face may be chosen. If that effect or a linked ability refers to a spell with the chosen name being cast and/or a land with the chosen name being played, it considers only the chosen name, not the other face’s name."}, {"date": "2020-09-25", "text": "In the Commander variant, a double-faced card’s color identity is determined by the mana costs and mana symbols in the rules text of both faces combined. If either face has a color indicator or basic land type, those are also considered."}], "securityStamp": "oval", "setCode": "SLU", "side": "a", "subtypes": [], "supertypes": [], "text": "{T}: Add {R}.", "type": "Land", "types": ["Land"], "uuid": "3d24b794-8e58-506f-9fa9-4cd89982b943"}, {"artist": "Piotr Dura", "availability": ["paper"], "borderColor": "borderless", "colorIdentity": ["G", "R"], "colors": [], "convertedManaCost": 0.0, "edhrecRank": 21242, "faceName": "Timbercrown Pathway", "finishes": ["foil"], "foreignData": [], "frameVersion": "2015", "hasFoil": true, "hasNonFoil": false, "identifiers": {"cardsphereId": "77373", "mcmId": "562328", "mcmMetaId": "316069", "mtgjsonV4Id": "543281f1-8bc5-540f-a006-08e50f53e0a8", "scryfallId": "5e5288f2-b27e-4009-b537-d19f61b34c4a", "scryfallIllustrationId": "595e1913-7d01-4c88-a068-aa44f97e4214", "scryfallOracleId": "727ca426-f4cc-4218-8ae5-8c427af2e816", "tcgplayerProductId": "230409"}, "isReprint": true, "isStarter": true, "language": "English", "layout": "modal_dfc", "legalities": {"alchemy": "Legal", "brawl": "Legal", "commander": "Legal", "duel": "Legal", "explorer": "Legal", "future": "Legal", "gladiator": "Legal", "historic": "Legal", "historicbrawl": "Legal", "legacy": "Legal", "modern": "Legal", "pioneer": "Legal", "standard": "Legal", "vintage": "Legal"}, "manaValue": 0.0, "name": "Cragcrown Pathway // Timbercrown Pathway", "number": "16", "originalReleaseDate": "2021-03-05", "otherFaceIds": ["3d24b794-8e58-506f-9fa9-4cd89982b943"], "printings": ["PRM", "PZNR", "SLU", "ZNR"], "purchaseUrls": {"cardmarket": "https://mtgjson.com/links/027332a627ba9b5f", "tcgplayer": "https://mtgjson.com/links/0100f8cdd5378d66"}, "rarity": "rare", "rulings": [{"date": "2020-09-25", "text": "There is a single triangle icon in the top left corner of the front face. There is a double triangle icon in the top left corner of the back face."}, {"date": "2020-09-25", "text": "To determine whether it is legal to play a modal double-faced card, consider only the characteristics of the face you’re playing and ignore the other face’s characteristics."}, {"date": "2020-09-25", "text": "If an effect allows you to play a specific modal double-faced card, you may cast it as a spell or play it as a land, as determined by which face you choose to play. If an effect allows you to cast (rather than “play”) a specific modal double-faced card, you can’t play it as a land."}, {"date": "2020-09-25", "text": "If an effect allows you to play a land or cast a spell from among a group of cards, you may play or cast a modal double-faced card with any face that fits the criteria of that effect."}, {"date": "2020-09-25", "text": "The converted mana cost of a modal double-faced card is based on the characteristics of the face that’s being considered. On the stack and battlefield, consider whichever face is up. In all other zones, consider only the front face. This is different than how the converted mana cost of a transforming double-faced card is determined."}, {"date": "2020-09-25", "text": "A modal double-faced card can’t be transformed or be put onto the battlefield transformed. Ignore any instruction to transform a modal double-faced card or to put one onto the battlefield transformed."}, {"date": "2020-09-25", "text": "If an effect puts a double-faced card onto the battlefield, it enters with its front face up. If that front face can’t be put onto the battlefield, it doesn’t enter the battlefield."}, {"date": "2020-09-25", "text": "If an effect instructs a player to choose a card name, the name of either face may be chosen. If that effect or a linked ability refers to a spell with the chosen name being cast and/or a land with the chosen name being played, it considers only the chosen name, not the other face’s name."}, {"date": "2020-09-25", "text": "In the Commander variant, a double-faced card’s color identity is determined by the mana costs and mana symbols in the rules text of both faces combined. If either face has a color indicator or basic land type, those are also considered."}], "securityStamp": "oval", "setCode": "SLU", "side": "b", "subtypes": [], "supertypes": [], "text": "{T}: Add {G}.", "type": "Land", "types": ["Land"], "uuid": "51173f82-3f66-5dcb-90bb-b2ad1d168eec"}, {"artist": "Jokubas Uogintas", "availability": ["paper"], "borderColor": "borderless", "colorIdentity": ["B", "G"], "colors": [], "convertedManaCost": 0.0, "edhrecRank": 22974, "faceName": "Darkbore Pathway", "finishes": ["foil"], "foreignData": [], "frameVersion": "2015", "hasFoil": true, "hasNonFoil": false, "identifiers": {"cardKingdomFoilId": "241594", "cardsphereId": "77389", "mcmId": "562329", "mcmMetaId": "327190", "mtgjsonV4Id": "af8d133b-6587-56af-bdb0-1ae84f892c15", "scryfallId": "e3d06331-a819-40d8-a0b4-bbc97ba1f42c", "scryfallIllustrationId": "f738cacd-5174-4bfd-b5b6-23df23ac0e6a", "scryfallOracleId": "868e6e68-4367-4073-a864-235d5961ae56", "tcgplayerProductId": "231815"}, "isReprint": true, "isStarter": true, "language": "English", "layout": "modal_dfc", "legalities": {"alchemy": "Legal", "brawl": "Legal", "commander": "Legal", "duel": "Legal", "explorer": "Legal", "future": "Legal", "gladiator": "Legal", "historic": "Legal", "historicbrawl": "Legal", "legacy": "Legal", "modern": "Legal", "pioneer": "Legal", "standard": "Legal", "vintage": "Legal"}, "manaValue": 0.0, "name": "Darkbore Pathway // Slitherbore Pathway", "number": "17", "originalReleaseDate": "2021-03-05", "otherFaceIds": ["58011d26-18fe-5851-bb32-82f9a822c80a"], "printings": ["KHM", "PKHM", "PRM", "SLU"], "purchaseUrls": {"cardKingdomFoil": "https://mtgjson.com/links/3f71133b3b271284", "cardmarket": "https://mtgjson.com/links/b6cc0204005bb9cd", "tcgplayer": "https://mtgjson.com/links/2dceeb38434a4ea2"}, "rarity": "rare", "rulings": [{"date": "2021-02-05", "text": "A modal double-faced card can’t be transformed or be put onto the battlefield transformed. Ignore any instruction to transform a modal double-faced card or to put one onto the battlefield transformed."}, {"date": "2021-02-05", "text": "There is a single triangle icon in the top left corner of the front face. There is a double triangle icon in the top left corner of the back face."}, {"date": "2021-02-05", "text": "To determine whether it is legal to play a modal double-faced card, consider only the characteristics of the face you’re playing and ignore the other face’s characteristics."}, {"date": "2021-02-05", "text": "If an effect allows you to play a specific modal double-faced card, you may cast it as a spell or play it as a land, as determined by which face you choose to play. If an effect allows you to cast (rather than “play”) a specific modal double-faced card, you can’t play it as a land."}, {"date": "2021-02-05", "text": "If an effect allows you to play a land or cast a spell from among a group of cards, you may play or cast a modal double-faced card with any face that fits the criteria of that effect."}, {"date": "2021-02-05", "text": "The converted mana cost of a modal double-faced card is based on the characteristics of the face that’s being considered. On the stack and battlefield, consider whichever face is up. In all other zones, consider only the front face. This is different than how the converted mana cost of a transforming double-faced card is determined."}, {"date": "2021-02-05", "text": "If an effect puts a double-faced card onto the battlefield, it enters with its front face up. If that front face can’t be put onto the battlefield, it doesn’t enter the battlefield."}, {"date": "2021-02-05", "text": "If an effect instructs a player to choose a card name, the name of either face may be chosen. If that effect or a linked ability refers to a spell with the chosen name being cast and/or a land with the chosen name being played, it considers only the chosen name, not the other face’s name."}, {"date": "2021-02-05", "text": "In the Commander variant, a double-faced card’s color identity is determined by the mana costs and mana symbols in the rules text of both faces combined. If either face has a color indicator or basic land type, those are also considered."}], "securityStamp": "oval", "setCode": "SLU", "side": "a", "subtypes": [], "supertypes": [], "text": "{T}: Add {B}.", "type": "Land", "types": ["Land"], "uuid": "20867f45-ae4a-559e-b16d-c93f190ca2c5"}, {"artist": "Jokubas Uogintas", "availability": ["paper"], "borderColor": "borderless", "colorIdentity": ["B", "G"], "colors": [], "convertedManaCost": 0.0, "edhrecRank": 22974, "faceName": "Slitherbore Pathway", "finishes": ["foil"], "foreignData": [], "frameVersion": "2015", "hasFoil": true, "hasNonFoil": false, "identifiers": {"cardsphereId": "77389", "mcmId": "562329", "mcmMetaId": "327190", "mtgjsonV4Id": "f5a7cc6c-e0ca-5b39-9326-0c01fe50d830", "scryfallId": "e3d06331-a819-40d8-a0b4-bbc97ba1f42c", "scryfallIllustrationId": "5998fcb9-0c0c-4c26-94fb-39e5ffa1232b", "scryfallOracleId": "868e6e68-4367-4073-a864-235d5961ae56", "tcgplayerProductId": "231815"}, "isReprint": true, "isStarter": true, "language": "English", "layout": "modal_dfc", "legalities": {"alchemy": "Legal", "brawl": "Legal", "commander": "Legal", "duel": "Legal", "explorer": "Legal", "future": "Legal", "gladiator": "Legal", "historic": "Legal", "historicbrawl": "Legal", "legacy": "Legal", "modern": "Legal", "pioneer": "Legal", "standard": "Legal", "vintage": "Legal"}, "manaValue": 0.0, "name": "Darkbore Pathway // Slitherbore Pathway", "number": "17", "originalReleaseDate": "2021-03-05", "otherFaceIds": ["20867f45-ae4a-559e-b16d-c93f190ca2c5"], "printings": ["KHM", "PKHM", "PRM", "SLU"], "purchaseUrls": {"cardmarket": "https://mtgjson.com/links/e9b4f8479b279ab7", "tcgplayer": "https://mtgjson.com/links/d558078ffcceda24"}, "rarity": "rare", "rulings": [{"date": "2021-02-05", "text": "A modal double-faced card can’t be transformed or be put onto the battlefield transformed. Ignore any instruction to transform a modal double-faced card or to put one onto the battlefield transformed."}, {"date": "2021-02-05", "text": "There is a single triangle icon in the top left corner of the front face. There is a double triangle icon in the top left corner of the back face."}, {"date": "2021-02-05", "text": "To determine whether it is legal to play a modal double-faced card, consider only the characteristics of the face you’re playing and ignore the other face’s characteristics."}, {"date": "2021-02-05", "text": "If an effect allows you to play a specific modal double-faced card, you may cast it as a spell or play it as a land, as determined by which face you choose to play. If an effect allows you to cast (rather than “play”) a specific modal double-faced card, you can’t play it as a land."}, {"date": "2021-02-05", "text": "If an effect allows you to play a land or cast a spell from among a group of cards, you may play or cast a modal double-faced card with any face that fits the criteria of that effect."}, {"date": "2021-02-05", "text": "The converted mana cost of a modal double-faced card is based on the characteristics of the face that’s being considered. On the stack and battlefield, consider whichever face is up. In all other zones, consider only the front face. This is different than how the converted mana cost of a transforming double-faced card is determined."}, {"date": "2021-02-05", "text": "If an effect puts a double-faced card onto the battlefield, it enters with its front face up. If that front face can’t be put onto the battlefield, it doesn’t enter the battlefield."}, {"date": "2021-02-05", "text": "If an effect instructs a player to choose a card name, the name of either face may be chosen. If that effect or a linked ability refers to a spell with the chosen name being cast and/or a land with the chosen name being played, it considers only the chosen name, not the other face’s name."}, {"date": "2021-02-05", "text": "In the Commander variant, a double-faced card’s color identity is determined by the mana costs and mana symbols in the rules text of both faces combined. If either face has a color indicator or basic land type, those are also considered."}], "securityStamp": "oval", "setCode": "SLU", "side": "b", "subtypes": [], "supertypes": [], "text": "{T}: Add {G}.", "type": "Land", "types": ["Land"], "uuid": "58011d26-18fe-5851-bb32-82f9a822c80a"}, {"artist": "Lucas Staniec", "availability": ["paper"], "borderColor": "borderless", "colorIdentity": ["U", "W"], "colors": [], "convertedManaCost": 0.0, "edhrecRank": 763, "faceName": "Hengegate Pathway", "finishes": ["foil"], "foreignData": [], "frameVersion": "2015", "hasFoil": true, "hasNonFoil": false, "identifiers": {"cardKingdomFoilId": "241595", "cardsphereId": "77376", "mcmId": "562330", "mcmMetaId": "327200", "mtgjsonV4Id": "1c7b9118-25d0-5dfa-9d76-06c938a67f93", "scryfallId": "8b13ff20-1dad-4c6a-979b-4d2662af5e74", "scryfallIllustrationId": "97c4ab11-5366-4bde-83a9-169335026e24", "scryfallOracleId": "461b3f2f-fcee-4160-abfa-061f8b6a784f", "tcgplayerProductId": "231816"}, "isReprint": true, "isStarter": true, "language": "English", "layout": "modal_dfc", "legalities": {"alchemy": "Legal", "brawl": "Legal", "commander": "Legal", "duel": "Legal", "explorer": "Legal", "future": "Legal", "gladiator": "Legal", "historic": "Legal", "historicbrawl": "Legal", "legacy": "Legal", "modern": "Legal", "pioneer": "Legal", "standard": "Legal", "vintage": "Legal"}, "manaValue": 0.0, "name": "Hengegate Pathway // Mistgate Pathway", "number": "18", "originalReleaseDate": "2021-03-05", "otherFaceIds": ["f7b7802f-9353-5ce3-be3e-1bbe890fc177"], "printings": ["KHM", "PKHM", "PRM", "SLU"], "purchaseUrls": {"cardKingdomFoil": "https://mtgjson.com/links/279cf7c02fb1df69", "cardmarket": "https://mtgjson.com/links/11ffe341000edcd9", "tcgplayer": "https://mtgjson.com/links/022ba7a295848fd2"}, "rarity": "rare", "rulings": [{"date": "2021-02-05", "text": "There is a single triangle icon in the top left corner of the front face. There is a double triangle icon in the top left corner of the back face."}, {"date": "2021-02-05", "text": "To determine whether it is legal to play a modal double-faced card, consider only the characteristics of the face you’re playing and ignore the other face’s characteristics."}, {"date": "2021-02-05", "text": "If an effect allows you to play a specific modal double-faced card, you may cast it as a spell or play it as a land, as determined by which face you choose to play. If an effect allows you to cast (rather than “play”) a specific modal double-faced card, you can’t play it as a land."}, {"date": "2021-02-05", "text": "If an effect allows you to play a land or cast a spell from among a group of cards, you may play or cast a modal double-faced card with any face that fits the criteria of that effect."}, {"date": "2021-02-05", "text": "The converted mana cost of a modal double-faced card is based on the characteristics of the face that’s being considered. On the stack and battlefield, consider whichever face is up. In all other zones, consider only the front face. This is different than how the converted mana cost of a transforming double-faced card is determined."}, {"date": "2021-02-05", "text": "A modal double-faced card can’t be transformed or be put onto the battlefield transformed. Ignore any instruction to transform a modal double-faced card or to put one onto the battlefield transformed."}, {"date": "2021-02-05", "text": "If an effect puts a double-faced card onto the battlefield, it enters with its front face up. If that front face can’t be put onto the battlefield, it doesn’t enter the battlefield."}, {"date": "2021-02-05", "text": "If an effect instructs a player to choose a card name, the name of either face may be chosen. If that effect or a linked ability refers to a spell with the chosen name being cast and/or a land with the chosen name being played, it considers only the chosen name, not the other face’s name."}, {"date": "2021-02-05", "text": "In the Commander variant, a double-faced card’s color identity is determined by the mana costs and mana symbols in the rules text of both faces combined. If either face has a color indicator or basic land type, those are also considered."}], "securityStamp": "oval", "setCode": "SLU", "side": "a", "subtypes": [], "supertypes": [], "text": "{T}: Add {W}.", "type": "Land", "types": ["Land"], "uuid": "d3108ff3-3ac5-5851-898d-9f858c6ea2ba"}, {"artist": "Lucas Staniec", "availability": ["paper"], "borderColor": "borderless", "colorIdentity": ["U", "W"], "colors": [], "convertedManaCost": 0.0, "edhrecRank": 763, "faceName": "Mistgate Pathway", "finishes": ["foil"], "foreignData": [], "frameVersion": "2015", "hasFoil": true, "hasNonFoil": false, "identifiers": {"cardsphereId": "77376", "mcmId": "562330", "mcmMetaId": "327200", "mtgjsonV4Id": "f306f66e-65a9-587b-a0e6-3edc4dafdffa", "scryfallId": "8b13ff20-1dad-4c6a-979b-4d2662af5e74", "scryfallIllustrationId": "7b856c28-45ca-41a9-a7a1-8d4747411f96", "scryfallOracleId": "461b3f2f-fcee-4160-abfa-061f8b6a784f", "tcgplayerProductId": "231816"}, "isReprint": true, "isStarter": true, "language": "English", "layout": "modal_dfc", "legalities": {"alchemy": "Legal", "brawl": "Legal", "commander": "Legal", "duel": "Legal", "explorer": "Legal", "future": "Legal", "gladiator": "Legal", "historic": "Legal", "historicbrawl": "Legal", "legacy": "Legal", "modern": "Legal", "pioneer": "Legal", "standard": "Legal", "vintage": "Legal"}, "manaValue": 0.0, "name": "Hengegate Pathway // Mistgate Pathway", "number": "18", "originalReleaseDate": "2021-03-05", "otherFaceIds": ["d3108ff3-3ac5-5851-898d-9f858c6ea2ba"], "printings": ["KHM", "PKHM", "PRM", "SLU"], "purchaseUrls": {"cardmarket": "https://mtgjson.com/links/66381e611cc598e8", "tcgplayer": "https://mtgjson.com/links/b6243075c3bff68f"}, "rarity": "rare", "rulings": [{"date": "2021-02-05", "text": "There is a single triangle icon in the top left corner of the front face. There is a double triangle icon in the top left corner of the back face."}, {"date": "2021-02-05", "text": "To determine whether it is legal to play a modal double-faced card, consider only the characteristics of the face you’re playing and ignore the other face’s characteristics."}, {"date": "2021-02-05", "text": "If an effect allows you to play a specific modal double-faced card, you may cast it as a spell or play it as a land, as determined by which face you choose to play. If an effect allows you to cast (rather than “play”) a specific modal double-faced card, you can’t play it as a land."}, {"date": "2021-02-05", "text": "If an effect allows you to play a land or cast a spell from among a group of cards, you may play or cast a modal double-faced card with any face that fits the criteria of that effect."}, {"date": "2021-02-05", "text": "The converted mana cost of a modal double-faced card is based on the characteristics of the face that’s being considered. On the stack and battlefield, consider whichever face is up. In all other zones, consider only the front face. This is different than how the converted mana cost of a transforming double-faced card is determined."}, {"date": "2021-02-05", "text": "A modal double-faced card can’t be transformed or be put onto the battlefield transformed. Ignore any instruction to transform a modal double-faced card or to put one onto the battlefield transformed."}, {"date": "2021-02-05", "text": "If an effect puts a double-faced card onto the battlefield, it enters with its front face up. If that front face can’t be put onto the battlefield, it doesn’t enter the battlefield."}, {"date": "2021-02-05", "text": "If an effect instructs a player to choose a card name, the name of either face may be chosen. If that effect or a linked ability refers to a spell with the chosen name being cast and/or a land with the chosen name being played, it considers only the chosen name, not the other face’s name."}, {"date": "2021-02-05", "text": "In the Commander variant, a double-faced card’s color identity is determined by the mana costs and mana symbols in the rules text of both faces combined. If either face has a color indicator or basic land type, those are also considered."}], "securityStamp": "oval", "setCode": "SLU", "side": "b", "subtypes": [], "supertypes": [], "text": "{T}: Add {U}.", "type": "Land", "types": ["Land"], "uuid": "f7b7802f-9353-5ce3-be3e-1bbe890fc177"}, {"artist": "Adam Paquette", "availability": ["paper"], "borderColor": "borderless", "colorIdentity": ["R", "W"], "colors": [], "convertedManaCost": 0.0, "edhrecRank": 21523, "faceName": "Needleverge Pathway", "finishes": ["foil"], "foreignData": [], "frameVersion": "2015", "hasFoil": true, "hasNonFoil": false, "identifiers": {"cardKingdomFoilId": "240075", "cardsphereId": "77362", "mcmId": "562331", "mcmMetaId": "316079", "mtgjsonV4Id": "b2de40c2-272d-534f-a926-b378c50e8ade", "scryfallId": "9102e1aa-7123-4c16-a810-d65b4505e147", "scryfallIllustrationId": "71187af5-fe4e-416f-9b19-9f13330be3ac", "scryfallOracleId": "a9b8d020-4d72-4934-8942-df29ef19fc1d", "tcgplayerProductId": "230410"}, "isReprint": true, "isStarter": true, "language": "English", "layout": "modal_dfc", "legalities": {"alchemy": "Legal", "brawl": "Legal", "commander": "Legal", "duel": "Legal", "explorer": "Legal", "future": "Legal", "gladiator": "Legal", "historic": "Legal", "historicbrawl": "Legal", "legacy": "Legal", "modern": "Legal", "pioneer": "Legal", "standard": "Legal", "vintage": "Legal"}, "manaValue": 0.0, "name": "Needleverge Pathway // Pillarverge Pathway", "number": "19", "originalReleaseDate": "2021-03-05", "otherFaceIds": ["01c0aa6a-e34e-5e5d-a050-a401b16b5273"], "printings": ["PRM", "PZNR", "SLU", "ZNR"], "purchaseUrls": {"cardKingdomFoil": "https://mtgjson.com/links/cf4f25a06699deaa", "cardmarket": "https://mtgjson.com/links/d13dcddc166b91b5", "tcgplayer": "https://mtgjson.com/links/643db3a0de791d9d"}, "rarity": "rare", "rulings": [{"date": "2020-09-25", "text": "There is a single triangle icon in the top left corner of the front face. There is a double triangle icon in the top left corner of the back face."}, {"date": "2020-09-25", "text": "To determine whether it is legal to play a modal double-faced card, consider only the characteristics of the face you’re playing and ignore the other face’s characteristics."}, {"date": "2020-09-25", "text": "If an effect allows you to play a specific modal double-faced card, you may cast it as a spell or play it as a land, as determined by which face you choose to play. If an effect allows you to cast (rather than “play”) a specific modal double-faced card, you can’t play it as a land."}, {"date": "2020-09-25", "text": "If an effect allows you to play a land or cast a spell from among a group of cards, you may play or cast a modal double-faced card with any face that fits the criteria of that effect."}, {"date": "2020-09-25", "text": "The converted mana cost of a modal double-faced card is based on the characteristics of the face that’s being considered. On the stack and battlefield, consider whichever face is up. In all other zones, consider only the front face. This is different than how the converted mana cost of a transforming double-faced card is determined."}, {"date": "2020-09-25", "text": "A modal double-faced card can’t be transformed or be put onto the battlefield transformed. Ignore any instruction to transform a modal double-faced card or to put one onto the battlefield transformed."}, {"date": "2020-09-25", "text": "If an effect puts a double-faced card onto the battlefield, it enters with its front face up. If that front face can’t be put onto the battlefield, it doesn’t enter the battlefield."}, {"date": "2020-09-25", "text": "If an effect instructs a player to choose a card name, the name of either face may be chosen. If that effect or a linked ability refers to a spell with the chosen name being cast and/or a land with the chosen name being played, it considers only the chosen name, not the other face’s name."}, {"date": "2020-09-25", "text": "In the Commander variant, a double-faced card’s color identity is determined by the mana costs and mana symbols in the rules text of both faces combined. If either face has a color indicator or basic land type, those are also considered."}], "securityStamp": "oval", "setCode": "SLU", "side": "a", "subtypes": [], "supertypes": [], "text": "{T}: Add {R}.", "type": "Land", "types": ["Land"], "uuid": "920af7dd-dc74-569f-9ab6-b5412f3185ab"}, {"artist": "Adam Paquette", "availability": ["paper"], "borderColor": "borderless", "colorIdentity": ["R", "W"], "colors": [], "convertedManaCost": 0.0, "edhrecRank": 21523, "faceName": "Pillarverge Pathway", "finishes": ["foil"], "foreignData": [], "frameVersion": "2015", "hasFoil": true, "hasNonFoil": false, "identifiers": {"cardsphereId": "77362", "mcmId": "562331", "mcmMetaId": "316079", "mtgjsonV4Id": "ee405d2f-2601-5f09-bfcf-44ffd061d638", "scryfallId": "9102e1aa-7123-4c16-a810-d65b4505e147", "scryfallIllustrationId": "a1840613-cf0b-4686-b5af-d86e45f3145d", "scryfallOracleId": "a9b8d020-4d72-4934-8942-df29ef19fc1d", "tcgplayerProductId": "230410"}, "isReprint": true, "isStarter": true, "language": "English", "layout": "modal_dfc", "legalities": {"alchemy": "Legal", "brawl": "Legal", "commander": "Legal", "duel": "Legal", "explorer": "Legal", "future": "Legal", "gladiator": "Legal", "historic": "Legal", "historicbrawl": "Legal", "legacy": "Legal", "modern": "Legal", "pioneer": "Legal", "standard": "Legal", "vintage": "Legal"}, "manaValue": 0.0, "name": "Needleverge Pathway // Pillarverge Pathway", "number": "19", "originalReleaseDate": "2021-03-05", "otherFaceIds": ["920af7dd-dc74-569f-9ab6-b5412f3185ab"], "printings": ["PRM", "PZNR", "SLU", "ZNR"], "purchaseUrls": {"cardmarket": "https://mtgjson.com/links/db72af49ea29cacd", "tcgplayer": "https://mtgjson.com/links/31730cc31547996a"}, "rarity": "rare", "rulings": [{"date": "2020-09-25", "text": "There is a single triangle icon in the top left corner of the front face. There is a double triangle icon in the top left corner of the back face."}, {"date": "2020-09-25", "text": "To determine whether it is legal to play a modal double-faced card, consider only the characteristics of the face you’re playing and ignore the other face’s characteristics."}, {"date": "2020-09-25", "text": "If an effect allows you to play a specific modal double-faced card, you may cast it as a spell or play it as a land, as determined by which face you choose to play. If an effect allows you to cast (rather than “play”) a specific modal double-faced card, you can’t play it as a land."}, {"date": "2020-09-25", "text": "If an effect allows you to play a land or cast a spell from among a group of cards, you may play or cast a modal double-faced card with any face that fits the criteria of that effect."}, {"date": "2020-09-25", "text": "The converted mana cost of a modal double-faced card is based on the characteristics of the face that’s being considered. On the stack and battlefield, consider whichever face is up. In all other zones, consider only the front face. This is different than how the converted mana cost of a transforming double-faced card is determined."}, {"date": "2020-09-25", "text": "A modal double-faced card can’t be transformed or be put onto the battlefield transformed. Ignore any instruction to transform a modal double-faced card or to put one onto the battlefield transformed."}, {"date": "2020-09-25", "text": "If an effect puts a double-faced card onto the battlefield, it enters with its front face up. If that front face can’t be put onto the battlefield, it doesn’t enter the battlefield."}, {"date": "2020-09-25", "text": "If an effect instructs a player to choose a card name, the name of either face may be chosen. If that effect or a linked ability refers to a spell with the chosen name being cast and/or a land with the chosen name being played, it considers only the chosen name, not the other face’s name."}, {"date": "2020-09-25", "text": "In the Commander variant, a double-faced card’s color identity is determined by the mana costs and mana symbols in the rules text of both faces combined. If either face has a color indicator or basic land type, those are also considered."}], "securityStamp": "oval", "setCode": "SLU", "side": "b", "subtypes": [], "supertypes": [], "text": "{T}: Add {W}.", "type": "Land", "types": ["Land"], "uuid": "01c0aa6a-e34e-5e5d-a050-a401b16b5273"}, {"artist": "Yeong-Hao Han", "availability": ["paper"], "borderColor": "borderless", "colorIdentity": ["R", "U"], "colors": [], "convertedManaCost": 0.0, "edhrecRank": 503, "faceName": "Riverglide Pathway", "finishes": ["foil"], "foreignData": [], "frameVersion": "2015", "hasFoil": true, "hasNonFoil": false, "identifiers": {"cardKingdomFoilId": "240076", "cardsphereId": "77399", "mcmId": "562332", "mcmMetaId": "316084", "mtgjsonV4Id": "d90cae7d-2a3c-5aea-a427-b27c316b1a02", "scryfallId": "13595b5d-5b78-4d63-89ae-02837693ba46", "scryfallIllustrationId": "b7c05b0a-b96c-4bff-bc6d-d2c57c57ad3c", "scryfallOracleId": "4924b3a4-a218-4783-8a4d-82361fdecc78", "tcgplayerProductId": "230411"}, "isReprint": true, "isStarter": true, "language": "English", "layout": "modal_dfc", "legalities": {"alchemy": "Legal", "brawl": "Legal", "commander": "Legal", "duel": "Legal", "explorer": "Legal", "future": "Legal", "gladiator": "Legal", "historic": "Legal", "historicbrawl": "Legal", "legacy": "Legal", "modern": "Legal", "pioneer": "Legal", "standard": "Legal", "vintage": "Legal"}, "manaValue": 0.0, "name": "Riverglide Pathway // Lavaglide Pathway", "number": "20", "originalReleaseDate": "2021-03-05", "otherFaceIds": ["f7a66370-9a59-542c-8444-38362b9a4dd9"], "printings": ["PRM", "PZNR", "SLU", "ZNR"], "purchaseUrls": {"cardKingdomFoil": "https://mtgjson.com/links/3e92b95cfea3e682", "cardmarket": "https://mtgjson.com/links/4189063a175b9fcd", "tcgplayer": "https://mtgjson.com/links/7ce2becf85aea2b9"}, "rarity": "rare", "rulings": [{"date": "2020-09-25", "text": "A modal double-faced card can’t be transformed or be put onto the battlefield transformed. Ignore any instruction to transform a modal double-faced card or to put one onto the battlefield transformed."}, {"date": "2020-09-25", "text": "If an effect puts a double-faced card onto the battlefield, it enters with its front face up. If that front face can’t be put onto the battlefield, it doesn’t enter the battlefield."}, {"date": "2020-09-25", "text": "There is a single triangle icon in the top left corner of the front face. There is a double triangle icon in the top left corner of the back face."}, {"date": "2020-09-25", "text": "To determine whether it is legal to play a modal double-faced card, consider only the characteristics of the face you’re playing and ignore the other face’s characteristics."}, {"date": "2020-09-25", "text": "If an effect allows you to play a specific modal double-faced card, you may cast it as a spell or play it as a land, as determined by which face you choose to play. If an effect allows you to cast (rather than “play”) a specific modal double-faced card, you can’t play it as a land."}, {"date": "2020-09-25", "text": "If an effect allows you to play a land or cast a spell from among a group of cards, you may play or cast a modal double-faced card with any face that fits the criteria of that effect."}, {"date": "2020-09-25", "text": "The converted mana cost of a modal double-faced card is based on the characteristics of the face that’s being considered. On the stack and battlefield, consider whichever face is up. In all other zones, consider only the front face. This is different than how the converted mana cost of a transforming double-faced card is determined."}, {"date": "2020-09-25", "text": "If an effect instructs a player to choose a card name, the name of either face may be chosen. If that effect or a linked ability refers to a spell with the chosen name being cast and/or a land with the chosen name being played, it considers only the chosen name, not the other face’s name."}, {"date": "2020-09-25", "text": "In the Commander variant, a double-faced card’s color identity is determined by the mana costs and mana symbols in the rules text of both faces combined. If either face has a color indicator or basic land type, those are also considered."}], "securityStamp": "oval", "setCode": "SLU", "side": "a", "subtypes": [], "supertypes": [], "text": "{T}: Add {U}.", "type": "Land", "types": ["Land"], "uuid": "a177c062-e62d-58a3-95d7-2361240bc582"}, {"artist": "Yeong-Hao Han", "availability": ["paper"], "borderColor": "borderless", "colorIdentity": ["R", "U"], "colors": [], "convertedManaCost": 0.0, "edhrecRank": 503, "faceName": "Lavaglide Pathway", "finishes": ["foil"], "foreignData": [], "frameVersion": "2015", "hasFoil": true, "hasNonFoil": false, "identifiers": {"cardsphereId": "77399", "mcmId": "562332", "mcmMetaId": "316084", "mtgjsonV4Id": "34c3a39f-7907-526f-9383-581cee9fd94b", "scryfallId": "13595b5d-5b78-4d63-89ae-02837693ba46", "scryfallIllustrationId": "d5a85b8c-966e-44fc-809f-4f1bbb9d2199", "scryfallOracleId": "4924b3a4-a218-4783-8a4d-82361fdecc78", "tcgplayerProductId": "230411"}, "isReprint": true, "isStarter": true, "language": "English", "layout": "modal_dfc", "legalities": {"alchemy": "Legal", "brawl": "Legal", "commander": "Legal", "duel": "Legal", "explorer": "Legal", "future": "Legal", "gladiator": "Legal", "historic": "Legal", "historicbrawl": "Legal", "legacy": "Legal", "modern": "Legal", "pioneer": "Legal", "standard": "Legal", "vintage": "Legal"}, "manaValue": 0.0, "name": "Riverglide Pathway // Lavaglide Pathway", "number": "20", "originalReleaseDate": "2021-03-05", "otherFaceIds": ["a177c062-e62d-58a3-95d7-2361240bc582"], "printings": ["PRM", "PZNR", "SLU", "ZNR"], "purchaseUrls": {"cardmarket": "https://mtgjson.com/links/5f2214dc19de0de7", "tcgplayer": "https://mtgjson.com/links/bbc5cebed9dd0c98"}, "rarity": "rare", "rulings": [{"date": "2020-09-25", "text": "A modal double-faced card can’t be transformed or be put onto the battlefield transformed. Ignore any instruction to transform a modal double-faced card or to put one onto the battlefield transformed."}, {"date": "2020-09-25", "text": "If an effect puts a double-faced card onto the battlefield, it enters with its front face up. If that front face can’t be put onto the battlefield, it doesn’t enter the battlefield."}, {"date": "2020-09-25", "text": "There is a single triangle icon in the top left corner of the front face. There is a double triangle icon in the top left corner of the back face."}, {"date": "2020-09-25", "text": "To determine whether it is legal to play a modal double-faced card, consider only the characteristics of the face you’re playing and ignore the other face’s characteristics."}, {"date": "2020-09-25", "text": "If an effect allows you to play a specific modal double-faced card, you may cast it as a spell or play it as a land, as determined by which face you choose to play. If an effect allows you to cast (rather than “play”) a specific modal double-faced card, you can’t play it as a land."}, {"date": "2020-09-25", "text": "If an effect allows you to play a land or cast a spell from among a group of cards, you may play or cast a modal double-faced card with any face that fits the criteria of that effect."}, {"date": "2020-09-25", "text": "The converted mana cost of a modal double-faced card is based on the characteristics of the face that’s being considered. On the stack and battlefield, consider whichever face is up. In all other zones, consider only the front face. This is different than how the converted mana cost of a transforming double-faced card is determined."}, {"date": "2020-09-25", "text": "If an effect instructs a player to choose a card name, the name of either face may be chosen. If that effect or a linked ability refers to a spell with the chosen name being cast and/or a land with the chosen name being played, it considers only the chosen name, not the other face’s name."}, {"date": "2020-09-25", "text": "In the Commander variant, a double-faced card’s color identity is determined by the mana costs and mana symbols in the rules text of both faces combined. If either face has a color indicator or basic land type, those are also considered."}], "securityStamp": "oval", "setCode": "SLU", "side": "b", "subtypes": [], "supertypes": [], "text": "{T}: Add {R}.", "type": "Land", "types": ["Land"], "uuid": "f7a66370-9a59-542c-8444-38362b9a4dd9"}, {"artist": "Chris Ostrowski", "availability": ["paper"], "borderColor": "black", "colorIdentity": [], "colors": [], "convertedManaCost": 0.0, "edhrecRank": 971, "finishes": ["foil"], "foreignData": [], "frameVersion": "2015", "hasFoil": true, "hasNonFoil": false, "identifiers": {"cardKingdomFoilId": "246044", "cardsphereId": "77437", "mcmId": "569074", "mtgjsonV4Id": "2d9820b0-e7b5-55a7-8297-7f7a0f1b751d", "scryfallId": "a5d05ff7-78d4-45d9-8fd7-ec0468528ac7", "scryfallIllustrationId": "190761ca-41d6-49d5-93b5-9b405005748a", "scryfallOracleId": "393a254f-be31-431a-9341-a51286f8cbce", "tcgplayerProductId": "238536"}, "isReprint": true, "isStarter": true, "language": "English", "layout": "normal", "legalities": {"commander": "Legal", "duel": "Legal", "explorer": "Legal", "gladiator": "Legal", "historic": "Legal", "historicbrawl": "Legal", "legacy": "Legal", "modern": "Legal", "pioneer": "Legal", "vintage": "Legal"}, "manaValue": 0.0, "name": "Blast Zone", "number": "504", "printings": ["PWAR", "SLU", "WAR"], "purchaseUrls": {"cardKingdomFoil": "https://mtgjson.com/links/5efa9db0a6be782f", "tcgplayer": "https://mtgjson.com/links/3870bb056ae4b960"}, "rarity": "rare", "rulings": [{"date": "2019-05-03", "text": "If a permanent has {X} in its mana cost, X is considered to be 0."}, {"date": "2019-05-03", "text": "An activation cost of {X}{X} means that you pay twice X. If you want X to be 3, you pay {6} to activate Blast Zone’s ability."}, {"date": "2019-05-03", "text": "Tokens that aren’t a copy of something else don’t have a mana cost. Anything without a mana cost normally has a mana value of 0."}], "securityStamp": "oval", "setCode": "SLU", "subtypes": [], "supertypes": [], "text": "Blast Zone enters the battlefield with a charge counter on it.\n{T}: Add {C}.\n{X}{X}, {T}: Put X charge counters on Blast Zone.\n{3}, {T}, Sacrifice Blast Zone: Destroy each nonland permanent with mana value equal to the number of charge counters on Blast Zone.", "type": "Land", "types": ["Land"], "uuid": "efe1023e-7c03-53a4-8788-cc70ee739cbe"}], "code": "SLU", "isFoilOnly": false, "isOnlineOnly": false, "keyruneCode": "PMEI", "mcmId": 3068, "mcmName": "Secret Lair: Ultimate Edition", "name": "Secret Lair: Ultimate Edition", "parentCode": "SLD", "releaseDate": "2020-05-29", "sealedProduct": [{"identifiers": {"tcgplayerProductId": "210718"}, "name": "Secret Lair Ultimate Edition Box", "purchaseUrls": {"tcgplayer": "https://mtgjson.com/links/25f7d979ac94b61d"}, "releaseDate": "2020-06-12", "uuid": "15d21c4b-3284-5753-abc2-dfd4608faacc"}, {"identifiers": {"tcgplayerProductId": "230386"}, "name": "Secret Lair Ultimate Edition 2 Box Black", "purchaseUrls": {"tcgplayer": "https://mtgjson.com/links/cdc6cd7a6900b0dc"}, "releaseDate": null, "uuid": "ea7cd4b5-35cf-5181-a435-b141a26ebd6e"}, {"identifiers": {"tcgplayerProductId": "230482"}, "name": "Secret Lair Ultimate Edition 2 Box Grey", "purchaseUrls": {"tcgplayer": "https://mtgjson.com/links/e49bfaa57ae17a0f"}, "releaseDate": null, "uuid": "bf150e2b-244d-5224-b4c1-87973513b0ed"}], "tcgplayerGroupId": 2632, "tokens": [], "totalSetSize": 26, "translations": {}, "type": "box"}}