{"meta": {"date": "2022-05-26", "version": "5.2.0+20220526"}, "data": {"baseSetSize": 0, "block": "Innistrad: Double Feature", "cards": [], "code": "SMID", "isFoilOnly": false, "isOnlineOnly": false, "keyruneCode": "MID", "name": "Innistrad: Midnight Hunt Substitute Cards", "parentCode": "MID", "releaseDate": "2021-09-24", "tokens": [{"artist": "Donato Giancola", "availability": ["paper"], "borderColor": "black", "colorIdentity": [], "colors": [], "finishes": ["nonfoil", "foil"], "frameVersion": "2015", "hasFoil": true, "hasNonFoil": true, "identifiers": {"mtgjsonV4Id": "4864d440-3249-5b0c-a5ea-57350fbcd703", "scryfallId": "507e152c-50b6-4cd7-b979-a9558219c28b", "scryfallIllustrationId": "030576e3-03a2-444c-aa79-55190c1d70de", "scryfallOracleId": "cb5ca670-a50e-4c73-879a-8dc0aa2cbd9f"}, "isReprint": true, "language": "English", "layout": "token", "name": "Double-Faced Substitute Card", "number": "1", "reverseRelated": [], "setCode": "SMID", "subtypes": [], "supertypes": [], "text": "(You can use this card to represent a double-faced card.)", "type": "Card", "types": ["Card"], "uuid": "7ce1401f-e0c8-55e6-8f11-20fe671fdd41"}, {"artist": "Donato Giancola", "availability": ["paper"], "borderColor": "black", "colorIdentity": [], "colors": [], "finishes": ["nonfoil"], "frameVersion": "2015", "hasFoil": false, "hasNonFoil": true, "identifiers": {"mtgjsonV4Id": "323c25b3-4a21-514a-9539-ee6e6e720b7c", "scryfallId": "8a38406b-a658-41c0-bcb2-7b680c0f76c8", "scryfallIllustrationId": "3345633b-d073-42ec-9ac9-fa1b50faecf6", "scryfallOracleId": "cb5ca670-a50e-4c73-879a-8dc0aa2cbd9f"}, "isReprint": true, "language": "English", "layout": "token", "name": "Double-Faced Substitute Card", "number": "2", "reverseRelated": [], "setCode": "SMID", "subtypes": [], "supertypes": [], "text": "(You can use this card to represent a double-faced card.)", "type": "Card", "types": ["Card"], "uuid": "9502ddee-a3f2-538a-a27c-482dd09c1eb7"}, {"artist": "Donato Giancola", "availability": ["paper"], "borderColor": "black", "colorIdentity": [], "colors": [], "finishes": ["nonfoil"], "frameVersion": "2015", "hasFoil": false, "hasNonFoil": true, "identifiers": {"mtgjsonV4Id": "c80ec3f4-b90f-5a26-a2f5-e38147583a3f", "scryfallId": "0a44065d-0f0b-4fef-b8a1-364555bc6899", "scryfallIllustrationId": "a3880902-dcc9-4232-8f8a-3512f156c56b", "scryfallOracleId": "cb5ca670-a50e-4c73-879a-8dc0aa2cbd9f"}, "isReprint": true, "language": "English", "layout": "token", "name": "Double-Faced Substitute Card", "number": "3", "reverseRelated": [], "setCode": "SMID", "subtypes": [], "supertypes": [], "text": "(You can use this card to represent a double-faced card.)", "type": "Card", "types": ["Card"], "uuid": "484ec9ef-50b3-57a8-904b-7c63f9267706"}, {"artist": "Donato Giancola", "availability": ["paper"], "borderColor": "black", "colorIdentity": [], "colors": [], "finishes": ["nonfoil"], "frameVersion": "2015", "hasFoil": false, "hasNonFoil": true, "identifiers": {"mtgjsonV4Id": "18ff6764-5694-51f6-9f32-8369ac477269", "scryfallId": "e21e59f8-69df-43c8-b1d1-35d68ed348f7", "scryfallIllustrationId": "2b9ecec8-c520-4302-9c58-2d1dc5e92d4c", "scryfallOracleId": "cb5ca670-a50e-4c73-879a-8dc0aa2cbd9f"}, "isReprint": true, "language": "English", "layout": "token", "name": "Double-Faced Substitute Card", "number": "4", "reverseRelated": [], "setCode": "SMID", "subtypes": [], "supertypes": [], "text": "(You can use this card to represent a double-faced card.)", "type": "Card", "types": ["Card"], "uuid": "921c8382-3ce2-5bf7-b6db-f603a0c7aa09"}, {"artist": "Donato Giancola", "availability": ["paper"], "borderColor": "black", "colorIdentity": [], "colors": [], "finishes": ["nonfoil"], "frameVersion": "2015", "hasFoil": false, "hasNonFoil": true, "identifiers": {"mtgjsonV4Id": "578679bb-eaaa-5ca2-a26b-d7838a83d2b9", "scryfallId": "c6b83c02-d7d2-46e1-9ac1-e70839dce073", "scryfallIllustrationId": "c466ef88-cc93-41e5-8e8d-cf7d1e9e83dc", "scryfallOracleId": "cb5ca670-a50e-4c73-879a-8dc0aa2cbd9f"}, "isReprint": true, "language": "English", "layout": "token", "name": "Double-Faced Substitute Card", "number": "5", "reverseRelated": [], "setCode": "SMID", "subtypes": [], "supertypes": [], "text": "(You can use this card to represent a double-faced card.)", "type": "Card", "types": ["Card"], "uuid": "4b8bce7a-8e79-5ae9-8be1-19f986f6f1cd"}, {"artist": "Donato Giancola", "availability": ["paper"], "borderColor": "black", "colorIdentity": [], "colors": [], "finishes": ["nonfoil"], "frameVersion": "2015", "hasFoil": false, "hasNonFoil": true, "identifiers": {"mtgjsonV4Id": "2ce6e312-c62c-5823-97a1-64d1e7786eee", "scryfallId": "7269c6b8-e06d-47b9-b34c-035359f4d996", "scryfallIllustrationId": "c5b54aac-c44f-4f12-b246-d874013ee033", "scryfallOracleId": "cb5ca670-a50e-4c73-879a-8dc0aa2cbd9f"}, "isReprint": true, "language": "English", "layout": "token", "name": "Double-Faced Substitute Card", "number": "6", "reverseRelated": [], "setCode": "SMID", "subtypes": [], "supertypes": [], "text": "(You can use this card to represent a double-faced card.)", "type": "Card", "types": ["Card"], "uuid": "0aa0bcd4-beb6-504a-9c00-2f469b621b15"}, {"artist": "Donato Giancola", "availability": ["paper"], "borderColor": "black", "colorIdentity": [], "colors": [], "finishes": ["nonfoil"], "frameVersion": "2015", "hasFoil": false, "hasNonFoil": true, "identifiers": {"mtgjsonV4Id": "b48e16cc-2f75-5bd4-9b32-1464ac2e764b", "scryfallId": "9ad9a3a4-704a-462f-bc25-577973370641", "scryfallIllustrationId": "c894aa3a-4911-4fae-973a-709f5104b2e8", "scryfallOracleId": "cb5ca670-a50e-4c73-879a-8dc0aa2cbd9f"}, "isReprint": true, "language": "English", "layout": "token", "name": "Double-Faced Substitute Card", "number": "7", "reverseRelated": [], "setCode": "SMID", "subtypes": [], "supertypes": [], "text": "(You can use this card to represent a double-faced card.)", "type": "Card", "types": ["Card"], "uuid": "c1a89ee1-8ef9-5561-90c5-8488d2994f09"}, {"artist": "Donato Giancola", "availability": ["paper"], "borderColor": "black", "colorIdentity": [], "colors": [], "finishes": ["nonfoil"], "frameVersion": "2015", "hasFoil": false, "hasNonFoil": true, "identifiers": {"mtgjsonV4Id": "88b7c7e3-5521-5c75-a4c9-489b400cea2e", "scryfallId": "cbc911bd-e319-4fbc-8a82-e50d3efc8fd2", "scryfallIllustrationId": "d85ea3ad-d65f-4e16-bcf3-a08e02856f48", "scryfallOracleId": "cb5ca670-a50e-4c73-879a-8dc0aa2cbd9f"}, "isReprint": true, "language": "English", "layout": "token", "name": "Double-Faced Substitute Card", "number": "8", "reverseRelated": [], "setCode": "SMID", "subtypes": [], "supertypes": [], "text": "(You can use this card to represent a double-faced card.)", "type": "Card", "types": ["Card"], "uuid": "5c0dcf6f-80f5-53d6-a105-7a48d2202a2d"}, {"artist": "Donato Giancola", "availability": ["paper"], "borderColor": "black", "colorIdentity": [], "colors": [], "finishes": ["nonfoil"], "frameVersion": "2015", "hasFoil": false, "hasNonFoil": true, "identifiers": {"mtgjsonV4Id": "a9669e99-6cf0-5942-9893-4445689e8c3b", "scryfallId": "cae3c890-051a-4753-b432-4d917feefdbb", "scryfallIllustrationId": "e1178c77-9a98-42b4-93f2-2813021ddc6e", "scryfallOracleId": "cb5ca670-a50e-4c73-879a-8dc0aa2cbd9f"}, "isReprint": true, "language": "English", "layout": "token", "name": "Double-Faced Substitute Card", "number": "9", "reverseRelated": [], "setCode": "SMID", "subtypes": [], "supertypes": [], "text": "(You can use this card to represent a double-faced card.)", "type": "Card", "types": ["Card"], "uuid": "5e712662-3e6d-5c94-8286-64d8df7e53a2"}], "totalSetSize": 0, "translations": {}, "type": "token"}}