{"meta": {"date": "2022-05-26", "version": "5.2.0+20220526"}, "data": {"baseSetSize": 0, "cards": [], "code": "SSTX", "isFoilOnly": false, "isOnlineOnly": false, "keyruneCode": "STX", "name": "Strixhaven: School of Mages Substitute Cards", "parentCode": "STX", "releaseDate": "2021-04-23", "tokens": [{"artist": "Piotr Dura", "availability": ["paper"], "borderColor": "black", "colorIdentity": [], "colors": [], "finishes": ["nonfoil", "foil"], "frameVersion": "2015", "hasFoil": true, "hasNonFoil": true, "identifiers": {"mtgjsonV4Id": "5d4dfd07-7041-5047-9c92-dced28186759", "scryfallId": "061c8006-3941-4eab-8ed9-577adee8f317", "scryfallIllustrationId": "c2a0c4f5-0a2e-43f7-8a15-1590353e699b", "scryfallOracleId": "cb5ca670-a50e-4c73-879a-8dc0aa2cbd9f"}, "isReprint": true, "language": "English", "layout": "token", "name": "Double-Faced Substitute Card", "number": "1", "reverseRelated": [], "setCode": "SSTX", "subtypes": [], "supertypes": [], "text": "(You can use this card to represent a double-faced card.)", "type": "Card", "types": ["Card"], "uuid": "c80569c8-6c53-51e5-8be2-98b8db258b0e"}, {"artist": "Piotr Dura", "availability": ["paper"], "borderColor": "black", "colorIdentity": [], "colors": [], "finishes": ["nonfoil", "foil"], "frameVersion": "2015", "hasFoil": true, "hasNonFoil": true, "identifiers": {"mtgjsonV4Id": "6062414b-bdf3-5b47-adde-f3660aeb9731", "scryfallId": "79007612-423a-4303-8c5e-3544cda39bc6", "scryfallIllustrationId": "919601a2-185a-4a15-8d62-732f6bef1557", "scryfallOracleId": "cb5ca670-a50e-4c73-879a-8dc0aa2cbd9f"}, "isReprint": true, "language": "English", "layout": "token", "name": "Double-Faced Substitute Card", "number": "2", "reverseRelated": [], "setCode": "SSTX", "subtypes": [], "supertypes": [], "text": "(You can use this card to represent a double-faced card.)", "type": "Card", "types": ["Card"], "uuid": "050d7c9b-b8da-5246-9633-e2a6db1c8bfe"}, {"artist": "Piotr Dura", "availability": ["paper"], "borderColor": "black", "colorIdentity": [], "colors": [], "finishes": ["nonfoil", "foil"], "frameVersion": "2015", "hasFoil": true, "hasNonFoil": true, "identifiers": {"mtgjsonV4Id": "3a84e5f1-1871-554d-ab4c-18524c8c68a9", "scryfallId": "c839f6d6-e7c8-4ad7-8e03-c12fd35339c2", "scryfallIllustrationId": "cb3a37d1-403b-4a8d-bc3c-b938fcfffa4a", "scryfallOracleId": "cb5ca670-a50e-4c73-879a-8dc0aa2cbd9f"}, "isReprint": true, "language": "English", "layout": "token", "name": "Double-Faced Substitute Card", "number": "3", "reverseRelated": [], "setCode": "SSTX", "subtypes": [], "supertypes": [], "text": "(You can use this card to represent a double-faced card.)", "type": "Card", "types": ["Card"], "uuid": "efaf2acc-1443-5723-87ae-75a5f0a649db"}, {"artist": "Piotr Dura", "availability": ["paper"], "borderColor": "black", "colorIdentity": [], "colors": [], "finishes": ["nonfoil", "foil"], "frameVersion": "2015", "hasFoil": true, "hasNonFoil": true, "identifiers": {"mtgjsonV4Id": "0f5fcd7b-9685-54ef-9cb0-b400908b595a", "scryfallId": "46e36134-52b0-4002-ae6f-cff998e60bd4", "scryfallIllustrationId": "9fabcc56-d804-4e63-9a9f-4d28016ebac9", "scryfallOracleId": "cb5ca670-a50e-4c73-879a-8dc0aa2cbd9f"}, "isReprint": true, "language": "English", "layout": "token", "name": "Double-Faced Substitute Card", "number": "4", "reverseRelated": [], "setCode": "SSTX", "subtypes": [], "supertypes": [], "text": "(You can use this card to represent a double-faced card.)", "type": "Card", "types": ["Card"], "uuid": "7ccee7f1-0fac-5fe1-b900-54a4b0bb80e2"}, {"artist": "Piotr Dura", "availability": ["paper"], "borderColor": "black", "colorIdentity": [], "colors": [], "finishes": ["nonfoil", "foil"], "frameVersion": "2015", "hasFoil": true, "hasNonFoil": true, "identifiers": {"mtgjsonV4Id": "00cf7abf-22e9-5a21-970d-e015aff0fcc0", "scryfallId": "4b51adb9-a0cf-43a6-93a7-c2e0be1fceb6", "scryfallIllustrationId": "c198fca2-0437-48be-8460-743b4626e592", "scryfallOracleId": "cb5ca670-a50e-4c73-879a-8dc0aa2cbd9f"}, "isReprint": true, "language": "English", "layout": "token", "name": "Double-Faced Substitute Card", "number": "5", "reverseRelated": [], "setCode": "SSTX", "subtypes": [], "supertypes": [], "text": "(You can use this card to represent a double-faced card.)", "type": "Card", "types": ["Card"], "uuid": "308a88c8-8c36-571c-a11f-92ab8b1185ce"}, {"artist": "Piotr Dura", "availability": ["paper"], "borderColor": "black", "colorIdentity": [], "colors": [], "finishes": ["nonfoil", "foil"], "frameVersion": "2015", "hasFoil": true, "hasNonFoil": true, "identifiers": {"mtgjsonV4Id": "241db959-1fa5-5173-a365-e3d17d350d12", "scryfallId": "bb81a236-460c-4f49-a202-edcb7eab8d15", "scryfallIllustrationId": "5a7a73bd-ffbf-40b5-ac88-b825926ba0d7", "scryfallOracleId": "cb5ca670-a50e-4c73-879a-8dc0aa2cbd9f"}, "isReprint": true, "language": "English", "layout": "token", "name": "Double-Faced Substitute Card", "number": "6", "reverseRelated": [], "setCode": "SSTX", "subtypes": [], "supertypes": [], "text": "(You can use this card to represent a double-faced card.)", "type": "Card", "types": ["Card"], "uuid": "14a183a2-4cce-554a-a9c0-405ab12d6c48"}, {"artist": "Piotr Dura", "availability": ["paper"], "borderColor": "black", "colorIdentity": [], "colors": [], "finishes": ["nonfoil", "foil"], "frameVersion": "2015", "hasFoil": true, "hasNonFoil": true, "identifiers": {"mtgjsonV4Id": "d7da98f2-6536-5f25-9b09-56b85862573e", "scryfallId": "a4a26a66-5948-4092-b5ef-1fe578415093", "scryfallIllustrationId": "f468a900-3d28-484e-bdca-333b855e6120", "scryfallOracleId": "cb5ca670-a50e-4c73-879a-8dc0aa2cbd9f"}, "isReprint": true, "language": "English", "layout": "token", "name": "Double-Faced Substitute Card", "number": "7", "reverseRelated": [], "setCode": "SSTX", "subtypes": [], "supertypes": [], "text": "(You can use this card to represent a double-faced card.)", "type": "Card", "types": ["Card"], "uuid": "058df91c-4113-59dc-be42-0b28a71d9410"}, {"artist": "Piotr Dura", "availability": ["paper"], "borderColor": "black", "colorIdentity": [], "colors": [], "finishes": ["nonfoil", "foil"], "frameVersion": "2015", "hasFoil": true, "hasNonFoil": true, "identifiers": {"mtgjsonV4Id": "1dca079e-12e3-579c-b5d3-798e7522c2dc", "scryfallId": "c2dfee13-6ee0-40f9-9869-8ce1609f839a", "scryfallIllustrationId": "da75e436-0d59-4b20-b5d6-847d639ae42c", "scryfallOracleId": "cb5ca670-a50e-4c73-879a-8dc0aa2cbd9f"}, "isReprint": true, "language": "English", "layout": "token", "name": "Double-Faced Substitute Card", "number": "8", "reverseRelated": [], "setCode": "SSTX", "subtypes": [], "supertypes": [], "text": "(You can use this card to represent a double-faced card.)", "type": "Card", "types": ["Card"], "uuid": "e4b9b5a3-1d09-5ed6-9b61-b5ab101cb542"}, {"artist": "Piotr Dura", "availability": ["paper"], "borderColor": "black", "colorIdentity": [], "colors": [], "finishes": ["nonfoil", "foil"], "frameVersion": "2015", "hasFoil": true, "hasNonFoil": true, "identifiers": {"mtgjsonV4Id": "8bd43247-c9bf-5c9a-b9db-506088324a11", "scryfallId": "8a62b4ad-033f-4f89-8343-0b7e1eaa680d", "scryfallIllustrationId": "428d6221-25ba-48ed-bce6-b0684562313f", "scryfallOracleId": "cb5ca670-a50e-4c73-879a-8dc0aa2cbd9f"}, "isReprint": true, "language": "English", "layout": "token", "name": "Double-Faced Substitute Card", "number": "9", "reverseRelated": [], "setCode": "SSTX", "subtypes": [], "supertypes": [], "text": "(You can use this card to represent a double-faced card.)", "type": "Card", "types": ["Card"], "uuid": "0092fe03-2169-525d-8d8f-1197b0f8f911"}], "totalSetSize": 0, "translations": {}, "type": "token"}}