{"meta": {"date": "2022-05-26", "version": "5.2.0+20220526"}, "data": {"baseSetSize": 0, "cards": [], "code": "SVOW", "isFoilOnly": false, "isNonFoilOnly": true, "isOnlineOnly": false, "keyruneCode": "VOW", "name": "Innistrad: Crimson Vow Substitute Cards", "parentCode": "VOW", "releaseDate": "2021-11-19", "tokens": [{"artist": "Johan Grenier", "availability": ["paper"], "borderColor": "black", "colorIdentity": [], "colors": [], "finishes": ["nonfoil"], "frameVersion": "2015", "hasFoil": false, "hasNonFoil": true, "identifiers": {"mtgjsonV4Id": "c13450e9-0d37-5d80-b61a-610e7e01bea4", "scryfallId": "ab45d3d9-465a-45d0-a618-fd06b0c0441a", "scryfallIllustrationId": "5ba23fd9-5cc1-46c4-9e89-8490f3f2dd06", "scryfallOracleId": "cb5ca670-a50e-4c73-879a-8dc0aa2cbd9f"}, "isReprint": true, "language": "English", "layout": "token", "name": "Double-Faced Substitute Card", "number": "1", "reverseRelated": [], "setCode": "SVOW", "subtypes": [], "supertypes": [], "text": "(You can use this card to represent a double-faced card.)", "type": "Card", "types": ["Card"], "uuid": "b6c5b6c2-9939-56f7-a4a4-1d92355d27c7"}, {"artist": "Johan Grenier", "availability": ["paper"], "borderColor": "black", "colorIdentity": [], "colors": [], "finishes": ["nonfoil"], "frameVersion": "2015", "hasFoil": false, "hasNonFoil": true, "identifiers": {"mtgjsonV4Id": "1595d355-32b0-5196-a3b8-456a1c42ff60", "scryfallId": "8d8963b7-7cad-45f4-ab30-8525629f02b0", "scryfallIllustrationId": "332872d8-6a03-44e6-ba39-0f1fb04d648a", "scryfallOracleId": "cb5ca670-a50e-4c73-879a-8dc0aa2cbd9f"}, "isReprint": true, "language": "English", "layout": "token", "name": "Double-Faced Substitute Card", "number": "2", "reverseRelated": [], "setCode": "SVOW", "subtypes": [], "supertypes": [], "text": "(You can use this card to represent a double-faced card.)", "type": "Card", "types": ["Card"], "uuid": "8b54350d-7d0b-5d44-8a61-0d10a2fe4d72"}, {"artist": "Johan Grenier", "availability": ["paper"], "borderColor": "black", "colorIdentity": [], "colors": [], "finishes": ["nonfoil"], "frameVersion": "2015", "hasFoil": false, "hasNonFoil": true, "identifiers": {"mtgjsonV4Id": "10a1d7f2-2cd0-5890-8aec-66f490ce376e", "scryfallId": "a3b03366-4697-4299-9a91-f6f78662c56e", "scryfallIllustrationId": "86140beb-31d4-4b79-8ad0-324d381be9c0", "scryfallOracleId": "cb5ca670-a50e-4c73-879a-8dc0aa2cbd9f"}, "isReprint": true, "language": "English", "layout": "token", "name": "Double-Faced Substitute Card", "number": "3", "reverseRelated": [], "setCode": "SVOW", "subtypes": [], "supertypes": [], "text": "(You can use this card to represent a double-faced card.)", "type": "Card", "types": ["Card"], "uuid": "085a1f3a-5135-55f1-98c3-094278bdd836"}, {"artist": "Johan Grenier", "availability": ["paper"], "borderColor": "black", "colorIdentity": [], "colors": [], "finishes": ["nonfoil"], "frameVersion": "2015", "hasFoil": false, "hasNonFoil": true, "identifiers": {"mtgjsonV4Id": "a53e6765-c8e9-5acb-8f31-6dfbb2b8abe5", "scryfallId": "8f8abfc8-42bc-45ed-b99b-2c96e3b109a5", "scryfallIllustrationId": "3487dd1c-81f5-4d45-a576-02d683465186", "scryfallOracleId": "cb5ca670-a50e-4c73-879a-8dc0aa2cbd9f"}, "isReprint": true, "language": "English", "layout": "token", "name": "Double-Faced Substitute Card", "number": "4", "reverseRelated": [], "setCode": "SVOW", "subtypes": [], "supertypes": [], "text": "(You can use this card to represent a double-faced card.)", "type": "Card", "types": ["Card"], "uuid": "a4a09551-a10d-5180-85cd-446ddb9a9289"}, {"artist": "Johan Grenier", "availability": ["paper"], "borderColor": "black", "colorIdentity": [], "colors": [], "finishes": ["nonfoil"], "frameVersion": "2015", "hasFoil": false, "hasNonFoil": true, "identifiers": {"mtgjsonV4Id": "3d680b58-3d51-5dbf-8bd2-48bb59b2a3d2", "scryfallId": "0b9c7110-e149-405b-9955-45367d0646ff", "scryfallIllustrationId": "6d676899-1870-43dd-b760-07edeb863c8c", "scryfallOracleId": "cb5ca670-a50e-4c73-879a-8dc0aa2cbd9f"}, "isReprint": true, "language": "English", "layout": "token", "name": "Double-Faced Substitute Card", "number": "5", "reverseRelated": [], "setCode": "SVOW", "subtypes": [], "supertypes": [], "text": "(You can use this card to represent a double-faced card.)", "type": "Card", "types": ["Card"], "uuid": "479bb73b-32ba-5296-993b-8dfec5dc9651"}, {"artist": "Johan Grenier", "availability": ["paper"], "borderColor": "black", "colorIdentity": [], "colors": [], "finishes": ["nonfoil"], "frameVersion": "2015", "hasFoil": false, "hasNonFoil": true, "identifiers": {"mtgjsonV4Id": "662d1619-a17b-5c64-bc6f-a3789a456d01", "scryfallId": "cf499812-2262-452c-8553-3ef11319d237", "scryfallIllustrationId": "632a4c00-387d-4981-b208-7e26545916aa", "scryfallOracleId": "cb5ca670-a50e-4c73-879a-8dc0aa2cbd9f"}, "isReprint": true, "language": "English", "layout": "token", "name": "Double-Faced Substitute Card", "number": "6", "reverseRelated": [], "setCode": "SVOW", "subtypes": [], "supertypes": [], "text": "(You can use this card to represent a double-faced card.)", "type": "Card", "types": ["Card"], "uuid": "7a7f5590-a48c-56da-84d6-0d4ca6f3673e"}, {"artist": "Johan Grenier", "availability": ["paper"], "borderColor": "black", "colorIdentity": [], "colors": [], "finishes": ["nonfoil"], "frameVersion": "2015", "hasFoil": false, "hasNonFoil": true, "identifiers": {"mtgjsonV4Id": "4d6b10e2-592e-5709-bc8c-4f3af1308684", "scryfallId": "521deca0-b00a-4269-bbb4-966f338a8341", "scryfallIllustrationId": "fb6d0d79-0662-4481-b750-d13fa34f2c1f", "scryfallOracleId": "cb5ca670-a50e-4c73-879a-8dc0aa2cbd9f"}, "isReprint": true, "language": "English", "layout": "token", "name": "Double-Faced Substitute Card", "number": "7", "reverseRelated": [], "setCode": "SVOW", "subtypes": [], "supertypes": [], "text": "(You can use this card to represent a double-faced card.)", "type": "Card", "types": ["Card"], "uuid": "a6be1978-80e2-5688-9d71-254bf6c77bdd"}, {"artist": "Johan Grenier", "availability": ["paper"], "borderColor": "black", "colorIdentity": [], "colors": [], "finishes": ["nonfoil"], "frameVersion": "2015", "hasFoil": false, "hasNonFoil": true, "identifiers": {"mtgjsonV4Id": "1be404b8-b3a8-51d2-837e-0a1a98431664", "scryfallId": "43805099-439c-45e0-b1cd-cd186abb1f97", "scryfallIllustrationId": "06dd4a5c-5292-4e7c-b9a7-13ca4afc345c", "scryfallOracleId": "cb5ca670-a50e-4c73-879a-8dc0aa2cbd9f"}, "isReprint": true, "language": "English", "layout": "token", "name": "Double-Faced Substitute Card", "number": "8", "reverseRelated": [], "setCode": "SVOW", "subtypes": [], "supertypes": [], "text": "(You can use this card to represent a double-faced card.)", "type": "Card", "types": ["Card"], "uuid": "124fdbf9-809b-5575-9c80-9f668a3a15bd"}, {"artist": "Johan Grenier", "availability": ["paper"], "borderColor": "black", "colorIdentity": [], "colors": [], "finishes": ["nonfoil"], "frameVersion": "2015", "hasFoil": false, "hasNonFoil": true, "identifiers": {"mtgjsonV4Id": "3071b77e-6906-50b8-a14d-29d3fffaa42a", "scryfallId": "23855eb6-7c24-429d-9d30-12e34a784c84", "scryfallIllustrationId": "10cf56ea-e71e-448b-b6db-c51689cc80f4", "scryfallOracleId": "cb5ca670-a50e-4c73-879a-8dc0aa2cbd9f"}, "isReprint": true, "language": "English", "layout": "token", "name": "Double-Faced Substitute Card", "number": "9", "reverseRelated": [], "setCode": "SVOW", "subtypes": [], "supertypes": [], "text": "(You can use this card to represent a double-faced card.)", "type": "Card", "types": ["Card"], "uuid": "26451bbc-9e29-5463-9a8f-476abd2771dc"}], "totalSetSize": 0, "translations": {}, "type": "token"}}