{"meta": {"date": "2022-05-26", "version": "5.2.0+20220526"}, "data": {"baseSetSize": 15, "block": "Theros", "cards": [{"artist": "Willian Murai", "availability": ["paper"], "borderColor": "black", "colorIdentity": [], "colors": [], "convertedManaCost": 0.0, "finishes": ["nonfoil"], "foreignData": [], "frameVersion": "2003", "hasFoil": false, "hasNonFoil": true, "identifiers": {"mtgjsonV4Id": "779e29fd-f233-52cc-853c-6275c5abcc3c", "scryfallId": "6eaba998-11dc-4a0c-a755-4332f22e6dfc", "scryfallIllustrationId": "c0516840-e15e-4cda-b82c-5de1abb782a7", "scryfallOracleId": "58d40557-159b-4633-bc7b-294299c0aef3", "tcgplayerProductId": "231422"}, "isStarter": true, "language": "English", "layout": "normal", "legalities": {}, "manaValue": 0.0, "name": "Impulsive Charge", "number": "8", "printings": ["TDAG"], "promoTypes": ["instore"], "purchaseUrls": {"tcgplayer": "https://mtgjson.com/links/8803b45bcf750067"}, "rarity": "common", "rulings": [], "setCode": "TDAG", "subtypes": [], "supertypes": [], "text": "At the beginning of combat this turn, all Revelers gain haste until end of turn and attack this combat if able.", "type": "Sorcery", "types": ["Sorcery"], "uuid": "d584d51c-3ec2-541f-9b9c-f0a614cb50d9"}, {"artist": "Zoltan Boros", "availability": ["paper"], "borderColor": "black", "colorIdentity": [], "colors": [], "convertedManaCost": 0.0, "finishes": ["nonfoil"], "foreignData": [], "frameVersion": "2003", "hasFoil": false, "hasNonFoil": true, "identifiers": {"mtgjsonV4Id": "54a821fb-87b2-5716-b6c2-9b40505c4afb", "scryfallId": "8262a9f7-010a-4fc0-bcb6-86b2b1253000", "scryfallIllustrationId": "cdbf4327-caf7-42d9-8d86-9afa592e3a18", "scryfallOracleId": "f6ea7f86-3d0f-4c78-ae02-c5804c8769eb", "tcgplayerProductId": "231423"}, "isStarter": true, "language": "English", "layout": "normal", "legalities": {}, "manaValue": 0.0, "name": "Impulsive Destruction", "number": "9", "printings": ["TDAG"], "promoTypes": ["instore"], "purchaseUrls": {"tcgplayer": "https://mtgjson.com/links/8af0f788115cb602"}, "rarity": "common", "rulings": [], "setCode": "TDAG", "subtypes": [], "supertypes": [], "text": "Each player may sacrifice an artifact or enchantment. Impulsive Destruction deals 3 damage to each player who didn't sacrifice a permanent this way.", "type": "Sorcery", "types": ["Sorcery"], "uuid": "50e0953a-5b6c-50c3-8d27-7cd358bfe3d2"}, {"artist": "Cyril Van Der Haegen", "availability": ["paper"], "borderColor": "black", "colorIdentity": [], "colors": [], "convertedManaCost": 0.0, "finishes": ["nonfoil"], "foreignData": [], "frameVersion": "2003", "hasFoil": false, "hasNonFoil": true, "identifiers": {"mtgjsonV4Id": "2bfe491b-a541-5096-84eb-cdadf826bfd7", "scryfallId": "b52d516f-d425-49f1-99cc-17f743aa41b2", "scryfallIllustrationId": "f5acd9f5-8908-4015-a829-0937098556e2", "scryfallOracleId": "1707b790-7f0a-43e4-941f-dea40e51080a", "tcgplayerProductId": "231424"}, "isStarter": true, "language": "English", "layout": "normal", "legalities": {}, "manaValue": 0.0, "name": "Impulsive Return", "number": "10", "printings": ["TDAG"], "promoTypes": ["instore"], "purchaseUrls": {"tcgplayer": "https://mtgjson.com/links/9db4f53bafd890e3"}, "rarity": "common", "rulings": [], "setCode": "TDAG", "subtypes": [], "supertypes": [], "text": "Return two cards named Ecstatic Piper from Xenagos's graveyard to the battlefield. At the beginning of combat this turn, Impulsive Return deals damage to each player equal to the number of Revelers on the battlefield.", "type": "Sorcery", "types": ["Sorcery"], "uuid": "659e505a-460d-55e7-afc0-45b3c62fe685"}, {"artist": "Kev Walker", "availability": ["paper"], "borderColor": "black", "colorIdentity": [], "colors": [], "convertedManaCost": 0.0, "finishes": ["nonfoil"], "foreignData": [], "frameVersion": "2003", "hasFoil": false, "hasNonFoil": true, "identifiers": {"mtgjsonV4Id": "3c133bf0-0a2e-508e-81f0-da0ee011bc66", "scryfallId": "33307f9a-9c09-402a-9c76-a0a76b3a9a6a", "scryfallIllustrationId": "e369bb57-fce8-4012-9059-68585638e88b", "scryfallOracleId": "f6ffb133-cecd-4dd1-848c-5956f5bef70d", "tcgplayerProductId": "231425"}, "isStarter": true, "language": "English", "layout": "normal", "legalities": {}, "manaValue": 0.0, "name": "Rip to Pieces", "number": "11", "printings": ["TDAG"], "promoTypes": ["instore"], "purchaseUrls": {"tcgplayer": "https://mtgjson.com/links/3fa2a86c75307f3c"}, "rarity": "common", "rulings": [], "setCode": "TDAG", "subtypes": [], "supertypes": [], "text": "At the beginning of combat this turn, each Reveler deals 1 damage to each player and each creature those players control.", "type": "Sorcery", "types": ["Sorcery"], "uuid": "21501861-2f4c-5881-b145-10d5cd0dbbec"}, {"artist": "Lucas Graciano", "availability": ["paper"], "borderColor": "black", "colorIdentity": [], "colors": [], "convertedManaCost": 0.0, "finishes": ["nonfoil"], "foreignData": [], "frameVersion": "2003", "hasFoil": false, "hasNonFoil": true, "identifiers": {"mtgjsonV4Id": "50e223e5-9c75-5b2b-94a6-b2611dda0aa0", "scryfallId": "d1b30dc4-9d7c-4098-87a6-f7434030a427", "scryfallIllustrationId": "bcf57280-5934-41fd-a9e9-6facea293d78", "scryfallOracleId": "8584f219-8f9e-42b3-9b81-58dd117b5910", "tcgplayerProductId": "231426"}, "isStarter": true, "language": "English", "layout": "normal", "legalities": {}, "manaValue": 0.0, "name": "Xenagos's Scorn", "number": "12", "printings": ["TDAG"], "promoTypes": ["instore"], "purchaseUrls": {"tcgplayer": "https://mtgjson.com/links/207aef2d8b89914f"}, "rarity": "common", "rulings": [], "setCode": "TDAG", "subtypes": [], "supertypes": [], "text": "Xenagos Ascended gains trample until end of turn and attacks this turn if able.", "type": "Sorcery", "types": ["Sorcery"], "uuid": "4d68d253-925d-502e-bbb7-1352efab2e27"}, {"artist": "Zoltan Boros", "availability": ["paper"], "borderColor": "black", "colorIdentity": [], "colors": [], "convertedManaCost": 0.0, "finishes": ["nonfoil"], "foreignData": [], "frameVersion": "2003", "hasFoil": false, "hasNonFoil": true, "identifiers": {"mtgjsonV4Id": "5023eaa8-a91a-50ed-aefc-705d45e47d4d", "scryfallId": "6b5fef7d-b8bb-43e2-a36b-d4cc98c3ef13", "scryfallIllustrationId": "fdccb98d-74d7-4c7b-9027-67b64c42c89f", "scryfallOracleId": "7dba798b-170c-4176-8c35-fb01778e1ff5", "tcgplayerProductId": "231427"}, "isStarter": true, "language": "English", "layout": "normal", "legalities": {}, "manaValue": 0.0, "name": "Xenagos's Strike", "number": "13", "printings": ["TDAG"], "promoTypes": ["instore"], "purchaseUrls": {"tcgplayer": "https://mtgjson.com/links/43da47b3babcc1fd"}, "rarity": "common", "rulings": [], "setCode": "TDAG", "subtypes": [], "supertypes": [], "text": "Xenagos's Strike deals 4 damage to each player.", "type": "Sorcery", "types": ["Sorcery"], "uuid": "49230c9b-c3db-55f6-9814-e709052c8043"}, {"artist": "Christopher Moeller", "availability": ["paper"], "borderColor": "black", "colorIdentity": [], "colors": [], "convertedManaCost": 0.0, "finishes": ["nonfoil"], "foreignData": [], "frameVersion": "2003", "hasFoil": false, "hasNonFoil": true, "identifiers": {"mtgjsonV4Id": "b70fd580-4ca5-52d9-89cd-9d143770bcdc", "scryfallId": "3c85c8c7-e415-411d-b1b3-edc45c0e3fb0", "scryfallIllustrationId": "998a86ae-76a5-40c5-8f02-8266c42bb23b", "scryfallOracleId": "898498e6-ff56-4b00-ab8c-f13a76a0daee", "tcgplayerProductId": "231428"}, "isStarter": true, "language": "English", "layout": "normal", "legalities": {}, "manaValue": 0.0, "name": "Dance of Flame", "number": "14", "printings": ["TDAG"], "promoTypes": ["instore"], "purchaseUrls": {"tcgplayer": "https://mtgjson.com/links/2ab1fda1cfaf0b1d"}, "rarity": "common", "rulings": [], "setCode": "TDAG", "subtypes": [], "supertypes": [], "text": "Whenever a Reveler attacks, Dance of Flame deals 1 damage to each player.", "type": "Enchantment", "types": ["Enchantment"], "uuid": "55531b19-c03b-507d-af41-69c3e919a991"}, {"artist": "Mike Bierek", "availability": ["paper"], "borderColor": "black", "colorIdentity": [], "colors": [], "convertedManaCost": 0.0, "finishes": ["nonfoil"], "foreignData": [], "frameVersion": "2003", "hasFoil": false, "hasNonFoil": true, "identifiers": {"mtgjsonV4Id": "4ba92856-5267-5e8b-a91c-6ad3ecb86174", "scryfallId": "6ce2817d-bb90-4cc0-beca-9f8af865c7a2", "scryfallIllustrationId": "23126899-c9e6-44d0-84e6-4a723ebf1392", "scryfallOracleId": "ae863ce4-e490-436c-8d13-9c6a093a2790", "tcgplayerProductId": "231429"}, "isStarter": true, "language": "English", "layout": "normal", "legalities": {}, "manaValue": 0.0, "name": "Dance of Panic", "number": "15", "printings": ["TDAG"], "promoTypes": ["instore"], "purchaseUrls": {"tcgplayer": "https://mtgjson.com/links/93575f4a9250707c"}, "rarity": "common", "rulings": [], "setCode": "TDAG", "subtypes": [], "supertypes": [], "text": "As long as five or more Revelers are on the battlefield, all Revelers have haste and attack each turn if able.", "type": "Enchantment", "types": ["Enchantment"], "uuid": "da75811f-5beb-546f-b4a6-5980974a27b4"}], "code": "TDAG", "isFoilOnly": false, "isNonFoilOnly": true, "isOnlineOnly": false, "keyruneCode": "JOU", "name": "Defeat a God", "parentCode": "JOU", "releaseDate": "2014-05-25", "tokens": [{"artist": "Tyler Jacobson", "availability": ["paper"], "borderColor": "black", "colorIdentity": [], "colors": [], "finishes": ["nonfoil"], "frameEffects": ["nyxtouched"], "frameVersion": "2003", "hasFoil": false, "hasNonFoil": true, "identifiers": {"mtgjsonV4Id": "cfdba892-7229-509a-9b3a-82e91d2a4b01", "scryfallId": "fe9dd9f0-3071-4bbd-80d2-e35b153006d7", "scryfallIllustrationId": "c3f4e7cc-c7cb-4b8c-935d-890a4b5ba470", "scryfallOracleId": "e5ec6510-ff7a-4abe-9bea-658cf40f0479"}, "language": "English", "layout": "token", "name": "Xenagos Ascended", "number": "1", "power": "6", "promoTypes": ["instore"], "reverseRelated": [], "setCode": "TDAG", "subtypes": ["God"], "supertypes": ["Legendary"], "text": "Xenagos Ascended can't leave the battlefield as long as a Reveler is on the battlefield.\nWhen Xenagos Ascended leaves the battlefield, each player wins the game.", "toughness": "5", "type": "Token Legendary Enchantment Creature — God", "types": ["Token", "Enchantment", "Creature"], "uuid": "7540a897-904b-55af-804d-9df0f53b5b17"}, {"artist": "Karl Kopinski", "availability": ["paper"], "borderColor": "black", "colorIdentity": [], "colors": [], "finishes": ["nonfoil"], "frameVersion": "2003", "hasFoil": false, "hasNonFoil": true, "identifiers": {"mtgjsonV4Id": "e441c35c-7610-52e0-9ebf-ff57ec3b0a2d", "scryfallId": "8da84d4f-5526-401f-9762-4fcfbc313c81", "scryfallIllustrationId": "010be0fe-927c-43de-8992-103e0833b6d0", "scryfallOracleId": "d4b8a9dd-6b01-4d5e-9853-f5b6be3e9cf6"}, "language": "English", "layout": "token", "name": "Rollicking Throng", "number": "2", "power": "1", "promoTypes": ["instore"], "reverseRelated": [], "setCode": "TDAG", "subtypes": ["Human", "Reveler"], "supertypes": [], "text": "When Rollicking Throng enters the battlefield, reveal the top card of Xenagos's library and Xenagos casts that card. (This ability doesn't trigger as the game begins.)", "toughness": "3", "type": "Token Creature — Human Reveler", "types": ["Token", "Creature"], "uuid": "1728cf5d-781c-5386-b8bc-67617110042e"}, {"artist": "Steve Argyle", "availability": ["paper"], "borderColor": "black", "colorIdentity": [], "colors": [], "finishes": ["nonfoil"], "frameVersion": "2003", "hasFoil": false, "hasNonFoil": true, "identifiers": {"mtgjsonV4Id": "de9fa48c-33ea-5581-ad3e-4a3940c62304", "scryfallId": "8f960d71-b55d-4730-9b3f-49e9afd2809c", "scryfallIllustrationId": "b0bea65b-85db-4c6e-97b7-8bec40528fea", "scryfallOracleId": "9207ec2c-ebc2-4da8-84cd-62d26c0df0e6"}, "keywords": ["Hero's Reward"], "language": "English", "layout": "token", "name": "Ecstatic Piper", "number": "3", "power": "2", "promoTypes": ["instore"], "reverseRelated": [], "setCode": "TDAG", "subtypes": ["Satyr", "Reveler"], "supertypes": [], "text": "When Ecstatic Piper enters the battlefield, Xenagos Ascended attacks this turn if able.\nHero's Reward — When Ecstatic Piper leaves the battlefield, each player gains 2 life.", "toughness": "2", "type": "Token Creature — Satyr Reveler", "types": ["Token", "Creature"], "uuid": "96aa651c-669e-5a23-abeb-cdc53ffafbed"}, {"artist": "Julie Dillon", "availability": ["paper"], "borderColor": "black", "colorIdentity": [], "colors": [], "finishes": ["nonfoil"], "frameEffects": ["nyxtouched"], "frameVersion": "2003", "hasFoil": false, "hasNonFoil": true, "identifiers": {"mtgjsonV4Id": "ba28baa5-6e12-5291-8547-68571132c12e", "scryfallId": "076ad38c-30ec-41a4-be18-c287f65d1d86", "scryfallIllustrationId": "c5dee2c8-0bae-427c-a42a-ecb606aea6aa", "scryfallOracleId": "7cce1ffb-b813-4729-b2aa-0a4ab05420ee"}, "keywords": ["Hero's Reward"], "language": "English", "layout": "token", "name": "Maddened Oread", "number": "4", "power": "4", "promoTypes": ["instore"], "reverseRelated": [], "setCode": "TDAG", "subtypes": ["Nymph", "Reveler"], "supertypes": [], "text": "As long as five or more Revelers are on the battlefield, Maddened Oread attacks each turn if able.\nHero's Reward — When Maddened Oread leaves the battlefield, each player gains 3 life.", "toughness": "2", "type": "Token Enchantment Creature — Nymph Reveler", "types": ["Token", "Enchantment", "Creature"], "uuid": "b25f9b85-9979-595d-8cb6-d12f9e830a97"}, {"artist": "Mathias Kollros", "availability": ["paper"], "borderColor": "black", "colorIdentity": [], "colors": [], "finishes": ["nonfoil"], "frameVersion": "2003", "hasFoil": false, "hasNonFoil": true, "identifiers": {"mtgjsonV4Id": "4a1fe855-83c8-5c66-8767-ff4e2ee6a7ae", "scryfallId": "ae0182f2-31c0-4927-9ca5-0b3f4d342409", "scryfallIllustrationId": "b97b5f35-e68e-4bca-b084-23ae397cfa43", "scryfallOracleId": "101fd855-4ba8-4fbd-9ce3-b0f402e00855"}, "keywords": ["Hero's Reward"], "language": "English", "layout": "token", "name": "Pheres-Band Revelers", "number": "5", "power": "4", "promoTypes": ["instore"], "reverseRelated": [], "setCode": "TDAG", "subtypes": ["Centaur", "Reveler"], "supertypes": [], "text": "Hero's Reward — When Pheres-Band Revelers leaves the battlefield, each player draws a card.", "toughness": "4", "type": "Token Creature — Centaur Reveler", "types": ["Token", "Creature"], "uuid": "93f059c4-6c75-5ebe-8262-d52ee311ddb2"}, {"artist": "Ulrich Brunin", "availability": ["paper"], "borderColor": "black", "colorIdentity": [], "colors": [], "finishes": ["nonfoil"], "frameVersion": "2003", "hasFoil": false, "hasNonFoil": true, "identifiers": {"mtgjsonV4Id": "2a1021fd-ab42-5f7b-ba16-6808315d8ca4", "scryfallId": "f4210dae-7248-4a7b-9646-99683c0dce17", "scryfallIllustrationId": "0b631f6a-3820-4d47-bb4e-06a298178ff9", "scryfallOracleId": "cfe14f30-a413-41dc-82e6-48eef2e92fa8"}, "keywords": ["Deathtouch", "Hero's Reward"], "language": "English", "layout": "token", "name": "Serpent Dancers", "number": "6", "power": "2", "promoTypes": ["instore"], "reverseRelated": [], "setCode": "TDAG", "subtypes": ["Human", "Reveler"], "supertypes": [], "text": "Deathtouch\nHero's Reward — When Serpent Dancers leaves the battlefield, each player draws a card.", "toughness": "4", "type": "Token Creature — Human Reveler", "types": ["Token", "Creature"], "uuid": "f94467d3-a667-53c4-b6c5-14d57dbd23ad"}, {"artist": "Winona Nelson", "availability": ["paper"], "borderColor": "black", "colorIdentity": [], "colors": [], "finishes": ["nonfoil"], "frameVersion": "2003", "hasFoil": false, "hasNonFoil": true, "identifiers": {"mtgjsonV4Id": "852f078a-a762-55b4-a35f-0aa74cd1905a", "scryfallId": "7b8ec95a-e728-446b-8c4a-a3571e6aa458", "scryfallIllustrationId": "ffbf7bdd-6ab0-48e1-8804-4900219c87c5", "scryfallOracleId": "858be142-a1e1-4711-9d6c-ebe6a43150a1"}, "keywords": ["First strike", "Hero's Reward"], "language": "English", "layout": "token", "name": "Wild Maenads", "number": "7", "power": "3", "promoTypes": ["instore"], "reverseRelated": [], "setCode": "TDAG", "subtypes": ["Human", "Reveler"], "supertypes": [], "text": "First Strike\nHero's Reward — When Wild Maenads leaves the battlefield, each player gains 3 life.", "toughness": "1", "type": "Token Creature — Human Reveler", "types": ["Token", "Creature"], "uuid": "1f258e74-4c3d-5f34-adfb-564578e390c8"}], "totalSetSize": 8, "translations": {}, "type": "token"}}