{"meta": {"date": "2022-05-26", "version": "5.2.0+20220526"}, "data": {"baseSetSize": 7, "block": "Theros", "cards": [{"artist": "Chuck Lukacs", "availability": ["paper"], "borderColor": "black", "colorIdentity": [], "colors": [], "convertedManaCost": 0.0, "finishes": ["nonfoil"], "foreignData": [], "frameVersion": "2003", "hasFoil": false, "hasNonFoil": true, "identifiers": {"mcmId": "264369", "mtgjsonV4Id": "442da38d-8b63-5226-8f8e-d7bf7999b8be", "scryfallId": "d0f83818-2c47-435c-ade3-302e4eabc2bf", "scryfallIllustrationId": "55d9a6e2-5d63-4c69-be09-8f84e10ddc06", "scryfallOracleId": "73bf5475-78ed-4b10-9580-3c396865c206", "tcgplayerProductId": "96919"}, "isStarter": true, "language": "English", "layout": "normal", "legalities": {}, "manaValue": 0.0, "name": "The Avenger", "number": "1c", "printings": ["THP1"], "promoTypes": ["instore"], "purchaseUrls": {"tcgplayer": "https://mtgjson.com/links/04e464799013d74f"}, "rarity": "common", "rulings": [], "setCode": "THP1", "subtypes": [], "supertypes": [], "text": "{3}, {T}: Target creature you control gains deathtouch until end of turn.", "type": "Hero", "types": ["Hero"], "uuid": "6ffc5551-b0ca-5ca0-ab3f-6e79af007159", "watermark": "herospath"}, {"artist": "Chuck Lukacs", "availability": ["paper"], "borderColor": "black", "colorIdentity": [], "colors": [], "convertedManaCost": 0.0, "finishes": ["nonfoil"], "foreignData": [], "frameVersion": "2003", "hasFoil": false, "hasNonFoil": true, "identifiers": {"mcmId": "264370", "mtgjsonV4Id": "d30c9d96-3ac9-51c5-a0e8-4be7f8f0d516", "scryfallId": "4ef068ff-934c-4e4d-a4ae-e44f194b8dca", "scryfallIllustrationId": "f6d668f1-7819-4193-926c-90739c5b9a31", "scryfallOracleId": "76b3985d-a9b5-4506-9007-c64a89cff8d5", "tcgplayerProductId": "96921"}, "isStarter": true, "language": "English", "layout": "normal", "legalities": {}, "manaValue": 0.0, "name": "The Hunter", "number": "1e", "printings": ["THP1"], "promoTypes": ["instore"], "purchaseUrls": {"tcgplayer": "https://mtgjson.com/links/387291df98f26281"}, "rarity": "common", "rulings": [], "setCode": "THP1", "subtypes": [], "supertypes": [], "text": "{T}: Target creature you control gets +1/+1 until end of turn.", "type": "Hero", "types": ["Hero"], "uuid": "1669ae28-2169-51a8-bba9-998719132afd", "watermark": "herospath"}, {"artist": "Chuck Lukacs", "availability": ["paper"], "borderColor": "black", "colorIdentity": [], "colors": [], "convertedManaCost": 0.0, "finishes": ["nonfoil"], "foreignData": [], "frameVersion": "2003", "hasFoil": false, "hasNonFoil": true, "identifiers": {"mcmId": "264368", "mtgjsonV4Id": "631fb5d4-efd7-5d21-9bff-df804267cdf4", "scryfallId": "efbffd56-92a1-4b17-8d53-e9f28b1872e1", "scryfallIllustrationId": "3e060890-c74c-46f1-9391-2981a8e2e713", "scryfallOracleId": "9c4d82e9-c3bb-46f0-b1d1-74992d0d8180", "tcgplayerProductId": "96918"}, "isStarter": true, "language": "English", "layout": "normal", "legalities": {}, "manaValue": 0.0, "name": "The Philosopher", "number": "1b", "printings": ["THP1"], "promoTypes": ["instore"], "purchaseUrls": {"tcgplayer": "https://mtgjson.com/links/7c30da12d46a455d"}, "rarity": "common", "rulings": [], "setCode": "THP1", "subtypes": [], "supertypes": [], "text": "{2}, {T}: Tap target creature.", "type": "Hero", "types": ["Hero"], "uuid": "f4986363-5eb1-5ab2-a828-bdd465fdb57f", "watermark": "herospath"}, {"artist": "Chuck Lukacs", "availability": ["paper"], "borderColor": "black", "colorIdentity": [], "colors": [], "convertedManaCost": 0.0, "finishes": ["nonfoil"], "foreignData": [], "frameVersion": "2003", "hasFoil": false, "hasNonFoil": true, "identifiers": {"mcmId": "264367", "mtgjsonV4Id": "dea3a422-913e-518c-9eeb-4103bd0f8c7e", "scryfallId": "ca66cd86-1574-4e6e-94de-a19d8d26836f", "scryfallIllustrationId": "a72db2e4-e063-4ef4-802e-9488cce4b142", "scryfallOracleId": "9048bb17-46ad-44a3-a828-deaafd4c5f21", "tcgplayerProductId": "96917"}, "isStarter": true, "language": "English", "layout": "normal", "legalities": {}, "manaValue": 0.0, "name": "The Protector", "number": "1a", "printings": ["THP1"], "promoTypes": ["instore"], "purchaseUrls": {"tcgplayer": "https://mtgjson.com/links/96b8774aa50f7bbd"}, "rarity": "common", "rulings": [], "setCode": "THP1", "subtypes": [], "supertypes": [], "text": "{T}: Prevent the next 1 damage that would be dealt to any target this turn.", "type": "Hero", "types": ["Hero"], "uuid": "5eb327e4-f2b7-51ab-b415-a931c44f94fc", "watermark": "herospath"}, {"artist": "Chuck Lukacs", "availability": ["paper"], "borderColor": "black", "colorIdentity": [], "colors": [], "convertedManaCost": 0.0, "finishes": ["nonfoil"], "foreignData": [], "frameVersion": "2003", "hasFoil": false, "hasNonFoil": true, "identifiers": {"mcmId": "264371", "mtgjsonV4Id": "5b5e176c-ead9-5b73-b52f-121bef4cba08", "scryfallId": "dd60768a-c47f-4af5-bb33-c17777c7dd66", "scryfallIllustrationId": "28cac15a-c0e5-4370-be0b-73f829968781", "scryfallOracleId": "7a6b3559-9a10-4f95-b912-e890a069dc96", "tcgplayerProductId": "96920"}, "isStarter": true, "language": "English", "layout": "normal", "legalities": {}, "manaValue": 0.0, "name": "The Warrior", "number": "1d", "printings": ["THP1"], "promoTypes": ["instore"], "purchaseUrls": {"tcgplayer": "https://mtgjson.com/links/036806038d880686"}, "rarity": "common", "rulings": [], "setCode": "THP1", "subtypes": [], "supertypes": [], "text": "{T}: Target creature you control gains haste until end of turn.", "type": "Hero", "types": ["Hero"], "uuid": "dae7d1b2-70b2-5524-9bd4-cb106bb6f930", "watermark": "herospath"}, {"artist": "Chuck Lukacs", "availability": ["paper"], "borderColor": "black", "colorIdentity": [], "colors": [], "convertedManaCost": 0.0, "finishes": ["nonfoil"], "foreignData": [], "frameVersion": "2003", "hasFoil": false, "hasNonFoil": true, "identifiers": {"mcmId": "265329", "mtgjsonV4Id": "c18896d7-fdde-578e-945b-c5fed903f2db", "scryfallId": "6c17db56-68ee-44c5-82c5-9ed9f03c5899", "scryfallIllustrationId": "1612fca1-d7a0-4449-bbd5-3d3577015c05", "scryfallOracleId": "0429a8c5-1b27-4a08-aa92-3282916a461d", "tcgplayerProductId": "96922"}, "isStarter": true, "language": "English", "layout": "normal", "legalities": {}, "manaValue": 0.0, "name": "The Harvester", "number": "2", "printings": ["THP1"], "promoTypes": ["instore"], "purchaseUrls": {"tcgplayer": "https://mtgjson.com/links/7de73f41459af3de"}, "rarity": "common", "rulings": [], "setCode": "THP1", "subtypes": [], "supertypes": [], "text": "{T}: Draw a card, then discard a card.", "type": "Hero", "types": ["Hero"], "uuid": "22e67dd0-f12c-5c88-8dc6-a07c323fd75e", "watermark": "herospath"}, {"artist": "Chuck Lukacs", "availability": ["paper"], "borderColor": "black", "colorIdentity": [], "colors": [], "convertedManaCost": 0.0, "finishes": ["nonfoil"], "foreignData": [], "frameVersion": "2003", "hasFoil": false, "hasNonFoil": true, "identifiers": {"mcmId": "265330", "mtgjsonV4Id": "b9b073c8-64eb-5c55-add4-fcd5e1f444fc", "scryfallId": "5a12f3e3-5708-4d14-a1ed-600232002266", "scryfallIllustrationId": "2005f16e-3441-478b-92c4-37eb81801c62", "scryfallOracleId": "10bca1c1-de28-4fbb-8439-31bfed5d52d7", "tcgplayerProductId": "96912"}, "isStarter": true, "language": "English", "layout": "normal", "legalities": {}, "manaValue": 0.0, "name": "The Slayer", "number": "3", "printings": ["THP1"], "promoTypes": ["instore"], "purchaseUrls": {"tcgplayer": "https://mtgjson.com/links/4e904c57809c3712"}, "rarity": "common", "rulings": [], "setCode": "THP1", "subtypes": [], "supertypes": [], "text": "You start the game with an additional 7 life.", "type": "Hero", "types": ["Hero"], "uuid": "034f6e04-118b-51d9-be8f-bbb7009862f6", "watermark": "herospath"}], "code": "THP1", "isFoilOnly": false, "isNonFoilOnly": true, "isOnlineOnly": false, "keyruneCode": "THS", "name": "Theros Hero's Path", "parentCode": "THS", "releaseDate": "2013-09-27", "tokens": [], "totalSetSize": 7, "translations": {}, "type": "memorabilia"}}