{"meta": {"date": "2022-05-26", "version": "5.2.0+20220526"}, "data": {"baseSetSize": 15, "cards": [{"artist": "Randy Gallegos", "availability": ["mtgo", "paper"], "borderColor": "black", "colorIdentity": ["W"], "colors": ["W"], "convertedManaCost": 2.0, "finishes": ["foil"], "foreignData": [], "frameVersion": "2003", "hasFoil": true, "hasNonFoil": false, "identifiers": {"cardKingdomFoilId": "127554", "cardsphereId": "18448", "mcmId": "21455", "mcmMetaId": "409", "mtgjsonV4Id": "e5b1255f-dc34-5dfb-ad3b-9e872c52b68a", "mtgoFoilId": "33919", "mtgoId": "33918", "multiverseId": "194966", "scryfallId": "962f794a-dd25-4d80-94d5-3f2c5deae4c6", "scryfallIllustrationId": "4a91503e-035d-4bc6-8897-a14292fb3d2a", "scryfallOracleId": "17fa98cd-ed8f-483f-9525-7e989a82ebb2", "tcgplayerProductId": "32774"}, "isReprint": true, "isStarter": true, "language": "English", "layout": "normal", "legalities": {"commander": "Banned", "duel": "Legal", "legacy": "Banned", "premodern": "Banned", "vintage": "Restricted"}, "manaCost": "{1}{W}", "manaValue": 2.0, "name": "Balance", "number": "1", "printings": ["2ED", "3ED", "4BB", "4ED", "CED", "CEI", "EMA", "FBB", "G04", "LEA", "LEB", "ME4", "PRM", "PTC", "SLD", "SUM", "V09", "VMA"], "purchaseUrls": {"cardKingdomFoil": "https://mtgjson.com/links/642d75207fe7bbdd", "cardmarket": "https://mtgjson.com/links/f25d32ab39bd8b78", "tcgplayer": "https://mtgjson.com/links/4c9781dfafb2a97c"}, "rarity": "mythic", "rulings": [{"date": "2016-06-08", "text": "First the player whose turn it is chooses which lands (if any) to keep, then each other player in turn order does the same. Each player will know the choices made by the players who chose before them. All of the unchosen lands are then sacrificed simultaneously. Then the process is repeated for cards in hand, except that no cards are revealed until all players have chosen what to discard, at which point those cards are all discarded simultaneously. Lastly, the process is repeated for creatures, and players will again know earlier choices made when deciding what to sacrifice. All of the unchosen creatures are then sacrificed simultaneously."}, {"date": "2016-06-08", "text": "Balance doesn’t have targets, so permanents that can’t be targeted, such as a creature with shroud or protection from white, are valid choices to be sacrificed."}, {"date": "2016-06-08", "text": "Each type of object is counted during the corresponding part of the process. Cards in hand are counted after lands have been sacrificed, and creatures on the battlefield are counted after cards have been discarded. Thus, a land creature sacrificed to the first part of the spell would not be counted when determining how many creatures are on the battlefield for the last part."}], "setCode": "V09", "subtypes": [], "supertypes": [], "text": "Each player chooses a number of lands they control equal to the number of lands controlled by the player who controls the fewest, then sacrifices the rest. Players discard cards and sacrifice creatures the same way.", "type": "Sorcery", "types": ["Sorcery"], "uuid": "a1af725f-a3dd-555b-9590-cf89799750e6"}, {"artist": "Steve Prescott", "availability": ["mtgo", "paper"], "borderColor": "black", "colorIdentity": ["G"], "colors": ["G"], "convertedManaCost": 1.0, "edhrecRank": 3946, "finishes": ["foil"], "foreignData": [], "frameVersion": "2003", "hasFoil": true, "hasNonFoil": false, "identifiers": {"cardKingdomFoilId": "127555", "cardsphereId": "18449", "mcmId": "21456", "mcmMetaId": "532", "mtgjsonV4Id": "99931102-c411-56ad-b827-e00cc59dbf56", "mtgoFoilId": "33925", "mtgoId": "33924", "multiverseId": "194969", "scryfallId": "2fcc1f3a-85da-4012-8b01-adf9b8e56c63", "scryfallIllustrationId": "c46fd7fb-96d4-4592-8820-aaefdfe79cfb", "scryfallOracleId": "8b67d192-9a05-4a47-82ae-5fc4b7834d88", "tcgplayerProductId": "32775"}, "isReprint": true, "isStarter": true, "language": "English", "layout": "normal", "legalities": {"commander": "Legal", "duel": "Legal", "legacy": "Legal", "vintage": "Legal"}, "manaCost": "{G}", "manaValue": 1.0, "name": "Berserk", "number": "2", "printings": ["2ED", "CED", "CEI", "CN2", "LEA", "LEB", "ME1", "V09", "VMA"], "purchaseUrls": {"cardKingdomFoil": "https://mtgjson.com/links/493be0b62df9b46e", "cardmarket": "https://mtgjson.com/links/4fa0206651b783e5", "tcgplayer": "https://mtgjson.com/links/79b2dcc3a6418c29"}, "rarity": "mythic", "rulings": [{"date": "2004-10-04", "text": "If the permanent stops being a creature before the end of the turn, it is still destroyed."}], "setCode": "V09", "subtypes": [], "supertypes": [], "text": "Cast this spell only before the combat damage step.\nTarget creature gains trample and gets +X/+0 until end of turn, where X is its power. At the beginning of the next end step, destroy that creature if it attacked this turn.", "type": "Instant", "types": ["Instant"], "uuid": "03bbd31a-d86b-5c88-9786-89f156b3522d"}, {"artist": "Rebecca Guay", "availability": ["mtgo", "paper"], "borderColor": "black", "colorIdentity": ["G"], "colors": ["G"], "convertedManaCost": 2.0, "finishes": ["foil"], "flavorText": "To some mages, the meaning of life is less important than how much is left.", "foreignData": [], "frameVersion": "2003", "hasFoil": true, "hasNonFoil": false, "identifiers": {"cardKingdomFoilId": "127556", "cardsphereId": "18450", "mcmId": "21457", "mcmMetaId": "924", "mtgjsonV4Id": "0bbc70b0-50ac-5076-94aa-5082e275b4f5", "mtgoFoilId": "33921", "mtgoId": "33920", "multiverseId": "194967", "scryfallId": "d96ee79e-aa92-4981-bc59-ec43ba63f2f2", "scryfallIllustrationId": "3efebbe1-0aaa-42e7-9b3b-d9a43e127202", "scryfallOracleId": "d1b815d1-2848-40d4-a555-66822d1becbc", "tcgplayerProductId": "32776"}, "isReprint": true, "isStarter": true, "language": "English", "layout": "normal", "legalities": {"commander": "Banned", "duel": "Banned", "gladiator": "Legal", "historic": "Banned", "historicbrawl": "Banned", "legacy": "Banned", "premodern": "Banned", "vintage": "Restricted"}, "manaCost": "{G}{G}", "manaValue": 2.0, "name": "Channel", "number": "3", "printings": ["2ED", "3ED", "4BB", "4ED", "CED", "CEI", "FBB", "IMA", "LEA", "LEB", "ME4", "STA", "SUM", "V09", "VMA"], "purchaseUrls": {"cardKingdomFoil": "https://mtgjson.com/links/b529ee5d9d863fba", "cardmarket": "https://mtgjson.com/links/103c58491d101d4b", "tcgplayer": "https://mtgjson.com/links/6f272527e6f1d0c6"}, "rarity": "mythic", "rulings": [{"date": "2017-11-17", "text": "Once your life total is 0, you can’t pay any more life, even if you’ve somehow not lost the game yet."}], "setCode": "V09", "subtypes": [], "supertypes": [], "text": "Until end of turn, any time you could activate a mana ability, you may pay 1 life. If you do, add {C}.", "type": "Sorcery", "types": ["Sorcery"], "uuid": "4892eb9d-a823-5fad-9822-1bd55bef90ae"}, {"artist": "D. Alexander Gregory", "availability": ["mtgo", "paper"], "borderColor": "black", "colorIdentity": ["U"], "colors": ["U"], "convertedManaCost": 4.0, "finishes": ["foil"], "foreignData": [], "frameVersion": "2003", "hasFoil": true, "hasNonFoil": false, "identifiers": {"cardKingdomFoilId": "127557", "cardsphereId": "18451", "mcmId": "21458", "mcmMetaId": "6991", "mtgjsonV4Id": "cc4082c2-f125-5b22-9569-890954c066ac", "mtgoFoilId": "33942", "mtgoId": "33941", "multiverseId": "194971", "scryfallId": "460b924d-04a3-4a8f-8055-54bded06193d", "scryfallIllustrationId": "2342c919-2122-4c81-9c64-db7be44e676a", "scryfallOracleId": "58aec411-167d-4709-8560-793eaaed62c5", "tcgplayerProductId": "32777"}, "isReprint": true, "isStarter": true, "language": "English", "layout": "normal", "legalities": {"commander": "Banned", "duel": "Banned", "legacy": "Legal", "modern": "Legal", "vintage": "Legal"}, "manaCost": "{3}{U}", "manaValue": 4.0, "name": "Gifts Ungiven", "number": "4", "printings": ["CHK", "MM3", "MMA", "PRM", "SS1", "V09"], "purchaseUrls": {"cardKingdomFoil": "https://mtgjson.com/links/95225794b5405009", "cardmarket": "https://mtgjson.com/links/878e48cb19de8889", "tcgplayer": "https://mtgjson.com/links/e457251b0659bc68"}, "rarity": "mythic", "rulings": [{"date": "2017-03-14", "text": "You can choose to find fewer than four cards if you want. If you find one or two cards, your opponent must choose for them to be put into your graveyard, even if they don’t want to."}], "setCode": "V09", "subtypes": [], "supertypes": [], "text": "Search your library for up to four cards with different names and reveal them. Target opponent chooses two of those cards. Put the chosen cards into your graveyard and the rest into your hand. Then shuffle.", "type": "Instant", "types": ["Instant"], "uuid": "38ce6619-ad85-5eb0-ace3-9a54cfe6980f"}, {"artist": "Christopher Moeller", "availability": ["mtgo", "paper"], "borderColor": "black", "colorIdentity": ["R"], "colors": ["R"], "convertedManaCost": 1.0, "edhrecRank": 4203, "finishes": ["foil"], "flavorText": "At the first sign of enemy scouts, Jula grinned and strapped on his diplomacy helmet.", "foreignData": [], "frameVersion": "2003", "hasFoil": true, "hasNonFoil": false, "identifiers": {"cardKingdomFoilId": "127558", "cardsphereId": "18452", "mcmId": "21459", "mcmMetaId": "2412", "mtgjsonV4Id": "36594b1f-fd3b-5ced-929a-b22082ebf864", "mtgoFoilId": "33929", "mtgoId": "33928", "multiverseId": "194973", "scryfallId": "b7a62e45-c159-46c8-ba74-8a5c9d177556", "scryfallIllustrationId": "ffec5399-10e2-4143-ac85-31681636e9a0", "scryfallOracleId": "213fbbdd-f1bc-4bba-9124-7b26e9a706c8", "tcgplayerProductId": "32778"}, "isReprint": true, "isStarter": true, "language": "English", "layout": "normal", "legalities": {"commander": "Legal", "duel": "Legal", "legacy": "Legal", "paupercommander": "Restricted", "premodern": "Legal", "vintage": "Legal"}, "manaCost": "{R}", "manaValue": 1.0, "name": "Goblin Lackey", "number": "5", "power": "1", "printings": ["SLD", "USG", "V09", "VMA"], "purchaseUrls": {"cardKingdomFoil": "https://mtgjson.com/links/8eb892a5131e5e7d", "cardmarket": "https://mtgjson.com/links/09c02bb49e169b7f", "tcgplayer": "https://mtgjson.com/links/f50413d1563fb700"}, "rarity": "mythic", "rulings": [{"date": "2008-08-01", "text": "A Goblin permanent card is an artifact, creature, land, and/or enchantment card with the creature type “Goblin”. Usually such cards will be creatures in addition to any other types, but they may be tribal instead. For example, you could put Boggart Shenanigans onto the battlefield with this effect."}], "setCode": "V09", "subtypes": ["Goblin"], "supertypes": [], "text": "Whenever Goblin Lackey deals damage to a player, you may put a Goblin permanent card from your hand onto the battlefield.", "toughness": "1", "type": "Creature — Goblin", "types": ["Creature"], "uuid": "a1ec2427-591b-5db3-af82-a072c4df6601"}, {"artist": "Terese Nielsen", "availability": ["mtgo", "paper"], "borderColor": "black", "colorIdentity": ["R"], "colors": ["R"], "convertedManaCost": 1.0, "edhrecRank": 14051, "finishes": ["foil"], "flavorText": "Apes can be gentle, contemplative beasts—but context is everything.", "foreignData": [], "frameVersion": "2003", "hasFoil": true, "hasNonFoil": false, "identifiers": {"cardKingdomFoilId": "127559", "cardsphereId": "18453", "mcmId": "21460", "mcmMetaId": "3085", "mtgjsonV4Id": "5f37032e-67a3-5c0e-b280-beb29fafcc68", "mtgoFoilId": "33944", "mtgoId": "33943", "multiverseId": "194974", "scryfallId": "4a70cd23-a87b-49ad-a226-5c715509746c", "scryfallIllustrationId": "ccf5b1cc-c2d9-4961-af97-a9b8d4564d95", "scryfallOracleId": "fbbc3acb-c917-44ff-ac6f-9dd6ebe3f4ad", "tcgplayerProductId": "32779"}, "isReprint": true, "isStarter": true, "language": "English", "layout": "normal", "legalities": {"commander": "Legal", "duel": "Legal", "legacy": "Legal", "modern": "Legal", "pauper": "Legal", "paupercommander": "Legal", "penny": "Legal", "vintage": "Legal"}, "manaCost": "{R}", "manaValue": 1.0, "name": "Kird Ape", "number": "6", "power": "1", "printings": ["3ED", "9ED", "ARN", "BTD", "DDH", "EMA", "F05", "FBB", "MB1", "PRM", "SUM", "V09"], "purchaseUrls": {"cardKingdomFoil": "https://mtgjson.com/links/5fd3848a4c35a1ed", "cardmarket": "https://mtgjson.com/links/e2e56a31f7293d43", "tcgplayer": "https://mtgjson.com/links/924d773d4717bb34"}, "rarity": "mythic", "rulings": [], "setCode": "V09", "subtypes": ["Ape"], "supertypes": [], "text": "Kird Ape gets +1/+2 as long as you control a Forest.", "toughness": "1", "type": "Creature — Ape", "types": ["Creature"], "uuid": "b6a4a42a-9081-550b-9058-9528cd981a52"}, {"artist": "April Lee", "availability": ["mtgo", "paper"], "borderColor": "black", "colorIdentity": [], "colors": [], "convertedManaCost": 0.0, "edhrecRank": 122, "finishes": ["foil"], "flavorText": "\"Hard to imagine,\" mused Hanna, stroking the petal, \"such a lovely flower inspiring such greed.\"", "foreignData": [], "frameVersion": "2003", "hasFoil": true, "hasNonFoil": false, "identifiers": {"cardKingdomFoilId": "127560", "cardsphereId": "18454", "mcmId": "21461", "mcmMetaId": "3365", "mtgjsonV4Id": "ac21792a-db13-5c0f-927b-b8dd96cf1bb8", "mtgoFoilId": "33917", "mtgoId": "33916", "multiverseId": "194975", "scryfallId": "9814d8e8-c462-41ca-9909-1c659f488543", "scryfallIllustrationId": "38487fd0-7791-4926-9b77-4d0d7675832c", "scryfallOracleId": "32e5339e-9e4f-46f8-b305-f9d6d3ba8bb5", "tcgplayerProductId": "32780"}, "isReprint": true, "isStarter": true, "language": "English", "layout": "normal", "legalities": {"commander": "Legal", "duel": "Legal", "legacy": "Legal", "pauper": "Legal", "paupercommander": "Legal", "premodern": "Legal", "vintage": "Restricted"}, "manaCost": "{0}", "manaValue": 0.0, "name": "Lotus Petal", "number": "7", "printings": ["MB1", "MPS", "TMP", "TPR", "V09"], "purchaseUrls": {"cardKingdomFoil": "https://mtgjson.com/links/66d54cabddd20a15", "cardmarket": "https://mtgjson.com/links/10308e8f5cd6566d", "tcgplayer": "https://mtgjson.com/links/afe5b34dcc557d95"}, "rarity": "mythic", "rulings": [], "setCode": "V09", "subtypes": [], "supertypes": [], "text": "{T}, Sacrifice Lotus Petal: Add one mana of any color.", "type": "Artifact", "types": ["Artifact"], "uuid": "36c48716-e624-52c9-b023-3e84e5b28d48"}, {"artist": "David O'Connor", "availability": ["mtgo", "paper"], "borderColor": "black", "colorIdentity": ["U"], "colors": ["U"], "convertedManaCost": 1.0, "edhrecRank": 75, "finishes": ["foil"], "flavorText": "The student searches the world for meaning. The master finds worlds of meaning in the search.", "foreignData": [], "frameVersion": "2003", "hasFoil": true, "hasNonFoil": false, "identifiers": {"cardKingdomFoilId": "127561", "cardsphereId": "18455", "mcmId": "21462", "mcmMetaId": "3809", "mtgjsonV4Id": "981935f0-be1b-59ce-a6cd-81a9031f6806", "mtgoFoilId": "33915", "mtgoId": "33914", "multiverseId": "194976", "scryfallId": "ef095e72-5908-432c-bb36-e0aaee629e86", "scryfallIllustrationId": "933620e3-b907-4e8e-a072-645deaa73c33", "scryfallOracleId": "fb81f95c-70f8-4eb7-8d15-15d0ae23ec03", "tcgplayerProductId": "32781"}, "isReprint": true, "isStarter": true, "language": "English", "layout": "normal", "legalities": {"commander": "Legal", "duel": "Banned", "legacy": "Banned", "premodern": "Banned", "vintage": "Restricted"}, "manaCost": "{U}", "manaValue": 1.0, "name": "Mystical Tutor", "number": "8", "printings": ["6ED", "EMA", "MIR", "PLIST", "PRM", "SLD", "SS1", "V09", "WC00"], "purchaseUrls": {"cardKingdomFoil": "https://mtgjson.com/links/76e375c0c0a9f49e", "cardmarket": "https://mtgjson.com/links/edd5a8e556e2110d", "tcgplayer": "https://mtgjson.com/links/1b8aa9ea960a789d"}, "rarity": "mythic", "rulings": [{"date": "2016-06-08", "text": "The “shuffle and put the card on top” is a single action. If an effect causes the top card of the library to be face up, the second card down is not revealed."}], "setCode": "V09", "subtypes": [], "supertypes": [], "text": "Search your library for an instant or sorcery card, reveal it, then shuffle and put that card on top.", "type": "Instant", "types": ["Instant"], "uuid": "75d8d60c-c629-5920-bda4-41fb3c16a5f1"}, {"artist": "Dave Kendall", "availability": ["mtgo", "paper"], "borderColor": "black", "colorIdentity": ["B"], "colors": ["B"], "convertedManaCost": 3.0, "edhrecRank": 326, "finishes": ["foil"], "foreignData": [], "frameVersion": "2003", "hasFoil": true, "hasNonFoil": false, "identifiers": {"cardKingdomFoilId": "127562", "cardsphereId": "18456", "mcmId": "21463", "mcmMetaId": "3860", "mtgjsonV4Id": "b3520f53-17ae-52c9-876d-8ba80719d908", "mtgoFoilId": "33931", "mtgoId": "33930", "multiverseId": "194977", "scryfallId": "8b786ea7-ac2a-406c-b61a-e61669fd1c53", "scryfallIllustrationId": "bd27df63-cbdc-4c76-b868-55893de8da6c", "scryfallOracleId": "94a844d2-0574-45a7-b347-e0e329767c42", "tcgplayerProductId": "32782"}, "isReprint": true, "isStarter": true, "language": "English", "layout": "normal", "legalities": {"commander": "Legal", "duel": "Legal", "legacy": "Banned", "premodern": "Banned", "vintage": "Restricted"}, "manaCost": "{B}{B}{B}", "manaValue": 3.0, "name": "Necropotence", "number": "9", "printings": ["5ED", "DKM", "EMA", "ICE", "IMA", "ME2", "PTC", "V09", "VMA"], "purchaseUrls": {"cardKingdomFoil": "https://mtgjson.com/links/154c1021d7c75a0d", "cardmarket": "https://mtgjson.com/links/ad355eb2a13463c0", "tcgplayer": "https://mtgjson.com/links/300aab5b57f3b0f4"}, "rarity": "mythic", "rulings": [{"date": "2017-11-17", "text": "If a discarded card isn’t put into your graveyard (due to an effect such as that of Obstinate Baloth) or leaves your graveyard (perhaps because another effect returned it to your hand), it won’t be exiled."}, {"date": "2017-11-17", "text": "If you discard a card with madness and wish to cast it, Necropotence’s ability won’t exile that card. If you don’t wish to cast it, you choose whether it ends up exiled or in your graveyard."}, {"date": "2017-11-17", "text": "Necropotence’s last ability creates a delayed triggered ability that will put the exiled card into your hand. That ability still triggers even if Necropotence is removed from the battlefield before your end step."}], "setCode": "V09", "subtypes": [], "supertypes": [], "text": "Skip your draw step.\nWhenever you discard a card, exile that card from your graveyard.\nPay 1 life: Exile the top card of your library face down. Put that card into your hand at the beginning of your next end step.", "type": "Enchantment", "types": ["Enchantment"], "uuid": "7ad3a19e-8118-5cc3-af9f-ef36b5ae4610"}, {"artist": "Michael Sutfin", "availability": ["mtgo", "paper"], "borderColor": "black", "colorIdentity": [], "colors": [], "convertedManaCost": 1.0, "edhrecRank": 119, "finishes": ["foil"], "foreignData": [], "frameVersion": "2003", "hasFoil": true, "hasNonFoil": false, "identifiers": {"cardKingdomFoilId": "127563", "cardsphereId": "18457", "mcmId": "21464", "mcmMetaId": "7146", "mtgjsonV4Id": "23b674eb-fa47-5a19-9eed-cdf83626c9f3", "mtgoFoilId": "33940", "mtgoId": "33939", "multiverseId": "194972", "scryfallId": "e16c9285-8963-4b09-93e6-e0209e22e52f", "scryfallIllustrationId": "e30650e1-fbcd-4890-a438-b6b7fb4c446d", "scryfallOracleId": "13575cf9-65c1-4861-b21e-eb2155e07766", "tcgplayerProductId": "32783"}, "isReprint": true, "isStarter": true, "language": "English", "layout": "normal", "legalities": {"commander": "Legal", "duel": "Banned", "legacy": "Banned", "modern": "Banned", "vintage": "Legal"}, "manaCost": "{1}", "manaValue": 1.0, "name": "Sensei's Divining Top", "number": "10", "printings": ["CHK", "EMA", "PLIST", "V09"], "purchaseUrls": {"cardKingdomFoil": "https://mtgjson.com/links/dd3e37466a148179", "cardmarket": "https://mtgjson.com/links/0699174ebc0680d5", "tcgplayer": "https://mtgjson.com/links/0a63693c2504d30a"}, "rarity": "mythic", "rulings": [{"date": "2016-06-08", "text": "Sensei’s Divining Top’s second ability may be activated in response to its first ability. If so, you’ll draw a card, put Sensei’s Divining Top on top of your library, and then look at the top three cards and rearrange them."}, {"date": "2016-06-08", "text": "If Sensei’s Divining Top leaves the battlefield while its second ability is on the stack, you’ll draw a card and leave Sensei’s Divining Top in the zone it’s moved to."}], "setCode": "V09", "subtypes": [], "supertypes": [], "text": "{1}: Look at the top three cards of your library, then put them back in any order.\n{T}: Draw a card, then put Sensei's Divining Top on top of its owner's library.", "type": "Artifact", "types": ["Artifact"], "uuid": "76603b1d-70d9-5dd5-b9f3-323051e1308e"}, {"artist": "Matt Stewart", "availability": ["mtgo", "paper"], "borderColor": "black", "colorIdentity": ["U"], "colors": ["U"], "convertedManaCost": 3.0, "edhrecRank": 18153, "finishes": ["foil"], "flavorText": "Summoners of efreeti remember only the power of command, never the sting of regret.", "foreignData": [], "frameVersion": "2003", "hasFoil": true, "hasNonFoil": false, "identifiers": {"cardKingdomFoilId": "127564", "cardsphereId": "18458", "mcmId": "21465", "mcmMetaId": "5055", "mtgjsonV4Id": "bbc85b1c-bf07-5810-a0a6-d45cc1c31b41", "mtgoFoilId": "33927", "mtgoId": "33926", "multiverseId": "194970", "scryfallId": "3f591d3d-31dc-442c-bc01-247ea5ea83e1", "scryfallIllustrationId": "c73d5ef3-9fc1-499a-8eba-ed25c10516bc", "scryfallOracleId": "dd520d83-297a-487f-b8f3-4997bbc056e0", "tcgplayerProductId": "32784"}, "isReprint": true, "isStarter": true, "keywords": ["Flying"], "language": "English", "layout": "normal", "legalities": {"commander": "Legal", "duel": "Legal", "gladiator": "Legal", "historic": "Legal", "historicbrawl": "Legal", "legacy": "Legal", "paupercommander": "Restricted", "penny": "Legal", "vintage": "Legal"}, "manaCost": "{2}{U}", "manaValue": 3.0, "name": "Serendib Efreet", "number": "11", "power": "3", "printings": ["3ED", "ARN", "EMA", "FBB", "JMP", "MB1", "ME1", "PRM", "SUM", "V09", "VMA"], "purchaseUrls": {"cardKingdomFoil": "https://mtgjson.com/links/3164ea20fa2bb6e1", "cardmarket": "https://mtgjson.com/links/907371120c5bc2e3", "tcgplayer": "https://mtgjson.com/links/3000ecffddfab448"}, "rarity": "mythic", "rulings": [], "setCode": "V09", "subtypes": ["Efreet"], "supertypes": [], "text": "Flying\nAt the beginning of your upkeep, Serendib Efreet deals 1 damage to you.", "toughness": "4", "type": "Creature — Efreet", "types": ["Creature"], "uuid": "268fda99-9172-5ed6-a1df-17795c0a9de6"}, {"artist": "Luca Zontini", "availability": ["mtgo", "paper"], "borderColor": "black", "colorIdentity": [], "colors": [], "convertedManaCost": 1.0, "edhrecRank": 36, "finishes": ["foil"], "flavorText": "The mind is a beautiful bounty encased in an annoying bone container.", "foreignData": [], "frameVersion": "2003", "hasFoil": true, "hasNonFoil": false, "identifiers": {"cardKingdomFoilId": "127565", "cardsphereId": "18459", "mcmId": "21466", "mcmMetaId": "5263", "mtgjsonV4Id": "95e5d339-599f-5105-9633-5861d7c8b829", "mtgoFoilId": "33938", "mtgoId": "33937", "multiverseId": "194978", "scryfallId": "1ea6289e-61c6-4221-8e44-07212f9ba3e4", "scryfallIllustrationId": "bba9ca52-6271-4829-8f7d-bb2aa5f14f9f", "scryfallOracleId": "65986c1b-8e51-4604-b685-d82fa7d1263a", "tcgplayerProductId": "32785"}, "isReprint": true, "isStarter": true, "keywords": ["Equip"], "language": "English", "layout": "normal", "legalities": {"commander": "Legal", "duel": "Legal", "legacy": "Banned", "modern": "Banned", "vintage": "Legal"}, "manaCost": "{1}", "manaValue": 1.0, "name": "Skullclamp", "number": "12", "printings": ["C14", "C15", "C16", "C17", "C20", "CMA", "CMD", "DST", "MB1", "PLIST", "TD0", "V09", "VMA"], "purchaseUrls": {"cardKingdomFoil": "https://mtgjson.com/links/260caddcea44134a", "cardmarket": "https://mtgjson.com/links/f406e1e268bd724d", "tcgplayer": "https://mtgjson.com/links/e74c9d78451729ca"}, "rarity": "mythic", "rulings": [], "setCode": "V09", "subtypes": ["Equipment"], "supertypes": [], "text": "Equipped creature gets +1/-1.\nWhenever equipped creature dies, draw two cards.\nEquip {1}", "type": "Artifact — Equipment", "types": ["Artifact"], "uuid": "3e39f3a7-0461-5881-b552-48ed7d0ee37b"}, {"artist": "John Avon", "availability": ["mtgo", "paper"], "borderColor": "black", "colorIdentity": [], "colors": [], "convertedManaCost": 0.0, "edhrecRank": 217, "finishes": ["foil"], "flavorText": "Unlike previous conflicts, the war between Urza and Mishra made Dominaria itself a casualty of war.", "foreignData": [], "frameVersion": "2003", "hasFoil": true, "hasNonFoil": false, "identifiers": {"cardKingdomFoilId": "127566", "cardsphereId": "18460", "mcmId": "21467", "mcmMetaId": "5661", "mtgjsonV4Id": "9ab6f622-aed0-56e6-8a0b-3d12fd4a709f", "mtgoFoilId": "33923", "mtgoId": "33922", "multiverseId": "194968", "scryfallId": "2b5315a4-6a78-456f-8d5a-fea9d62f3f0e", "scryfallIllustrationId": "218a605d-a1eb-4cd4-8204-1d34cf721308", "scryfallOracleId": "d21a89eb-7c5b-459a-acc7-12b20b13bf79", "tcgplayerProductId": "32786"}, "isReprint": true, "isStarter": true, "language": "English", "layout": "normal", "legalities": {"commander": "Legal", "duel": "Banned", "legacy": "Banned", "premodern": "Banned", "vintage": "Restricted"}, "manaValue": 0.0, "name": "Strip Mine", "number": "13", "printings": ["4BB", "4ED", "ATH", "ATQ", "EXP", "ME4", "PTC", "REN", "RIN", "V09", "VMA", "ZNE"], "purchaseUrls": {"cardKingdomFoil": "https://mtgjson.com/links/fd836680220b64c3", "cardmarket": "https://mtgjson.com/links/2f13069d61bfa406", "tcgplayer": "https://mtgjson.com/links/e813dab44b9321d2"}, "rarity": "mythic", "rulings": [], "setCode": "V09", "subtypes": [], "supertypes": [], "text": "{T}: Add {C}.\n{T}, Sacrifice Strip Mine: Destroy target land.", "type": "Land", "types": ["Land"], "uuid": "3d20eb6f-fb9e-5350-b33b-037891f9abf8"}, {"artist": "Chris Rahn", "availability": ["mtgo", "paper"], "borderColor": "black", "colorIdentity": ["U"], "colors": ["U"], "convertedManaCost": 3.0, "finishes": ["foil"], "flavorText": "\"What separates us from mere beasts is the capacity for self-improvement.\"", "foreignData": [], "frameVersion": "2003", "hasFoil": true, "hasNonFoil": false, "identifiers": {"cardKingdomFoilId": "127567", "cardsphereId": "18461", "mcmId": "21468", "mcmMetaId": "6035", "mtgjsonV4Id": "a39a5bb6-7bc5-529d-9af0-fac93245f5bd", "mtgoFoilId": "33933", "mtgoId": "33932", "multiverseId": "194980", "scryfallId": "1e2fee55-227b-4373-a3f7-b463f220033f", "scryfallIllustrationId": "c34e1b73-ad74-4da3-ace8-37ee1922458d", "scryfallOracleId": "254878f0-be90-4653-a395-0c41258fceaf", "tcgplayerProductId": "32787"}, "isReprint": true, "isStarter": true, "language": "English", "layout": "normal", "legalities": {"commander": "Banned", "duel": "Banned", "legacy": "Banned", "premodern": "Legal", "vintage": "Restricted"}, "manaCost": "{2}{U}", "manaValue": 3.0, "name": "Tinker", "number": "14", "printings": ["MB1", "ULG", "V09", "WC00"], "purchaseUrls": {"cardKingdomFoil": "https://mtgjson.com/links/e381746c5d73128c", "cardmarket": "https://mtgjson.com/links/93bd8fa6ef3438de", "tcgplayer": "https://mtgjson.com/links/b7b4fef703fb385d"}, "rarity": "mythic", "rulings": [{"date": "2004-10-04", "text": "Because the “search” requires you to find a card with certain characteristics, you don’t have to find the card if you don’t want to."}], "setCode": "V09", "subtypes": [], "supertypes": [], "text": "As an additional cost to cast this spell, sacrifice an artifact.\nSearch your library for an artifact card, put that card onto the battlefield, then shuffle.", "type": "Sorcery", "types": ["Sorcery"], "uuid": "941bb399-38a0-526a-bdfe-d3843d24475b"}, {"artist": "Tim Hildebrandt", "availability": ["mtgo", "paper"], "borderColor": "black", "colorIdentity": [], "colors": [], "convertedManaCost": 3.0, "edhrecRank": 2194, "finishes": ["foil"], "flavorText": "Designed to restrain petty thoughts, but used to repress entire empires.", "foreignData": [], "frameVersion": "2003", "hasFoil": true, "hasNonFoil": false, "identifiers": {"cardKingdomFoilId": "127568", "cardsphereId": "18462", "mcmId": "21469", "mcmMetaId": "6158", "mtgjsonV4Id": "de9cbe25-5707-51cd-a40c-30628c41b229", "mtgoFoilId": "33936", "mtgoId": "33935", "multiverseId": "194979", "scryfallId": "7f197152-fadc-4c4b-b192-02d470376fe6", "scryfallIllustrationId": "c359e041-6890-46e3-a0e0-bf18d2280a87", "scryfallOracleId": "69d994f2-b8f6-425f-9655-977c2144d40c", "tcgplayerProductId": "32788"}, "isReprint": true, "isStarter": true, "language": "English", "layout": "normal", "legalities": {"commander": "Legal", "duel": "Legal", "legacy": "Legal", "modern": "Legal", "vintage": "Restricted"}, "manaCost": "{3}", "manaValue": 3.0, "name": "Trinisphere", "number": "15", "printings": ["2XM", "DST", "MPS", "V09"], "purchaseUrls": {"cardKingdomFoil": "https://mtgjson.com/links/fbcd70dc2ce6dadb", "cardmarket": "https://mtgjson.com/links/6dd3bb48cd839fbd", "tcgplayer": "https://mtgjson.com/links/5c1e36c189f091cd"}, "rarity": "mythic", "rulings": [{"date": "2020-08-07", "text": "To determine the total cost of a spell, start with the mana cost or alternative cost you're paying, add any cost increases, then apply any cost reductions. Finally, apply Trinisphere's effect if the mana component of the spell's cost is less than three mana. The mana value of the spell remains unchanged, no matter what the total cost to cast it was."}, {"date": "2020-08-07", "text": "If Trinisphere leaves the battlefield or becomes tapped or untapped as a cost to cast a spell, this cost is paid after you've locked in the total cost."}], "setCode": "V09", "subtypes": [], "supertypes": [], "text": "As long as Trinisphere is untapped, each spell that would cost less than three mana to cast costs three mana to cast. (Additional mana in the cost may be paid with any color of mana or colorless mana. For example, a spell that would cost {1}{B} to cast costs {2}{B} to cast instead.)", "type": "Artifact", "types": ["Artifact"], "uuid": "f7ada99b-1326-5374-8566-630423f7c8a4"}], "cardsphereSetId": 838, "code": "V09", "isFoilOnly": true, "isOnlineOnly": false, "keyruneCode": "V09", "mcmId": 112, "mcmName": "From the Vault: Exiled", "mtgoCode": "V09", "name": "From the Vault: Exiled", "releaseDate": "2009-08-28", "sealedProduct": [{"identifiers": {"tcgplayerProductId": "32809"}, "name": "From the Vault Exiled Box Set", "purchaseUrls": {"tcgplayer": "https://mtgjson.com/links/1f25d3a183660f92"}, "releaseDate": null, "uuid": "becd1c1c-3db3-5d75-842c-ca25d16e6779"}], "tcgplayerGroupId": 48, "tokens": [], "totalSetSize": 15, "translations": {}, "type": "from_the_vault"}}