{"meta": {"date": "2022-05-26", "version": "5.2.0+20220526"}, "data": {"baseSetSize": 20, "cards": [{"artist": "Clint Langley", "availability": ["mtgo", "paper"], "borderColor": "black", "colorIdentity": ["B"], "colors": ["B"], "convertedManaCost": 1.0, "edhrecRank": 90, "finishes": ["foil"], "flavorText": "\"Leshrac, my liege, grant me the power I am due.\"\n—Lim-Dûl, the Necromancer", "foreignData": [], "frameVersion": "2003", "hasFoil": true, "hasNonFoil": false, "identifiers": {"cardKingdomFoilId": "191100", "cardsphereId": "18529", "mcmId": "263689", "mcmMetaId": "1295", "mtgjsonV4Id": "db3c42a2-45c7-5a6e-9d28-64d9cf8b6239", "mtgoFoilId": "50024", "mtgoId": "50023", "multiverseId": "373329", "scryfallId": "2672da84-92b0-41a9-afde-5f049aec506e", "scryfallIllustrationId": "d2b19b06-705f-40e4-aace-072885238f4c", "scryfallOracleId": "53f7c868-b03e-4fc2-8dcf-a75bbfa3272b", "tcgplayerProductId": "70782"}, "isReprint": true, "isStarter": true, "language": "English", "layout": "normal", "legalities": {"commander": "Legal", "duel": "Legal", "gladiator": "Legal", "historic": "Banned", "historicbrawl": "Legal", "legacy": "Legal", "pauper": "Legal", "paupercommander": "Legal", "penny": "Legal", "premodern": "Legal", "vintage": "Legal"}, "manaCost": "{B}", "manaValue": 1.0, "name": "Dark Ritual", "number": "1", "printings": ["2ED", "3ED", "4BB", "4ED", "5ED", "A25", "BRB", "BTD", "CED", "CEI", "CST", "DDC", "DDE", "DKM", "DVD", "FBB", "G09", "HOP", "ICE", "ITP", "J21", "LEA", "LEB", "MB1", "ME4", "MIR", "MMQ", "MP2", "PMEI", "PRM", "PTC", "RQS", "STA", "SUM", "TMP", "TPR", "USG", "V13", "VMA", "WC01", "WC99"], "purchaseUrls": {"cardKingdomFoil": "https://mtgjson.com/links/95bbc322b8297749", "cardmarket": "https://mtgjson.com/links/d82dd963922b17be", "tcgplayer": "https://mtgjson.com/links/070feca36abccc08"}, "rarity": "mythic", "rulings": [], "setCode": "V13", "subtypes": [], "supertypes": [], "text": "Add {B}{B}{B}.", "type": "Instant", "types": ["Instant"], "uuid": "5c224cf3-a9d4-5858-9381-c7b0653d95b5"}, {"artist": "Terese Nielsen", "availability": ["mtgo", "paper"], "borderColor": "black", "colorIdentity": ["W"], "colors": ["W"], "convertedManaCost": 1.0, "edhrecRank": 13, "finishes": ["foil"], "flavorText": "The smallest seed of regret can bloom into redemption.", "foreignData": [], "frameVersion": "2003", "hasFoil": true, "hasNonFoil": false, "identifiers": {"cardKingdomFoilId": "191110", "cardsphereId": "18539", "mcmId": "263690", "mcmMetaId": "5753", "mtgjsonV4Id": "552af5e2-d3de-5f0d-9f0e-5f65dd20a94e", "mtgoFoilId": "50036", "mtgoId": "50035", "multiverseId": "373334", "scryfallId": "cd18a312-d5a4-456a-9bdc-9cd480c63c37", "scryfallIllustrationId": "d591934a-c68a-47e6-b207-d24c65af9440", "scryfallOracleId": "b1544f21-7e98-461b-aed5-e748b0168c52", "tcgplayerProductId": "70783"}, "isReprint": true, "isStarter": true, "language": "English", "layout": "normal", "legalities": {"commander": "Legal", "duel": "Legal", "gladiator": "Legal", "historic": "Banned", "historicbrawl": "Legal", "legacy": "Legal", "premodern": "Legal", "vintage": "Legal"}, "manaCost": "{W}", "manaValue": 1.0, "name": "Swords to Plowshares", "number": "2", "printings": ["2ED", "3ED", "4BB", "4ED", "A25", "AFC", "ATH", "BBD", "BRB", "C16", "C17", "CED", "CEI", "CMR", "CNS", "CST", "DDF", "EMA", "F01", "FBB", "ICE", "IMA", "J13", "J21", "LEA", "LEB", "MB1", "ME2", "ME4", "MIC", "NCC", "NEC", "PRM", "PTC", "SLD", "STA", "SUM", "TD0", "V13", "VMA", "VOC", "WC97"], "purchaseUrls": {"cardKingdomFoil": "https://mtgjson.com/links/d998215143d94ba7", "cardmarket": "https://mtgjson.com/links/f44614523f209c8a", "tcgplayer": "https://mtgjson.com/links/51856fa27fa72acf"}, "rarity": "mythic", "rulings": [{"date": "2018-03-16", "text": "The amount of life gained is equal to the power of the targeted creature as it last existed on the battlefield."}, {"date": "2018-03-16", "text": "If the creature's power is negative, its controller doesn't lose or gain life."}], "setCode": "V13", "subtypes": [], "supertypes": [], "text": "Exile target creature. Its controller gains life equal to its power.", "type": "Instant", "types": ["Instant"], "uuid": "12f5d21c-39f4-5c18-8e70-67a3ab299266"}, {"artist": "Greg Staples", "availability": ["mtgo", "paper"], "borderColor": "black", "colorIdentity": ["B"], "colors": ["B"], "convertedManaCost": 2.0, "edhrecRank": 5454, "finishes": ["foil"], "flavorText": "The priests plead for your anguish and pray for your despair.", "foreignData": [], "frameVersion": "2003", "hasFoil": true, "hasNonFoil": false, "identifiers": {"cardKingdomFoilId": "191105", "cardsphereId": "18534", "mcmId": "263677", "mcmMetaId": "2781", "mtgjsonV4Id": "3007ad3c-6bfb-5e09-9e0a-0930c295139c", "mtgoFoilId": "50044", "mtgoId": "50043", "multiverseId": "373324", "scryfallId": "f4089e6c-51eb-44c4-8395-68e43cbed93d", "scryfallIllustrationId": "649fc68a-1d60-4808-84eb-5040aff5941c", "scryfallOracleId": "992d9a72-d34d-47d7-96fb-37f0efb515ef", "tcgplayerProductId": "70760"}, "isReprint": true, "isStarter": true, "language": "English", "layout": "normal", "legalities": {"commander": "Legal", "duel": "Legal", "legacy": "Legal", "pauper": "Banned", "paupercommander": "Legal", "penny": "Legal", "vintage": "Legal"}, "manaCost": "{B}{B}", "manaValue": 2.0, "name": "Hymn to Tourach", "number": "3", "printings": ["ATH", "EMA", "FEM", "ME1", "PRM", "PTC", "V13", "VMA"], "purchaseUrls": {"cardKingdomFoil": "https://mtgjson.com/links/81f1610634445052", "cardmarket": "https://mtgjson.com/links/d99850834b27e095", "tcgplayer": "https://mtgjson.com/links/5be8fcfbe202b41a"}, "rarity": "mythic", "rulings": [], "setCode": "V13", "subtypes": [], "supertypes": [], "text": "Target player discards two cards at random.", "type": "Sorcery", "types": ["Sorcery"], "uuid": "c8481769-b9bb-5407-a1b2-c76a6f3692af"}, {"artist": "Igor Kieryluk", "availability": ["mtgo", "paper"], "borderColor": "black", "colorIdentity": ["G"], "colors": ["G"], "convertedManaCost": 1.0, "edhrecRank": 98, "finishes": ["foil"], "flavorText": "\"We could no more abandon the forest than the stars could abandon the night sky.\"", "foreignData": [], "frameVersion": "2003", "hasFoil": true, "hasNonFoil": false, "identifiers": {"cardKingdomFoilId": "191102", "cardsphereId": "18531", "mcmId": "263691", "mcmMetaId": "2250", "mtgjsonV4Id": "c3c947b6-6ee8-594a-87eb-a9139c222e37", "mtgoFoilId": "50042", "mtgoId": "50041", "multiverseId": "373320", "scryfallId": "ab107a7f-cafc-44a7-a58c-4d83acf8f99e", "scryfallIllustrationId": "591f20ba-804d-4410-9f0c-1ca1306de73e", "scryfallOracleId": "df317532-7d36-40fd-938f-e972749c8792", "tcgplayerProductId": "70784"}, "isReprint": true, "isStarter": true, "language": "English", "layout": "normal", "legalities": {"commander": "Legal", "duel": "Legal", "legacy": "Legal", "pauper": "Legal", "paupercommander": "Legal", "penny": "Legal", "premodern": "Legal", "vintage": "Legal"}, "manaCost": "{G}", "manaValue": 1.0, "name": "Fyndhorn Elves", "number": "4", "power": "1", "printings": ["CMR", "DKM", "ICE", "ME1", "PRM", "PTC", "V13", "VMA", "WC97"], "purchaseUrls": {"cardKingdomFoil": "https://mtgjson.com/links/30c183c8c2d93184", "cardmarket": "https://mtgjson.com/links/115e5ca698ba61b9", "tcgplayer": "https://mtgjson.com/links/a81549872f27d360"}, "rarity": "mythic", "rulings": [], "setCode": "V13", "subtypes": ["Elf", "Druid"], "supertypes": [], "text": "{T}: Add {G}.", "toughness": "1", "type": "Creature — Elf Druid", "types": ["Creature"], "uuid": "bf3b05fd-ef3f-56f5-8e82-c5f9827a84c8"}, {"artist": "Izzy", "availability": ["mtgo", "paper"], "borderColor": "black", "colorIdentity": ["U"], "colors": ["U"], "convertedManaCost": 2.0, "edhrecRank": 979, "finishes": ["foil"], "flavorText": "\"You call it luck. I call it preparation.\"", "foreignData": [], "frameVersion": "2003", "hasFoil": true, "hasNonFoil": false, "identifiers": {"cardKingdomFoilId": "191106", "cardsphereId": "18535", "mcmId": "263683", "mcmMetaId": "2839", "mtgjsonV4Id": "f376515e-8f97-59b0-a160-f80412cec010", "mtgoFoilId": "50048", "mtgoId": "50047", "multiverseId": "373330", "scryfallId": "2e48fe92-a2d7-49a8-a05d-6f032c532f14", "scryfallIllustrationId": "051feaa1-53eb-4f1b-ad4d-2150d9a142f7", "scryfallOracleId": "f6bd2902-7f8b-419e-bbc7-bcab0c1b7e01", "tcgplayerProductId": "70762"}, "isReprint": true, "isStarter": true, "language": "English", "layout": "normal", "legalities": {"commander": "Legal", "duel": "Legal", "legacy": "Legal", "pauper": "Legal", "paupercommander": "Legal", "premodern": "Legal", "vintage": "Legal"}, "manaCost": "{1}{U}", "manaValue": 2.0, "name": "Impulse", "number": "5", "printings": ["BBD", "BTD", "DDN", "F01", "MB1", "PRM", "V13", "VIS", "WC97", "WC98"], "purchaseUrls": {"cardKingdomFoil": "https://mtgjson.com/links/d22f653094c2e16d", "cardmarket": "https://mtgjson.com/links/df0a6400272da2e5", "tcgplayer": "https://mtgjson.com/links/71302115275a8340"}, "rarity": "mythic", "rulings": [{"date": "2004-10-04", "text": "This is not a draw."}, {"date": "2004-10-04", "text": "Due to errata, you no longer shuffle your library."}], "setCode": "V13", "subtypes": [], "supertypes": [], "text": "Look at the top four cards of your library. Put one of them into your hand and the rest on the bottom of your library in any order.", "type": "Instant", "types": ["Instant"], "uuid": "05737cb5-fc88-588b-8122-6ab8e9b25a25"}, {"artist": "Heather Hudson", "availability": ["mtgo", "paper"], "borderColor": "black", "colorIdentity": ["G"], "colors": ["G"], "convertedManaCost": 2.0, "edhrecRank": 1465, "finishes": ["foil"], "flavorText": "Each flower identical, every leaf and petal disturbingly exact.", "foreignData": [], "frameVersion": "2003", "hasFoil": true, "hasNonFoil": false, "identifiers": {"cardKingdomFoilId": "191114", "cardsphereId": "18543", "mcmId": "263692", "mcmMetaId": "6459", "mtgjsonV4Id": "b59aaa92-0e99-55e3-b1f2-bd8576700d9d", "mtgoFoilId": "50026", "mtgoId": "50025", "multiverseId": "373319", "scryfallId": "3c582edb-b78b-4aea-95c2-4284d4129574", "scryfallIllustrationId": "a4709cb1-a44b-45ba-9914-1a6c60a8dbdb", "scryfallOracleId": "ef4d5fb3-70a3-433d-a9d3-18b2beb8d79f", "tcgplayerProductId": "70785"}, "isReprint": true, "isStarter": true, "keywords": ["Defender"], "language": "English", "layout": "normal", "legalities": {"commander": "Legal", "duel": "Legal", "gladiator": "Legal", "historic": "Legal", "historicbrawl": "Legal", "legacy": "Legal", "modern": "Legal", "paupercommander": "Restricted", "premodern": "Legal", "vintage": "Legal"}, "manaCost": "{1}{G}", "manaValue": 2.0, "name": "Wall of Blossoms", "number": "6", "power": "0", "printings": ["C15", "C16", "CMA", "F02", "JMP", "MH1", "PC2", "PCA", "PRM", "PZ1", "STH", "TPR", "V13", "WC98"], "purchaseUrls": {"cardKingdomFoil": "https://mtgjson.com/links/05809531ed475371", "cardmarket": "https://mtgjson.com/links/6053029a2fc4f6e7", "tcgplayer": "https://mtgjson.com/links/0d9a34e2269f6f8f"}, "rarity": "mythic", "rulings": [], "setCode": "V13", "subtypes": ["Plant", "Wall"], "supertypes": [], "text": "Defender\nWhen Wall of Blossoms enters the battlefield, draw a card.", "toughness": "4", "type": "Creature — Plant Wall", "types": ["Creature"], "uuid": "ed814c00-ff43-500b-bb3d-67f7c0a89dda"}, {"artist": "Ron Spears", "availability": ["mtgo", "paper"], "borderColor": "black", "colorIdentity": [], "colors": [], "convertedManaCost": 4.0, "edhrecRank": 175, "finishes": ["foil"], "flavorText": "Urza's metathran children were conceived, birthed, and nurtured by an integrated system of machines.", "foreignData": [], "frameVersion": "2003", "hasFoil": true, "hasNonFoil": false, "identifiers": {"cardKingdomFoilId": "191112", "cardsphereId": "18541", "mcmId": "263693", "mcmMetaId": "5962", "mtgjsonV4Id": "463f9097-c21e-54fd-95d0-39445603ca32", "mtgoFoilId": "50030", "mtgoId": "50029", "multiverseId": "373331", "scryfallId": "e31071e1-1022-4a83-8f22-0d4fe13ac7d6", "scryfallIllustrationId": "d61c8a9c-defc-4eb7-9dd6-550a90ce201a", "scryfallOracleId": "a699c663-8131-4045-9265-a83e86609374", "tcgplayerProductId": "70786"}, "isReprint": true, "isStarter": true, "language": "English", "layout": "normal", "legalities": {"commander": "Legal", "duel": "Legal", "legacy": "Legal", "premodern": "Legal", "vintage": "Legal"}, "manaCost": "{4}", "manaValue": 4.0, "name": "Thran Dynamo", "number": "7", "printings": ["ARC", "C14", "C19", "IMA", "MB1", "PZ1", "SLD", "UDS", "V13", "WC00", "WC99"], "purchaseUrls": {"cardKingdomFoil": "https://mtgjson.com/links/1a43dcfccd1986dc", "cardmarket": "https://mtgjson.com/links/d25e51a347b04f85", "tcgplayer": "https://mtgjson.com/links/614c4ceda9a062b0"}, "rarity": "mythic", "rulings": [], "setCode": "V13", "subtypes": [], "supertypes": [], "text": "{T}: Add {C}{C}{C}.", "type": "Artifact", "types": ["Artifact"], "uuid": "146b1376-2ea7-55ad-98aa-0f58b4b07b22"}, {"artist": "Marco Nelor", "availability": ["mtgo", "paper"], "borderColor": "black", "colorIdentity": [], "colors": [], "convertedManaCost": 3.0, "edhrecRank": 3140, "finishes": ["foil"], "foreignData": [], "frameVersion": "2003", "hasFoil": true, "hasNonFoil": false, "identifiers": {"cardKingdomFoilId": "191111", "cardsphereId": "18540", "mcmId": "263694", "mcmMetaId": "5815", "mtgjsonV4Id": "597fdbee-28b3-56c5-974f-205fdc2ec608", "mtgoFoilId": "50054", "mtgoId": "50053", "multiverseId": "373322", "scryfallId": "74d29b3d-f588-431d-bf4e-f7215683ab39", "scryfallIllustrationId": "7cf2eaa8-2cf1-4c32-b51f-8503e6ed13dc", "scryfallOracleId": "c4ea0931-43e0-4214-9e0b-213eee3a7e69", "tcgplayerProductId": "70787"}, "isReprint": true, "isStarter": true, "keywords": ["Fading"], "language": "English", "layout": "normal", "legalities": {"commander": "Legal", "duel": "Legal", "legacy": "Legal", "premodern": "Legal", "vintage": "Legal"}, "manaCost": "{3}", "manaValue": 3.0, "name": "Tangle Wire", "number": "8", "printings": ["NEM", "V13", "WC00"], "purchaseUrls": {"cardKingdomFoil": "https://mtgjson.com/links/8bc2536e773f7f1f", "cardmarket": "https://mtgjson.com/links/74195fd79d3816dd", "tcgplayer": "https://mtgjson.com/links/eb3786a1e5e5c852"}, "rarity": "mythic", "rulings": [], "setCode": "V13", "subtypes": [], "supertypes": [], "text": "Fading 4 (This artifact enters the battlefield with four fade counters on it. At the beginning of your upkeep, remove a fade counter from it. If you can't, sacrifice it.)\nAt the beginning of each player's upkeep, that player taps an untapped artifact, creature, or land they control for each fade counter on Tangle Wire.", "type": "Artifact", "types": ["Artifact"], "uuid": "4b62387c-e071-52c8-abd1-99b610d657b5"}, {"artist": "Terese Nielsen", "availability": ["mtgo", "paper"], "borderColor": "black", "colorIdentity": ["U"], "colors": ["U"], "convertedManaCost": 4.0, "edhrecRank": 154, "finishes": ["foil"], "foreignData": [], "frameVersion": "2003", "hasFoil": true, "hasNonFoil": false, "identifiers": {"cardKingdomFoilId": "191101", "cardsphereId": "18530", "mcmId": "263695", "mcmMetaId": "1929", "mtgjsonV4Id": "84bb207e-332b-5930-86a6-ad7f7014a756", "mtgoFoilId": "50032", "mtgoId": "50031", "multiverseId": "373325", "scryfallId": "98b4e60c-d2bc-4784-9dd5-76f97d6eec35", "scryfallIllustrationId": "d86a56a5-ceca-4bf8-b446-3b8f3eba1439", "scryfallOracleId": "437b2dab-15e0-4b9a-a204-58622d37a3b3", "tcgplayerProductId": "70789"}, "isReprint": true, "isStarter": true, "language": "English", "layout": "normal", "legalities": {"commander": "Legal", "duel": "Legal", "legacy": "Legal", "modern": "Legal", "penny": "Legal", "premodern": "Legal", "vintage": "Legal"}, "manaCost": "{3}{U}", "manaValue": 4.0, "name": "Fact or Fiction", "number": "9", "printings": ["C15", "C19", "CM2", "CMD", "CMR", "CNS", "DD2", "EMA", "F05", "INV", "JVC", "MB1", "MH1", "NCC", "PLIST", "PRM", "PZ1", "SLD", "TD0", "V13", "VMA", "WC01", "WC02", "ZNC"], "purchaseUrls": {"cardKingdomFoil": "https://mtgjson.com/links/ab266e95da1efcaa", "cardmarket": "https://mtgjson.com/links/770ebaa04ef4a162", "tcgplayer": "https://mtgjson.com/links/e114bb3f5ff1f04f"}, "rarity": "mythic", "rulings": [{"date": "2019-06-14", "text": "You choose which pile to put into your hand."}, {"date": "2019-06-14", "text": "Each pile may contain from zero to five cards; they don't have to be split “evenly.”"}], "setCode": "V13", "subtypes": [], "supertypes": [], "text": "Reveal the top five cards of your library. An opponent separates those cards into two piles. Put one pile into your hand and the other into your graveyard.", "type": "Instant", "types": ["Instant"], "uuid": "59be8f8a-698e-58dc-b5ec-531a4f6f1677"}, {"artist": "Mark Zug", "availability": ["mtgo", "paper"], "borderColor": "black", "colorIdentity": ["B"], "colors": ["B"], "convertedManaCost": 2.0, "edhrecRank": 10345, "finishes": ["foil"], "foreignData": [], "frameVersion": "2003", "hasFoil": true, "hasNonFoil": false, "identifiers": {"cardKingdomFoilId": "191096", "cardsphereId": "18525", "mcmId": "263696", "mcmMetaId": "912", "mtgjsonV4Id": "55a441a5-57c4-5572-ac5c-5bc2c01d0d56", "mtgoFoilId": "50058", "mtgoId": "50057", "multiverseId": "373317", "scryfallId": "1ca71fa1-c321-4ffb-b38d-b5c35be8bec6", "scryfallIllustrationId": "a2a01f13-a53f-49cf-bcf5-930e201a1a30", "scryfallOracleId": "7975cb9d-d37e-44f8-9614-86d2ad453c35", "tcgplayerProductId": "70790"}, "isReprint": true, "isStarter": true, "keywords": ["Flashback"], "language": "English", "layout": "normal", "legalities": {"commander": "Legal", "duel": "Legal", "gladiator": "Legal", "historic": "Legal", "historicbrawl": "Legal", "legacy": "Legal", "pauper": "Legal", "paupercommander": "Legal", "premodern": "Legal", "vintage": "Legal"}, "manaCost": "{1}{B}", "manaValue": 2.0, "name": "Chainer's Edict", "number": "10", "printings": ["F06", "HA3", "PRM", "TOR", "UMA", "V13", "VMA", "WC02", "WC03"], "purchaseUrls": {"cardKingdomFoil": "https://mtgjson.com/links/b0a769144de3984c", "cardmarket": "https://mtgjson.com/links/17bac3be2158c6ea", "tcgplayer": "https://mtgjson.com/links/2f1a9c1707193c54"}, "rarity": "mythic", "rulings": [{"date": "2021-03-19", "text": "“Flashback [cost]” means “You may cast this card from your graveyard by paying [cost] rather than paying its mana cost” and “If the flashback cost was paid, exile this card instead of putting it anywhere else any time it would leave the stack.”"}, {"date": "2021-03-19", "text": "You must still follow any timing restrictions and permissions, including those based on the card’s type. For instance, you can cast a sorcery using flashback only when you could normally cast a sorcery."}, {"date": "2021-03-19", "text": "To determine the total cost of a spell, start with the mana cost or alternative cost (such as a flashback cost) you’re paying, add any cost increases, then apply any cost reductions. The mana value of the spell is determined only by its mana cost, no matter what the total cost to cast the spell was."}, {"date": "2021-03-19", "text": "A spell cast using flashback will always be exiled afterward, whether it resolves, is countered, or leaves the stack in some other way."}, {"date": "2021-03-19", "text": "You can cast a spell using flashback even if it was somehow put into your graveyard without having been cast."}, {"date": "2021-03-19", "text": "If a card with flashback is put into your graveyard during your turn, you can cast it if it’s legal to do so before any other player can take any actions."}], "setCode": "V13", "subtypes": [], "supertypes": [], "text": "Target player sacrifices a creature.\nFlashback {5}{B}{B} (You may cast this card from your graveyard for its flashback cost. Then exile it.)", "type": "Sorcery", "types": ["Sorcery"], "uuid": "aac7cc4f-d0a3-54e3-92aa-27ec8a9a547b"}, {"artist": "Aleksi Briclot", "availability": ["mtgo", "paper"], "borderColor": "black", "colorIdentity": ["W"], "colors": ["W"], "convertedManaCost": 6.0, "edhrecRank": 1891, "finishes": ["foil"], "flavorText": "\"Many must die for the one who should not have perished.\"", "foreignData": [], "frameVersion": "2003", "hasFoil": true, "hasNonFoil": false, "identifiers": {"cardKingdomFoilId": "191095", "cardsphereId": "18524", "mcmId": "263679", "mcmMetaId": "88", "mtgjsonV4Id": "075fbef0-6bf5-5959-ab63-b1bd60a354f4", "mtgoFoilId": "50056", "mtgoId": "50055", "multiverseId": "373328", "scryfallId": "4f112edd-1d2f-45ad-aaeb-6c0934d24c1f", "scryfallIllustrationId": "e81d3413-58c7-48b5-babb-8aab85063d1b", "scryfallOracleId": "ae19dce5-c9fc-4fbe-99b5-dc6a12124a68", "tcgplayerProductId": "70759"}, "isReprint": true, "isStarter": true, "keywords": ["Cycling"], "language": "English", "layout": "normal", "legalities": {"commander": "Legal", "duel": "Legal", "legacy": "Legal", "premodern": "Legal", "vintage": "Legal"}, "manaCost": "{4}{W}{W}", "manaValue": 6.0, "name": "Akroma's Vengeance", "number": "11", "printings": ["A25", "C18", "C20", "CMA", "CMD", "HOP", "ONS", "V13", "WC04"], "purchaseUrls": {"cardKingdomFoil": "https://mtgjson.com/links/8b0f0ab7d4603b56", "cardmarket": "https://mtgjson.com/links/b63d84f7e93f4ae4", "tcgplayer": "https://mtgjson.com/links/3340ed3d17baf76a"}, "rarity": "mythic", "rulings": [{"date": "2008-10-01", "text": "Cycling is an activated ability. Effects that interact with activated abilities (such as Stifle or Rings of Brighthearth) will interact with cycling. Effects that interact with spells (such as Remove Soul or Faerie Tauntings) will not."}], "setCode": "V13", "subtypes": [], "supertypes": [], "text": "Destroy all artifacts, creatures, and enchantments.\nCycling {3} ({3}, Discard this card: Draw a card.)", "type": "Sorcery", "types": ["Sorcery"], "uuid": "e857d77a-d464-5020-981c-7abf4fd9a254"}, {"artist": "Daniel Ljunggren", "availability": ["mtgo", "paper"], "borderColor": "black", "colorIdentity": [], "colors": [], "convertedManaCost": 5.0, "edhrecRank": 208, "finishes": ["foil"], "flavorText": "Over such beauty, wars are fought. With such power, wars are won.", "foreignData": [], "frameVersion": "2003", "hasFoil": true, "hasNonFoil": false, "identifiers": {"cardKingdomFoilId": "191103", "cardsphereId": "18532", "mcmId": "263678", "mcmMetaId": "2343", "mtgjsonV4Id": "d909a49d-80c6-55eb-9e16-98b6b18e66f6", "mtgoFoilId": "50052", "mtgoId": "50051", "multiverseId": "373335", "scryfallId": "bc8add12-e02e-477d-b51d-d94d14923fd6", "scryfallIllustrationId": "2df6adc3-aa8f-4494-a33a-f8b52aec3b8b", "scryfallOracleId": "9a02a9a7-39d9-4763-85d3-747a0540b60b", "tcgplayerProductId": "70763"}, "isReprint": true, "isStarter": true, "language": "English", "layout": "normal", "legalities": {"commander": "Legal", "duel": "Legal", "explorer": "Legal", "gladiator": "Legal", "historic": "Legal", "historicbrawl": "Legal", "legacy": "Legal", "modern": "Legal", "penny": "Legal", "pioneer": "Legal", "vintage": "Legal"}, "manaCost": "{5}", "manaValue": 5.0, "name": "Gilded Lotus", "number": "12", "printings": ["DOM", "M13", "MRD", "PDOM", "SLD", "V13"], "purchaseUrls": {"cardKingdomFoil": "https://mtgjson.com/links/766af2deef38d042", "cardmarket": "https://mtgjson.com/links/97401434fa90554f", "tcgplayer": "https://mtgjson.com/links/f679290eea3b093f"}, "rarity": "mythic", "rulings": [], "setCode": "V13", "subtypes": [], "supertypes": [], "text": "{T}: Add three mana of any one color.", "type": "Artifact", "types": ["Artifact"], "uuid": "68d95467-9e67-5738-963e-e78fbe9e362d"}, {"artist": "Wayne Reynolds", "availability": ["mtgo", "paper"], "borderColor": "black", "colorIdentity": ["B"], "colors": ["B"], "convertedManaCost": 6.0, "edhrecRank": 2427, "finishes": ["foil"], "foreignData": [], "frameVersion": "2003", "hasFoil": true, "hasNonFoil": false, "identifiers": {"cardKingdomFoilId": "191107", "cardsphereId": "18536", "mcmId": "263682", "mcmMetaId": "7432", "mtgjsonV4Id": "4f616b22-540c-50bb-98c4-6307277de7bd", "mtgoFoilId": "50060", "mtgoId": "50059", "multiverseId": "373327", "scryfallId": "d91bb516-f9b1-4efa-8e4f-a1dbacd19b61", "scryfallIllustrationId": "007b32a6-b5bc-4a8b-a5c3-0c7e84e71c14", "scryfallOracleId": "5d520476-740a-4005-801e-472b24fa6497", "tcgplayerProductId": "70761"}, "isReprint": true, "isStarter": true, "keywords": ["Ninjutsu"], "language": "English", "layout": "normal", "leadershipSkills": {"brawl": false, "commander": true, "oathbreaker": false}, "legalities": {"commander": "Legal", "duel": "Legal", "legacy": "Legal", "modern": "Legal", "penny": "Legal", "vintage": "Legal"}, "manaCost": "{4}{B}{B}", "manaValue": 6.0, "name": "Ink-Eyes, Servant of Oni", "number": "13", "power": "5", "printings": ["BOK", "PBOK", "PC2", "PCA", "PLIST", "PRM", "SLD", "V13"], "purchaseUrls": {"cardKingdomFoil": "https://mtgjson.com/links/c6f1abc5e69e9de7", "cardmarket": "https://mtgjson.com/links/add56074ca86770a", "tcgplayer": "https://mtgjson.com/links/80ab95723cf3aeb0"}, "rarity": "mythic", "rulings": [{"date": "2005-02-01", "text": "If, during the combat damage step, a creature is destroyed during combat and Ink-Eyes also deals combat damage to a player, the destroyed creature can be a legal target for Ink-Eyes’s ability."}], "setCode": "V13", "subtypes": ["Rat", "Ninja"], "supertypes": ["Legendary"], "text": "Ninjutsu {3}{B}{B} ({3}{B}{B}, Return an unblocked attacker you control to hand: Put this card onto the battlefield from your hand tapped and attacking.)\nWhenever Ink-Eyes, Servant of Oni deals combat damage to a player, you may put target creature card from that player's graveyard onto the battlefield under your control.\n{1}{B}: Regenerate Ink-Eyes.", "toughness": "4", "type": "Legendary Creature — Rat Ninja", "types": ["Creature"], "uuid": "7a35b6d3-cbc9-5bf5-a41a-a5c5d4d9c341"}, {"artist": "Adam Rex", "availability": ["mtgo", "paper"], "borderColor": "black", "colorIdentity": ["R"], "colors": ["R"], "convertedManaCost": 3.0, "edhrecRank": 13693, "finishes": ["foil"], "flavorText": "Izzet mages often acquire their magic reagents from dubious sources, so the potency of their spells is never predictable.", "foreignData": [], "frameVersion": "2003", "hasFoil": true, "hasNonFoil": false, "identifiers": {"cardKingdomFoilId": "191098", "cardsphereId": "18527", "mcmId": "263697", "mcmMetaId": "7904", "mtgjsonV4Id": "9e6615a7-0dc7-5c6c-8d25-361bceaae24d", "mtgoFoilId": "50062", "mtgoId": "50061", "multiverseId": "373332", "scryfallId": "d2b88ff7-90c2-4a7e-aae5-2793833c2571", "scryfallIllustrationId": "c621541e-4d85-4d84-a8a6-33417dff9683", "scryfallOracleId": "e57d90ad-2f54-46ca-8237-aa383353a0de", "tcgplayerProductId": "70791"}, "isReprint": true, "isStarter": true, "language": "English", "layout": "normal", "legalities": {"commander": "Legal", "duel": "Legal", "legacy": "Legal", "modern": "Legal", "penny": "Legal", "vintage": "Legal"}, "manaCost": "{2}{R}", "manaValue": 3.0, "name": "Char", "number": "14", "printings": ["GK1", "P15A", "PRM", "RAV", "V13"], "purchaseUrls": {"cardKingdomFoil": "https://mtgjson.com/links/eca64e5d3fc651bd", "cardmarket": "https://mtgjson.com/links/5f390dadf7cec8e3", "tcgplayer": "https://mtgjson.com/links/5b64834d49905538"}, "rarity": "mythic", "rulings": [], "setCode": "V13", "subtypes": [], "supertypes": [], "text": "Char deals 4 damage to any target and 2 damage to you.", "type": "Instant", "types": ["Instant"], "uuid": "5bf40558-df83-5e1a-a98b-f711ec34799b"}, {"artist": "Eric Deschamps", "availability": ["mtgo", "paper"], "borderColor": "black", "colorIdentity": ["U"], "colors": ["U"], "convertedManaCost": 4.0, "edhrecRank": 949, "finishes": ["foil"], "flavorText": "His marvels of artifice pale in comparison to the developing machinery of his mind.", "foreignData": [], "frameVersion": "2003", "hasFoil": true, "hasNonFoil": false, "identifiers": {"cardKingdomFoilId": "191113", "cardsphereId": "18542", "mcmId": "263680", "mcmMetaId": "8967", "mtgjsonV4Id": "a94e6d49-7f64-53b8-a05f-21d5fe1c9732", "mtgoFoilId": "50050", "mtgoId": "50049", "multiverseId": "373326", "scryfallId": "b4fd3241-ac43-45fc-ac06-e441daee1b31", "scryfallIllustrationId": "8c9d4cdf-27c7-4ba4-8874-29f3350cf3aa", "scryfallOracleId": "0f41cefc-d6ff-4db7-ba35-502b7e081de1", "tcgplayerProductId": "70758"}, "isReprint": true, "isStarter": true, "keywords": ["Flash"], "language": "English", "layout": "normal", "leadershipSkills": {"brawl": false, "commander": true, "oathbreaker": false}, "legalities": {"commander": "Legal", "duel": "Legal", "legacy": "Legal", "modern": "Legal", "vintage": "Legal"}, "manaCost": "{2}{U}{U}", "manaValue": 4.0, "name": "Venser, Shaper Savant", "number": "15", "power": "2", "printings": ["FUT", "MM3", "TSR", "V13"], "purchaseUrls": {"cardKingdomFoil": "https://mtgjson.com/links/f39f715edbeb039f", "cardmarket": "https://mtgjson.com/links/ad2491111253e83d", "tcgplayer": "https://mtgjson.com/links/e62597b5d1795f5e"}, "rarity": "mythic", "rulings": [{"date": "2017-03-14", "text": "If Venser’s triggered ability targets a spell cast with flashback, that spell will be exiled instead of returning to its owner’s hand."}, {"date": "2017-03-14", "text": "If a spell is returned to its owner’s hand, it’s removed from the stack and thus will not resolve. The spell isn’t countered; it just no longer exists. This works against a spell that can’t be countered."}, {"date": "2017-03-14", "text": "If a copy of a spell is returned to its owner’s hand, it’s moved there, then it will cease to exist as a state-based action. It can’t be recast."}, {"date": "2021-03-19", "text": "If a spell is returned to its owner’s hand, it’s removed from the stack and thus will not resolve. The spell isn’t countered; it just no longer exists. This works even against a spell that can’t be countered."}], "setCode": "V13", "subtypes": ["Human", "Wizard"], "supertypes": ["Legendary"], "text": "Flash\nWhen Venser, Shaper Savant enters the battlefield, return target spell or permanent to its owner's hand.", "toughness": "2", "type": "Legendary Creature — Human Wizard", "types": ["Creature"], "uuid": "30e5e697-f5be-57e1-88fb-e7a0df0fbed3"}, {"artist": "Darrell Riche", "availability": ["mtgo", "paper"], "borderColor": "black", "colorIdentity": ["G"], "colors": ["G"], "convertedManaCost": 4.0, "edhrecRank": 3006, "finishes": ["foil"], "foreignData": [], "frameVersion": "2003", "hasFoil": true, "hasNonFoil": false, "identifiers": {"cardKingdomFoilId": "191097", "cardsphereId": "18526", "mcmId": "263698", "mcmMetaId": "9532", "mtgjsonV4Id": "39b277ad-4c5c-5656-96eb-ec6923121572", "mtgoFoilId": "50028", "mtgoId": "50027", "multiverseId": "373321", "scryfallId": "5b966758-2377-4fce-a942-217d0869de80", "scryfallIllustrationId": "d5896787-22eb-4de4-99a4-d230131dec27", "scryfallOracleId": "7b8f1458-c638-4907-9363-f7cc22d04605", "tcgplayerProductId": "70792"}, "isReprint": true, "isStarter": true, "keywords": ["Changeling", "Protection"], "language": "English", "layout": "normal", "legalities": {"commander": "Legal", "duel": "Legal", "legacy": "Legal", "modern": "Legal", "penny": "Legal", "vintage": "Legal"}, "manaCost": "{2}{G}{G}", "manaValue": 4.0, "name": "Chameleon Colossus", "number": "16", "power": "4", "printings": ["AFC", "ARC", "C15", "MOR", "V13"], "purchaseUrls": {"cardKingdomFoil": "https://mtgjson.com/links/1f283374e5d33e5a", "cardmarket": "https://mtgjson.com/links/1abfbbcbe6221049", "tcgplayer": "https://mtgjson.com/links/c6723cf70ca8d7c0"}, "rarity": "mythic", "rulings": [], "setCode": "V13", "subtypes": ["Shapeshifter"], "supertypes": [], "text": "Changeling (This card is every creature type.)\nProtection from black\n{2}{G}{G}: Chameleon Colossus gets +X/+X until end of turn, where X is its power.", "toughness": "4", "type": "Creature — Shapeshifter", "types": ["Creature"], "uuid": "56c14a0d-6a4c-5590-bb41-3d8987018247"}, {"artist": "Todd Lockwood", "availability": ["mtgo", "paper"], "borderColor": "black", "colorIdentity": ["B", "R", "U"], "colors": ["B", "R", "U"], "convertedManaCost": 7.0, "edhrecRank": 3491, "finishes": ["foil"], "flavorText": "There is always a greater power.", "foreignData": [], "frameVersion": "2003", "hasFoil": true, "hasNonFoil": false, "identifiers": {"cardKingdomFoilId": "191099", "cardsphereId": "18528", "mcmId": "263681", "mcmMetaId": "10228", "mtgjsonV4Id": "c5c13fc4-e9c8-502d-9fef-18a7480c6542", "mtgoFoilId": "50046", "mtgoId": "50045", "multiverseId": "373318", "scryfallId": "293b5efe-3d3c-4543-bfc2-bac3e14986b8", "scryfallIllustrationId": "533b9e46-61ee-4bc8-ad17-f61c52057a46", "scryfallOracleId": "01294ac9-1a06-4ee8-b3b1-db1f07c9d94e", "tcgplayerProductId": "70757"}, "isReprint": true, "isStarter": true, "language": "English", "layout": "normal", "legalities": {"commander": "Legal", "duel": "Legal", "legacy": "Legal", "modern": "Legal", "penny": "Legal", "vintage": "Legal"}, "manaCost": "{U}{U}{B}{B}{B}{R}{R}", "manaValue": 7.0, "name": "Cruel Ultimatum", "number": "17", "printings": ["ALA", "C13", "DDH", "E01", "MM3", "V13"], "purchaseUrls": {"cardKingdomFoil": "https://mtgjson.com/links/9e0d8a7de7e1b06d", "cardmarket": "https://mtgjson.com/links/b411667fa880d7ba", "tcgplayer": "https://mtgjson.com/links/229fc3fc46f7c3af"}, "rarity": "mythic", "rulings": [{"date": "2017-03-14", "text": "Cruel Ultimatum’s only target is an opponent. You don’t choose which creature card in your graveyard you’ll return to your hand until Cruel Ultimatum resolves."}, {"date": "2017-03-14", "text": "All of the actions for Cruel Ultimatum are performed sequentially, in the order listed. Earlier actions may affect how you perform later actions. For example, if the opponent sacrifices a creature that they control but you own, it will end up in your graveyard. When Cruel Ultimatum lets you return a creature card from your graveyard to your hand, you can choose that one."}, {"date": "2017-03-14", "text": "If, as Cruel Ultimatum begins to resolve, your opponent’s life total is 5 or less and you have two or fewer cards in your library, the game will result in a draw. Your opponent’s life total will drop to 0 or less, but Cruel Ultimatum must finish resolving completely before state-based actions are performed. You’ll then be forced to draw three cards and fail to draw one. When state-based actions are finally performed, you and your opponent will both lose the game at the same time, which means the game is a draw."}], "setCode": "V13", "subtypes": [], "supertypes": [], "text": "Target opponent sacrifices a creature, discards three cards, then loses 5 life. You return a creature card from your graveyard to your hand, draw three cards, then gain 5 life.", "type": "Sorcery", "types": ["Sorcery"], "uuid": "caf004d2-c1c4-5c46-a440-a75a45e9a8fe"}, {"artist": "Jason Chan", "availability": ["mtgo", "paper"], "borderColor": "black", "colorIdentity": ["U"], "colors": ["U"], "convertedManaCost": 4.0, "edhrecRank": 1521, "finishes": ["foil"], "foreignData": [], "frameVersion": "2003", "hasFoil": true, "hasNonFoil": false, "identifiers": {"cardKingdomFoilId": "191108", "cardsphereId": "18537", "mcmId": "263676", "mcmMetaId": "10956", "mtgjsonV4Id": "4d8f4b11-f29a-5059-9d7e-c56d8ccd0844", "mtgoFoilId": "50034", "mtgoId": "50033", "multiverseId": "373316", "scryfallId": "2b9942a3-39e6-4e2c-918d-0c2e2f456135", "scryfallIllustrationId": "b0ab416a-c7a8-4531-8e6a-00a167db4f76", "scryfallOracleId": "7f77a84e-5a4b-4834-aefa-3cecc175ae8e", "tcgplayerProductId": "70764"}, "isReprint": true, "isStarter": true, "language": "English", "layout": "normal", "leadershipSkills": {"brawl": false, "commander": false, "oathbreaker": true}, "legalities": {"commander": "Legal", "duel": "Legal", "legacy": "Legal", "modern": "Legal", "vintage": "Legal"}, "loyalty": "3", "manaCost": "{2}{U}{U}", "manaValue": 4.0, "name": "Jace, the Mind Sculptor", "number": "18", "printings": ["2XM", "A25", "EMA", "MED", "PRM", "V13", "VMA", "WWK"], "purchaseUrls": {"cardKingdomFoil": "https://mtgjson.com/links/1032795457d23d8d", "cardmarket": "https://mtgjson.com/links/cf287e3b44f6c307", "tcgplayer": "https://mtgjson.com/links/643429dc4cb6f2da"}, "rarity": "mythic", "rulings": [{"date": "2020-08-07", "text": "You draw three cards and put two cards back all while Jace's second ability is resolving. Nothing can happen between the two, and no player may choose to take actions."}, {"date": "2020-08-07", "text": "If the target player for Jace's last ability has no cards in hand, that player shuffles nothing into their library, and that player's library will remain empty. That player won't lose the game until they try to draw from the empty library."}], "setCode": "V13", "subtypes": ["Jace"], "supertypes": ["Legendary"], "text": "[+2]: Look at the top card of target player's library. You may put that card on the bottom of that player's library.\n[0]: Draw three cards, then put two cards from your hand on top of your library in any order.\n[−1]: Return target creature to its owner's hand.\n[−12]: Exile all cards from target player's library, then that player shuffles their hand into their library.", "type": "Legendary Planeswalker — Jace", "types": ["Planeswalker"], "uuid": "d405e0e5-3393-5341-aeca-83a684fc7509"}, {"artist": "David Rapoza", "availability": ["mtgo", "paper"], "borderColor": "black", "colorIdentity": ["G"], "colors": ["G"], "convertedManaCost": 1.0, "edhrecRank": 295, "finishes": ["foil"], "flavorText": "As the green sun crowned, Phyrexian prophecies glowed on the Tree of Tales.", "foreignData": [], "frameVersion": "2003", "hasFoil": true, "hasNonFoil": false, "identifiers": {"cardKingdomFoilId": "191104", "cardsphereId": "18533", "mcmId": "263699", "mcmMetaId": "202398", "mtgjsonV4Id": "16d262b5-36c6-537b-8069-298c9f8d4a61", "mtgoFoilId": "50038", "mtgoId": "50037", "multiverseId": "373333", "scryfallId": "9781b0d5-2ea0-49ed-ba8a-f61dbed840e0", "scryfallIllustrationId": "5e7bbe37-e78c-475c-a140-27198717c1a6", "scryfallOracleId": "0d96b60b-a060-48ee-bb83-93f1c4a10669", "tcgplayerProductId": "70793"}, "isReprint": true, "isStarter": true, "language": "English", "layout": "normal", "legalities": {"commander": "Legal", "duel": "Legal", "legacy": "Legal", "modern": "Banned", "vintage": "Legal"}, "manaCost": "{X}{G}", "manaValue": 1.0, "name": "Green Sun's Zenith", "number": "19", "printings": ["EMA", "MBS", "V13"], "purchaseUrls": {"cardKingdomFoil": "https://mtgjson.com/links/40a363400f53c981", "cardmarket": "https://mtgjson.com/links/562bb9bbf118c6db", "tcgplayer": "https://mtgjson.com/links/2fc72d68d2b0f084"}, "rarity": "mythic", "rulings": [{"date": "2011-06-01", "text": "If this spell doesn’t resolve, none of its effects occur. In particular, it will go to the graveyard rather than to its owner’s library."}, {"date": "2016-06-08", "text": "If Green Sun’s Zenith is countered, none of its effects will happen. Notably, it will be put into its owner’s graveyard rather than shuffled into its owner’s library."}, {"date": "2016-06-08", "text": "In most cases, if you own Green Sun’s Zenith and cast it, you’ll shuffle your library twice. In practice, shuffling once is sufficient, but effects that care about you shuffling your library (like Psychogenic Probe, for example) will see that you’ve shuffled twice."}, {"date": "2016-06-08", "text": "If you own Green Sun’s Zenith, but an opponent casts it (due to Knowledge Pool’s effect, for example), that opponent searches their library for an appropriate creature card, then shuffles that library. That opponent then shuffles Green Sun’s Zenith into your library. You won’t shuffle any library in this case."}], "setCode": "V13", "subtypes": [], "supertypes": [], "text": "Search your library for a green creature card with mana value X or less, put it onto the battlefield, then shuffle. Shuffle Green Sun's Zenith into its owner's library.", "type": "Sorcery", "types": ["Sorcery"], "uuid": "1c535260-9119-5411-8b3e-516efb708d0e"}, {"artist": "Eytan Zana", "availability": ["mtgo", "paper"], "borderColor": "black", "colorIdentity": ["G", "R"], "colors": [], "convertedManaCost": 0.0, "edhrecRank": 446, "finishes": ["foil"], "flavorText": "When a werewolf changes for the first time, that first howl is said to echo through the wilds till moonset.", "foreignData": [], "frameVersion": "2003", "hasFoil": true, "hasNonFoil": false, "identifiers": {"cardKingdomFoilId": "191109", "cardsphereId": "18538", "mcmId": "263700", "mcmMetaId": "204029", "mtgjsonV4Id": "4813936f-9733-5d8e-ae94-d6ec7355ea26", "mtgoFoilId": "50040", "mtgoId": "50039", "multiverseId": "373323", "scryfallId": "3a437d31-4288-4183-bc29-92ad26cc0b9c", "scryfallIllustrationId": "7d3b1e94-b84d-4cff-a4ce-f8053e4ad35e", "scryfallOracleId": "c6911265-54ef-4c16-bcf2-1ffb24b7d426", "tcgplayerProductId": "70794"}, "isReprint": true, "isStarter": true, "language": "English", "layout": "normal", "legalities": {"commander": "Legal", "duel": "Legal", "legacy": "Legal", "modern": "Legal", "penny": "Legal", "vintage": "Legal"}, "manaValue": 0.0, "name": "Kessig Wolf Run", "number": "20", "printings": ["C20", "ISD", "NCC", "SLD", "V13"], "purchaseUrls": {"cardKingdomFoil": "https://mtgjson.com/links/9da5fb4b15ac5e57", "cardmarket": "https://mtgjson.com/links/75560c09331810d1", "tcgplayer": "https://mtgjson.com/links/d3be6398a6327fc8"}, "rarity": "mythic", "rulings": [], "setCode": "V13", "subtypes": [], "supertypes": [], "text": "{T}: Add {C}.\n{X}{R}{G}, {T}: Target creature gets +X/+0 and gains trample until end of turn.", "type": "Land", "types": ["Land"], "uuid": "954f7603-80e5-5a90-acac-f3549768bc50"}], "cardsphereSetId": 843, "code": "V13", "isFoilOnly": true, "isOnlineOnly": false, "keyruneCode": "V13", "mcmId": 1455, "mcmName": "From the Vault: Twenty", "mtgoCode": "V13", "name": "From the Vault: Twenty", "releaseDate": "2013-08-23", "sealedProduct": [{"identifiers": {"tcgplayerProductId": "70765"}, "name": "From the Vault Twenty Box Set", "purchaseUrls": {"tcgplayer": "https://mtgjson.com/links/c288d7750b4e5532"}, "releaseDate": null, "uuid": "6c24be59-990c-5845-8601-47b00461a1e8"}], "tcgplayerGroupId": 1141, "tokens": [], "totalSetSize": 20, "translations": {}, "type": "from_the_vault"}}