{"meta": {"date": "2022-05-26", "version": "5.2.0+20220526"}, "data": {"baseSetSize": 30, "cards": [{"artist": "Denman Rooke", "availability": ["arena"], "borderColor": "black", "colorIdentity": ["W"], "colors": ["W"], "convertedManaCost": 3.0, "finishes": ["nonfoil"], "foreignData": [], "frameVersion": "2015", "hasFoil": false, "hasNonFoil": true, "identifiers": {"mtgArenaId": "68766", "mtgjsonV4Id": "ef66d75f-9251-55a7-80b8-a049aa1c1b0e", "scryfallId": "27b13c5c-9bd1-4cab-b137-437928f00781", "scryfallIllustrationId": "a960c81e-2332-4c50-b074-358a8b989e59", "scryfallOracleId": "cf4422f5-bf2f-4930-905e-0067a3af0865"}, "isOnlineOnly": true, "isStarter": true, "language": "English", "layout": "normal", "legalities": {}, "manaCost": "{2}{W}", "manaValue": 3.0, "name": "Blinding Radiance", "number": "2", "printings": ["XANA"], "purchaseUrls": {}, "rarity": "uncommon", "rulings": [], "setCode": "XANA", "subtypes": [], "supertypes": [], "text": "Tap all creatures your opponents control with toughness 2 or less.", "type": "Sorcery", "types": ["Sorcery"], "uuid": "243613c3-71de-5fc9-ab1d-a832fb452e4c"}, {"artist": "Jesper Ejsing", "availability": ["arena"], "borderColor": "black", "colorIdentity": ["W"], "colors": ["W"], "convertedManaCost": 3.0, "edhrecRank": 20639, "finishes": ["nonfoil"], "foreignData": [], "frameVersion": "2015", "hasFoil": false, "hasNonFoil": true, "identifiers": {"mtgArenaId": "68789", "mtgjsonV4Id": "67e5aef1-454c-56e5-bac9-627a4bad5a02", "scryfallId": "449a5550-fc64-4f73-852e-3e450ee98055", "scryfallIllustrationId": "697cf5f5-a061-496a-ae9e-76a02c497f90", "scryfallOracleId": "57f0f55d-4cf9-4a35-96dd-05c24c2a9a4f"}, "isOnlineOnly": true, "isReprint": true, "isStarter": true, "language": "English", "layout": "normal", "legalities": {"alchemy": "Legal", "commander": "Legal", "duel": "Legal", "explorer": "Legal", "gladiator": "Legal", "historic": "Legal", "historicbrawl": "Legal", "legacy": "Legal", "modern": "Legal", "pauper": "Legal", "paupercommander": "Legal", "penny": "Legal", "pioneer": "Legal", "vintage": "Legal"}, "manaCost": "{2}{W}", "manaValue": 3.0, "name": "Loxodon Line Breaker", "number": "7", "power": "3", "printings": ["ANB", "M19", "XANA"], "purchaseUrls": {}, "rarity": "common", "rulings": [], "setCode": "XANA", "subtypes": ["Elephant", "Soldier"], "supertypes": [], "toughness": "2", "type": "Creature — Elephant Soldier", "types": ["Creature"], "uuid": "0ebc18f9-3e91-53fd-a904-206a123f0844"}, {"artist": "Randy Vargas", "availability": ["arena"], "borderColor": "black", "colorIdentity": ["W"], "colors": ["W"], "convertedManaCost": 2.0, "edhrecRank": 13039, "finishes": ["nonfoil"], "foreignData": [], "frameVersion": "2015", "hasFoil": false, "hasNonFoil": true, "identifiers": {"mtgArenaId": "68787", "mtgjsonV4Id": "de378f55-5aa6-5947-a7d2-3c9fc373fc2b", "scryfallId": "e3c1b1bc-82ec-4a10-bd0a-04a29a349e3f", "scryfallIllustrationId": "8bef7261-4a53-481d-9939-2ea0136eb1b5", "scryfallOracleId": "c60b8edd-aa3f-48ea-b202-d10599f91d9d"}, "isOnlineOnly": true, "isReprint": true, "isStarter": true, "language": "English", "layout": "normal", "legalities": {"commander": "Legal", "duel": "Legal", "explorer": "Legal", "gladiator": "Legal", "historic": "Legal", "historicbrawl": "Legal", "legacy": "Legal", "modern": "Legal", "pauper": "Legal", "paupercommander": "Legal", "penny": "Legal", "pioneer": "Legal", "vintage": "Legal"}, "manaCost": "{1}{W}", "manaValue": 2.0, "name": "Take Vengeance", "number": "13", "printings": ["GN2", "M19", "M20", "MB1", "XANA"], "purchaseUrls": {}, "rarity": "common", "rulings": [], "setCode": "XANA", "subtypes": [], "supertypes": [], "text": "Destroy target tapped creature.", "type": "Sorcery", "types": ["Sorcery"], "uuid": "da8565fa-a752-5e53-a315-e064d0ec75b8"}, {"artist": "Howard Lyon", "availability": ["arena"], "borderColor": "black", "colorIdentity": ["U"], "colors": ["U"], "convertedManaCost": 3.0, "edhrecRank": 4038, "finishes": ["nonfoil"], "foreignData": [], "frameVersion": "2015", "hasFoil": false, "hasNonFoil": true, "identifiers": {"mtgArenaId": "68800", "mtgjsonV4Id": "0280ced9-605e-55eb-91d5-8cba58146ca7", "scryfallId": "e0b65afb-f919-4c8a-bef0-67809855e871", "scryfallIllustrationId": "97eee9b4-3def-4d32-8d10-69a6f43bd692", "scryfallOracleId": "273b339c-964b-4a18-8eb5-ceb8abcdfd9e"}, "isOnlineOnly": true, "isReprint": true, "isStarter": true, "language": "English", "layout": "normal", "legalities": {"commander": "Legal", "duel": "Legal", "explorer": "Legal", "gladiator": "Legal", "historic": "Legal", "historicbrawl": "Legal", "legacy": "Legal", "modern": "Legal", "pauper": "Legal", "paupercommander": "Legal", "penny": "Legal", "pioneer": "Legal", "vintage": "Legal"}, "manaCost": "{2}{U}", "manaValue": 3.0, "name": "Divination", "number": "14", "printings": ["BNG", "CN2", "DKA", "DOM", "M10", "M12", "M13", "M14", "M15", "M19", "MB1", "PS11", "XANA"], "purchaseUrls": {}, "rarity": "common", "rulings": [], "setCode": "XANA", "subtypes": [], "supertypes": [], "text": "Draw two cards.", "type": "Sorcery", "types": ["Sorcery"], "uuid": "a8ea260a-42d9-5b5e-873e-a95ccb72c094"}, {"artist": "Lucas Graciano", "availability": ["arena"], "borderColor": "black", "colorIdentity": ["U"], "colors": ["U"], "convertedManaCost": 7.0, "edhrecRank": 6542, "finishes": ["nonfoil"], "foreignData": [], "frameVersion": "2015", "hasFoil": false, "hasNonFoil": true, "identifiers": {"mtgArenaId": "68796", "mtgjsonV4Id": "e1e3f012-f41c-5884-b294-41146a2487b0", "scryfallId": "471ef8c4-cb9c-4047-b590-61be495fb89f", "scryfallIllustrationId": "87f94f27-dab2-46ea-926d-8af370b1a788", "scryfallOracleId": "ff03a063-9634-4746-a208-9dbcde5c6bdb"}, "isOnlineOnly": true, "isReprint": true, "isStarter": true, "language": "English", "layout": "normal", "legalities": {"alchemy": "Legal", "commander": "Legal", "duel": "Legal", "explorer": "Legal", "gladiator": "Legal", "historic": "Legal", "historicbrawl": "Legal", "legacy": "Legal", "modern": "Legal", "penny": "Legal", "pioneer": "Legal", "vintage": "Legal"}, "manaCost": "{4}{U}{U}{U}", "manaValue": 7.0, "name": "Overflowing Insight", "number": "16", "printings": ["ANB", "PXLN", "XANA", "XLN"], "purchaseUrls": {}, "rarity": "mythic", "rulings": [], "securityStamp": "oval", "setCode": "XANA", "subtypes": [], "supertypes": [], "text": "Target player draws seven cards.", "type": "Sorcery", "types": ["Sorcery"], "uuid": "88127156-7908-59ac-84f1-630212733460"}, {"artist": "Jonathan Kuo", "availability": ["arena"], "borderColor": "black", "colorIdentity": ["U"], "colors": ["U"], "convertedManaCost": 5.0, "finishes": ["nonfoil"], "foreignData": [], "frameVersion": "2015", "hasFoil": false, "hasNonFoil": true, "identifiers": {"mtgArenaId": "69113", "mtgjsonV4Id": "fff7d4a5-a8f3-52ca-9380-1ca9e8c79b2f", "scryfallId": "f840a93a-d0ca-45fc-9d83-e0ea5c8c5448", "scryfallIllustrationId": "2ff79c31-c754-4d19-9762-899ca7606d84", "scryfallOracleId": "c10831e2-811b-4660-9d0f-b0b6cc84bed1"}, "isOnlineOnly": true, "isStarter": true, "language": "English", "layout": "normal", "legalities": {}, "manaCost": "{3}{U}{U}", "manaValue": 5.0, "name": "Titanic Pelagosaur", "number": "19", "power": "4", "printings": ["XANA"], "purchaseUrls": {}, "rarity": "uncommon", "rulings": [], "setCode": "XANA", "subtypes": ["Dinosaur"], "supertypes": [], "toughness": "6", "type": "Creature — Dinosaur", "types": ["Creature"], "uuid": "6aefcd9d-c494-588f-acc6-27c8bd0bed3d"}, {"artist": "Chris Seaman", "availability": ["arena"], "borderColor": "black", "colorIdentity": ["U"], "colors": ["U"], "convertedManaCost": 1.0, "finishes": ["nonfoil"], "foreignData": [], "frameVersion": "2015", "hasFoil": false, "hasNonFoil": true, "identifiers": {"mtgArenaId": "68772", "mtgjsonV4Id": "3b339227-c24b-584c-babd-3a8cdce8da90", "scryfallId": "d0d899e1-bded-4e16-8ecc-cc07784af4bb", "scryfallIllustrationId": "5543adb0-8a8e-459a-a447-73b220f2d65d", "scryfallOracleId": "6c8f4d50-c8a6-4ee7-bef2-d91fb595c384"}, "isOnlineOnly": true, "isStarter": true, "language": "English", "layout": "normal", "legalities": {"gladiator": "Legal", "historic": "Legal", "historicbrawl": "Legal"}, "manaCost": "{U}", "manaValue": 1.0, "name": "Shorecomber Crab", "number": "20", "power": "0", "printings": ["XANA"], "purchaseUrls": {}, "rarity": "common", "rulings": [], "setCode": "XANA", "subtypes": ["Crab"], "supertypes": [], "toughness": "4", "type": "Creature — Crab", "types": ["Creature"], "uuid": "b4bcff3c-741b-59b6-8138-f517cc8e4636"}, {"artist": "Wayne Reynolds", "availability": ["arena"], "borderColor": "black", "colorIdentity": ["U"], "colors": ["U"], "convertedManaCost": 3.0, "edhrecRank": 13680, "finishes": ["nonfoil"], "foreignData": [], "frameVersion": "2015", "hasFoil": false, "hasNonFoil": true, "identifiers": {"mtgArenaId": "68792", "mtgjsonV4Id": "9fb88d97-a328-5d79-822c-aff8014c2757", "scryfallId": "d567a048-8f81-49c9-81fe-b3ab5978415c", "scryfallIllustrationId": "a1d217a1-be8c-493c-badc-a2270bdd2671", "scryfallOracleId": "002100cd-1ab1-44da-93a0-1269d47a712a"}, "isOnlineOnly": true, "isReprint": true, "isStarter": true, "keywords": ["Enchant"], "language": "English", "layout": "normal", "legalities": {"alchemy": "Legal", "commander": "Legal", "duel": "Legal", "explorer": "Legal", "gladiator": "Legal", "historic": "Legal", "historicbrawl": "Legal", "legacy": "Legal", "modern": "Legal", "pauper": "Legal", "paupercommander": "Legal", "penny": "Legal", "pioneer": "Legal", "vintage": "Legal"}, "manaCost": "{1}{U}{U}", "manaValue": 3.0, "name": "Waterknot", "number": "22", "printings": ["ANB", "JMP", "M19", "RIX", "XANA"], "purchaseUrls": {}, "rarity": "common", "rulings": [], "setCode": "XANA", "subtypes": ["Aura"], "supertypes": [], "text": "Enchant creature\nWhen Waterknot enters the battlefield, tap enchanted creature.\nEnchanted creature doesn't untap during its controller's untap step.", "type": "Enchantment — Aura", "types": ["Enchantment"], "uuid": "963461be-672f-5d66-8f79-917adc47528a"}, {"artist": "Donato Giancola", "availability": ["arena"], "borderColor": "black", "colorIdentity": ["B"], "colors": ["B"], "convertedManaCost": 2.0, "edhrecRank": 2128, "finishes": ["nonfoil"], "foreignData": [], "frameVersion": "2015", "hasFoil": false, "hasNonFoil": true, "identifiers": {"mtgArenaId": "68806", "mtgjsonV4Id": "bad84956-7f5c-5893-ba96-bda716509a83", "scryfallId": "5af8c9a4-27f1-4cb7-a462-f78007154052", "scryfallIllustrationId": "bf18cdc3-442a-4c57-a4d4-e661ec518b5f", "scryfallOracleId": "6a125750-2b8c-4f9d-8173-ac8d14c91ddb"}, "isOnlineOnly": true, "isReprint": true, "isStarter": true, "language": "English", "layout": "normal", "legalities": {"commander": "Legal", "duel": "Legal", "legacy": "Legal", "modern": "Legal", "pauper": "Legal", "paupercommander": "Legal", "penny": "Legal", "pioneer": "Legal", "vintage": "Legal"}, "manaCost": "{1}{B}", "manaValue": 2.0, "name": "Altar's Reap", "number": "24", "printings": ["BFZ", "C15", "CMA", "CN2", "CNS", "DDR", "ISD", "M14", "MB1", "XANA"], "purchaseUrls": {}, "rarity": "common", "rulings": [], "setCode": "XANA", "subtypes": [], "supertypes": [], "text": "As an additional cost to cast this spell, sacrifice a creature.\nDraw two cards.", "type": "Instant", "types": ["Instant"], "uuid": "71795727-3b40-51a5-b64e-b9a358d503bf"}, {"artist": "Zezhou Chen", "availability": ["arena"], "borderColor": "black", "colorIdentity": ["B"], "colors": ["B"], "convertedManaCost": 4.0, "edhrecRank": 1242, "finishes": ["nonfoil"], "foreignData": [], "frameVersion": "2015", "hasFoil": false, "hasNonFoil": true, "identifiers": {"mtgArenaId": "68798", "mtgjsonV4Id": "1369569c-57f8-528a-b489-8992524bda2a", "scryfallId": "43e2d5fe-9b9c-4450-908a-3e8e091c385a", "scryfallIllustrationId": "d0a3df66-1c07-48c4-bda6-8fe94a60ab6a", "scryfallOracleId": "84de4fec-2f38-4293-93d3-b3882c5aac14"}, "isOnlineOnly": true, "isReprint": true, "isStarter": true, "language": "English", "layout": "normal", "legalities": {"commander": "Legal", "duel": "Legal", "legacy": "Legal", "modern": "Legal", "vintage": "Legal"}, "manaCost": "{3}{B}", "manaValue": 4.0, "name": "Ambition's Cost", "number": "25", "printings": ["8ED", "C15", "C17", "C20", "C21", "CLB", "CMA", "DDR", "KHC", "PRM", "PTK", "XANA"], "purchaseUrls": {}, "rarity": "uncommon", "rulings": [], "setCode": "XANA", "subtypes": [], "supertypes": [], "text": "You draw three cards and you lose 3 life.", "type": "Sorcery", "types": ["Sorcery"], "uuid": "73890453-13c4-596a-95b8-6f690fd24a39"}, {"artist": "Caio Monteiro", "availability": ["arena"], "borderColor": "black", "colorIdentity": ["B"], "colors": ["B"], "convertedManaCost": 2.0, "finishes": ["nonfoil"], "foreignData": [], "frameVersion": "2015", "hasFoil": false, "hasNonFoil": true, "identifiers": {"mtgArenaId": "69115", "mtgjsonV4Id": "18061063-a1ce-58ba-b572-1a6a0d33d6e7", "scryfallId": "f99ffe22-4dd8-4787-b6e0-e03dea8ab42a", "scryfallIllustrationId": "751e2fd6-9c75-4758-b9f0-fa169c3fabfb", "scryfallOracleId": "39b7f3cc-e229-4cdf-9d85-db0b17203d7e"}, "isOnlineOnly": true, "isReprint": true, "isStarter": true, "language": "English", "layout": "normal", "legalities": {"alchemy": "Legal", "gladiator": "Legal", "historic": "Legal", "historicbrawl": "Legal"}, "manaCost": "{1}{B}", "manaValue": 2.0, "name": "Cruel Cut", "number": "26", "printings": ["ANB", "XANA"], "purchaseUrls": {}, "rarity": "common", "rulings": [], "setCode": "XANA", "subtypes": [], "supertypes": [], "text": "Destroy target creature with power 2 or less.", "type": "Instant", "types": ["Instant"], "uuid": "b7e0f970-a60c-574f-9126-9b3064155aab"}, {"artist": "E. M. Gist", "availability": ["arena"], "borderColor": "black", "colorIdentity": ["B"], "colors": ["B"], "convertedManaCost": 2.0, "edhrecRank": 7333, "finishes": ["nonfoil"], "foreignData": [], "frameVersion": "2015", "hasFoil": false, "hasNonFoil": true, "identifiers": {"mtgArenaId": "68795", "mtgjsonV4Id": "da75021a-2ce8-5640-bfe2-202890c46f19", "scryfallId": "c5175212-a9ed-4431-9a5b-ec445f84090a", "scryfallIllustrationId": "df9a78d8-1c6f-4b7c-bf0c-ba20df150542", "scryfallOracleId": "b5b049d4-242a-48ec-85d1-1ef66c8cfa4c"}, "isOnlineOnly": true, "isReprint": true, "isStarter": true, "language": "English", "layout": "normal", "legalities": {"commander": "Legal", "duel": "Legal", "explorer": "Legal", "gladiator": "Legal", "historic": "Legal", "historicbrawl": "Legal", "legacy": "Legal", "modern": "Legal", "pauper": "Legal", "paupercommander": "Legal", "penny": "Legal", "pioneer": "Legal", "vintage": "Legal"}, "manaCost": "{1}{B}", "manaValue": 2.0, "name": "Miasmic Mummy", "number": "29", "power": "2", "printings": ["AKH", "AKR", "JMP", "MB1", "XANA"], "purchaseUrls": {}, "rarity": "common", "rulings": [{"date": "2017-04-18", "text": "When Miasmic Mummy’s triggered ability resolves, first the player whose turn it is chooses a card to discard, then each other player in turn order chooses a card to discard, then all of those cards are discarded simultaneously. No one sees what the other players are discarding before deciding which card to discard."}], "setCode": "XANA", "subtypes": ["Zombie", "Jackal"], "supertypes": [], "text": "When Miasmic Mummy enters the battlefield, each player discards a card.", "toughness": "2", "type": "Creature — Zombie Jackal", "types": ["Creature"], "uuid": "94a834f8-7bdc-513b-99ee-15e4e6901a9d"}, {"artist": "Lie Setiawan", "availability": ["arena"], "borderColor": "black", "colorIdentity": ["B"], "colors": ["B"], "convertedManaCost": 2.0, "finishes": ["nonfoil"], "foreignData": [], "frameVersion": "2015", "hasFoil": false, "hasNonFoil": true, "identifiers": {"mtgArenaId": "69116", "mtgjsonV4Id": "ad0cbe52-e7a1-5d3c-801c-ef91989b641e", "scryfallId": "09262613-d582-4ff7-b0b2-a055e7cd71af", "scryfallIllustrationId": "1970f760-1c04-41b0-95d0-a8bd94932e94", "scryfallOracleId": "6de183ad-8cdf-4fa6-b17d-5ba1b480849a"}, "isOnlineOnly": true, "isReprint": true, "isStarter": true, "keywords": ["Flash"], "language": "English", "layout": "normal", "legalities": {"alchemy": "Legal", "gladiator": "Legal", "historic": "Legal", "historicbrawl": "Legal"}, "manaCost": "{1}{B}", "manaValue": 2.0, "name": "Nimble Pilferer", "number": "31", "power": "2", "printings": ["ANB", "XANA"], "purchaseUrls": {}, "rarity": "common", "rulings": [], "setCode": "XANA", "subtypes": ["Human", "Rogue"], "supertypes": [], "text": "Flash", "toughness": "1", "type": "Creature — Human Rogue", "types": ["Creature"], "uuid": "58ac2b28-8791-52a5-8fea-835ccd817fc3"}, {"artist": "Tomasz Jedruszek", "availability": ["arena"], "borderColor": "black", "colorIdentity": ["B"], "colors": ["B"], "convertedManaCost": 5.0, "edhrecRank": 19085, "finishes": ["nonfoil"], "foreignData": [], "frameVersion": "2015", "hasFoil": false, "hasNonFoil": true, "identifiers": {"mtgArenaId": "68803", "mtgjsonV4Id": "db9b8a19-93dc-57b5-9d55-044b11773a13", "scryfallId": "dd49ee87-62f4-4203-91d7-d850692929de", "scryfallIllustrationId": "e4977961-4062-4e29-a780-6092b684628b", "scryfallOracleId": "5f444efc-3bc2-4ca8-986c-f804f9e1a95e"}, "isOnlineOnly": true, "isReprint": true, "isStarter": true, "language": "English", "layout": "normal", "legalities": {"commander": "Legal", "duel": "Legal", "legacy": "Legal", "modern": "Legal", "pauper": "Legal", "paupercommander": "Legal", "penny": "Legal", "vintage": "Legal"}, "manaCost": "{3}{B}{B}", "manaValue": 5.0, "name": "Renegade Demon", "number": "33", "power": "5", "printings": ["AVR", "DDR", "MB1", "XANA"], "purchaseUrls": {}, "rarity": "common", "rulings": [], "setCode": "XANA", "subtypes": ["Demon"], "supertypes": [], "toughness": "3", "type": "Creature — Demon", "types": ["Creature"], "uuid": "f5b49b7f-825f-56d1-8224-1cb45a904e6f"}, {"artist": "Kieran Yanner", "availability": ["arena"], "borderColor": "black", "colorIdentity": ["B"], "colors": ["B"], "convertedManaCost": 5.0, "edhrecRank": 4888, "finishes": ["nonfoil"], "foreignData": [], "frameVersion": "2015", "hasFoil": false, "hasNonFoil": true, "identifiers": {"mtgArenaId": "68791", "mtgjsonV4Id": "2258b3f9-dd2d-53ec-9e11-77928ff46d26", "scryfallId": "d808336d-ad67-441a-ae12-cfade2392a42", "scryfallIllustrationId": "0a1b3eee-a24c-4b18-8c4f-e617dc440fc8", "scryfallOracleId": "4e769107-0f32-4181-9e57-ffebc2228d3a"}, "isOnlineOnly": true, "isReprint": true, "isStarter": true, "language": "English", "layout": "normal", "legalities": {"commander": "Legal", "duel": "Legal", "explorer": "Legal", "gladiator": "Legal", "historic": "Legal", "historicbrawl": "Legal", "legacy": "Legal", "modern": "Legal", "penny": "Legal", "pioneer": "Legal", "vintage": "Legal"}, "manaCost": "{4}{B}", "manaValue": 5.0, "name": "Rise from the Grave", "number": "34", "printings": ["C15", "CM2", "CMA", "CMD", "DDD", "EMN", "GN2", "GVL", "M10", "M11", "M13", "M19", "PRM", "PW09", "XANA", "ZNC"], "purchaseUrls": {}, "rarity": "uncommon", "rulings": [{"date": "2018-07-13", "text": "Rise from the Grave doesn’t overwrite any previous colors or types. Rather, it adds another color and another subtype."}, {"date": "2018-07-13", "text": "If the creature is normally colorless, it will simply become black. It can’t be both black and colorless."}, {"date": "2018-07-13", "text": "A later effect that changes the affected creature’s colors will overwrite that part of Rise from the Grave’s effect; the creature will be only the new color. The same is true about an effect that changes the affected creature’s types or subtypes."}], "setCode": "XANA", "subtypes": [], "supertypes": [], "text": "Put target creature card from a graveyard onto the battlefield under your control. That creature is a black Zombie in addition to its other colors and types.", "type": "Sorcery", "types": ["Sorcery"], "uuid": "98bf284b-745d-546e-9027-c2f351c5c43a"}, {"artist": "Caio Monteiro", "availability": ["arena"], "borderColor": "black", "colorIdentity": ["B"], "colors": ["B"], "convertedManaCost": 5.0, "finishes": ["nonfoil"], "foreignData": [], "frameVersion": "2015", "hasFoil": false, "hasNonFoil": true, "identifiers": {"mtgArenaId": "68782", "mtgjsonV4Id": "5d359464-90f8-500a-8fcc-0b3bcdd93985", "scryfallId": "87e541a4-3a4a-4954-b94d-2b19caae1e52", "scryfallIllustrationId": "0f56b61f-0e7f-4d02-8500-b43b509bff04", "scryfallOracleId": "0f26be86-eab1-45fd-8b69-5ecff2565c60"}, "isOnlineOnly": true, "isReprint": true, "isStarter": true, "language": "English", "layout": "normal", "legalities": {"alchemy": "Legal", "gladiator": "Legal", "historic": "Legal", "historicbrawl": "Legal"}, "manaCost": "{3}{B}{B}", "manaValue": 5.0, "name": "Soulhunter Rakshasa", "number": "35", "power": "5", "printings": ["ANB", "XANA"], "purchaseUrls": {}, "rarity": "rare", "rulings": [], "securityStamp": "oval", "setCode": "XANA", "subtypes": ["Cat", "Demon"], "supertypes": [], "text": "Soulhunter Rakshasa can't block.\nWhen Soulhunter Rakshasa enters the battlefield, if you cast it from your hand, it deals 1 damage to target opponent for each Swamp you control.", "toughness": "5", "type": "Creature — Cat Demon", "types": ["Creature"], "uuid": "84748c5d-eb7e-574a-8d77-76c8aa6f1f64"}, {"artist": "Steve Argyle", "availability": ["arena"], "borderColor": "black", "colorIdentity": ["R"], "colors": ["R"], "convertedManaCost": 7.0, "edhrecRank": 11185, "finishes": ["nonfoil"], "foreignData": [], "frameVersion": "2015", "hasFoil": false, "hasNonFoil": true, "identifiers": {"mtgArenaId": "68794", "mtgjsonV4Id": "1b4ceae9-d252-50a6-8609-7b73a4928f22", "scryfallId": "dde29064-8e86-4788-98b6-661a25be9b0a", "scryfallIllustrationId": "453e38a4-04b8-40aa-b24a-16085b4c6f44", "scryfallOracleId": "04f0c489-3d1e-4ee4-a0ab-7983ae643ecb"}, "isOnlineOnly": true, "isReprint": true, "isStarter": true, "language": "English", "layout": "normal", "legalities": {"commander": "Legal", "duel": "Legal", "legacy": "Legal", "modern": "Legal", "penny": "Legal", "pioneer": "Legal", "vintage": "Legal"}, "manaCost": "{5}{R}{R}", "manaValue": 7.0, "name": "Chaos Maw", "number": "36", "power": "6", "printings": ["HOU", "PHOU", "XANA"], "purchaseUrls": {}, "rarity": "rare", "rulings": [], "securityStamp": "oval", "setCode": "XANA", "subtypes": ["Hellion"], "supertypes": [], "text": "When Chaos Maw enters the battlefield, it deals 3 damage to each other creature.", "toughness": "6", "type": "Creature — Hellion", "types": ["Creature"], "uuid": "e0f79a5b-d8ec-5aaa-81a5-237dac3b9ccb"}, {"artist": "Even Amundsen", "availability": ["arena"], "borderColor": "black", "colorIdentity": ["R"], "colors": ["R"], "convertedManaCost": 2.0, "edhrecRank": 4862, "finishes": ["nonfoil"], "foreignData": [], "frameVersion": "2015", "hasFoil": false, "hasNonFoil": true, "identifiers": {"mtgArenaId": "68814", "mtgjsonV4Id": "f4e79c2b-dff4-5e75-b802-a8fed5ed36c9", "scryfallId": "34bef63a-cb84-4013-856c-8211b76d5efa", "scryfallIllustrationId": "f5207166-5407-4087-bec1-dba6b714a0dd", "scryfallOracleId": "946675f5-8998-4f1b-934b-85ffe6e2f002"}, "isOnlineOnly": true, "isReprint": true, "isStarter": true, "language": "English", "layout": "normal", "legalities": {"commander": "Legal", "duel": "Legal", "explorer": "Legal", "gladiator": "Legal", "historic": "Legal", "historicbrawl": "Legal", "legacy": "Legal", "modern": "Legal", "penny": "Legal", "pioneer": "Legal", "vintage": "Legal"}, "manaCost": "{R}{R}", "manaValue": 2.0, "name": "Doublecast", "number": "37", "printings": ["JMP", "M19", "XANA"], "purchaseUrls": {}, "rarity": "uncommon", "rulings": [{"date": "2018-07-13", "text": "If you cast one Doublecast after another, you’ll copy the second Doublecast. Each resolves, creating two delayed triggered abilities. The next spell you cast after that will be copied twice. If that spell is also a Doublecast, the following spell will be copied three times, and so on."}, {"date": "2018-07-13", "text": "Doublecast’s ability will copy any instant or sorcery spell, not just one with targets."}, {"date": "2018-07-13", "text": "A copy is created even if the spell that caused Doublecast’s ability to trigger has been countered by the time that ability resolves. The copy resolves before the original spell."}, {"date": "2018-07-13", "text": "The copy will have the same targets as the spell it’s copying unless you choose new ones. You may change any number of the targets, including all of them or none of them. The new targets must be legal."}, {"date": "2018-07-13", "text": "If the spell that’s copied is modal (that is, it says “Choose one —” or the like), the copy will have the same mode or modes. You can’t choose different ones."}, {"date": "2018-07-13", "text": "If the spell that’s copied has an X whose value was determined as it was cast, the copy has the same value of X."}, {"date": "2018-07-13", "text": "You can’t choose to pay any additional costs for the copy. However, effects based on any additional costs that were paid for the original spell are copied as though those same costs were paid for the copy too."}, {"date": "2018-07-13", "text": "The copy that Doublecast’s ability creates is created on the stack, so it’s not “cast.” Abilities that trigger when a player casts a spell won’t trigger."}], "setCode": "XANA", "subtypes": [], "supertypes": [], "text": "When you cast your next instant or sorcery spell this turn, copy that spell. You may choose new targets for the copy.", "type": "Sorcery", "types": ["Sorcery"], "uuid": "e4a5382a-a5ff-5785-9b4b-4567a3c36ab7"}, {"artist": "Jakub Kasper", "availability": ["arena"], "borderColor": "black", "colorIdentity": ["R"], "colors": ["R"], "convertedManaCost": 3.0, "finishes": ["nonfoil"], "foreignData": [], "frameVersion": "2015", "hasFoil": false, "hasNonFoil": true, "identifiers": {"mtgArenaId": "68773", "mtgjsonV4Id": "769888c0-2cd8-5b9f-bdda-c309ea10c8d8", "scryfallId": "8ee340f5-f719-42f9-9836-53305e5b0c3b", "scryfallIllustrationId": "721a2ec4-4d33-4064-a0c6-78db211d9850", "scryfallOracleId": "4003423b-972b-4e4f-90c6-7cd533377e60"}, "isOnlineOnly": true, "isStarter": true, "language": "English", "layout": "normal", "legalities": {}, "manaCost": "{1}{R}{R}", "manaValue": 3.0, "name": "Goblin Bruiser", "number": "39", "power": "3", "printings": ["XANA"], "purchaseUrls": {}, "rarity": "uncommon", "rulings": [], "setCode": "XANA", "subtypes": ["Goblin", "Warrior"], "supertypes": [], "toughness": "3", "type": "Creature — Goblin Warrior", "types": ["Creature"], "uuid": "2b0bbfa4-05e8-5c06-9fef-4c952ca3d3e4"}, {"artist": "Jakub Kasper", "availability": ["arena"], "borderColor": "black", "colorIdentity": ["R"], "colors": ["R"], "convertedManaCost": 4.0, "finishes": ["nonfoil"], "foreignData": [], "frameVersion": "2015", "hasFoil": false, "hasNonFoil": true, "identifiers": {"mtgArenaId": "69117", "mtgjsonV4Id": "aab8afd8-04be-5eeb-be4f-99165e2dce87", "scryfallId": "643c8f3b-cbb7-4290-8c8a-a6a1000e12ac", "scryfallIllustrationId": "f70faa39-f4a8-431e-897c-09e985d1f1a4", "scryfallOracleId": "79d99305-b3dd-4687-af69-bf4b28704aae"}, "isOnlineOnly": true, "isReprint": true, "isStarter": true, "language": "English", "layout": "normal", "legalities": {"alchemy": "Legal", "gladiator": "Legal", "historic": "Legal", "historicbrawl": "Legal"}, "manaCost": "{2}{R}{R}", "manaValue": 4.0, "name": "Goblin Gang Leader", "number": "40", "power": "2", "printings": ["ANB", "XANA"], "purchaseUrls": {}, "rarity": "uncommon", "rulings": [], "setCode": "XANA", "subtypes": ["Goblin", "Warrior"], "supertypes": [], "text": "When Goblin Gang Leader enters the battlefield, create two 1/1 red Goblin creature tokens.", "toughness": "2", "type": "Creature — Goblin Warrior", "types": ["Creature"], "uuid": "7ef6654a-2d46-53c0-a50f-5d5b5353b2af"}, {"artist": "Kev Walker", "availability": ["arena"], "borderColor": "black", "colorIdentity": ["R"], "colors": ["R"], "convertedManaCost": 1.0, "edhrecRank": 5750, "finishes": ["nonfoil"], "foreignData": [], "frameVersion": "2015", "hasFoil": false, "hasNonFoil": true, "identifiers": {"mtgArenaId": "68802", "mtgjsonV4Id": "c3fada0e-87b7-5b30-af9e-7be0f0d22b4a", "scryfallId": "3c2b7a33-3ff5-439b-bf42-69528b665822", "scryfallIllustrationId": "5e32fea8-e379-4fbe-986c-e4ab209c08fc", "scryfallOracleId": "20aecb7b-7e37-4efe-ac27-f9f9042203f4"}, "isOnlineOnly": true, "isReprint": true, "isStarter": true, "language": "English", "layout": "normal", "legalities": {"commander": "Legal", "duel": "Legal", "legacy": "Legal", "modern": "Legal", "pauper": "Legal", "paupercommander": "Legal", "vintage": "Legal"}, "manaCost": "{R}", "manaValue": 1.0, "name": "Goblin Grenade", "number": "41", "printings": ["ATH", "DDT", "FEM", "M12", "ME1", "PLIST", "XANA"], "purchaseUrls": {}, "rarity": "uncommon", "rulings": [{"date": "2004-10-04", "text": "You can’t sacrifice more than one Goblin to get a greater effect."}, {"date": "2011-09-22", "text": "Players can only respond once Goblin Grenade has been cast and all its costs have been paid. No one can try and destroy the Goblin to prevent you from casting Goblin Grenade."}, {"date": "2011-09-22", "text": "The Goblin you sacrifice to cast Goblin Grenade doesn’t have to be a creature. For example, you could sacrifice Boggart Shenanigans (a tribal enchantment with the subtype Goblin)."}], "setCode": "XANA", "subtypes": [], "supertypes": [], "text": "As an additional cost to cast this spell, sacrifice a Goblin.\nGoblin Grenade deals 5 damage to any target.", "type": "Sorcery", "types": ["Sorcery"], "uuid": "02f1535e-4873-5056-9cfa-186833555cfa"}, {"artist": "Antonio José Manzanedo", "availability": ["arena"], "borderColor": "black", "colorIdentity": ["R"], "colors": ["R"], "convertedManaCost": 5.0, "finishes": ["nonfoil"], "foreignData": [], "frameVersion": "2015", "hasFoil": false, "hasNonFoil": true, "identifiers": {"mtgArenaId": "69118", "mtgjsonV4Id": "491100a8-ed9f-5713-b936-1b793238d659", "scryfallId": "53cc3197-7a69-4b96-a701-aa3c54543958", "scryfallIllustrationId": "3e52ecb0-18a4-4e4a-be73-11c1b58ed606", "scryfallOracleId": "dfffc82d-faf0-48a7-9a43-1f8a82dfee47"}, "isOnlineOnly": true, "isStarter": true, "language": "English", "layout": "normal", "legalities": {}, "manaCost": "{3}{R}{R}", "manaValue": 5.0, "name": "Ogre Painbringer", "number": "42", "power": "7", "printings": ["XANA"], "purchaseUrls": {}, "rarity": "rare", "rulings": [], "securityStamp": "oval", "setCode": "XANA", "subtypes": ["Ogre"], "supertypes": [], "text": "When Ogre Painbringer enters the battlefield, it deals 3 damage to each player.", "toughness": "3", "type": "Creature — Ogre", "types": ["Creature"], "uuid": "30107ef3-6d21-5560-8838-ff430c0baebe"}, {"artist": "Jason A. Engle", "availability": ["arena"], "borderColor": "black", "colorIdentity": ["R"], "colors": ["R"], "convertedManaCost": 3.0, "edhrecRank": 18253, "finishes": ["nonfoil"], "foreignData": [], "frameVersion": "2015", "hasFoil": false, "hasNonFoil": true, "identifiers": {"mtgArenaId": "68811", "mtgjsonV4Id": "8b2a76a1-2663-5154-93f3-c37e43f6795d", "scryfallId": "0c3c3db6-cb91-45c6-baad-f10a1904952a", "scryfallIllustrationId": "967e64d5-35d9-412c-bd9c-7a4392c6320b", "scryfallOracleId": "3b1f1a57-d83a-443f-b190-03df63d2bfe6"}, "isOnlineOnly": true, "isReprint": true, "isStarter": true, "language": "English", "layout": "normal", "legalities": {"commander": "Legal", "duel": "Legal", "legacy": "Legal", "modern": "Legal", "pioneer": "Legal", "vintage": "Legal"}, "manaCost": "{2}{R}", "manaValue": 3.0, "name": "Seismic Rupture", "number": "44", "printings": ["DTK", "XANA"], "purchaseUrls": {}, "rarity": "uncommon", "rulings": [], "setCode": "XANA", "subtypes": [], "supertypes": [], "text": "Seismic Rupture deals 2 damage to each creature without flying.", "type": "Sorcery", "types": ["Sorcery"], "uuid": "12d14c1f-b380-53ec-9af2-0342264e519f"}, {"artist": "Chris Rahn", "availability": ["arena"], "borderColor": "black", "colorIdentity": ["R"], "colors": ["R"], "convertedManaCost": 6.0, "edhrecRank": 11009, "finishes": ["nonfoil"], "foreignData": [], "frameVersion": "2015", "hasFoil": false, "hasNonFoil": true, "identifiers": {"mtgArenaId": "68790", "mtgjsonV4Id": "98293ed6-6427-5d83-ab8c-2ba83089b6f0", "scryfallId": "4d697e44-a84a-4a98-bb51-c2502ee4a069", "scryfallIllustrationId": "bc7df7b5-6bc7-43e9-bb79-d791587fd27a", "scryfallOracleId": "994db177-03f5-43dd-bf7b-2994e8d430d3"}, "isOnlineOnly": true, "isReprint": true, "isStarter": true, "keywords": ["Flying", "Haste"], "language": "English", "layout": "normal", "legalities": {"alchemy": "Legal", "commander": "Legal", "duel": "Legal", "explorer": "Legal", "gladiator": "Legal", "historic": "Legal", "historicbrawl": "Legal", "legacy": "Legal", "modern": "Legal", "paupercommander": "Restricted", "penny": "Legal", "pioneer": "Legal", "premodern": "Legal", "vintage": "Legal"}, "manaCost": "{4}{R}{R}", "manaValue": 6.0, "name": "Volcanic Dragon", "number": "45", "power": "4", "printings": ["6ED", "ANB", "ATH", "CMR", "M12", "M19", "M20", "MB1", "MIR", "POR", "S99", "XANA"], "purchaseUrls": {}, "rarity": "uncommon", "rulings": [], "setCode": "XANA", "subtypes": ["Dragon"], "supertypes": [], "text": "Flying, haste", "toughness": "4", "type": "Creature — Dragon", "types": ["Creature"], "uuid": "fa02023e-9378-580c-8699-42003ff43780"}, {"artist": "Jesper Ejsing", "availability": ["arena"], "borderColor": "black", "colorIdentity": ["G"], "colors": ["G"], "convertedManaCost": 4.0, "edhrecRank": 11651, "finishes": ["nonfoil"], "foreignData": [], "frameVersion": "2015", "hasFoil": false, "hasNonFoil": true, "identifiers": {"mtgArenaId": "68801", "mtgjsonV4Id": "93c545b9-bff2-5003-8e74-e0c5ff3e4836", "scryfallId": "a366fd5c-f6cd-4773-a25d-6114e11238cc", "scryfallIllustrationId": "ffe169c8-048d-4010-9d0c-00b7cefac6c6", "scryfallOracleId": "3191c6ca-4d25-4ba3-bfe1-4aeab1295573"}, "isOnlineOnly": true, "isReprint": true, "isStarter": true, "language": "English", "layout": "normal", "legalities": {"alchemy": "Legal", "commander": "Legal", "duel": "Legal", "explorer": "Legal", "gladiator": "Legal", "historic": "Legal", "historicbrawl": "Legal", "legacy": "Legal", "modern": "Legal", "pauper": "Legal", "paupercommander": "Legal", "penny": "Legal", "pioneer": "Legal", "vintage": "Legal"}, "manaCost": "{2}{G}{G}", "manaValue": 4.0, "name": "Rumbling Baloth", "number": "47", "power": "4", "printings": ["ANB", "JMP", "M14", "XANA"], "purchaseUrls": {}, "rarity": "common", "rulings": [], "setCode": "XANA", "subtypes": ["Beast"], "supertypes": [], "toughness": "4", "type": "Creature — Beast", "types": ["Creature"], "uuid": "0d4f39d7-9a0d-5df5-83e1-3852b139a113"}, {"artist": "Nils Hamm", "availability": ["arena"], "borderColor": "black", "colorIdentity": ["W"], "colors": [], "convertedManaCost": 0.0, "finishes": ["nonfoil"], "foreignData": [], "frameVersion": "2015", "hasFoil": false, "hasNonFoil": true, "identifiers": {"mtgArenaId": "69443", "mtgjsonV4Id": "a94da9ad-aaf6-560b-98a0-c818a6dcd1d3", "scryfallId": "49785bb6-4a5e-4c4a-bee4-31e94976da43", "scryfallIllustrationId": "7cde1905-c266-4a6c-acac-3c10c6647419", "scryfallOracleId": "bc71ebf6-2056-41f7-be35-b2e5c34afa99"}, "isOnlineOnly": true, "isReprint": true, "isStarter": true, "language": "English", "layout": "normal", "legalities": {"alchemy": "Legal", "brawl": "Legal", "commander": "Legal", "duel": "Legal", "explorer": "Legal", "future": "Legal", "gladiator": "Legal", "historic": "Legal", "historicbrawl": "Legal", "legacy": "Legal", "modern": "Legal", "pauper": "Legal", "paupercommander": "Legal", "penny": "Legal", "pioneer": "Legal", "premodern": "Legal", "standard": "Legal", "vintage": "Legal"}, "manaValue": 0.0, "name": "Plains", "number": "51", "printings": ["10E", "2ED", "2XM", "3ED", "4BB", "4ED", "5ED", "6ED", "7ED", "8ED", "9ED", "AFR", "AKH", "AKR", "ALA", "ANA", "ANB", "ARC", "ATH", "AVR", "BBD", "BFZ", "BRB", "C13", "C14", "C15", "C16", "C17", "C18", "C19", "CED", "CEI", "CHK", "CLB", "CM2", "CMA", "CMD", "CMR", "CST", "DDC", "DDE", "DDF", "DDG", "DDH", "DDI", "DDK", "DDL", "DDN", "DDO", "DDP", "DDQ", "DOM", "DTK", "DVD", "E01", "ELD", "FBB", "FRF", "G17", "GK1", "GK2", "GN2", "GNT", "GRN", "GS1", "H09", "HOP", "HOU", "ICE", "IKO", "INV", "ISD", "ITP", "J14", "JMP", "KHM", "KLD", "KLR", "KTK", "LEA", "LEB", "LRW", "M10", "M11", "M12", "M13", "M14", "M15", "M19", "M20", "M21", "MBS", "MD1", "ME1", "ME3", "MH2", "MID", "MIR", "MMQ", "MRD", "NEO", "NPH", "ODY", "ONS", "ORI", "P02", "PAL00", "PAL01", "PAL03", "PAL04", "PAL05", "PAL06", "PAL99", "PALP", "PANA", "PARL", "PC2", "PCA", "PDGM", "PELP", "PF19", "PF20", "PGPX", "PGRU", "PLIST", "PMPS", "PMPS06", "PMPS07", "PMPS08", "PMPS09", "PMPS10", "PMPS11", "POR", "PPP1", "PRM", "PRW2", "PRWK", "PS11", "PSAL", "PSS2", "PSS3", "PTC", "PTK", "PZ2", "RAV", "RIX", "RNA", "ROE", "RQS", "RTR", "S99", "SHM", "SLD", "SNC", "SOI", "SOM", "STX", "SUM", "TD0", "TD2", "THB", "THS", "TMP", "TPR", "TSP", "UGL", "UND", "UNF", "UNH", "USG", "UST", "VOW", "WAR", "WC00", "WC02", "WC03", "WC04", "WC97", "WC98", "XANA", "XLN", "ZEN", "ZNR"], "purchaseUrls": {}, "rarity": "common", "rulings": [], "setCode": "XANA", "subtypes": ["Plains"], "supertypes": ["Basic"], "text": "({T}: Add {W}.)", "type": "Basic Land — Plains", "types": ["Land"], "uuid": "9c094bbf-49e3-54c3-a607-c0f45ef8102b"}, {"artist": "Titus Lunter", "availability": ["arena"], "borderColor": "black", "colorIdentity": ["U"], "colors": [], "convertedManaCost": 0.0, "finishes": ["nonfoil"], "foreignData": [], "frameVersion": "2015", "hasFoil": false, "hasNonFoil": true, "identifiers": {"mtgArenaId": "69444", "mtgjsonV4Id": "156d7bcb-1c0b-58a4-985d-df41edbeb5e1", "scryfallId": "76f1d53b-ca2c-4e9b-832c-f1b01465a0c2", "scryfallIllustrationId": "ba68c099-4581-466c-818e-7da84b0b8f37", "scryfallOracleId": "b2c6aa39-2d2a-459c-a555-fb48ba993373"}, "isOnlineOnly": true, "isReprint": true, "isStarter": true, "language": "English", "layout": "normal", "legalities": {"alchemy": "Legal", "brawl": "Legal", "commander": "Legal", "duel": "Legal", "explorer": "Legal", "future": "Legal", "gladiator": "Legal", "historic": "Legal", "historicbrawl": "Legal", "legacy": "Legal", "modern": "Legal", "pauper": "Legal", "paupercommander": "Legal", "penny": "Legal", "pioneer": "Legal", "premodern": "Legal", "standard": "Legal", "vintage": "Legal"}, "manaValue": 0.0, "name": "Island", "number": "52", "printings": ["10E", "2ED", "2XM", "3ED", "4BB", "4ED", "5ED", "6ED", "7ED", "8ED", "9ED", "AFR", "AKH", "AKR", "ALA", "ANA", "ANB", "ARC", "AVR", "BBD", "BFZ", "BRB", "BTD", "C13", "C14", "C15", "C16", "C17", "C18", "C19", "CED", "CEI", "CHK", "CLB", "CM2", "CMA", "CMD", "CMR", "CST", "DD2", "DDE", "DDF", "DDH", "DDI", "DDJ", "DDM", "DDN", "DDO", "DDQ", "DDS", "DDT", "DDU", "DOM", "DPA", "DTK", "E01", "ELD", "FBB", "FRF", "G17", "GK1", "GK2", "GN2", "GNT", "GRN", "GS1", "H09", "HOP", "HOU", "ICE", "IKO", "INV", "ISD", "ITP", "J14", "JMP", "JVC", "KHM", "KLD", "KLR", "KTK", "LEA", "LEB", "LRW", "M10", "M11", "M12", "M13", "M14", "M15", "M19", "M20", "M21", "MBS", "ME1", "ME3", "MH2", "MID", "MIR", "MMQ", "MRD", "NEO", "NPH", "ODY", "ONS", "ORI", "P02", "PAL00", "PAL01", "PAL02", "PAL03", "PAL04", "PAL05", "PAL06", "PAL99", "PALP", "PANA", "PARL", "PC2", "PCA", "PELP", "PF19", "PF20", "PGPX", "PGRU", "PHED", "PLIST", "PMPS", "PMPS06", "PMPS07", "PMPS08", "PMPS09", "PMPS10", "PMPS11", "POR", "PPP1", "PRM", "PRW2", "PRWK", "PS11", "PSAL", "PSS2", "PSS3", "PTC", "PTK", "PZ2", "RAV", "RIX", "RNA", "ROE", "RQS", "RTR", "S99", "SHM", "SLD", "SNC", "SOI", "SOM", "STX", "SUM", "TD0", "TD2", "THB", "THS", "TMP", "TPR", "TSP", "UGL", "UND", "UNF", "UNH", "USG", "UST", "VOW", "WAR", "WC00", "WC01", "WC02", "WC03", "WC04", "WC97", "WC98", "XANA", "XLN", "ZEN", "ZNR"], "purchaseUrls": {}, "rarity": "common", "rulings": [], "setCode": "XANA", "subtypes": ["Island"], "supertypes": ["Basic"], "text": "({T}: Add {U}.)", "type": "Basic Land — Island", "types": ["Land"], "uuid": "6db3cea3-914b-5e57-8db2-a9c7a6156710"}, {"artist": "Adam Paquette", "availability": ["arena"], "borderColor": "black", "colorIdentity": ["B"], "colors": [], "convertedManaCost": 0.0, "finishes": ["nonfoil"], "foreignData": [], "frameVersion": "2015", "hasFoil": false, "hasNonFoil": true, "identifiers": {"mtgArenaId": "69445", "mtgjsonV4Id": "6ab9276b-275f-578a-9b8b-7795931083d7", "scryfallId": "1a2484d0-3897-4a1e-94c7-c52159fe0f1f", "scryfallIllustrationId": "1580b8b7-d192-4ff7-9efc-7b19bed8d573", "scryfallOracleId": "56719f6a-1a6c-4c0a-8d21-18f7d7350b68"}, "isOnlineOnly": true, "isReprint": true, "isStarter": true, "language": "English", "layout": "normal", "legalities": {"alchemy": "Legal", "brawl": "Legal", "commander": "Legal", "duel": "Legal", "explorer": "Legal", "future": "Legal", "gladiator": "Legal", "historic": "Legal", "historicbrawl": "Legal", "legacy": "Legal", "modern": "Legal", "pauper": "Legal", "paupercommander": "Legal", "penny": "Legal", "pioneer": "Legal", "premodern": "Legal", "standard": "Legal", "vintage": "Legal"}, "manaValue": 0.0, "name": "Swamp", "number": "53", "printings": ["10E", "2ED", "2XM", "3ED", "4BB", "4ED", "5ED", "6ED", "7ED", "8ED", "9ED", "AFR", "AKH", "AKR", "ALA", "ANA", "ANB", "ARC", "ATH", "AVR", "BBD", "BFZ", "BRB", "BTD", "C13", "C14", "C15", "C16", "C17", "C18", "C19", "CED", "CEI", "CHK", "CLB", "CM2", "CMA", "CMD", "CST", "DDC", "DDD", "DDE", "DDH", "DDJ", "DDK", "DDM", "DDN", "DDP", "DDQ", "DDR", "DKM", "DOM", "DPA", "DTK", "DVD", "E01", "ELD", "FBB", "FRF", "G17", "GK1", "GK2", "GN2", "GNT", "GRN", "GVL", "H09", "HOP", "HOU", "ICE", "IKO", "INV", "ISD", "ITP", "J14", "JMP", "KHM", "KLD", "KLR", "KTK", "LEA", "LEB", "LRW", "M10", "M11", "M12", "M13", "M14", "M15", "M19", "M20", "M21", "MBS", "MD1", "ME1", "ME3", "MH2", "MID", "MIR", "MMQ", "MRD", "NEO", "NPH", "ODY", "ONS", "ORI", "P02", "PAL00", "PAL01", "PAL03", "PAL04", "PAL05", "PAL06", "PAL99", "PALP", "PANA", "PARL", "PC2", "PCA", "PD3", "PELP", "PF19", "PF20", "PGPX", "PGRU", "PHUK", "PMPS", "PMPS06", "PMPS07", "PMPS08", "PMPS09", "PMPS10", "PMPS11", "POR", "PPP1", "PRM", "PRW2", "PRWK", "PS11", "PSAL", "PSS2", "PSS3", "PTC", "PTK", "RAV", "RIX", "RNA", "ROE", "RQS", "RTR", "S99", "SHM", "SLD", "SNC", "SOI", "SOM", "STX", "SUM", "TD0", "TD2", "THB", "THS", "TMP", "TPR", "TSP", "UGL", "UND", "UNF", "UNH", "USG", "UST", "VOW", "WAR", "WC01", "WC02", "WC03", "WC97", "WC98", "WC99", "XANA", "XLN", "ZEN", "ZNR"], "purchaseUrls": {}, "rarity": "common", "rulings": [], "setCode": "XANA", "subtypes": ["Swamp"], "supertypes": ["Basic"], "text": "({T}: Add {B}.)", "type": "Basic Land — Swamp", "types": ["Land"], "uuid": "b853bc21-d8bf-526f-9760-ac570682a28b"}, {"artist": "Richard Wright", "availability": ["arena"], "borderColor": "black", "colorIdentity": ["R"], "colors": [], "convertedManaCost": 0.0, "finishes": ["nonfoil"], "foreignData": [], "frameVersion": "2015", "hasFoil": false, "hasNonFoil": true, "identifiers": {"mtgArenaId": "69446", "mtgjsonV4Id": "7695408c-5743-5811-a727-73ae9ea29214", "scryfallId": "c59e20e2-09df-498b-8ed0-027e4ca53fb8", "scryfallIllustrationId": "164a6458-3626-423f-a0b2-5c7659873159", "scryfallOracleId": "a3fb7228-e76b-4e96-a40e-20b5fed75685"}, "isOnlineOnly": true, "isReprint": true, "isStarter": true, "language": "English", "layout": "normal", "legalities": {"alchemy": "Legal", "brawl": "Legal", "commander": "Legal", "duel": "Legal", "explorer": "Legal", "future": "Legal", "gladiator": "Legal", "historic": "Legal", "historicbrawl": "Legal", "legacy": "Legal", "modern": "Legal", "pauper": "Legal", "paupercommander": "Legal", "penny": "Legal", "pioneer": "Legal", "premodern": "Legal", "standard": "Legal", "vintage": "Legal"}, "manaValue": 0.0, "name": "Mountain", "number": "54", "printings": ["10E", "2ED", "2XM", "3ED", "4BB", "4ED", "5ED", "6ED", "7ED", "8ED", "9ED", "AFR", "AKH", "AKR", "ALA", "ANA", "ANB", "ARC", "ARN", "ATH", "AVR", "BBD", "BFZ", "BRB", "BTD", "C13", "C14", "C15", "C16", "C17", "C18", "C19", "CED", "CEI", "CHK", "CLB", "CM2", "CMA", "CMD", "CMR", "CST", "DD1", "DD2", "DDE", "DDG", "DDH", "DDI", "DDJ", "DDK", "DDL", "DDN", "DDP", "DDS", "DDT", "DDU", "DKM", "DOM", "DPA", "DTK", "E01", "ELD", "EVG", "FBB", "FRF", "G17", "GK1", "GK2", "GN2", "GNT", "GRN", "GS1", "H09", "HOP", "HOU", "ICE", "IKO", "INV", "ISD", "ITP", "J14", "JMP", "JVC", "KHM", "KLD", "KLR", "KTK", "LEA", "LEB", "LRW", "M10", "M11", "M12", "M13", "M14", "M15", "M19", "M20", "M21", "MBS", "ME1", "ME3", "MH2", "MID", "MIR", "MMQ", "MRD", "NEO", "NPH", "ODY", "ONS", "ORI", "P02", "PAL00", "PAL01", "PAL03", "PAL04", "PAL05", "PAL06", "PAL99", "PALP", "PANA", "PARL", "PC2", "PCA", "PD2", "PELP", "PF19", "PF20", "PGPX", "PGRU", "PHED", "PLIST", "PMPS", "PMPS06", "PMPS07", "PMPS08", "PMPS09", "PMPS10", "PMPS11", "POR", "PPP1", "PRM", "PRW2", "PRWK", "PS11", "PSAL", "PSS2", "PSS3", "PTC", "PTK", "PZ2", "RAV", "RIX", "RNA", "ROE", "RQS", "RTR", "S99", "SHM", "SLD", "SNC", "SOI", "SOM", "STX", "SUM", "TD0", "THB", "THS", "TMP", "TPR", "TSP", "UGL", "UND", "UNF", "UNH", "USG", "UST", "VOW", "WAR", "WC00", "WC01", "WC02", "WC03", "WC97", "WC98", "WC99", "XANA", "XLN", "ZEN", "ZNR"], "purchaseUrls": {}, "rarity": "common", "rulings": [], "setCode": "XANA", "subtypes": ["Mountain"], "supertypes": ["Basic"], "text": "({T}: Add {R}.)", "type": "Basic Land — Mountain", "types": ["Land"], "uuid": "fc023391-7e02-5492-844a-4141b96566d8"}, {"artist": "Jonas De Ro", "availability": ["arena"], "borderColor": "black", "colorIdentity": ["G"], "colors": [], "convertedManaCost": 0.0, "finishes": ["nonfoil"], "foreignData": [], "frameVersion": "2015", "hasFoil": false, "hasNonFoil": true, "identifiers": {"mtgArenaId": "69447", "mtgjsonV4Id": "370a0426-ac58-5c65-9f8b-70bd54ce4354", "scryfallId": "dc7963df-39e5-4924-a514-5b79e950ef7a", "scryfallIllustrationId": "f57af5fd-1135-4584-bd83-fff6675d639c", "scryfallOracleId": "b34bb2dc-c1af-4d77-b0b3-a0fb342a5fc6"}, "isOnlineOnly": true, "isReprint": true, "isStarter": true, "language": "English", "layout": "normal", "legalities": {"alchemy": "Legal", "brawl": "Legal", "commander": "Legal", "duel": "Legal", "explorer": "Legal", "future": "Legal", "gladiator": "Legal", "historic": "Legal", "historicbrawl": "Legal", "legacy": "Legal", "modern": "Legal", "pauper": "Legal", "paupercommander": "Legal", "penny": "Legal", "pioneer": "Legal", "premodern": "Legal", "standard": "Legal", "vintage": "Legal"}, "manaValue": 0.0, "name": "Forest", "number": "55", "printings": ["10E", "2ED", "2XM", "3ED", "4BB", "4ED", "5ED", "6ED", "7ED", "8ED", "9ED", "AFR", "AKH", "AKR", "ALA", "ANA", "ANB", "ARC", "ATH", "AVR", "BBD", "BFZ", "BRB", "BTD", "C13", "C14", "C15", "C16", "C17", "C18", "C19", "CED", "CEI", "CHK", "CLB", "CM2", "CMA", "CMD", "CMR", "CST", "DD1", "DDD", "DDE", "DDG", "DDH", "DDJ", "DDL", "DDM", "DDO", "DDP", "DDR", "DDS", "DDU", "DKM", "DOM", "DPA", "DTK", "E01", "ELD", "EVG", "FBB", "FRF", "G17", "GK1", "GK2", "GN2", "GNT", "GRN", "GS1", "GVL", "H09", "HOP", "HOU", "ICE", "IKO", "INV", "ISD", "ITP", "J14", "JMP", "KHM", "KLD", "KLR", "KTK", "LEA", "LEB", "LRW", "M10", "M11", "M12", "M13", "M14", "M15", "M19", "M20", "M21", "MBS", "ME1", "ME3", "MH2", "MID", "MIR", "MMQ", "MRD", "NEO", "NPH", "ODY", "ONS", "ORI", "P02", "PAL00", "PAL01", "PAL03", "PAL04", "PAL05", "PAL06", "PAL99", "PALP", "PANA", "PARL", "PC2", "PCA", "PELP", "PF19", "PF20", "PGPX", "PGRU", "PMPS", "PMPS06", "PMPS07", "PMPS08", "PMPS09", "PMPS10", "PMPS11", "POR", "PPP1", "PRM", "PRW2", "PRWK", "PS11", "PSAL", "PSS2", "PSS3", "PTC", "PTK", "PZ2", "RAV", "RIX", "RNA", "ROE", "RQS", "RTR", "S99", "SHM", "SLD", "SNC", "SOI", "SOM", "STX", "SUM", "TD0", "TD2", "THB", "THS", "TMP", "TPR", "TSP", "UGL", "UND", "UNF", "UNH", "USG", "UST", "VOW", "WAR", "WC00", "WC01", "WC02", "WC03", "WC04", "WC97", "WC98", "WC99", "XANA", "XLN", "ZEN", "ZNR"], "purchaseUrls": {}, "rarity": "common", "rulings": [], "setCode": "XANA", "subtypes": ["Forest"], "supertypes": ["Basic"], "text": "({T}: Add {G}.)", "type": "Basic Land — Forest", "types": ["Land"], "uuid": "b5587f95-c0af-551a-8cf1-2bbd1ce7ae55"}], "code": "XANA", "isFoilOnly": false, "isNonFoilOnly": true, "isOnlineOnly": true, "keyruneCode": "MTGA", "name": "Arena New Player Experience Extras", "parentCode": "ANA", "releaseDate": "2018-07-14", "tokens": [], "totalSetSize": 30, "translations": {}, "type": "memorabilia"}}